AXCCXXXCompCheck-4.7
HFDTEDATE:260526
HFFXA010
HFPLTPILOT:Jetsada MACHOM
HPGTYGLIDERTYPE:Ozone Photon
HPGIDGLIDERID:NA
HFDTM100GPSDATUM:WGS-1984
HFRFWFIRMWAREVERSION:
HFRHWHARDWAREVERSION:NA
HFFTYFRTYPE:NA
HFGPS:NA
HFPRSPRESSALTSENSOR:NA
HFTZN:2.0
HFTZOTimezone:2
HFCIDCOMPETITIONID:0116
HFCCLCOMPETITIONCLASS:NA
I063637LAD3839LOD4040TDS4142WSP4345WDI4649GND
E105554PEV
B1055544547756N01140123EA007100085000000161740846
B1055554547753N01140124EA007100084900000161740846
B1055564547750N01140126EA007090084800000211630846
B1055574547748N01140129EA007080084600000211520846
B1055584547745N01140133EA007070084500000231420846
B1055594547742N01140136EA007060084500000231320846
B1056004547739N01140137EA007060084500000221490846
B1056014547735N01140138EA007060084300000221660846
B1056024547731N01140140EA007040084200000301630846
B1056034547726N01140142EA007040084000000301600846
B1056044547722N01140144EA007040084100000281620846
B1056054547718N01140144EA007040084300000281640846
B1056064547715N01140144EA007040084500000201710846
B1056074547712N01140146EA007050084500000201780846
B1056084547710N01140151EA007040084400000291460810
B1056094547709N01140158EA007030084100000291140810
B1056104547708N01140166EA007020084000000351070810
B1056114547707N01140172EA007020084100000351000797
B1056124547706N01140177EA007030084300000201030797
B1056134547705N01140181EA007040084600000201060797
B1056144547705N01140185EA007050084700000201010797
B1056154547704N01140190EA007050084600000200960797
B1056164547704N01140196EA007050084400000270960797
B1056174547703N01140201EA007040084300000270960797
B1056184547701N01140207EA007040084200000271060797
B1056194547699N01140211EA007030084200000271160797
B1056204547697N01140215EA007030084200000201230797
B1056214547695N01140218EA007020084200000201300783
B1056224547693N01140223EA007010084100000251250783
B1056234547691N01140228EA007000083900000251200783
B1056244547688N01140233EA006990083800000291220783
B1056254547685N01140237EA006980083700000291300783
B1056264547681N01140240EA006980083800000271450783
B1056274547677N01140239EA006980083900000271600783
B1056284547673N01140236EA006980084000000321880783
B1056294547669N01140231EA006980083900000322160783
B1056304547665N01140225EA006980083900000382170783
B1056314547660N01140221EA006970083900000382180753
B1056324547655N01140217EA006970083900000342110753
B1056334547651N01140214EA006980084100000342040774
B1056344547647N01140210EA006990084300000322100774
B1056354547643N01140205EA007010084500000322160774
B1056364547640N01140199EA007030084700000352250774
B1056374547638N01140192EA007040084900000352340774
B1056384547639N01140183EA007050084900000452580774
B1056394547644N01140176EA007060084700000452860774
B1056404547652N01140174EA007050084500000523240774
B1056414547658N01140179EA007040084400000520020774
B1056424547661N01140187EA007030084300000410360797
B1056434547662N01140194EA007040084500000410700797
B1056444547664N01140200EA007050084800000260650797
B1056454547666N01140203EA007070085200000260600797
B1056464547669N01140207EA007090085500000240460797
B1056474547672N01140211EA007110085500000240320797
B1056484547674N01140216EA007120085500000300480797
B1056494547675N01140223EA007120085400000300640783
B1056504547675N01140229EA007130085400000310790783
B1056514547674N01140235EA007140085600000310940783
B1056524547673N01140239EA007150085800000191110783
B1056534547670N01140240EA007160085900000191280783
B1056544547666N01140239EA007170085900000271620783
B1056554547662N01140235EA007170085800000271960783
B1056564547658N01140228EA007160085600000471960753
B1056574547657N01140217EA007160085600000502420753
B1056584547657N01140207EA007170085900000432640774
B1056594547658N01140200EA007190086200000432780774
B1057004547659N01140194EA007210086600000262780774
B1057014547660N01140188EA007230086800000262780774
B1057024547663N01140182EA007250086900000372910797
B1057034547667N01140176EA007250086700000373040797
B1057044547674N01140171EA007250086600000473210797
B1057054547680N01140170EA007260086800000473380797
B1057064547686N01140173EA007260086900000380010797
B1057074547690N01140178EA007270087000000380240797
B1057084547693N01140184EA007280087100000330430797
B1057094547694N01140191EA007290087200000330620797
B1057104547693N01140196EA007310087400000270880797
B1057114547690N01140200EA007320087600000271140797
B1057124547685N01140201EA007340087800000281450797
B1057134547681N01140200EA007360088000000281760797
B1057144547678N01140195EA007370088200000322010797
B1057154547676N01140189EA007380088300000322260797
B1057164547675N01140181EA007390088300000392480797
B1057174547676N01140172EA007390088300000412680797
B1057184547680N01140165EA007400088300000422870810
B1057194547684N01140159EA007410088400000423060810
B1057204547690N01140155EA007410088500000423230810
B1057214547696N01140154EA007420088600000423400810
B1057224547702N01140154EA007430088600000393550810
B1057234547707N01140157EA007430088700000390100810
B1057244547712N01140161EA007440088700000350230846
B1057254547715N01140167EA007440088800000350360833
B1057264547718N01140173EA007440088800000330510833
B1057274547719N01140180EA007440088800000330660833
B1057284547719N01140186EA007450089000000280790833
B1057294547718N01140191EA007470089200000280920833
B1057304547716N01140194EA007480089500000181130833
B1057314547714N01140197EA007500089600000181340833
B1057324547713N01140202EA007520089800000261220833
B1057334547711N01140209EA007530089800000261100833
B1057344547710N01140216EA007540089900000341100797
B1057354547707N01140222EA007550090100000321100783
B1057364547705N01140226EA007570090300000271240783
B1057374547701N01140229EA007600090800000271380783
B1057384547699N01140232EA007620091000000181430783
B1057394547696N01140233EA007640091300000181480783
B1057404547694N01140236EA007660091400000201430783
B1057414547691N01140240EA007680091400000201380783
B1057424547688N01140244EA007690091500000281360783
B1057434547686N01140248EA007690091500000281340783
B1057444547684N01140252EA007700091600000211290783
B1057454547682N01140255EA007710091800000211240783
B1057464547679N01140256EA007730092000000171440783
B1057474547676N01140255EA007740092100000171640783
B1057484547672N01140251EA007750092100000341940783
B1057494547670N01140243EA007750092200000412240783
B1057504547669N01140234EA007760092200000472440783
B1057514547670N01140224EA007760092200000472660783
B1057524547672N01140215EA007770092300000442840797
B1057534547675N01140207EA007780092400000402900797
B1057544547678N01140199EA007790092500000412980797
B1057554547682N01140192EA007790092500000413040797
B1057564547687N01140185EA007800092500000463100797
B1057574547692N01140179EA007800092400000463160797
B1057584547698N01140173EA007800092400000473200797
B1057594547704N01140167EA007800092500000473240797
B1058004547710N01140163EA007800092600000403270810
B1058014547715N01140159EA007810092700000403300846
B1058024547721N01140156EA007810092700000413340846
B1058034547727N01140154EA007810092700000413380846
B1058044547733N01140153EA007800092500000453470846
B1058054547740N01140154EA007790092400000453560846
B1058064547745N01140157EA007790092400000360090846
B1058074547750N01140160EA007780092400000360220846
B1058084547753N01140165EA007790092400000320310846
B1058094547757N01140169EA007790092500000320400833
B1058104547761N01140174EA007800092600000340410866
B1058114547764N01140180EA007810092800000340420866
B1058124547768N01140185EA007820092900000310450866
B1058134547770N01140190EA007830093100000310480866
B1058144547772N01140195EA007850093200000210580866
B1058154547772N01140199EA007860093300000210680866
B1058164547772N01140204EA007870093400000210770866
B1058174547772N01140208EA007870093400000210860866
B1058184547771N01140211EA007870093400000171030866
B1058194547769N01140214EA007870093400000171200866
B1058204547766N01140215EA007870093300000231420866
B1058214547762N01140216EA007860093200000231640866
B1058224547758N01140216EA007860093200000251720833
B1058234547754N01140215EA007860093200000251800833
B1058244547750N01140211EA007860093200000341970833
B1058254547746N01140206EA007850093100000342140833
B1058264547742N01140199EA007850093000000392230833
B1058274547739N01140193EA007840093000000392320833
B1058284547737N01140185EA007840093100000372400833
B1058294547734N01140178EA007850093100000372440833
B1058304547732N01140169EA007850093100000432440833
B1058314547729N01140160EA007850093100000442460846
B1058324547728N01140151EA007850093100000452500846
B1058334547727N01140141EA007860093200000452580846
B1058344547729N01140132EA007870093200000472720846
B1058354547733N01140123EA007870093200000492880846
B1058364547738N01140115EA007860093100000503040852
B1058374547744N01140110EA007860093000000503180852
B1058384547751N01140109EA007850092900000453360852
B1058394547758N01140109EA007850092900000453540852
B1058404547764N01140111EA007850093000000390040880
B1058414547769N01140113EA007860093100000390140880
B1058424547775N01140115EA007860093100000410130880
B1058434547781N01140118EA007870093200000410120879
B1058444547786N01140121EA007880093200000390200879
B1058454547791N01140126EA007880093300000390280879
B1058464547796N01140130EA007900093500000360310879
B1058474547800N01140135EA007910093600000360340879
B1058484547804N01140139EA007930093900000320370879
B1058494547807N01140143EA007940094000000320400879
B1058504547810N01140147EA007950094100000220400879
B1058514547812N01140151EA007960094100000210400907
B1058524547812N01140155EA007950093900000230640907
B1058534547811N01140160EA007940093700000230880907
B1058544547808N01140164EA007940093600000231120879
B1058554547806N01140166EA007930093600000231360879
B1058564547803N01140169EA007930093700000171380866
B1058574547802N01140171EA007930093700000171400866
B1058584547801N01140175EA007920093600000191310866
B1058594547798N01140178EA007920093500000191220866
B1059004547795N01140180EA007910093400000241380866
B1059014547792N01140182EA007900093300000241540866
B1059024547788N01140182EA007890093200000221640866
B1059034547785N01140183EA007890093300000221740866
B1059044547782N01140184EA007890093300000241710866
B1059054547778N01140185EA007890093400000241680866
B1059064547773N01140186EA007890093300000291680866
B1059074547769N01140187EA007890093300000291680866
B1059084547765N01140188EA007890093400000261700866
B1059094547761N01140189EA007900093500000261720866
B1059104547757N01140189EA007900093600000281730833
B1059114547752N01140188EA007910093700000281740833
B1059124547748N01140185EA007910093700000341940833
B1059134547744N01140179EA007900093500000342140833
B1059144547742N01140171EA007900093400000422340833
B1059154547742N01140162EA007890093300000442520846
B1059164547744N01140153EA007880093200000452700846
B1059174547748N01140145EA007870093100000472940846
B1059184547754N01140140EA007860092900000483140846
B1059194547761N01140137EA007850092800000483340879
B1059204547767N01140138EA007840092800000403510879
B1059214547773N01140141EA007840092700000400080879
B1059224547776N01140146EA007830092600000320280879
B1059234547778N01140151EA007820092500000320480879
B1059244547779N01140157EA007810092400000260680879
B1059254547778N01140163EA007800092300000260880879
B1059264547777N01140168EA007800092300000250940866
B1059274547777N01140174EA007800092300000251000866
B1059284547777N01140179EA007800092300000250970866
B1059294547776N01140184EA007800092300000250940866
B1059304547776N01140190EA007800092400000240970866
B1059314547775N01140195EA007800092400000241000866
B1059324547774N01140200EA007790092400000241020866
B1059334547773N01140205EA007790092300000241040866
B1059344547771N01140211EA007780092200000311070866
B1059354547769N01140218EA007760092000000311100867
B1059364547767N01140224EA007750091700000311160867
B1059374547764N01140228EA007730091700000311220867
B1059384547762N01140232EA007720091700000201230867
B1059394547760N01140236EA007710091600000201240818
B1059404547759N01140240EA007690091300000241210818
B1059414547757N01140246EA007670091100000241180818
B1059424547756N01140253EA007650090800000351080818
B1059434547755N01140261EA007630090500000350980818
B1059444547754N01140268EA007610090300000360980823
B1059454547754N01140276EA007600090300000360980823
B1059464547754N01140282EA007600090400000300910823
B1059474547755N01140289EA007600090500000300840823
B1059484547756N01140296EA007600090500000330820823
B1059494547756N01140303EA007590090400000330800823
B1059504547756N01140311EA007590090400000330850823
B1059514547756N01140317EA007590090400000330900830
B1059524547755N01140324EA007590090400000290940830
B1059534547754N01140330EA007590090400000290980830
B1059544547754N01140336EA007590090400000310990830
B1059554547753N01140343EA007590090400000311000830
B1059564547753N01140351EA007590090400000350950830
B1059574547753N01140359EA007600090400000350900830
B1059584547754N01140366EA007600090600000340840830
B1059594547755N01140373EA007620090800000340780834
B1100004547756N01140379EA007640091000000300760834
B1100014547757N01140385EA007650091300000300740834
B1100024547757N01140392EA007670091500000290840834
B1100034547756N01140398EA007690091600000290940834
B1100044547754N01140403EA007710091900000261030834
B1100054547753N01140407EA007720092100000261120834
B1100064547751N01140409EA007740092300000131260834
B1100074547749N01140410EA007750092300000131400834
B1100084547745N01140411EA007750092200000271570834
B1100094547740N01140410EA007750092100000271740834
B1100104547735N01140408EA007750092100000381890834
B1100114547730N01140402EA007750092100000382040834
B1100124547727N01140395EA007760092300000382230834
B1100134547726N01140387EA007780092500000392420834
B1100144547727N01140379EA007790092800000392660834
B1100154547730N01140371EA007810093000000422840834
B1100164547735N01140365EA007830093100000433010830
B1100174547741N01140360EA007850093300000433180830
B1100184547747N01140357EA007860093300000463320830
B1100194547754N01140357EA007870093400000463460830
B1100204547760N01140359EA007880093400000430030830
B1100214547766N01140364EA007880093400000430200873
B1100224547770N01140369EA007880093400000380300871
B1100234547774N01140375EA007890093600000380400871
B1100244547777N01140380EA007900093900000310440871
B1100254547780N01140385EA007910094100000310480871
B1100264547782N01140390EA007930094300000270560871
B1100274547783N01140396EA007940094300000270640871
B1100284547782N01140401EA007950094400000240830871
B1100294547781N01140406EA007960094400000241020871
B1100304547778N01140408EA007960094400000211280871
B1100314547775N01140410EA007960094300000211540871
B1100324547771N01140412EA007950094200000271550871
B1100334547767N01140415EA007940094100000271560871
B1100344547763N01140419EA007940094000000341480868
B1100354547759N01140424EA007940094000000341400825
B1100364547755N01140428EA007950094300000301380825
B1100374547752N01140432EA007970094700000301360825
B1100384547749N01140435EA008000095000000221440825
B1100394547746N01140435EA008030095300000221520825
B1100404547743N01140435EA008050095600000221710825
B1100414547740N01140434EA008080095900000221900825
B1100424547737N01140433EA008100096100000201900825
B1100434547734N01140431EA008120096300000201900825
B1100444547730N01140428EA008140096500000302070825
B1100454547728N01140421EA008160096500000302240825
B1100464547727N01140411EA008170096600000462480834
B1100474547729N01140401EA008170096600000482680834
B1100484547732N01140392EA008180096700000482860834
B1100494547737N01140385EA008190096800000483020834
B1100504547742N01140380EA008210097000000443150834
B1100514547749N01140377EA008220097100000443280834
B1100524547755N01140377EA008230097200000403280834
B1100534547760N01140380EA008240097100000390080834
B1100544547765N01140385EA008240097200000400230871
B1100554547770N01140391EA008260097400000400380871
B1100564547775N01140397EA008280097700000400380871
B1100574547779N01140402EA008300098000000400380871
B1100584547783N01140407EA008330098400000330410871
B1100594547785N01140413EA008360098600000330440871
B1101004547787N01140419EA008380098800000310590868
B1101014547787N01140426EA008400099000000310740868
B1101024547786N01140433EA008420099200000330890868
B1101034547784N01140439EA008440099500000331040868
B1101044547782N01140443EA008480099900000251200868
B1101054547778N01140445EA008510100400000251360868
B1101064547775N01140445EA008540100700000241600868
B1101074547771N01140443EA008570100900000241840868
B1101084547768N01140439EA008580101000000332040868
B1101094547764N01140432EA008600101000000332240868
B1101104547762N01140425EA008610101100000392360868
B1101114547761N01140416EA008620101300000422480871
B1101124547761N01140407EA008630101400000422620871
B1101134547764N01140398EA008650101500000442780871
B1101144547768N01140391EA008660101600000462960871
B1101154547774N01140385EA008670101800000463140871
B1101164547779N01140381EA008690101900000413240871
B1101174547785N01140378EA008710102200000413340871
B1101184547790N01140377EA008730102500000343420871
B1101194547795N01140376EA008760102800000343500871
B1101204547800N01140378EA008770103000000380030871
B1101214547806N01140382EA008790103000000380160871
B1101224547810N01140386EA008800103100000360260871
B1101234547814N01140391EA008810103300000360360912
B1101244547818N01140397EA008830103400000360450912
B1101254547820N01140404EA008840103600000360540912
B1101264547821N01140411EA008850103700000300710912
B1101274547819N01140417EA008870103900000300880902
B1101284547816N01140421EA008890104100000291130902
B1101294547813N01140424EA008920104500000291380902
B1101304547811N01140425EA008950105000000121570902
B1101314547809N01140423EA008990105500000121760868
B1101324547807N01140420EA009020105700000222020868
B1101334547805N01140415EA009040105800000222280871
B1101344547802N01140407EA009060105800000412340871
B1101354547802N01140398EA009070105900000452500871
B1101364547804N01140388EA009090106100000462720871
B1101374547808N01140380EA009110106300000462920871
B1101384547814N01140375EA009130106500000443120912
B1101394547820N01140373EA009150106700000443320912
B1101404547827N01140375EA009170106700000443530912
B1101414547833N01140378EA009180106800000440140912
B1101424547837N01140383EA009190107000000370260912
B1101434547841N01140388EA009200107200000370380912
B1101444547844N01140395EA009220107400000360490912
B1101454547846N01140402EA009230107500000360600912
B1101464547849N01140409EA009250107700000330640912
B1101474547850N01140415EA009270108000000330680912
B1101484547851N01140421EA009300108300000260750902
B1101494547851N01140427EA009320108600000260820902
B1101504547850N01140432EA009340108800000260950902
B1101514547847N01140437EA009360108900000261080902
B1101524547844N01140439EA009380109100000291360902
B1101534547839N01140439EA009400109300000291640902
B1101544547835N01140435EA009410109400000321940902
B1101554547832N01140428EA009430109500000322220902
B1101564547831N01140420EA009440109700000402420902
B1101574547831N01140411EA009460109900000422580912
B1101584547833N01140402EA009480110100000442760912
B1101594547838N01140394EA009500110200000472940912
B1102004547843N01140388EA009510110400000483110912
B1102014547850N01140384EA009530110500000483280912
B1102024547857N01140382EA009550110800000463400912
B1102034547863N01140382EA009570111100000463520945
B1102044547870N01140383EA009600111400000420000945
B1102054547876N01140386EA009620111700000420080945
B1102064547881N01140390EA009650112000000400210945
B1102074547885N01140396EA009670112200000400340945
B1102084547886N01140404EA009680112300000350550945
B1102094547886N01140410EA009700112500000350760945
B1102104547885N01140416EA009720112700000250940945
B1102114547883N01140420EA009730112800000251120935
B1102124547881N01140423EA009750113000000171250935
B1102134547879N01140424EA009760113200000171380935
B1102144547876N01140424EA009770113200000221640935
B1102154547872N01140421EA009770113200000221900935
B1102164547869N01140417EA009780113200000352060935
B1102174547865N01140410EA009780113200000352220945
B1102184547863N01140403EA009800113400000372360945
B1102194547862N01140395EA009820113700000372500945
B1102204547861N01140387EA009830113900000392580945
B1102214547860N01140379EA009850114000000402600912
B1102224547861N01140370EA009870114200000422660945
B1102234547863N01140361EA009880114300000442760943
B1102244547866N01140352EA009890114400000462880943
B1102254547870N01140345EA009900114600000463000943
B1102264547876N01140338EA009920114700000493120943
B1102274547883N01140334EA009940114800000493240943
B1102284547890N01140332EA009960115000000483400943
B1102294547897N01140334EA009980115300000483560943
B1102304547902N01140337EA010000115600000370120943
B1102314547906N01140341EA010020115800000370280943
B1102324547910N01140347EA010040116100000330380943
B1102334547912N01140353EA010050116200000330480971
B1102344547912N01140359EA010070116400000300710971
B1102354547910N01140364EA010080116500000300940943
B1102364547908N01140366EA010100116700000221280943
B1102374547904N01140366EA010120117000000221620943
B1102384547902N01140364EA010150117300000211620943
B1102394547899N01140360EA010160117500000242100943
B1102404547896N01140355EA010180117600000322230943
B1102414547894N01140348EA010200117700000322360943
B1102424547893N01140340EA010210117800000402500943
B1102434547894N01140331EA010220118000000402640943
B1102444547895N01140323EA010240118100000382740943
B1102454547897N01140315EA010250118300000402820946
B1102464547900N01140307EA010270118400000442920946
B1102474547906N01140300EA010280118500000443040946
B1102484547912N01140295EA010290118600000493190971
B1102494547919N01140293EA010300118700000493340971
B1102504547925N01140293EA010320118800000413500971
B1102514547931N01140296EA010330119000000410060971
B1102524547935N01140300EA010350119200000360200971
B1102534547939N01140305EA010360119400000360340971
B1102544547941N01140310EA010360119500000290490971
B1102554547942N01140317EA010370119500000290640971
B1102564547943N01140324EA010370119500000320740971
B1102574547943N01140330EA010380119500000320840971
B1102584547943N01140336EA010390119700000260940971
B1102594547941N01140340EA010410119900000261040971
B1103004547938N01140341EA010420120100000201340971
B1103014547935N01140341EA010440120200000201640971
B1103024547931N01140338EA010450120400000291910971
B1103034547928N01140332EA010460120500000292180971
B1103044547927N01140324EA010480120600000412420971
B1103054547928N01140314EA010490120800000432640971
B1103064547929N01140305EA010500121000000432760971
B1103074547931N01140297EA010520121200000402820971
B1103084547933N01140289EA010540121400000402860971
B1103094547937N01140282EA010560121600000402940971
B1103104547942N01140276EA010570121700000453090971
B1103114547948N01140272EA010580121600000453240971
B1103124547955N01140271EA010590121600000443410971
B1103134547961N01140272EA010600121800000443580986
B1103144547966N01140275EA010610121900000370130986
B1103154547971N01140280EA010620122000000370280986
B1103164547974N01140285EA010630122100000340410986
B1103174547976N01140292EA010630122200000340540986
B1103184547976N01140299EA010630122200000320710986
B1103194547975N01140306EA010630122100000320880986
B1103204547974N01140313EA010640122200000341000986
B1103214547972N01140319EA010650122300000341120997
B1103224547971N01140323EA010670122700000191140997
B1103234547969N01140326EA010700123100000191160997
B1103244547967N01140326EA010730123400000121430997
B1103254547965N01140325EA010740123500000121700997
B1103264547962N01140321EA010750123400000291960997
B1103274547959N01140316EA010760123400000292220971
B1103284547956N01140309EA010770123500000342330971
B1103294547955N01140302EA010770123600000342440971
B1103304547955N01140294EA010790123700000372560971
B1103314547956N01140286EA010800123800000392700971
B1103324547959N01140278EA010810124000000422840971
B1103334547963N01140271EA010820124000000423000986
B1103344547968N01140266EA010830124100000423120984
B1103354547973N01140262EA010850124300000423240984
B1103364547980N01140260EA010860124400000423370984
B1103374547986N01140260EA010870124500000423500984
B1103384547992N01140262EA010880124600000400040984
B1103394547997N01140266EA010890124700000400180984
B1103404548001N01140271EA010890124700000340300986
B1103414548004N01140276EA010900124900000340420986
B1103424548006N01140282EA010910125000000320510986
B1103434548008N01140289EA010920125100000320600986
B1103444548009N01140295EA010930125300000330690986
B1103454548010N01140302EA010940125400000330781013
B1103464548009N01140308EA010950125400000290900986
B1103474548007N01140314EA010960125500000291020986
B1103484548005N01140318EA010960125500000261160997
B1103494548002N01140322EA010970125600000261300997
B1103504548000N01140326EA010980125800000231340997
B1103514547997N01140328EA011000126100000231380997
B1103524547994N01140331EA011020126400000201440997
B1103534547991N01140332EA011040126600000201500997
B1103544547988N01140332EA011060126700000231690997
B1103554547984N01140329EA011070126800000231880997
B1103564547980N01140324EA011090126800000372070997
B1103574547977N01140317EA011100127000000372260997
B1103584547976N01140310EA011120127300000322400986
B1103594547975N01140304EA011140127600000322540986
B1104004547977N01140297EA011170127900000332710986
B1104014547979N01140291EA011190128100000332880986
B1104024547984N01140284EA011210128200000453020986
B1104034547990N01140278EA011230128300000453160986
B1104044547996N01140276EA011250128600000453330986
B1104054548002N01140276EA011280128900000453500986
B1104064548008N01140278EA011300129300000360040986
B1104074548012N01140281EA011330129500000360181013
B1104084548016N01140287EA011350129700000340331013
B1104094548019N01140293EA011360129800000340481013
B1104104548020N01140301EA011380129800000370621013
B1104114548021N01140308EA011390130000000370761013
B1104124548019N01140314EA011410130300000260941013
B1104134548017N01140317EA011430130500000261121005
B1104144548014N01140319EA011450130700000191371005
B1104154548011N01140319EA011460130900000191621005
B1104164548007N01140318EA011480131000000281770997
B1104174548003N01140315EA011490131100000281920986
B1104184547999N01140309EA011500131100000392120986
B1104194547996N01140301EA011510131100000412320986
B1104204547996N01140292EA011520131300000402520986
B1104214547997N01140284EA011540131700000392680986
B1104224547999N01140276EA011560132000000382800986
B1104234548002N01140269EA011590132300000402920986
B1104244548006N01140262EA011610132400000433040984
B1104254548012N01140257EA011630132500000433161003
B1104264548018N01140254EA011640132600000463321003
B1104274548025N01140254EA011660132800000463481003
B1104284548031N01140257EA011680133100000390071003
B1104294548034N01140262EA011700133400000390261003
B1104304548036N01140268EA011720133700000290481013
B1104314548037N01140275EA011740133800000290701013
B1104324548037N01140281EA011750133800000310801013
B1104334548037N01140288EA011760133900000310901013
B1104344548036N01140294EA011780134200000280971013
B1104354548034N01140299EA011800134400000281041013
B1104364548031N01140302EA011810134600000251251013
B1104374548027N01140304EA011830134800000251461013
B1104384548023N01140302EA011850135000000291731013
B1104394548019N01140298EA011870135200000292001013
B1104404548016N01140293EA011890135400000352151013
B1104414548013N01140286EA011910135600000352301013
B1104424548011N01140278EA011930135900000392441013
B1104434548011N01140269EA011950136000000422561013
B1104444548012N01140260EA011960136000000442681003
B1104454548014N01140251EA011970136100000452781003
B1104464548017N01140242EA011980136100000462901003
B1104474548022N01140235EA012000136300000463041003
B1104484548028N01140230EA012010136500000443171003
B1104494548034N01140227EA012030136700000443301003
B1104504548040N01140227EA012040136800000413461003
B1104514548046N01140229EA012050136900000410021003
B1104524548051N01140232EA012060136900000380171003
B1104534548055N01140238EA012070137000000380321003
B1104544548058N01140244EA012070137100000340481003
B1104554548059N01140252EA012080137200000340641003
B1104564548060N01140259EA012090137300000330731003
B1104574548060N01140265EA012100137500000330821003
B1104584548061N01140271EA012120137700000270851024
B1104594548060N01140277EA012140137900000270881013
B1105004548058N01140283EA012160138100000301041013
B1105014548055N01140287EA012180138300000301201013
B1105024548051N01140289EA012200138600000301461013
B1105034548046N01140288EA012220138800000301721013
B1105044548042N01140286EA012240139100000291721013
B1105064548035N01140278EA012300139900000282121013
B1105074548032N01140273EA012330140200000282241013
B1105084548030N01140267EA012360140400000352351013
B1105094548028N01140259EA012380140600000392461003
B1105104548028N01140250EA012400140700000402581003
B1105114548030N01140242EA012420140900000402741003
B1105124548033N01140234EA012440141200000392881003
B1105134548036N01140228EA012460141400000392981003
B1105144548041N01140223EA012480141500000393121003
B1105154548047N01140220EA012490141500000393261003
B1105164548053N01140221EA012490141500000423481003
B1105174548059N01140224EA012500141500000420101003
B1105184548065N01140227EA012500141600000400171010
B1105194548070N01140231EA012520141900000400241010
B1105204548073N01140235EA012530142200000280311010
B1105214548076N01140239EA012560142400000280381010
B1105224548078N01140246EA012570142400000320541010
B1105234548078N01140252EA012580142600000320701010
B1105244548077N01140257EA012600142800000230921010
B1105254548075N01140260EA012620143100000231141010
B1105264548073N01140263EA012640143300000181331010
B1105274548070N01140264EA012660143400000181521010
B1105284548065N01140265EA012670143500000301641010
B1105294548060N01140264EA012690143600000301761003
B1105304548056N01140262EA012700143800000301911003
B1105314548053N01140258EA012730144200000302061003
B1105324548050N01140253EA012750144400000292171003
B1105334548047N01140248EA012770144600000292281003
B1105344548045N01140242EA012790144700000292391003
B1105354548045N01140236EA012800144800000292501003
B1105364548045N01140228EA012800144900000372641003
B1105374548046N01140220EA012810144900000372741003
B1105384548049N01140214EA012810144900000352890994
B1105394548053N01140208EA012810144900000353040994
B1105404548058N01140205EA012810144800000403210994
B1105414548064N01140203EA012810144700000403381001
B1105424548070N01140204EA012800144600000423531001
B1105434548077N01140206EA012790144500000420081001
B1105444548083N01140208EA012780144500000450111001
B1105454548090N01140210EA012790144500000450141001
B1105464548096N01140212EA012800144700000400131001
B1105474548101N01140215EA012810144900000400121001
B1105484548106N01140219EA012820145100000340231010
B1105494548109N01140224EA012830145200000340341010
B1105504548112N01140231EA012840145200000370511038
B1105514548113N01140239EA012850145300000370681038
B1105524548114N01140247EA012860145400000350781038
B1105534548114N01140254EA012880145800000300841038
B1105544548115N01140259EA012900146100000250871038
B1105554548114N01140264EA012920146300000250901038
B1105564548112N01140269EA012940146400000251101045
B1105574548108N01140272EA012950146500000251301024
B1105584548104N01140274EA012960146500000311451024
B1105594548099N01140276EA012980146800000311601024
B1106004548095N01140277EA013000147100000271651024
B1106014548091N01140277EA013020147400000271701024
B1106024548087N01140277EA013040147600000241781024
B1106034548084N01140275EA013060147700000241861024
B1106044548080N01140271EA013070147800000322031024
B1106054548076N01140267EA013090147800000322201024
B1106064548073N01140262EA013100148000000272191010
B1106074548070N01140259EA013110148200000272181010
B1106084548069N01140255EA013130148400000222341010
B1106094548069N01140249EA013130148400000222501010
B1106104548071N01140242EA013140148200000372741010
B1106114548074N01140236EA013130148100000372981010
B1106124548079N01140230EA013130148000000383101010
B1106134548084N01140226EA013130148100000383221010
B1106144548090N01140223EA013130148100000393321010
B1106154548095N01140221EA013130148100000393421010
B1106164548101N01140219EA013140148100000383461010
B1106174548107N01140219EA013140148200000383501010
B1106184548112N01140219EA013140148200000373561038
B1106194548118N01140220EA013140148200000370021038
B1106204548124N01140221EA013150148300000410051038
B1106214548131N01140222EA013150148200000410081038
B1106224548137N01140225EA013150148300000420121038
B1106234548143N01140227EA013160148400000420161038
B1106244548148N01140230EA013180148700000330171038
B1106254548152N01140232EA013190149000000330181038
B1106264548157N01140235EA013210149100000330211038
B1106274548161N01140239EA013230149200000330241043
B1106284548166N01140245EA013240149300000390331043
B1106294548170N01140250EA013260149500000390421043
B1106304548174N01140254EA013280149800000300371043
B1106314548177N01140257EA013300150300000300321043
B1106324548180N01140260EA013340150700000210371043
B1106334548182N01140265EA013360150800000210421043
B1106344548182N01140271EA013380150800000310641039
B1106354548181N01140277EA013390150900000310861039
B1106364548177N01140282EA013410151000000341141039
B1106374548173N01140285EA013430151300000341421039
B1106384548169N01140285EA013460151700000221621039
B1106394548167N01140284EA013500152200000221821039
B1106404548164N01140282EA013530152700000181981039
B1106414548162N01140279EA013570152900000182141039
B1106424548160N01140274EA013590153000000282311039
B1106434548159N01140267EA013610153200000282481045
B1106444548159N01140259EA013630153300000382601038
B1106454548160N01140250EA013650153500000382681043
B1106464548161N01140243EA013670153700000342781043
B1106474548163N01140237EA013690154100000342881043
B1106484548167N01140231EA013720154300000373021043
B1106494548172N01140226EA013730154300000373161043
B1106504548179N01140223EA013740154300000483291043
B1106514548186N01140221EA013750154300000483421043
B1106524548193N01140221EA013770154500000433521043
B1106534548199N01140223EA013790154800000430021043
B1106544548203N01140226EA013810155000000340141043
B1106554548207N01140231EA013820155100000340301043
B1106564548211N01140237EA013840155200000380391034
B1106574548215N01140243EA013850155400000380481034
B1106584548218N01140249EA013860155500000340521034
B1106594548220N01140256EA013880155800000340561034
B1107004548221N01140263EA013900156000000330681034
B1107014548221N01140270EA013910156100000330801036
B1107024548220N01140277EA013920156200000330931036
B1107034548218N01140283EA013940156300000331061036
B1107044548215N01140287EA013960156600000271241036
B1107054548211N01140289EA013980156800000271421036
B1107064548207N01140289EA014010157200000241651039
B1107074548204N01140287EA014040157600000241881039
B1107084548201N01140283EA014070157900000262061039
B1107094548199N01140278EA014100158200000262241039
B1107104548198N01140271EA014120158400000312421039
B1107114548199N01140264EA014140158600000312601043
B1107124548200N01140257EA014160158800000392751043
B1107134548204N01140249EA014170158900000442901043
B1107144548208N01140241EA014190159000000463021043
B1107154548213N01140234EA014210159300000463121034
B1107164548218N01140229EA014240159600000393191034
B1107174548223N01140226EA014260159900000393261034
B1107184548229N01140224EA014290160100000393381034
B1107194548235N01140225EA014310160300000393501034
B1107204548241N01140228EA014320160300000410081034
B1107214548246N01140232EA014330160300000410221034
B1107224548250N01140238EA014330160400000390331034
B1107234548254N01140244EA014350160500000390441034
B1107244548259N01140249EA014360160600000400371034
B1107254548265N01140253EA014370160700000400301014
B1107264548270N01140257EA014380160800000410281014
B1107274548276N01140262EA014390161000000410261014
B1107284548280N01140268EA014390161000000400351024
B1107294548284N01140274EA014400161100000400441024
B1107304548288N01140282EA014400161100000420471024
B1107314548292N01140289EA014410161100000420501024
B1107324548296N01140297EA014410161200000460531024
B1107334548300N01140306EA014420161200000480561024
B1107344548303N01140315EA014430161300000500601024
B1107354548306N01140325EA014440161500000480621017
B1107364548309N01140333EA014460161700000430621017
B1107374548312N01140341EA014480162100000430621002
B1107384548314N01140348EA014510162400000330661002
B1107394548314N01140355EA014520162500000330701002
B1107404548313N01140361EA014520162300000320931002
B1107414548309N01140366EA014520162000000321161017
B1107424548305N01140367EA014500161800000291441023
B1107434548301N01140366EA014490161600000291721017
B1107444548298N01140364EA014480161600000231891017
B1107454548294N01140362EA014480161700000232061017
B1107464548289N01140361EA014490161700000331961017
B1107474548285N01140360EA014500161900000331861017
B1107484548281N01140357EA014510162200000282001017
B1107494548278N01140352EA014530162300000282141017
B1107504548277N01140346EA014540162500000282371017
B1107514548278N01140340EA014550162500000282601017
B1107524548278N01140333EA014550162500000342681017
B1107534548278N01140325EA014560162500000342761017
B1107544548276N01140319EA014560162600000342581017
B1107554548272N01140313EA014570162600000342401024
B1107564548268N01140308EA014570162700000342271024
B1107574548264N01140304EA014580162800000342141024
B1107584548261N01140300EA014600163000000282201024
B1107594548259N01140295EA014620163300000282261036
B1108004548258N01140289EA014640163500000282421036
B1108014548257N01140282EA014660163700000282581036
B1108024548257N01140275EA014670163800000352621036
B1108034548257N01140267EA014680163900000392661036
B1108044548257N01140258EA014700164000000422681034
B1108054548257N01140249EA014710164000000392681034
B1108064548258N01140242EA014720164300000312781034
B1108074548260N01140237EA014750164700000312881014
B1108084548264N01140233EA014770165000000283051014
B1108094548268N01140230EA014790165100000283221014
B1108104548273N01140229EA014790165000000393391014
B1108114548280N01140230EA014790164900000393561014
B1108124548286N01140232EA014790164800000450061014
B1108134548292N01140235EA014800164900000450161014
B1108144548297N01140238EA014800165200000350211014
B1108154548301N01140243EA014820165300000350261014
B1108164548305N01140249EA014830165500000380401014
B1108174548308N01140257EA014830165500000380541014
B1108184548310N01140265EA014840165600000410541002
B1108194548311N01140273EA014860165800000370700999
B1108204548312N01140280EA014870166100000340800999
B1108214548311N01140287EA014890166300000340900999
B1108224548309N01140294EA014900166400000321041024
B1108234548306N01140299EA014910166400000321181024
B1108244548301N01140301EA014920166500000301391024
B1108254548297N01140302EA014930166500000301601024
B1108264548293N01140301EA014930166600000311781024
B1108274548288N01140297EA014940166700000311961024
B1108284548285N01140293EA014950166800000292131024
B1108294548284N01140287EA014970167000000292301024
B1108304548283N01140282EA014980167200000272491024
B1108314548284N01140276EA014980167200000272681024
B1108324548286N01140269EA014980167100000362821024
B1108334548289N01140262EA014980167100000362961014
B1108344548292N01140255EA014980167100000362971014
B1108354548295N01140248EA014990167300000362981014
B1108364548298N01140243EA015000167400000343071014
B1108374548303N01140239EA015010167500000343161014
B1108384548308N01140235EA015020167500000373261014
B1108394548313N01140233EA015020167500000373361002
B1108404548319N01140231EA015020167500000413451002
B1108414548325N01140232EA015020167500000413541002
B1108424548331N01140235EA015030167600000410071002
B1108434548337N01140239EA015030167600000410201002
B1108444548341N01140244EA015030167700000400291002
B1108454548346N01140250EA015040167600000400381002
B1108464548350N01140257EA015030167600000430431002
B1108474548354N01140264EA015030167600000430481002
B1108484548358N01140271EA015030167600000400490999
B1108494548361N01140278EA015030167600000400500984
B1108504548364N01140285EA015030167700000380600984
B1108514548365N01140294EA015030167600000400700984
B1108524548365N01140303EA015030167600000420800984
B1108534548366N01140312EA015030167600000430840984
B1108544548368N01140321EA015030167600000420800987
B1108554548369N01140329EA015040167700000420760987
B1108564548370N01140338EA015040167900000400760987
B1108574548370N01140347EA015050167900000410820987
B1108584548371N01140356EA015050167900000420840987
B1108594548372N01140365EA015050167900000450840987
B1109004548373N01140375EA015050167900000470821001
B1109014548374N01140385EA015050167800000480781001
B1109024548375N01140396EA015050167800000470781001
B1109034548376N01140406EA015050167800000460821001
B1109044548378N01140415EA015050167700000430801001
B1109054548380N01140424EA015040167700000420741013
B1109064548381N01140432EA015030167600000410751013
B1109074548382N01140441EA015020167400000430761013
B1109084548382N01140451EA015000167100000450841013
B1109094548382N01140461EA014970166700000470881013
B1109104548383N01140471EA014940166400000470881026
B1109114548384N01140481EA014910166100000460841026
B1109124548384N01140491EA014890165900000440821026
B1109134548385N01140500EA014860165600000440821026
B1109144548385N01140510EA014840165300000460861026
B1109154548385N01140520EA014810165000000480881031
B1109164548385N01140531EA014790164700000490881031
B1109174548385N01140542EA014760164400000540881031
B1109184548386N01140555EA014730164000000580881031
B1109194548387N01140567EA014700163600000600861024
B1109204548388N01140580EA014670163400000590821024
B1109214548389N01140592EA014650163200000550801024
B1109224548390N01140604EA014640163200000530821024
B1109234548390N01140615EA014630163100000510861024
B1109244548390N01140626EA014620163000000520881006
B1109254548390N01140637EA014610162900000520901006
B1109264548390N01140649EA014600162800000530881006
B1109274548391N01140660EA014600162800000520861006
B1109284548391N01140671EA014590162800000490860996
B1109294548391N01140681EA014590162900000480880996
B1109304548391N01140692EA014590162900000490880996
B1109314548391N01140702EA014590162900000500880996
B1109324548392N01140714EA014590162800000520860996
B1109334548392N01140725EA014580162700000540860983
B1109344548392N01140737EA014580162600000530880983
B1109354548392N01140748EA014580162600000520880983
B1109364548393N01140759EA014580162700000510880983
B1109374548393N01140770EA014580162700000500860976
B1109384548394N01140780EA014590162800000480840976
B1109394548394N01140790EA014600163000000460840976
B1109404548394N01140800EA014600163000000460860976
B1109414548394N01140811EA014590162800000470860976
B1109424548394N01140821EA014590162700000500880961
B1109434548394N01140833EA014580162500000540900961
B1109444548393N01140844EA014570162400000540940961
B1109454548392N01140856EA014560162300000520960961
B1109464548391N01140866EA014550162200000500960947
B1109474548391N01140877EA014540162100000480940947
B1109484548391N01140887EA014530162000000480900947
B1109494548391N01140898EA014520161900000480900947
B1109504548391N01140908EA014500161600000500900947
B1109514548390N01140919EA014480161400000520920933
B1109524548391N01140931EA014450161100000530900933
B1109534548391N01140942EA014430160800000530880933
B1109544548391N01140954EA014410160500000520880933
B1109554548391N01140965EA014380160300000520880933
B1109564548390N01140976EA014360160100000510900925
B1109574548390N01140987EA014340159900000510920925
B1109584548390N01140998EA014330159700000510920925
B1109594548390N01141009EA014310159600000500900925
B1110004548389N01141020EA014290159400000500900920
B1110014548389N01141031EA014280159200000500920920
B1110024548389N01141041EA014260159000000500920920
B1110034548388N01141052EA014240158800000510920920
B1110044548388N01141063EA014220158600000510920920
B1110054548387N01141074EA014200158400000510940906
B1110064548386N01141085EA014180158200000500940906
B1110074548386N01141096EA014160158000000490940906
B1110084548386N01141106EA014150157900000480920906
B1110094548386N01141117EA014130157700000490880878
B1110104548387N01141128EA014110157500000500860878
B1110114548387N01141139EA014090157300000500860878
B1110124548387N01141149EA014070157100000500880878
B1110134548387N01141160EA014050156800000500880878
B1110144548388N01141171EA014030156700000500860859
B1110154548389N01141182EA014020156500000490820859
B1110164548390N01141192EA014000156400000480800859
B1110174548392N01141202EA013990156300000470800859
B1110184548393N01141212EA013970156200000460800859
B1110194548394N01141222EA013960156000000460800836
B1110204548394N01141233EA013940155800000480840836
B1110214548394N01141243EA013930155600000490860836
B1110224548395N01141254EA013910155400000490860836
B1110234548395N01141264EA013890155200000490860836
B1110244548396N01141275EA013870155100000460860845
B1110254548396N01141284EA013860154900000440860845
B1110264548396N01141293EA013840154800000420860845
B1110274548395N01141303EA013820154600000440900845
B1110284548394N01141313EA013800154300000480940845
B1110294548393N01141323EA013770154000000500980845
B1110304548392N01141334EA013740153600000521000845
B1110314548390N01141345EA013720153400000521020845
B1110324548387N01141356EA013700153200000511060845
B1110334548385N01141366EA013690153000000491080844
B1110344548383N01141376EA013670152800000481080844
B1110354548382N01141386EA013650152700000481020844
B1110364548381N01141397EA013630152400000490960844
B1110374548381N01141407EA013610152200000490920844
B1110384548381N01141418EA013590152000000490900861
B1110394548381N01141428EA013570151900000460900861
B1110404548380N01141437EA013560151700000420940861
B1110414548379N01141446EA013550151700000390960861
B1110424548379N01141454EA013540151700000350950861
B1110434548379N01141461EA013540151800000350940861
B1110444548378N01141467EA013540151900000320920885
B1110454548379N01141475EA013540151800000320900885
B1110464548379N01141484EA013540151700000420880885
B1110474548381N01141493EA013540151700000460800885
B1110484548384N01141502EA013540151800000430720885
B1110494548386N01141510EA013550152000000430660885
B1110504548387N01141516EA013570152300000310710888
B1110514548388N01141522EA013590152600000310760888
B1110524548388N01141527EA013600152700000220840888
B1110534548387N01141533EA013610152700000220920888
B1110544548387N01141540EA013610152500000350900888
B1110554548388N01141548EA013600152300000350880888
B1110564548388N01141558EA013590152100000440860888
B1110574548389N01141567EA013580152100000400840854
B1110584548389N01141575EA013580152200000370840854
B1110594548390N01141583EA013580152200000370840854
B1111004548391N01141592EA013570152000000410840854
B1111014548392N01141601EA013560151800000450820854
B1111024548394N01141611EA013540151500000500760854
B1111034548398N01141621EA013520151200000530680797
B1111044548402N01141630EA013510151100000510600797
B1111054548408N01141637EA013500151100000510500797
B1111064548414N01141643EA013500151200000470410802
B1111074548420N01141649EA013500151300000470320802
B1111084548426N01141655EA013500151300000500340802
B1111094548432N01141662EA013500151300000500360802
B1111104548438N01141669EA013510151300000540370754
B1111114548445N01141675EA013510151500000540380754
B1111124548451N01141680EA013520151700000420310754
B1111134548456N01141683EA013540152000000420240754
B1111144548462N01141685EA013560152300000370180757
B1111154548467N01141686EA013580152600000370120757
B1111164548473N01141687EA013600152700000400080757
B1111174548479N01141688EA013620152900000400040757
B1111184548486N01141688EA013650153200000410030757
B1111194548492N01141688EA013670153600000410020757
B1111204548497N01141687EA013700153900000333550757
B1111214548501N01141685EA013720154100000333480757
B1111224548506N01141680EA013740154300000363330757
B1111234548509N01141674EA013760154300000363180757
B1111254548512N01141660EA013770154400000342900820
B1111264548511N01141653EA013780154500000352740820
B1111274548509N01141645EA013790154500000352580806
B1111284548506N01141639EA013800154700000352460806
B1111294548503N01141633EA013820155000000352340806
B1111304548500N01141628EA013840155300000312300806
B1111314548497N01141623EA013860155600000312260806
B1111324548493N01141618EA013890155800000322240806
B1111334548489N01141615EA013910156100000322220853
B1111344548485N01141613EA013930156300000302060853
B1111354548480N01141612EA013950156400000301900853
B1111364548475N01141614EA013960156500000331790853
B1111374548471N01141615EA013980156600000331680853
B1111384548466N01141618EA013990156700000321610806
B1111394548462N01141622EA014000156900000321540806
B1111404548459N01141627EA014010157000000311370802
B1111414548458N01141634EA014020157000000311200802
B1111424548458N01141642EA014020157000000361010802
B1111434548460N01141649EA014030157000000360820806
B1111444548464N01141655EA014030157000000370600806
B1111454548469N01141658EA014040157100000370380806
B1111464548474N01141658EA014040157100000350180806
B1111474548479N01141657EA014050157200000353580806
B1111484548484N01141655EA014050157300000323500806
B1111494548489N01141652EA014060157400000323420806
B1111504548493N01141649EA014070157500000333330806
B1111514548497N01141644EA014080157500000333240806
B1111524548501N01141638EA014080157600000373170806
B1111534548504N01141631EA014090157700000373100806
B1111544548506N01141624EA014100157900000342990806
B1111554548507N01141617EA014110158000000342880806
B1111564548506N01141609EA014130158200000362720853
B1111574548504N01141602EA014140158300000362580853
B1111584548502N01141595EA014160158500000352500853
B1111594548499N01141589EA014180158800000352420853
B1112004548497N01141585EA014210159100000242370853
B1112014548495N01141582EA014230159400000242320853
B1112024548491N01141580EA014240159500000242140853
B1112034548488N01141580EA014250159400000241960853
B1112044548484N01141583EA014250159300000311710853
B1112054548481N01141588EA014240159100000311460853
B1112064548479N01141595EA014230159000000361220853
B1112074548479N01141603EA014220158900000360980853
B1112084548480N01141611EA014210158800000380880853
B1112094548481N01141619EA014210158800000380780806
B1112104548482N01141626EA014210158900000330810806
B1112114548482N01141633EA014210158900000330840806
B1112124548484N01141640EA014210158900000330770806
B1112134548486N01141647EA014210158800000330700806
B1112144548488N01141654EA014200158700000370680806
B1112154548490N01141662EA014200158600000370660806
B1112164548492N01141671EA014190158400000440680757
B1112174548495N01141680EA014180158200000480680757
B1112184548498N01141690EA014160158000000510660757
B1112194548501N01141701EA014140157800000520680757
B1112204548504N01141711EA014120157600000530680757
B1112214548507N01141722EA014100157400000540680705
B1112224548510N01141733EA014090157300000550680695
B1112234548513N01141744EA014080157200000560660695
B1112244548516N01141755EA014070157200000550660695
B1112254548519N01141766EA014060157100000540660641
B1112264548522N01141776EA014060157000000520660641
B1112274548525N01141787EA014050157000000520660641
B1112284548528N01141797EA014040156800000500680641
B1112294548531N01141807EA014020156500000500700641
B1112304548534N01141817EA014000156300000490660587
B1112314548536N01141827EA013970156000000490660587
B1112324548539N01141837EA013950155700000520660587
B1112334548542N01141848EA013920155400000540680587
B1112344548545N01141859EA013900155200000520700587
B1112354548548N01141869EA013880155100000490680548
B1112364548550N01141878EA013870155000000480660548
B1112374548553N01141888EA013850154800000470680548
B1112384548555N01141898EA013830154700000480700548
B1112394548557N01141908EA013810154400000490700548
B1112404548560N01141918EA013790154100000500700569
B1112414548562N01141928EA013770153900000500700569
B1112424548565N01141938EA013740153600000490680569
B1112434548568N01141947EA013720153400000480680569
B1112444548570N01141957EA013690153100000480680569
B1112454548572N01141967EA013670152800000500700546
B1112464548575N01141978EA013640152400000540700546
B1112474548576N01141990EA013610152100000540740546
B1112484548577N01142001EA013580151900000520800546
B1112494548578N01142012EA013560151700000510820546
B1112504548580N01142023EA013530151500000510820531
B1112514548582N01142034EA013510151300000540780531
B1112524548584N01142045EA013490151000000550720531
B1112534548587N01142056EA013470150800000550700531
B1112544548590N01142067EA013460150800000530680506
B1112554548594N01142077EA013450150800000510660506
B1112564548597N01142086EA013440150600000500620506
B1112574548601N01142096EA013430150500000510560506
B1112584548605N01142105EA013410150200000530560506
B1112594548609N01142116EA013390149900000540600490
B1113004548611N01142127EA013360149600000550680553
B1113014548613N01142139EA013340149400000540720553
B1113024548614N01142150EA013320149200000520780553
B1113034548615N01142161EA013300149000000520820553
B1113044548616N01142172EA013290148900000500840525
B1113054548618N01142183EA013280148900000490800525
B1113064548619N01142193EA013270148800000490760525
B1113074548621N01142203EA013250148600000500760525
B1113084548622N01142214EA013230148300000530780525
B1113094548624N01142226EA013200147900000550780489
B1113104548625N01142237EA013180147700000540780489
B1113114548627N01142249EA013160147400000520780489
B1113124548628N01142259EA013140147300000500780489
B1113134548630N01142270EA013120147200000470800438
B1113144548631N01142280EA013110147000000470780438
B1113154548633N01142290EA013090146800000490740438
B1113164548635N01142300EA013060146500000510740438
B1113174548637N01142311EA013040146200000530720438
B1113184548639N01142322EA013010145900000530740390
B1113194548641N01142333EA012990145700000510760390
B1113204548642N01142344EA012970145600000490780390
B1113214548643N01142354EA012960145500000470800390
B1113224548645N01142364EA012950145400000460780390
B1113234548646N01142374EA012930145300000470780334
B1113244548648N01142384EA012920145100000490760334
B1113254548649N01142395EA012900144800000500780334
B1113264548650N01142406EA012880144600000500800334
B1113274548651N01142416EA012860144400000490820284
B1113284548652N01142427EA012840144300000490800284
B1113294548654N01142437EA012830144100000490780284
B1113304548656N01142447EA012810143900000490760284
B1113314548657N01142458EA012790143700000490740284
B1113324548659N01142468EA012770143500000490760246
B1113334548660N01142479EA012760143400000490800266
B1113344548661N01142489EA012740143200000470800266
B1113354548663N01142498EA012730143200000450760266
B1113364548665N01142507EA012720143000000440740266
B1113374548667N01142516EA012710142900000430720249
B1113384548670N01142525EA012690142800000430680249
B1113394548672N01142533EA012690142700000430660249
B1113404548674N01142542EA012690142800000400680249
B1113414548676N01142549EA012690142900000400700249
B1113424548678N01142556EA012690143000000330700249
B1113434548679N01142563EA012690142900000330700249
B1113444548681N01142570EA012680142800000350710215
B1113454548682N01142578EA012670142700000350720215
B1113464548684N01142587EA012660142500000420720215
B1113474548686N01142596EA012650142300000430740215
B1113484548688N01142605EA012630142200000430740215
B1113494548689N01142613EA012620142100000430720215
B1113504548691N01142621EA012610142000000390720178
B1113514548693N01142630EA012600141800000390720178
B1113524548694N01142638EA012580141700000410750178
B1113534548695N01142648EA012570141500000450780178
B1113544548697N01142657EA012560141300000470780178
B1113554548699N01142667EA012550141200000470740151
B1113564548701N01142676EA012540141200000450720151
B1113574548704N01142685EA012530141200000420700151
B1113584548706N01142694EA012530141200000410680151
B1113594548708N01142702EA012520141100000410680151
B1114004548710N01142711EA012510141000000430700172
B1114014548712N01142720EA012500140800000450700151
B1114024548715N01142729EA012480140500000460680151
B1114034548717N01142739EA012470140300000460660151
B1114044548720N01142748EA012450140200000450660151
B1114054548723N01142756EA012440140100000450660151
B1114064548725N01142765EA012420140000000410680139
B1114074548727N01142773EA012410139900000410700139
B1114084548729N01142781EA012400139700000410710139
B1114094548730N01142790EA012370139400000410720139
B1114104548731N01142799EA012360139200000410760139
B1114114548732N01142808EA012330139000000430800139
B1114124548733N01142817EA012310138800000430800133
B1114134548734N01142826EA012300138600000440800133
B1114144548735N01142836EA012280138400000440800133
B1114154548736N01142845EA012260138300000430800133
B1114164548737N01142854EA012250138100000440820133
B1114174548738N01142864EA012230137900000460820133
B1114184548739N01142874EA012210137600000480800129
B1114194548740N01142885EA012190137400000500800129
B1114204548742N01142895EA012170137100000500800129
B1114214548743N01142906EA012150136900000500800129
B1114224548744N01142917EA012130136700000500780129
B1114234548746N01142927EA012110136600000500780129
B1114244548747N01142938EA012100136400000490780129
B1114254548749N01142948EA012080136200000470780129
B1114264548749N01142958EA012070136100000470800129
B1114274548750N01142968EA012050136000000440840126
B1114284548751N01142977EA012040135900000430840126
B1114294548752N01142987EA012020135600000440820126
B1114304548752N01142996EA012000135300000460820126
B1114314548753N01143006EA011970135000000470820126
B1114324548754N01143017EA011950134800000480820125
B1114344548754N01143036EA011900134300000450900125
B1114354548754N01143046EA011890134200000430880125
B1114364548755N01143055EA011870134100000430860125
B1114374548756N01143065EA011850133800000460820121
B1114384548757N01143075EA011820133400000500800121
B1114394548758N01143086EA011790132900000510800121
B1114404548760N01143097EA011760132600000500800124
B1114414548761N01143107EA011720132300000490800124
B1114424548763N01143118EA011700132100000490780129
B1114434548764N01143128EA011670131800000490760129
B1114444548766N01143139EA011640131500000490760129
B1114454548767N01143149EA011620131200000480780129
B1114464548769N01143159EA011590130900000480760129
B1114474548771N01143169EA011570130700000480740132
B1114484548773N01143179EA011550130500000480740132
B1114494548774N01143189EA011530130300000480760132
B1114504548775N01143199EA011510130100000460780132
B1114514548777N01143209EA011490130000000440780132
B1114524548778N01143218EA011480129900000430780133
B1114534548780N01143227EA011460129800000440760133
B1114544548782N01143236EA011450129600000450740133
B1114554548784N01143246EA011430129400000460740133
B1114564548786N01143255EA011410129200000460740133
B1114574548787N01143265EA011400129000000440740132
B1114584548789N01143274EA011380128800000420740132
B1114594548791N01143283EA011360128700000420740132
B1115004548793N01143292EA011340128500000430740132
B1115014548794N01143301EA011330128300000450740132
B1115024548796N01143311EA011300128000000460740132
B1115034548798N01143320EA011280127700000470740141
B1115044548800N01143330EA011260127500000480740141
B1115054548802N01143341EA011230127200000500720141
B1115064548804N01143351EA011210126900000500740141
B1115074548806N01143361EA011190126700000480760141
B1115084548807N01143371EA011160126600000470760162
B1115094548809N01143381EA011150126400000460760162
B1115104548810N01143391EA011130126200000450760160
B1115114548812N01143400EA011100125900000450760160
B1115124548813N01143410EA011080125700000460780160
B1115134548815N01143420EA011050125400000470780198
B1115144548816N01143431EA011030125100000490780198
B1115154548817N01143441EA011000124800000500780198
B1115164548818N01143452EA010980124500000490800198
B1115174548818N01143462EA010950124300000470840198
B1115184548818N01143472EA010930124100000470860254
B1115194548819N01143483EA010900123900000490860254
B1115204548820N01143493EA010880123600000520840254
B1115214548821N01143505EA010850123300000530820254
B1115224548822N01143516EA010830123000000520820308
B1115234548823N01143527EA010810122800000520820308
B1115244548824N01143538EA010790122600000500820308
B1115254548824N01143548EA010760122300000470820308
B1115264548825N01143558EA010730122000000450820308
B1115274548825N01143568EA010710121700000440860354
B1115284548825N01143577EA010680121500000440880354
B1115294548825N01143587EA010660121200000440920354
B1115304548825N01143596EA010630120900000440920354
B1115314548825N01143606EA010600120600000450900354
B1115324548825N01143616EA010570120200000470880397
B1115334548825N01143626EA010530119800000480860397
B1115344548825N01143636EA010500119400000460880397
B1115354548825N01143645EA010470119200000410920397
B1115364548824N01143654EA010440118900000380940397
B1115374548823N01143662EA010410118600000380960397
B1115384548823N01143671EA010380118200000410960439
B1115394548822N01143680EA010340117900000430940439
B1115404548821N01143690EA010310117400000450940439
B1115414548821N01143700EA010270117000000470960439
B1115424548820N01143710EA010230116600000480960439
B1115434548819N01143720EA010200116200000480940479
B1115444548819N01143730EA010160115900000470920479
B1115454548819N01143740EA010140115700000460900479
B1115464548819N01143750EA010110115500000450920479
B1115474548819N01143760EA010090115200000450900479
B1115484548820N01143770EA010060115000000460840517
B1115494548822N01143780EA010040114700000470780517
B1115504548824N01143789EA010010114400000460720517
B1115514548827N01143798EA009990114200000450700517
B1115524548830N01143807EA009970114000000450660517
B1115534548832N01143816EA009940113700000450660556
B1115544548835N01143825EA009910113400000460640556
B1115554548837N01143835EA009880113100000470680556
B1115564548839N01143845EA009850112700000480700556
B1115574548841N01143855EA009820112300000480720556
B1115584548843N01143865EA009790112000000490760591
B1115594548844N01143876EA009750111700000480760591
B1116004548846N01143886EA009720111400000480780591
B1116014548847N01143896EA009700111100000470780591
B1116024548849N01143906EA009670110800000460780591
B1116034548850N01143915EA009640110600000460760630
B1116044548853N01143925EA009610110300000470720630
B1116054548855N01143935EA009580110000000480720630
B1116064548856N01143945EA009560109700000490720630
B1116074548858N01143955EA009530109400000490740630
B1116124548865N01144007EA009390108000000490780590
B1116134548867N01144017EA009380107900000460760593
B1116144548870N01144025EA009370108000000400720593
B1116154548871N01144032EA009370108100000400680593
B1116164548873N01144039EA009370108200000310690593
B1116174548874N01144045EA009370108200000310700593
B1116184548876N01144052EA009360108100000330720593
B1116194548877N01144060EA009350107900000330740593
B1116204548879N01144068EA009340107700000390740605
B1116214548880N01144075EA009330107600000390740605
B1116224548882N01144083EA009330107600000340740605
B1116234548883N01144089EA009330107700000340740605
B1116244548884N01144095EA009330107800000280740605
B1116254548885N01144101EA009330107900000280740605
B1116264548886N01144107EA009330107800000270780605
B1116274548886N01144113EA009330107800000270820605
B1116284548886N01144118EA009330107800000260850626
B1116294548886N01144124EA009330107900000260880626
B1116304548886N01144129EA009330107900000220880626
B1116314548886N01144134EA009330107900000220880626
B1116324548886N01144139EA009330107900000260910626
B1116334548885N01144145EA009330107900000260940626
B1116344548885N01144151EA009330107900000280940626
B1116354548885N01144157EA009330107900000280940626
B1116364548884N01144164EA009330108000000320950668
B1116374548883N01144171EA009340108000000320960668
B1116384548882N01144178EA009350108200000320980668
B1116394548882N01144184EA009360108400000321000668
B1116404548881N01144190EA009380108600000270990668
B1116414548880N01144196EA009390108800000270980668
B1116424548878N01144202EA009400108900000301030668
B1116434548877N01144209EA009410108900000301080668
B1116444548876N01144217EA009410108900000371050710
B1116454548875N01144224EA009420109000000371020710
B1116464548874N01144231EA009430109100000301020710
B1116474548873N01144236EA009450109300000301020710
B1116484548871N01144241EA009460109500000241090710
B1116494548869N01144246EA009470109500000241160710
B1116504548866N01144251EA009470109400000321200710
B1116514548863N01144257EA009460109300000321240710
B1116524548860N01144263EA009460109300000331240710
B1116534548858N01144268EA009470109400000331240749
B1116544548856N01144273EA009470109600000261230749
B1116554548853N01144278EA009480109700000261220749
B1116564548851N01144284EA009500109800000301210749
B1116574548849N01144290EA009500109800000301200749
B1116584548846N01144296EA009510109900000341190749
B1116594548844N01144302EA009510109900000341180749
B1117004548841N01144308EA009520110100000301180749
B1117014548839N01144314EA009530110200000301180783
B1117024548838N01144320EA009540110300000301140783
B1117034548836N01144327EA009550110300000301100783
B1117044548834N01144334EA009550110300000371110783
B1117054548831N01144341EA009560110500000371120783
B1117064548828N01144347EA009580110700000341190783
B1117074548825N01144353EA009600111000000341260783
B1117084548822N01144357EA009620111300000291280783
B1117094548820N01144362EA009640111500000291300783
B1117104548817N01144368EA009660111700000311220801
B1117114548815N01144375EA009670111800000311140801
B1117124548812N01144382EA009690112000000381140801
B1117144548807N01144393EA009740112600000251220804
B1117154548805N01144397EA009770113000000251180804
B1117164548803N01144400EA009800113300000201280804
B1117174548800N01144403EA009810113300000201380804
B1117184548795N01144406EA009830113300000321480804
B1117194548791N01144406EA009840113400000321580804
B1117204548786N01144403EA009850113500000321880804
B1117214548784N01144397EA009860113600000322180804
B1117224548784N01144389EA009870113800000342520804
B1117234548785N01144383EA009900114100000342700804
B1117244548787N01144378EA009920114500000262860804
B1117254548790N01144374EA009950114800000263020804
B1117264548794N01144370EA009970114900000323170804
B1117274548799N01144368EA009990115000000323320804
B1117284548805N01144367EA010000115100000413430804
B1117294548811N01144367EA010020115300000413540801
B1117304548816N01144370EA010050115700000350080801
B1117314548820N01144374EA010070116000000350220801
B1117324548824N01144379EA010100116300000320340801
B1117334548827N01144385EA010130116600000320460801
B1117344548828N01144392EA010150116800000340590801
B1117354548829N01144399EA010170116900000340720801
B1117364548827N01144406EA010180117100000330920801
B1117374548824N01144411EA010200117300000331120801
B1117384548820N01144414EA010210117400000321380794
B1117394548815N01144414EA010230117500000321640794
B1117404548811N01144411EA010240117600000311860801
B1117414548807N01144407EA010250117700000312080804
B1117424548805N01144401EA010260117900000302280804
B1117434548805N01144394EA010280118100000302480804
B1117444548805N01144387EA010290118200000352640804
B1117454548807N01144380EA010310118300000352800804
B1117464548809N01144374EA010320118500000312910804
B1117474548812N01144368EA010350118800000313020801
B1117484548815N01144363EA010370119100000363060783
B1117494548819N01144356EA010390119300000363100783
B1117504548823N01144350EA010410119500000373090783
B1117514548826N01144344EA010430119800000373080783
B1117524548828N01144337EA010460120100000362990783
B1117534548830N01144329EA010490120400000382900783
B1117544548832N01144321EA010520120700000382860783
B1117554548834N01144314EA010550121100000382900783
B1117564548837N01144307EA010580121400000362950749
B1117574548840N01144301EA010610121700000363000749
B1117584548844N01144295EA010640122000000393110749
B1117594548850N01144291EA010670122200000393220749
B1118004548857N01144289EA010690122300000483360749
B1118014548864N01144288EA010710122500000483500760
B1118054548884N01144296EA010820123800000340220760
B1118064548888N01144301EA010840123800000390340760
B1118074548892N01144308EA010850123900000390460760
B1118084548895N01144315EA010860124000000360520790
B1118094548897N01144322EA010880124200000360580790
B1118104548898N01144329EA010900124400000320670790
B1118114548899N01144335EA010910124500000320760790
B1118124548898N01144342EA010920124600000300870790
B1118134548897N01144348EA010920124600000300980790
B1118144548895N01144354EA010930124600000311100790
B1118154548892N01144359EA010930124600000311220790
B1118164548888N01144364EA010940124700000311310787
B1118174548884N01144367EA010950124900000311400787
B1118184548881N01144370EA010960125100000261480787
B1118194548877N01144371EA010980125300000261560787
B1118204548873N01144372EA011000125400000281660787
B1118214548868N01144371EA011010125500000281760787
B1118224548864N01144368EA011020125600000351950787
B1118234548859N01144362EA011020125600000352140783
B1118244548855N01144357EA011030125700000382220783
B1118254548851N01144352EA011050126000000382220783
B1118264548848N01144348EA011080126400000272220783
B1118274548845N01144343EA011110126800000272220783
B1118284548842N01144338EA011130127000000322270783
B1118294548839N01144331EA011160127200000322320783
B1118304548838N01144323EA011180127300000422460783
B1118314548839N01144314EA011200127500000432640783
B1118324548841N01144305EA011230127900000412780749
B1118334548843N01144297EA011260128300000382900749
B1118344548846N01144290EA011290128700000372930749
B1118354548849N01144283EA011320129000000372960749
B1118364548853N01144277EA011350129200000413040749
B1118374548858N01144271EA011370129300000413120749
B1118384548864N01144267EA011390129400000463260760
B1118394548871N01144266EA011400129400000463400760
B1118404548878N01144269EA011410129500000513590760
B1118414548885N01144273EA011410129500000510180760
B1118424548890N01144279EA011420129600000450290760
B1118434548895N01144286EA011430129800000450400760
B1118444548899N01144293EA011450130000000420460760
B1118454548902N01144301EA011470130200000420520760
B1118464548905N01144310EA011490130500000420600760
B1118474548906N01144318EA011510130800000420680790
B1118484548906N01144324EA011540131200000290810790
B1118494548905N01144329EA011570131600000290940790
B1118504548903N01144332EA011600131900000221190790
B1118514548899N01144334EA011630132100000221440790
B1118524548895N01144333EA011650132200000261680790
B1118534548892N01144330EA011670132500000261920790
B1118544548890N01144325EA011700132700000302200790
B1118554548889N01144318EA011720133000000302480790
B1118564548891N01144311EA011750133200000352700760
B1118574548895N01144305EA011770133500000352920760
B1118584548900N01144301EA011800133800000383150760
B1118594548906N01144300EA011830134100000383380760
B1119004548912N01144303EA011860134300000473570748
B1119014548919N01144307EA011880134500000470160748
B1119024548924N01144314EA011910134800000430320789
B1119034548926N01144321EA011930135100000430480789
B1119044548926N01144329EA011960135400000350740789
B1119054548924N01144335EA011980135500000351000789
B1119064548921N01144339EA012000135800000271200789
B1119074548918N01144342EA012030136100000271400789
B1119084548914N01144343EA012050136400000221550789
B1119094548911N01144342EA012080136700000221700789
B1119104548908N01144339EA012100137000000241970790
B1119114548907N01144334EA012120137100000242240790
B1119124548908N01144326EA012140137200000382580790
B1119134548911N01144318EA012150137300000432840789
B1119144548915N01144311EA012170137600000412980748
B1119154548919N01144306EA012200137900000413120748
B1119164548924N01144303EA012230138400000323250748
B1119174548928N01144302EA012270138800000323380748
B1119184548934N01144303EA012300139000000403540748
B1119194548940N01144307EA012320139100000400100748
B1119204548945N01144313EA012340139300000430280748
B1119214548947N01144320EA012360139600000430460789
B1119224548948N01144328EA012380139800000340710789
B1119234548946N01144334EA012400140000000340960789
B1119244548943N01144338EA012420140200000271200789
B1119254548939N01144340EA012440140500000271420789
B1119264548935N01144340EA012470140800000241640789
B1119274548932N01144338EA012490141100000241860789
B1119284548929N01144335EA012520141300000242040789
B1119294548927N01144331EA012550141600000242220789
B1119304548925N01144326EA012570141900000272310789
B1119314548923N01144320EA012600142100000272400789
B1119324548923N01144314EA012630142400000322570789
B1119334548925N01144307EA012650142700000322740748
B1119344548928N01144300EA012680143000000372900748
B1119354548932N01144295EA012710143300000373060748
B1119364548937N01144291EA012740143500000393220748
B1119374548943N01144290EA012770143800000393380748
B1119384548949N01144292EA012790144100000393580748
B1119394548954N01144296EA012810144200000390180748
B1119404548959N01144302EA012830144500000410310748
B1119414548962N01144309EA012850144700000410440742
B1119424548964N01144317EA012870145000000390590784
B1119434548965N01144325EA012900145200000390740784
B1119444548965N01144332EA012920145600000330810784
B1119454548965N01144339EA012950145900000330880784
B1119464548963N01144345EA012980146100000291000784
B1119474548960N01144350EA013000146300000291120784
B1119484548956N01144352EA013020146400000311400789
B1119494548951N01144350EA013030146500000311680789
B1119504548947N01144345EA013050146600000361980789
B1119514548945N01144339EA013060146800000362280789
B1119524548944N01144332EA013080147100000292430789
B1119534548944N01144326EA013100147400000292580789
B1119544548945N01144320EA013130147700000322720789
B1119554548947N01144313EA013150147900000322860748
B1119564548951N01144306EA013170147900000412970748
B1119574548955N01144299EA013190148100000413080748
B1119584548960N01144294EA013210148400000393170742
B1119594548965N01144290EA013230148700000393260742
B1120004548970N01144288EA013270149100000373340742
B1120014548976N01144286EA013300149500000373420742
B1120024548982N01144286EA013330149800000433510742
B1120034548989N01144287EA013360150000000430000742
B1120044548996N01144289EA013380150300000450060742
B1120054549002N01144291EA013410150500000450120742
B1120064549007N01144293EA013430150800000350140742
B1120074549012N01144297EA013450151100000350160733
B1120084549016N01144302EA013470151300000400300733
B1120094549020N01144310EA013490151400000400440733
B1120104549023N01144318EA013500151500000420550788
B1120114549024N01144326EA013520151700000420660788
B1120124549024N01144334EA013540151900000360820788
B1120134549022N01144341EA013550152100000360980788
B1120144549020N01144348EA013570152200000341040788
B1120154549018N01144355EA013580152400000341100788
B1120164549016N01144361EA013600152600000311140788
B1120174549013N01144366EA013620152600000311180817
B1120184549010N01144371EA013630152800000271280817
B1120194549007N01144374EA013630152700000271380813
B1120204549002N01144377EA013640152700000311480813
B1120214548998N01144379EA013640152800000311580813
B1120224548993N01144380EA013640152800000311630813
B1120234548989N01144381EA013650152800000311680813
B1120244548984N01144383EA013650152800000301680813
B1120254548980N01144385EA013650152800000321620813
B1120264548975N01144386EA013650152800000331670813
B1120274548970N01144386EA013650152800000331720813
B1120284548964N01144386EA013650152900000351770813
B1120294548959N01144386EA013660153100000351820801
B1120304548955N01144387EA013670153200000301730801
B1120314548951N01144389EA013690153400000301640801
B1120324548946N01144391EA013700153500000311650801
B1120334548941N01144392EA013710153600000311660801
B1120344548936N01144394EA013710153600000341650801
B1120354548931N01144396EA013720153700000341640801
B1120364548927N01144399EA013730153800000341600801
B1120374548922N01144402EA013740154000000341560801
B1120384548917N01144404EA013760154100000321580801
B1120394548913N01144406EA013770154200000321600801
B1120404548908N01144408EA013780154300000341640787
B1120414548903N01144409EA013790154400000341680787
B1120424548897N01144410EA013800154500000351700787
B1120434548892N01144411EA013820154800000351720787
B1120444548888N01144413EA013840155000000281620787
B1120454548885N01144417EA013850155200000281520775
B1120464548882N01144424EA013870155300000361340775
B1120474548880N01144431EA013880155400000361160775
B1120484548878N01144439EA013900155500000341120775
B1120494548877N01144445EA013920155800000341080775
B1120504548876N01144451EA013930156100000291060775
B1120514548875N01144458EA013950156300000291040775
B1120524548873N01144465EA013970156400000341040770
B1120534548872N01144472EA013990156500000341040770
B1120544548869N01144477EA014000156700000291150770
B1120554548866N01144480EA014020156900000291260770
B1120564548863N01144481EA014040157100000231530770
B1120574548859N01144479EA014050157100000231800771
B1120584548856N01144475EA014050157000000302020771
B1120594548853N01144470EA014050157000000302240771
B1121004548851N01144464EA014050157000000302380771
B1121014548851N01144458EA014050157100000302520794
B1121024548852N01144451EA014050157100000352690794
B1121034548855N01144444EA014050156900000352860794
B1121044548860N01144439EA014040156700000413100775
B1121054548867N01144438EA014030156600000413340775
B1121064548873N01144439EA014020156500000433550775
B1121074548879N01144443EA014020156500000430160775
B1121084548884N01144448EA014020156600000390250775
B1121094548889N01144453EA014030156800000390340775
B1121104548893N01144458EA014050157100000370330775
B1121114548898N01144462EA014070157300000370320775
B1121124548903N01144466EA014080157400000380300770
B1121134548908N01144470EA014090157500000380280770
B1121144548914N01144474EA014100157500000420300802
B1121154548918N01144480EA014100157600000420320802
B1121164548922N01144488EA014110157600000440450802
B1121174548925N01144497EA014110157700000430580802
B1121184548926N01144505EA014120157800000400680802
B1121194548927N01144514EA014120157900000380780781
B1121204548925N01144521EA014130158000000370780781
B1121214548923N01144528EA014130158000000371080781
B1121224548918N01144533EA014140158000000371270781
B1121234548913N01144535EA014140158100000371460781
B1121244548909N01144535EA014140158200000281670755
B1121254548905N01144533EA014150158300000281880755
B1121264548902N01144531EA014160158400000231980755
B1121274548899N01144528EA014170158500000232080755
B1121284548896N01144525EA014180158600000252160755
B1121294548895N01144520EA014190158700000252240755
B1121304548894N01144513EA014190158700000332460755
B1121314548895N01144506EA014200158700000332680770
B1121324548895N01144499EA014210158800000312720770
B1121334548896N01144492EA014210158900000312760770
B1121344548895N01144486EA014220158900000312680770
B1121354548895N01144479EA014220158900000312600770
B1121364548895N01144471EA014220158800000372660770
B1121374548894N01144463EA014220158800000382700770
B1121384548894N01144455EA014220158800000362680775
B1121394548893N01144447EA014220158800000362640775
B1121404548892N01144439EA014220158800000382600775
B1121414548892N01144431EA014220158700000392600775
B1121424548892N01144423EA014220158600000382660775
B1121434548892N01144415EA014210158500000372700775
B1121444548892N01144407EA014200158300000372700787
B1121454548893N01144399EA014190158200000382740787
B1121464548897N01144391EA014180158100000432900787
B1121474548902N01144386EA014170157900000433080787
B1121484548909N01144382EA014160157800000473260787
B1121494548916N01144382EA014160157800000473440801
B1121504548922N01144383EA014160157900000433580801
B1121514548928N01144386EA014160158000000430120801
B1121524548934N01144391EA014170158100000430240801
B1121534548939N01144398EA014170158100000430360801
B1121544548943N01144407EA014180158100000530460801
B1121554548946N01144417EA014180158100000520600806
B1121564548949N01144427EA014180158200000470660806
B1121574548951N01144436EA014190158400000410680806
B1121584548953N01144444EA014200158700000390720806
B1121594548953N01144453EA014200158700000410760806
B1122004548954N01144462EA014210158700000450820806
B1122014548955N01144472EA014210158700000440820802
B1122024548955N01144480EA014220158800000400840802
B1122034548955N01144488EA014230159000000400860802
B1122044548956N01144494EA014250159200000280860802
B1122054548956N01144500EA014260159500000280860802
B1122064548955N01144506EA014270159600000290860802
B1122074548954N01144513EA014280159600000290960781
B1122084548951N01144519EA014280159500000341120781
B1122094548947N01144524EA014280159500000341280781
B1122104548943N01144527EA014280159400000331400781
B1122114548938N01144530EA014290159600000331520781
B1122124548934N01144531EA014300159700000281590781
B1122134548930N01144532EA014300159800000281660781
B1122144548926N01144532EA014310159900000281760781
B1122154548922N01144530EA014320159900000281860781
B1122164548918N01144528EA014320159900000301960781
B1122174548914N01144524EA014320159900000302060781
B1122184548911N01144520EA014320160000000282170781
B1122194548909N01144515EA014320160000000282280755
B1122204548908N01144508EA014320159900000332420770
B1122214548907N01144500EA014320159800000362560770
B1122224548907N01144492EA014320159800000412640770
B1122234548907N01144483EA014320159800000422680770
B1122244548908N01144474EA014320159900000392720770
B1122254548910N01144466EA014330160100000382820802
B1122264548912N01144459EA014350160200000372890806
B1122274548915N01144452EA014360160400000372960806
B1122284548920N01144446EA014370160400000413060806
B1122294548925N01144441EA014380160400000413160806
B1122304548932N01144439EA014380160400000453330806
B1122314548938N01144439EA014380160400000453500806
B1122324548944N01144442EA014390160400000420060806
B1122334548950N01144447EA014390160500000420220806
B1122344548954N01144453EA014390160500000400340806
B1122354548958N01144460EA014400160500000400460806
B1122364548962N01144467EA014400160400000420470824
B1122374548967N01144473EA014400160400000420480824
B1122384548971N01144479EA014400160500000400440824
B1122394548975N01144486EA014410160500000400400824
B1122404548979N01144492EA014410160500000390450824
B1122414548982N01144499EA014410160500000390500824
B1122424548985N01144507EA014410160400000410580824
B1122434548987N01144516EA014410160400000420660786
B1122444548988N01144524EA014400160400000400720786
B1122454548989N01144532EA014400160400000400780786
B1122464548988N01144540EA014400160500000350880786
B1122474548987N01144547EA014400160500000350980786
B1122484548985N01144553EA014400160400000311110786
B1122494548981N01144557EA014400160400000311240786
B1122504548977N01144561EA014400160500000311360786
B1122514548973N01144564EA014390160500000311480734
B1122524548969N01144565EA014390160500000281580734
B1122534548965N01144565EA014390160400000281680734
B1122544548960N01144564EA014380160400000301800734
B1122554548956N01144562EA014370160200000301920781
B1122564548951N01144559EA014370160100000331990781
B1122574548947N01144555EA014360160100000332060781
B1122584548942N01144551EA014360160200000362110781
B1122594548938N01144546EA014370160200000362160781
B1123004548934N01144542EA014370160300000332180781
B1123014548931N01144537EA014380160400000332200781
B1123024548928N01144531EA014390160500000322300781
B1123034548926N01144524EA014390160500000322400781
B1123044548924N01144518EA014400160500000322400781
B1123054548921N01144512EA014410160600000322400802
B1123064548919N01144506EA014410160600000312400802
B1123074548918N01144500EA014410160600000332440802
B1123084548917N01144492EA014410160500000352540802
B1123094548918N01144485EA014400160500000352680802
B1123104548920N01144477EA014400160400000372800802
B1123114548922N01144470EA014400160400000372900802
B1123124548925N01144463EA014400160400000342950802
B1123134548928N01144457EA014400160400000343000806
B1123144548931N01144451EA014400160500000343040806
B1123154548935N01144446EA014400160400000343080806
B1123164548939N01144441EA014400160300000383150806
B1123174548944N01144437EA014390160200000383220806
B1123184548948N01144434EA014390160300000313320806
B1123194548953N01144433EA014390160300000313420806
B1123204548958N01144433EA014390160200000353510806
B1123214548964N01144433EA014390160000000350000835
B1123224548970N01144434EA014380159900000390010835
B1123234548976N01144434EA014370159800000390020835
B1123244548981N01144433EA014360159700000373580835
B1123254548986N01144431EA014350159600000373540835
B1123264548992N01144429EA014340159600000373460835
B1123274548997N01144425EA014330159500000373380835
B1123284549003N01144422EA014320159400000413400835
B1123294549009N01144420EA014310159300000413420835
B1123304549015N01144418EA014310159400000373440829
B1123314549020N01144416EA014310159400000373460829
B1123324549026N01144415EA014310159300000413470829
B1123334549033N01144413EA014310159300000413480817
B1123344549039N01144412EA014300159300000453510817
B1123354549046N01144412EA014310159400000453540817
B1123364549052N01144411EA014310159400000403530817
B1123374549058N01144409EA014310159500000403520817
B1123384549063N01144406EA014320159800000403460814
B1123394549069N01144403EA014320159800000403400814
B1123404549076N01144400EA014320159700000453400814
B1123414549082N01144397EA014310159600000463380814
B1123434549096N01144391EA014300159500000463420814
B1123444549102N01144388EA014310159700000433400814
B1123454549108N01144384EA014310159700000433380814
B1123464549114N01144379EA014320159800000453360816
B1123474549121N01144376EA014320160000000453340816
B1123484549129N01144373EA014330160000000553400816
B1123494549137N01144370EA014330160000000543460816
B1123504549144N01144368EA014340160200000503480816
B1123514549151N01144366EA014350160400000503500816
B1123524549158N01144365EA014360160600000483510816
B1123534549165N01144363EA014380160800000483520794
B1123544549173N01144361EA014390160900000483500794
B1123554549180N01144360EA014400161100000483480794
B1123564549187N01144358EA014420161200000453500794
B1123574549193N01144357EA014430161400000453520794
B1123584549200N01144357EA014450161500000433580794
B1123594549206N01144360EA014460161700000430040794
B1124004549212N01144364EA014470161800000430200848
B1124014549216N01144372EA014470161700000430360848
B1124024549219N01144381EA014460161600000460560848
B1124034549221N01144390EA014450161500000430700848
B1124044549222N01144398EA014450161600000360710848
B1124054549224N01144405EA014460161700000360720848
B1124064549225N01144412EA014460161700000330740848
B1124074549226N01144420EA014460161600000330760872
B1124084549227N01144428EA014450161500000380790872
B1124094549227N01144436EA014450161400000380820872
B1124104549227N01144444EA014440161300000370870872
B1124114549226N01144451EA014440161300000370920872
B1124124549226N01144458EA014440161400000290950872
B1124134549225N01144464EA014430161300000290980869
B1124144549223N01144469EA014420161200000261030869
B1124154549222N01144475EA014410160900000261080869
B1124164549220N01144481EA014390160600000311120869
B1124174549217N01144487EA014370160400000311160869
B1124184549215N01144492EA014350160200000261200869
B1124194549212N01144495EA014340160100000261240869
B1124204549209N01144498EA014320159900000241340835
B1124214549206N01144501EA014300159600000241440835
B1124224549202N01144503EA014280159400000261500835
B1124234549198N01144506EA014260159200000261560835
B1124244549194N01144509EA014240159000000301540835
B1124254549190N01144512EA014230158800000301520835
B1124264549186N01144516EA014220158700000341520796
B1124274549181N01144519EA014210158700000341520796
B1124284549176N01144523EA014210158800000331510796
B1124294549172N01144526EA014220159000000331500796
B1124304549169N01144530EA014240159300000251410796
B1124314549167N01144534EA014260159600000251320796
B1124324549164N01144537EA014280159700000211370796
B1124334549161N01144539EA014290159800000211420796
B1124344549158N01144540EA014300159800000231570778
B1124354549154N01144540EA014300159800000231720778
B1124364549151N01144539EA014300159800000221840778
B1124374549148N01144538EA014300159800000221960778
B1124384549144N01144536EA014300159800000261960778
B1124394549140N01144534EA014300159700000261960778
B1124404549136N01144533EA014300159700000271920778
B1124414549132N01144533EA014290159600000271880778
B1124424549128N01144533EA014280159500000261840778
B1124434549124N01144533EA014280159400000261800778
B1124464549113N01144532EA014240159000000241820778
B1124474549110N01144530EA014220158800000241960778
B1124484549106N01144527EA014210158600000272010788
B1124494549102N01144525EA014190158500000272060788
B1124504549099N01144522EA014170158400000232040788
B1124514549095N01144521EA014160158300000232020788
B1124524549092N01144519EA014140158100000231990788
B1124534549089N01144517EA014130157900000231960788
B1124544549085N01144515EA014110157600000292000788
B1124554549081N01144512EA014090157400000292040822
B1124564549077N01144510EA014080157400000242020822
B1124574549074N01144509EA014070157500000242000822
B1124584549070N01144508EA014070157500000241930822
B1124594549066N01144508EA014070157500000241860822
B1125004549061N01144511EA014070157400000371710822
B1125014549056N01144515EA014070157300000371560772
B1125024549051N01144519EA014070157400000381520772
B1125034549046N01144522EA014080157700000381480772
B1125044549042N01144526EA014100158000000261480772
B1125054549039N01144528EA014120158200000261480772
B1125064549035N01144531EA014140158300000301490772
B1125074549031N01144535EA014150158400000301500772
B1125084549026N01144539EA014160158500000351500772
B1125094549021N01144542EA014170158600000351500772
B1125104549017N01144546EA014180158800000321490772
B1125114549013N01144549EA014180158800000321480772
B1125124549010N01144552EA014180158800000291470772
B1125134549006N01144556EA014180158800000291460786
B1125144549001N01144559EA014170158600000361510786
B1125154548996N01144562EA014170158500000361560786
B1125164548991N01144565EA014170158600000341550734
B1125174548987N01144568EA014180158800000341540734
B1125184548984N01144573EA014200159000000311450734
B1125194548980N01144577EA014210159100000311360734
B1125204548975N01144581EA014210159000000341450734
B1125214548970N01144583EA014200158900000341540734
B1125224548965N01144584EA014190158700000381650734
B1125234548959N01144585EA014180158600000381760743
B1125244548954N01144587EA014170158600000371690743
B1125254548949N01144591EA014170158700000371620743
B1125264548945N01144597EA014180158800000391450743
B1125274548942N01144604EA014190158900000391280743
B1125284548941N01144610EA014210159100000311280743
B1125294548939N01144615EA014220159300000241060691
B1125314548934N01144622EA014250159500000221340691
B1125324548931N01144625EA014240159200000261420691
B1125334548927N01144629EA014230159000000261500691
B1125344548921N01144632EA014220158700000411520691
B1125354548916N01144635EA014210158700000411540691
B1125364548910N01144638EA014200158600000341580691
B1125374548906N01144640EA014190158700000341620709
B1125384548902N01144643EA014190158600000301550709
B1125394548898N01144647EA014180158400000301480709
B1125404548893N01144651EA014170158200000371480709
B1125414548888N01144655EA014160158000000371480709
B1125424548882N01144659EA014150157900000391490709
B1125434548878N01144664EA014140157800000391500708
B1125444548873N01144668EA014130157700000351470708
B1125454548869N01144673EA014120157500000351440708
B1125464548864N01144677EA014100157300000391440708
B1125474548858N01144680EA014090157100000391500751
B1125484548851N01144682EA014070156900000441610751
B1125494548845N01144682EA014060156800000441720751
B1125504548840N01144681EA014050156900000361820751
B1125514548835N01144680EA014050156900000361920751
B1125524548830N01144679EA014040156900000331890751
B1125534548824N01144678EA014040156700000331860751
B1125544548818N01144677EA014020156400000421860751
B1125554548812N01144676EA014000156200000421860751
B1125564548806N01144674EA013980156100000391870758
B1125574548801N01144674EA013970156000000391880758
B1125584548795N01144674EA013960155900000361820758
B1125594548790N01144675EA013940155600000361760758
B1126004548783N01144675EA013920155300000441780758
B1126014548777N01144675EA013900155100000441800758
B1126024548771N01144674EA013880154900000401830758
B1126034548765N01144673EA013870154800000401860758
B1126044548760N01144672EA013850154800000321860758
B1126054548755N01144671EA013830154600000321860754
B1126064548750N01144668EA013820154300000391950754
B1126074548745N01144663EA013790153900000392040754
B1126084548740N01144657EA013770153700000372160772
B1126094548737N01144650EA013750153600000372280772
B1126104548733N01144645EA013740153700000312260772
B1126114548730N01144641EA013730153600000312240772
B1126124548726N01144636EA013720153500000342210772
B1126134548721N01144631EA013710153300000342180772
B1126144548717N01144626EA013690153200000362190772
B1126154548713N01144621EA013680153100000362200772
B1126164548709N01144616EA013670153000000342200757
B1126174548705N01144612EA013660152900000342200766
B1126184548701N01144607EA013650152800000342180766
B1126194548697N01144603EA013640152700000342160766
B1126204548693N01144599EA013630152600000342160766
B1126214548689N01144594EA013610152500000342160766
B1126224548684N01144590EA013600152400000342160766
B1126234548680N01144586EA013590152300000342160766
B1126244548676N01144582EA013580152100000342120766
B1126254548671N01144579EA013570152000000342080766
B1126264548666N01144577EA013550151900000322020766
B1126274548662N01144575EA013540151800000321960766
B1126284548657N01144573EA013530151600000351950733
B1126294548651N01144571EA013520151500000351940733
B1126304548646N01144569EA013500151300000371930733
B1126314548641N01144567EA013490151200000371920733
B1126324548636N01144565EA013480151200000331930733
B1126334548631N01144564EA013470151100000331940733
B1126344548627N01144561EA013460150900000341960746
B1126354548621N01144559EA013440150700000341980746
B1126364548616N01144556EA013420150400000382000746
B1126374548611N01144552EA013400150200000382020746
B1126384548606N01144550EA013380150000000351980719
B1126394548601N01144548EA013370149900000351940719
B1126404548596N01144548EA013350149800000341870719
B1126414548590N01144548EA013340149600000341800719
B1126424548585N01144548EA013320149400000361810719
B1126434548580N01144547EA013300149200000361820719
B1126444548574N01144547EA013280149000000361830719
B1126454548569N01144546EA013260148800000361840719
B1126464548564N01144546EA013250148700000341840719
B1126474548559N01144546EA013240148600000331800711
B1126484548554N01144546EA013220148500000331800711
B1126494548549N01144545EA013210148400000331800711
B1126504548544N01144545EA013190148200000351810711
B1126514548538N01144545EA013180147900000351820711
B1126524548533N01144545EA013160147800000371790711
B1126534548527N01144546EA013140147600000371760711
B1126544548522N01144547EA013130147500000341730711
B1126554548517N01144548EA013120147400000341700711
B1126564548512N01144549EA013100147200000351700711
B1126574548506N01144551EA013080146900000351700706
B1126584548501N01144552EA013060146700000361690706
B1126594548496N01144554EA013040146500000361680706
B1127004548491N01144555EA013020146400000331670706
B1127014548486N01144557EA013000146200000331660706
B1127024548481N01144559EA012980146000000361640706
B1127034548475N01144561EA012970145800000361620706
B1127044548469N01144563EA012950145700000371640693
B1127054548464N01144565EA012930145500000371660693
B1127064548459N01144567EA012920145400000351660681
B1127074548454N01144569EA012910145200000351660681
B1127084548449N01144571EA012890145000000331610681
B1127094548445N01144574EA012870144800000331560681
B1127104548440N01144577EA012850144600000311560681
B1127114548436N01144579EA012820144400000311560681
B1127124548431N01144582EA012800144100000331600681
B1127134548426N01144583EA012780143800000331640681
B1127144548422N01144584EA012750143500000261720681
B1127154548418N01144582EA012730143300000261800681
B1127164548415N01144579EA012700143000000232010681
B1127174548413N01144575EA012670142600000232220681
B1127184548412N01144570EA012640142300000272340681
B1127194548410N01144564EA012610141900000272460681
B1127204548410N01144557EA012590141700000292540696
B1127214548409N01144551EA012560141400000292620666
B1127224548409N01144545EA012540141200000262610666
B1127234548408N01144540EA012520141000000262600666
B1127244548406N01144535EA012510140800000262490666
B1127254548403N01144530EA012480140500000262380666
B1127264548400N01144525EA012460140300000312340666
B1127274548397N01144519EA012440139900000312300666
B1127284548395N01144513EA012410139700000312330666
B1127294548392N01144508EA012390139500000312360660
B1127304548390N01144503EA012370139300000262360660
B1127314548388N01144499EA012350139100000262360660
B1127324548385N01144494EA012330138800000292350660
B1127334548383N01144488EA012300138500000292340660
B1127344548380N01144482EA012270138100000332330660
B1127354548376N01144477EA012250137900000332320660
B1127364548372N01144473EA012220137600000312220660
B1127374548368N01144470EA012200137500000312120660
B1127384548364N01144468EA012180137300000302030660
B1127394548359N01144467EA012150137000000301940650
B1127404548355N01144465EA012130136800000291980650
B1127414548351N01144461EA012100136500000292020665
B1127424548347N01144457EA012080136100000352080665
B1127434548342N01144453EA012050135800000352140665
B1127444548337N01144450EA012030135700000322060665
B1127454548333N01144448EA012010135700000321980665
B1127464548329N01144446EA012010135700000262020665
B1127474548326N01144443EA012000135700000262060665
B1127484548322N01144439EA011990135600000342120665
B1127494548317N01144435EA011990135400000342120665
B1127504548313N01144432EA011980135400000322100665
B1127514548309N01144429EA011970135300000322080641
B1127524548305N01144426EA011960135300000272060641
B1127534548301N01144424EA011950135200000272040641
B1127544548297N01144422EA011940135100000291980641
B1127554548293N01144422EA011930134900000291920641
B1127564548288N01144421EA011920134800000311880641
B1127574548284N01144420EA011910134700000311840641
B1127584548280N01144419EA011900134700000241880641
B1127594548276N01144418EA011890134700000241920641
B1128004548273N01144418EA011880134600000231840641
B1128014548269N01144419EA011870134400000231760641
B1128024548264N01144420EA011850134100000321740641
B1128034548259N01144421EA011830133800000321720599
B1128044548255N01144421EA011810133700000311720599
B1128054548250N01144422EA011800133600000311720599
B1128064548246N01144423EA011790133600000271710599
B1128074548242N01144424EA011790133600000271700599
B1128084548238N01144425EA011780133500000271680599
B1128094548233N01144427EA011770133400000271660599
B1128104548229N01144427EA011760133200000291710599
B1128114548225N01144426EA011740133000000291760599
B1128124548221N01144424EA011720132800000281910599
B1128134548217N01144421EA011710132700000282060599
B1128144548212N01144420EA011690132500000321970599
B1128154548208N01144419EA011680132300000321880580
B1128164548203N01144419EA011670132300000281830580
B1128174548199N01144419EA011670132300000281780580
B1128184548196N01144420EA011660132300000231780580
B1128194548192N01144420EA011660132200000231780580
B1128204548188N01144420EA011640132100000271780580
B1128214548184N01144420EA011630132000000271780580
B1128224548180N01144420EA011620131900000271800580
B1128234548176N01144419EA011620131800000271820580
B1128244548172N01144419EA011610131900000241850580
B1128254548168N01144418EA011610131800000241880580
B1128264548164N01144417EA011610131800000261890580
B1128274548160N01144416EA011610131700000261900580
B1128284548156N01144414EA011600131700000261910563
B1128294548153N01144413EA011590131600000261920525
B1128304548149N01144411EA011580131500000251930525
B1128314548145N01144411EA011580131400000251940525
B1128324548141N01144410EA011560131200000301890525
B1128334548136N01144409EA011550131000000301840525
B1128344548133N01144409EA011530130900000231870525
B1128354548129N01144408EA011520130900000231900525
B1128364548126N01144406EA011510130700000261920525
B1128374548121N01144405EA011500130500000261940525
B1128384548117N01144403EA011480130300000321940525
B1128394548112N01144401EA011460130100000321940525
B1128404548107N01144399EA011450130100000321940517
B1128414548102N01144397EA011450130100000321940517
B1128424548098N01144396EA011450130300000291940517
B1128434548094N01144393EA011460130400000291940517
B1128444548091N01144391EA011460130500000262020517
B1128454548087N01144388EA011470130500000262100517
B1128464548083N01144385EA011470130500000282060517
B1128474548079N01144383EA011470130500000282020517
B1128484548075N01144381EA011470130500000282020517
B1128494548072N01144379EA011470130500000261980517
B1128504548068N01144377EA011460130500000262020517
B1128514548064N01144374EA011460130300000262060517
B1128524548060N01144372EA011450130200000322020483
B1128534548055N01144370EA011440130000000321980483
B1128544548051N01144368EA011420129900000301970483
B1128554548046N01144366EA011410129800000301960483
B1128564548042N01144364EA011400129600000301970483
B1128574548038N01144362EA011380129400000301980444
B1128584548033N01144361EA011360129200000341950444
B1128594548028N01144359EA011330128900000341920444
B1129004548022N01144358EA011310128600000351890444
B1129014548017N01144357EA011290128400000351860444
B1129024548012N01144357EA011270128200000351850444
B1129034548006N01144356EA011240128000000351840381
B1129044548001N01144355EA011230127800000351840381
B1129054547995N01144355EA011210127600000351840381
B1129064547990N01144356EA011190127400000371780381
B1129074547985N01144358EA011170127200000371720381
B1129084547979N01144359EA011150127000000351680381
B1129094547974N01144361EA011140126900000351640381
B1129104547969N01144363EA011120126700000341660381
B1129114547964N01144364EA011100126500000341680419
B1129124547959N01144364EA011080126200000371730363
B1129134547953N01144364EA011050126000000371780363
B1129144547947N01144364EA011030125800000361790363
B1129154547942N01144364EA011020125600000361800363
B1129164547937N01144365EA011000125400000351780363
B1129174547931N01144364EA010980125200000351760363
B1129184547926N01144364EA010960125000000351800363
B1129194547920N01144363EA010950124800000351840332
B1129204547915N01144362EA010930124800000351840332
B1129214547910N01144362EA010920124700000351840287
B1129224547906N01144363EA010910124600000311770287
B1129234547901N01144364EA010900124500000311700310
B1129244547896N01144365EA010890124400000331710310
B1129254547891N01144366EA010890124300000331720310
B1129264547886N01144367EA010880124200000331700310
B1129274547881N01144369EA010870124200000331680310
B1129284547877N01144372EA010860124100000311630310
B1129294547872N01144374EA010850124000000311580310
B1129304547867N01144376EA010850123900000331610310
B1129314547862N01144377EA010830123700000331640310
B1129324547857N01144378EA010830123600000331670288
B1129334547853N01144379EA010820123600000331700288
B1129344547848N01144380EA010810123500000301700288
B1129354547843N01144382EA010800123500000301700288
B1129364547839N01144383EA010790123400000311680288
B1129374547834N01144385EA010780123200000311660288
B1129384547829N01144386EA010770123000000351660288
B1129394547824N01144388EA010750122800000351660288
B1129404547819N01144390EA010740122600000341640288
B1129414547814N01144393EA010720122500000341620288
B1129424547810N01144397EA010710122400000351560248
B1129434547805N01144400EA010700122200000351500248
B1129444547800N01144404EA010690122100000331510248
B1129454547796N01144406EA010670122000000331520248
B1129464547792N01144409EA010660121800000301540248
B1129474547788N01144412EA010650121700000301560248
B1129484547783N01144415EA010630121500000331520255
B1129494547779N01144419EA010610121300000331480255
B1129504547775N01144423EA010600121100000321460255
B1129514547771N01144427EA010580120900000321460255
B1129524547767N01144431EA010560120700000321450255
B1129534547763N01144435EA010550120500000321440255
B1129544547759N01144439EA010530120300000331430203
B1129554547755N01144444EA010510120100000331420203
B1129564547751N01144448EA010490120000000331410203
B1129574547748N01144453EA010480119800000331400203
B1129584547744N01144458EA010460119600000331350203
B1129594547741N01144463EA010450119400000331300205
B1130004547739N01144470EA010430119300000361260205
B1130014547736N01144477EA010420119100000361220205
B1130024547733N01144484EA010400118900000381200205
B1130034547731N01144491EA010390118800000381180205
B1130044547730N01144498EA010380118800000341080205
B1130054547729N01144506EA010370118700000340980205
B1130064547729N01144513EA010360118500000360960204
B1130074547728N01144521EA010340118400000360940204
B1130084547726N01144529EA010330118200000361020204
B1130094547723N01144535EA010320118100000361100204
B1130104547720N01144539EA010300117900000291290204
B1130114547716N01144540EA010290117800000291480204
B1130124547711N01144540EA010270117500000301720204
B1130134547708N01144537EA010260117400000301960169
B1130144547705N01144532EA010240117300000252140169
B1130154547703N01144528EA010230117300000252320169
B1130164547703N01144522EA010220117100000262490169
B1130174547704N01144516EA010210117000000262660169
B1130184547706N01144509EA010190116800000362830166
B1130194547710N01144503EA010170116500000363000166
B1130204547716N01144498EA010160116300000453170205
B1130214547722N01144495EA010140116200000453340205
B1130224547728N01144494EA010130116200000383440205
B1130234547733N01144494EA010130116200000383540205
B1130244547739N01144493EA010120116100000393550205
B1130254547746N01144493EA010100115900000393560205
B1130264547753N01144492EA010080115600000483560205
B1130274547760N01144492EA010060115400000483560205
B1130284547767N01144492EA010050115400000443590252
B1130294547773N01144492EA010040115400000440020252
B1130304547779N01144493EA010030115400000370030252
B1130314547784N01144493EA010020115300000370040252
B1130324547789N01144491EA010010115100000343520252
B1130334547793N01144487EA009990114900000343400252
B1130344547794N01144479EA009960114600000363120252
B1130354547794N01144472EA009940114200000362840252
B1130364547791N01144466EA009920114000000302550252
B1130374547788N01144463EA009900113900000302260252
B1130384547783N01144463EA009880113800000282000252
B1130394547779N01144465EA009870113700000281740252
B1130404547776N01144468EA009850113500000311600252
B1130414547771N01144472EA009840113300000311460252
B1130424547767N01144476EA009820113100000341490252
B1130434547762N01144479EA009800112900000341520252
B1130444547757N01144481EA009790112800000371580205
B1130454547751N01144483EA009770112500000371640205
B1130464547744N01144486EA009750112200000461620205
B1130474547738N01144490EA009720111900000461600205
B1130484547731N01144493EA009710111800000431590205
B1130494547726N01144496EA009690111700000431580205
B1130504547720N01144499EA009680111700000381580205
B1130514547714N01144501EA009670111600000391620205
B1130524547708N01144503EA009660111400000401650166
B1130534547702N01144505EA009640111200000401680166
B1130544547696N01144507EA009630111000000411670166
B1130554547690N01144509EA009610110900000411660166
B1130564547685N01144511EA009600110900000381650166
B1130574547679N01144513EA009600110800000381640169
B1130584547674N01144514EA009590110800000311660169
B1130594547670N01144515EA009580110800000311680169
B1131004547665N01144516EA009580110800000301710169
B1131014547661N01144516EA009570110700000301740169
B1131024547656N01144517EA009560110600000321740169
B1131034547651N01144518EA009550110400000321740169
B1131044547646N01144519EA009540110300000341690169
B1131054547641N01144521EA009530110200000341640169
B1131064547636N01144523EA009520110000000321650169
B1131074547632N01144524EA009510110000000321660169
B1131084547628N01144525EA009500109900000231670169
B1131094547625N01144527EA009490109800000231680169
B1131104547621N01144528EA009470109500000271650169
B1131114547617N01144530EA009450109200000271620169
B1131124547611N01144532EA009420108800000371640169
B1131134547606N01144534EA009390108400000371660159
B1131144547600N01144535EA009360108000000391670159
B1131154547594N01144537EA009340107700000391680159
B1131164547589N01144539EA009310107500000361680159
B1131174547583N01144540EA009280107300000361680159
B1131184547578N01144542EA009260107000000361660159
B1131194547573N01144545EA009230106800000361640159
B1131204547567N01144547EA009210106500000381630159
B1131214547562N01144549EA009180106200000381620159
B1131224547556N01144551EA009160105900000381630156
B1131234547551N01144553EA009140105800000381640156
B1131244547545N01144556EA009120105600000361640156
B1131254547540N01144558EA009100105400000361640156
B1131264547535N01144560EA009070105100000371640156
B1131274547529N01144562EA009050104900000371640156
B1131284547523N01144564EA009030104600000381640161
B1131294547518N01144566EA009010104400000381640161
B1131304547512N01144568EA008990104200000391640161
B1131314547507N01144570EA008970104000000391640151
B1131324547501N01144572EA008950103800000391670151
B1131334547495N01144573EA008930103600000391700151
B1131344547489N01144574EA008900103400000401710151
B1131354547483N01144575EA008880103200000401720151
B1131364547477N01144578EA008860102900000421670151
B1131374547471N01144581EA008840102800000421620151
B1131384547464N01144583EA008830102600000421620151
B1131394547458N01144586EA008810102500000421620151
B1131404547452N01144587EA008800102400000401660151
B1131414547446N01144589EA008790102200000401700151
B1131424547440N01144591EA008780102100000421670151
B1131434547434N01144593EA008770102100000421640151
B1131444547429N01144596EA008760102000000381610151
B1131454547423N01144599EA008750102000000381580151
B1131464547418N01144600EA008750101900000361640151
B1131474547412N01144601EA008740101800000361700151
B1131484547406N01144602EA008730101600000411730153
B1131494547400N01144602EA008720101500000411760153
B1131504547393N01144603EA008700101300000431740153
B1131514547387N01144605EA008690101200000431720153
B1131524547380N01144607EA008680101000000441660153
B1131534547374N01144610EA008670100900000441620153
B1131544547369N01144613EA008660100900000371620150
B1131554547364N01144615EA008650100800000371620150
B1131564547359N01144616EA008650100800000331660146
B1131574547354N01144617EA008640100700000331700146
B1131584547349N01144618EA008630100600000351720146
B1131594547343N01144619EA008620100400000351740146
B1132004547338N01144620EA008610100300000381700146
B1132014547332N01144622EA008600100200000381660146
B1132024547326N01144624EA008590100100000411670146
B1132034547320N01144625EA008590100100000411680146
B1132044547314N01144626EA008590100200000341690146
B1132054547310N01144627EA008600100400000341700144
B1132064547306N01144629EA008610100600000231670144
B1132074547303N01144630EA008620100800000231640144
B1132084547299N01144632EA008630101000000231610144
B1132094547296N01144634EA008640101000000231580144
B1132104547292N01144635EA008650101000000291670144
B1132114547287N01144634EA008650101000000291760144
B1132124547283N01144633EA008650101000000271840144
B1132134547279N01144631EA008660101100000271920144
B1132144547275N01144630EA008670101200000281910144
B1132154547271N01144630EA008670101200000281900144
B1132164547266N01144630EA008680101200000321820144
B1132174547261N01144631EA008690101300000321740144
B1132184547256N01144632EA008700101500000291720148
B1132194547252N01144632EA008710101700000291700148
B1132204547248N01144632EA008730101900000261740148
B1132214547244N01144633EA008740102100000261780148
B1132224547240N01144633EA008760102200000281730148
B1132234547236N01144636EA008770102300000281680148
B1132244547233N01144640EA008790102500000271480148
B1132254547231N01144645EA008810102700000271280148
B1132264547229N01144648EA008830103000000181270148
B1132274547227N01144650EA008840103100000181260148
B1132284547224N01144651EA008860103200000201500148
B1132294547221N01144650EA008860103200000201740148
B1132304547217N01144649EA008870103200000231830148
B1132314547214N01144648EA008870103200000231920148
B1132324547210N01144648EA008880103300000241880144
B1132334547206N01144647EA008890103400000241840144
B1132344547203N01144647EA008900103500000241830144
B1132354547199N01144647EA008910103700000241820144
B1132364547195N01144648EA008920103800000251770144
B1132374547191N01144648EA008940104000000251720144
B1132384547188N01144650EA008950104200000211660144
B1132394547186N01144652EA008970104400000211600144
B1132404547185N01144657EA008990104700000241270144
B1132414547187N01144663EA009010104800000240940145
B1132424547190N01144670EA009030104900000420690145
B1132434547196N01144674EA009040105000000420440145
B1132444547203N01144676EA009060105200000460220145
B1132454547209N01144673EA009080105400000460000145
B1132464547216N01144667EA009090105500000493400148
B1132474547220N01144659EA009100105600000483200148
B1132484547222N01144649EA009110105700000443000148
B1132494547221N01144641EA009120105800000382780148
B1132504547217N01144637EA009120105900000302440148
B1132514547213N01144637EA009120105900000302100148
B1132524547211N01144642EA009130105800000312100148
B1132534547211N01144649EA009130105900000361120148
B1132544547214N01144655EA009140106200000360830148
B1132554547217N01144660EA009160106500000360540148
B1132564547221N01144664EA009180106800000280420148
B1132574547225N01144667EA009200107000000280300148
B1132584547230N01144671EA009220107000000390310148
B1132594547235N01144677EA009230106900000390320148
B1133004547240N01144683EA009240106900000450370148
B1133014547245N01144689EA009250107100000450420148
B1133024547248N01144694EA009270107500000330410148
B1133034547252N01144698EA009290107700000330400148
B1133044547256N01144703EA009310107900000350360148
B1133054547261N01144707EA009320107900000350320149
B1133064547267N01144713EA009330107900000450320149
B1133074547272N01144718EA009340108100000450320149
B1133084547277N01144722EA009360108300000380320149
B1133094547282N01144726EA009380108600000380320149
B1133104547286N01144731EA009400108800000350310149
B1133114547291N01144735EA009420108900000350300149
B1133124547297N01144740EA009420108900000430310149
B1133134547302N01144745EA009430108900000430320149
B1133144547307N01144751EA009440109000000420360149
B1133154547312N01144756EA009450109200000420400150
B1133164547316N01144761EA009460109400000340370150
B1133174547320N01144765EA009480109600000340340151
B1133184547325N01144770EA009490109700000380330151
B1133194547330N01144775EA009500109700000380320151
B1133204547334N01144780EA009510109800000400350151
B1133214547339N01144785EA009520109800000400380151
B1133224547344N01144790EA009520109900000360370151
B1133234547348N01144795EA009530110000000360360151
B1133244547352N01144798EA009530110000000330340151
B1133254547357N01144803EA009530110000000330320151
B1133264547362N01144807EA009520109800000420320150
B1133274547367N01144813EA009510109500000420320149
B1133284547373N01144818EA009490109300000480320149
B1133294547380N01144824EA009470109100000480320149
B1133304547386N01144830EA009460108900000510310149
B1133314547393N01144835EA009440108800000510300149
B1133324547399N01144841EA009430108800000470300149
B1133334547405N01144846EA009430108800000470300149
B1133344547411N01144851EA009420108700000460310156
B1133354547417N01144857EA009410108600000460320156
B1133364547423N01144863EA009400108500000490320157
B1133374547430N01144868EA009390108300000490320157
B1133384547436N01144874EA009380108200000490310157
B1133394547442N01144879EA009370108200000490300157
B1133404547448N01144885EA009370108200000460320157
B1133414547454N01144891EA009360108100000460340157
B1133424547460N01144897EA009350107900000500330157
B1133434547466N01144903EA009330107700000500320155
B1133444547473N01144910EA009320107600000530330155
B1133454547479N01144916EA009310107500000530340159
B1133464547486N01144922EA009300107400000500330159
B1133474547492N01144928EA009290107400000500320159
B1133484547498N01144934EA009280107300000500320159
B1133494547505N01144941EA009270107100000500320159
B1133504547511N01144947EA009260107000000530350155
B1133514547517N01144954EA009240106800000530380155
B1133524547524N01144961EA009230106700000520360155
B1133534547531N01144967EA009210106500000520340160
B1133544547537N01144972EA009200106400000520310160
B1133554547544N01144978EA009180106200000520280160
B1133564547551N01144984EA009160105900000530300160
B1133574547558N01144990EA009140105700000530320160
B1133584547565N01144995EA009120105400000530280157
B1133594547573N01145000EA009100105200000530240157
B1134004547580N01145004EA009080105100000510230157
B1134014547587N01145009EA009070105000000510220157
B1134024547594N01145013EA009050104900000480220159
B1134034547600N01145017EA009030104700000480220159
B1134044547608N01145022EA009010104400000520220159
B1134054547615N01145026EA008990104100000520220161
B1134064547622N01145030EA008970103900000530220161
B1134074547629N01145035EA008950103700000490220161
B1134084547636N01145038EA008940103700000460210161
B1134094547642N01145042EA008920103600000460200161
B1134104547649N01145046EA008900103400000470210161
B1134114547655N01145051EA008880103100000470220161
B1134124547662N01145056EA008850102700000520250161
B1134134547669N01145061EA008830102400000520280161
B1134144547676N01145066EA008800102200000490260162
B1134154547683N01145070EA008780102000000490240162
B1134164547689N01145074EA008760101800000490240162
B1134174547696N01145079EA008740101600000490240162
B1134184547703N01145083EA008720101400000490240162
B1134194547710N01145087EA008700101200000490240162
B1134204547717N01145091EA008680101000000490220160
B1134214547724N01145095EA008660100800000490200160
B1134224547731N01145099EA008640100600000510200160
B1134234547738N01145103EA008620100400000510200160
B1134244547746N01145107EA008610100200000510180160
B1134254547753N01145110EA008590100100000510180160
B1134264547759N01145114EA008580100000000450200164
B1134274547765N01145118EA008570099900000450220172
B1134284547771N01145122EA008560099800000440230172
B1134294547778N01145126EA008540099700000440240172
B1134304547784N01145131EA008530099500000480250172
B1134314547790N01145136EA008510099300000480260172
B1134324547797N01145140EA008490099100000490260172
B1134334547804N01145145EA008480098900000490260172
B1134344547811N01145150EA008460098800000520240178
B1134354547818N01145153EA008450098700000520220178
B1134364547826N01145155EA008440098500000510140178
B1134374547833N01145157EA008420098400000510060178
B1134384547840N01145159EA008410098300000490060178
B1134394547848N01145163EA008410098200000510160204
B1134404547855N01145167EA008400098200000510180175
B1134414547862N01145171EA008390098200000510200204
B1134424547869N01145175EA008390098200000490210181
B1134434547875N01145179EA008390098300000490220181
B1134444547882N01145183EA008390098300000470220181
B1134454547889N01145187EA008390098200000470220181
B1134464547896N01145190EA008390098100000490190202
B1134474547903N01145193EA008380098000000490160181
B1134484547910N01145196EA008370097900000490160181
B1134494547917N01145199EA008360097800000490160191
B1134504547924N01145203EA008350097700000510180191
B1134514547932N01145208EA008340097500000510200191
B1134524547939N01145212EA008330097400000500220191
B1134534547946N01145216EA008320097300000500240188
B1134544547953N01145220EA008310097300000500230188
B1134554547959N01145225EA008300097200000500220200
B1134564547966N01145229EA008290097100000480240200
B1134574547972N01145234EA008290097100000480260200
B1134584547979N01145238EA008280097000000480250200
B1134594547986N01145243EA008270096900000480240210
B1135004547993N01145247EA008260096800000520240210
B1135014548000N01145252EA008250096700000520240210
B1135024548008N01145257EA008250096600000530260194
B1135034548014N01145262EA008250096700000530260202
B1135044548021N01145266EA008250096700000460230197
B1135054548028N01145270EA008250096800000460200197
B1135064548035N01145274EA008240096700000510220197
B1135074548042N01145279EA008230096600000510240197
B1135084548049N01145284EA008230096500000520240197
B1135094548056N01145288EA008220096400000520240197
B1135104548063N01145293EA008210096200000520240195
B1135114548071N01145297EA008190096000000560220195
B1135124548079N01145302EA008180095800000570220195
B1135134548087N01145306EA008170095600000540200195
B1135144548094N01145309EA008160095700000480190195
B1135154548100N01145313EA008150095700000480180190
B1135164548106N01145316EA008140095600000440180190
B1135174548113N01145320EA008130095400000440180193
B1135184548120N01145324EA008110095100000520220193
B1135194548127N01145330EA008090094800000520260193
B1135204548134N01145336EA008080094600000560270193
B1135214548142N01145341EA008060094600000510280193
B1135224548148N01145346EA008060094600000470270193
B1135234548154N01145350EA008050094700000470260193
B1135244548161N01145355EA008040094500000480250204
B1135254548168N01145359EA008030094300000480240204
B1135264548175N01145364EA008010094000000550230197
B1135274548183N01145369EA007990093800000550220197
B1135284548190N01145373EA007980093700000530220197
B1135294548197N01145377EA007970093700000530220197
B1135304548204N01145381EA007960093700000470210197
B1135314548211N01145385EA007950093600000470200202
B1135324548218N01145388EA007940093400000510190202
B1135334548225N01145392EA007920093100000510180202
B1135344548233N01145396EA007890092800000540180202
B1135354548241N01145399EA007870092500000540180202
B1135364548249N01145403EA007850092200000550160202
B1135374548256N01145407EA007820092000000550180202
B1135384548264N01145411EA007790091700000520200208
B1135394548271N01145416EA007770091500000520200200
B1135404548278N01145419EA007740091100000520190200
B1135414548286N01145424EA007710090700000550180200
B1135424548294N01145429EA007670090300000570200200
B1135434548301N01145434EA007630089800000570220200
B1135444548309N01145440EA007590089300000580260200
B1135454548317N01145446EA007550088900000580280210
B1135464548324N01145452EA007510088500000560300210
B1135474548331N01145459EA007470088200000560320210
B1135484548338N01145465EA007440087800000540330204
B1135494548344N01145472EA007400087400000540340204
B1135504548351N01145479EA007370087100000550350204
B1135514548358N01145486EA007330086700000550360204
B1135524548365N01145494EA007300086300000570360211
B1135534548372N01145501EA007260085900000570360211
B1135544548379N01145508EA007230085500000600350211
B1135554548387N01145515EA007190085200000580340208
B1135564548394N01145522EA007160084900000540320208
B1135574548401N01145528EA007140084700000540300208
B1135584548407N01145534EA007110084400000520300208
B1135594548414N01145539EA007080084000000520300216
B1136004548421N01145545EA007040083700000560290216
B1136014548429N01145551EA007010083300000590280216
B1136024548437N01145558EA006970082900000600280216
B1136034548445N01145564EA006940082600000590280215
B1136044548452N01145569EA006920082400000570270215
B1136054548460N01145575EA006890082200000550260215
B1136064548467N01145580EA006860081900000550250215
B1136074548475N01145585EA006840081700000560240215
B1136084548483N01145591EA006810081300000570260215
B1136094548490N01145597EA006780081000000570280215
B1136104548498N01145602EA006760080800000570260215
B1136114548506N01145608EA006730080500000570240215
B1136124548513N01145613EA006710080300000560240214
B1136134548521N01145618EA006690080100000550240214
B1136144548528N01145624EA006670079900000540240214
B1136154548535N01145629EA006650079800000530260214
B1136164548543N01145633EA006630079500000540240214
B1136174548550N01145638EA006610079300000540220214
B1136184548558N01145642EA006590079100000530220214
B1136194548565N01145647EA006560078900000530240218
B1136204548572N01145652EA006540078600000510250218
B1136214548579N01145658EA006510078300000510260218
B1136224548586N01145664EA006480077900000560270218
B1136234548593N01145670EA006450077500000560280218
B1136244548601N01145677EA006420077100000590300218
B1136254548608N01145683EA006400077000000590300218
B1136264548615N01145688EA006380076900000510290256
B1136274548622N01145693EA006360076800000510280256
B1136284548628N01145699EA006340076600000490290256
B1136294548635N01145704EA006320076400000490300256
B1136304548641N01145710EA006300076100000520300256
B1136314548648N01145716EA006270075700000520300255
B1136324548656N01145722EA006240075400000560280255
B1136334548663N01145728EA006210075100000560280323
B1136344548671N01145733EA006180074800000560260323
B1136354548679N01145738EA006160074500000550240323
B1136364548686N01145742EA006130074300000550220323
B1136374548694N01145746EA006100074000000570200323
B1136384548703N01145749EA006080073700000580160323
B1136394548711N01145753EA006050073400000590140381
B1136404548720N01145756EA006020073100000590140381
B1136414548728N01145759EA005990072800000580140381
B1136424548737N01145762EA005970072500000570140360
B1136434548745N01145765EA005940072300000570140360
B1136444548753N01145768EA005920072000000570140360
B1136454548762N01145771EA005890071700000580140410
B1136464548770N01145774EA005860071400000590120410
B1136474548779N01145777EA005830071000000600120410
B1136484548788N01145781EA005800070700000600140410
B1136494548797N01145784EA005770070400000600140410
B1136504548805N01145787EA005740070000000590140410
B1136514548814N01145791EA005710069800000580140457
B1136524548822N01145794EA005700069800000520160457
B1136534548828N01145797EA005690069900000520160457
B1136544548834N01145799EA005700070200000370160457
B1136554548839N01145802EA005710070300000370160457
B1136564548844N01145805EA005720070300000370160457
B1136574548849N01145809EA005720070200000400240457
B1136584548856N01145812EA005710070200000450220438
B1136594548862N01145816EA005710070100000450200484
B1137004548869N01145819EA005710070000000490200484
B1137014548876N01145824EA005710070100000490200484
B1137024548881N01145829EA005720070200000420270484
B1137034548886N01145834EA005730070500000420340484
B1137044548890N01145839EA005740070700000350360484
B1137054548894N01145844EA005750070700000350400484
B1137064548898N01145849EA005770070800000360370484
B1137074548903N01145853EA005780070900000360340484
B1137084548908N01145856EA005790071000000370280484
B1137094548914N01145859EA005790071000000370220538
B1137104548919N01145863EA005800071100000400220492
B1137114548925N01145866EA005800071100000400220492
B1137124548931N01145870EA005810071100000430220492
B1137134548937N01145874EA005810071100000430220492
B1137144548943N01145877EA005810071000000430210492
B1137154548949N01145880EA005800070900000430200492
B1137164548954N01145884EA005790070900000400220492
B1137174548960N01145888EA005780070700000400240538
B1137184548965N01145892EA005770070600000400270538
B1137194548970N01145897EA005760070500000400300538
B1137204548975N01145902EA005740070400000410330538
B1137214548980N01145908EA005730070300000410360538
B1137224548986N01145913EA005720070200000430350532
B1137234548991N01145918EA005710070100000430340532
B1137244548997N01145924EA005710070000000470350532
B1137254549003N01145930EA005710070000000470360532
B1137264549008N01145936EA005710070200000430350532
B1137274549013N01145941EA005720070400000430340594
B1137284549017N01145947EA005720070500000390380594
B1137294549021N01145953EA005730070500000390420594
B1137304549026N01145959EA005730070400000400430594
B1137314549030N01145965EA005730070400000400440593
B1137324549036N01145971EA005730070400000450400593
B1137334549041N01145977EA005730070300000450360593
B1137344549046N01145984EA005720070200000450390593
B1137354549051N01145991EA005710070100000450420593
B1137364549055N01145998EA005700070000000450450593
B1137374549060N01146006EA005700069900000450480653
B1137384549064N01146013EA005690069800000430470643
B1137394549068N01146019EA005690069700000430460643
B1137404549073N01146026EA005690069600000440450643
B1137414549078N01146034EA005680069600000440440643
B1137424549083N01146041EA005690069600000490460643
B1137434549087N01146049EA005690069700000490480643
B1137444549092N01146057EA005710069900000450480643
B1137454549096N01146065EA005720070100000460520631
B1137464549099N01146073EA005740070300000460550631
B1137474549103N01146082EA005760070500000470580631
B1137484549106N01146091EA005780070700000480620631
B1137494549110N01146099EA005800070900000480580672
B1137504549114N01146106EA005820071300000410530672
B1137514549118N01146112EA005840071600000410480644
B1137524549121N01146119EA005870071900000350570644
B1137534549123N01146126EA005890072000000350660644
B1137544549124N01146133EA005900072000000340740644
B1137554549123N01146139EA005910072100000340820644
B1137564549122N01146145EA005920072200000260990644
B1137574549120N01146149EA005920072200000261160644
B1137584549117N01146151EA005920072200000211310644
B1137594549114N01146154EA005930072300000211460644
B1138004549111N01146155EA005940072400000181540644
B1138014549108N01146156EA005940072500000181620598
B1138024549105N01146155EA005950072500000211770598
B1138034549103N01146153EA005960072600000211920598
B1138044549101N01146150EA005960072700000192150598
B1138054549100N01146145EA005970072700000192380598
B1138064549100N01146139EA005980072700000292380598
B1138084549104N01146127EA006000072900000322900598
B1138094549107N01146121EA006010073100000323000598
B1138104549111N01146115EA006030073300000363050644
B1138114549114N01146109EA006050073500000363100672
B1138124549117N01146104EA006060073600000293100672
B1138134549120N01146101EA006080073800000293100672
B1138144549126N01146099EA006090073900000393280672
B1138154549133N01146098EA006100073900000393460672
B1138164549140N01146099EA006110073800000513580672
B1138174549147N01146103EA006120073900000510100672
B1138184549154N01146109EA006130074100000510100672
B1138194549160N01146115EA006150074400000450340689
B1138204549164N01146122EA006160074600000400400689
B1138214549168N01146128EA006180074800000400460689
B1138224549170N01146135EA006200074900000390550689
B1138234549172N01146142EA006200075100000390640689
B1138244549172N01146148EA006210075100000270790689
B1138254549171N01146153EA006220075200000270940689
B1138264549168N01146156EA006220075200000191160689
B1138274549166N01146157EA006230075200000191380689
B1138284549163N01146155EA006230075200000221740689
B1138294549161N01146151EA006230075100000222100689
B1138304549159N01146144EA006230075200000302320644
B1138314549158N01146139EA006240075400000302540644
B1138324549156N01146135EA006260075600000202470644
B1138334549155N01146131EA006280075800000202400644
B1138344549153N01146127EA006290075900000212420644
B1138354549153N01146123EA006300075900000212440644
B1138364549153N01146117EA006310075900000262630644
B1138374549155N01146112EA006310075900000262820644
B1138384549160N01146107EA006310075900000393060705
B1138394549166N01146105EA006300075800000393300705
B1138404549173N01146104EA006300075700000493450705
B1138414549181N01146105EA006300075700000520000705
B1138424549189N01146107EA006310075900000530080705
B1138434549196N01146109EA006330076100000530100705
B1138444549203N01146111EA006350076400000420090705
B1138454549209N01146113EA006370076800000420080689
B1138464549215N01146116EA006390077000000450140719
B1138474549221N01146121EA006410077000000450200719
B1138484549227N01146127EA006420076900000490300719
B1138494549232N01146135EA006420077000000490400719
B1138504549235N01146141EA006430077200000350490719
B1138514549237N01146147EA006440077400000350580719
B1138524549239N01146151EA006460077600000230590719
B1138534549240N01146156EA006470077700000230600719
B1138544549239N01146160EA006480077800000230870719
B1138554549236N01146164EA006490077700000231140673
B1138564549232N01146165EA006490077600000251440673
B1138574549229N01146164EA006490077700000251740673
B1138584549225N01146164EA006500077900000211770673
B1138594549223N01146166EA006510078000000211800673
B1139004549220N01146168EA006530078300000191550673
B1139014549219N01146172EA006550078600000191300673
B1139024549217N01146175EA006570078800000171280673
B1139034549215N01146177EA006590079000000171260673
B1139044549213N01146180EA006600079000000211380673
B1139054549210N01146182EA006610079100000211500673
B1139064549206N01146184EA006620079200000231520651
B1139074549203N01146186EA006630079400000231540651
B1139084549200N01146187EA006650079600000241590651
B1139094549196N01146189EA006660079800000241640651
B1139104549192N01146190EA006680079900000271640651
B1139114549188N01146191EA006690080100000281660651
B1139124549183N01146193EA006710080200000301640651
B1139134549179N01146196EA006730080400000301620651
B1139144549175N01146199EA006740080600000301520651
B1139154549172N01146203EA006760080800000301420651
B1139164549169N01146205EA006780081000000221500651
B1139174549166N01146206EA006800081200000221580651
B1139184549162N01146205EA006820081400000251700651
B1139194549159N01146205EA006840081600000251820600
B1139204549156N01146205EA006860082000000121840600
B1139214549155N01146204EA006890082300000121860600
B1139224549155N01146200EA006910082500000182250600
B1139234549156N01146195EA006930082500000182640600
B1139244549159N01146190EA006940082600000372880600
B1139254549164N01146185EA006960082700000373120651
B1139264549170N01146183EA006970082900000413330651
B1139274549176N01146184EA007000083200000413540651
B1139284549181N01146188EA007030083500000370110651
B1139294549186N01146193EA007060083800000370280651
B1139304549189N01146198EA007080084100000350420651
B1139314549191N01146206EA007110084300000350560651
B1139334549188N01146220EA007140084500000340960612
B1139344549185N01146224EA007150084600000301190612
B1139354549182N01146226EA007170084800000301420612
B1139364549179N01146226EA007190085100000161680612
B1139374549178N01146223EA007200085300000161940612
B1139384549177N01146219EA007220085500000212320612
B1139394549179N01146215EA007240085700000212700612
B1139404549182N01146211EA007260085900000292950651
B1139414549186N01146207EA007280086000000293200651
B1139424549192N01146206EA007300086200000373380651
B1139434549197N01146208EA007320086400000373560651
B1139444549202N01146212EA007340086600000390150612
B1139454549207N01146217EA007360086800000390340612
B1139464549210N01146225EA007370086900000400470637
B1139474549212N01146232EA007380087100000400600637
B1139484549212N01146240EA007400087200000340740637
B1139494549212N01146247EA007410087300000340880637
B1139504549210N01146252EA007420087300000281010637
B1139514549208N01146256EA007430087500000281140612
B1139524549205N01146257EA007440087600000191440612
B1139534549202N01146256EA007450087700000191740612
B1139544549200N01146252EA007460087800000222080612
B1139554549200N01146247EA007470088000000222420612
B1139564549201N01146242EA007480088100000262660612
B1139574549203N01146237EA007500088300000262900612
B1139584549206N01146233EA007520088500000283030612
B1139594549210N01146229EA007530088600000283160637
B1140004549214N01146225EA007550088800000303230637
B1140014549218N01146222EA007560088900000303300637
B1140024549223N01146220EA007580089100000333340637
B1140034549228N01146218EA007590089200000333380637
B1140044549233N01146218EA007600089300000363520637
B1140054549239N01146221EA007610089400000360060637
B1140064549244N01146225EA007620089400000440190637
B1140074549249N01146231EA007630089500000440320637
B1140084549253N01146238EA007640089600000410430637
B1140094549256N01146246EA007660089900000410540637
B1140104549257N01146254EA007670090000000360680637
B1140114549257N01146261EA007680090200000360820637
B1140124549256N01146266EA007690090300000230980600
B1140134549253N01146269EA007700090400000231140600
B1140144549251N01146270EA007710090500000191440600
B1140154549248N01146268EA007720090500000191740600
B1140164549246N01146265EA007730090700000202040600
B1140174549246N01146260EA007740090800000202400637
B1140184549246N01146255EA007750090900000272600637
B1140194549247N01146249EA007760091000000272800637
B1140204549248N01146243EA007770091100000272810637
B1140214549249N01146238EA007790091200000272820637
B1140224549250N01146233EA007800091300000232810637
B1140234549251N01146227EA007800091400000232800637
B1140244549253N01146222EA007810091400000322910637
B1140254549256N01146216EA007810091400000323020637
B1140264549259N01146210EA007810091400000333050716
B1140274549263N01146205EA007810091400000333080716
B1140284549266N01146200EA007810091400000303120716
B1140294549269N01146196EA007810091400000303160716
B1140304549273N01146191EA007810091300000293150716
B1140314549275N01146186EA007810091300000293140716
B1140324549278N01146182EA007800091200000283110716
B1140334549281N01146177EA007800091200000283080716
B1140344549285N01146173EA007800091200000303150716
B1140354549289N01146169EA007810091300000303220716
B1140364549294N01146165EA007820091500000393260716
B1140374549300N01146161EA007840091800000393300742
B1140384549306N01146159EA007860092100000433370742
B1140394549313N01146157EA007890092400000433440782
B1140404549320N01146154EA007920092800000513430782
B1140414549327N01146151EA007950093100000513420782
B1140424549334N01146148EA007990093600000463440782
B1140434549340N01146146EA008030094000000463460782
B1140444549347N01146146EA008070094500000423520782
B1140454549353N01146146EA008110095000000423580782
B1140464549360N01146146EA008150095400000463580817
B1140484549373N01146148EA008220096200000430020817
B1140494549379N01146152EA008260096500000430120817
B1140504549385N01146156EA008290096800000440200817
B1140514549391N01146160EA008320097100000440280817
B1140524549397N01146164EA008350097500000400250808
B1140534549402N01146168EA008390097900000400220808
B1140544549406N01146172EA008420098300000360300808
B1140554549410N01146178EA008460098600000360380857
B1140564549412N01146183EA008490099000000270500857
B1140574549413N01146188EA008530099400000270620857
B1140584549414N01146193EA008560099700000230740857
B1140594549413N01146197EA008600100100000230860857
B1141004549412N01146201EA008630100400000171010857
B1141014549410N01146203EA008660100700000171160857
B1141024549408N01146203EA008690101100000161480808
B1141034549406N01146202EA008720101400000161800808
B1141044549404N01146198EA008750101700000222030808
B1141054549402N01146194EA008780102100000222260808
B1141064549400N01146189EA008820102500000282420808
B1141074549401N01146182EA008850102900000282580808
B1141084549403N01146174EA008890103200000432760808
B1141094549408N01146166EA008920103400000492960808
B1141104549415N01146162EA008950103700000533190857
B1141114549423N01146162EA008970103900000533420857
B1141124549430N01146164EA009000104200000503580857
B1141134549437N01146167EA009030104500000500140857
B1141144549442N01146171EA009060105000000400210857
B1141154549447N01146176EA009090105300000400280857
B1141164549450N01146182EA009120105600000340450857
B1141174549451N01146189EA009140105800000340620857
B1141184549451N01146194EA009170106000000230760857
B1141194549450N01146198EA009190106300000230900857
B1141204549449N01146202EA009210106400000201090857
B1141214549446N01146204EA009230106600000201280857
B1141224549443N01146206EA009250106800000221460857
B1141234549440N01146206EA009280107200000221640857
B1141244549437N01146205EA009310107600000181840857
B1141254549435N01146202EA009340108000000182040857
B1141264549434N01146197EA009370108200000232280857
B1141274549434N01146192EA009390108400000232520857
B1141284549434N01146185EA009410108500000332630857
B1141294549435N01146177EA009430108700000392740857
B1141304549438N01146168EA009450109000000452880857
B1141314549441N01146158EA009480109300000472920865
B1141324549444N01146149EA009520109700000472900865
B1141334549449N01146142EA009560110300000472980865
B1141344549455N01146138EA009600110600000493200865
B1141354549463N01146138EA009630110900000523420902
B1141364549470N01146140EA009670111200000490000902
B1141374549476N01146146EA009700111700000490180902
B1141384549480N01146153EA009740112000000430360902
B1141394549483N01146161EA009760112300000430540902
B1141404549484N01146168EA009790112600000330710888
B1141414549483N01146174EA009820112900000330880888
B1141424549480N01146178EA009850113300000201150888
B1141434549478N01146177EA009890113600000201420888
B1141444549475N01146174EA009920113900000261870888
B1141454549473N01146168EA009950114300000262320888
B1141464549473N01146160EA009980114700000372520902
B1141474549474N01146152EA010020115000000422660902
B1141484549477N01146143EA010050115500000472840902
B1141534549508N01146135EA010230117200000410080902
B1141544549514N01146140EA010250117400000450220934
B1141554549519N01146148EA010270117500000450360934
B1141564549522N01146157EA010290117600000490520934
B1141574549525N01146166EA010300117800000440640911
B1141584549526N01146173EA010330118200000320740911
B1141594549525N01146179EA010360118600000320840911
B1142004549524N01146182EA010390119000000161020911
B1142014549523N01146185EA010430119300000161200911
B1142024549522N01146187EA010450119600000101290911
B1142034549520N01146187EA010480119800000101380911
B1142044549517N01146184EA010500119900000231770911
B1142054549515N01146180EA010510120000000232160911
B1142064549513N01146174EA010530120200000292350911
B1142074549513N01146168EA010560120600000292540911
B1142084549514N01146161EA010590121100000302690934
B1142094549516N01146154EA010630121400000302840934
B1142104549520N01146147EA010670121800000462990934
B1142114549526N01146141EA010700122100000463140934
B1142124549533N01146137EA010730122400000513270934
B1142134549540N01146135EA010770122800000513400934
B1142144549547N01146135EA010810123300000433510934
B1142154549553N01146137EA010840123600000430020934
B1142164549559N01146141EA010860123700000430160951
B1142174549563N01146147EA010880123800000430300951
B1142184549567N01146156EA010890123800000440480951
B1142194549567N01146165EA010890123800000410660927
B1142204549566N01146173EA010910124000000360860927
B1142214549564N01146178EA010930124200000361060927
B1142224549563N01146180EA010960124700000101260927
B1142234549562N01146179EA010990125200000101460927
B1142244549561N01146176EA011020125500000181910927
B1142254549559N01146172EA011040125600000182360927
B1142264549556N01146169EA011060125700000242280911
B1142274549553N01146166EA011080126000000242200911
B1142284549551N01146164EA011100126300000212150911
B1142294549548N01146161EA011120126600000212100934
B1142304549546N01146156EA011150126800000272250934
B1142314549545N01146149EA011180127100000272400934
B1142324549546N01146141EA011210127400000422620934
B1142334549549N01146132EA011240127700000462860934
B1142344549553N01146125EA011280128100000442990934
B1142354549558N01146119EA011310128600000443120934
B1142364549564N01146115EA011360129000000433240951
B1142374549570N01146113EA011390129400000433360951
B1142384549577N01146114EA011430129600000473520951
B1142394549583N01146119EA011460129900000470120951
B1142404549587N01146126EA011480130200000390340951
B1142414549589N01146133EA011510130500000390560951
B1142424549589N01146140EA011540130900000310740951
B1142434549588N01146146EA011580131400000310920951
B1142444549585N01146150EA011620131800000231150951
B1142454549583N01146151EA011660132300000231380951
B1142464549580N01146149EA011700132700000191730951
B1142474549578N01146146EA011730133000000192080951
B1142484549576N01146141EA011760133300000302260951
B1142494549575N01146134EA011790133700000302440951
B1142504549575N01146127EA011830134100000352620951
B1142514549577N01146119EA011870134600000412800951
B1142524549582N01146111EA011910134900000472960970
B1142534549587N01146103EA011940135200000523080970
B1142544549594N01146098EA011980135500000543200970
B1142554549602N01146094EA012020135900000523320970
B1142564549609N01146091EA012050136200000463380982
B1142574549615N01146089EA012080136600000463440982
B1142584549622N01146089EA012120136900000423540982
B1142594549627N01146092EA012140137100000420040982
B1143004549632N01146096EA012160137200000370210982
B1143014549636N01146102EA012170137200000370380982
B1143024549638N01146110EA012180137300000400530982
B1143034549640N01146118EA012190137400000400680965
B1143044549641N01146125EA012210137700000340750965
B1143054549641N01146132EA012230138100000340820965
B1143064549641N01146138EA012260138400000270920965
B1143074549639N01146143EA012290138700000271020965
B1143084549636N01146147EA012320139000000261220965
B1143094549632N01146148EA012350139300000261420965
B1143104549629N01146147EA012380139700000241710965
B1143114549626N01146143EA012410140000000242000965
B1143124549624N01146139EA012440140400000252240965
B1143134549623N01146133EA012480140800000252480965
B1143144549624N01146127EA012520141200000292610965
B1143154549624N01146120EA012550141500000292740965
B1143164549627N01146112EA012580141800000422840965
B1143174549630N01146104EA012620142100000422920982
B1143184549634N01146098EA012650142500000423040982
B1143194549640N01146093EA012690142900000423160982
B1143204549645N01146089EA012720143200000423260982
B1143214549651N01146086EA012760143500000423360982
B1143224549657N01146084EA012790143800000423440982
B1143234549664N01146084EA012810144000000423520991
B1143244549670N01146086EA012840144200000410030991
B1143254549676N01146089EA012860144400000410140991
B1143264549680N01146093EA012880144500000390260991
B1143274549685N01146099EA012900144800000390380991
B1143284549689N01146106EA012930145200000400460991
B1143294549691N01146113EA012960145600000400540997
B1143304549693N01146120EA012990146100000310660997
B1143314549693N01146126EA013030146500000310780997
B1143324549691N01146131EA013060146900000260980997
B1143334549688N01146135EA013100147200000261180997
B1143344549685N01146136EA013130147500000221450997
B1143354549682N01146135EA013160147800000221720997
B1143364549680N01146131EA013190148200000232020997
B1143374549678N01146127EA013220148600000232320997
B1143384549678N01146122EA013250149000000232320997
B1143394549678N01146116EA013280149200000302640997
B1143404549680N01146108EA013300149300000402780991
B1143414549684N01146100EA013320149400000452900991
B1143424549689N01146093EA013330149500000473040991
B1143434549695N01146088EA013350149700000473180991
B1143444549701N01146085EA013380150000000463300991
B1143454549708N01146083EA013410150300000463420991
B1143464549713N01146082EA013440150600000383480994
B1143474549719N01146081EA013470150900000383540994
B1143484549725N01146083EA013490151200000390020994
B1143494549730N01146085EA013520151400000390100994
B1143504549735N01146090EA013540151600000380220994
B1143514549739N01146095EA013560151800000380340994
B1143524549742N01146102EA013590152100000360520994
B1143534549742N01146109EA013610152400000360700994
B1143544549740N01146115EA013640152700000320961014
B1143554549736N01146119EA013670153000000321221014
B1143564549733N01146120EA013700153500000211511014
B1143574549730N01146118EA013740154000000211801014
B1143584549729N01146115EA013780154400000212081014
B1143594549727N01146110EA013820154800000212360994
B1144004549727N01146104EA013850155100000302550994
B1144014549729N01146097EA013880155400000302740994
B1144024549733N01146089EA013900155500000482900994
B1144034549739N01146083EA013920155600000483080994
B1144044549746N01146079EA013950155800000503270994
B1144054549753N01146078EA013970156100000503460994
B1144064549759N01146078EA013990156400000373551005
B1144074549764N01146080EA014020156700000370041005
B1144084549769N01146082EA014050156900000350131005
B1144094549774N01146087EA014070157100000350221005
B1144104549778N01146092EA014090157300000390351005
B1144114549781N01146099EA014100157400000390481005
B1144124549782N01146106EA014120157600000340681005
B1144134549780N01146113EA014130157900000340881028
B1144144549778N01146118EA014150158000000281091028
B1144154549774N01146121EA014180158400000281301028
B1144164549771N01146121EA014210158700000231591028
B1144174549768N01146118EA014240159100000231881028
B1144184549766N01146113EA014270159500000282181028
B1144194549766N01146106EA014300159800000282481005
B1144204549766N01146099EA014330160100000332641005
B1144214549768N01146092EA014360160400000332801005
B1144224549772N01146086EA014380160700000382961005
B1144234549777N01146081EA014410160800000383121005
B1144244549782N01146076EA014430160900000463221005
B1144254549789N01146073EA014450161000000463321005
B1144264549795N01146074EA014470161300000403511005
B1144274549800N01146078EA014490161600000400101005
B1144284549804N01146083EA014500161700000370291005
B1144294549807N01146090EA014520161900000370481005
B1144304549808N01146096EA014540162100000280661005
B1144314549807N01146101EA014560162400000280841005
B1144324549804N01146106EA014580162500000291091005
B1144334549800N01146109EA014600162700000291341005
B1144344549796N01146111EA014620163000000271521005
B1144354549792N01146111EA014650163300000271701005
B1144364549789N01146109EA014670163700000221841005
B1144374549786N01146107EA014700164000000221981005
B1144384549784N01146103EA014730164300000242161005
B1144394549782N01146098EA014750164500000242341005
B1144404549781N01146092EA014780164700000282421005
B1144414549780N01146086EA014810165000000282501005
B1144424549781N01146079EA014830165300000312671005
B1144434549783N01146073EA014860165700000312841005
B1144444549787N01146068EA014890165900000353011005
B1144454549792N01146064EA014910166100000353181005
B1144464549798N01146063EA014930166100000403381005
B1144474549804N01146065EA014950166300000403581005
B1144484549809N01146069EA014970166400000390141040
B1144494549813N01146074EA014990166700000390301040
B1144504549816N01146079EA015010167000000320441040
B1144514549818N01146086EA015030167200000320581040
B1144524549819N01146094EA015050167300000350701040
B1144534549819N01146101EA015070167500000350821040
B1144544549816N01146106EA015090167800000321071040
B1144554549812N01146109EA015120168000000321321040
B1144564549808N01146110EA015140168300000271581005
B1144574549805N01146107EA015170168600000271841005
B1144584549803N01146103EA015190168900000242171005
B1144594549803N01146097EA015220169100000242501005
B1145004549803N01146090EA015240169300000322641005
B1145014549805N01146083EA015260169400000322781005
B1145024549809N01146076EA015270169600000442941040
B1145034549815N01146070EA015290169700000443101040
B1145044549822N01146068EA015300169800000493301040
B1145054549829N01146068EA015320170100000493501040
B1145064549834N01146071EA015350170500000360071040
B1145074549838N01146075EA015380170800000360241040
B1145084549842N01146079EA015410171100000320311040
B1145094549846N01146084EA015430171300000320381040
B1145104549851N01146091EA015450171500000450411040
B1145114549856N01146098EA015470171600000450441040
B1145124549861N01146105EA015490171800000450431038
B1145134549865N01146111EA015510172100000450421038
B1145144549869N01146117EA015530172300000390431053
B1145154549874N01146124EA015550172500000390441053
B1145164549878N01146131EA015570172600000460451053
B1145174549883N01146138EA015570172500000460461053
B1145184549889N01146146EA015570172300000530451053
B1145194549894N01146155EA015560172200000540441053
B1145204549900N01146163EA015550172100000530461079
B1145214549905N01146172EA015540172000000540481079
B1145224549910N01146182EA015530171800000540501098
B1145234549914N01146191EA015520171600000550521098
B1145244549919N01146200EA015510171400000540541098
B1145254549925N01146209EA015490171300000550501098
B1145264549931N01146217EA015470171100000540461118
B1145274549937N01146225EA015460170900000540421118
B1145284549943N01146234EA015440170700000550441118
B1145294549949N01146242EA015420170500000550441118
B1145304549955N01146250EA015400170300000570421118
B1145314549962N01146258EA015370169900000570401130
B1145324549967N01146267EA015340169500000570401114
B1145334549972N01146277EA015320169300000550501114
B1145344549975N01146288EA015290169100000510601114
B1145354549979N01146297EA015270169000000490641114
B1145364549983N01146307EA015250168800000500621114
B1145374549987N01146316EA015230168400000530581114
B1145384549991N01146326EA015200168100000550561114
B1145394549996N01146336EA015170167800000560561114
B1145404550000N01146346EA015150167500000540561114
B1145414550005N01146355EA015130167400000520541114
B1145424550010N01146363EA015110167200000500521109
B1145434550014N01146372EA015090167000000500501109
B1145444550019N01146381EA015070166800000510521109
B1145454550024N01146391EA015050166600000540541109
B1145464550028N01146400EA015030166300000550541109
B1145474550033N01146410EA015010166100000550541109
B1145484550038N01146419EA014990166000000540521101
B1145494550043N01146428EA014980165900000520521101
B1145504550048N01146437EA014960165800000510521101
B1145514550053N01146446EA014950165600000520501101
B1145524550058N01146455EA014930165400000540501101
B1145534550062N01146464EA014910165200000550521088
B1145544550067N01146474EA014890165000000550521088
B1145554550072N01146484EA014870164800000540541088
B1145564550076N01146493EA014860164700000530541088
B1145574550081N01146503EA014850164700000520541088
B1145584550085N01146512EA014840164600000520561075
B1145594550090N01146521EA014840164600000500541075
B1146004550094N01146529EA014830164500000480531075
B1146014550098N01146538EA014830164500000480521075
B1146024550102N01146546EA014820164400000480541075
B1146034550106N01146555EA014810164300000490561075
B1146044550110N01146564EA014790164100000500561050
B1146054550115N01146573EA014780163900000500561050
B1146064550119N01146582EA014760163700000490561050
B1146074550123N01146591EA014740163600000470561050
B1146084550127N01146599EA014730163500000460551050
B1146094550131N01146607EA014720163400000460541050
B1146104550135N01146616EA014700163300000480541047
B1146114550140N01146623EA014690163100000480521047
B1146124550146N01146631EA014680162900000510451047
B1146134550152N01146637EA014670162800000510381047
B1146144550158N01146644EA014650162700000490371047
B1146154550164N01146650EA014650162700000490361040
B1146164550169N01146657EA014640162600000480361040
B1146184550179N01146673EA014620162400000500461040
B1146194550184N01146682EA014610162300000500481040
B1146204550189N01146689EA014600162200000450501040
B1146214550193N01146697EA014590162200000450521040
B1146224550197N01146704EA014580162200000410501040
B1146234550201N01146711EA014580162000000410481040
B1146244550205N01146718EA014570161900000440471039
B1146254550210N01146725EA014560161800000440461054
B1146264550215N01146731EA014540161700000440441054
B1146274550220N01146738EA014530161500000440421054
B1146284550227N01146744EA014520161300000540371054
B1146294550234N01146750EA014500161100000540321054
B1146304550241N01146757EA014500161100000520331054
B1146314550246N01146763EA014490161300000520341059
B1146324550251N01146770EA014500161400000440381059
B1146334550256N01146776EA014500161600000440421059
B1146344550260N01146783EA014510161600000400461089
B1146354550264N01146790EA014510161500000400501089
B1146364550268N01146798EA014500161300000470501089
B1146374550273N01146806EA014490161100000470501089
B1146384550277N01146815EA014470160900000510501097
B1146394550282N01146823EA014460160700000510501097
B1146404550288N01146831EA014440160600000520481097
B1146414550293N01146839EA014420160400000520461097
B1146424550298N01146847EA014400160200000470471097
B1146434550302N01146855EA014390160000000470481097
B1146444550306N01146863EA014360159800000470501103
B1146454550311N01146872EA014340159500000480521137
B1146464550315N01146880EA014320159300000500511137
B1146474550321N01146888EA014290159000000500501137
B1146484550326N01146897EA014280158900000520481137
B1146514550343N01146919EA014250158800000510381147
B1146524550349N01146925EA014250158900000490361147
B1146534550355N01146931EA014250158900000490341147
B1146544550361N01146937EA014250158900000440351179
B1146554550366N01146943EA014250158900000440361179
B1146564550371N01146949EA014230158800000430371179
B1146574550376N01146955EA014220158600000430381179
B1146584550382N01146960EA014210158500000490351179
B1146594550389N01146966EA014190158300000490321183
B1147004550394N01146973EA014180158200000490361183
B1147014550400N01146980EA014170158100000490401183
B1147024550405N01146986EA014160158100000430381183
B1147034550410N01146991EA014150158000000430361216
B1147044550416N01146997EA014140157900000440341216
B1147054550422N01147003EA014120157600000440321216
B1147064550428N01147009EA014100157300000540341216
B1147074550434N01147017EA014080157100000540361206
B1147084550441N01147025EA014070156900000550391206
B1147094550446N01147033EA014060156900000550421206
B1147104550452N01147039EA014050156900000440401206
B1147114550457N01147045EA014050156900000440381206
B1147124550461N01147051EA014040156800000440391208
B1147134550467N01147058EA014020156700000440401208
B1147144550472N01147066EA014010156500000540421238
B1147154550478N01147075EA014000156300000570441238
B1147164550485N01147083EA013980156100000580421238
B1147174550491N01147091EA013970155900000580401238
B1147184550496N01147100EA013950155800000500461238
B1147194550500N01147108EA013930155700000500541238
B1147204550503N01147116EA013910155600000410551258
B1147214550507N01147124EA013890155400000410561258
B1147224550511N01147132EA013870155000000480531260
B1147234550516N01147140EA013840154600000480501260
B1147244550521N01147149EA013810154200000550481260
B1147254550527N01147158EA013770153900000560481260
B1147264550532N01147167EA013740153500000540481273
B1147274550537N01147176EA013710153200000520501273
B1147284550542N01147184EA013680153000000500511273
B1147294550547N01147193EA013650152700000500521273
B1147304550552N01147202EA013610152300000510501273
B1147314550557N01147210EA013580151800000510501273
B1147324550562N01147218EA013550151400000530471275
B1147334550568N01147226EA013510151100000530441275
B1147344550575N01147233EA013490150900000520401275
B1147354550581N01147240EA013470150800000520361275
B1147364550586N01147246EA013450150800000440391275
B1147374550590N01147253EA013440150700000440421275
B1147384550594N01147260EA013420150600000420461275
B1147394550598N01147268EA013400150300000420501293
B1147404550602N01147277EA013380149900000520521293
B1147414550607N01147287EA013360149700000540541293
B1147424550610N01147297EA013340149600000520601269
B1147434550613N01147306EA013320149400000470641269
B1147444550616N01147315EA013310149300000450641291
B1147454550620N01147324EA013290149200000460621291
B1147464550623N01147333EA013280149000000470601291
B1147474550626N01147342EA013260148800000470601291
B1147484550630N01147351EA013250148700000480621291
B1147494550633N01147360EA013230148600000480621291
B1147504550637N01147369EA013220148400000470601299
B1147514550642N01147377EA013200148200000470541299
B1147524550646N01147385EA013190148000000500511299
B1147534550651N01147393EA013170147800000500481299
B1147544550655N01147402EA013150147600000470501299
B1147554550660N01147410EA013130147300000470521301
B1147564550664N01147419EA013100147000000510541312
B1147574550669N01147428EA013080146800000520541312
B1147584550674N01147435EA013060146500000510481312
B1147594550680N01147443EA013030146300000510421312
B1148004550686N01147450EA013010146100000500411312
B1148014550691N01147456EA013000145900000500401312
B1148024550697N01147463EA012980145800000490391333
B1148034550703N01147470EA012960145600000490381333
B1148044550709N01147476EA012940145300000530371331
B1148054550716N01147484EA012920145100000530361331
B1148064550723N01147491EA012900144900000550371331
B1148074550729N01147499EA012880144800000550381331
B1148084550736N01147506EA012870144700000540371331
B1148094550742N01147513EA012860144600000540361345
B1148104550749N01147520EA012870144700000530361345
B1148114550754N01147524EA012890145100000530361345
B1148124550758N01147525EA012920145800000250191338
B1148134550761N01147525EA012960146400000250021338
B1148144550764N01147525EA013000146700000210021338
B1148154550768N01147526EA013020146800000210021338
B1148164550773N01147529EA013040146800000360111338
B1148174550778N01147532EA013050146900000360201338
B1148184550783N01147534EA013070147000000350161338
B1148194550788N01147535EA013090147300000350121338
B1148204550793N01147537EA013110147600000320141338
B1148214550798N01147540EA013130147800000320161338
B1148224550801N01147545EA013160148000000310341338
B1148234550802N01147551EA013180148300000310521338
B1148244550801N01147558EA013200148500000330811338
B1148254550799N01147563EA013230148800000331101343
B1148264550796N01147567EA013260149200000231251343
B1148274550793N01147569EA013300149800000231401343
B1148284550791N01147570EA013340150300000161531343
B1148294550788N01147570EA013380150600000161661343
B1148304550786N01147569EA013400150800000181841343
B1148314550783N01147566EA013420150900000182021343
B1148324550782N01147562EA013440151000000232201343
B1148334550780N01147557EA013460151200000232381338
B1148344550781N01147551EA013480151300000312581338
B1148354550783N01147544EA013490151500000312781338
B1148364550786N01147538EA013510151700000402961338
B1148374550792N01147533EA013520151800000403141338
B1148384550798N01147530EA013540151900000433301338
B1148394550804N01147529EA013560152100000433461338
B1148404550811N01147530EA013580152300000433571344
B1148414550816N01147531EA013610152800000430081344
B1148424550820N01147532EA013650153400000230061344
B1148434550824N01147532EA013700153900000230041344
B1148444550827N01147533EA013730154300000210091344
B1148454550830N01147536EA013760154500000210141344
B1148464550834N01147539EA013790154500000320261344
B1148474550837N01147545EA013800154700000320381344
B1148484550840N01147550EA013820154800000310381344
B1148504550845N01147559EA013870155400000230541344
B1148514550847N01147562EA013890155600000230461348
B1148524550850N01147565EA013900155600000260371348
B1148534550854N01147569EA013900155400000260281348
B1148544550858N01147574EA013890155100000390331348
B1148554550863N01147580EA013870154800000390381348
B1148564550869N01147588EA013850154400000540401348
B1148574550875N01147595EA013830154400000540421348
B1148584550880N01147602EA013840154700000390441348
B1148594550883N01147607EA013850155000000390461348
B1149004550886N01147612EA013870155300000270501353
B1149014550888N01147617EA013890155500000270541353
B1149024550890N01147624EA013910155600000330611353
B1149034550891N01147631EA013920155700000330681353
B1149044550892N01147638EA013930155800000330751353
B1149054550892N01147644EA013950156000000330821353
B1149064550892N01147650EA013960156300000230861353
B1149074550893N01147655EA013980156500000230901353
B1149084550893N01147661EA014000156600000280821290
B1149094550895N01147667EA014010156600000280741290
B1149104550898N01147673EA014020156600000360641290
B1149114550901N01147679EA014030156700000360541290
B1149124550905N01147685EA014040156900000330491290
B1149134550909N01147690EA014050157000000330441334
B1149144550913N01147694EA014050157000000400381334
B1149154550919N01147700EA014050156900000400321334
B1149164550925N01147706EA014050156800000470351334
B1149174550930N01147713EA014050156800000470381283
B1149184550935N01147719EA014050156800000440401283
B1149194550940N01147725EA014060156900000440421283
B1149204550945N01147730EA014060157000000400351283
B1149214550950N01147734EA014060157100000400281283
B1149224550955N01147739EA014060157000000420311283
B1149234550960N01147745EA014060156900000420341301
B1149244550965N01147752EA014050156700000450371301
B1149254550971N01147758EA014040156600000450401301
B1149264550976N01147763EA014030156600000440381252
B1149274550981N01147769EA014020156500000440361252
B1149284550986N01147774EA014010156400000420351252
B1149294550992N01147780EA014000156200000420341252
B1149304550997N01147785EA013980156000000460331252
B1149314551003N01147791EA013960155800000460321252
B1149324551010N01147797EA013940155400000520331273
B1149334551016N01147803EA013910155100000520341273
B1149344551022N01147810EA013890154900000510351273
B1149354551029N01147817EA013870154700000510361221
B1149364551035N01147824EA013840154400000560361221
B1149374551042N01147831EA013820154100000560361221
B1149384551049N01147838EA013790153800000570351221
B1149394551056N01147845EA013760153600000570341221
B1149404551062N01147852EA013740153500000520361291
B1149414551068N01147859EA013720153300000520381291
B1149424551075N01147866EA013700153000000540351268
B1149434551082N01147872EA013670152700000540321268
B1149444551090N01147878EA013660152500000560301268
B1149454551096N01147884EA013640152500000560301268
B1149464551102N01147888EA013640152500000420291268
B1149474551108N01147892EA013640152600000420281318
B1149484551112N01147896EA013630152500000360281318
B1149494551117N01147901EA013610152300000360281318
B1149504551122N01147907EA013600152100000460281318
B1149544551141N01147932EA013560151900000370461302
B1149554551145N01147938EA013560151900000370441302
B1149564551149N01147945EA013560151800000410451302
B1149574551153N01147952EA013550151700000410461302
B1149584551157N01147959EA013550151700000440481302
B1149594551162N01147966EA013550151700000440501334
B1150004551166N01147973EA013560151900000400491334
B1150014551170N01147979EA013570152100000400481334
B1150024551173N01147986EA013580152200000370491334
B1150034551177N01147992EA013600152400000370501334
B1150044551179N01147998EA013610152500000350531334
B1150054551183N01148005EA013620152700000350561334
B1150064551186N01148011EA013640152800000380551280
B1150074551189N01148018EA013650153000000380541280
B1150084551192N01148025EA013660153100000370571280
B1150094551195N01148032EA013680153300000370601280
B1150104551198N01148039EA013690153400000380581280
B1150114551201N01148047EA013700153400000380561280
B1150124551205N01148056EA013710153500000490561280
B1150134551209N01148065EA013720153500000490581286
B1150144551212N01148073EA013730153800000430591286
B1150154551215N01148081EA013750154100000430601286
B1150164551219N01148087EA013770154400000360551286
B1150174551222N01148093EA013790154500000360501286
B1150184551226N01148100EA013800154600000410501286
B1150194551230N01148107EA013810154500000410501286
B1150204551234N01148113EA013810154500000380501258
B1150214551237N01148119EA013810154500000380501258
B1150224551242N01148125EA013810154500000390461258
B1150234551246N01148131EA013810154500000390421258
B1150244551251N01148137EA013810154400000420411258
B1150254551256N01148143EA013800154300000420401258
B1150264551260N01148150EA013790154300000390441312
B1150274551264N01148156EA013790154200000390481312
B1150284551268N01148162EA013780154100000400461284
B1150294551272N01148169EA013770154000000400441284
B1150304551277N01148176EA013760153800000480451284
B1150314551282N01148184EA013750153700000480461284
B1150324551287N01148192EA013740153700000480481284
B1150334551291N01148200EA013740153800000480501284
B1150344551295N01148207EA013750154000000400531284
B1150354551298N01148214EA013760154200000400561286
B1150364551300N01148221EA013770154300000370601286
B1150374551302N01148229EA013770154200000370641286
B1150384551305N01148238EA013770154100000450661286
B1150394551307N01148247EA013770154000000450681286
B1150404551310N01148255EA013770154100000420671356
B1150414551312N01148264EA013770154100000400661359
B1150424551316N01148271EA013780154200000420631359
B1150434551319N01148280EA013780154200000430601359
B1150444551321N01148288EA013780154200000420621359
B1150454551324N01148296EA013790154300000420641359
B1150464551326N01148303EA013790154400000380641359
B1150474551329N01148311EA013800154400000380641359
B1150484551331N01148319EA013800154400000410641359
B1150494551334N01148327EA013800154400000410641359
B1150504551336N01148336EA013800154300000440681359
B1150514551339N01148345EA013790154300000410681359
B1150524551341N01148353EA013790154300000400661359
B1150534551344N01148361EA013790154300000400641336
B1150544551347N01148369EA013790154200000440601336
B1150554551351N01148377EA013780154100000440561336
B1150564551355N01148384EA013780154100000440561336
B1150574551358N01148392EA013770154000000440561355
B1150584551362N01148400EA013760153900000440551355
B1150594551366N01148408EA013750153800000440541355
B1151004551370N01148415EA013740153700000400521312
B1151014551374N01148421EA013740153700000400501312
B1151024551377N01148428EA013730153600000400501312
B1151034551381N01148435EA013730153600000400501312
B1151044551384N01148442EA013720153400000410551312
B1151054551387N01148450EA013700153300000410601312
B1151064551389N01148458EA013690153100000400631312
B1151074551392N01148466EA013680153000000400661248
B1151084551394N01148474EA013660152800000390661248
B1151094551396N01148482EA013650152700000390661248
B1151104551399N01148490EA013630152500000400651248
B1151114551402N01148498EA013620152300000400641248
B1151124551406N01148508EA013600152000000500621248
B1151134551410N01148518EA013580151800000550581175
B1151144551415N01148528EA013560151500000580561175
B1151154551420N01148538EA013550151400000590541175
B1151164551425N01148548EA013540151300000590521175
B1151174551431N01148558EA013530151400000580521175
B1151184551436N01148568EA013530151400000580521129
B1151194551441N01148578EA013540151500000560521129
B1151204551446N01148587EA013550151800000530521129
B1151214551451N01148596EA013570152000000480521129
B1151224551455N01148604EA013590152300000470521129
B1151234551459N01148612EA013610152500000470521131
B1151244551463N01148621EA013620152600000470541131
B1151254551467N01148629EA013630152700000470521131
B1151264551471N01148638EA013650152800000470541131
B1151274551473N01148647EA013660153000000460621131
B1151284551474N01148656EA013680153200000400721131
B1151294551475N01148663EA013700153500000400761110
B1151304551475N01148669EA013720153700000260841110
B1151314551475N01148675EA013730153800000260921110
B1151324551474N01148682EA013740153800000340921110
B1151334551474N01148690EA013740153800000340921110
B1151344551474N01148696EA013750153800000300951110
B1151354551472N01148702EA013740153800000300981110
B1151364551470N01148707EA013740153700000281101110
B1151374551468N01148713EA013720153500000281221091
B1151384551467N01148720EA013710153200000351121091
B1151394551466N01148728EA013690153000000351021091
B1151404551466N01148737EA013670152800000380941091
B1151414551466N01148744EA013660152700000380921091
B1151424551466N01148752EA013650152600000330841091
B1151434551468N01148759EA013630152500000330761091
B1151444551472N01148767EA013620152300000430671041
B1151454551476N01148775EA013610152100000430581041
B1151464551480N01148783EA013590151900000460541041
B1151474551484N01148790EA013580151800000460501041
B1151484551488N01148797EA013570151800000390501041
B1151494551491N01148803EA013570151900000390501041
B1151504551495N01148808EA013570151900000330491041
B1151514551498N01148814EA013560151800000330481020
B1151524551502N01148820EA013540151500000420461020
B1151534551507N01148827EA013520151100000420441103
B1151544551512N01148835EA013500150800000520451103
B1151554551517N01148843EA013490150800000520461103
B1151564551521N01148848EA013490151000000320451103
B1151574551524N01148852EA013490151200000320441103
B1151584551528N01148857EA013490151300000290421103
B1151594551531N01148862EA013490151200000290401079
B1152004551536N01148868EA013480151000000430411079
B1152014551541N01148874EA013480150900000430421079
B1152024551545N01148881EA013480151000000370451079
B1152034551548N01148886EA013490151400000370481079
B1152044551551N01148891EA013510151700000270491079
B1152054551554N01148895EA013530152000000270501079
B1152064551557N01148900EA013550152100000350441079
B1152074551562N01148905EA013560152200000350381132
B1152084551566N01148910EA013580152400000330391143
B1152094551569N01148915EA013590152600000330401143
B1152104551570N01148921EA013610152700000280551143
B1152114551571N01148927EA013620152700000280701143
B1152124551572N01148934EA013620152600000350701143
B1152134551573N01148942EA013610152400000400761143
B1152144551575N01148951EA013610152300000410741143
B1152154551578N01148959EA013600152300000410701143
B1152164551580N01148966EA013600152300000350681145
B1152174551582N01148973EA013600152400000350661145
B1152184551584N01148980EA013610152400000370671145
B1152194551586N01148988EA013610152400000370681145
B1152204551589N01148996EA013610152400000440631145
B1152214551593N01149004EA013620152400000440581145
B1152224551597N01149010EA013620152600000400521177
B1152234551601N01149016EA013630152800000400461177
B1152244551605N01149022EA013640152900000370461177
B1152254551609N01149028EA013650152900000370461247
B1152264551613N01149035EA013650152800000450461247
B1152274551619N01149042EA013650152700000450461247
B1152284551624N01149048EA013650152800000450401247
B1152294551630N01149053EA013660153000000450341247
B1152304551635N01149057EA013680153200000380291247
B1152314551640N01149061EA013690153400000380241259
B1152324551645N01149065EA013700153600000400271259
B1152334551651N01149070EA013720153700000400301259
B1152344551657N01149075EA013730153700000470311237
B1152354551663N01149080EA013740153900000470321237
B1152364551669N01149084EA013760154100000450261237
B1152374551676N01149087EA013770154400000450201237
B1152384551682N01149090EA013800154600000450191237
B1152394551688N01149093EA013820154800000450181237
B1152404551695N01149096EA013830155000000450171237
B1152414551701N01149099EA013850155200000450161237
B1152424551708N01149102EA013880155400000480161200
B1152434551715N01149106EA013900155700000480161200
B1152444551722N01149110EA013930156000000450231161
B1152454551726N01149115EA013960156400000450301161
B1152464551730N01149120EA013990156800000300351161
B1152474551733N01149124EA014020157000000300401161
B1152484551738N01149129EA014030157100000380361161
B1152494551743N01149134EA014030157000000380321161
B1152504551749N01149139EA014040156900000430331161
B1152514551753N01149145EA014040157000000430341161
B1152524551757N01149152EA014040157000000420431130
B1152534551761N01149160EA014030156800000420521090
B1152544551766N01149168EA014030156700000510481090
B1152554551772N01149174EA014020156600000510441090
B1152564551779N01149181EA014020156600000480391090
B1152574551784N01149187EA014020156700000480341090
B1152584551789N01149194EA014020156700000460411090
B1152594551793N01149203EA014010156700000500481090
B1153004551798N01149212EA014010156500000560541060
B1153014551803N01149223EA013990156200000600541060
B1153024551808N01149234EA013970156000000640541056
B1153034551814N01149246EA013960155800000660541056
B1153044551819N01149257EA013950155600000660541056
B1153054551825N01149268EA013940155600000620541065
B1153064551830N01149279EA013930155700000570541065
B1153074551835N01149289EA013930155700000560521065
B1153084551840N01149299EA013930155600000570541065
B1153094551845N01149309EA013920155400000570541067
B1153104551850N01149319EA013910155300000590541067
B1153114551856N01149329EA013900155100000600501067
B1153124551861N01149339EA013890155000000580521043
B1153134551865N01149350EA013890155000000550541043
B1153144551869N01149359EA013880155000000510581064
B1153154551873N01149369EA013870154900000500601064
B1153164551877N01149379EA013870154800000510601064
B1153174551881N01149389EA013850154600000540581064
B1153184551885N01149399EA013830154300000580581064
B1153194551890N01149410EA013810154000000580581072
B1153204551894N01149421EA013790153800000570581072
B1153214551898N01149432EA013760153600000570601072
B1153224551902N01149443EA013740153400000570621072
B1153234551905N01149454EA013720153100000580641072
B1153244551909N01149466EA013700152900000580660963
B1153254551911N01149478EA013670152600000560680963
B1153264551914N01149489EA013650152300000540700963
B1153274551917N01149499EA013630152100000520680963
B1153284551920N01149510EA013600151900000520680948
B1153294551923N01149520EA013580151700000500680948
B1153304551926N01149530EA013560151500000490680948
B1153314551929N01149540EA013540151300000480680948
B1153324551932N01149549EA013520151000000490640948
B1153334551936N01149558EA013500150800000510600948
B1153344551942N01149566EA013480150600000530520919
B1153354551948N01149574EA013460150300000530440919
B1153364551954N01149582EA013440150200000540420919
B1153374551960N01149590EA013430150100000540400864
B1153384551965N01149598EA013420150100000510420864
B1153394551971N01149605EA013410150100000510440864
B1153404551976N01149613EA013400150000000500460841
B1153414551980N01149622EA013390149700000510480841
B1153424551985N01149632EA013370149500000520540841
B1153434551989N01149641EA013350149200000530580841
B1153444551993N01149651EA013330149100000530580841
B1153454551998N01149660EA013320148900000510540825
B1153464552002N01149668EA013300148800000500530825
B1153474552007N01149677EA013280148700000500520774
B1153484552011N01149686EA013260148400000510520774
B1153494552016N01149695EA013250148300000470520774
B1153504552019N01149703EA013230148300000410560774
B1153514552021N01149710EA013230148300000410600750
B1153524552022N01149717EA013220148300000320700750
B1153534552020N01149723EA013220148200000320920750
B1153544552017N01149727EA013210148100000261170750
B1153554552014N01149729EA013200148100000261420750
B1153564552011N01149730EA013200148000000191540750
B1153574552008N01149732EA013190148000000191660750
B1153584552005N01149734EA013180147800000241600796
B1153594552001N01149736EA013170147600000241540796
B1154004551998N01149737EA013150147400000261650796
B1154014551994N01149735EA013140147300000261760796
B1154024551991N01149731EA013120147200000262010796
B1154034551989N01149727EA013110147100000262260796
B1154044551987N01149723EA013110147100000232280796
B1154054551984N01149720EA013100147000000232300796
B1154064551982N01149717EA013100147000000182260796
B1154074551980N01149713EA013090146900000182220796
B1154084551978N01149709EA013080146700000282270796
B1154094551975N01149704EA013070146500000282320825
B1154104551972N01149700EA013060146500000272270825
B1154114551969N01149697EA013060146500000272220825
B1154124551968N01149694EA013060146700000122320825
B1154134551967N01149691EA013060146700000122420825
B1154144551966N01149687EA013060146400000232390825
B1154154551963N01149682EA013040146100000232360825
B1154164551961N01149677EA013020145900000272330825
B1154174551958N01149674EA013010145800000272300825
B1154184551955N01149671EA012990145700000192210826
B1154194551953N01149669EA012980145600000192120826
B1154204551951N01149665EA012970145400000242220826
B1154214551948N01149660EA012940145100000242320826
B1154224551946N01149654EA012920144700000322340876
B1154234551943N01149649EA012890144400000322360876
B1154244551940N01149644EA012860144200000282270876
B1154254551937N01149641EA012830143900000282180876
B1154264551933N01149637EA012800143600000302160876
B1154274551929N01149633EA012770143200000302140876
B1154284551924N01149628EA012730142700000442150876
B1154294551918N01149621EA012690142100000442160876
B1154304551913N01149615EA012650141800000442180876
B1154314551908N01149609EA012620141600000442200876
B1154324551904N01149603EA012600141500000382220911
B1154334551900N01149597EA012580141300000382240911
B1154344551897N01149589EA012560141100000442300911
B1154354551893N01149581EA012540140900000442340911
B1154364551890N01149573EA012530140700000402380911
B1154374551887N01149565EA012510140700000392400911
B1154384551884N01149557EA012510140600000412420963
B1154394551881N01149549EA012490140400000442400963
B1154404551878N01149541EA012480140300000432380963
B1154414551874N01149534EA012470140200000432360963
B1154424551870N01149527EA012460140200000402310963
B1154434551866N01149521EA012460140200000402260963
B1154444551862N01149515EA012460140300000382250963
B1154454551858N01149509EA012460140300000382240963
B1154464551854N01149503EA012460140300000362271007
B1154474551851N01149497EA012460140200000362301007
B1154484551847N01149491EA012450140100000382311007
B1154494551844N01149484EA012440139900000382321007
B1154504551842N01149478EA012430139800000342361007
B1154514551839N01149471EA012420139700000342401007
B1154524551836N01149464EA012410139600000372401007
B1154534551834N01149456EA012390139400000382421044
B1154544551832N01149449EA012380139300000372451044
B1154554551830N01149441EA012360139200000352481044
B1154564551827N01149435EA012350139000000352441044
B1154574551825N01149428EA012330138800000352401044
B1154584551821N01149421EA012310138500000382371044
B1154594551819N01149414EA012310138500000382341044
B1155004551818N01149409EA012320138700000232511044
B1155014551819N01149405EA012330139100000232681055
B1155024551820N01149402EA012330139100000152881055
B1155034551821N01149399EA012330139000000153081055
B1155044551821N01149395EA012320138700000232821055
B1155054551820N01149390EA012300138400000232561055
B1155064551818N01149384EA012280138200000262551055
B1155074551817N01149379EA012270138000000262541055
B1155084551816N01149376EA012260138000000172481055
B1155094551815N01149373EA012240137800000172421055
B1155104551813N01149371EA012220137700000162241055
B1155114551810N01149370EA012210137400000162061055
B1155124551806N01149370EA012180137100000271960990
B1155134551802N01149369EA012160136700000271860990
B1155144551797N01149368EA012130136400000321870990
B1155154551792N01149366EA012110136200000321880990
B1155164551788N01149365EA012090136200000261880990
B1155174551785N01149364EA012080136100000231940990
B1155184551781N01149363EA012060135900000231900990
B1155194551778N01149363EA012040135600000231860990
B1155204551773N01149365EA012010135200000321750990
B1155214551768N01149367EA011980134900000321640990
B1155224551763N01149369EA011960134600000341640990
B1155234551759N01149370EA011940134500000341640990
B1155244551754N01149371EA011920134400000271710975
B1155254551750N01149371EA011920134400000271780975
B1155264551746N01149370EA011910134300000251790975
B1155274551743N01149370EA011900134200000251800975
B1155284551739N01149369EA011890134000000261870975
B1155294551735N01149367EA011870133800000261940975
B1155304551731N01149365EA011850133700000261970975
B1155314551727N01149363EA011840133600000262000975
B1155324551723N01149361EA011830133400000271970975
B1155334551719N01149360EA011820133400000271940975
B1155344551715N01149359EA011810133300000271940975
B1155354551711N01149357EA011800133200000271941024
B1155364551707N01149354EA011780133100000311971024
B1155374551702N01149351EA011770132900000312001067
B1155384551698N01149348EA011760132800000342021067
B1155394551693N01149345EA011750132700000342041067
B1155404551688N01149343EA011740132600000342011067
B1155414551683N01149341EA011730132400000341981067
B1155424551678N01149339EA011710132200000341931067
B1155434551673N01149339EA011690132100000341881067
B1155444551666N01149338EA011680131900000421841067
B1155454551660N01149339EA011670131900000421801067
B1155464551655N01149340EA011680132000000351751109
B1155474551650N01149341EA011690132300000351701109
B1155484551646N01149343EA011710132600000301651109
B1155494551641N01149346EA011730132800000301601109
B1155504551637N01149349EA011750133100000291521109
B1155514551635N01149353EA011780133500000291441109
B1155524551634N01149358EA011800133800000241221109
B1155534551634N01149364EA011820133900000241001069
B1155544551635N01149371EA011830133900000390861069
B1155554551638N01149380EA011840133800000460721069
B1155564551642N01149389EA011840133800000470661069
B1155574551646N01149396EA011850133900000470541069
B1155584551652N01149401EA011850134000000430391069
B1155594551658N01149403EA011860134100000430241016
B1156004551665N01149402EA011870134200000460071016
B1156014551672N01149399EA011870134200000463501016
B1156024551677N01149394EA011870134200000383351016
B1156034551680N01149388EA011870134200000383201016
B1156044551681N01149381EA011880134200000323001016
B1156054551681N01149375EA011880134200000322801016
B1156064551680N01149369EA011880134200000272621016
B1156074551677N01149364EA011890134400000272441016
B1156084551674N01149360EA011910134600000272321016
B1156094551671N01149356EA011930134900000272201067
B1156104551669N01149353EA011940135000000252211067
B1156114551666N01149349EA011960135200000252221067
B1156124551663N01149345EA011980135400000252221067
B1156134551660N01149342EA011990135500000252221067
B1156144551657N01149339EA012010135700000232201067
B1156154551655N01149336EA012020135900000232181109
B1156164551652N01149332EA012030136000000232221109
B1156174551650N01149328EA012030135900000232261109
B1156184551647N01149323EA012030135800000312301109
B1156194551645N01149317EA012040135800000312361109
B1156204551644N01149312EA012040136000000242451109
B1156214551643N01149307EA012050136200000242541171
B1156224551643N01149302EA012060136300000232581171
B1156234551642N01149296EA012070136300000232621171
B1156244551641N01149290EA012080136400000302561171
B1156254551639N01149284EA012090136500000302501171
B1156264551638N01149277EA012100136600000302531171
B1156274551637N01149271EA012120136800000302561171
B1156284551636N01149266EA012140137100000242541171
B1156294551635N01149261EA012150137200000242521171
B1156304551634N01149256EA012170137400000282491195
B1156314551632N01149250EA012190137500000282461195
B1156324551630N01149243EA012200137700000312481195
B1156334551629N01149237EA012220138000000312501195
B1156344551628N01149231EA012240138200000242541195
B1156354551627N01149227EA012270138500000242581195
B1156364551626N01149223EA012290138800000202471195
B1156374551623N01149220EA012310138900000202361195
B1156384551620N01149216EA012320138900000292251195
B1156394551617N01149211EA012340139000000292141195
B1156404551615N01149206EA012350139300000302311216
B1156414551614N01149200EA012370139500000302481216
B1156424551613N01149194EA012390139800000262501216
B1156434551611N01149190EA012410140100000262521216
B1156444551608N01149188EA012440140400000182271216
B1156454551606N01149189EA012460140600000182021206
B1156464551603N01149192EA012480140700000251641206
B1156474551602N01149198EA012490140800000251261206
B1156484551602N01149204EA012500140900000311021206
B1156494551605N01149212EA012520141000000310781190
B1156504551608N01149219EA012530141100000420651195
B1156514551613N01149226EA012540141200000420521195
B1156524551619N01149231EA012550141200000480401195
B1156534551626N01149234EA012560141200000480281195
B1156544551633N01149235EA012560141300000470141195
B1156554551639N01149234EA012560141300000470001195
B1156564551645N01149230EA012560141300000433451195
B1156574551651N01149224EA012560141300000433301195
B1156584551655N01149218EA012570141400000383211195
B1156594551658N01149212EA012580141700000383121138
B1157004551661N01149206EA012600141900000303041159
B1157014551662N01149200EA012620142200000302961159
B1157024551664N01149194EA012630142400000302881159
B1157034551664N01149187EA012650142500000302801159
B1157044551664N01149179EA012670142600000362721159
B1157054551664N01149171EA012690142800000352681159
B1157064551664N01149164EA012710143100000322691159
B1157074551664N01149157EA012740143500000322701195
B1157084551664N01149150EA012770143800000312681195
B1157094551664N01149144EA012800144100000312661195
B1157104551664N01149137EA012820144400000312731195
B1157114551666N01149131EA012840144600000312801195
B1157124551669N01149124EA012860144700000382931195
B1157134551674N01149118EA012870144700000383061195
B1157144551680N01149115EA012880144800000423241195
B1157154551686N01149115EA012900144900000423421195
B1157164551691N01149119EA012910145000000370081195
B1157174551694N01149124EA012920145200000370341195
B1157184551695N01149131EA012940145300000320341195
B1157194551694N01149138EA012940145400000330801195
B1157204551691N01149144EA012950145400000361071195
B1157214551686N01149148EA012950145300000361341195
B1157224551680N01149148EA012950145300000391601195
B1157234551675N01149144EA012950145400000391861195
B1157244551672N01149138EA012950145500000362121195
B1157254551670N01149131EA012970145700000362381195
B1157264551669N01149124EA012980145900000322511195
B1157274551669N01149117EA013000146100000322641195
B1157284551668N01149110EA013020146300000332581195
B1157294551665N01149104EA013040146500000332521237
B1157304551662N01149098EA013060146800000322401237
B1157314551659N01149094EA013080147200000322281237
B1157324551654N01149092EA013110147500000312091259
B1157334551649N01149092EA013140147800000311901259
B1157344551645N01149095EA013170148000000331701259
B1157354551641N01149100EA013200148400000331501259
B1157364551638N01149105EA013230148800000311361259
B1157374551636N01149112EA013270149200000311221242
B1157384551635N01149119EA013300149500000331101242
B1157394551635N01149126EA013340149900000330981242
B1157404551635N01149134EA013380150400000360951242
B1157414551635N01149141EA013430150900000360921242
B1157424551636N01149148EA013470151400000330801242
B1157434551639N01149155EA013520151900000330681242
B1157444551644N01149160EA013560152100000420491216
B1157454551650N01149163EA013580152300000420301216
B1157464551657N01149164EA013610152400000470131159
B1157474551664N01149161EA013630152600000473561159
B1157484551669N01149155EA013650153000000403361195
B1157494551672N01149150EA013680153400000403161195
B1157504551673N01149144EA013710153900000232961195
B1157514551672N01149139EA013750154200000232761195
B1157524551671N01149133EA013770154400000312591195
B1157534551668N01149127EA013790154400000312421195
B1157544551665N01149119EA013810154500000402401195
B1157554551662N01149112EA013840155000000402401195
B1157564551660N01149107EA013890155800000232401237
B1157574551658N01149104EA013940156500000232381237
B1157584551656N01149101EA013980156900000212251259
B1157594551653N01149100EA014020157200000212121259
B1158004551648N01149101EA014040157300000321881259
B1158014551643N01149105EA014060157400000321641259
B1158024551640N01149112EA014080157500000401421242
B1158034551638N01149120EA014100157700000401201242
B1158044551638N01149129EA014130158100000391001242
B1158054551640N01149136EA014160158600000390821242
B1158064551644N01149142EA014200159000000380601242
B1158074551650N01149146EA014230159300000380381242
B1158084551657N01149147EA014250159500000480211195
B1158094551664N01149146EA014280159800000480041195
B1158104551670N01149142EA014310160300000403481195
B1158114551674N01149138EA014360160900000403321195
B1158124551676N01149135EA014400161500000203201195
B1158134551678N01149131EA014440161900000203081195
B1158144551680N01149126EA014480162200000323041195
B1158154551683N01149118EA014510162300000443001195
B1158164551686N01149109EA014530162400000473001237
B1158174551687N01149099EA014560162700000432901237
B1158184551685N01149092EA014600163200000332631237
B1158194551682N01149088EA014630163700000332361237
B1158204551678N01149087EA014680164200000252061237
B1158214551674N01149088EA014720164700000251861237
B1158224551670N01149090EA014760165100000271701237
B1158234551666N01149093EA014800165400000271541237
B1158244551663N01149098EA014830165700000331421237
B1158254551661N01149105EA014860166100000331301237
B1158264551661N01149113EA014890166200000411051195
B1158274551664N01149122EA014920166300000450801195
B1158284551668N01149130EA014950166700000410651195
B1158294551671N01149134EA014980167200000410501195
B1158304551675N01149137EA015030167800000250331195
B1158314551679N01149138EA015070168300000250161195
B1158324551684N01149137EA015110168600000360041195
B1158334551690N01149135EA015140168800000363521195
B1158344551696N01149133EA015160169000000383451195
B1158354551700N01149128EA015190169300000383381195
B1158364551703N01149121EA015210169500000373151195
B1158374551704N01149113EA015230169600000382921195
B1158384551705N01149106EA015250169900000342821237
B1158394551704N01149099EA015280170300000342721237
B1158404551703N01149093EA015310170700000272611237
B1158414551701N01149088EA015340171000000272501237
B1158424551698N01149084EA015370171200000302331237
B1158434551694N01149082EA015400171500000302161237
B1158444551690N01149082EA015420171800000301931237
B1158454551685N01149084EA015450172000000301701237
B1158464551682N01149086EA015490172400000271611237
B1158474551678N01149090EA015520172800000271521237
B1158484551675N01149095EA015550173100000331371237
B1158494551673N01149102EA015580173300000331221237
B1158504551671N01149110EA015610173600000381121195
B1158514551671N01149118EA015640173900000381021195
B1158524551673N01149126EA015670174100000380831195
B1158534551676N01149133EA015700174400000380641195
B1158544551681N01149137EA015720174600000370461195
B1158554551686N01149139EA015740174800000370281195
B1158564551692N01149139EA015770175000000380121195
B1158574551697N01149138EA015780175300000383561195
B1158584551702N01149136EA015800175500000323501195
B1158594551707N01149134EA015820175700000323441161
B1159004551712N01149131EA015830175800000353361161
B1159014551716N01149126EA015840175800000353281161
B1159024551718N01149119EA015840175800000353111161
B1159034551719N01149112EA015850175900000352941161
B1159044551719N01149105EA015860176000000322761200
B1159054551718N01149099EA015880176200000322581200
B1159064551716N01149095EA015900176600000212471200
B1159074551714N01149091EA015920176900000212361200
B1159084551711N01149087EA015940177100000292281200
B1159094551707N01149083EA015970177300000292201200
B1159104551702N01149081EA015990177500000342051237
B1159114551697N01149081EA016020177800000341901237
B1159124551692N01149083EA016040178100000311741237
B1159134551688N01149086EA016070178400000311581237
B1159144551684N01149089EA016100178700000281521237
B1159154551680N01149093EA016120179000000281461237
B1159164551675N01149096EA016150179200000371491237
B1159174551670N01149100EA016170179400000371521237
B1159184551665N01149104EA016200179600000391541237
B1159194551659N01149107EA016230180000000391561237
B1159204551654N01149109EA016250180300000351561259
B1159214551649N01149113EA016280180600000381561242
B1159224551643N01149116EA016300180700000411571242
B1159234551637N01149119EA016320180800000411581242
B1159244551631N01149123EA016340181000000431581242
B1159254551625N01149126EA016350181200000431581242
B1159264551620N01149129EA016370181300000391571242
B1159274551614N01149132EA016370181300000391561242
B1159284551609N01149136EA016370181300000401571242
B1159294551603N01149139EA016370181100000401581226
B1159304551596N01149143EA016350180800000511561226
B1159314551589N01149148EA016330180600000511541226
B1159324551582N01149153EA016310180300000501531226
B1159334551575N01149158EA016290180200000501521226
B1159344551568N01149163EA016270179800000561531206
B1159354551560N01149169EA016240179400000561541206
B1159364551551N01149176EA016210179000000641501147
B1159374551543N01149183EA016180178700000641481147
B1159384551535N01149189EA016160178500000581491147
B1159394551528N01149195EA016140178300000581501147
B1159404551520N01149200EA016110178200000561521147
B1159414551512N01149205EA016090177900000561541147
B1159424551504N01149210EA016070177600000591571045
B1159434551496N01149212EA016040177300000591601045
B1159444551488N01149214EA016020177100000501661045
B1159454551481N01149216EA016020177100000501721045
B1159464551477N01149218EA016020177500000291641045
B1159474551473N01149221EA016040177700000291561045
B1159484551470N01149222EA016040177800000251591045
B1159494551465N01149223EA016050177700000251621045
B1159504551460N01149221EA016040177400000391771045
B1159514551454N01149218EA016030177200000391920982
B1159524551449N01149215EA016010177200000371990982
B1159534551444N01149211EA016000177100000372060982
B1159544551438N01149208EA016000177000000422021014
B1159554551432N01149206EA015990176900000421981014
B1159564551425N01149204EA015980176800000441921014
B1159574551419N01149203EA015970176800000441861014
B1159584551414N01149203EA015970176800000351851014
B1159594551409N01149202EA015960176800000351841014
B1200004551403N01149201EA015960176700000381830963
B1200014551397N01149202EA015940176500000381820963
B1200024551390N01149203EA015930176200000471750963
B1200034551382N01149206EA015900175900000471680963
B1200044551375N01149211EA015880175500000561610928
B1200054551367N01149216EA015850175300000561540928
B1200064551360N01149219EA015840175200000491580928
B1200074551353N01149221EA015830175200000491620876
B1200084551347N01149223EA015820175200000421640876
B1200094551340N01149226EA015800175100000421660876
B1200104551334N01149229EA015790174800000501620876
B1200114551326N01149233EA015770174600000501580876
B1200124551318N01149238EA015750174300000571590876
B1200134551310N01149241EA015730174100000571600876
B1200144551303N01149245EA015720174100000481610823
B1200154551296N01149248EA015710174200000481620823
B1200164551290N01149251EA015710174100000451600823
B1200174551283N01149255EA015700174000000451580823
B1200184551276N01149259EA015690173800000531580809
B1200194551268N01149263EA015670173500000531580809
B1200204551261N01149265EA015650173300000501630809
B1200214551254N01149267EA015640173200000501680778
B1200224551248N01149268EA015630173200000411720778
B1200234551242N01149270EA015620173200000411720778
B1200244551235N01149272EA015610173000000431660778
B1200254551229N01149276EA015590172800000431600778
B1200264551222N01149279EA015570172500000491610778
B1200274551215N01149282EA015550172200000491620778
B1200284551207N01149284EA015530172000000511630753
B1200294551200N01149287EA015510171800000511640753
B1200304551193N01149289EA015490171700000481660753
B1200314551186N01149291EA015480171600000481680753
B1200324551179N01149293EA015460171500000461690753
B1200334551172N01149294EA015450171300000461700753
B1200344551165N01149297EA015430171000000481660753
B1200354551158N01149301EA015410170800000481620753
B1200364551150N01149305EA015380170500000511600710
B1200374551143N01149308EA015350170100000511580710
B1200384551135N01149312EA015330169800000531600720
B1200394551128N01149315EA015300169600000531620720
B1200404551120N01149317EA015270169400000501630720
B1200414551113N01149320EA015250169200000501640720
B1200424551106N01149324EA015230169000000511600672
B1200434551099N01149329EA015210168700000511560672
B1200444551092N01149335EA015190168500000531530672
B1200454551085N01149340EA015160168200000531500672
B1200464551078N01149346EA015140167900000541510672
B1200474551070N01149350EA015110167700000541520672
B1200484551063N01149354EA015090167400000521550672
B1200494551056N01149358EA015060167100000521580622
B1200504551048N01149362EA015040166900000531580638
B1200514551041N01149367EA015010166600000531580638
B1200524551033N01149372EA014980166300000551550638
B1200534551026N01149378EA014960166000000551520638
B1200544551019N01149384EA014930165700000541500638
B1200554551012N01149390EA014900165400000541480638
B1200564551005N01149396EA014880165200000551470604
B1200574550998N01149403EA014850164800000551460604
B1200584550990N01149409EA014820164400000601480626
B1200594550982N01149415EA014780164000000601500626
B1201004550974N01149421EA014750163600000591510626
B1201014550966N01149426EA014720163300000591520626
B1201024550958N01149432EA014680163000000581520626
B1201034550950N01149437EA014650162600000581520607
B1201044550942N01149443EA014620162300000591530607
B1201054550934N01149448EA014590161900000591540607
B1201064550926N01149453EA014560161600000581540607
B1201074550918N01149459EA014530161400000581540606
B1201084550911N01149464EA014510161100000551520606
B1201094550903N01149470EA014480160900000551500592
B1201104550896N01149475EA014450160600000551520592
B1201114550888N01149480EA014430160300000551540592
B1201124550880N01149484EA014400159900000571570592
B1201134550872N01149488EA014370159700000571600592
B1201144550864N01149492EA014350159500000521590592
B1201154550857N01149496EA014330159400000521580566
B1201164550851N01149500EA014320159300000471560566
B1201174550845N01149504EA014310159200000471540566
B1201184550839N01149508EA014290159100000431550566
B1201194550833N01149512EA014280158900000431560580
B1201204550826N01149515EA014260158700000461560580
B1201214550819N01149519EA014230158300000461560580
B1201224550812N01149524EA014210158000000531560580
B1201234550805N01149529EA014180157700000541540550
B1201244550797N01149534EA014160157400000551540550
B1201254550790N01149538EA014140157200000551540550
B1201264550783N01149543EA014120157100000501550550
B1201274550776N01149547EA014110157000000501560550
B1201284550769N01149552EA014090156900000501550550
B1201294550763N01149557EA014080156700000501540550
B1201304550756N01149562EA014060156500000501530537
B1201314550749N01149566EA014040156300000501520537
B1201324550742N01149571EA014020156000000501540537
B1201334550735N01149575EA014000155800000501560537
B1201344550728N01149579EA013980155600000501560537
B1201354550721N01149584EA013960155400000501560537
B1201364550714N01149590EA013950155200000511530537
B1201374550708N01149595EA013930155000000511500537
B1201384550701N01149601EA013910154800000531500515
B1201394550693N01149606EA013900154700000531500515
B1201404550686N01149611EA013880154500000541520517
B1201414550679N01149616EA013880154500000541540517
B1201424550671N01149622EA013870154500000541520517
B1201434550664N01149628EA013870154500000541500517
B1201444550657N01149635EA013870154600000561470499
B1201454550651N01149642EA013870154600000561440499
B1201464550645N01149649EA013880154800000481420499
B1201474550640N01149655EA013890155000000481400499
B1201484550635N01149661EA013910155200000431390501
B1201494550629N01149668EA013920155300000431380501
B1201504550623N01149674EA013920155200000491400501
B1201514550617N01149680EA013920155100000491420501
B1201524550611N01149686EA013920155000000471460501
B1201534550605N01149691EA013920155100000471500484
B1201544550599N01149695EA013920155100000441510484
B1201554550593N01149699EA013920155100000441520484
B1201564550587N01149704EA013920155100000461510484
B1201574550580N01149709EA013920155000000461500482
B1201584550574N01149714EA013920155000000481490482
B1201594550568N01149720EA013920154900000481480482
B1202004550562N01149725EA013920155000000461470482
B1202014550557N01149731EA013920155000000461460471
B1202024550551N01149736EA013930155200000441450471
B1202034550546N01149742EA013940155200000441440471
B1202044550541N01149747EA013940155300000431420471
B1202054550536N01149754EA013950155300000431400471
B1202064550531N01149760EA013960155400000421380467
B1202074550526N01149766EA013960155500000421360467
B1202084550522N01149771EA013970155600000361380467
B1202094550518N01149775EA013960155600000361400467
B1202104550514N01149780EA013950155300000331410467
B1202114550510N01149785EA013940155100000331420467
B1202124550505N01149791EA013910154900000421390452
B1202134550500N01149797EA013880154500000421360452
B1202144550494N01149803EA013850154100000481410452
B1202154550488N01149809EA013810153700000481460450
B1202164550481N01149814EA013790153400000531480450
B1202174550474N01149820EA013770153200000531500450
B1202184550467N01149824EA013760153200000461510450
B1202194550461N01149828EA013750153300000461520450
B1202204550455N01149831EA013750153300000441580439
B1202214550448N01149833EA013740153100000441640439
B1202224550441N01149836EA013740153200000451630439
B1202234550435N01149839EA013740153100000451620439
B1202244550429N01149844EA013730153000000421520439
B1202254550423N01149848EA013720152800000421500439
B1202264550417N01149852EA013710152600000481540439
B1202274550410N01149855EA013690152400000481580439
B1202284550403N01149857EA013670152000000501640424
B1202294550395N01149858EA013650151800000501700424
B1202304550389N01149861EA013630151700000451660421
B1202314550382N01149864EA013620151600000451620421
B1202324550376N01149867EA013600151500000441610421
B1202334550370N01149870EA013590151300000441600421
B1202344550363N01149873EA013570151000000471590421
B1202354550356N01149878EA013540150600000471580413
B1202364550350N01149883EA013520150300000511540413
B1202374550343N01149889EA013490150000000511500413
B1202384550336N01149894EA013460149700000531510413
B1202394550328N01149899EA013430149600000531520413
B1202404550321N01149904EA013410149400000521520413
B1202414550314N01149909EA013390149200000521520408
B1202424550308N01149913EA013370149000000521520401
B1202434550300N01149919EA013350148800000521520401
B1202444550293N01149924EA013340148600000541500401
B1202454550287N01149930EA013320148500000541480401
B1202464550281N01149936EA013320148600000471460401
B1202474550275N01149942EA013310148600000471440401
B1202484550270N01149948EA013300148500000431430401
B1202494550265N01149954EA013290148300000431420401
B1202504550259N01149961EA013280148000000501400395
B1202514550253N01149969EA013260147700000501380393
B1202524550247N01149977EA013240147500000521390393
B1202534550241N01149983EA013220147300000521400393
B1202544550235N01149989EA013210147200000461420393
B1202554550230N01149995EA013200147200000461440393
B1202564550224N01150000EA013200147200000441430393
B1202574550219N01150006EA013180147000000441420393
B1202584550213N01150013EA013170146800000491420386
B1202594550207N01150019EA013150146500000491420375
B1203004550201N01150026EA013130146300000511430375
B1203014550194N01150031EA013120146300000511440375
B1203024550188N01150036EA013110146200000461480375
B1203034550182N01150040EA013100146200000461520375
B1203044550176N01150045EA013100146200000441490375
B1203054550171N01150051EA013090146100000441460375
B1203064550166N01150059EA013080145900000511400375
B1203074550160N01150067EA013070145800000511340375
B1203084550154N01150074EA013050145500000531360365
B1203094550149N01150081EA013040145500000531380365
B1203104550145N01150088EA013040145500000361340365
B1203114550142N01150094EA013050145800000361300365
B1203124550140N01150100EA013050145900000281190365
B1203134550140N01150107EA013040145800000281080365
B1203144550140N01150116EA013030145500000430940365
B1203154550143N01150124EA013010145100000430780365
B1203164550149N01150129EA012990144900000410500365
B1203174550154N01150129EA012970144800000410220365
B1203184550158N01150124EA012940144500000363460365
B1203194550161N01150117EA012920144400000363100374
B1203204550161N01150111EA012910144400000282890374
B1203214550160N01150106EA012890144400000282680375
B1203224550159N01150100EA012880144300000282570375
B1203234550158N01150094EA012870144200000282460365
B1203244550157N01150087EA012860144100000352460365
B1203254550157N01150079EA012840144000000372640365
B1203264550157N01150070EA012830143800000402700365
B1203274550157N01150061EA012810143600000422700365
B1203284550157N01150052EA012800143500000432680370
B1203294550156N01150043EA012790143400000432660370
B1203304550156N01150034EA012780143400000412660370
B1203314550157N01150025EA012770143400000402680370
B1203324550157N01150016EA012770143400000402720370
B1203334550158N01150008EA012760143400000402740371
B1203344550158N01149999EA012750143200000422760371
B1203354550159N01149990EA012730142900000442760379
B1203364550161N01149980EA012710142700000462780379
B1203374550162N01149970EA012690142500000462800379
B1203384550163N01149960EA012670142300000442800379
B1203394550164N01149951EA012660142300000422760375
B1203404550164N01149942EA012640142200000422720375
B1203414550164N01149933EA012630142000000452680375
B1203424550164N01149922EA012610141700000472680375
B1203434550164N01149912EA012580141300000482700375
B1203444550164N01149902EA012560141000000492700378
B1203454550164N01149891EA012530140800000492700378
B1203464550164N01149881EA012510140500000482700378
B1203474550164N01149871EA012480140300000462680378
B1203484550164N01149861EA012460140100000452660378
B1203494550163N01149851EA012450140000000432640390
B1203504550163N01149842EA012430139900000412640390
B1203514550162N01149834EA012420139800000392640390
B1203524550162N01149825EA012410139600000402660390
B1203534550162N01149816EA012390139400000412660390
B1203544550162N01149807EA012370139100000422680394
B1203554550162N01149799EA012350138800000412680394
B1203564550162N01149790EA012330138600000392680394
B1203574550162N01149782EA012300138400000392700394
B1203584550162N01149773EA012280138100000392700394
B1203594550163N01149765EA012260137900000382700394
B1204004550163N01149757EA012230137600000392720395
B1204014550163N01149748EA012210137300000412720395
B1204024550163N01149739EA012190137100000432700395
B1204034550164N01149729EA012160136800000432700395
B1204044550164N01149720EA012140136700000412720395
B1204054550165N01149712EA012130136600000392740395
B1204064550165N01149704EA012110136600000372740395
B1204074550165N01149695EA012100136500000382740395
B1204084550165N01149687EA012090136300000402700395
B1204094550166N01149678EA012070136100000412700395
B1204104550166N01149669EA012060135900000412720395
B1204114550166N01149660EA012040135800000412720395
B1204124550167N01149652EA012030135700000402720394
B1204134550167N01149643EA012010135500000412720394
B1204144550169N01149634EA012000135400000422760394
B1204154550170N01149625EA011990135400000402800394
B1204164550171N01149617EA011980135300000402840394
B1204174550173N01149608EA011970135200000412840396
B1204184550174N01149600EA011950135000000422800396
B1204194550174N01149590EA011940134700000442760396
B1204204550175N01149581EA011920134400000452740396
B1204214550176N01149571EA011900134200000472760396
B1204224550177N01149561EA011880134000000472760396
B1204234550178N01149551EA011860133900000462780405
B1204244550179N01149541EA011850133800000442780405
B1204254550180N01149532EA011840133700000442760405
B1204264550181N01149523EA011830133600000432760405
B1204274550183N01149514EA011820133500000422780405
B1204284550185N01149505EA011820133600000412840409
B1204294550187N01149497EA011820133700000362900409
B1204304550188N01149490EA011820133700000342870409
B1204314550189N01149483EA011820133700000342840409
B1204324550189N01149476EA011810133600000342790409
B1204334550190N01149468EA011800133500000372740409
B1204344550190N01149460EA011790133200000392740409
B1204354550191N01149451EA011780133100000372740418
B1204364550191N01149444EA011770133000000342710418
B1204374550190N01149436EA011760133000000342680418
B1204384550190N01149429EA011750133000000342660418
B1204394550190N01149422EA011750133000000342640418
B1204404550189N01149414EA011750133000000352660418
B1204414550189N01149407EA011740133000000352640423
B1204424550188N01149399EA011740133000000352620423
B1204434550188N01149391EA011730132900000382620423
B1204444550188N01149382EA011730132800000412680423
B1204454550189N01149373EA011720132600000442760423
B1204464550190N01149364EA011710132600000422780423
B1204474550190N01149355EA011710132600000382720428
B1204484550189N01149348EA011720132700000332700428
B1204494550190N01149341EA011730132900000332680428
B1204504550190N01149336EA011740133200000232760428
B1204514550191N01149331EA011750133300000232840428
B1204524550191N01149326EA011760133300000282750428
B1204534550190N01149319EA011760133200000282660428
B1204544550190N01149312EA011760133200000322680428
B1204554550191N01149305EA011770133400000322700431
B1204564550191N01149299EA011780133600000272760431
B1204574550193N01149294EA011790133900000272820431
B1204584550194N01149288EA011810134000000282830431
B1204594550195N01149282EA011820134000000282840431
B1205004550195N01149275EA011820134000000332770431
B1205014550194N01149268EA011820134000000332700431
B1205024550193N01149261EA011830134000000322640431
B1205034550193N01149254EA011830134100000322580435
B1205044550192N01149248EA011840134200000302580435
B1205054550191N01149241EA011840134300000332600435
B1205064550190N01149234EA011840134300000352590435
B1205074550189N01149226EA011850134400000362580435
B1205084550188N01149219EA011860134500000342580435
B1205094550187N01149212EA011870134700000342580435
B1205104550186N01149205EA011880134900000312570437
B1205114550185N01149199EA011890135100000312560437
B1205124550184N01149192EA011910135200000332560437
B1205134550183N01149185EA011920135400000332560437
B1205144550182N01149178EA011930135500000312600437
B1205154550182N01149171EA011940135500000312640437
B1205164550183N01149164EA011940135500000342710437
B1205174550184N01149156EA011940135400000362780438
B1205184550185N01149149EA011940135400000352780438
B1205194550185N01149142EA011950135500000352780438
B1205204550185N01149136EA011950135600000262710438
B1205214550184N01149130EA011950135600000262640438
B1205224550183N01149125EA011950135500000262580438
B1205234550182N01149119EA011940135300000262520438
B1205244550181N01149113EA011920135100000312580438
B1205254550181N01149106EA011910134900000312640441
B1205264550182N01149099EA011890134600000352700441
B1205274550183N01149091EA011870134300000402760441
B1205284550183N01149081EA011850134000000452760441
B1205294550184N01149072EA011830133800000452740441
B1205304550185N01149062EA011810133700000432740441
B1205314550186N01149053EA011800133700000402760442
B1205324550186N01149045EA011800133600000382780442
B1205334550187N01149037EA011790133600000382760442
B1205344550187N01149028EA011780133400000412740442
B1205354550188N01149019EA011770133300000432740442
B1205364550190N01149010EA011760133100000452780442
B1205374550192N01149000EA011750133000000452840453
B1205384550194N01148991EA011740132900000442880453
B1205394550196N01148983EA011730133000000422880453
B1205404550198N01148974EA011730132900000422860453
B1205414550200N01148965EA011720132900000432840453
B1205424550202N01148956EA011710132800000452860457
B1205434550205N01148947EA011700132600000472920457
B1205444550208N01148938EA011690132500000482960457
B1205454550210N01148928EA011690132500000432940468
B1205464550212N01148920EA011690132500000392860468
B1205474550213N01148912EA011690132600000362780468
B1205484550214N01148904EA011690132700000352780472
B1205494550215N01148897EA011690132600000352820472
B1205504550216N01148888EA011680132500000422840472
B1205514550218N01148879EA011670132300000462800472
B1205524550220N01148869EA011660132100000482820472
B1205534550222N01148859EA011650132000000472840483
B1205544550225N01148850EA011640131900000452900483
B1205554550228N01148841EA011630131900000442940483
B1205564550230N01148833EA011620131800000442940483
B1205574550233N01148824EA011610131700000452920483
B1205584550235N01148814EA011590131500000482900483
B1205594550237N01148804EA011570131300000512880494
B1206004550239N01148793EA011560131100000512860494
B1206014550241N01148783EA011550131000000472840494
B1206024550243N01148773EA011540131100000442820494
B1206034550244N01148765EA011540131100000392800494
B1206044550245N01148757EA011540131100000362820506
B1206054550247N01148749EA011530131100000362840506
B1206064550249N01148741EA011520130900000412840506
B1206074550251N01148732EA011500130700000472860506
B1206084550254N01148722EA011480130400000502900506
B1206094550256N01148712EA011470130200000512900506
B1206104550259N01148702EA011450130000000512900523
B1206124550264N01148683EA011440130200000452920523
B1206134550267N01148673EA011440130300000452900523
B1206144550269N01148665EA011440130300000432860523
B1206154550271N01148657EA011450130400000382860531
B1206164550274N01148650EA011450130500000372940531
B1206174550277N01148643EA011450130500000373020531
B1206184550280N01148636EA011450130400000382990531
B1206194550282N01148628EA011440130200000392960531
B1206204550283N01148620EA011430130100000402840531
B1206214550285N01148611EA011420130000000412800531
B1206224550287N01148603EA011400129800000432840532
B1206234550290N01148594EA011390129600000452900532
B1206244550293N01148585EA011370129400000462960532
B1206254550296N01148576EA011360129300000452940532
B1206264550298N01148567EA011340129200000422900532
B1206274550300N01148559EA011330129100000402880532
B1206284550302N01148550EA011320129000000412880532
B1206294550304N01148542EA011310128900000432900532
B1206304550307N01148533EA011300128700000432940532
B1206314550310N01148525EA011280128600000422940555
B1206324550312N01148517EA011270128500000412940555
B1206334550314N01148508EA011260128400000412900559
B1206344550315N01148499EA011250128200000422840559
B1206354550315N01148490EA011240128100000422740559
B1206364550315N01148482EA011220127900000402660559
B1206374550315N01148473EA011200127700000392660559
B1206384550316N01148464EA011180127500000402720559
B1206394550316N01148456EA011170127400000412760598
B1206404550316N01148447EA011150127200000422740598
B1206414550316N01148438EA011140127000000412680598
B1206424550315N01148429EA011130126900000382640598
B1206434550315N01148421EA011120126900000372640598
B1206444550315N01148413EA011110126900000352680598
B1206454550315N01148406EA011110126900000352700635
B1206464550315N01148398EA011100126800000372680635
B1206474550314N01148390EA011090126600000382660635
B1206484550313N01148382EA011080126500000362600635
B1206494550312N01148375EA011070126400000362560635
B1206504550311N01148368EA011070126400000322560635
B1206524550310N01148353EA011040126100000362640661
B1206534550310N01148345EA011030125900000372660661
B1206544550309N01148337EA011010125700000372640661
B1206554550309N01148329EA010990125500000362620661
B1206564550308N01148322EA010970125300000352640622
B1206574550308N01148314EA010950125100000362660622
B1206584550309N01148306EA010930124900000382700679
B1206594550309N01148297EA010920124700000382740679
B1207004550310N01148289EA010910124600000372760679
B1207014550311N01148282EA010890124500000372780679
B1207024550312N01148275EA010880124400000342790679
B1207034550313N01148267EA010880124300000362800679
B1207044550314N01148259EA010860124200000392800693
B1207054550315N01148250EA010850124000000412800693
B1207064550317N01148242EA010840123900000412800693
B1207074550319N01148233EA010830123800000392840693
B1207084550321N01148226EA010830123800000382870693
B1207094550323N01148218EA010830123900000382900693
B1207104550325N01148210EA010830123900000392920693
B1207114550327N01148202EA010830123900000412920707
B1207124550329N01148193EA010830123900000392880707
B1207134550329N01148185EA010830123900000372800707
B1207144550329N01148177EA010830124000000362720707
B1207154550329N01148169EA010840124100000372660707
B1207164550329N01148161EA010850124200000342660707
B1207174550328N01148155EA010850124300000342660719
B1207184550328N01148149EA010860124400000262660719
B1207194550328N01148143EA010860124300000262660719
B1207204550328N01148137EA010850124100000292690719
B1207214550328N01148130EA010840123900000292720719
B1207224550329N01148123EA010820123700000332710719
B1207234550329N01148116EA010810123500000332700719
B1207244550328N01148109EA010800123400000312680740
B1207254550328N01148103EA010790123400000312660740
B1207264550329N01148096EA010780123300000292700740
B1207274550329N01148090EA010760123100000292740740
B1207284550329N01148083EA010750122900000342720740
B1207294550329N01148075EA010730122700000362700740
B1207304550329N01148067EA010710122500000352700740
B1207314550330N01148060EA010700122400000352720740
B1207324550330N01148054EA010690122400000272740771
B1207334550331N01148048EA010690122400000272760771
B1207344550331N01148041EA010680122300000342720771
B1207354550330N01148033EA010660121900000412680771
B1207364550329N01148024EA010640121500000442620771
B1207374550326N01148015EA010610121200000462540771
B1207404550313N01147994EA010560120800000412220813
B1207414550308N01147989EA010550120800000412200781
B1207424550304N01147984EA010540120700000362190781
B1207434550299N01147979EA010530120500000362180781
B1207444550295N01147973EA010510120200000422180781
B1207454550290N01147968EA010480119800000422180781
B1207464550285N01147962EA010460119600000422170781
B1207474550280N01147958EA010440119400000422160809
B1207484550275N01147953EA010420119300000362140809
B1207494550270N01147949EA010410119100000362120809
B1207504550266N01147945EA010390118900000382130809
B1207514550261N01147939EA010370118600000382140809
B1207524550258N01147933EA010350118400000392240756
B1207534550255N01147925EA010330118200000382340756
B1207544550252N01147918EA010320118100000372390756
B1207554550250N01147910EA010300118000000382440811
B1207564550248N01147902EA010280117800000402480811
B1207574550246N01147894EA010270117600000432480811
B1207584550243N01147885EA010250117300000442460811
B1207594550240N01147877EA010230117100000432440811
B1208004550238N01147869EA010210117000000402440811
B1208014550236N01147861EA010200117000000382480811
B1208024550234N01147853EA010190116900000372520865
B1208034550232N01147845EA010190116900000382500865
B1208044550230N01147838EA010190116900000392460865
B1208054550227N01147830EA010190116900000362420865
B1208064550226N01147824EA010200117100000292500865
B1208074550225N01147818EA010210117400000292580865
B1208084550226N01147811EA010230117600000302660865
B1208094550226N01147804EA010240117700000302740900
B1208104550226N01147797EA010250117800000332710900
B1208114550226N01147790EA010260117900000332680900
B1208124550226N01147783EA010270118000000342690900
B1208134550226N01147776EA010280118200000342700900
B1208144550226N01147770EA010300118300000292700900
B1208154550226N01147763EA010310118400000292700900
B1208164550224N01147757EA010310118400000282610914
B1208174550223N01147751EA010320118400000282520914
B1208184550221N01147744EA010330118500000352490914
B1208194550219N01147737EA010340118600000352460914
B1208204550217N01147732EA010350118800000282460914
B1208214550216N01147726EA010370119000000282460914
B1208224550214N01147721EA010380119100000282440914
B1208234550212N01147715EA010380119000000282420914
B1208244550209N01147709EA010380118900000312400926
B1208254550207N01147703EA010380118900000312380894
B1208264550204N01147697EA010380118900000322380894
B1208274550202N01147691EA010380118900000322380894
B1208284550199N01147684EA010380118900000352390894
B1208294550197N01147678EA010380118800000352400894
B1208304550195N01147672EA010370118800000282450894
B1208314550193N01147667EA010370118700000282500894
B1208324550191N01147662EA010360118700000262370894
B1208334550188N01147658EA010350118500000262240911
B1208344550185N01147654EA010340118300000292270911
B1208354550182N01147649EA010330118200000292300911
B1208364550180N01147644EA010310118000000252360911
B1208374550177N01147641EA010300117900000252300911
B1208384550174N01147639EA010280117600000262170911
B1208394550170N01147636EA010260117300000262040911
B1208404550167N01147634EA010240117000000242030911
B1208414550163N01147633EA010220116900000242020911
B1208424550159N01147631EA010190116500000282010911
B1208434550155N01147628EA010160116100000282000886
B1208444550149N01147626EA010130115700000391990886
B1208454550144N01147623EA010100115400000391980886
B1208464550138N01147619EA010070115100000431990886
B1208474550131N01147616EA010050115000000432000886
B1208484550125N01147614EA010030114900000411990886
B1208494550120N01147611EA010020114800000411980886
B1208504550114N01147608EA010010114800000381970903
B1208514550109N01147606EA010000114600000381960903
B1208524550103N01147604EA009980114400000401940880
B1208534550097N01147602EA009960114100000401920880
B1208544550091N01147599EA009940113900000431960880
B1208554550085N01147595EA009920113700000432000880
B1208564550079N01147590EA009910113600000432050880
B1208574550073N01147586EA009900113600000432100880
B1208584550068N01147581EA009900113700000392100880
B1208594550063N01147577EA009900113800000392100880
B1209004550059N01147573EA009900113800000362090880
B1209014550054N01147569EA009900113700000362080844
B1209024550049N01147564EA009890113600000412110844
B1209034550044N01147558EA009880113500000412140858
B1209044550038N01147552EA009880113400000452170858
B1209054550033N01147546EA009870113400000452200858
B1209064550028N01147540EA009870113400000412180858
B1209074550023N01147535EA009870113500000412160858
B1209084550019N01147530EA009870113600000362160858
B1209094550014N01147526EA009870113600000362160858
B1209104550009N01147521EA009870113600000392140858
B1209114550004N01147517EA009870113400000392120825
B1209124549999N01147512EA009860113400000422120825
B1209134549993N01147507EA009860113300000422120827
B1209144549988N01147503EA009860113400000382110827
B1209154549983N01147499EA009860113400000382100827
B1209164549979N01147495EA009860113500000372090827
B1209174549974N01147491EA009870113600000372080827
B1209184549968N01147488EA009880113600000372060827
B1209194549964N01147485EA009900113900000372040827
B1209204549962N01147482EA009920114400000172140827
B1209214549960N01147479EA009940114700000172240827
B1209224549959N01147477EA009960114900000142300827
B1209234549957N01147474EA009970114800000142360771
B1209244549954N01147471EA009980114800000222240771
B1209254549951N01147469EA009980114700000222120771
B1209264549947N01147467EA009980114800000242030771
B1209274549944N01147467EA009990114900000241940771
B1209284549942N01147468EA009990115000000161760771
B1209294549940N01147470EA010000115100000161580771
B1209304549938N01147475EA010000115100000261360771
B1209314549937N01147481EA010000115100000261140771
B1209324549937N01147487EA010010115100000321000771
B1209334549938N01147494EA010010115100000320860771
B1209344549941N01147501EA010000115000000360720771
B1209354549944N01147508EA010000115000000360580771
B1209364549948N01147514EA010000115000000390580775
B1209374549951N01147521EA010010115200000360520775
B1209384549955N01147526EA010030115400000330510775
B1209394549958N01147532EA010040115600000330500775
B1209404549961N01147538EA010060115700000370500825
B1209414549966N01147544EA010070115800000370500825
B1209424549972N01147546EA010080115900000440310825
B1209434549978N01147547EA010090116000000440120825
B1209444549984N01147545EA010090116100000393570825
B1209454549989N01147541EA010100116200000393420825
B1209464549993N01147535EA010100116200000383240825
B1209474549996N01147528EA010090116000000383060825
B1209484549996N01147519EA010090115900000382880825
B1209494549995N01147511EA010080115800000382680825
B1209504549993N01147504EA010080115800000362560827
B1209514549990N01147497EA010090116000000362440827
B1209524549989N01147491EA010100116200000312460827
B1209534549987N01147485EA010110116400000312480827
B1209544549986N01147478EA010120116500000332510827
B1209554549984N01147471EA010130116500000332540827
B1209564549982N01147464EA010140116600000342470827
B1209574549980N01147458EA010160116800000342400825
B1209584549977N01147453EA010170117000000292400825
B1209594549976N01147447EA010190117300000292400825
B1210004549974N01147441EA010210117400000312420825
B1210014549971N01147435EA010230117600000312440825
B1210024549968N01147430EA010240117700000302350825
B1210034549965N01147425EA010260117900000302260825
B1210044549963N01147420EA010270118100000302310825
B1210054549961N01147413EA010290118200000302360825
B1210064549960N01147406EA010300118300000372530821
B1210074549961N01147397EA010310118300000392700821
B1210084549962N01147389EA010320118500000382800821
B1210094549964N01147382EA010340118700000382840821
B1210104549966N01147376EA010350119000000302890821
B1210114549968N01147370EA010370119200000302940821
B1210124549970N01147364EA010380119300000302970821
B1210134549972N01147358EA010390119400000303000840
B1210144549973N01147352EA010400119500000302900840
B1210154549974N01147346EA010410119500000302800840
B1210164549974N01147338EA010410119400000342720840
B1210174549974N01147331EA010400119300000342700840
B1210184549975N01147323EA010400119100000382760840
B1210194549975N01147315EA010390119000000362780840
B1210204549975N01147307EA010380119000000332720871
B1210214549974N01147300EA010370118800000332600871
B1210224549972N01147294EA010370118800000322540871
B1210234549970N01147287EA010360118800000322480871
B1210244549969N01147281EA010360118800000292510871
B1210254549968N01147275EA010350118800000292540871
B1210264549967N01147269EA010350118700000282530871
B1210274549966N01147263EA010340118600000282520871
B1210284549964N01147257EA010330118500000312520894
B1210294549963N01147250EA010320118300000312520894
B1210304549962N01147243EA010310118300000342540894
B1210314549961N01147236EA010310118200000342560894
B1210324549960N01147229EA010300118200000312590894
B1210334549960N01147223EA010300118300000312620894
B1210344549959N01147216EA010300118300000322620894
B1210354549959N01147209EA010300118200000322620922
B1210364549958N01147202EA010300118200000302610882
B1210374549958N01147197EA010300118200000302600882
B1210384549957N01147192EA010290118100000242580882
B1210394549956N01147186EA010280117900000242560882
B1210404549955N01147179EA010270117600000332560882
B1210414549953N01147172EA010240117300000332560882
B1210424549952N01147163EA010220116900000432540882
B1210434549950N01147153EA010190116600000452540901
B1210444549949N01147144EA010170116400000442560901
B1210454549948N01147135EA010160116300000412600901
B1210464549947N01147126EA010140116300000372640901
B1210474549947N01147119EA010140116300000372640901
B1210484549946N01147112EA010120116200000332620901
B1210494549945N01147105EA010110115900000332600924
B1210504549944N01147096EA010090115600000402600924
B1210514549943N01147088EA010070115400000402600924
B1210524549942N01147080EA010060115300000382560924
B1210534549940N01147072EA010050115300000362540924
B1210544549939N01147064EA010040115200000352560924
B1210554549938N01147057EA010030115100000352580955
B1210564549938N01147048EA010020114900000382600955
B1210574549937N01147040EA010000114700000422640955
B1210584549937N01147030EA009980114400000442660955
B1210594549937N01147021EA009960114200000442660955
B1211004549937N01147012EA009950114000000412680955
B1211014549937N01147003EA009930113900000382700982
B1211024549937N01146995EA009910113700000382700982
B1211034549936N01146987EA009890113500000392660982
B1211044549936N01146978EA009870113300000422640982
B1211054549935N01146968EA009850113000000442640982
B1211064549935N01146959EA009830112800000432661011
B1211074549935N01146950EA009810112600000412681011
B1211084549936N01146941EA009800112600000392721011
B1211094549937N01146933EA009790112500000392781011
B1211104549938N01146925EA009770112300000402801011
B1211114549938N01146916EA009750112100000422761011
B1211124549937N01146907EA009730111800000432681041
B1211134549936N01146897EA009720111600000442621041
B1211144549935N01146888EA009700111400000432601041
B1211154549935N01146879EA009690111400000402601041
B1211164549934N01146871EA009690111500000372621041
B1211174549934N01146863EA009690111600000332641041
B1211184549934N01146856EA009690111700000302681057
B1211194549934N01146850EA009700111800000302721057
B1211204549934N01146843EA009690111800000332731057
B1211214549935N01146835EA009690111600000372741057
B1211224549934N01146827EA009670111300000412681057
B1211234549934N01146818EA009660111200000402661057
B1211244549934N01146810EA009660111200000362681030
B1211254549934N01146802EA009660111400000352701030
B1211264549935N01146794EA009670111400000362721030
B1211274549935N01146786EA009680111600000382701030
B1211284549934N01146778EA009690111600000382681030
B1211294549933N01146770EA009700111800000352601030
B1211304549932N01146763EA009710112100000322591030
B1211314549931N01146757EA009730112300000322581020
B1211324549931N01146750EA009750112400000302611020
B1211334549930N01146743EA009760112500000302641020
B1211344549930N01146736EA009780112600000332641020
B1211354549930N01146729EA009790112800000332641020
B1211364549930N01146723EA009800113000000302691020
B1211374549931N01146717EA009810113000000302741020
B1211384549931N01146709EA009810112900000352740993
B1211394549932N01146701EA009810112800000402720993
B1211404549932N01146692EA009800112700000412740993
B1211414549933N01146684EA009790112600000382760993
B1211424549933N01146676EA009780112600000372760993
B1211434549933N01146668EA009780112500000372720993
B1211444549933N01146660EA009770112400000372660985
B1211454549932N01146652EA009770112400000372600985
B1211464549930N01146644EA009770112300000362580985
B1211474549929N01146637EA009770112400000362580985
B1211484549929N01146629EA009780112500000352580985
B1211494549929N01146621EA009790112700000362640985
B1211504549929N01146614EA009800112700000362700985
B1211514549928N01146606EA009800112700000332681004
B1211524549928N01146600EA009800112700000312631004
B1211534549926N01146593EA009790112600000312581004
B1211544549924N01146586EA009790112500000342521004
B1211554549922N01146579EA009780112400000342461004
B1211564549921N01146571EA009770112300000362521004
B1211574549919N01146564EA009760112200000362541004
B1211584549917N01146556EA009750112100000372501040
B1211594549915N01146549EA009750112100000372461040
B1212004549913N01146543EA009750112200000302491040
B1212014549912N01146536EA009750112300000302521040
B1212024549912N01146529EA009750112300000342581040
B1212034549911N01146522EA009760112400000342641040
B1212054549912N01146507EA009770112600000342721080
B1212064549912N01146499EA009780112600000352721080
B1212074549913N01146492EA009780112700000352721080
B1212084549913N01146485EA009790112700000322731080
B1212094549913N01146478EA009800112900000322741080
B1212104549912N01146472EA009810113000000272651080
B1212114549911N01146467EA009820113100000272561080
B1212124549908N01146462EA009820113200000282420969
B1212134549905N01146458EA009830113200000282281014
B1212144549902N01146454EA009840113300000272281014
B1212154549899N01146451EA009850113400000262201014
B1212164549895N01146448EA009860113600000272141014
B1212174549891N01146445EA009860113600000272081014
B1212184549887N01146442EA009870113600000292071014
B1212194549883N01146439EA009870113600000292061014
B1212204549880N01146435EA009870113600000292101014
B1212214549876N01146433EA009870113700000292141014
B1212224549873N01146431EA009860113600000182041014
B1212234549870N01146431EA009850113400000181941014
B1212244549866N01146430EA009830113100000301901014
B1212254549861N01146429EA009800112700000301861014
B1212264549856N01146427EA009780112400000361880912
B1212274549851N01146426EA009750112200000361900912
B1212284549846N01146424EA009740112200000281920912
B1212294549842N01146423EA009730112100000281940912
B1212304549838N01146422EA009710112000000301920912
B1212314549833N01146420EA009690111800000301900912
B1212324549828N01146418EA009680111600000331950912
B1212334549824N01146415EA009670111600000332000912
B1212344549821N01146410EA009660111600000302110957
B1212354549818N01146406EA009660111600000302220957
B1212364549815N01146401EA009650111600000302260957
B1212374549812N01146396EA009650111500000302300957
B1212384549808N01146391EA009640111500000332260894
B1212394549804N01146386EA009640111400000332220894
B1212404549800N01146381EA009640111400000352230894
B1212414549797N01146375EA009640111400000352240894
B1212424549793N01146369EA009640111400000362270894
B1212434549790N01146363EA009640111500000362300894
B1212444549786N01146358EA009640111500000352230928
B1212454549781N01146354EA009650111500000352160928
B1212464549777N01146349EA009650111600000342160928
B1212474549773N01146345EA009660111800000342160928
B1212484549770N01146339EA009670111900000332220928
B1212494549766N01146334EA009680112000000332280928
B1212504549763N01146328EA009690112100000332290928
B1212514549760N01146323EA009700112200000332300928
B1212524549757N01146318EA009710112300000332260900
B1212534549753N01146313EA009720112400000332220900
B1212544549748N01146309EA009720112300000352170964
B1212554549744N01146305EA009730112400000352120964
B1212564549740N01146301EA009740112600000312160964
B1212574549737N01146296EA009760112900000312200964
B1212584549734N01146292EA009770113000000292220964
B1212594549730N01146288EA009790113100000292240964
B1213004549726N01146285EA009800113200000292140964
B1213014549723N01146283EA009810113300000292040964
B1213024549720N01146281EA009820113500000212060964
B1213034549717N01146279EA009830113600000212080964
B1213044549715N01146277EA009830113700000192060964
B1213054549711N01146276EA009830113500000192040964
B1213064549708N01146275EA009830113400000251950928
B1213074549704N01146274EA009820113300000251860928
B1213084549701N01146274EA009820113400000201850928
B1213094549699N01146273EA009830113600000201840928
B1213114549694N01146265EA009840113700000282260928
B1213124549691N01146259EA009840113700000292300958
B1213134549689N01146255EA009840113700000292340958
B1213144549686N01146251EA009850113700000232290958
B1213154549684N01146248EA009860113900000232240958
B1213164549681N01146244EA009860113900000222220958
B1213174549679N01146241EA009870113900000222200958
B1213184549675N01146238EA009870113900000262160958
B1213194549672N01146235EA009880114000000262120958
B1213204549668N01146233EA009890114100000252090958
B1213214549665N01146230EA009900114200000252060958
B1213224549662N01146227EA009900114300000222080958
B1213234549659N01146225EA009910114400000222100958
B1213244549656N01146224EA009910114500000202010904
B1213254549653N01146224EA009910114400000201920904
B1213264549650N01146223EA009900114200000221920904
B1213274549646N01146221EA009880113800000221920904
B1213284549642N01146218EA009860113500000321990904
B1213294549638N01146215EA009830113200000322060904
B1213304549634N01146211EA009820113100000282110937
B1213314549631N01146208EA009800113000000282160937
B1213324549628N01146205EA009790112900000242120937
B1213334549624N01146202EA009770112700000242080937
B1213344549620N01146200EA009760112500000302080937
B1213354549616N01146196EA009740112200000302080937
B1213364549612N01146193EA009720112000000322080937
B1213374549608N01146190EA009700111900000322080927
B1213384549604N01146187EA009700111900000272080927
B1213394549601N01146184EA009690111900000272080927
B1213404549597N01146180EA009690111800000302110927
B1213414549593N01146176EA009680111700000302140927
B1213424549589N01146173EA009660111500000322090927
B1213434549584N01146171EA009650111400000322040927
B1213444549579N01146170EA009650111400000311950927
B1213454549575N01146169EA009640111400000311860927
B1213464549572N01146167EA009640111500000251900927
B1213474549568N01146166EA009640111500000251940927
B1213484549564N01146165EA009630111300000301900927
B1213494549559N01146164EA009630111200000301860927
B1213504549554N01146165EA009620111100000311810911
B1213514549549N01146165EA009610111000000311760911
B1213524549544N01146166EA009610111100000351740911
B1213534549538N01146167EA009610111000000351720911
B1213544549532N01146167EA009610111100000391750911
B1213554549527N01146167EA009630111400000391780911
B1213564549522N01146167EA009640111700000281780911
B1213574549518N01146167EA009660111900000281780911
B1213584549513N01146166EA009680112000000351800911
B1213594549508N01146165EA009690112000000351820888
B1214004549503N01146162EA009690112100000311960888
B1214014549500N01146159EA009700112100000312100902
B1214024549497N01146158EA009700112100000222000902
B1214034549493N01146158EA009700112000000221900902
B1214044549489N01146158EA009690111900000301860902
B1214054549484N01146156EA009690111800000301820902
B1214064549480N01146154EA009690111800000301920902
B1214074549476N01146153EA009690112000000302020902
B1214084549473N01146155EA009710112300000211760902
B1214094549470N01146159EA009730112400000211500902
B1214104549469N01146165EA009740112500000311270888
B1214114549469N01146172EA009750112700000311040888
B1214134549477N01146186EA009780112800000480580888
B1214144549483N01146190EA009790112900000500360888
B1214154549490N01146191EA009800113000000500160888
B1214164549495N01146188EA009810113200000363560888
B1214174549499N01146184EA009820113400000363360888
B1214184549502N01146179EA009820113400000303180888
B1214194549504N01146172EA009820113200000303000888
B1214204549505N01146165EA009810113100000362910888
B1214214549506N01146157EA009800112900000382820902
B1214224549507N01146148EA009800112900000412780902
B1214234549508N01146140EA009800112900000422780902
B1214244549510N01146131EA009800113000000402820934
B1214254549511N01146123EA009810113200000362840934
B1214264549512N01146116EA009830113400000322770934
B1214274549511N01146109EA009830113400000322700947
B1214284549508N01146103EA009840113300000352550910
B1214294549506N01146096EA009840113200000352400910
B1214304549504N01146088EA009840113300000362420910
B1214314549504N01146081EA009850113500000362540910
B1214324549504N01146073EA009860113600000362660910
B1214334549503N01146066EA009870113700000362680910
B1214344549502N01146059EA009880113800000292610909
B1214354549501N01146053EA009880113800000292540909
B1214364549500N01146047EA009890113900000312540909
B1214374549499N01146040EA009890113900000312540909
B1214384549497N01146033EA009890113800000332540909
B1214394549496N01146026EA009900113800000332540909
B1214404549495N01146019EA009900113800000322550909
B1214414549493N01146012EA009900113800000322560909
B1214424549492N01146006EA009890113700000322520891
B1214434549490N01145999EA009890113700000322480891
B1214444549490N01145992EA009890113600000352570891
B1214454549490N01145984EA009880113600000382660891
B1214464549489N01145975EA009880113500000392660891
B1214474549488N01145967EA009880113500000392600891
B1214484549486N01145960EA009880113600000332560883
B1214494549485N01145954EA009890113700000332520883
B1214504549483N01145949EA009900113900000242460883
B1214514549481N01145945EA009900113900000242400883
B1214524549478N01145939EA009910113900000312350883
B1214534549475N01145934EA009910113800000312300883
B1214544549472N01145929EA009910113800000322280883
B1214554549468N01145924EA009910113800000322260883
B1214564549465N01145920EA009910113900000302250883
B1214574549461N01145915EA009920114000000302240883
B1214584549457N01145911EA009930114100000342190863
B1214594549453N01145907EA009930114100000342140863
B1215004549449N01145903EA009930114200000332120863
B1215014549444N01145899EA009940114300000332100863
B1215024549441N01145894EA009950114400000322140863
B1215034549437N01145890EA009960114500000322180863
B1215044549434N01145885EA009970114600000302200863
B1215054549430N01145881EA009970114700000302220863
B1215064549427N01145876EA009970114700000322230863
B1215074549423N01145871EA009980114700000322240863
B1215084549420N01145865EA009980114700000342250863
B1215094549416N01145860EA009980114700000342260859
B1215104549413N01145854EA009980114700000322260859
B1215114549410N01145849EA009980114800000332320859
B1215124549407N01145843EA009980114700000362310823
B1215134549403N01145837EA009980114700000362300823
B1215144549400N01145830EA009980114600000392300823
B1215154549397N01145823EA009990114700000392300823
B1215164549394N01145817EA009990114800000332350823
B1215174549391N01145811EA010000115000000332400817
B1215184549388N01145805EA010000115000000332340817
B1215194549385N01145800EA010000114900000332280817
B1215204549381N01145794EA010010114900000352280817
B1215214549378N01145789EA010010114900000352280817
B1215224549375N01145784EA010010115000000292270817
B1215234549372N01145780EA010020115100000292260817
B1215244549369N01145776EA010020115200000272250817
B1215254549366N01145771EA010030115200000272240817
B1215264549363N01145768EA010030115100000272190817
B1215274549359N01145765EA010020115000000272140817
B1215284549354N01145762EA010020114900000322090784
B1215294549350N01145759EA010010114800000322040783
B1215304549346N01145755EA010010114900000282070783
B1215314549343N01145753EA010010115000000282100783
B1215324549340N01145750EA010020115100000232090783
B1215334549337N01145747EA010030115200000232080783
B1215344549334N01145744EA010030115200000262150783
B1215354549331N01145739EA010020115100000262220783
B1215364549328N01145734EA010020115100000322240783
B1215374549325N01145729EA010020115000000322260783
B1215384549322N01145725EA010030115200000272280783
B1215394549320N01145721EA010030115300000272300783
B1215404549317N01145717EA010040115500000232280783
B1215414549314N01145713EA010050115500000232260783
B1215424549312N01145709EA010050115400000282250774
B1215434549309N01145705EA010050115400000282240774
B1215444549306N01145701EA010040115300000242240753
B1215454549303N01145698EA010030115200000242240753
B1215464549299N01145696EA010010114900000282110753
B1215474549295N01145694EA009980114500000281980753
B1215484549290N01145691EA009960114200000322010753
B1215494549286N01145688EA009940114000000322040753
B1215504549284N01145685EA009920113900000182110753
B1215514549282N01145683EA009900113800000182180753
B1215524549280N01145680EA009890113600000192210753
B1215534549277N01145677EA009860113300000192240753
B1215544549273N01145673EA009830112900000312180753
B1215554549269N01145670EA009810112700000312120753
B1215564549266N01145668EA009790112600000252090753
B1215574549263N01145665EA009780112600000252060753
B1215584549260N01145663EA009780112600000212080753
B1215594549257N01145661EA009770112600000212100729
B1216004549253N01145658EA009770112400000292100729
B1216014549249N01145654EA009760112300000292100729
B1216024549246N01145649EA009750112300000312180729
B1216034549243N01145644EA009750112300000312260729
B1216044549240N01145639EA009750112300000342270729
B1216054549236N01145633EA009750112200000342280729
B1216064549231N01145626EA009730111900000442260729
B1216074549226N01145619EA009720111700000442240729
B1216084549222N01145613EA009710111700000402240729
B1216104549214N01145603EA009700111800000342220684
B1216114549210N01145598EA009700111700000342180684
B1216124549206N01145593EA009690111600000372190672
B1216134549201N01145587EA009680111400000372200672
B1216144549197N01145581EA009670111300000392240672
B1216154549194N01145575EA009660111200000392280672
B1216164549190N01145569EA009660111200000342270672
B1216174549187N01145564EA009650111200000342260672
B1216184549183N01145559EA009640111100000332250614
B1216194549180N01145553EA009630110900000332240614
B1216204549176N01145547EA009610110600000392250614
B1216214549172N01145541EA009590110300000392260614
B1216224549167N01145534EA009570110100000402260614
B1216234549163N01145528EA009550110000000402260614
B1216244549160N01145523EA009540110000000342250614
B1216254549156N01145518EA009530109900000342240601
B1216264549153N01145512EA009520109800000342240535
B1216274549149N01145507EA009500109600000342240535
B1216284549145N01145501EA009480109300000392260535
B1216294549141N01145494EA009460109100000392280535
B1216304549138N01145487EA009440109000000392330535
B1216314549135N01145480EA009430108800000392380535
B1216324549133N01145472EA009410108600000382420535
B1216334549130N01145465EA009390108400000382420535
B1216344549127N01145458EA009360108100000412400491
B1216354549123N01145450EA009330107800000432380491
B1216364549120N01145442EA009300107400000442380491
B1216374549116N01145433EA009270107100000452380491
B1216384549112N01145426EA009250106800000442350491
B1216394549108N01145418EA009220106600000442320487
B1216404549104N01145411EA009200106300000442300431
B1216414549100N01145403EA009170106100000442320431
B1216424549096N01145396EA009140105800000432310431
B1216434549092N01145389EA009120105600000432300431
B1216444549088N01145382EA009100105400000402290431
B1216454549084N01145376EA009080105200000402280431
B1216464549080N01145370EA009060105000000392270431
B1216474549076N01145363EA009030104700000392260431
B1216484549071N01145357EA009010104400000432260415
B1216494549067N01145350EA008980104100000432260415
B1216504549062N01145342EA008960103900000432260415
B1216514549058N01145336EA008940103800000432280416
B1216524549055N01145329EA008930103700000372310416
B1216534549052N01145323EA008920103700000372340416
B1216544549049N01145316EA008900103500000362340416
B1216554549045N01145310EA008890103300000362340373
B1216564549042N01145303EA008870103100000392340373
B1216574549038N01145296EA008850102900000392340373
B1216584549035N01145289EA008830102700000382350373
B1216594549032N01145282EA008820102500000382360373
B1217004549029N01145275EA008800102300000382370373
B1217014549026N01145268EA008780102100000382380373
B1217024549024N01145260EA008760101900000402420335
B1217034549021N01145252EA008740101700000412420335
B1217044549018N01145244EA008720101500000412440335
B1217054549015N01145236EA008700101300000402440335
B1217064549013N01145228EA008690101200000372440335
B1217074549011N01145221EA008670101200000372440335
B1217084549008N01145214EA008660101100000352430350
B1217094549006N01145208EA008650100900000352420293
B1217104549003N01145200EA008630100700000392400293
B1217114549000N01145193EA008610100400000392380293
B1217124548996N01145186EA008590100200000422360293
B1217134548992N01145179EA008580100100000422320293
B1217144548988N01145173EA008560100000000372290293
B1217154548984N01145167EA008550099900000372260293
B1217164548981N01145160EA008540099800000362310288
B1217174548979N01145153EA008530099600000362360288
B1217184548976N01145146EA008510099400000382370288
B1217194548973N01145140EA008500099300000382380288
B1217204548969N01145134EA008480099100000332330288
B1217214548966N01145129EA008470099000000332280288
B1217224548963N01145125EA008450098800000312250288
B1217234548959N01145120EA008430098600000312220283
B1217244548955N01145115EA008410098300000362200283
B1217254548951N01145110EA008380098000000362180317
B1217264548946N01145105EA008360097700000362190317
B1217274548942N01145100EA008340097500000362200317
B1217284548938N01145095EA008310097300000372200317
B1217294548934N01145089EA008290097100000372200317
B1217304548930N01145083EA008270096800000412210317
B1217314548925N01145077EA008250096600000412220317
B1217324548921N01145070EA008230096500000402240317
B1217334548917N01145064EA008220096400000402260317
B1217344548913N01145058EA008210096400000342270372
B1217354548910N01145053EA008200096300000342280372
B1217364548906N01145047EA008190096000000392260378
B1217374548902N01145039EA008170095800000432280378
B1217384548899N01145032EA008150095600000422330378
B1217394548896N01145024EA008140095500000402380378
B1217404548893N01145016EA008130095400000392440378
B1217414548891N01145008EA008110095300000402460423
B1217424548889N01145000EA008100095100000422460423
B1217434548886N01144991EA008080094900000452460423
B1217444548883N01144982EA008070094700000462460423
B1217454548881N01144973EA008050094500000452480423
B1217464548879N01144963EA008040094400000432520423
B1217474548878N01144954EA008030094400000432560466
B1217484548877N01144945EA008020094300000432580466
B1217494548876N01144935EA008010094100000452600466
B1217504548875N01144925EA008000093900000472600466
B1217514548874N01144915EA007980093700000472600466
B1217524548873N01144906EA007970093600000442600504
B1217534548872N01144897EA007950093500000422580504
B1217544548870N01144888EA007940093300000432600504
B1217554548869N01144878EA007930093100000442580504
B1217564548868N01144869EA007910092800000452580504
B1217574548867N01144859EA007880092600000452580572
B1217584548866N01144850EA007860092400000442600572
B1217594548865N01144840EA007840092200000442620572
B1218004548864N01144831EA007820092000000452620572
B1218014548863N01144821EA007810091800000462600572
B1218024548862N01144811EA007790091700000462620637
B1218034548862N01144801EA007780091600000452660637
B1218044548862N01144792EA007770091600000432680637
B1218054548861N01144783EA007770091600000402660637
B1218064548861N01144774EA007770091600000402640637
B1218074548860N01144765EA007760091600000422640637
B1218084548860N01144756EA007760091400000462640673
B1218094548859N01144746EA007750091300000482640724
B1218104548859N01144735EA007740091100000482640724
B1218114548858N01144725EA007730091100000482660724
B1218124548857N01144715EA007720091100000462660724
B1218134548856N01144705EA007720091100000452620751
B1218144548855N01144695EA007710091000000452580751
B1218154548854N01144685EA007700090900000462580751
B1218164548853N01144675EA007700090900000472600751
B1218174548852N01144665EA007690090800000472640751
B1218184548852N01144655EA007690090800000452640744
B1218194548851N01144646EA007680090800000442640744
B1218204548850N01144636EA007680090800000442640744
B1218214548850N01144627EA007680090900000432640744
B1218224548850N01144618EA007690090900000422660744
B1218234548849N01144609EA007690091000000422640736
B1218244548848N01144599EA007700091100000422640736
B1218254548848N01144591EA007710091200000382640736
B1218264548849N01144583EA007720091400000362680736
B1218274548850N01144576EA007740091600000362760736
B1218284548850N01144569EA007750091800000322780736
B1218294548851N01144563EA007770091900000322800736
B1218304548852N01144557EA007770092000000272780753
B1218314548852N01144550EA007780092000000272760753
B1218324548852N01144543EA007780091800000372760753
B1218334548851N01144534EA007770091700000412640753
B1218344548850N01144526EA007760091600000392620753
B1218354548849N01144518EA007760091600000372560753
B1218364548847N01144510EA007760091700000342560771
B1218374548846N01144504EA007770091900000342500771
B1218384548844N01144500EA007780092100000192450771
B1218394548843N01144498EA007800092300000192400771
B1218404548841N01144495EA007810092400000202340771
B1218414548839N01144490EA007820092400000202280771
B1218424548836N01144483EA007820092300000392370771
B1218434548835N01144474EA007820092200000432460771
B1218444548834N01144465EA007830092300000422560771
B1218474548835N01144443EA007880093200000292740794
B1218484548835N01144437EA007900093300000342760794
B1218494548837N01144429EA007910093300000402780794
B1218504548839N01144420EA007930093400000432840794
B1218514548841N01144412EA007950093700000342900801
B1218524548841N01144406EA007970094200000242830801
B1218534548841N01144402EA008000094600000242760801
B1218544548841N01144397EA008030094900000222700801
B1218554548841N01144392EA008040094900000222640801
B1218564548842N01144385EA008060094900000342740801
B1218574548844N01144378EA008070094900000342840801
B1218584548845N01144372EA008090095200000302870801
B1218594548848N01144366EA008110095500000302900801
B1219004548851N01144362EA008130095800000293050783
B1219014548854N01144359EA008160096000000293200783
B1219024548859N01144358EA008180096300000303410783
B1219034548863N01144361EA008210096600000300020790
B1219044548866N01144367EA008240097000000370310787
B1219054548867N01144377EA008260097000000470600787
B1219064548866N01144387EA008270097100000500860787
B1219074548864N01144396EA008300097400000441020787
B1219084548861N01144402EA008320097800000291160787
B1219094548858N01144405EA008360098400000291300801
B1219104548855N01144406EA008390098700000211500801
B1219114548851N01144406EA008420098900000211700801
B1219124548847N01144406EA008430099000000261780801
B1219134548843N01144404EA008450099200000261860801
B1219144548840N01144401EA008460099200000242010801
B1219154548838N01144397EA008460099300000242160801
B1219164548836N01144392EA008470099200000282300801
B1219174548835N01144386EA008470099200000282440801
B1219184548836N01144379EA008470099100000332650801
B1219194548838N01144373EA008460099100000332860801
B1219204548842N01144367EA008460099200000373060801
B1219214548847N01144363EA008470099200000373200783
B1219224548853N01144359EA008470099200000423270783
B1219234548859N01144355EA008470099100000423340783
B1219244548866N01144352EA008470099100000493400790
B1219254548873N01144350EA008480099200000493460790
B1219264548879N01144350EA008500099600000373530790
B1219274548884N01144350EA008520100000000370000790
B1219284548889N01144350EA008550100400000313570790
B1219294548894N01144349EA008580100700000313540790
B1219304548898N01144348EA008610101000000323530790
B1219314548903N01144348EA008640101300000323520790
B1219324548908N01144350EA008660101500000340060790
B1219334548912N01144355EA008690101800000340200789
B1219344548916N01144362EA008710102000000390400789
B1219354548917N01144370EA008740102200000390600801
B1219364548917N01144377EA008760102500000330790801
B1219374548915N01144382EA008790102800000330980801
B1219384548910N01144384EA008810103000000351340801
B1219394548905N01144384EA008830103100000351700787
B1219404548900N01144382EA008850103400000341860787
B1219414548896N01144378EA008880103900000342020787
B1219424548893N01144373EA008910104300000332160787
B1219434548890N01144367EA008950104700000332300787
B1219444548888N01144363EA008980105000000222360790
B1219454548887N01144358EA009020105500000222420790
B1219464548888N01144354EA009050105900000242600790
B1219474548889N01144347EA009080106000000242780790
B1219484548892N01144341EA009090106000000372910790
B1219494548896N01144335EA009100106000000373040790
B1219504548901N01144330EA009110106100000403180790
B1219514548907N01144328EA009130106200000403320790
B1219524548913N01144328EA009140106300000443460789
B1219534548920N01144329EA009150106400000440000789
B1219544548926N01144331EA009170106600000420080789
B1219554548932N01144334EA009190106800000420160789
B1219564548936N01144337EA009210107100000320200789
B1219574548940N01144341EA009230107300000320240789
B1219584548942N01144347EA009250107500000330450789
B1219594548943N01144355EA009260107600000330660789
B1220004548941N01144362EA009280107600000360930789
B1220014548937N01144366EA009290107900000361200801
B1220024548932N01144367EA009320108200000301490801
B1220034548928N01144366EA009340108500000301780801
B1220044548924N01144362EA009360108800000301970789
B1220054548921N01144357EA009380109000000302160789
B1220064548919N01144350EA009400109200000372330789
B1220074548918N01144341EA009420109300000412500789
B1220084548920N01144333EA009440109400000422680789
B1220094548924N01144325EA009450109600000442900789
B1220104548930N01144320EA009470109700000463110789
B1220114548936N01144318EA009490109900000463320789
B1220124548942N01144319EA009510110200000383520789
B1220134548947N01144323EA009530110300000380120789
B1220144548950N01144328EA009540110400000330300789
B1220154548953N01144334EA009560110600000330480789
B1220164548954N01144341EA009580110900000320630789
B1220174548954N01144347EA009600111200000320780789
B1220184548952N01144352EA009630111500000241000789
B1220194548949N01144355EA009660111800000241220789
B1220204548945N01144357EA009680112100000301220789
B1220214548940N01144357EA009700112300000321680789
B1220224548935N01144354EA009720112500000361860789
B1220234548931N01144349EA009750112700000362040789
B1220244548929N01144342EA009770112900000382300789
B1220254548930N01144333EA009780113100000402560789
B1220264548932N01144325EA009790113100000422800789
B1220274548937N01144318EA009800113200000422980789
B1220284548942N01144313EA009810113200000463140748
B1220294548948N01144310EA009810113300000463300748
B1220304548954N01144309EA009820113400000363450748
B1220314548959N01144311EA009830113500000360000748
B1220324548962N01144317EA009830113500000330270784
B1220334548964N01144323EA009850113600000330540784
B1220344548965N01144330EA009860113800000300690784
B1220354548965N01144335EA009880114200000300840784
B1220364548964N01144338EA009910114700000140900784
B1220374548964N01144341EA009940115000000140960784
B1220384548962N01144345EA009960115100000221060784
B1220394548960N01144350EA009980115200000221160784
B1220404548957N01144355EA010000115300000291260789
B1220414548954N01144358EA010010115500000291360789
B1220424548950N01144360EA010030115800000281520789
B1220434548945N01144360EA010060116000000281680789
B1220444548941N01144358EA010080116300000291820789
B1220454548938N01144354EA010100116600000292020789
B1220464548936N01144348EA010120116800000312250789
B1220474548935N01144341EA010140116900000312480789
B1220484548935N01144334EA010160117000000332640789
B1220494548937N01144328EA010170117100000332800789
B1220504548941N01144322EA010180117200000352970789
B1220514548945N01144318EA010180117100000353140789
B1220524548951N01144314EA010180117000000413270789
B1220534548957N01144313EA010170116900000413400748
B1220544548964N01144314EA010160116800000433530784
B1220554548970N01144316EA010160116600000430060784
B1220564548976N01144321EA010160116600000420200784
B1220574548980N01144326EA010170116700000420340784
B1220584548983N01144331EA010190117000000270440784
B1220594548985N01144335EA010210117400000270540784
B1221004548988N01144339EA010230117700000250500784
B1221014548991N01144344EA010250117800000250460784
B1221024548994N01144350EA010270118000000340500784
B1221034548996N01144356EA010290118200000340540784
B1221044548998N01144362EA010320118600000290610784
B1221054548999N01144367EA010350119000000290680813
B1221064548999N01144373EA010370119300000250820813
B1221074548997N01144379EA010400119500000250960813
B1221084548995N01144384EA010420119700000321100813
B1221094548991N01144389EA010430119900000321240813
B1221104548986N01144391EA010450120100000351480813
B1221114548981N01144390EA010470120300000351720813
B1221124548976N01144386EA010490120500000371910813
B1221134548972N01144381EA010510120800000372100813
B1221144548969N01144374EA010530120900000382270813
B1221154548968N01144366EA010550121100000362440813
B1221164548968N01144359EA010560121200000332610784
B1221174548969N01144352EA010570121300000332780784
B1221184548972N01144346EA010580121400000372910784
B1221194548976N01144340EA010590121400000373040784
B1221204548981N01144335EA010600121500000413150784
B1221214548987N01144331EA010610121500000413260784
B1221224548993N01144329EA010620121600000403370784
B1221234548999N01144328EA010630121700000403480784
B1221244549005N01144329EA010640121800000423570784
B1221254549011N01144330EA010650121900000420060788
B1221264549017N01144332EA010670122200000400070788
B1221274549023N01144334EA010690122500000400080788
B1221284549029N01144336EA010720122900000370140788
B1221294549033N01144340EA010750123200000370200788
B1221304549037N01144345EA010780123500000340340788
B1221314549040N01144352EA010820123900000340480788
B1221324549040N01144359EA010850124200000360680788
B1221334549039N01144367EA010870124500000360880817
B1221344549035N01144372EA010900124800000340880817
B1221354549030N01144374EA010930125100000351420817
B1221364549025N01144371EA010960125400000381720817
B1221374549020N01144366EA010980125700000382020817
B1221384549018N01144360EA011010125900000362220788
B1221394549016N01144352EA011030126200000362420788
B1221404549016N01144344EA011060126400000382600788
B1221414549018N01144335EA011070126600000412740788
B1221424549021N01144328EA011090126800000412890788
B1221434549026N01144322EA011110126900000413040788
B1221444549031N01144318EA011120127000000453210788
B1221454549038N01144315EA011140127100000453380788
B1221464549045N01144314EA011160127300000433460788
B1221474549051N01144314EA011190127700000433540788
B1221484549055N01144314EA011210128100000270010788
B1221494549059N01144316EA011240128400000270080788
B1221504549062N01144320EA011260128600000300260774
B1221514549065N01144326EA011280128600000300440774
B1221524549066N01144334EA011290128600000380630774
B1221534549065N01144342EA011300128800000380820774
B1221544549063N01144347EA011320129100000301040774
B1221554549060N01144351EA011340129400000301260774
B1221564549056N01144354EA011370129700000301430788
B1221574549051N01144355EA011390129900000301600788
B1221584549046N01144356EA011400130000000351700788
B1221594549041N01144354EA011420130300000351800788
B1222004549036N01144351EA011450130500000351960788
B1222014549032N01144345EA011470130800000352120788
B1222024549029N01144338EA011490131100000392300788
B1222034549028N01144329EA011520131300000432480788
B1222044549029N01144320EA011550131500000442660788
B1222054549032N01144311EA011570131800000442840733
B1222064549037N01144305EA011590132000000443020733
B1222074549043N01144300EA011610132300000443200733
B1222084549048N01144297EA011640132500000363320733
B1222094549053N01144297EA011660132800000363440733
B1222104549058N01144297EA011690133100000323570733
B1222114549062N01144300EA011710133300000320100719
B1222124549066N01144304EA011730133400000280270719
B1222134549068N01144309EA011750133500000280440719
B1222144549068N01144315EA011760133600000300690774
B1222154549066N01144321EA011770133700000300940774
B1222164549063N01144326EA011780133900000271170774
B1222174549060N01144328EA011800134100000271400774
B1222184549055N01144328EA011820134300000301620788
B1222194549051N01144326EA011830134500000301840788
B1222204549047N01144322EA011850134800000332000788
B1222214549043N01144316EA011870135000000332160788
B1222224549042N01144309EA011900135200000382360733
B1222234549041N01144300EA011920135400000392560733
B1222244549042N01144292EA011940135600000382680733
B1222254549044N01144284EA011960135800000382780733
B1222264549046N01144277EA011970136000000402890733
B1222274549050N01144270EA011990136100000403000733
B1222284549055N01144264EA012000136100000423120733
B1222294549060N01144260EA012010136300000423240680
B1222304549066N01144258EA012020136400000383360680
B1222314549071N01144258EA012040136500000383480680
B1222324549076N01144259EA012050136700000330040680
B1222334549080N01144264EA012060136700000330200719
B1222344549083N01144269EA012070136800000290390719
B1222354549084N01144274EA012070136900000290580719
B1222364549084N01144280EA012080136900000250760719
B1222374549083N01144285EA012080136900000250960719
B1222384549081N01144290EA012080137000000261120719
B1222394549078N01144294EA012090137100000261280719
B1222404549075N01144297EA012090137200000251320719
B1222414549072N01144301EA012100137300000251360719
B1222424549069N01144305EA012110137400000261390719
B1222434549065N01144308EA012120137600000261420719
B1222444549062N01144310EA012140137700000271510719
B1222454549058N01144310EA012150137900000271600733
B1222464549054N01144309EA012160138100000271790733
B1222474549050N01144306EA012180138200000271980733
B1222484549046N01144303EA012190138300000322040733
B1222494549042N01144298EA012200138400000322100733
B1222504549038N01144293EA012210138400000362190733
B1222514549034N01144287EA012210138500000362280733
B1222524549030N01144281EA012210138400000362250733
B1222534549026N01144277EA012220138400000362220733
B1222544549021N01144276EA012220138400000312040733
B1222554549017N01144276EA012220138400000311860733
B1222564549013N01144278EA012230138500000251720733
B1222574549010N01144280EA012230138600000251580733
B1222584549007N01144284EA012240138700000251480742
B1222594549004N01144288EA012240138700000251380742
B1223004549001N01144292EA012250138900000261330742
B1223014548999N01144296EA012260139100000261280742
B1223024548998N01144301EA012280139300000231230742
B1223034548996N01144305EA012300139500000231180742
B1223044548994N01144310EA012320139700000301200742
B1223054548991N01144316EA012330139800000301220784
B1223064548988N01144322EA012350140000000331210784
B1223074548986N01144328EA012360140300000331200784
B1223084548985N01144334EA012380140500000271100784
B1223094548985N01144340EA012400140700000271000784
B1223104548984N01144347EA012420140900000320980784
B1223114548984N01144354EA012440140900000320960784
B1223124548983N01144362EA012450141000000370960784
B1223134548982N01144370EA012470141200000370960813
B1223144548981N01144376EA012490141500000291040813
B1223154548978N01144381EA012510141900000291120813
B1223164548976N01144386EA012530142100000281200813
B1223174548973N01144390EA012560142400000281280813
B1223184548970N01144393EA012590142700000271400813
B1223194548966N01144395EA012610143000000271520813
B1223204548962N01144395EA012640143300000251680813
B1223214548958N01144393EA012660143600000251840801
B1223224548954N01144391EA012690143900000281980801
B1223234548951N01144386EA012720144200000282120801
B1223244548949N01144380EA012750144500000342310801
B1223254548948N01144372EA012770144700000402500801
B1223264548949N01144363EA012790144800000432660789
B1223274548952N01144354EA012810145000000442800789
B1223284548956N01144347EA012830145200000432980789
B1223294548962N01144342EA012860145500000433160784
B1223304548967N01144340EA012880145800000373320784
B1223314548972N01144340EA012910146000000373480784
B1223324548977N01144342EA012930146300000320050784
B1223334548981N01144347EA012950146500000320220784
B1223344548983N01144352EA012980146600000280440784
B1223354548983N01144358EA013000146800000280660784
B1223364548982N01144364EA013010146900000290660813
B1223374548978N01144368EA013030147200000301200813
B1223384548974N01144370EA013050147500000291450813
B1223394548970N01144369EA013080147900000291700813
B1223404548966N01144365EA013110148200000301940813
B1223414548963N01144360EA013130148400000302180784
B1223424548962N01144353EA013150148500000362360784
B1223434548961N01144344EA013170148600000402540784
B1223444548963N01144336EA013180148700000442740784
B1223454548966N01144327EA013190148700000452880784
B1223464548970N01144319EA013200148800000432980784
B1223474548973N01144311EA013220149200000393000742
B1223484548977N01144306EA013240149500000373080742
B1223494548982N01144301EA013270149800000373160742
B1223504548987N01144297EA013300150000000413270742
B1223514548993N01144295EA013320150300000413380742
B1223524548999N01144296EA013350150600000363540742
B1223534549003N01144299EA013380150800000360100742
B1223544549006N01144304EA013400151000000290340742
B1223554549007N01144310EA013420151100000290580742
B1223564549007N01144315EA013430151300000230760784
B1223574549006N01144320EA013450151500000230940784
B1223584549002N01144323EA013460151600000281230784
B1223594548997N01144325EA013470151600000281520784
B1224004548993N01144327EA013480151800000331570784
B1224014548988N01144328EA013510152100000331620784
B1224024548985N01144327EA013540152600000231790784
B1224034548982N01144324EA013560152900000231960784
B1224044548978N01144320EA013580153000000342100784
B1224054548974N01144314EA013600153100000342240784
B1224064548971N01144308EA013610153100000352270742
B1224074548968N01144302EA013620153300000352300742
B1224084548966N01144294EA013630153400000392440742
B1224094548966N01144285EA013640153400000432580742
B1224104548966N01144275EA013650153500000442660742
B1224114548969N01144267EA013660153600000442780742
B1224124548972N01144259EA013670153700000442940688
B1224134548977N01144252EA013690153800000443080688
B1224144548983N01144247EA013700154000000433190688
B1224154548989N01144244EA013720154300000433300688
B1224164548994N01144242EA013740154500000353410688
B1224174548999N01144243EA013750154600000353520688
B1224184549003N01144244EA013770154700000290040688
B1224194549007N01144247EA013780154800000290160688
B1224204549011N01144250EA013790154900000260260682
B1224214549014N01144254EA013800155000000260360682
B1224224549016N01144259EA013810155100000280460682
B1224234549018N01144265EA013820155100000280560733
B1224244549018N01144270EA013830155200000260730733
B1224254549017N01144275EA013840155400000260900733
B1224264549015N01144280EA013840155500000231100733
B1224274549012N01144282EA013860155700000231300733
B1224284549009N01144284EA013870155900000241460742
B1224294549005N01144286EA013900156100000241620742
B1224304549001N01144287EA013920156400000261640742
B1224314548998N01144287EA013940156800000261660742
B1224324548994N01144286EA013970157100000251810742
B1224334548990N01144283EA013990157300000251960742
B1224344548986N01144279EA014010157500000332060742
B1224354548982N01144274EA014020157500000332160742
B1224364548979N01144268EA014030157500000392240742
B1224374548976N01144260EA014030157500000422320688
B1224384548975N01144251EA014030157500000422500688
B1224394548977N01144242EA014030157400000412680688
B1224404548979N01144235EA014020157300000392830688
B1224414548982N01144227EA014020157300000392980688
B1224424548986N01144221EA014020157300000383020688
B1224434548990N01144215EA014020157400000383060688
B1224444548995N01144211EA014030157500000393210646
B1224454549001N01144210EA014030157400000393360646
B1224464549007N01144211EA014040157400000353550646
B1224474549011N01144213EA014050157700000350140639
B1224484549013N01144216EA014070157900000190280682
B1224494549015N01144219EA014080158100000190420682
B1224504549017N01144223EA014100158200000220460682
B1224514549019N01144227EA014100158100000220500682
B1224524549022N01144232EA014110158100000300510682
B1224534549025N01144237EA014120158300000300520682
B1224544549029N01144242EA014140158500000330460682
B1224554549032N01144246EA014160158700000330400682
B1224564549036N01144250EA014180159000000280390682
B1224574549039N01144254EA014190159200000280380682
B1224584549042N01144258EA014210159400000270400682
B1224594549045N01144263EA014220159500000270420682
B1225004549048N01144268EA014230159500000320460733
B1225014549051N01144274EA014240159500000320500733
B1225024549053N01144280EA014250159600000330540733
B1225034549055N01144286EA014260159800000330580733
B1225044549057N01144291EA014280160100000270610733
B1225054549059N01144297EA014290160200000270640733
B1225064549061N01144303EA014310160300000300640719
B1225074549063N01144309EA014310160400000300640719
B1225084549066N01144316EA014320160400000360630774
B1225094549068N01144323EA014320160400000360620774
B1225104549071N01144330EA014330160400000360610774
B1225114549073N01144337EA014340160500000360600774
B1225124549075N01144344EA014340160600000340670774
B1225134549075N01144351EA014350160700000340740774
B1225144549075N01144358EA014360160800000320860774
B1225154549073N01144365EA014360160900000320980814
B1225164549070N01144371EA014370161000000351120814
B1225174549067N01144377EA014380161100000351260814
B1225184549065N01144383EA014390161300000311240814
B1225194549062N01144387EA014410161600000311220814
B1225204549059N01144391EA014430161900000251310817
B1225214549056N01144393EA014460162200000251400817
B1225224549052N01144392EA014480162400000291670817
B1225234549048N01144388EA014500162500000291940817
B1225244549044N01144382EA014510162600000392170817
B1225254549043N01144373EA014530162800000412400817
B1225264549043N01144365EA014550163100000392600817
B1225274549046N01144358EA014580163500000392800788
B1225284549050N01144352EA014620164000000372990788
B1225294549055N01144348EA014650164300000373180788
B1225304549060N01144346EA014680164600000383350774
B1225314549066N01144347EA014710164800000383520774
B1225324549071N01144350EA014740165000000340090774
B1225334549074N01144354EA014760165300000340260774
B1225344549076N01144359EA014790165600000260440774
B1225354549077N01144365EA014810165700000260620814
B1225364549077N01144371EA014820165800000290810814
B1225374549075N01144377EA014830165900000291000814
B1225384549071N01144381EA014840166000000311000814
B1225394549067N01144383EA014850166100000301440814
B1225404549063N01144383EA014870166300000271620814
B1225414549059N01144382EA014890166600000271800817
B1225424549055N01144379EA014910166800000291970817
B1225434549052N01144374EA014920167000000292140817
B1225444549048N01144368EA014940167100000382250817
B1225454549046N01144360EA014950167200000392360788
B1225464549045N01144351EA014960167300000402500788
B1225474549046N01144343EA014980167600000392640788
B1225484549048N01144335EA015010167900000372780788
B1225494549051N01144329EA015040168300000372940788
B1225504549055N01144324EA015060168600000353070788
B1225514549059N01144319EA015100168900000353200788
B1225524549064N01144315EA015130169200000333240774
B1225534549068N01144312EA015150169500000333280719
B1225544549073N01144311EA015170169700000303420719
B1225554549077N01144313EA015190169800000303560719
B1225564549082N01144318EA015200169800000360200774
B1225574549084N01144324EA015210169800000360440774
B1225584549085N01144332EA015220169900000330650774
B1225594549084N01144339EA015220170100000330860774
B1226004549082N01144344EA015230170200000261050774
B1226014549079N01144347EA015250170400000261240774
B1226024549075N01144349EA015260170500000291480774
B1226034549071N01144348EA015270170500000291680774
B1226044549066N01144346EA015280170600000331850774
B1226054549062N01144342EA015280170700000332020774
B1226064549058N01144337EA015290170700000362160788
B1226074549055N01144330EA015290170700000362300788
B1226084549051N01144322EA015300170700000442380788
B1226094549047N01144314EA015310170800000432380788
B1226104549043N01144309EA015330171100000382260733
B1226114549038N01144305EA015350171400000382140733
B1226124549034N01144301EA015370171700000332160733
B1226134549031N01144295EA015400172000000332180733
B1226144549029N01144286EA015420172200000432360733
B1226154549028N01144277EA015440172300000442560733
B1226164549030N01144268EA015460172600000402700733
B1226174549032N01144261EA015480172800000402860682
B1226184549036N01144256EA015500173000000323030682
B1226194549040N01144253EA015520173200000323200682
B1226204549044N01144252EA015540173400000283360682
B1226214549048N01144253EA015550173500000283520682
B1226224549052N01144256EA015570173600000280150682
B1226234549054N01144261EA015580173800000280380682
B1226244549054N01144266EA015590173900000260660733
B1226254549052N01144272EA015600173900000260940733
B1226264549049N01144277EA015600173900000321160733
B1226274549045N01144281EA015610174000000321380733
B1226284549040N01144284EA015620174200000331470733
B1226294549036N01144286EA015630174400000331560733
B1226304549031N01144288EA015650174600000341590733
B1226314549026N01144290EA015660174700000341620733
B1226324549020N01144289EA015680174900000371750733
B1226334549014N01144287EA015690175100000371880733
B1226344549009N01144283EA015710175300000431980742
B1226354549004N01144277EA015730175500000432080742
B1226364549000N01144270EA015750175600000392230742
B1226374548998N01144262EA015750175600000402380688
B1226384548998N01144253EA015750175500000422540688
B1226394548998N01144244EA015750175400000412660688
B1226404548997N01144235EA015750175400000412680688
B1226414548995N01144227EA015750175400000392620688
B1226424548993N01144220EA015740175300000352510688
B1226434548990N01144214EA015730175100000352400688
B1226444548986N01144208EA015710174900000392310646
B1226454548981N01144202EA015690174500000392220646
B1226464548977N01144195EA015670174100000442260646
B1226474548973N01144187EA015640173800000442300646
B1226484548969N01144179EA015620173600000452320646
B1226494548965N01144171EA015590173200000482320646
B1226504548960N01144163EA015560172800000522320588
B1226514548955N01144153EA015520172300000532320607
B1226524548950N01144145EA015500172000000512300607
B1226534548945N01144137EA015470172000000482280607
B1226544548939N01144130EA015460171900000452230607
B1226554548934N01144125EA015450171900000452180607
B1226564548928N01144120EA015440171800000422120607
B1226574548923N01144115EA015430171700000422100607
B1226584548917N01144110EA015420171600000442110557
B1226594548912N01144105EA015410171500000442120557
B1227004548906N01144099EA015410171300000442140605
B1227014548902N01144093EA015400171300000442160605
B1227024548897N01144087EA015390171200000422200605
B1227034548892N01144080EA015380171200000422240605
B1227044548887N01144074EA015370171000000432210605
B1227054548882N01144069EA015360170900000432180605
B1227064548877N01144064EA015350170700000432150605
B1227074548871N01144059EA015340170600000432120593
B1227084548866N01144053EA015330170500000422120593
B1227094548861N01144048EA015320170300000422120593
B1227104548856N01144043EA015300170200000422130662
B1227114548850N01144038EA015290170100000422140662
B1227124548845N01144032EA015280169900000452130662
B1227134548839N01144027EA015270169700000452120662
B1227144548833N01144021EA015260169600000442130662
B1227154548828N01144015EA015240169600000442140662
B1227164548824N01144009EA015240169500000432200657
B1227174548820N01144002EA015230169400000432260657
B1227184548816N01143994EA015220169300000442300657
B1227194548811N01143987EA015200169200000442300657
B1227204548807N01143980EA015190169000000432290705
B1227214548802N01143973EA015180168800000432280705
B1227224548798N01143966EA015160168600000442260705
B1227234548793N01143959EA015150168500000442240652
B1227244548789N01143952EA015130168400000442250652
B1227254548784N01143946EA015120168300000442260652
B1227264548778N01143940EA015110168100000452210652
B1227274548773N01143934EA015100168000000452160652
B1227284548767N01143928EA015090167900000462170652
B1227294548762N01143921EA015080167800000462180652
B1227304548757N01143915EA015070167600000462180652
B1227314548751N01143909EA015060167500000462180607
B1227324548746N01143902EA015050167400000472190607
B1227334548741N01143896EA015040167300000472200607
B1227344548735N01143890EA015030167200000452200607
B1227354548730N01143883EA015020167100000452200607
B1227364548725N01143877EA015010167000000442210607
B1227374548720N01143870EA015000166900000442220607
B1227384548715N01143864EA014990166700000452210607
B1227394548710N01143858EA014970166600000452200568
B1227404548705N01143852EA014960166400000442190572
B1227414548700N01143845EA014950166300000442180572
B1227424548695N01143839EA014930166200000432210572
B1227434548691N01143832EA014920166000000432240572
B1227444548686N01143825EA014900165800000452260572
B1227454548682N01143817EA014890165700000442280572
B1227464548678N01143809EA014870165500000442320530
B1227474548675N01143801EA014860165400000442380530
B1227484548672N01143792EA014850165200000452420530
B1227494548669N01143784EA014830165100000452400530
B1227504548665N01143775EA014820164900000462380530
B1227514548661N01143767EA014800164800000462340530
B1227524548656N01143759EA014790164700000452320503
B1227534548653N01143751EA014780164500000452340503
B1227544548649N01143743EA014770164400000452360503
B1227554548645N01143735EA014750164300000452360503
B1227564548641N01143726EA014740164100000462360503
B1227574548637N01143718EA014720163900000462340503
B1227584548633N01143710EA014710163700000462320472
B1227594548629N01143702EA014690163600000462320472
B1228004548625N01143694EA014680163400000452340472
B1228014548621N01143686EA014660163300000452340472
B1228024548617N01143679EA014650163100000442320472
B1228034548612N01143671EA014630162900000452300472
B1228044548608N01143664EA014620162800000462280489
B1228054548603N01143657EA014600162600000462260454
B1228064548598N01143649EA014580162400000462260454
B1228074548593N01143642EA014570162300000462260454
B1228084548588N01143635EA014560162200000462240454
B1228094548583N01143629EA014540162000000462220454
B1228104548577N01143622EA014530161900000462210454
B1228114548572N01143616EA014510161700000462200454
B1228124548567N01143609EA014500161600000472190422
B1228134548561N01143603EA014480161400000472180422
B1228144548555N01143597EA014470161200000462160415
B1228154548549N01143592EA014450161100000462140415
B1228164548544N01143587EA014440161000000452120415
B1228174548538N01143582EA014430160900000452100415
B1228184548532N01143577EA014410160800000432100415
B1228194548527N01143572EA014400160600000432100415
B1228204548521N01143568EA014380160500000452070415
B1228214548514N01143565EA014370160200000452040415
B1228224548508N01143561EA014350160000000462030358
B1228234548501N01143557EA014330159900000462020358
B1228244548495N01143554EA014320159800000452010358
B1228254548489N01143550EA014310159700000452000358
B1228264548482N01143548EA014300159600000441980358
B1228274548476N01143545EA014290159600000441960358
B1228284548470N01143543EA014280159500000391960358
B1228294548465N01143540EA014270159500000391960358
B1228304548460N01143535EA014270159400000392080358
B1228314548456N01143528EA014250159300000392200301
B1228324548452N01143521EA014240159000000432250301
B1228334548448N01143514EA014230158900000432300301
B1228344548444N01143507EA014210158900000412310308
B1228354548440N01143500EA014210158800000412320308
B1228374548434N01143486EA014190158700000382360308
B1228384548431N01143479EA014180158600000392380308
B1228394548429N01143471EA014170158400000422400308
B1228404548426N01143462EA014150158100000442440330
B1228414548423N01143453EA014140157900000452440330
B1228424548419N01143445EA014120157800000442420330
B1228434548416N01143437EA014110157700000422400330
B1228444548413N01143429EA014100157700000412380330
B1228454548410N01143421EA014090157600000412380330
B1228464548406N01143414EA014080157500000422370266
B1228474548403N01143406EA014070157300000432360290
B1228484548399N01143398EA014050157200000432360290
B1228494548395N01143391EA014040157000000432360290
B1228504548392N01143383EA014030156900000422340290
B1228514548388N01143375EA014020156800000422340290
B1228524548385N01143368EA014010156700000432360290
B1228534548382N01143359EA013990156600000442380315
B1228544548379N01143350EA013980156400000452420315
B1228554548376N01143341EA013970156300000452440315
B1228564548373N01143333EA013960156200000442460315
B1228574548371N01143324EA013950156200000432460315
B1228584548369N01143315EA013940156100000442480315
B1228594548367N01143306EA013930155900000452500305
B1229004548364N01143296EA013920155700000472500305
B1229014548362N01143287EA013900155600000482480305
B1229024548359N01143277EA013890155400000472480243
B1229034548356N01143268EA013880155300000452480243
B1229044548354N01143259EA013870155300000432460247
B1229054548351N01143251EA013870155200000432440247
B1229064548348N01143243EA013860155200000422420247
B1229074548345N01143234EA013850155200000402420247
B1229084548343N01143226EA013850155100000392460247
B1229094548342N01143218EA013840155000000382500247
B1229104548340N01143211EA013830154900000372510214
B1229114548338N01143203EA013820154700000392520214
B1229124548337N01143194EA013810154600000422520214
B1229144548333N01143176EA013780154200000422540214
B1229154548331N01143168EA013770154100000412540214
B1229164548330N01143159EA013760154000000392520164
B1229174548328N01143151EA013750153900000382520164
B1229184548326N01143143EA013740153800000392520164
B1229194548324N01143135EA013730153700000402520164
B1229204548322N01143127EA013710153500000402500164
B1229214548319N01143119EA013700153400000402460164
B1229224548316N01143112EA013690153200000392420133
B1229234548313N01143105EA013680153100000392380133
B1229244548310N01143099EA013670153100000372350133
B1229254548306N01143092EA013650152900000372320127
B1229264548303N01143086EA013640152800000372330127
B1229274548300N01143079EA013630152700000372340127
B1229284548297N01143073EA013620152500000352350127
B1229294548294N01143067EA013600152400000352360127
B1229304548291N01143060EA013590152200000362340120
B1229314548287N01143054EA013580152000000362320120
B1229324548283N01143047EA013560151800000412320120
B1229334548280N01143040EA013540151700000412320120
B1229344548276N01143033EA013530151600000382310120
B1229354548272N01143027EA013520151500000382300120
B1229364548269N01143021EA013510151400000372300120
B1229374548266N01143014EA013500151300000372300120
B1229384548262N01143007EA013480151100000392320120
B1229394548258N01143000EA013470150900000392340118
B1229404548255N01142993EA013450150700000432330118
B1229414548251N01142985EA013430150500000422320118
B1229424548247N01142978EA013410150300000392330118
B1229434548244N01142971EA013400150200000392340118
B1229444548241N01142964EA013390150100000382370118
B1229454548239N01142956EA013380150000000392400118
B1229464548237N01142948EA013360149800000402460118
B1229474548235N01142940EA013340149600000422500118
B1229484548232N01142931EA013320149300000452500118
B1229494548229N01142922EA013300149100000472440118
B1229504548225N01142913EA013290149000000462400117
B1229514548222N01142905EA013280148900000412380117
B1229524548219N01142899EA013270149000000352380117
B1229534548216N01142893EA013270149000000352380117
B1229544548213N01142887EA013260149000000322360117
B1229554548210N01142881EA013250148800000322340117
B1229564548207N01142874EA013230148500000392340122
B1229574548204N01142867EA013210148200000392340122
B1229584548201N01142859EA013190147900000402380121
B1229594548198N01142852EA013170147800000402400121
B1230004548195N01142845EA013160147700000352390121
B1230014548192N01142839EA013140147600000352380121
B1230024548189N01142832EA013120147400000362370121
B1230034548186N01142825EA013100147100000362360121
B1230044548183N01142818EA013080146800000402390121
B1230054548181N01142809EA013060146500000422420127
B1230064548179N01142801EA013040146300000432460127
B1230074548176N01142793EA013020146100000412480127
B1230084548173N01142785EA013010146100000382460127
B1230094548170N01142778EA013000146000000382400127
B1230104548167N01142772EA012990145900000372380127
B1230114548164N01142765EA012980145800000372360127
B1230124548161N01142757EA012970145700000402380129
B1230134548158N01142750EA012950145500000402380129
B1230144548154N01142743EA012940145400000402330129
B1230154548150N01142737EA012930145300000402280129
B1230164548146N01142731EA012920145300000392260129
B1230174548142N01142725EA012910145200000392240129
B1230184548138N01142719EA012900145000000392250129
B1230194548134N01142713EA012890144900000392260130
B1230204548129N01142708EA012870144700000402210130
B1230214548124N01142703EA012860144500000402160130
B1230224548119N01142698EA012840144300000412140130
B1230234548114N01142693EA012830144100000412120130
B1230244548109N01142688EA012810144000000412150129
B1230254548104N01142683EA012800143900000412180129
B1230264548099N01142678EA012790143800000362150129
B1230274548095N01142674EA012780143800000362120129
B1230284548091N01142670EA012770143700000352140129
B1230294548087N01142664EA012760143600000352160130
B1230304548083N01142658EA012750143400000382230130
B1230314548079N01142651EA012740143200000382300130
B1230324548076N01142644EA012720143000000392320130
B1230334548073N01142637EA012710142900000392340130
B1230344548069N01142630EA012700142800000372360130
B1230354548067N01142624EA012690142800000372380130
B1230364548064N01142617EA012680142700000352380130
B1230374548061N01142611EA012670142600000352380130
B1230384548059N01142604EA012660142400000362410129
B1230394548056N01142597EA012650142300000362440129
B1230404548054N01142590EA012640142100000342430129
B1230414548052N01142584EA012620141900000342420129
B1230424548050N01142577EA012600141700000342460129
B1230434548049N01142569EA012590141600000352500129
B1230444548048N01142562EA012580141400000362540127
B1230454548046N01142554EA012570141300000352580127
B1230464548044N01142547EA012560141200000332520127
B1230474548042N01142541EA012540141100000332440127
B1230484548040N01142535EA012530141000000302420127
B1230494548037N01142530EA012520140900000302400127
B1230504548035N01142524EA012500140700000302410127
B1230514548033N01142517EA012480140400000302420127
B1230524548031N01142511EA012460140100000342420148
B1230534548029N01142505EA012440139800000342420148
B1230544548026N01142499EA012410139600000302410148
B1230554548024N01142493EA012390139400000302400148
B1230564548022N01142488EA012360139200000292410148
B1230574548021N01142481EA012340138900000292420148
B1230584548019N01142474EA012310138500000362470148
B1230594548017N01142467EA012290138200000362520148
B1231004548016N01142460EA012270138100000312500216
B1231014548014N01142454EA012250138000000312480216
B1231024548013N01142449EA012240137900000272490216
B1231034548012N01142443EA012220137700000272500216
B1231044548010N01142437EA012200137500000292490216
B1231054548008N01142431EA012180137200000292480243
B1231064548005N01142425EA012150136800000342410243
B1231074548002N01142419EA012120136600000342340243
B1231084547999N01142412EA012100136300000352370280
B1231094547997N01142405EA012080136200000352400280
B1231104547996N01142399EA012070136100000322460280
B1231114547994N01142392EA012050136000000322520280
B1231124547993N01142387EA012040135800000292500280
B1231134547991N01142381EA012020135600000292480280
B1231144547990N01142374EA012000135400000312490280
B1231154547988N01142368EA011980135100000312500280
B1231164547986N01142361EA011950134700000362480320
B1231174547984N01142353EA011920134400000382460320
B1231184547982N01142346EA011900134100000372500320
B1231194547981N01142338EA011870133900000352540320
B1231204547979N01142331EA011850133700000342510320
B1231214547977N01142324EA011830133500000342480320
B1231224547975N01142317EA011810133300000352470320
B1231234547973N01142310EA011780132900000352460355
B1231244547970N01142302EA011750132600000412480355
B1231254547968N01142294EA011720132300000402460355
B1231264547965N01142286EA011700132100000392440355
B1231274547963N01142278EA011680131900000362420355
B1231284547961N01142271EA011660131800000342490355
B1231294547961N01142264EA011650131700000342560386
B1231304547962N01142257EA011630131500000342710386
B1231314547964N01142250EA011610131300000342860386
B1231324547967N01142243EA011590131000000392920386
B1231334547970N01142235EA011570130700000402980386
B1231344547973N01142227EA011540130500000402980386
B1231354547976N01142219EA011520130300000412980386
B1231364547979N01142212EA011490130000000402980428
B1231374547981N01142204EA011470129900000392980428
B1231384547984N01142196EA011450129600000392960428
B1231394547987N01142189EA011430129400000392960428
B1231404547989N01142182EA011400129200000372970428
B1231414547992N01142175EA011380128900000372980428
B1231424547995N01142168EA011350128600000372960428
B1231434547997N01142160EA011330128400000382940459
B1231444547999N01142153EA011300128000000402940459
B1231454548002N01142145EA011270127700000402940459
B1231464548005N01142137EA011240127400000392980459
B1231474548008N01142130EA011210127200000392980459
B1231484548010N01142123EA011190126900000352940427
B1231494548012N01142116EA011160126600000352900427
B1231504548014N01142108EA011140126400000392920465
B1231514548017N01142101EA011120126300000392960465
B1231524548020N01142095EA011100126200000353000465
B1231534548023N01142088EA011090126000000353040465
B1231544548026N01142081EA011070125800000372990465
B1231554548028N01142074EA011050125500000372940465
B1231564548031N01142066EA011030125300000382960465
B1231574548033N01142059EA011010125200000382960506
B1231584548035N01142053EA010990125100000282920506
B1231594548035N01142047EA010980125000000282880506
B1232004548035N01142041EA010970124800000332760506
B1232014548035N01142033EA010950124600000382640506
B1232024548034N01142025EA010940124400000392620506
B1232034548035N01142017EA010920124300000382660506
B1232044548036N01142009EA010920124400000352740546
B1232054548038N01142004EA010930124600000352840546
B1232064548039N01141999EA010940124900000202890546
B1232074548040N01141996EA010950125100000202940546
B1232084548041N01141992EA010960125100000192910546
B1232094548043N01141988EA010960125100000192880546
B1232104548045N01141983EA010960125000000302950546
B1232114548048N01141977EA010960125000000303020546
B1232124548051N01141971EA010960124900000323030546
B1232134548053N01141965EA010950125000000323040593
B1232144548055N01141959EA010950124900000322960593
B1232154548056N01141952EA010950124900000322880593
B1232164548058N01141945EA010950124800000362890593
B1232174548060N01141937EA010950124900000372900593
B1232184548062N01141930EA010950125000000342890580
B1232194548063N01141923EA010960125200000342880580
B1232204548063N01141918EA010980125400000262800580
B1232214548063N01141912EA010990125600000262720624
B1232224548063N01141907EA011000125700000252670624
B1232234548062N01141901EA011010125800000252620624
B1232244548062N01141896EA011030125900000262610624
B1232254548062N01141890EA011040126100000262600624
B1232264548063N01141886EA011060126300000232760624
B1232274548065N01141882EA011080126500000232920624
B1232284548067N01141878EA011090126800000263030624
B1232294548070N01141874EA011110126800000263140624
B1232304548072N01141869EA011120126900000273050624
B1232314548074N01141863EA011120126900000272960648
B1232324548077N01141858EA011130127000000343070648
B1232334548083N01141854EA011140127100000343180648
B1232344548089N01141852EA011140127100000453340648
B1232354548096N01141851EA011150127200000453500648
B1232364548103N01141852EA011150127300000493560648
B1232374548111N01141852EA011160127300000500020622
B1232384548118N01141853EA011160127300000520030622
B1232394548126N01141855EA011160127200000530040622
B1232404548134N01141858EA011150127200000520080622
B1232414548141N01141864EA011150127100000520200622
B1232424548146N01141873EA011140127000000520360581
B1232434548148N01141882EA011130126800000490540581
B1232444548149N01141892EA011120126700000420740581
B1232454548148N01141899EA011120126700000420920581
B1232464548146N01141903EA011120126900000181090581
B1232474548144N01141905EA011120126900000181260581
B1232484548142N01141903EA011120126800000151650581
B1232494548140N01141901EA011110126700000152040581
B1232504548137N01141900EA011100126600000222010581
B1232514548133N01141899EA011090126400000221980581
B1232524548129N01141899EA011080126300000261890581
B1232534548125N01141898EA011080126200000261800581
B1232544548121N01141897EA011070126200000291880581
B1232554548117N01141895EA011080126300000291960581
B1232564548112N01141894EA011090126500000301920581
B1232574548108N01141894EA011120126900000301880624
B1232584548105N01141894EA011140127300000191790624
B1232594548102N01141894EA011170127700000191700624
B1233004548100N01141892EA011190127900000161960624
B1233014548099N01141888EA011210128100000162220624
B1233024548100N01141883EA011230128100000262560624
B1233034548104N01141878EA011240128300000262900624
B1233044548109N01141875EA011250128300000413170624
B1233054548116N01141875EA011250128300000413440581
B1233064548123N01141878EA011260128400000500040581
B1233074548129N01141885EA011270128500000500240581
B1233084548134N01141893EA011280128600000490370581
B1233094548137N01141902EA011300128800000460500581
B1233104548139N01141911EA011310129000000430640581
B1233114548138N01141919EA011320129100000430800540
B1233124548136N01141926EA011340129300000341020540
B1233134548132N01141930EA011350129400000341240540
B1233144548129N01141932EA011370129700000211420540
B1233154548127N01141932EA011390129900000211600540
B1233164548125N01141929EA011410130100000181960540
B1233174548124N01141925EA011420130200000182320540
B1233184548126N01141920EA011440130300000252680540
B1233194548130N01141916EA011450130500000253040540
B1233204548134N01141914EA011470130700000373220581
B1233214548140N01141912EA011480130900000373400581
B1233224548146N01141913EA011490131000000423540581
B1233234548153N01141916EA011500131100000420080540
B1233244548160N01141921EA011520131100000510190532
B1233254548165N01141928EA011530131300000510300532
B1233264548170N01141936EA011550131500000450440532
B1233274548171N01141944EA011570131700000450580532
B1233284548171N01141953EA011580131800000370780532
B1233294548169N01141960EA011590132000000371000532
B1233304548167N01141965EA011610132200000281160532
B1233314548163N01141968EA011620132300000281320486
B1233324548160N01141970EA011630132400000251480486
B1233334548156N01141970EA011640132500000251640505
B1233344548153N01141968EA011650132600000211870505
B1233354548151N01141964EA011670132800000212100540
B1233364548151N01141960EA011680132900000222400540
B1233374548152N01141955EA011690133100000222700540
B1233384548155N01141950EA011710133300000282920540
B1233394548159N01141947EA011730133500000283140540
B1233404548164N01141946EA011750133700000383330532
B1233414548170N01141946EA011770134000000383520532
B1233424548177N01141949EA011790134100000440050532
B1233434548183N01141954EA011800134200000440180532
B1233444548187N01141960EA011820134300000440180532
B1233454548190N01141969EA011830134500000420500486
B1233464548191N01141977EA011840134600000390680486
B1233474548190N01141985EA011850134800000390860486
B1233484548188N01141992EA011860134900000331020486
B1233494548185N01141997EA011870135000000331180486
B1233504548182N01142002EA011880135100000311250486
B1233514548179N01142008EA011890135200000311320486
B1233524548177N01142016EA011900135200000411200456
B1233534548175N01142024EA011900135200000411080456
B1233544548173N01142032EA011900135200000381100456
B1233554548170N01142038EA011910135300000381120456
B1233564548167N01142042EA011910135400000251300456
B1233574548163N01142043EA011910135400000251480456
B1233584548159N01142042EA011910135400000291690465
B1233594548155N01142040EA011920135400000291900465
B1234004548151N01142039EA011930135600000251940465
B1234014548148N01142037EA011950135900000251980465
B1234024548145N01142035EA011980136300000182050465
B1234034548143N01142032EA012000136600000182120465
B1234044548141N01142029EA012030136900000192190465
B1234054548140N01142026EA012060137100000192260465
B1234064548140N01142022EA012080137400000212520465
B1234074548141N01142017EA012100137600000212780465
B1234084548144N01142012EA012120137800000302940505
B1234094548148N01142008EA012140137900000303100505
B1234104548153N01142005EA012160138100000413260505
B1234114548160N01142004EA012180138400000413420486
B1234124548166N01142005EA012210138600000433580486
B1234134548172N01142009EA012230138900000430140486
B1234144548177N01142016EA012260139200000430300456
B1234154548180N01142024EA012290139500000430460456
B1234164548182N01142032EA012320139800000410600456
B1234174548183N01142041EA012340140000000370740456
B1234184548182N01142048EA012350140100000330880456
B1234194548180N01142054EA012360140200000331020456
B1234204548178N01142060EA012370140200000301160456
B1234214548174N01142063EA012380140200000301300456
B1234224548170N01142064EA012390140300000261540456
B1234234548167N01142061EA012400140400000261780456
B1234244548167N01142056EA012400140500000322300456
B1234254548171N01142050EA012410140400000322820456
B1234264548179N01142047EA012420140400000513240456
B1234274548186N01142049EA012430140600000513540456
B1234284548191N01142053EA012450141100000350140456
B1234294548194N01142058EA012480141500000350340456
B1234304548197N01142064EA012510141800000320450456
B1234314548199N01142071EA012520141700000320560417
B1234324548201N01142081EA012540141700000460660417
B1234334548201N01142091EA012540141700000460780417
B1234344548199N01142100EA012550141800000430940417
B1234354548197N01142107EA012560141900000431080417
B1234364548194N01142113EA012570142100000321140417
B1234374548192N01142119EA012580142300000321200385
B1234384548189N01142123EA012600142600000261270385
B1234394548186N01142126EA012620142900000261340385
B1234404548183N01142126EA012640143100000191580385
B1234414548181N01142124EA012660143100000191820385
B1234424548180N01142121EA012670143200000142140385
B1234434548180N01142118EA012670143300000142460385
B1234444548182N01142114EA012680143300000222770417
B1234454548185N01142110EA012680143200000223080417
B1234464548189N01142106EA012680143200000353180417
B1234474548195N01142103EA012680143200000353280417
B1234484548200N01142103EA012690143400000383450417
B1234494548206N01142105EA012710143600000380020417
B1234504548212N01142106EA012730143800000390070422
B1234514548218N01142108EA012750144100000390120422
B1234524548223N01142110EA012770144400000360130422
B1234534548228N01142114EA012790144700000360140422
B1234544548232N01142120EA012810144900000420310384
B1234554548235N01142128EA012820144800000420480384
B1234564548236N01142138EA012830144800000450660384
B1234574548235N01142147EA012840144800000390840384
B1234584548233N01142153EA012840144900000341060384
B1234594548229N01142157EA012850145000000341280384
B1235004548225N01142158EA012850145100000281530384
B1235014548221N01142156EA012860145200000281780384
B1235024548217N01142153EA012870145300000272000384
B1235034548215N01142148EA012890145500000272220384
B1235044548215N01142143EA012900145700000242460384
B1235054548216N01142138EA012920145900000242700384
B1235064548218N01142134EA012930146000000262910384
B1235074548222N01142130EA012940146100000263120384
B1235084548228N01142130EA012940146000000393370384
B1235094548234N01142133EA012950145900000390020384
B1235104548240N01142141EA012950145800000550250384
B1235114548244N01142150EA012960145900000480480384
B1235124548245N01142158EA012970146300000360630384
B1235134548245N01142165EA012990146600000360780344
B1235144548244N01142172EA013010146800000310920344
B1235154548242N01142178EA013010146700000311060344
B1235164548238N01142184EA013010146600000381220344
B1235174548233N01142187EA013020146600000381380344
B1235184548229N01142188EA013020146700000261570344
B1235194548226N01142187EA013040147000000261760344
B1235204548225N01142185EA013060147300000142050344
B1235214548224N01142182EA013080147400000142340344
B1235224548224N01142179EA013080147300000172450344
B1235234548224N01142174EA013070147100000172560344
B1235244548225N01142169EA013070147000000282740344
B1235254548228N01142164EA013060146900000282920384
B1235264548234N01142161EA013060146900000403200384
B1235274548240N01142162EA013060147000000403480384
B1235284548246N01142165EA013060147000000420060344
B1235294548251N01142170EA013060147100000420240344
B1235304548255N01142178EA013060147100000440400344
B1235314548257N01142186EA013070147100000440560344
B1235324548258N01142196EA013070147200000430740344
B1235334548258N01142204EA013070147300000430860344
B1235344548257N01142211EA013080147400000330960344
B1235354548255N01142217EA013090147600000331060309
B1235364548252N01142222EA013090147500000291210309
B1235374548248N01142226EA013090147500000291360309
B1235384548244N01142229EA013090147500000271450309
B1235394548241N01142230EA013090147500000271540309
B1235404548238N01142229EA013090147500000181740309
B1235414548236N01142227EA013090147500000181940309
B1235424548234N01142225EA013090147400000152060309
B1235434548233N01142223EA013090147400000152180309
B1235444548231N01142220EA013080147400000182200309
B1235454548229N01142217EA013080147300000182220309
B1235464548228N01142213EA013070147200000182220344
B1235474548227N01142209EA013060147100000182460344
B1235484548226N01142205EA013050147000000202480344
B1235494548224N01142200EA013030146700000202500344
B1235504548222N01142194EA013010146200000342470344
B1235514548220N01142187EA012970145700000342440344
B1235524548218N01142178EA012940145300000402480344
B1235534548217N01142170EA012910145100000362520344
B1235544548216N01142163EA012890145100000322550384
B1235554548215N01142157EA012880145000000322580384
B1235564548214N01142150EA012860144700000342570384
B1235574548212N01142142EA012830144400000382560384
B1235584548211N01142134EA012810144100000402520384
B1235594548209N01142125EA012790143800000402500385
B1236004548206N01142117EA012760143600000392500385
B1236014548204N01142110EA012740143400000392480417
B1236024548202N01142103EA012720143300000362460417
B1236034548200N01142095EA012700143100000382440417
B1236044548197N01142088EA012680142800000392420417
B1236054548194N01142081EA012660142600000392400417
B1236064548191N01142074EA012640142400000382390417
B1236074548188N01142067EA012620142200000382380417
B1236084548184N01142060EA012600142000000372380456
B1236094548181N01142053EA012590141800000382340456
B1236104548178N01142046EA012570141600000372360456
B1236114548176N01142039EA012550141400000372380456
B1236124548173N01142032EA012540141300000352410456
B1236134548171N01142025EA012530141200000352440456
B1236144548169N01142018EA012520141200000332450456
B1236154548167N01142012EA012510141100000332460486
B1236164548165N01142005EA012500141100000322450486
B1236174548163N01141999EA012490140900000322440486
B1236184548160N01141992EA012470140700000372410486
B1236194548157N01141985EA012460140400000372380505
B1236204548154N01141979EA012440140300000372380505
B1236214548152N01141972EA012430140200000372380505
B1236224548149N01141965EA012420140100000352410540
B1236234548147N01141958EA012410140000000352440540
B1236244548145N01141951EA012400139900000362430540
B1236254548142N01141944EA012390139700000362420540
B1236264548139N01141938EA012380139500000372390540
B1236274548136N01141931EA012360139400000372360540
B1236284548134N01141924EA012360139300000352400540
B1236294548132N01141917EA012340139300000352440540
B1236304548130N01141909EA012330139100000362500581
B1236314548128N01141902EA012320139000000362520581
B1236324548126N01141895EA012300138800000362480581
B1236334548124N01141888EA012290138600000362440581
B1236344548121N01141881EA012270138400000362440581
B1236354548119N01141874EA012260138300000362440581
B1236364548117N01141867EA012240138100000362440581
B1236374548114N01141860EA012220138000000362440622
B1236384548112N01141853EA012210137800000352440622
B1236394548110N01141846EA012190137600000352440622
B1236404548108N01141838EA012180137500000362480648
B1236414548107N01141831EA012160137300000362500648
B1236424548105N01141823EA012150137200000362540648
B1236434548104N01141816EA012140137000000362560648
B1236444548103N01141809EA012130136900000352540692
B1236454548101N01141802EA012120136900000352520692
B1236464548099N01141795EA012110136800000342490692
B1236474548097N01141788EA012100136700000342460692
B1236484548095N01141781EA012090136600000352440692
B1236494548092N01141774EA012080136400000352420692
B1236504548090N01141767EA012070136300000372430692
B1236514548087N01141760EA012050136200000372440726
B1236524548085N01141752EA012040136100000352440726
B1236534548083N01141746EA012040136000000352440726
B1236544548081N01141739EA012030136000000352440726
B1236554548078N01141732EA012020135800000352440726
B1236564548076N01141725EA012010135700000342420726
B1236574548073N01141719EA011990135600000342400726
B1236584548071N01141713EA011980135400000342380768
B1236594548068N01141707EA011970135300000342360768
B1237004548065N01141700EA011950135100000372370768
B1237014548062N01141693EA011940134900000372380768
B1237024548059N01141687EA011920134800000342380798
B1237034548057N01141681EA011910134700000342380798
B1237044548054N01141675EA011900134600000332360798
B1237054548051N01141669EA011880134400000332340798
B1237064548048N01141663EA011870134200000352340791
B1237074548045N01141657EA011860134000000352340791
B1237084548042N01141650EA011850133900000362340791
B1237094548038N01141644EA011830133800000362340791
B1237104548035N01141638EA011820133700000342320791
B1237114548032N01141633EA011810133600000342300791
B1237124548029N01141627EA011790133400000342290791
B1237134548025N01141622EA011770133200000342280791
B1237144548021N01141616EA011750132900000382260791
B1237154548017N01141610EA011730132700000382240778
B1237164548013N01141603EA011710132400000392250778
B1237174548009N01141597EA011690132300000392260756
B1237184548005N01141592EA011680132200000352260756
B1237194548002N01141586EA011660132100000352260756
B1237204547998N01141581EA011650131900000342270756
B1237214547995N01141575EA011630131700000342280756
B1237224547992N01141569EA011610131500000372300756
B1237234547988N01141562EA011590131200000372320737
B1237244547986N01141555EA011570131000000362360737
B1237254547984N01141548EA011550130800000362400737
B1237264547981N01141542EA011530130600000342410737
B1237274547979N01141535EA011510130500000342420737
B1237284547977N01141528EA011490130300000352430737
B1237294547974N01141521EA011480130000000352440737
B1237304547972N01141514EA011460129800000362460704
B1237314547970N01141507EA011440129600000362480704
B1237324547968N01141499EA011420129400000382480704
B1237334547966N01141491EA011410129200000402460704
B1237344547964N01141483EA011390129000000422480704
B1237354547961N01141474EA011380128900000432480704
B1237364547958N01141465EA011370128900000442440646
B1237374547956N01141457EA011360128900000412440646
B1237384547954N01141449EA011370129100000382480646
B1237394547952N01141441EA011370129100000362500646
B1237404547950N01141434EA011370129100000382510646
B1237414547949N01141425EA011370129000000402520646
B1237424547947N01141417EA011360129000000402540646
B1237434547945N01141409EA011360128900000372540634
B1237444547943N01141402EA011360128900000352510634
B1237454547941N01141395EA011350128800000352480634
B1237464547939N01141387EA011340128700000412460634
B1237474547937N01141378EA011330128500000432480634
B1237484547934N01141370EA011310128300000432480634
B1237494547931N01141361EA011300128100000432460667
B1237504547929N01141353EA011290128000000422440667
B1237514547926N01141345EA011280127900000402420667
B1237524547923N01141338EA011270127900000382410667
B1237534547920N01141331EA011250127700000382400667
B1237544547917N01141324EA011230127400000392380667
B1237554547914N01141316EA011210127100000422360667
B1237564547911N01141308EA011180126800000432380702
B1237574547907N01141300EA011160126500000422400678
B1237584547904N01141293EA011140126300000392380678
B1237594547901N01141286EA011110126100000392360678
B1238004547898N01141279EA011090125900000362360678
B1238014547895N01141272EA011070125700000362360678
B1238024547892N01141265EA011050125400000392370704
B1238034547889N01141258EA011020125100000392380704
B1238044547885N01141250EA011000124800000442360704
B1238054547881N01141242EA010970124500000452360704
B1238064547878N01141233EA010950124300000432380704
B1238074547875N01141225EA010930124200000402420704
B1238084547873N01141218EA010930124300000352420704
B1238094547871N01141212EA010920124300000352420725
B1238104547868N01141205EA010920124300000342430725
B1238114547866N01141199EA010910124200000342440725
B1238124547864N01141191EA010900124000000362440725
B1238134547862N01141184EA010880123800000362460725
B1238144547860N01141177EA010870123600000352480718
B1238154547859N01141170EA010850123400000352500718
B1238164547857N01141162EA010830123200000372500735
B1238174547855N01141154EA010810123000000372520735
B1238184547853N01141147EA010790122700000372500735
B1238194547851N01141140EA010770122500000372480735
B1238204547848N01141132EA010740122300000392440735
B1238214547846N01141124EA010720122000000402440735
B1238224547843N01141116EA010700121900000392440735
B1238234547841N01141109EA010690121700000392460761
B1238244547839N01141102EA010670121600000362450761
B1238254547837N01141095EA010650121400000362440761
B1238264547835N01141088EA010630121200000332440761
B1238274547832N01141081EA010620121000000332440761
B1238284547830N01141075EA010600120800000332410761
B1238294547827N01141069EA010580120600000332380761
B1238304547824N01141063EA010560120500000352400780
B1238314547822N01141055EA010550120400000382420780
B1238324547820N01141048EA010540120300000382460780
B1238334547817N01141040EA010530120200000372460780
B1238344547815N01141034EA010530120200000332410780
B1238354547812N01141028EA010530120300000332360780
B1238364547810N01141023EA010520120200000302390778
B1238374547808N01141016EA010510120100000302420778
B1238384547806N01141009EA010500119900000372460796
B1238394547804N01141001EA010490119700000382500796
B1238404547802N01140993EA010480119600000382480796
B1238414547800N01140986EA010470119500000382460796
B1238424547797N01140979EA010460119500000372460796
B1238434547796N01140972EA010470119600000372460796
B1238444547794N01140966EA010470119700000282500796
B1238454547794N01140960EA010470119800000282540802
B1238464547793N01140956EA010470119800000222540802
B1238474547792N01140950EA010460119800000222540802
B1238484547790N01140944EA010450119500000312520802
B1238494547789N01140938EA010440119300000312500802
B1238504547787N01140931EA010430119200000332520802
B1238514547786N01140924EA010420119200000332540802
B1238524547784N01140918EA010410119100000302520802
B1238534547783N01140911EA010400118900000302500807
B1238544547781N01140904EA010390118700000372500807
B1238554547779N01140897EA010380118500000372500807
B1238564547777N01140890EA010360118300000342500807
B1238574547776N01140883EA010350118300000342500807
B1238584547774N01140878EA010340118200000312460807
B1238594547772N01140871EA010330118100000312420807
B1239004547770N01140864EA010320117900000382440815
B1239014547767N01140856EA010310117800000442460815
B1239024547765N01140847EA010310117800000432480815
B1239034547764N01140839EA010320118100000342520815
B1239044547764N01140834EA010340118500000172610815
B1239054547764N01140832EA010360118800000172700815
B1239064547764N01140830EA010360118900000092740815
B1239074547764N01140827EA010360118800000092780815
B1239084547764N01140821EA010340118400000312710815
B1239094547763N01140813EA010320118000000382640815
B1239104547763N01140805EA010300117700000382620815
B1239114547762N01140797EA010280117600000332620815
B1239124547761N01140791EA010270117700000282580815
B1239134547760N01140786EA010260117700000282540783
B1239144547758N01140781EA010250117600000262500783
B1239154547757N01140775EA010240117400000262460783
B1239164547755N01140767EA010220117100000372480783
B1239174547753N01140759EA010200116800000442500794
B1239184547751N01140749EA010180116600000492520794
B1239194547748N01140739EA010170116400000502500794
B1239204547746N01140729EA010150116300000452500794
B1239214547744N01140721EA010140116300000412500794
B1239224547742N01140712EA010130116200000392520808
B1239234547740N01140704EA010120116100000402520808
B1239244547739N01140695EA010110116000000422520808
B1239254547737N01140686EA010100115800000432560808
B1239264547736N01140677EA010080115600000432560808
B1239274547734N01140669EA010070115500000422540808
B1239284547731N01140661EA010060115300000402480827
B1239294547729N01140653EA010050115300000382440827
B1239304547727N01140645EA010040115200000372460827
B1239314547725N01140638EA010040115100000372500827
B1239324547724N01140630EA010030115000000382540827
B1239334547724N01140621EA010010114800000402600827
B1239344547724N01140612EA010000114600000442660817
B1239354547724N01140602EA009990114400000442680817
B1239364547724N01140593EA009980114400000402700817
B1239374547724N01140585EA009980114600000342720817
B1239384547723N01140579EA009980114700000302670817
B1239394547723N01140572EA009990114800000302620817
B1239404547722N01140566EA009990114700000312640811
B1239414547723N01140559EA009990114700000312660811
B1239424547723N01140553EA009990114700000272710811
B1239434547723N01140547EA009990114700000272760811
B1239444547723N01140541EA009990114700000302700811
B1239454547723N01140534EA009980114600000302640811
B1239464547722N01140527EA009980114600000312630811
B1239474547721N01140521EA009980114600000312620811
B1239484547721N01140515EA009980114600000282620812
B1239494547720N01140508EA009980114600000282620812
B1239504547720N01140502EA009980114600000302630812
B1239514547720N01140495EA009970114500000302640812
B1239524547720N01140488EA009970114500000322660812
B1239534547719N01140481EA009970114500000322680812
B1239544547719N01140474EA009970114400000322660812
B1239554547719N01140467EA009970114400000322640812
B1239564547719N01140460EA009960114300000332680825
B1239574547719N01140453EA009960114300000332720825
B1239584547719N01140447EA009950114200000292720825
B1239594547719N01140440EA009940114100000292720825
B1240004547720N01140433EA009930114000000332710825
B1240014547720N01140426EA009920113900000332700825
B1240024547720N01140420EA009910113900000302730825
B1240034547721N01140413EA009910113800000302760834
B1240044547722N01140406EA009900113700000352760834
B1240054547722N01140398EA009890113500000362760834
B1240064547722N01140390EA009870113400000342740834
B1240074547722N01140383EA009860113300000342700834
B1240084547722N01140376EA009860113300000322690834
B1240094547722N01140369EA009850113200000322680834
B1240104547723N01140361EA009830113000000372740830
B1240114547725N01140353EA009820112800000392800830
B1240124547727N01140345EA009800112600000382860830
B1240134547729N01140337EA009780112300000382900830
B1240144547731N01140329EA009760112100000402880830
B1240154547733N01140321EA009740111900000402860830
B1240164547734N01140313EA009720111700000402880823
B1240174547736N01140304EA009700111600000392880823
B1240184547737N01140296EA009690111500000372840823
B1240194547738N01140289EA009680111400000362780823
B1240204547737N01140281EA009670111300000362700823
B1240214547737N01140273EA009660111200000362640823
B1240224547736N01140265EA009650111100000352660818
B1240234547736N01140258EA009640111000000352660818
B1240244547736N01140251EA009630111000000322690818
B1240254547737N01140244EA009630110900000322720818
B1240264547737N01140237EA009630111000000322740818
B1240274547738N01140230EA009630111100000322760818
B1240284547738N01140224EA009640111200000282730818
B1240294547738N01140218EA009650111400000282700818
B1240304547738N01140213EA009660111500000242690833
B1240314547738N01140208EA009670111600000242680833
B1240324547738N01140202EA009680111600000282720833
B1240334547739N01140196EA009680111600000282760833
B1240344547740N01140189EA009680111500000342800833
B1240354547742N01140181EA009680111600000342840833
B1240364547743N01140175EA009690111700000332870833
B1240374547745N01140168EA009690111800000332900833
B1240384547747N01140161EA009700111900000342880846
B1240394547748N01140153EA009710111900000362860846
B1240404547750N01140146EA009720112000000352850846
B1240414547751N01140139EA009730112200000352840846
B1240424547752N01140132EA009740112400000322840846
B1240434547753N01140126EA009750112500000322840846
B1240444547754N01140121EA009760112600000232790846
B1240454547754N01140116EA009760112600000232740852
B1240464547754N01140109EA009760112500000302740852
B1240474547754N01140102EA009750112300000342660852
B1240484547754N01140095EA009740112200000352710852
B1240494547756N01140088EA009740112200000352760852
B1240504547758N01140080EA009740112300000362860852
B1240514547761N01140074EA009740112300000362980880
B1240524547765N01140068EA009740112400000353040880
B1240534547768N01140062EA009740112400000353100884
B1240544547772N01140056EA009740112300000383090884
B1240554547776N01140049EA009740112300000383080884
B1240564547779N01140044EA009740112300000353100884
B1240574547783N01140038EA009740112400000353120884
B1240584547786N01140033EA009750112400000333130884
B1240594547790N01140028EA009750112500000333140884
B1241004547794N01140023EA009760112600000343150884
B1241014547797N01140017EA009770112700000343160884
B1241024547800N01140012EA009780112800000323100890
B1241034547803N01140006EA009790113000000323040890
B1241044547806N01140001EA009790113100000293060890
B1241054547808N01139996EA009810113200000293080890
B1241064547811N01139991EA009810113300000303040910
B1241074547812N01139985EA009820113300000303000910
B1241084547813N01139978EA009830113300000302860910
B1241094547813N01139972EA009830113300000302720910
B1241104547812N01139966EA009840113400000262630908
B1241114547811N01139961EA009850113600000262540908
B1241124547809N01139956EA009860113700000232510895
B1241134547808N01139952EA009870113900000232480895
B1241144547807N01139948EA009890114100000192440895
B1241154547805N01139946EA009910114300000192400895
B1241164547803N01139944EA009920114400000132200895
B1241174547801N01139945EA009930114500000132000895
B1241184547798N01139947EA009940114500000241710895
B1241194547796N01139952EA009940114500000241420895
B1241204547794N01139959EA009940114400000381210895
B1241214547795N01139969EA009950114500000441000890
B1241224547798N01139977EA009950114500000460770890
B1241234547803N01139984EA009960114600000460540890
B1241244547810N01139988EA009960114600000470350890
B1241254547816N01139989EA009960114600000470160910
B1241264547823N01139987EA009960114700000410000910
B1241274547828N01139983EA009960114700000413440910
B1241284547831N01139978EA009960114700000343250910
B1241294547833N01139972EA009970114700000343060910
B1241304547834N01139965EA009970114800000292910908
B1241314547835N01139959EA009980114900000292760908
B1241324547836N01139953EA009980115100000302820908
B1241334547838N01139947EA009990115100000302880908
B1241344547839N01139941EA010000115200000302830908
B1241354547838N01139935EA010000115100000302780908
B1241364547836N01139931EA010010115100000262480908
B1241374547832N01139929EA010010115100000262180908
B1241384547828N01139928EA010020115200000261980908
B1241394547825N01139928EA010020115400000261780908
B1241404547821N01139928EA010040115600000211830908
B1241414547818N01139927EA010050115700000211880908
B1241424547814N01139926EA010050115600000281830908
B1241434547809N01139927EA010050115600000281780895
B1241444547805N01139929EA010050115700000261700895
B1241454547802N01139930EA010060115800000261620895
B1241464547798N01139932EA010060115800000241610895
B1241474547794N01139933EA010060115800000241600895
B1241484547790N01139934EA010060115700000301660895
B1241494547785N01139934EA010060115600000311740895
B1241504547781N01139933EA010060115600000251800895
B1241514547778N01139934EA010070115900000251860895
B1241524547775N01139936EA010080116100000211680895
B1241534547772N01139939EA010090116200000211500895
B1241544547768N01139943EA010090116200000331440895
B1241554547764N01139948EA010090116100000331380895
B1241564547759N01139952EA010090116000000391430874
B1241574547754N01139956EA010100116100000391480874
B1241584547750N01139959EA010110116300000291500874
B1241594547746N01139962EA010130116700000291520874
B1242004547744N01139964EA010150117000000201490874
B1242014547741N01139967EA010170117200000201460853
B1242024547738N01139971EA010190117400000261440853
B1242034547734N01139972EA010200117400000261420853
B1242044547730N01139972EA010210117500000281670853
B1242054547726N01139970EA010220117500000281920853
B1242064547722N01139967EA010220117600000291950853
B1242074547718N01139967EA010240117800000291980853
B1242084547714N01139968EA010250118000000281810853
B1242094547710N01139969EA010270118200000281640840
B1242104547706N01139971EA010300118500000231660840
B1242114547703N01139971EA010320118800000231680840
B1242124547699N01139969EA010340119000000231840840
B1242134547696N01139967EA010360119200000232000840
B1242144547693N01139964EA010380119400000262080858
B1242154547690N01139960EA010400119600000262160858
B1242164547689N01139954EA010420119800000292320858
B1242174547689N01139948EA010430120000000312560858
B1242184547692N01139941EA010450120200000352820858
B1242194547697N01139937EA010470120300000353080858
B1242204547702N01139935EA010480120400000403290858
B1242214547709N01139936EA010490120400000403500858
B1242224547715N01139939EA010490120400000440070874
B1242234547720N01139944EA010500120500000440240874
B1242244547724N01139951EA010510120500000400400874
B1242254547726N01139959EA010520120600000400560874
B1242264547726N01139966EA010530120800000320740874
B1242274547726N01139972EA010540120900000320920853
B1242284547724N01139978EA010550121100000281000853
B1242294547722N01139983EA010570121300000281080853
B1242304547719N01139987EA010590121600000251280853
B1242314547715N01139988EA010610121800000251480853
B1242324547711N01139986EA010630122000000281720853
B1242334547707N01139984EA010650122200000281960840
B1242344547704N01139980EA010670122400000262070840
B1242354547702N01139976EA010690122700000262180840
B1242364547703N01139970EA010720123000000302490840
B1242374547705N01139963EA010740123200000302800858
B1242384547708N01139958EA010760123300000352990858
B1242394547713N01139954EA010770123500000353180874
B1242404547718N01139953EA010790123700000343360874
B1242414547723N01139953EA010800123800000343520874
B1242424547729N01139956EA010810123800000400060874
B1242434547734N01139960EA010820123800000400200874
B1242444547740N01139966EA010820123800000440290874
B1242454547745N01139972EA010830123900000440380853
B1242464547749N01139978EA010840124000000370410853
B1242474547753N01139983EA010860124300000370440853
B1242484547756N01139989EA010870124400000360500853
B1242494547758N01139997EA010890124500000360560853
B1242504547759N01140005EA010910124700000370690853
B1242514547759N01140012EA010930124900000370820853
B1242524547759N01140017EA010950125300000210950850
B1242534547757N01140020EA010970125600000211080850
B1242544547754N01140022EA010980125700000191330850
B1242554547751N01140023EA010990125600000191580850
B1242564547746N01140023EA011000125600000301670850
B1242574547742N01140024EA011000125700000301760850
B1242584547738N01140025EA011010125800000261720850
B1242594547734N01140026EA011030126100000261680850
B1243004547731N01140026EA011040126300000231770850
B1243014547727N01140024EA011050126300000231860850
B1243024547724N01140020EA011060126300000292040850
B1243034547721N01140014EA011060126200000292220853
B1243044547720N01140006EA011060126200000352440853
B1243054547722N01139999EA011070126300000352680853
B1243064547724N01139992EA011080126500000372850853
B1243074547728N01139987EA011100126800000373020853
B1243084547733N01139982EA011110127000000363170853
B1243094547738N01139980EA011130127200000363320853
B1243104547744N01139979EA011150127300000393450853
B1243114547750N01139980EA011160127500000393580853
B1243124547755N01139982EA011180127600000380080853
B1243134547760N01139986EA011200127900000380180853
B1243144547764N01139992EA011220128200000350330890
B1243154547767N01139998EA011250128400000350480890
B1243164547769N01140005EA011270128600000340600890
B1243174547769N01140012EA011280128700000340720890
B1243184547769N01140019EA011300128900000330860884
B1243194547767N01140026EA011310129100000331000884
B1243204547766N01140032EA011320129300000291050884
B1243214547764N01140037EA011340129500000291100884
B1243224547761N01140041EA011360129700000261220884
B1243234547758N01140044EA011370129800000261340850
B1243244547754N01140044EA011380129900000281570850
B1243254547750N01140043EA011390129900000281800850
B1243264547747N01140040EA011400130000000251990850
B1243274547744N01140035EA011400130000000252180850
B1243284547743N01140029EA011410130100000292380850
B1243294547743N01140022EA011420130100000292580850
B1243304547744N01140015EA011430130200000362700853
B1243314547746N01140008EA011440130400000362820853
B1243324547748N01140001EA011460130600000312870853
B1243334547750N01139996EA011480130800000312920853
B1243344547753N01139991EA011490131000000303030853
B1243354547757N01139987EA011510131200000303140853
B1243364547763N01139986EA011520131200000393370890
B1243374547768N01139989EA011530131300000390000890
B1243384547773N01139996EA011540131300000420260890
B1243394547776N01140004EA011550131400000420520890
B1243404547778N01140011EA011560131500000340520890
B1243414547779N01140017EA011570131700000280700884
B1243424547779N01140023EA011590131900000270780884
B1243434547779N01140030EA011610132100000270860884
B1243444547778N01140036EA011620132200000320930884
B1243454547777N01140042EA011640132300000321000884
B1243464547774N01140046EA011650132500000241180884
B1243474547771N01140048EA011660132600000241360884
B1243484547767N01140047EA011660132600000271650884
B1243494547763N01140044EA011660132500000271940884
B1243504547761N01140038EA011660132600000322200884
B1243514547760N01140031EA011670132600000322460850
B1243524547760N01140023EA011680132800000352600850
B1243534547761N01140017EA011690133000000352720884
B1243544547763N01140011EA011710133300000292890890
B1243554547767N01140007EA011730133500000293060890
B1243564547770N01140004EA011740133600000293200890
B1243574547775N01140002EA011750133700000293340890
B1243584547780N01140003EA011760133700000333530890
B1243594547785N01140007EA011760133600000330120890
B1244004547789N01140014EA011760133500000420320890
B1244014547792N01140021EA011760133500000420520884
B1244024547793N01140028EA011770133700000320650884
B1244034547793N01140035EA011780133900000320780884
B1244044547793N01140041EA011790134100000310870884
B1244054547792N01140049EA011810134200000310960884
B1244064547791N01140057EA011820134400000390970884
B1244074547791N01140064EA011840134500000390980884
B1244084547790N01140070EA011860134800000271020880
B1244094547788N01140075EA011870135000000271060880
B1244104547786N01140078EA011880135000000231200880
B1244114547783N01140081EA011880134900000231340880
B1244124547778N01140083EA011870134800000311500880
B1244134547773N01140084EA011870134700000311660880
B1244144547769N01140083EA011870134700000321770880
B1244154547764N01140082EA011860134700000321880880
B1244164547760N01140081EA011860134700000281890852
B1244174547756N01140079EA011870134800000281900852
B1244184547752N01140075EA011870134800000282040852
B1244194547750N01140070EA011870134700000282180852
B1244204547749N01140063EA011870134600000352430850
B1244214547750N01140055EA011860134500000372680850
B1244224547752N01140048EA011860134600000342780850
B1244234547753N01140041EA011870134800000342880850
B1244244547754N01140035EA011880134900000282820850
B1244254547754N01140029EA011880134900000282760850
B1244264547754N01140022EA011880134800000332710850
B1244274547753N01140015EA011880134700000332660853
B1244284547752N01140008EA011880134700000342620853
B1244294547751N01140001EA011880134700000342580853
B1244304547749N01139995EA011870134700000292500853
B1244314547747N01139989EA011870134600000292420853
B1244324547744N01139984EA011860134600000322400853
B1244334547741N01139978EA011860134500000322380853
B1244344547737N01139973EA011850134300000362260853
B1244354547732N01139969EA011850134300000362140853
B1244364547728N01139967EA011840134300000292060853
B1244374547724N01139966EA011840134400000291980874
B1244384547720N01139966EA011840134400000261880874
B1244394547715N01139967EA011840134300000261780853
B1244404547711N01139970EA011830134200000361650853
B1244414547706N01139975EA011820134100000361520840
B1244424547703N01139981EA011810134000000361360840
B1244434547700N01139987EA011810134000000361240840
B1244444547697N01139992EA011810134100000331300840
B1244454547693N01139997EA011810134100000331360840
B1244464547689N01140002EA011800134100000361340840
B1244474547686N01140009EA011800134100000361320840
B1244484547683N01140017EA011800134000000411240821
B1244494547680N01140024EA011800134000000411160821
B1244504547677N01140030EA011800134200000341210821
B1244514547674N01140036EA011810134300000341260821
B1244524547671N01140042EA011810134300000361250821
B1244534547667N01140049EA011810134300000361240821
B1244544547664N01140056EA011810134200000391260821
B1244554547660N01140062EA011810134200000391280806
B1244564547656N01140068EA011810134300000351290786
B1244574547653N01140074EA011810134300000351300786
B1244584547650N01140081EA011810134200000391280786
B1244594547645N01140087EA011800134200000391260786
B1245004547641N01140093EA011800134100000421330786
B1245014547636N01140098EA011800134100000421400786
B1245024547631N01140102EA011800134200000351420786
B1245034547627N01140106EA011810134300000351440786
B1245044547623N01140109EA011810134400000291470786
B1245054547619N01140112EA011810134400000291500786
B1245064547615N01140115EA011800134200000341530786
B1245074547609N01140118EA011790134000000341560745
B1245084547604N01140120EA011780133800000421590745
B1245094547597N01140123EA011760133600000421620745
B1245104547590N01140127EA011750133400000491610745
B1245114547583N01140130EA011740133300000491600745
B1245124547576N01140133EA011740133400000441610745
B1245134547571N01140135EA011740133500000441620745
B1245144547565N01140138EA011750133600000381630745
B1245154547559N01140140EA011750133600000381640729
B1245164547553N01140142EA011740133400000441640729
B1245174547546N01140145EA011730133100000441640729
B1245184547539N01140148EA011720133000000481620729
B1245194547532N01140152EA011710132800000481600729
B1245204547526N01140156EA011700132800000471590729
B1245214547519N01140159EA011700132800000471580729
B1245224547513N01140162EA011700132900000411600729
B1245234547507N01140164EA011700133000000411620701
B1245244547502N01140167EA011700133000000381610676
B1245254547496N01140170EA011700132900000381600676
B1245264547490N01140173EA011690132600000451590676
B1245274547483N01140177EA011670132400000451580676
B1245284547477N01140181EA011660132200000451570676
B1245294547471N01140185EA011650132200000451560676
B1245304547465N01140189EA011640132100000421540676
B1245314547459N01140193EA011630132100000421520650
B1245324547454N01140196EA011620132000000401550650
B1245334547448N01140199EA011620131900000401580650
B1245344547442N01140202EA011610131900000421600650
B1245354547436N01140204EA011600131800000421620650
B1245364547429N01140207EA011590131700000431640650
B1245374547423N01140209EA011580131600000431660650
B1245384547416N01140212EA011570131500000451630650
B1245394547410N01140216EA011560131400000451600633
B1245404547404N01140220EA011550131300000461570597
B1245414547397N01140224EA011540131200000461540597
B1245424547391N01140228EA011530131000000461540597
B1245434547384N01140232EA011510130800000471560597
B1245444547378N01140235EA011490130600000471600597
B1245454547371N01140237EA011480130400000471640597
B1245464547364N01140240EA011460130300000461630597
B1245474547357N01140243EA011450130100000461620593
B1245484547351N01140246EA011430130000000451610593
B1245494547344N01140249EA011420129800000451600593
B1245504547338N01140252EA011400129700000421610593
B1245514547332N01140254EA011390129500000421620593
B1245524547327N01140257EA011370129400000391620593
B1245534547321N01140259EA011360129300000391620593
B1245544547315N01140260EA011340129100000411660593
B1245554547308N01140261EA011320128800000411700577
B1245564547302N01140262EA011310128600000431730577
B1245574547295N01140262EA011290128500000431760577
B1245584547288N01140262EA011280128400000441780577
B1245594547282N01140261EA011270128300000441800577
B1246004547275N01140259EA011260128300000451860577
B1246014547268N01140257EA011250128200000451920577
B1246024547261N01140254EA011250128200000491930577
B1246034547254N01140251EA011250128100000491940533
B1246044547247N01140248EA011250128200000461930533
B1246054547240N01140247EA011260128400000461920533
B1246064547234N01140246EA011270128500000381880533
B1246074547230N01140245EA011280128700000381840533
B1246084547225N01140244EA011280128800000281850533
B1246094547221N01140244EA011290128800000281860533
B1246104547216N01140244EA011280128700000311860533
B1246114547211N01140244EA011270128500000321780533
B1246124547206N01140244EA011260128200000331790498
B1246134547201N01140244EA011240128000000331800498
B1246144547196N01140244EA011210127800000341800498
B1246154547191N01140245EA011190127600000341800498
B1246164547186N01140248EA011170127300000371630498
B1246174547182N01140254EA011160127100000371460498
B1246184547178N01140260EA011150127000000401400498
B1246194547175N01140266EA011140127100000401340498
B1246204547171N01140270EA011150127200000291340515
B1246214547169N01140276EA011150127300000291340515
B1246224547166N01140282EA011150127300000371250515
B1246234547164N01140291EA011150127200000431160515
B1246244547162N01140300EA011150127100000411080515
B1246254547162N01140308EA011160127200000411000515
B1246264547161N01140315EA011160127400000340960515
B1246274547161N01140323EA011180127500000340920501
B1246284547162N01140331EA011190127600000380880501
B1246294547163N01140339EA011200127600000380840501
B1246304547164N01140348EA011210127600000410800501
B1246314547164N01140356EA011220127800000410820501
B1246324547163N01140364EA011230128000000320900501
B1246334547162N01140369EA011240128100000320980468
B1246344547158N01140374EA011240128200000291220470
B1246354547154N01140376EA011240128100000291460470
B1246364547150N01140375EA011240128000000311700470
B1246374547146N01140371EA011240128000000311940470
B1246384547144N01140364EA011240128000000322220489
B1246394547143N01140358EA011240128000000322500489
B1246404547144N01140351EA011250128200000292630489
B1246414547144N01140346EA011260128400000292760489
B1246424547146N01140341EA011280128600000252870489
B1246434547149N01140337EA011290128700000252980489
B1246444547154N01140334EA011300128700000353200489
B1246454547159N01140334EA011310128700000353420489
B1246464547164N01140336EA011310128800000360030501
B1246474547169N01140341EA011320128900000360240501
B1246484547171N01140347EA011330129000000330450501
B1246494547171N01140354EA011340129100000330660501
B1246504547170N01140361EA011350129200000330910501
B1246514547166N01140366EA011350129200000331160501
B1246524547161N01140369EA011350129200000341400468
B1246534547156N01140369EA011360129200000341640470
B1246544547152N01140368EA011360129400000301770470
B1246554547148N01140366EA011370129500000301900489
B1246564547143N01140363EA011380129600000311990489
B1246574547139N01140360EA011390129700000312080489
B1246584547134N01140357EA011400129700000362050489
B1246594547129N01140355EA011410129800000362020489
B1247004547124N01140353EA011420129900000311950489
B1247014547120N01140352EA011420130000000311880489
B1247024547115N01140351EA011430130000000351890489
B1247034547109N01140349EA011430129900000351900452
B1247044547103N01140348EA011430129900000371890452
B1247054547098N01140346EA011430129900000371880452
B1247064547094N01140345EA011430130000000291910452
B1247074547090N01140343EA011430130000000291940452
B1247084547086N01140342EA011420129800000281930452
B1247094547081N01140340EA011400129500000281920452
B1247104547075N01140337EA011370129000000441950452
B1247114547068N01140333EA011340128500000441980452
B1247124547061N01140329EA011300128100000472000452
B1247134547055N01140325EA011270127800000472020458
B1247144547050N01140320EA011240127600000412040458
B1247154547044N01140316EA011220127400000412060468
B1247164547039N01140312EA011200127200000422060468
B1247174547033N01140308EA011180126900000422060468
B1247184547027N01140303EA011150126600000462070468
B1247194547021N01140298EA011130126300000462080468
B1247204547015N01140293EA011110126100000452070468
B1247214547009N01140290EA011090126000000452060505
B1247224547003N01140286EA011080125900000422030505
B1247234546997N01140283EA011060125700000422000505
B1247244546991N01140279EA011040125400000422030505
B1247254546985N01140274EA011020125200000422060505
B1247264546980N01140269EA010990124900000452070505
B1247274546974N01140264EA010970124700000452080492
B1247284546968N01140261EA010950124500000422060492
B1247294546962N01140257EA010930124300000422040492
B1247304546956N01140253EA010910124100000422050478
B1247314546950N01140248EA010890123900000422060478
B1247324546944N01140244EA010860123500000472070478
B1247334546938N01140239EA010840123200000472080478
B1247344546931N01140235EA010810122900000482050478
B1247354546925N01140231EA010790122700000482020478
B1247364546919N01140227EA010770122600000422020478
B1247374546913N01140223EA010760122500000422020478
B1247384546908N01140219EA010740122300000402050396
B1247394546902N01140215EA010730122100000402080391
B1247404546896N01140210EA010710121900000452070391
B1247414546890N01140206EA010690121600000452060391
B1247424546884N01140201EA010670121400000462060391
B1247434546878N01140196EA010650121300000462060391
B1247444546873N01140192EA010640121200000402070391
B1247454546867N01140188EA010630121100000402080391
B1247464546863N01140184EA010620121000000382090391
B1247474546858N01140179EA010600120800000382100325
B1247484546853N01140174EA010590120500000402120325
B1247494546848N01140169EA010570120300000402140325
B1247504546842N01140164EA010550120100000422130324
B1247514546837N01140160EA010540120000000422120324
B1247524546832N01140155EA010520119900000392100324
B1247534546827N01140151EA010510119800000392080324
B1247544546822N01140148EA010500119700000382070324
B1247554546817N01140144EA010490119600000382060324
B1247564546812N01140140EA010480119400000372080324
B1247574546807N01140136EA010470119300000372100283
B1247584546802N01140131EA010460119200000382110283
B1247594546797N01140127EA010440119000000382120283
B1248004546792N01140123EA010430118900000382100283
B1248014546787N01140119EA010420118700000382080283
B1248024546782N01140114EA010400118600000392080309
B1248034546776N01140110EA010390118400000392080309
B1248044546771N01140106EA010380118300000402060309
B1248054546765N01140103EA010360118200000402040309
B1248064546760N01140099EA010350118000000412030282
B1248074546754N01140096EA010330117800000412020282
B1248084546748N01140092EA010320117600000412040282
B1248094546743N01140088EA010300117500000412060282
B1248104546737N01140084EA010280117300000432060282
B1248114546731N01140079EA010260117100000432060282
B1248124546726N01140074EA010240116900000432060282
B1248134546721N01140068EA010220116700000442140282
B1248144546715N01140063EA010200116500000442140302
B1248154546709N01140058EA010190116300000442140270
B1248164546704N01140054EA010170116100000422100270
B1248174546698N01140050EA010160116100000422060270
B1248184546693N01140046EA010150116000000392050270
B1248194546688N01140042EA010140115900000392040270
B1248204546683N01140038EA010120115700000382070270
B1248214546678N01140034EA010100115500000382100270
B1248224546672N01140030EA010080115200000402080270
B1248234546667N01140026EA010060114900000402060270
B1248244546661N01140022EA010030114600000432060247
B1248254546655N01140017EA010010114400000432060247
B1248264546649N01140012EA009980114100000432080260
B1248274546644N01140008EA009960113900000432100260
B1248284546638N01140004EA009940113700000432070260
B1248294546632N01140000EA009920113500000432040260
B1248304546626N01139996EA009900113300000442030260
B1248314546619N01139992EA009870113000000442020260
B1248324546613N01139988EA009850112800000452040260
B1248334546607N01139983EA009830112500000452060241
B1248344546602N01139979EA009800112300000442080241
B1248354546596N01139974EA009780112000000442100241
B1248364546590N01139969EA009760111800000452100241
B1248374546584N01139964EA009740111600000452100256
B1248384546578N01139959EA009720111400000442090256
B1248394546573N01139955EA009700111200000442080256
B1248404546567N01139951EA009680111000000422070256
B1248414546561N01139947EA009660110800000422060238
B1248424546556N01139942EA009640110700000422080238
B1248434546550N01139938EA009620110400000422100238
B1248444546545N01139933EA009600110100000432100238
B1248454546539N01139928EA009570109800000432100238
B1248464546533N01139923EA009540109500000452100238
B1248474546527N01139919EA009520109300000452100238
B1248484546521N01139915EA009500109000000422040257
B1248494546515N01139913EA009470108800000421980257
B1248504546509N01139910EA009450108600000401970263
B1248514546504N01139907EA009430108400000401960263
B1248524546498N01139904EA009400108100000431990263
B1248534546491N01139900EA009380107800000432020263
B1248544546485N01139896EA009350107600000452040263
B1248554546480N01139892EA009330107400000452060263
B1248564546474N01139887EA009300107200000422080263
B1248574546469N01139882EA009280106900000422100263
B1248584546463N01139878EA009260106700000412100263
B1248594546458N01139873EA009230106400000412100267
B1249004546452N01139868EA009210106100000432110267
B1249014546447N01139863EA009180105800000432120262
B1249024546441N01139858EA009170105600000422120262
B1249034546436N01139854EA009150105500000392100262
B1249044546431N01139850EA009140105400000372080262
B1249054546426N01139846EA009120105200000372100262
B1249064546422N01139842EA009100105000000352090262
B1249074546417N01139838EA009080104800000352080262
B1249084546412N01139834EA009060104500000372110262
B1249094546408N01139829EA009040104300000372140258
B1249104546404N01139822EA009010104000000402200258
B1249114546400N01139816EA008980103700000402260234
B1249124546395N01139809EA008960103400000402270234
B1249134546391N01139803EA008930103100000402280234
B1249144546386N01139796EA008910102900000422250234
B1249154546381N01139791EA008880102600000422220234
B1249164546376N01139785EA008860102300000422180234
B1249174546371N01139780EA008830102000000422140234
B1249184546366N01139775EA008810101800000392150234
B1249194546362N01139770EA008790101600000392160234
B1249204546357N01139766EA008760101400000382140202
B1249214546352N01139761EA008740101100000382120202
B1249224546347N01139757EA008720100900000382130202
B1249234546343N01139752EA008700100700000382140202
B1249244546338N01139747EA008680100500000362150202
B1249254546334N01139743EA008660100300000362160202
B1249264546330N01139738EA008630100100000352170202
B1249274546326N01139733EA008610099800000352180202
B1249284546321N01139727EA008580099400000402180202
B1249294546316N01139722EA008550099100000402180202
B1249304546311N01139716EA008520098800000412180170
B1249314546306N01139711EA008500098500000412180170
B1249324546302N01139705EA008470098300000402170170
B1249334546297N01139700EA008450098000000402160170
B1249344546292N01139696EA008430097800000402130170
B1249354546286N01139692EA008400097500000402100170
B1249364546281N01139688EA008370097200000412080170
B1249374546275N01139683EA008350097000000412060170
B1249384546270N01139679EA008320096700000382090170
B1249394546266N01139675EA008300096500000382120170
B1249404546261N01139671EA008270096300000372090169
B1249414546255N01139668EA008250096100000372060169
B1249424546250N01139665EA008220095800000372030150
B1249434546245N01139661EA008200095500000372000150
B1249444546240N01139656EA008170095200000412080150
B1249454546235N01139650EA008140094900000412160150
B1249464546231N01139644EA008110094600000442200150
B1249474546226N01139637EA008090094300000442240150
B1249484546221N01139630EA008060094100000452220150
B1249494546216N01139624EA008040093900000452200150
B1249504546211N01139619EA008030093800000402170135
B1249514546206N01139614EA008010093700000402140130
B1249524546201N01139610EA007990093500000392120130
B1249534546195N01139605EA007970093200000392100130
B1249544546190N01139601EA007950093000000412110130
B1249554546185N01139596EA007930092800000412120130
B1249564546180N01139591EA007910092700000382120130
B1249574546176N01139587EA007900092600000382120130
B1249584546171N01139582EA007890092500000362130130
B1249594546167N01139578EA007870092300000362140130
B1250004546162N01139574EA007860092100000382110130
B1250014546156N01139570EA007840091900000382080122
B1250024546151N01139565EA007810091600000442090123
B1250034546145N01139560EA007790091300000442100123
B1250044546140N01139555EA007770091100000422100123
B1250054546135N01139549EA007750091000000392160123
B1250064546131N01139545EA007740090900000372150123
B1250074546126N01139540EA007720090700000372140123
B1250084546121N01139535EA007700090400000412150123
B1250094546116N01139529EA007680090100000412160123
B1250104546111N01139523EA007650089800000442170121
B1250114546105N01139517EA007630089600000442180121
B1250124546100N01139511EA007610089400000442180121
B1250134546095N01139506EA007590089200000442180121
B1250144546090N01139501EA007570089000000402130121
B1250154546084N01139497EA007550088800000402080121
B1250164546079N01139493EA007540088600000402100121
B1250174546074N01139487EA007520088400000402120121
B1250184546069N01139481EA007490088200000442160121
B1250194546064N01139475EA007470088000000442200121
B1250204546059N01139468EA007460087800000442200119
B1250214546054N01139462EA007440087700000442200119
B1250224546050N01139456EA007430087600000402210119
B1250234546046N01139450EA007420087500000402220119
B1250244546041N01139444EA007410087300000422210119
B1250254546036N01139438EA007390087100000422200119
B1250264546030N01139432EA007370086800000492170119
B1250274546024N01139425EA007350086600000492140119
B1250284546018N01139418EA007340086500000482170119
B1250294546013N01139412EA007330086400000482200124
B1250304546008N01139406EA007320086400000412180117
B1250314546003N01139402EA007320086400000412160117
B1250324545998N01139397EA007320086600000352140117
B1250334545994N01139394EA007330086800000352120117
B1250344545990N01139391EA007340087100000252090117
B1250354545987N01139389EA007350087200000252060117
B1250364545982N01139386EA007360087300000312020117
B1250374545977N01139384EA007370087300000311980117
B1250384545972N01139382EA007380087400000331950117
B1250394545968N01139381EA007390087600000331920117
B1250404545964N01139381EA007400087900000251850117
B1250414545960N01139382EA007420088100000251780118
B1250424545956N01139382EA007440088300000291780118
B1250434545951N01139382EA007450088400000291780118
B1250444545946N01139382EA007460088500000341770118
B1250454545941N01139382EA007470088500000341760118
B1250464545936N01139382EA007480088600000301780118
B1250474545931N01139382EA007480088700000301800118
B1250484545927N01139381EA007480088700000291850118
B1250494545923N01139379EA007480088700000291900118
B1250504545918N01139378EA007480088600000331910118
B1250514545913N01139377EA007470088500000331920118
B1250524545908N01139376EA007470088400000281890123
B1250534545904N01139375EA007460088400000281860123
B1250544545900N01139375EA007450088300000301830123
B1250554545895N01139375EA007440088200000301800123
B1250564545890N01139374EA007430088000000351840123
B1250574545885N01139372EA007420087900000351880123
B1250584545880N01139371EA007410087900000321880123
B1250594545875N01139370EA007400087800000321880123
B1251004545871N01139369EA007390087600000291870123
B1251014545866N01139368EA007370087400000291860123
B1251024545861N01139367EA007340087100000351890130
B1251034545856N01139365EA007320086800000351920130
B1251044545850N01139364EA007290086500000371920130
B1251054545845N01139362EA007270086300000371920130
B1251064545840N01139361EA007250086100000321910130
B1251074545835N01139360EA007230086000000321900130
B1251084545831N01139359EA007210085800000331870130
B1251094545825N01139358EA007200085700000331840130
B1251104545820N01139356EA007180085500000351890130
B1251114545815N01139354EA007160085300000351940130
B1251124545810N01139352EA007150085200000341950119
B1251134545805N01139350EA007140085100000341960119
B1251144545801N01139349EA007130085000000301900119
B1251154545796N01139349EA007120084900000301840119
B1251164545791N01139347EA007110084800000351870119
B1251174545785N01139345EA007100084600000351900119
B1251184545780N01139343EA007090084500000371960119
B1251194545776N01139339EA007080084500000372020119
B1251204545773N01139334EA007080084600000302190119
B1251214545772N01139327EA007070084600000302360119
B1251224545771N01139320EA007070084400000362530119
B1251234545772N01139312EA007060084300000372700133
B1251244545774N01139304EA007050084100000352800133
B1251254545777N01139298EA007040084000000352900133
B1251264545780N01139293EA007030083900000333010133
B1251274545784N01139288EA007010083700000333120133
B1251284545789N01139281EA007000083500000483140133
B1251294545795N01139274EA006990083300000483160133
B1251304545801N01139266EA006990083400000493180139
B1251314545805N01139259EA007000083700000493160139
B1251324545808N01139254EA007020084100000293130139
B1251334545811N01139250EA007050084500000293100139
B1251344545815N01139246EA007070084700000343170145
B1251354545821N01139241EA007090084700000343240145
B1251364545827N01139236EA007100084700000473250145
B1251374545832N01139230EA007110084700000473260145
B1251384545837N01139224EA007120084900000403190145
B1251394545840N01139217EA007140085200000403120154
B1251404545843N01139210EA007160085400000373020154
B1251414545844N01139203EA007180085600000372920154
B1251424545846N01139196EA007190085800000352900154
B1251434545848N01139189EA007210086000000352880154
B1251444545849N01139182EA007230086200000332850154
B1251454545850N01139175EA007260086500000332820154
B1251464545850N01139168EA007280086700000322760154
B1251474545849N01139161EA007290086800000322680162
B1251484545847N01139155EA007310086900000302520162
B1251494545843N01139151EA007320087000000302360162
B1251504545839N01139149EA007330087100000282130162
B1251514545835N01139149EA007340087200000281900162
B1251524545831N01139150EA007350087300000291780162
B1251534545826N01139152EA007360087400000291660162
B1251544545822N01139154EA007370087500000281610162
B1251554545819N01139158EA007370087600000281560162
B1251564545816N01139163EA007380087600000331380162
B1251574545814N01139171EA007380087600000331200154
B1251584545813N01139179EA007390087700000381070154
B1251594545814N01139187EA007400087800000380940154
B1252004545816N01139195EA007410087900000380760154
B1252014545820N01139201EA007420088000000380580154
B1252024545826N01139206EA007430088100000420440154
B1252034545831N01139210EA007440088300000420300154
B1252044545837N01139212EA007460088500000360210154
B1252054545842N01139213EA007480088700000360120154
B1252064545847N01139211EA007490088900000373570154
B1252074545853N01139208EA007500089000000373420154
B1252084545858N01139203EA007510089000000383320154
B1252094545861N01139198EA007530089200000383220154
B1252104545864N01139191EA007540089400000343070151
B1252114545865N01139184EA007550089500000342920151
B1252124545866N01139177EA007560089600000352830151
B1252134545866N01139169EA007580089800000332740151
B1252144545865N01139163EA007590090000000292640163
B1252154545863N01139158EA007610090200000292540163
B1252164545860N01139154EA007620090200000252310162
B1252174545856N01139153EA007630090300000252080162
B1252184545852N01139153EA007640090300000271930162
B1252194545848N01139154EA007640090300000271780162
B1252204545844N01139156EA007650090300000281630162
B1252214545841N01139160EA007650090300000281480162
B1252224545838N01139165EA007650090400000301360162
B1252234545836N01139171EA007650090400000301240154
B1252244545835N01139178EA007650090400000361140154
B1252254545833N01139187EA007660090400000401040154
B1252264545832N01139195EA007660090500000401050154
B1252274545830N01139203EA007670090700000401060154
B1252284545828N01139210EA007690091000000371090154
B1252294545826N01139218EA007710091200000371120145
B1252304545825N01139224EA007730091500000301040145
B1252314545826N01139231EA007750091700000300960145
B1252324545828N01139237EA007770091800000350730145
B1252334545833N01139242EA007780091800000350500145
B1252344545839N01139244EA007790091900000400500145
B1252354545845N01139242EA007810092200000380060145
B1252364545849N01139238EA007830092400000343400145
B1252374545850N01139231EA007850092700000343120145
B1252384545849N01139226EA007860092900000282790145
B1252394545847N01139222EA007880093100000282460145
B1252404545843N01139220EA007900093200000262150145
B1252414545839N01139221EA007910093300000261840145
B1252424545835N01139224EA007920093400000311660145
B1252434545831N01139229EA007930093500000311480145
B1252444545828N01139234EA007940093600000331350145
B1252454545826N01139241EA007960093800000331220145
B1252464545826N01139249EA007980094000000351060145
B1252474545828N01139256EA008000094200000350900145
B1252484545831N01139262EA008020094500000370670145
B1252494545836N01139266EA008040094700000370440145
B1252504545841N01139267EA008060094900000350220145
B1252514545846N01139265EA008080095100000350000145
B1252524545850N01139261EA008090095300000343390145
B1252534545853N01139255EA008110095400000343180145
B1252544545854N01139248EA008130095600000312950145
B1252554545853N01139242EA008150095800000312720145
B1252564545850N01139238EA008170096100000222470145
B1252574545847N01139236EA008190096300000222220145
B1252584545843N01139235EA008210096500000272020145
B1252594545839N01139236EA008220096600000271820145
B1253004545834N01139239EA008230096600000341670145
B1253014545830N01139243EA008250096800000341520145
B1253024545827N01139248EA008270097100000291370145
B1253034545826N01139254EA008290097400000291220145
B1253044545827N01139261EA008320097600000310990145
B1253054545829N01139267EA008340097800000310760145
B1253064545833N01139273EA008360098000000360760139
B1253074545837N01139276EA008380098200000360400139
B1253084545843N01139277EA008400098400000360180139
B1253094545848N01139274EA008410098500000363560139
B1253104545852N01139269EA008420098600000363360139
B1253114545855N01139263EA008430098800000363160145
B1253124545856N01139256EA008450098900000352930145
B1253134545854N01139249EA008450098900000352700145
B1253144545850N01139243EA008460098900000392430145
B1253154545844N01139240EA008470099100000392160145
B1253164545839N01139239EA008490099400000311970145
B1253174545835N01139240EA008510099700000311780145
B1253184545831N01139241EA008530100000000261730145
B1253194545827N01139242EA008550100100000261680145
B1253204545822N01139244EA008560100200000341650145
B1253214545817N01139246EA008570100200000341620145
B1253224545812N01139248EA008580100300000341650145
B1253234545807N01139250EA008590100400000341680139
B1253244545803N01139252EA008600100600000321640139
B1253254545798N01139254EA008610100700000321600139
B1253264545793N01139256EA008630100900000321600139
B1253274545789N01139258EA008640101000000321600139
B1253284545784N01139259EA008650101100000331690139
B1253294545779N01139258EA008660101200000331780139
B1253304545774N01139258EA008680101400000321810139
B1253314545769N01139257EA008690101600000321840139
B1253324545765N01139256EA008710101800000271840139
B1253334545761N01139256EA008730101900000271840159
B1253344545756N01139256EA008740102100000301830159
B1253354545752N01139256EA008750102100000301820159
B1253364545747N01139255EA008760102200000311810159
B1253374545742N01139256EA008770102300000311800159
B1253384545737N01139256EA008780102400000311760159
B1253394545733N01139257EA008790102500000311720159
B1253404545727N01139258EA008790102500000371720159
B1253414545721N01139259EA008790102500000371720159
B1253424545716N01139260EA008790102500000391750159
B1253434545710N01139259EA008800102500000391780188
B1253444545704N01139259EA008800102600000361800188
B1253454545699N01139259EA008800102600000361820188
B1253464545693N01139258EA008800102700000371810188
B1253474545687N01139258EA008810102600000371800188
B1253484545682N01139258EA008810102600000371810188
B1253494545676N01139257EA008810102700000371820188
B1253504545670N01139257EA008800102700000401820188
B1253514545664N01139256EA008810102700000401820188
B1253524545657N01139255EA008810102800000401840234
B1253534545652N01139254EA008820102900000401860234
B1253544545648N01139252EA008830103000000261930234
B1253554545644N01139250EA008830103000000262000234
B1253564545640N01139249EA008830102900000321940234
B1253574545634N01139248EA008810102600000321880234
B1253584545628N01139248EA008790102200000441840234
B1253594545621N01139248EA008760101800000441800234
B1254004545613N01139248EA008730101400000491780234
B1254014545606N01139249EA008700101200000491760211
B1254024545599N01139250EA008690101100000471740211
B1254034545592N01139251EA008670101000000471720211
B1254044545586N01139251EA008660101000000391740211
B1254054545580N01139251EA008650100900000391760211
B1254064545575N01139250EA008640100800000371810211
B1254074545569N01139249EA008620100600000371860211
B1254084545563N01139249EA008610100400000401860211
B1254094545557N01139249EA008590100200000401820177
B1254104545550N01139249EA008570099900000441790177
B1254114545543N01139250EA008550099700000441760177
B1254124545536N01139251EA008530099500000441740177
B1254134545530N01139252EA008510099400000441720177
B1254144545524N01139253EA008500099300000391720177
B1254154545518N01139254EA008480099200000391720177
B1254164545512N01139255EA008470099000000391720138
B1254174545507N01139256EA008450098700000391720138
B1254184545501N01139256EA008430098500000401760138
B1254194545494N01139255EA008410098200000401800138
B1254204545488N01139254EA008390098000000401820138
B1254214545482N01139254EA008370097800000401840138
B1254224545476N01139254EA008350097700000391810138
B1254234545470N01139254EA008330097500000391780138
B1254244545464N01139255EA008310097300000421750138
B1254254545458N01139256EA008300097100000421720111
B1254264545451N01139257EA008280096800000431730111
B1254274545445N01139258EA008260096600000431740111
B1254284545439N01139258EA008240096500000411760111
B1254294545433N01139258EA008220096300000411780111
B1254304545426N01139258EA008200096100000401790111
B1254314545420N01139258EA008190095900000401800111
B1254324545414N01139258EA008170095700000441780111
B1254334545407N01139259EA008150095500000441760113
B1254344545401N01139259EA008130095300000431760113
B1254354545394N01139260EA008110095100000431760113
B1254364545388N01139260EA008090094900000431770113
B1254374545381N01139260EA008070094700000431780113
B1254384545375N01139260EA008050094500000431790113
B1254394545368N01139259EA008030094300000431800113
B1254404545361N01139259EA008010094100000441820110
B1254414545355N01139259EA008000093900000441800110
B1254424545348N01139259EA007980093700000421790110
B1254434545342N01139259EA007960093600000421780110
B1254444545336N01139260EA007950093400000411760110
B1254454545329N01139261EA007930093300000411740110
B1254464545323N01139262EA007910093000000441730110
B1254474545316N01139263EA007890092800000441720110
B1254484545310N01139265EA007880092600000431720112
B1254494545303N01139265EA007860092400000431720112
B1254504545297N01139266EA007840092200000421730112
B1254514545291N01139267EA007820092000000421740112
B1254524545285N01139268EA007800091800000401740111
B1254534545279N01139269EA007780091600000401740111
B1254544545273N01139269EA007750091300000421760111
B1254554545266N01139269EA007730091100000421780111
B1254564545260N01139269EA007710090900000371760109
B1254574545256N01139271EA007700090900000371740109
B1254584545253N01139273EA007690091000000231620109
B1254594545249N01139276EA007680090900000231500109
B1255004545246N01139282EA007670090700000351380109
B1255014545244N01139289EA007650090300000351260109
B1255024545243N01139299EA007630089900000481100109
B1255034545245N01139310EA007600089600000480900109
B1255044545249N01139318EA007580089400000440700109
B1255054545254N01139323EA007560089200000440500109
B1255064545259N01139327EA007550089100000370360109
B1255074545264N01139330EA007530088900000370220111
B1255084545269N01139333EA007510088700000410200111
B1255094545276N01139336EA007480088400000410200111
B1255104545283N01139339EA007460088000000520160111
B1255114545291N01139341EA007430087600000540120111
B1255124545299N01139343EA007400087300000520100111
B1255134545306N01139345EA007370087200000520100111
B1255144545313N01139347EA007350087100000450100109
B1255154545319N01139349EA007340086900000450100109
B1255164545326N01139350EA007320086700000460090109
B1255174545333N01139352EA007290086400000460080109
B1255184545341N01139353EA007260086100000510080109
B1255194545349N01139354EA007240085800000500040109
B1255204545356N01139354EA007210085500000490010109
B1255214545363N01139354EA007190085300000493580108
B1255224545370N01139353EA007160085200000453570108
B1255234545377N01139353EA007140085000000453560108
B1255244545384N01139352EA007130084800000443560108
B1255254545390N01139352EA007110084600000443560108
B1255264545397N01139351EA007090084400000453570108
B1255274545404N01139351EA007060084100000453580108
B1255284545411N01139351EA007040083900000453590108
B1255294545418N01139352EA007020083600000450000106
B1255304545424N01139352EA007000083400000450010106
B1255314545431N01139353EA006980083200000450020106
B1255324545438N01139353EA006950082900000450010106
B1255334545445N01139353EA006930082700000450000106
B1255344545452N01139354EA006910082400000480020106
B1255354545459N01139355EA006880082100000480040106
B1255364545466N01139356EA006850081900000470040125
B1255374545473N01139357EA006830081700000470040125
B1255384545480N01139357EA006810081500000450010125
B1255394545487N01139356EA006790081300000453580125
B1255404545494N01139356EA006770081100000453570125
B1255414545501N01139356EA006750080900000453560125
B1255424545508N01139355EA006730080700000483560125
B1255434545515N01139355EA006710080500000483560161
B1255444545522N01139355EA006690080300000493580161
B1255454545530N01139356EA006670080100000480000161
B1255464545537N01139357EA006660079900000480030161
B1255474545544N01139357EA006640079700000480060161
B1255484545552N01139358EA006620079500000490020161
B1255494545559N01139358EA006600079300000490000161
B1255504545567N01139360EA006580079000000530020204
B1255514545575N01139361EA006560078800000540060204
B1255524545583N01139363EA006540078600000530060204
B1255534545591N01139365EA006520078400000510080204
B1255544545598N01139367EA006510078300000510090204
B1255554545606N01139369EA006490078100000500100185
B1255564545613N01139370EA006470077900000500090205
B1255574545621N01139372EA006460077800000500080205
B1255584545628N01139374EA006450077700000490100205
B1255594545635N01139377EA006430077500000490120205
B1256004545642N01139380EA006410077300000510140205
B1256014545650N01139383EA006400077100000510160205
B1256024545657N01139386EA006380076900000490140205
B1256034545664N01139388EA006360076600000490120194
B1256044545671N01139390EA006330076400000470120194
B1256054545678N01139393EA006310076100000470120194
B1256064545686N01139394EA006290075900000490100194
B1256074545693N01139395EA006280075700000490080194
B1256084545700N01139396EA006260075600000440040194
B1256094545706N01139395EA006250075500000440000194
B1256104545713N01139395EA006230075400000453590152
B1256114545720N01139396EA006210075100000453580152
B1256124545727N01139397EA006190074900000490020152
B1256134545735N01139399EA006180074700000480060152
B1256144545741N01139401EA006170074600000450110152
B1256154545747N01139405EA006150074600000450160152
B1256164545753N01139408EA006140074400000410170152
B1256174545760N01139410EA006130074400000410180152
B1256184545766N01139411EA006120074200000440130118
B1256194545773N01139413EA006120074300000440080118
B1256204545779N01139416EA006120074300000390140118
B1256214545784N01139420EA006120074400000390200124
B1256224545788N01139424EA006130074500000370270124
B1256234545793N01139429EA006140074600000370340124
B1256244545797N01139435EA006140074600000380360124
B1256254545802N01139440EA006150074600000380380124
B1256264545807N01139445EA006150074600000410370124
B1256274545812N01139451EA006160074700000410360112
B1256284545817N01139455EA006170074800000380360112
B1256294545822N01139460EA006190075000000380340112
B1256304545827N01139466EA006200075100000400360112
B1256314545831N01139472EA006210075200000400380114
B1256324545836N01139478EA006230075300000410410114
B1256334545840N01139484EA006240075400000410440114
B1256344545844N01139490EA006250075500000370420114
B1256354545849N01139495EA006260075600000370400114
B1256364545853N01139499EA006270075600000370360114
B1256374545858N01139503EA006270075600000370320114
B1256384545864N01139506EA006280075600000400250116
B1256394545870N01139508EA006290075700000400180116
B1256404545876N01139507EA006290075900000380050116
B1256414545881N01139505EA006310076100000383520116
B1256424545886N01139502EA006320076300000343400116
B1256434545890N01139497EA006330076400000343280116
B1256444545893N01139491EA006340076500000363130116
B1256454545895N01139484EA006350076600000362980116
B1256464545896N01139477EA006360076700000302890116
B1256474545897N01139471EA006380076900000302800116
B1256484545896N01139465EA006390077100000262680114
B1256494545894N01139460EA006400077300000262560114
B1256504545892N01139455EA006420077400000292390114
B1256514545888N01139452EA006430077400000292220114
B1256524545883N01139451EA006430077500000302030114
B1256534545879N01139452EA006440077600000301840114
B1256544545875N01139454EA006450077800000271650114
B1256554545873N01139459EA006460077900000271460114
B1256564545871N01139464EA006470078000000281250114
B1256574545871N01139471EA006480078000000281040116
B1256584545872N01139477EA006480078000000310900116
B1256594545874N01139484EA006490078000000310760116
B1257004545876N01139491EA006500078000000380690116
B1257014545879N01139499EA006500078000000380620116
B1257024545881N01139506EA006510078000000360640116
B1257034545883N01139513EA006520078200000360660116
B1257044545885N01139521EA006530078300000360650114
B1257054545888N01139527EA006540078300000360640114
B1257064545892N01139534EA006540078400000370560114
B1257074545896N01139538EA006550078400000370480114
B1257084545900N01139542EA006550078500000330350114
B1257094545905N01139543EA006550078500000330220114
B1257104545911N01139543EA006550078500000360090114
B1257114545916N01139542EA006550078500000363560116
B1257124545922N01139541EA006550078400000423540116
B1257134545929N01139540EA006550078400000423520116
B1257144545936N01139540EA006550078500000443550116
B1257154545942N01139540EA006570078700000443580116
B1257164545948N01139540EA006580079000000383580116
B1257174545954N01139539EA006600079300000373560116
B1257184545959N01139536EA006620079500000353470116
B1257194545963N01139532EA006640079800000353380118
B1257204545966N01139528EA006660080000000303230118
B1257214545968N01139522EA006680080200000303080118
B1257224545969N01139517EA006700080400000232880117
B1257234545967N01139513EA006710080500000232680117
B1257244545963N01139510EA006720080600000282340117
B1257254545959N01139510EA006730080600000282000115
B1257264545954N01139513EA006740080700000341730115
B1257274545951N01139519EA006750080800000341460116
B1257284545950N01139526EA006760081000000361180116
B1257294545952N01139534EA006770081000000360900116
B1257304545955N01139541EA006780081100000380690116
B1257314545960N01139545EA006800081300000380480116
B1257324545965N01139547EA006810081500000370260118
B1257334545970N01139546EA006820081700000370040118
B1257344545976N01139542EA006830081800000393470118
B1257354545980N01139538EA006850082000000393300118
B1257364545982N01139533EA006870082300000243140118
B1257374545983N01139528EA006890082600000242980118
B1257384545981N01139524EA006900082700000232680118
B1257394545979N01139520EA006910082800000232380118
B1257404545975N01139518EA006920082800000272180118
B1257414545971N01139517EA006930082900000271980117
B1257424545966N01139519EA006940083000000311780118
B1257434545962N01139523EA006950083100000311580118
B1257444545958N01139527EA006960083200000321470116
B1257454545955N01139532EA006960083300000321360116
B1257464545951N01139537EA006970083400000341340116
B1257474545948N01139542EA006980083500000341320116
B1257484545945N01139549EA007000083700000331230116
B1257494545944N01139556EA007010083900000331140116
B1257504545945N01139563EA007030084100000340960116
B1257514545947N01139570EA007050084200000340780116
B1257524545950N01139575EA007060084200000360600116
B1257534545955N01139580EA007060084200000360440116
B1257544545960N01139584EA007060084200000390340116
B1257554545966N01139587EA007060084200000390240115
B1257564545972N01139588EA007060084200000390140115
B1257574545978N01139587EA007070084300000390040115
B1257584545984N01139587EA007070084400000423580115
B1257594545990N01139585EA007090084600000423520115
B1258004545994N01139584EA007100084900000273470115
B1258014545997N01139582EA007120085200000273420115
B1258024545999N01139578EA007140085300000223220115
B1258034546001N01139573EA007150085400000223020115
B1258044546001N01139568EA007160085400000262870115
B1258054546000N01139562EA007170085400000262720118
B1258064545997N01139556EA007180085500000322500118
B1258074545993N01139552EA007190085600000322280118
B1258084545989N01139551EA007200085800000282060118
B1258094545985N01139552EA007220086100000281840118
B1258104545982N01139556EA007230086200000311610118
B1258114545978N01139562EA007240086200000311380118
B1258124545976N01139570EA007240086200000411210115
B1258134545976N01139579EA007250086200000421040115
B1258144545978N01139587EA007250086200000370870115
B1258154545980N01139594EA007270086400000370700115
B1258164545984N01139598EA007280086600000310540115
B1258174545988N01139602EA007290086600000310380115
B1258184545993N01139605EA007290086500000410280115
B1258194546000N01139607EA007280086400000410180115
B1258204546006N01139607EA007280086400000400070115
B1258214546011N01139605EA007280086500000403560115
B1258224546017N01139602EA007280086500000373450118
B1258234546022N01139599EA007280086700000373340118
B1258244546027N01139595EA007290086800000383350118
B1258254546032N01139592EA007310087100000383360118
B1258264546036N01139590EA007330087300000283330118
B1258274546039N01139586EA007340087500000283300118
B1258284546041N01139581EA007350087500000273100118
B1258294546041N01139575EA007360087500000272900118
B1258304546040N01139569EA007350087400000312660118
B1258314546036N01139564EA007350087400000312400119
B1258324546032N01139560EA007350087400000342210119
B1258334546027N01139558EA007350087400000342020119
B1258344546021N01139558EA007360087500000361910119
B1258354546016N01139558EA007370087700000361800119
B1258364546011N01139561EA007390088000000331680118
B1258374546007N01139564EA007410088200000331560118
B1258384546004N01139570EA007420088400000331400115
B1258394546002N01139577EA007440088500000331240115
B1258404546000N01139585EA007450088500000401120115
B1258414546000N01139593EA007460088600000401000115
B1258424546001N01139601EA007470088700000360860115
B1258434546004N01139608EA007480088800000360720115
B1258444546007N01139615EA007480088700000400610115
B1258454546011N01139621EA007480088700000400500115
B1258464546016N01139628EA007480088600000440460118
B1258474546021N01139634EA007480088600000440420118
B1258484546026N01139639EA007480088700000400360118
B1258494546031N01139642EA007490088800000400300118
B1258504546037N01139643EA007490088800000380170118
B1258514546043N01139642EA007490088800000380040118
B1258524546048N01139639EA007480088700000403480118
B1258534546053N01139634EA007470088500000403320118
B1258544546057N01139627EA007460088400000383190118
B1258554546060N01139621EA007460088400000383060118
B1258564546062N01139615EA007460088500000273020121
B1258574546063N01139610EA007460088600000272980121
B1258584546064N01139605EA007470088600000262850121
B1258594546063N01139599EA007460088500000262720121
B1259004546061N01139593EA007460088400000302560118
B1259014546058N01139588EA007450088300000302400118
B1259024546053N01139583EA007450088300000382260118
B1259034546048N01139579EA007450088400000382120118
B1259044546045N01139574EA007460088600000292120118
B1259054546042N01139570EA007480088800000272200118
B1259064546038N01139567EA007490089000000272160119
B1259074546034N01139565EA007500089100000272120119
B1259084546030N01139563EA007510089100000311990119
B1259094546025N01139564EA007520089100000311860119
B1259104546020N01139566EA007520089100000321720119
B1259114546016N01139570EA007520089100000321580118
B1259124546012N01139576EA007520089100000391420118
B1259134546010N01139583EA007530089000000391260115
B1259144546007N01139591EA007530089100000381200115
B1259154546005N01139598EA007530089200000381140115
B1259164546002N01139604EA007540089300000331190115
B1259174545999N01139610EA007540089400000331240115
B1259184545997N01139616EA007550089400000321150115
B1259194545996N01139624EA007550089400000321060115
B1259204545996N01139631EA007550089300000341010115
B1259214545995N01139638EA007550089300000340960115
B1259224545995N01139645EA007550089400000320910115
B1259234545996N01139652EA007550089400000320860115
B1259244545999N01139659EA007550089300000350720115
B1259254546002N01139665EA007550089200000350580115
B1259264546006N01139671EA007550089200000370520114
B1259274546010N01139676EA007550089200000370460114
B1259284546014N01139681EA007550089200000350400119
B1259294546019N01139685EA007550089300000350340119
B1259304546024N01139688EA007550089300000410260119
B1259314546031N01139691EA007550089200000410180119
B1259324546037N01139694EA007560089300000450180119
B1259334546043N01139697EA007570089400000450180119
B1259344546049N01139701EA007580089600000380220119
B1259354546053N01139704EA007590089800000380260119
B1259364546058N01139706EA007600089900000340200119
B1259374546063N01139707EA007610090000000340140120
B1259384546069N01139707EA007620090100000330040120
B1259394546073N01139705EA007620090100000333540120
B1259404546076N01139701EA007630090200000273330120
B1259414546078N01139696EA007630090200000273120120
B1259424546077N01139690EA007630090200000282840120
B1259434546075N01139685EA007630090100000282560120
B1259444546071N01139681EA007620090000000302310120
B1259454546067N01139679EA007620090000000302060120
B1259464546062N01139680EA007610090000000311890120
B1259474546057N01139681EA007610089900000311720119
B1259484546053N01139685EA007610089900000361580119
B1259494546049N01139691EA007600089800000361440119
B1259504546046N01139698EA007600089800000391310119
B1259514546043N01139706EA007600089800000391180119
B1259524546042N01139714EA007600089800000391110119
B1259534546040N01139723EA007600089800000421040121
B1259544546038N01139731EA007600089800000411070121
B1259554546036N01139739EA007610089900000411100121
B1259564546034N01139746EA007610090000000311100121
B1259574546033N01139751EA007620090100000311100121
B1259584546033N01139757EA007630090100000270980121
B1259594546034N01139764EA007630090100000270860121
B1300004546037N01139771EA007620089900000370720126
B1300014546040N01139777EA007620089800000370580126
B1300024546045N01139782EA007620089800000360490126
B1300034546049N01139787EA007620089900000360400126
B1300044546053N01139790EA007620089900000320330126
B1300054546058N01139793EA007620089900000320260126
B1300064546064N01139795EA007620089800000390180141
B1300074546070N01139796EA007610089700000400100141
B1300084546075N01139796EA007600089600000380030141
B1300094546081N01139795EA007600089600000383560141
B1300104546087N01139794EA007600089600000403530141
B1300114546093N01139792EA007590089500000403500141
B1300124546099N01139790EA007580089400000423480141
B1300134546105N01139788EA007580089400000423460141
B1300144546111N01139785EA007580089500000373450141
B1300154546116N01139784EA007590089600000373440159
B1300164546120N01139782EA007600089800000293460159
B1300174546125N01139781EA007610090000000293480159
B1300184546129N01139779EA007620090000000303450159
B1300194546133N01139777EA007620090000000303420159
B1300204546137N01139773EA007630090000000313300159
B1300214546140N01139768EA007630090000000313180159
B1300224546141N01139762EA007630090000000273020142
B1300234546141N01139756EA007640090100000272860142
B1300244546140N01139751EA007640090100000282640142
B1300254546137N01139747EA007650090200000282420142
B1300264546134N01139745EA007650090400000232180142
B1300274546130N01139745EA007660090500000231940142
B1300284546127N01139746EA007670090500000241770142
B1300294546123N01139749EA007670090400000241600142
B1300304546120N01139753EA007660090300000301450142
B1300314546118N01139760EA007650090200000301300142
B1300324546117N01139768EA007640090000000391110159
B1300334546118N01139776EA007640089900000390920159
B1300344546119N01139784EA007630090000000350840159
B1300354546120N01139791EA007640090000000350760159
B1300364546123N01139798EA007640090100000350690159
B1300374546126N01139804EA007640090100000350620159
B1300384546129N01139810EA007640090100000350540159
B1300394546133N01139815EA007640090100000350480159
B1300404546137N01139820EA007640090100000330430166
B1300414546141N01139824EA007640090100000330380166
B1300424546145N01139827EA007640090000000330300166
B1300434546150N01139829EA007630090000000330220166
B1300444546155N01139831EA007630089900000360160166
B1300454546161N01139832EA007620089800000360100166
B1300464546166N01139833EA007610089800000350070177
B1300474546171N01139833EA007610089800000350040177
B1300484546176N01139832EA007600089700000313540177
B1300494546180N01139829EA007600089700000313440177
B1300504546185N01139825EA007590089600000343330177
B1300514546188N01139820EA007590089600000343220177
B1300524546192N01139815EA007590089600000323190173
B1300534546196N01139811EA007590089700000323160173
B1300544546199N01139805EA007590089700000343130173
B1300554546203N01139799EA007600089800000343100173
B1300564546207N01139793EA007600089800000373110173
B1300574546211N01139788EA007600089800000373120173
B1300584546215N01139783EA007600089800000363150185
B1300594546219N01139777EA007600089800000363180185
B1301004546222N01139772EA007600089800000343130185
B1301014546225N01139766EA007600089700000343080180
B1301024546227N01139759EA007590089700000332980180
B1301034546228N01139752EA007590089600000332880180
B1301044546229N01139744EA007580089600000352800180
B1301054546229N01139737EA007580089600000352740180
B1301064546228N01139730EA007580089700000332640180
B1301074546226N01139723EA007580089700000332540180
B1301084546223N01139717EA007580089700000332470180
B1301094546221N01139710EA007580089700000332400169
B1301104546218N01139704EA007590089700000332390169
B1301114546216N01139698EA007590089700000332380169
B1301124546212N01139692EA007590089700000352350169
B1301134546209N01139686EA007590089700000352320148
B1301144546205N01139680EA007590089700000352290148
B1301154546202N01139675EA007590089700000352260148
B1301164546199N01139670EA007590089700000302260148
B1301174546196N01139666EA007580089600000302260135
B1301184546192N01139662EA007570089400000292160135
B1301194546187N01139660EA007560089300000292060135
B1301204546183N01139659EA007540089100000321970135
B1301214546178N01139659EA007530089000000321880135
B1301224546173N01139659EA007530089000000291780135
B1301234546169N01139662EA007520088900000291680135
B1301244546165N01139665EA007500088700000331550135
B1301254546161N01139671EA007490088500000331420129
B1301264546158N01139679EA007470088300000421310129
B1301274546155N01139686EA007460088200000421200129
B1301284546154N01139694EA007450088200000331120129
B1301294546153N01139701EA007440088100000331040129
B1301304546153N01139709EA007430087900000400970129
B1301314546153N01139719EA007420087700000450900142
B1301324546153N01139729EA007410087500000480900142
B1301334546154N01139739EA007400087500000460880142
B1301344546154N01139748EA007400087600000410860142
B1301354546155N01139757EA007410087800000390840142
B1301364546155N01139765EA007410087800000410830142
B1301374546156N01139775EA007420087900000430820159
B1301384546157N01139784EA007430087900000420820159
B1301394546157N01139792EA007440088000000350840159
B1301404546158N01139798EA007440088200000270790159
B1301414546160N01139803EA007450088300000270740159
B1301424546163N01139808EA007460088200000310600173
B1301434546167N01139813EA007460088000000310460173
B1301444546171N01139817EA007450087900000350360177
B1301454546176N01139818EA007450087900000350260177
B1301464546181N01139817EA007440087900000330020177
B1301474546185N01139813EA007430087800000333380173
B1301484546188N01139808EA007430087800000303220173
B1301494546190N01139802EA007420087800000303060173
B1301504546190N01139795EA007420087800000302860173
B1301514546189N01139789EA007410087700000302660173
B1301524546187N01139783EA007410087600000312520173
B1301534546184N01139778EA007410087700000312380173
B1301544546182N01139774EA007420087900000212350173
B1301554546180N01139770EA007420088000000212320173
B1301564546178N01139768EA007430088200000172240173
B1301574546175N01139767EA007440088200000172160173
B1301584546172N01139766EA007440088200000241980159
B1301594546168N01139767EA007440088100000241800173
B1302004546165N01139770EA007440088100000261630173
B1302014546162N01139774EA007440088100000261460173
B1302024546159N01139779EA007430088000000321350159
B1302034546156N01139785EA007430088000000321240159
B1302044546154N01139792EA007430087900000341190159
B1302054546153N01139798EA007430087900000341140159
B1302064546153N01139805EA007430088000000301000159
B1302074546153N01139811EA007440088000000300860159
B1302084546155N01139817EA007440088000000290760166
B1302094546157N01139823EA007440088000000290660166
B1302104546161N01139828EA007430087900000350520166
B1302114546166N01139832EA007420087800000350380177
B1302124546171N01139834EA007420087700000370250177
B1302134546177N01139835EA007410087700000370120177
B1302144546181N01139833EA007410087800000333570177
B1302154546186N01139830EA007410087800000333420177
B1302164546190N01139826EA007410087800000333310177
B1302174546194N01139821EA007400087700000333200177
B1302184546197N01139815EA007400087600000343170173
B1302194546201N01139810EA007390087600000343140173
B1302204546205N01139806EA007390087500000343170173
B1302214546209N01139801EA007380087400000343200173
B1302224546214N01139797EA007370087400000353210185
B1302234546218N01139792EA007370087300000353220185
B1302244546222N01139786EA007360087200000373180185
B1302254546226N01139781EA007360087100000373140185
B1302264546230N01139775EA007360087100000373170185
B1302274546234N01139770EA007350087100000373200185
B1302284546238N01139765EA007350087000000373170180
B1302294546242N01139759EA007340087000000373140180
B1302304546246N01139753EA007340087000000353120180
B1302314546249N01139748EA007340087100000353100180
B1302324546252N01139742EA007340087100000323110180
B1302334546256N01139737EA007340087100000323120180
B1302344546261N01139733EA007340086900000403190180
B1302354546267N01139728EA007330086700000403260190
B1302364546273N01139724EA007320086600000483320190
B1302374546280N01139721EA007310086500000483380190
B1302384546287N01139719EA007310086600000453430190
B1302394546293N01139717EA007310086600000453480190
B1302404546299N01139716EA007310086700000413520170
B1302414546306N01139715EA007320086800000413520170
B1302424546312N01139715EA007320086800000423540183
B1302434546318N01139715EA007330086900000423560183
B1302444546324N01139715EA007330086900000393580183
B1302454546330N01139715EA007320086800000390000183
B1302464546336N01139715EA007320086700000420010183
B1302474546343N01139716EA007310086600000420020183
B1302484546350N01139717EA007300086400000460050202
B1302494546357N01139719EA007290086400000460080202
B1302504546364N01139720EA007290086400000470080205
B1302514546371N01139722EA007300086500000470080205
B1302524546377N01139723EA007300086700000440080205
B1302534546383N01139726EA007310086800000440080205
B1302544546389N01139728EA007320087000000370130205
B1302554546394N01139730EA007330087100000370180205
B1302564546399N01139731EA007340087100000330100205
B1302574546404N01139730EA007340087200000330020205
B1302584546408N01139727EA007340087200000333440205
B1302594546411N01139722EA007340087100000333260205
B1303004546414N01139716EA007340087100000293080223
B1303014546414N01139710EA007340087100000292900223
B1303024546412N01139705EA007330087000000262640223
B1303034546409N01139702EA007320086800000262380210
B1303044546405N01139700EA007300086600000312120210
B1303054546400N01139701EA007290086400000311860210
B1303064546396N01139704EA007280086300000321660210
B1303074546392N01139709EA007260086200000321460210
B1303084546390N01139714EA007260086100000301460210
B1303094546388N01139720EA007260086100000311200205
B1303104546386N01139727EA007260086100000331120205
B1303114546385N01139734EA007260086100000331040205
B1303124546384N01139741EA007260086200000321030205
B1303134546383N01139748EA007260086200000321020205
B1303144546384N01139755EA007260086200000350920205
B1303154546385N01139763EA007260086200000350820205
B1303164546387N01139772EA007270086200000430740234
B1303174546390N01139780EA007270086200000430660234
B1303184546394N01139787EA007270086200000420600234
B1303194546398N01139794EA007270086300000420540234
B1303204546402N01139801EA007280086300000430480234
B1303214546408N01139807EA007280086400000430420234
B1303224546413N01139812EA007290086500000410370232
B1303234546418N01139815EA007290086500000410320232
B1303244546424N01139818EA007290086500000410210262
B1303254546431N01139818EA007290086400000410100262
B1303264546437N01139818EA007280086300000440010262
B1303274546443N01139816EA007280086300000443520232
B1303284546449N01139813EA007270086200000383470232
B1303294546454N01139811EA007270086300000383420232
B1303304546459N01139808EA007270086400000343380232
B1303314546464N01139804EA007280086400000343340249
B1303324546469N01139799EA007280086400000373290249
B1303334546473N01139795EA007280086400000373240249
B1303344546478N01139790EA007280086400000383230249
B1303354546482N01139785EA007290086500000383220249
B1303364546487N01139780EA007290086600000393240249
B1303374546492N01139775EA007300086700000393260249
B1303384546497N01139770EA007310086700000393220249
B1303394546501N01139764EA007310086800000393180240
B1303404546504N01139759EA007320087000000293110240
B1303414546505N01139754EA007330087100000293040240
B1303424546505N01139748EA007340087200000302840240
B1303434546504N01139741EA007340087100000302640240
B1303444546500N01139736EA007340087000000332430240
B1303454546496N01139733EA007340087000000332220240
B1303464546491N01139734EA007350087100000321930240
B1303474546487N01139738EA007350087100000321640240
B1303484546485N01139744EA007360087200000341390240
B1303494546484N01139751EA007360087300000341140240
B1303504546485N01139759EA007370087400000370940240
B1303514546487N01139767EA007370087400000370740249
B1303524546491N01139773EA007380087400000400580249
B1303534546496N01139777EA007380087400000400420249
B1303544546502N01139780EA007380087300000410280249
B1303554546508N01139781EA007380087300000410140249
B1303564546515N01139781EA007380087300000420050261
B1303574546521N01139780EA007380087400000423560261
B1303584546526N01139779EA007380087500000363510261
B1303594546531N01139776EA007390087600000363460261
B1304004546535N01139772EA007390087700000353330261
B1304014546539N01139766EA007400087700000353200245
B1304024546542N01139759EA007400087700000353070245
B1304034546543N01139752EA007400087700000352940245
B1304044546543N01139746EA007410087800000282800245
B1304054546542N01139740EA007410087800000282660245
B1304064546540N01139736EA007400087700000282470245
B1304074546536N01139732EA007400087600000282280245
B1304084546531N01139730EA007400087600000312080245
B1304094546527N01139731EA007400087700000311880245
B1304104546523N01139735EA007410087800000271640245
B1304114546522N01139740EA007410087900000271340245
B1304124546521N01139748EA007410087800000351110245
B1304134546522N01139756EA007410087700000350880245
B1304144546525N01139764EA007410087700000410760245
B1304154546528N01139772EA007410087700000410640261
B1304164546532N01139778EA007410087700000410550261
B1304174546537N01139784EA007420087800000410460261
B1304184546542N01139790EA007420087900000410400261
B1304194546547N01139794EA007430087900000410340261
B1304204546553N01139799EA007430087800000430300261
B1304214546559N01139803EA007430087900000430260261
B1304224546565N01139806EA007430087900000450210280
B1304234546572N01139808EA007440088000000450160280
B1304244546578N01139811EA007440088000000420170280
B1304254546584N01139814EA007450088200000420180280
B1304264546588N01139816EA007460088300000320170280
B1304274546593N01139817EA007460088300000320160284
B1304284546598N01139817EA007460088200000350050284
B1304294546604N01139815EA007450088100000353540280
B1304304546609N01139812EA007440087900000403460280
B1304314546615N01139809EA007430087800000403380292
B1304324546621N01139807EA007410087600000403410292
B1304334546627N01139805EA007400087500000403440292
B1304344546633N01139804EA007390087400000413480292
B1304354546639N01139803EA007370087300000413520292
B1304364546645N01139803EA007360087000000423550292
B1304374546652N01139803EA007340086800000423580292
B1304384546658N01139803EA007320086600000433580292
B1304394546665N01139803EA007300086400000433580300
B1304404546671N01139803EA007280086200000443580300
B1304414546678N01139803EA007260086000000443580300
B1304424546685N01139802EA007250085800000473580300
B1304434546692N01139801EA007230085600000473580300
B1304444546699N01139799EA007210085500000473510300
B1304454546706N01139796EA007200085400000473440300
B1304464546713N01139795EA007180085200000443470357
B1304474546719N01139794EA007170085100000443500357
B1304484546726N01139793EA007160085000000453530357
B1304494546733N01139793EA007150084900000453560357
B1304504546739N01139793EA007140084700000453580357
B1304514546746N01139793EA007120084600000450000357
B1304524546753N01139793EA007100084400000480000357
B1304534546761N01139793EA007090084200000490000357
B1304544546768N01139793EA007070084000000490000411
B1304554546775N01139794EA007060083900000490000411
B1304564546782N01139794EA007050083900000420010411
B1304574546788N01139794EA007040083800000420020411
B1304584546794N01139794EA007030083800000423590411
B1304594546801N01139793EA007020083600000423560411
B1305004546808N01139794EA007000083300000493590411
B1305014546815N01139794EA006990083200000490020483
B1305024546823N01139795EA006980083100000470020483
B1305034546829N01139795EA006970083100000470020483
B1305044546836N01139796EA006960083100000410040483
B1305054546842N01139797EA006960083000000410060483
B1305064546849N01139798EA006940082800000460050483
B1305074546856N01139799EA006930082700000460040483
B1305084546862N01139801EA006920082600000430060519
B1305094546868N01139802EA006910082600000430080519
B1305104546874N01139803EA006910082600000370080519
B1305114546880N01139802EA006900082500000400020519
B1305134546893N01139798EA006890082400000463480519
B1305144546899N01139794EA006890082500000433410519
B1305154546905N01139790EA006900082600000433340519
B1305164546909N01139785EA006910082800000323280519
B1305174546912N01139781EA006930083100000323220552
B1305184546914N01139776EA006940083300000253040552
B1305194546914N01139770EA006960083400000252860552
B1305204546913N01139764EA006960083400000302730555
B1305214546912N01139757EA006970083400000302600555
B1305224546910N01139753EA006980083600000252440518
B1305234546907N01139750EA007000083700000252280518
B1305244546903N01139751EA007000083800000261980518
B1305254546899N01139754EA007010083800000261680518
B1305264546897N01139759EA007020083900000291450518
B1305274546895N01139765EA007020084000000291220518
B1305284546896N01139772EA007020083900000341020519
B1305294546897N01139780EA007010083700000340820519
B1305304546901N01139787EA007000083400000460650519
B1305314546907N01139794EA006980083200000460480519
B1305324546914N01139799EA006980083100000500350552
B1305334546920N01139802EA006980083200000500220552
B1305344546926N01139804EA006980083500000380150552
B1305354546932N01139805EA007000083700000380080552
B1305364546937N01139805EA007010083900000370040552
B1305374546943N01139804EA007020083900000373580552
B1305384546949N01139801EA007030084000000413490552
B1305394546954N01139798EA007040084100000413400552
B1305404546959N01139794EA007060084400000303330552
B1305414546962N01139791EA007080084700000303260578
B1305424546964N01139786EA007100084900000263130578
B1305434546966N01139780EA007120085000000263000578
B1305444546967N01139774EA007130085100000312900578
B1305454546967N01139768EA007140085200000312800578
B1305464546966N01139763EA007160085500000222640580
B1305474546964N01139759EA007180085800000222480580
B1305484546960N01139757EA007200085800000282220555
B1305494546956N01139757EA007210085900000281960555
B1305504546951N01139761EA007230086100000331700555
B1305514546948N01139766EA007250086400000331440555
B1305524546948N01139774EA007270086600000361160552
B1305534546950N01139782EA007290086800000360880552
B1305544546954N01139789EA007300086900000460630552
B1305554546961N01139793EA007310086900000460380578
B1305564546968N01139794EA007320086900000460190578
B1305574546974N01139792EA007330087100000460000578
B1305584546979N01139788EA007350087400000403420578
B1305594546983N01139782EA007370087600000403240578
B1306004546986N01139776EA007390087900000303100578
B1306014546987N01139771EA007410088100000302960578
B1306024546986N01139765EA007420088300000292750580
B1306034546984N01139759EA007430088200000292540580
B1306044546982N01139754EA007440088300000272410580
B1306054546978N01139751EA007440088400000272280580
B1306064546974N01139750EA007450088400000312030580
B1306074546969N01139752EA007450088300000311780580
B1306084546964N01139756EA007450088300000371600580
B1306094546961N01139763EA007460088400000371420580
B1306104546959N01139770EA007470088700000351220552
B1306114546959N01139777EA007490089000000351020552
B1306124546960N01139783EA007520089300000290840552
B1306134546963N01139789EA007530089400000290660578
B1306144546967N01139795EA007540089400000430520578
B1306154546974N01139800EA007540089300000430380578
B1306164546981N01139801EA007550089300000530190578
B1306174546989N01139799EA007550089400000490000578
B1306184546994N01139795EA007570089800000373410578
B1306194546997N01139790EA007590090200000373220578
B1306204546998N01139785EA007620090500000242970578
B1306214546997N01139780EA007640090700000242720578
B1306224546994N01139777EA007650090800000242430578
B1306234546990N01139776EA007660090800000242140578
B1306244546985N01139779EA007660090700000401820578
B1306254546980N01139785EA007670090700000401500578
B1306264546978N01139793EA007680090900000371260578
B1306274546979N01139801EA007700091200000371020578
B1306284546982N01139808EA007710091300000380770578
B1306294546986N01139813EA007720091300000380520578
B1306304546993N01139817EA007720091100000480330555
B1306314547001N01139818EA007710091000000510140555
B1306324547008N01139818EA007720091200000470060555
B1306334547014N01139817EA007730091500000473580564
B1306344547019N01139816EA007760091900000293540586
B1306354547023N01139815EA007790092300000293500586
B1306364547026N01139812EA007800092400000263500586
B1306374547027N01139806EA007820092300000323120586
B1306384547027N01139798EA007830092300000352820586
B1306394547025N01139792EA007840092400000352600586
B1306404547023N01139789EA007850092700000202380586
B1306414547020N01139788EA007870093000000202160586
B1306424547016N01139789EA007890093200000261890586
B1306434547012N01139792EA007910093300000261620586
B1306444547009N01139798EA007920093400000361440578
B1306454547007N01139805EA007940093500000361260578
B1306464547008N01139813EA007960093700000390980578
B1306474547011N01139820EA007970093900000390700564
B1306484547017N01139824EA007980093900000440450564
B1306494547024N01139826EA007990093900000440200564
B1306504547031N01139825EA008000093900000490050564
B1306514547038N01139822EA008010094200000493500564
B1306524547043N01139819EA008030094600000323390564
B1306534547045N01139815EA008060095000000323280586
B1306544547046N01139811EA008080095200000182990586
B1306554547044N01139808EA008090095200000182700586
B1306564547040N01139805EA008100095200000302320586
B1306574547035N01139806EA008100095200000301940586
B1306584547032N01139809EA008110095400000301690586
B1306594547029N01139813EA008130095700000301440586
B1307004547028N01139819EA008160096100000271160564
B1307014547030N01139825EA008180096200000270880564
B1307024547033N01139831EA008190096200000340710564
B1307034547036N01139837EA008200096300000340540564
B1307044547041N01139842EA008210096500000400440564
B1307054547046N01139846EA008220096500000400340564
B1307064547053N01139849EA008240096600000450220564
B1307074547059N01139848EA008250096800000450100564
B1307084547065N01139845EA008270097000000373500575
B1307094547068N01139841EA008290097200000373300575
B1307104547070N01139836EA008300097400000223070575
B1307114547069N01139832EA008320097600000222840575
B1307124547067N01139829EA008330097600000202480575
B1307134547063N01139829EA008340097700000202120575
B1307144547060N01139832EA008350097800000301790564
B1307154547056N01139836EA008360097900000301460564
B1307164547055N01139841EA008380098200000261270564
B1307174547055N01139847EA008400098500000261080564
B1307184547056N01139854EA008420098700000350890564
B1307194547058N01139862EA008430098700000350700564
B1307204547062N01139869EA008450098800000430590542
B1307214547067N01139875EA008460099000000430480542
B1307224547074N01139879EA008480099100000450340542
B1307234547080N01139881EA008490099300000450200542
B1307244547086N01139881EA008510099500000380090542
B1307254547091N01139880EA008520099700000383580542
B1307264547095N01139876EA008530099900000353420542
B1307274547099N01139871EA008540099900000353260542
B1307284547101N01139865EA008550099900000313080575
B1307294547102N01139859EA008550099900000312900575
B1307304547101N01139855EA008550099900000222690575
B1307314547099N01139852EA008550099900000222480575
B1307324547095N01139850EA008550099800000252230575
B1307334547091N01139848EA008540099600000251980575
B1307344547087N01139845EA008540099600000271990575
B1307354547084N01139844EA008540099700000272000575
B1307364547080N01139843EA008550099800000222000575
B1307374547077N01139842EA008560100000000211920575
B1307384547074N01139841EA008570100200000201890575
B1307394547071N01139841EA008580100300000201860575
B1307404547068N01139842EA008590100400000191710575
B1307414547066N01139845EA008600100500000191560575
B1307424547064N01139851EA008600100500000331290575
B1307434547065N01139859EA008600100400000331020575
B1307444547066N01139867EA008600100300000390840542
B1307454547070N01139874EA008600100400000390660542
B1307464547074N01139879EA008600100400000380510542
B1307474547079N01139883EA008600100300000380360542
B1307484547086N01139886EA008600100300000480230542
B1307494547094N01139887EA008610100300000500100542
B1307504547101N01139887EA008620100500000460060542
B1307514547107N01139888EA008640100900000460020542
B1307524547112N01139890EA008660101200000330090556
B1307534547117N01139892EA008670101400000330160556
B1307544547122N01139892EA008680101300000360060556
B1307554547128N01139891EA008680101100000363560556
B1307564547135N01139889EA008670100900000463530556
B1307574547142N01139889EA008660100700000463500556
B1307584547149N01139889EA008640100600000433570556
B1307594547155N01139891EA008630100500000430040556
B1308004547161N01139892EA008610100300000440050591
B1308014547168N01139893EA008590099800000440060591
B1308024547177N01139893EA008550099300000560020591
B1308034547186N01139893EA008520098900000593580591
B1308044547194N01139893EA008490098600000590000591
B1308054547203N01139893EA008470098500000550020591
B1308064547211N01139894EA008450098400000510020619
B1308074547218N01139893EA008440098400000513580619
B1308084547226N01139893EA008420098300000523580619
B1308094547234N01139893EA008410098100000553580619
B1308104547243N01139893EA008390097900000573580619
B1308114547251N01139893EA008380097700000570000619
B1308124547259N01139893EA008360097600000540000619
B1308134547267N01139894EA008350097600000490020638
B1308144547274N01139894EA008350097700000450010638
B1308154547281N01139894EA008350097700000450000638
B1308164547288N01139893EA008340097500000473580638
B1308174547295N01139893EA008330097400000473560638
B1308184547302N01139893EA008320097300000473590638
B1308194547309N01139894EA008320097400000470020638
B1308204547315N01139895EA008320097400000410030677
B1308214547322N01139895EA008320097400000410040677
B1308224547329N01139896EA008310097300000480030677
B1308234547337N01139896EA008300097100000520020677
B1308244547344N01139896EA008300097000000520010677
B1308254547352N01139897EA008290097000000490000677
B1308264547359N01139899EA008290097100000460050677
B1308274547366N01139901EA008290097100000460100732
B1308284547373N01139902EA008290097100000470070732
B1308294547380N01139902EA008290097000000470040732
B1308304547388N01139902EA008280096900000500000732
B1308314547395N01139903EA008270096900000500000732
B1308324547403N01139903EA008270096800000500020732
B1308334547410N01139904EA008260096800000500040732
B1308344547418N01139905EA008260096800000520040769
B1308354547426N01139906EA008260096700000530040769
B1308364547433N01139907EA008260096700000500040769
B1308374547441N01139908EA008260096800000470040769
B1308384547447N01139908EA008260096900000430000769
B1308394547454N01139906EA008260096900000433560769
B1308404547460N01139904EA008260096900000443500769
B1308414547467N01139901EA008260096800000443440798
B1308424547474N01139898EA008250096700000463410798
B1308434547480N01139894EA008250096600000463380798
B1308444547487N01139891EA008250096600000483410798
B1308454547495N01139890EA008250096700000493440798
B1308464547502N01139889EA008260096800000513520798
B1308474547510N01139890EA008270096800000530000798
B1308484547518N01139891EA008270096900000520040824
B1308494547526N01139893EA008280097000000500060824
B1308504547533N01139895EA008290097100000500070824
B1308514547540N01139897EA008290097100000500080824
B1308524547548N01139899EA008300097100000520100824
B1308534547556N01139903EA008300097100000520140824
B1308544547563N01139907EA008310097100000500180844
B1308554547569N01139912EA008310097200000500220844
B1308564547575N01139918EA008320097300000500290841
B1308574547581N01139925EA008330097400000500360841
B1308584547587N01139931EA008340097500000510350841
B1308594547594N01139938EA008360097600000510340841
B1309004547600N01139944EA008370097800000470350841
B1309014547604N01139950EA008390098100000470360841
B1309024547609N01139958EA008410098300000440440841
B1309034547612N01139966EA008430098500000440520848
B1309044547616N01139975EA008460098700000440580828
B1309054547618N01139983EA008480098900000440640828
B1309064547619N01139991EA008500099200000340700828
B1309074547620N01139997EA008520099500000340760828
B1309084547620N01140004EA008530099600000280840828
B1309094547619N01140009EA008540099700000280920828
B1309104547617N01140012EA008540099700000181140828
B1309114547615N01140013EA008550099600000181360828
B1309124547613N01140012EA008540099600000161650828
B1309134547611N01140010EA008550099600000161940828
B1309144547611N01140006EA008550099700000192320828
B1309154547612N01140002EA008560099800000192700828
B1309164547615N01139998EA008560099800000292960828
B1309174547619N01139994EA008560099800000293220828
B1309184547625N01139991EA008560099800000383280828
B1309194547630N01139987EA008570099900000383340828
B1309204547636N01139983EA008580100000000413350828
B1309214547642N01139980EA008590100200000413360828
B1309224547648N01139978EA008610100500000433410828
B1309234547655N01139977EA008630100800000433460828
B1309244547661N01139978EA008660101000000423570840
B1309254547667N01139981EA008680101200000420080840
B1309264547672N01139985EA008690101300000410220840
B1309274547676N01139992EA008710101400000410360840
B1309284547680N01139999EA008710101400000410490840
B1309294547682N01140008EA008720101400000410620840
B1309304547683N01140016EA008720101400000390700840
B1309314547684N01140024EA008730101500000390780821
B1309324547686N01140031EA008740101700000310780821
B1309334547687N01140036EA008750101900000260720821
B1309344547687N01140041EA008760102000000210800821
B1309354547686N01140045EA008770102100000210880821
B1309364547684N01140047EA008780102100000171210821
B1309374547681N01140047EA008780102000000171540821
B1309384547679N01140047EA008780102100000161680821
B1309394547677N01140046EA008790102200000161820821
B1309404547676N01140043EA008800102400000152140821
B1309414547676N01140039EA008810102500000152460821
B1309424547677N01140033EA008820102600000282680821
B1309434547679N01140028EA008830102700000282900821
B1309444547682N01140023EA008840103000000323010821
B1309454547686N01140017EA008860103100000323120821
B1309464547690N01140012EA008870103200000393140840
B1309474547695N01140007EA008890103400000393160840
B1309484547700N01140003EA008900103600000393290840
B1309494547706N01140003EA008910103700000393420840
B1309504547713N01140006EA008920103700000440010853
B1309514547718N01140011EA008930103700000440200853
B1309524547722N01140018EA008930103600000430380850
B1309534547725N01140027EA008930103600000430560850
B1309544547727N01140035EA008920103500000420620850
B1309554547730N01140044EA008930103600000420680850
B1309564547732N01140051EA008940103700000360670850
B1309574547734N01140057EA008950104000000360660850
B1309584547734N01140063EA008970104200000230770850
B1309594547733N01140067EA008980104200000230880852
B1310004547731N01140071EA008990104300000221100852
B1310014547728N01140075EA009000104400000221320852
B1310024547726N01140079EA009010104700000241310852
B1310034547724N01140082EA009030104900000241300852
B1310044547722N01140085EA009050105100000151300852
B1310054547720N01140087EA009060105300000151300852
B1310064547718N01140086EA009070105300000171600852
B1310074547715N01140084EA009080105200000171900852
B1310084547713N01140082EA009080105300000182060852
B1310094547712N01140079EA009090105400000182220852
B1310104547711N01140076EA009100105600000162430852
B1310114547712N01140071EA009110105700000162640852
B1310124547715N01140065EA009110105700000342840850
B1310134547718N01140059EA009120105600000343040850
B1310144547723N01140054EA009120105700000383150850
B1310154547728N01140050EA009130105800000383260850
B1310164547734N01140046EA009130105900000413290850
B1310174547740N01140042EA009140106000000413320850
B1310184547745N01140038EA009150106100000433330850
B1310194547752N01140035EA009160106200000433340850
B1310204547758N01140033EA009170106300000413430850
B1310214547764N01140033EA009180106400000413520884
B1310224547770N01140035EA009190106400000430020884
B1310234547777N01140038EA009200106400000430120884
B1310244547783N01140043EA009210106600000450200884
B1310254547789N01140048EA009220106700000450280884
B1310264547794N01140054EA009230106800000450320884
B1310274547799N01140059EA009240106900000450360884
B1310284547801N01140065EA009240107000000290490884
B1310294547802N01140071EA009240106900000290620880
B1310304547801N01140076EA009240106700000270870880
B1310314547798N01140081EA009230106600000271120880
B1310324547795N01140082EA009220106500000221380880
B1310334547792N01140083EA009220106600000221640880
B1310344547789N01140083EA009230106800000181740880
B1310354547787N01140084EA009240107000000181720880
B1310364547784N01140084EA009260107200000201740880
B1310374547781N01140083EA009270107400000201760880
B1310384547779N01140080EA009290107600000192090880
B1310394547779N01140074EA009300107700000192420880
B1310404547781N01140068EA009310107700000342670880
B1310414547784N01140061EA009320107700000342920884
B1310424547789N01140055EA009330107900000443080884
B1310434547796N01140051EA009340108000000443240884
B1310444547802N01140049EA009350108100000453370884
B1310454547809N01140049EA009360108300000453500884
B1310464547816N01140051EA009380108400000450020910
B1310474547822N01140055EA009390108500000450140910
B1310484547827N01140059EA009410108700000370230910
B1310494547830N01140064EA009420108800000370320910
B1310504547832N01140069EA009420108800000250510908
B1310514547832N01140075EA009420108600000250700908
B1310524547832N01140080EA009410108400000270870908
B1310534547830N01140085EA009400108300000271040908
B1310544547827N01140089EA009390108300000281230908
B1310554547823N01140091EA009400108500000281420908
B1310564547820N01140090EA009410108700000201690908
B1310574547817N01140089EA009420108900000201960908
B1310584547816N01140088EA009440109100000111920908
B1310594547814N01140088EA009450109300000111880908
B1311004547811N01140088EA009460109400000161850908
B1311014547809N01140086EA009470109400000161820880
B1311024547807N01140082EA009470109300000242120880
B1311034547806N01140077EA009470109300000242420880
B1311044547804N01140071EA009470109400000252460880
B1311054547803N01140067EA009480109500000252500880
B1311064547801N01140063EA009480109600000222410884
B1311074547798N01140059EA009490109700000222320884
B1311084547795N01140055EA009500109800000262250884
B1311094547792N01140052EA009520109900000262180884
B1311104547790N01140049EA009530110100000232190884
B1311114547787N01140045EA009550110400000232200884
B1311124547784N01140041EA009580110600000262220884
B1311134547781N01140037EA009600110900000262240884
B1311144547779N01140033EA009620111100000232280884
B1311154547778N01140029EA009650111400000232320884
B1311164547777N01140024EA009670111800000202440884
B1311174547776N01140020EA009700112100000202560884
B1311184547776N01140016EA009730112400000202590890
B1311194547776N01140012EA009760112700000202620890
B1311204547776N01140007EA009790112900000192700890
B1311214547777N01140003EA009810113200000192780890
B1311224547779N01139999EA009840113500000262900890
B1311234547782N01139994EA009860113700000263020890
B1311244547785N01139989EA009890113900000313090890
B1311254547789N01139985EA009910114200000313160890
B1311264547792N01139980EA009940114500000333160890
B1311274547796N01139975EA009960114700000333160890
B1311284547802N01139973EA009990115000000393320890
B1311294547808N01139973EA010010115200000393480890
B1311304547815N01139976EA010030115400000460020910
B1311314547821N01139979EA010060115700000460160910
B1311324547825N01139985EA010090116100000380310910
B1311334547829N01139992EA010120116400000380460910
B1311344547831N01139998EA010160116800000340460910
B1311354547832N01140005EA010190117100000300640910
B1311364547832N01140012EA010220117400000280850910
B1311374547829N01140017EA010240117600000281060910
B1311384547826N01140021EA010270117800000321300910
B1311394547822N01140025EA010290118100000321400910
B1311404547819N01140027EA010320118500000201500910
B1311414547816N01140027EA010360119000000201600910
B1311424547813N01140026EA010400119300000191760910
B1311434547811N01140025EA010430119700000191920910
B1311444547809N01140023EA010470120100000132120884
B1311454547809N01140020EA010500120400000132320884
B1311464547810N01140016EA010530120600000232610890
B1311474547812N01140011EA010550120700000232900910
B1311484547815N01140006EA010570121000000283040910
B1311494547819N01140003EA010600121200000283180910
B1311504547824N01140002EA010620121500000353350910
B1311514547829N01140002EA010650121800000353520910
B1311524547835N01140005EA010680122000000390060910
B1311534547840N01140009EA010710122300000390200910
B1311544547843N01140015EA010740122600000340390910
B1311554547844N01140022EA010770123000000340580910
B1311564547845N01140028EA010800123300000310700910
B1311574547846N01140035EA010820123500000310820910
B1311584547847N01140042EA010850123800000320800910
B1311594547847N01140049EA010880124200000320780910
B1312004547845N01140055EA010910124400000300990910
B1312014547842N01140060EA010930124600000301200910
B1312024547839N01140065EA010950124800000281280910
B1312034547836N01140068EA010980125200000281360908
B1312044547833N01140069EA011000125500000171500908
B1312054547831N01140068EA011030125800000171640908
B1312064547829N01140066EA011050126000000211930910
B1312074547827N01140062EA011070126200000212220910
B1312084547827N01140057EA011090126400000232450910
B1312094547827N01140052EA011110126600000232680910
B1312104547829N01140048EA011130126900000232830910
B1312114547831N01140043EA011160127200000232980910
B1312124547834N01140040EA011180127400000293090910
B1312134547838N01140036EA011200127600000293200910
B1312144547843N01140034EA011220127800000343320910
B1312154547848N01140033EA011250128200000343440910
B1312164547853N01140033EA011280128500000353540910
B1312174547859N01140035EA011310128800000350040910
B1312184547864N01140038EA011340129100000380150930
B1312194547869N01140043EA011360129400000380260930
B1312204547873N01140048EA011390129700000360350930
B1312214547876N01140053EA011420130000000360440930
B1312224547879N01140059EA011450130300000320520930
B1312234547880N01140066EA011470130500000320600930
B1312244547881N01140073EA011500130700000350720928
B1312254547881N01140081EA011510130800000350840928
B1312264547881N01140089EA011530131000000370880928
B1312274547880N01140097EA011550131200000370920928
B1312284547878N01140103EA011570131500000291050928
B1312294547876N01140107EA011580131700000291180928
B1312304547872N01140111EA011600131800000281330928
B1312314547868N01140114EA011610131900000281480928
B1312324547865N01140116EA011630132100000221540928
B1312334547862N01140116EA011640132300000221600928
B1312344547859N01140115EA011660132500000211760908
B1312354547856N01140114EA011670132600000211920908
B1312364547853N01140111EA011680132600000222050908
B1312374547851N01140107EA011680132700000222180908
B1312384547849N01140101EA011690132700000282180908
B1312394547849N01140095EA011690132700000292540908
B1312404547849N01140088EA011690132700000302630908
B1312414547849N01140082EA011700132800000302720908
B1312424547849N01140076EA011720133000000272740908
B1312434547851N01140070EA011740133300000272760908
B1312444547854N01140066EA011760133500000303020910
B1312454547859N01140064EA011780133700000303280910
B1312464547864N01140062EA011800133900000353370930
B1312474547869N01140061EA011830134200000353460930
B1312484547874N01140060EA011850134500000303490930
B1312494547878N01140060EA011880134900000303520930
B1312504547883N01140061EA011910135200000340010930
B1312514547889N01140064EA011930135400000340100930
B1312524547894N01140067EA011960135600000420170928
B1312534547900N01140071EA011990135800000420240928
B1312544547904N01140076EA012010136200000360340928
B1312554547907N01140082EA012040136400000360440928
B1312564547909N01140088EA012060136600000320540928
B1312574547911N01140095EA012070136700000320640944
B1312584547913N01140103EA012080136700000390680944
B1312594547914N01140111EA012090136700000390720944
B1313004547916N01140119EA012100136800000360750954
B1313014547916N01140127EA012110137000000360780954
B1313024547916N01140134EA012120137100000320860954
B1313034547915N01140140EA012130137300000320940954
B1313044547914N01140147EA012150137400000291020954
B1313054547912N01140152EA012160137600000291100954
B1313064547910N01140157EA012170137800000271170936
B1313074547907N01140161EA012180138000000271240936
B1313084547903N01140164EA012200138100000281440936
B1313094547899N01140164EA012210138100000281640936
B1313104547895N01140163EA012210138200000281780936
B1313114547891N01140160EA012220138200000281920936
B1313124547888N01140157EA012220138300000232090936
B1313134547886N01140152EA012220138200000232260936
B1313144547885N01140147EA012220138100000292380936
B1313154547883N01140140EA012210138000000292500936
B1313164547882N01140134EA012210138000000302490936
B1313174547880N01140128EA012210138000000302480936
B1313184547879N01140122EA012230138200000282490936
B1313194547878N01140117EA012250138500000282500936
B1313204547877N01140113EA012270138900000162540928
B1313214547877N01140110EA012300139300000162580928
B1313224547877N01140107EA012320139400000162680928
B1313234547878N01140103EA012340139500000162780928
B1313244547881N01140098EA012350139500000292950928
B1313254547884N01140094EA012350139500000293120928
B1313264547889N01140092EA012360139600000333300928
B1313274547895N01140093EA012370139700000333480928
B1313284547900N01140095EA012370139700000420030928
B1313294547906N01140100EA012380139800000420180928
B1313304547910N01140106EA012400139900000400340928
B1313314547912N01140114EA012410140100000400500944
B1313324547913N01140123EA012420140200000420720954
B1313334547913N01140131EA012430140300000420860954
B1313344547911N01140139EA012450140500000350980954
B1313354547908N01140145EA012460140700000351100936
B1313364547905N01140150EA012480140900000321270936
B1313374547900N01140152EA012490141100000321440936
B1313384547896N01140152EA012510141200000261640936
B1313394547893N01140150EA012520141500000261840936
B1313404547890N01140147EA012540141700000222020936
B1313414547889N01140143EA012560142000000222240936
B1313424547888N01140139EA012580142200000222440936
B1313434547888N01140133EA012600142200000222640936
B1313444547890N01140128EA012610142300000272820936
B1313454547893N01140124EA012610142300000273000936
B1313464547897N01140119EA012620142400000343100936
B1313474547901N01140115EA012620142300000343200928
B1313484547904N01140111EA012620142400000263200928
B1313494547908N01140108EA012630142400000263200928
B1313504547912N01140106EA012630142400000303330944
B1313514547917N01140107EA012630142300000303460944
B1313524547922N01140110EA012630142300000380080944
B1313534547926N01140116EA012630142300000380300944
B1313544547929N01140123EA012640142500000370480954
B1313554547930N01140130EA012660142700000370660954
B1313564547930N01140138EA012670142800000360780954
B1313574547929N01140146EA012680142900000360900954
B1313584547928N01140154EA012680143000000381010954
B1313594547925N01140161EA012690143000000381120954
B1314004547921N01140167EA012700143100000361230967
B1314014547917N01140171EA012710143300000361340967
B1314024547913N01140175EA012720143500000281410967
B1314034547909N01140177EA012740143700000281480944
B1314044547905N01140178EA012750143800000291600944
B1314054547900N01140178EA012760143900000291720944
B1314064547896N01140179EA012770144000000311740944
B1314074547891N01140179EA012780144100000311760944
B1314084547887N01140177EA012790144200000261880944
B1314094547884N01140174EA012800144200000262000944
B1314104547882N01140169EA012790144100000262230944
B1314114547882N01140163EA012790144100000262460936
B1314124547882N01140158EA012790144000000252580936
B1314134547882N01140152EA012780144000000252700936
B1314144547881N01140146EA012780143900000302640936
B1314154547879N01140139EA012770143700000302580936
B1314164547877N01140133EA012760143600000332470936
B1314174547874N01140128EA012750143500000332360936
B1314184547872N01140123EA012750143500000262370936
B1314194547870N01140118EA012740143500000262380936
B1314204547868N01140114EA012730143500000222380928
B1314214547866N01140109EA012720143300000222380928
B1314224547864N01140103EA012700142900000362380928
B1314234547860N01140096EA012670142500000362380908
B1314244547857N01140088EA012640142100000422360908
B1314254547853N01140081EA012610141800000422340908
B1314264547851N01140073EA012590141600000392380908
B1314274547848N01140066EA012560141400000392420910
B1314284547845N01140059EA012540141300000382400910
B1314294547842N01140052EA012530141100000382380910
B1314304547838N01140045EA012510140900000402350910
B1314314547835N01140038EA012490140700000402320910
B1314324547832N01140031EA012470140500000382360910
B1314334547829N01140024EA012450140300000382400910
B1314344547826N01140016EA012440140200000382440910
B1314354547823N01140009EA012420140000000382400910
B1314364547820N01140002EA012400139800000372380910
B1314374547817N01139996EA012390139600000372360910
B1314384547814N01139989EA012370139500000362360910
B1314394547811N01139982EA012350139300000362360910
B1314404547808N01139975EA012330139100000392360890
B1314414547806N01139967EA012320138900000402400890
B1314424547803N01139960EA012300138700000402400895
B1314434547799N01139953EA012290138700000402400895
B1314444547796N01139947EA012280138600000362320895
B1314454547792N01139942EA012270138600000362240895
B1314464547788N01139936EA012260138400000352270895
B1314474547785N01139930EA012240138200000352300895
B1314484547782N01139923EA012220137900000392320895
B1314494547778N01139915EA012200137600000402340909
B1314504547775N01139908EA012180137400000392350909
B1314514547772N01139902EA012150137200000392360909
B1314524547769N01139895EA012130137000000362350909
B1314534547766N01139889EA012110136800000362340909
B1314544547763N01139882EA012090136600000372350909
B1314554547760N01139875EA012070136300000372360886
B1314564547757N01139869EA012050136100000352370886
B1314574547755N01139862EA012030135900000352380887
B1314584547752N01139856EA012010135800000322380887
B1314594547749N01139851EA012000135600000322380887
B1315004547747N01139846EA011980135500000302340887
B1315014547744N01139840EA011950135200000302300887
B1315024547740N01139834EA011930134800000372310887
B1315034547737N01139827EA011900134400000372320887
B1315044547733N01139820EA011870134100000412340887
B1315054547730N01139813EA011840133900000412360874
B1315064547727N01139808EA011830133900000292320874
B1315074547725N01139803EA011820133900000292280874
B1315084547723N01139798EA011820134000000262360874
B1315094547722N01139793EA011820134100000262440874
B1315104547720N01139788EA011820134200000232470874
B1315114547719N01139784EA011830134400000232500874
B1315124547719N01139780EA011850134600000162510874
B1315134547718N01139777EA011860134800000162520874
B1315144547717N01139772EA011870134800000222520874
B1315154547716N01139767EA011880134900000222520874
B1315164547715N01139762EA011890135000000222540860
B1315174547714N01139759EA011910135200000222560860
B1315184547712N01139757EA011930135500000182260860
B1315194547708N01139758EA011950135600000181960859
B1315204547704N01139763EA011960135600000361660859
B1315214547701N01139770EA011980135700000361360862
B1315224547700N01139778EA012000136000000421150862
B1315234547701N01139788EA012020136300000450940862
B1315244547704N01139797EA012040136500000480740862
B1315254547709N01139804EA012060136700000480580862
B1315264547715N01139810EA012080136900000490400874
B1315274547722N01139811EA012100137000000490220874
B1315284547728N01139810EA012100137100000400030874
B1315294547733N01139806EA012110137200000403440874
B1315304547736N01139801EA012120137300000283230874
B1315314547737N01139796EA012130137400000283020874
B1315324547737N01139791EA012130137400000252880874
B1315334547738N01139785EA012140137500000252740874
B1315344547740N01139780EA012160137700000252850874
B1315354547742N01139776EA012170137900000252960874
B1315364547743N01139771EA012190138200000202940874
B1315374547743N01139767EA012210138400000202920874
B1315384547741N01139764EA012220138500000212570860
B1315394547737N01139763EA012230138500000212220860
B1315404547732N01139763EA012240138500000391950860
B1315414547727N01139767EA012250138600000391680874
B1315424547723N01139774EA012270138900000381440874
B1315434547721N01139781EA012290139300000381240874
B1315444547721N01139788EA012320139600000351040874
B1315454547723N01139796EA012350139900000350840874
B1315464547726N01139803EA012370140000000440660874
B1315474547732N01139809EA012390140100000440480874
B1315484547738N01139812EA012400140200000450310874
B1315494547744N01139812EA012420140400000450140874
B1315504547749N01139810EA012430140600000313550874
B1315514547752N01139807EA012440140700000313360874
B1315524547753N01139803EA012460140900000193070874
B1315534547752N01139799EA012470141000000192780874
B1315544547749N01139797EA012480141000000252420874
B1315554547745N01139796EA012490141100000252060874
B1315564547741N01139798EA012500141300000301800874
B1315574547737N01139803EA012520141500000301540874
B1315584547735N01139810EA012530141600000401290874
B1315594547735N01139819EA012550141700000431040887
B1316004547737N01139828EA012560141800000430860887
B1316014547741N01139835EA012580142000000430660887
B1316024547747N01139840EA012590142100000440460887
B1316034547753N01139843EA012600142200000440260887
B1316044547759N01139842EA012610142300000370060887
B1316054547763N01139838EA012620142500000373460908
B1316064547766N01139834EA012630142600000253280908
B1316074547768N01139831EA012640142700000253100908
B1316084547769N01139828EA012650142900000153020908
B1316094547769N01139824EA012660143000000152940908
B1316104547768N01139820EA012670142900000242680908
B1316114547765N01139815EA012670142800000242420895
B1316124547763N01139810EA012670142900000242390895
B1316134547762N01139806EA012680143100000242360895
B1316144547761N01139802EA012690143300000192410895
B1316154547759N01139798EA012700143400000192460874
B1316164547758N01139793EA012700143300000282440874
B1316174547756N01139787EA012700143200000282420874
B1316184547753N01139781EA012700143200000332400874
B1316194547750N01139775EA012700143200000332380874
B1316204547748N01139770EA012710143400000272340874
B1316214547745N01139766EA012710143500000272300860
B1316224547743N01139760EA012720143600000322320860
B1316234547740N01139754EA012720143500000322340860
B1316244547737N01139747EA012720143300000392350860
B1316254547733N01139740EA012710143300000392360860
B1316264547731N01139734EA012710143300000342370860
B1316274547728N01139727EA012710143300000342380860
B1316284547725N01139721EA012710143400000352350860
B1316294547721N01139715EA012720143400000352320848
B1316304547717N01139709EA012720143400000372290848
B1316314547713N01139704EA012720143500000372260848
B1316324547709N01139699EA012730143500000332230852
B1316334547706N01139694EA012730143600000332200852
B1316344547702N01139689EA012730143600000342200852
B1316354547698N01139684EA012740143600000342200852
B1316364547695N01139678EA012740143600000302270852
B1316374547693N01139673EA012740143700000302340852
B1316384547692N01139669EA012740143700000222380852
B1316394547690N01139664EA012740143800000222420842
B1316404547688N01139660EA012740143700000252390842
B1316414547686N01139655EA012730143600000252360842
B1316424547684N01139650EA012730143400000272360842
B1316434547682N01139645EA012720143300000262420842
B1316444547681N01139640EA012710143300000252430842
B1316454547679N01139635EA012710143200000252440842
B1316464547677N01139631EA012700143200000242370842
B1316474547674N01139627EA012690143100000242300842
B1316484547671N01139623EA012680143000000272270842
B1316494547668N01139618EA012670142700000272240842
B1316504547664N01139611EA012640142300000422270835
B1316514547660N01139604EA012620141900000422300848
B1316524547656N01139597EA012600141800000392290848
B1316534547652N01139592EA012580141800000392280848
B1316544547648N01139587EA012580141900000322220848
B1316554547644N01139583EA012580141900000322160848
B1316564547640N01139578EA012570141800000342180848
B1316574547637N01139573EA012550141600000342200848
B1316584547634N01139566EA012540141300000372300833
B1316594547631N01139559EA012520141100000372400833
B1317004547629N01139552EA012510141000000362400833
B1317014547626N01139545EA012490140900000362400833
B1317024547623N01139540EA012480140900000312360833
B1317034547621N01139534EA012470140800000312320833
B1317044547618N01139529EA012470140800000302330833
B1317054547615N01139523EA012460140600000302340833
B1317064547613N01139518EA012450140500000322360833
B1317074547610N01139512EA012440140400000322380802
B1317084547608N01139506EA012430140300000302380802
B1317094547606N01139500EA012420140300000302380802
B1317104547604N01139495EA012410140200000292390802
B1317114547601N01139489EA012400140100000292400802
B1317124547599N01139483EA012390139900000332380802
B1317134547596N01139477EA012380139800000332360802
B1317144547593N01139471EA012370139700000322360802
B1317154547591N01139465EA012360139700000322360772
B1317164547588N01139460EA012350139600000272350772
B1317174547586N01139455EA012340139400000272340772
B1317184547583N01139450EA012330139200000332340772
B1317194547580N01139444EA012320139100000332340772
B1317204547578N01139438EA012320139200000282340772
B1317214547575N01139434EA012320139300000282340772
B1317224547573N01139430EA012320139400000252340772
B1317234547571N01139424EA012320139300000252340772
B1317244547569N01139419EA012310139200000312370772
B1317254547566N01139413EA012300138900000312400727
B1317264547563N01139407EA012280138700000332370727
B1317274547560N01139401EA012270138600000332340725
B1317284547557N01139396EA012260138500000312320725
B1317294547554N01139391EA012250138500000312300725
B1317304547552N01139385EA012240138400000312320725
B1317314547549N01139379EA012230138200000312340725
B1317324547546N01139373EA012220138100000342370725
B1317334547544N01139366EA012200137900000342400687
B1317344547542N01139359EA012190137700000342420687
B1317354547540N01139353EA012170137600000342440687
B1317364547538N01139346EA012160137400000342430687
B1317374547535N01139340EA012140137300000342420687
B1317384547533N01139333EA012130137100000362400687
B1317394547530N01139326EA012110137000000362380687
B1317404547527N01139319EA012100136900000352390687
B1317414547525N01139313EA012090136800000352400675
B1317424547522N01139307EA012080136700000322380675
B1317434547519N01139301EA012070136700000322360675
B1317444547516N01139296EA012060136600000332340675
B1317454547514N01139289EA012050136400000332340675
B1317464547511N01139282EA012040136200000382370675
B1317474547508N01139275EA012030136100000382400639
B1317484547505N01139267EA012010136000000372420642
B1317494547503N01139260EA012000135900000372400642
B1317504547500N01139254EA012000135900000372380642
B1317514547496N01139247EA011990135800000372360642
B1317524547493N01139240EA011980135700000392370642
B1317534547491N01139232EA011970135600000382380642
B1317544547488N01139225EA011960135500000362410642
B1317554547486N01139219EA011960135500000362440642
B1317564547484N01139212EA011950135500000342430660
B1317574547481N01139205EA011950135400000342420660
B1317584547479N01139199EA011940135300000362420660
B1317594547477N01139192EA011930135100000362420660
B1318004547474N01139185EA011920135100000322410660
B1318014547472N01139180EA011910135000000322400660
B1318024547470N01139174EA011900134900000302390660
B1318034547467N01139168EA011890134700000302380660
B1318044547465N01139161EA011880134500000342420677
B1318054547463N01139155EA011860134400000342460677
B1318064547461N01139148EA011850134200000342430677
B1318074547458N01139142EA011840134100000342400629
B1318084547456N01139136EA011830134100000342380629
B1318094547453N01139129EA011820133900000342360629
B1318104547450N01139123EA011800133800000352360629
B1318114547447N01139116EA011790133600000352360642
B1318124547445N01139110EA011780133500000352380642
B1318134547442N01139103EA011760133300000352400642
B1318144547440N01139096EA011740133100000352410642
B1318154547437N01139089EA011720132800000352420642
B1318164547435N01139082EA011700132600000362420642
B1318174547432N01139075EA011680132400000362420642
B1318184547430N01139068EA011660132200000372420642
B1318194547428N01139061EA011650132100000372420655
B1318204547425N01139054EA011630131900000362420655
B1318214547422N01139047EA011620131800000362420655
B1318224547420N01139040EA011600131600000382430655
B1318234547418N01139032EA011590131500000382440655
B1318244547415N01139025EA011580131400000382430655
B1318254547412N01139018EA011570131300000382420655
B1318264547409N01139011EA011560131200000372390621
B1318274547406N01139004EA011550131000000372360621
B1318284547403N01138998EA011530130900000362370621
B1318294547401N01138991EA011520130700000362380621
B1318304547399N01138984EA011500130600000342410621
B1318314547396N01138977EA011490130400000342440621
B1318324547394N01138971EA011470130300000332440621
B1318334547392N01138964EA011460130100000332440640
B1318344547390N01138957EA011440129900000372430640
B1318354547387N01138950EA011420129600000372420640
B1318364547385N01138943EA011400129400000382440640
B1318374547382N01138935EA011380129300000372460640
B1318384547380N01138928EA011370129200000372480640
B1318394547379N01138920EA011360129100000352500640
B1318404547377N01138913EA011340129000000342480660
B1318414547374N01138907EA011330128800000342460660
B1318424547371N01138900EA011310128600000362400660
B1318434547368N01138894EA011290128300000362360660
B1318444547365N01138887EA011270128100000362350660
B1318454547362N01138881EA011250128000000362340660
B1318464547359N01138875EA011240127800000332350623
B1318474547356N01138869EA011230127800000332360623
B1318484547353N01138864EA011210127600000302310652
B1318494547350N01138859EA011200127500000302260652
B1318504547347N01138853EA011180127200000362270652
B1318514547343N01138847EA011160126900000362280652
B1318524547339N01138840EA011140126700000402300652
B1318534547336N01138833EA011120126500000402320652
B1318544547332N01138827EA011100126400000352300652
B1318554547329N01138822EA011090126400000352280652
B1318564547326N01138816EA011080126300000302320678
B1318574547324N01138810EA011070126100000302360678
B1318584547321N01138803EA011050125800000382380678
B1318594547318N01138796EA011020125500000382400678
B1319004547314N01138788EA011000125200000412380678
B1319014547311N01138781EA010980125000000412340678
B1319024547307N01138774EA010970124900000382330647
B1319034547304N01138768EA010950124800000382320647
B1319044547301N01138762EA010940124700000342330682
B1319054547298N01138756EA010920124600000342340682
B1319064547295N01138749EA010910124500000352350682
B1319074547292N01138743EA010900124300000352360682
B1319084547289N01138736EA010880124100000382370682
B1319094547286N01138729EA010870123900000382380682
B1319104547283N01138722EA010850123800000352380682
B1319114547281N01138716EA010840123800000352380717
B1319124547278N01138710EA010830123700000322370717
B1319134547275N01138704EA010820123500000322360717
B1319144547273N01138697EA010810123400000362380717
B1319154547270N01138690EA010790123100000362400717
B1319164547267N01138684EA010780123000000352390717
B1319174547265N01138677EA010760122800000352380717
B1319184547263N01138672EA010750122800000302390717
B1319194547261N01138666EA010740122700000302400741
B1319204547258N01138661EA010730122600000302390702
B1319214547256N01138655EA010720122400000302380702
B1319224547253N01138648EA010700122200000372380702
B1319234547250N01138641EA010680121900000372400702
B1319244547248N01138634EA010660121800000352410702
B1319254547246N01138627EA010650121800000352420702
B1319264547243N01138621EA010640121700000322430702
B1319274547241N01138615EA010630121600000322440714
B1319284547239N01138608EA010610121300000362420714
B1319294547236N01138601EA010590121100000362400714
B1319304547232N01138594EA010570120800000412370714
B1319314547229N01138587EA010550120500000412340714
B1319324547225N01138579EA010530120400000412340714
B1319334547223N01138571EA010510120200000422380714
B1319344547220N01138562EA010500120100000422440723
B1319354547217N01138554EA010490120100000412460723
B1319364547214N01138547EA010490120100000382410723
B1319374547211N01138541EA010490120200000382360723
B1319384547208N01138536EA010480120300000322300673
B1319394547204N01138531EA010480120300000322240673
B1319404547201N01138525EA010480120100000362260673
B1319414547198N01138519EA010470119900000362280673
B1319424547195N01138512EA010450119700000322360691
B1319434547193N01138507EA010440119600000322440691
B1319444547192N01138501EA010430119500000272430691
B1319454547190N01138496EA010410119400000272420691
B1319464547187N01138491EA010390119200000302410691
B1319474547185N01138484EA010370118900000302400691
B1319484547183N01138478EA010350118600000332430691
B1319494547181N01138471EA010330118400000332460691
B1319504547179N01138466EA010330118400000272420708
B1319514547177N01138462EA010320118600000272380708
B1319524547175N01138458EA010320118600000222320708
B1319534547172N01138455EA010320118500000222260708
B1319544547170N01138450EA010300118300000262330708
B1319554547169N01138444EA010290118100000262400708
B1319564547168N01138437EA010270117800000332510708
B1319574547168N01138430EA010250117600000332620708
B1319584547167N01138424EA010240117600000292580708
B1319594547166N01138418EA010240117600000292540708
B1320004547164N01138413EA010230117600000252520737
B1320014547163N01138408EA010230117500000252500737
B1320024547161N01138402EA010220117400000302480737
B1320034547160N01138396EA010200117200000302460688
B1320044547158N01138389EA010190117000000322490688
B1320054547157N01138383EA010180116900000322520688
B1320064547155N01138377EA010170116800000282520688
B1320074547154N01138371EA010160116700000282480688
B1320084547152N01138365EA010140116600000292480710
B1320094547151N01138359EA010130116400000292480710
B1320104547149N01138353EA010120116200000312480710
B1320114547147N01138347EA010100116000000312480710
B1320124547146N01138341EA010080115800000302480710
B1320134547144N01138334EA010060115700000302480710
B1320144547142N01138328EA010050115500000312470710
B1320154547141N01138322EA010030115300000312460710
B1320164547139N01138315EA010010115100000332480727
B1320174547137N01138309EA009990114900000332500727
B1320184547135N01138302EA009970114600000332490727
B1320194547134N01138295EA009950114400000332480727
B1320204547132N01138288EA009930114200000332510727
B1320214547131N01138282EA009910114000000332540727
B1320224547130N01138276EA009900114000000232550727
B1320234547130N01138272EA009890114000000232560727
B1320244547129N01138268EA009880113900000192540748
B1320254547128N01138264EA009860113700000192520748
B1320264547126N01138259EA009840113400000262480748
B1320274547124N01138255EA009830113200000262440748
B1320284547121N01138253EA009810113100000222160748
B1320294547117N01138255EA009800113000000221880748
B1320304547114N01138259EA009790112800000331640748
B1320314547110N01138264EA009770112600000331400724
B1320324547107N01138271EA009750112400000381270695
B1320334547106N01138280EA009740112200000421140695
B1320344547107N01138290EA009720112000000470960695
B1320354547110N01138299EA009700111800000500780695
B1320364547114N01138309EA009680111500000510620727
B1320374547118N01138317EA009670111400000510540727
B1320384547121N01138326EA009650111300000460560710
B1320394547124N01138336EA009640111100000460640710
B1320404547126N01138346EA009630110900000490680710
B1320414547129N01138357EA009600110600000550700710
B1320424547133N01138368EA009570110200000610680710
B1320434547137N01138381EA009550109800000650660688
B1320444547142N01138393EA009520109500000650620688
B1320454547146N01138405EA009510109500000630600688
B1320464547151N01138416EA009500109500000570580688
B1320474547156N01138426EA009500109700000530560669
B1320484547160N01138436EA009500109700000540540669
B1320494547165N01138446EA009500109700000560540708
B1320504547170N01138456EA009500109600000570540708
B1320514547174N01138467EA009490109400000590560708
B1320524547179N01138478EA009480109300000610600691
B1320534547183N01138490EA009470109100000590620691
B1320544547187N01138501EA009460109000000570620691
B1320554547191N01138512EA009440108900000590620691
B1320564547196N01138524EA009420108600000640600673
B1320574547201N01138536EA009400108200000670580673
B1320584547206N01138548EA009370107800000660580673
B1320594547212N01138559EA009350107700000620580723
B1321004547217N01138570EA009340107600000560540714
B1321014547222N01138579EA009330107700000530520714
B1321024547226N01138589EA009320107600000530540714
B1321034547230N01138598EA009310107500000550540714
B1321044547235N01138609EA009290107200000590580714
B1321054547240N01138620EA009270106800000640560702
B1321064547246N01138633EA009240106500000680560702
B1321074547251N01138645EA009220106100000690560702
B1321084547256N01138658EA009200105900000650580702
B1321094547261N01138669EA009180105900000580580717
B1321104547265N01138679EA009170105900000540580717
B1321114547270N01138688EA009160105800000550560717
B1321124547274N01138699EA009140105600000590560717
B1321134547279N01138711EA009130105300000630580717
B1321144547284N01138722EA009110105100000640580682
B1321154547290N01138733EA009090104800000610560682
B1321164547295N01138744EA009060104500000570540682
B1321174547300N01138753EA009040104300000560520682
B1321184547305N01138763EA009020104200000570520682
B1321194547310N01138773EA009000104000000570520647
B1321204547315N01138783EA008990103900000550540678
B1321214547320N01138792EA008980103800000540540678
B1321224547325N01138801EA008960103700000540520678
B1321234547330N01138811EA008950103500000560520678
B1321244547335N01138821EA008940103400000570520652
B1321254547340N01138830EA008930103200000570520652
B1321264547346N01138840EA008910103100000560520652
B1321274547351N01138849EA008910103000000550500652
B1321284547356N01138858EA008900103000000550480652
B1321294547361N01138867EA008900103000000520480684
B1321304547365N01138876EA008890103100000480520660
B1321314547369N01138884EA008900103100000480540660
B1321324547374N01138893EA008890103000000490540660
B1321334547378N01138901EA008880102900000490520660
B1321344547383N01138910EA008870102700000500520660
B1321354547387N01138919EA008860102400000520540640
B1321364547391N01138928EA008840102200000530560640
B1321374547396N01138938EA008820102000000530560640
B1321384547400N01138947EA008800101800000510560640
B1321394547404N01138957EA008780101700000500560640
B1321404547408N01138966EA008770101500000510580640
B1321414547411N01138976EA008750101200000540600669
B1321424547415N01138987EA008730101000000550620669
B1321434547419N01138998EA008710100800000550620669
B1321444547422N01139008EA008690100700000520640669
B1321454547425N01139018EA008680100600000500640655
B1321464547429N01139028EA008670100600000510640655
B1321474547432N01139038EA008660100400000520640655
B1321484547435N01139049EA008650100300000530640655
B1321494547439N01139059EA008640100100000540640655
B1321504547442N01139070EA008620099900000560620642
B1321514547446N01139081EA008610099800000550620642
B1321524547450N01139091EA008600099700000530640642
B1321534547453N01139101EA008590099600000520620642
B1321544547456N01139112EA008580099500000520640642
B1321554547459N01139122EA008570099300000530660629
B1321564547462N01139132EA008560099200000510680677
B1321574547465N01139143EA008550099200000500680677
B1321584547467N01139153EA008540099100000500680677
B1321594547470N01139163EA008530099000000510660677
B1322004547473N01139173EA008520098900000530660660
B1322014547476N01139184EA008510098800000540680660
B1322024547479N01139195EA008500098600000550680660
B1322034547483N01139206EA008490098500000540660660
B1322044547487N01139216EA008480098400000530640660
B1322054547491N01139226EA008470098300000520600642
B1322064547494N01139235EA008460098200000510580642
B1322074547498N01139245EA008440098100000510600642
B1322084547502N01139255EA008430097900000510620642
B1322094547505N01139265EA008420097700000510620642
B1322104547508N01139275EA008400097600000510640639
B1322114547510N01139285EA008390097500000500680639
B1322124547512N01139296EA008380097300000490740675
B1322134547513N01139306EA008360097200000490780675
B1322144547513N01139317EA008350097000000500820675
B1322154547514N01139328EA008330096800000510840687
B1322164547514N01139339EA008310096500000530860687
B1322174547514N01139351EA008290096300000540860687
B1322184547514N01139362EA008280096200000510880687
B1322194547514N01139372EA008270096200000430900725
B1322204547514N01139380EA008270096400000370900725
B1322214547514N01139388EA008280096500000370900725
B1322224547515N01139395EA008280096600000340850725
B1322234547516N01139403EA008290096600000340800725
B1322244547516N01139410EA008290096600000330850725
B1322254547515N01139417EA008280096500000330900725
B1322264547514N01139424EA008270096400000340960758
B1322274547513N01139432EA008260096200000341020758
B1322284547512N01139440EA008250096000000391010758
B1322294547511N01139448EA008230095900000391000758
B1322304547510N01139457EA008220095800000390980726
B1322314547509N01139466EA008210095700000390980726
B1322324547509N01139474EA008210095800000390960750
B1322334547508N01139483EA008210095800000400940750
B1322344547508N01139491EA008200095700000400920750
B1322354547508N01139500EA008200095600000400900750
B1322364547508N01139508EA008180095500000390900750
B1322374547508N01139517EA008170095300000390920750
B1322384547508N01139525EA008160095200000400860769
B1322394547510N01139534EA008150095100000420800769
B1322404547511N01139543EA008140095100000430760804
B1322414547511N01139552EA008130095000000400800804
B1322424547511N01139561EA008120094900000390880804
B1322434547511N01139569EA008110094800000390900812
B1322444547512N01139578EA008100094600000420860812
B1322454547512N01139588EA008080094400000450840812
B1322464547511N01139597EA008070094200000450900812
B1322474547510N01139607EA008050094100000420960784
B1322484547509N01139615EA008040094000000370960784
B1322494547509N01139623EA008040094000000370960794
B1322504547509N01139631EA008030093900000380930794
B1322514547508N01139639EA008020093800000380900794
B1322524547508N01139648EA008010093700000380920794
B1322534547508N01139655EA008000093600000380900794
B1322544547509N01139663EA008000093600000360850794
B1322554547510N01139671EA007990093400000360800808
B1322564547512N01139680EA007970093200000440740842
B1322574547515N01139689EA007950092900000460700842
B1322584547517N01139699EA007930092600000460680842
B1322594547520N01139708EA007910092500000440680842
B1323004547523N01139716EA007890092300000430670842
B1323014547525N01139725EA007880092200000430660850
B1323024547529N01139733EA007870092100000460620850
B1323034547532N01139742EA007860092000000470580850
B1323044547536N01139751EA007850091900000450580850
B1323054547539N01139759EA007840091900000450620850
B1323064547542N01139767EA007830091900000400610846
B1323074547544N01139774EA007830091800000400600846
B1323084547547N01139782EA007820091700000400640846
B1323094547548N01139791EA007800091400000440680846
B1323104547549N01139801EA007780091100000470760846
B1323114547550N01139811EA007760090800000480820846
B1323124547551N01139821EA007740090600000460840836
B1323134547552N01139831EA007720090400000440820836
B1323144547554N01139840EA007700090400000430760836
B1323154547556N01139848EA007690090300000430720836
B1323164547558N01139857EA007680090200000420680836
B1323174547562N01139865EA007670090100000420640854
B1323184547565N01139872EA007660089900000420640844
B1323194547568N01139880EA007640089700000440580844
B1323204547571N01139888EA007620089500000440570844
B1323214547575N01139896EA007610089300000440560844
B1323224547579N01139904EA007600089200000430530844
B1323234547583N01139911EA007590089100000430500844
B1323244547587N01139919EA007570089000000460510841
B1323254547591N01139927EA007570088900000460520841
B1323264547595N01139936EA007560088800000470560841
B1323274547599N01139945EA007550088800000450580841
B1323284547602N01139953EA007550088800000440570841
B1323294547606N01139960EA007550088800000440560841
B1323304547611N01139967EA007550088800000450520828
B1323314547615N01139975EA007550088800000450480828
B1323324547618N01139982EA007550088800000400540828
B1323334547621N01139990EA007550088700000400600828
B1323344547624N01139998EA007540088600000420600828
B1323354547627N01140006EA007540088600000420600828
B1323364547631N01140015EA007530088600000460600828
B1323374547633N01140024EA007540088600000430620806
B1323384547636N01140032EA007540088800000390640806
B1323394547638N01140039EA007550089000000390660806
B1323404547641N01140046EA007560089100000390600806
B1323414547645N01140054EA007560089000000390540806
B1323424547649N01140061EA007560089000000440520806
B1323434547654N01140068EA007560089000000440500786
B1323444547658N01140075EA007560089000000410500786
B1323454547661N01140082EA007560089000000410500812
B1323464547665N01140088EA007570089100000380480812
B1323474547669N01140094EA007570089200000380460812
B1323484547673N01140099EA007580089200000380460812
B1323494547677N01140105EA007570089100000380460812
B1323504547681N01140111EA007560088900000360460812
B1323514547684N01140117EA007560088800000360460810
B1323524547688N01140123EA007540088700000380470810
B1323534547692N01140129EA007530088500000380480810
B1323544547696N01140135EA007520088400000410450810
B1323554547701N01140141EA007510088300000410420810
B1323564547704N01140148EA007500088200000370460810
B1323574547707N01140154EA007490088200000370500810
B1323584547710N01140161EA007490088100000370560810
B1323594547712N01140168EA007470088000000370620833
B1324004547714N01140175EA007460087800000350650833
B1324014547716N01140183EA007450087700000350680833
B1324024547718N01140190EA007430087500000380700833
B1324034547719N01140199EA007420087200000390720833
B1324044547720N01140207EA007400087000000390780833
B1324054547720N01140215EA007380086800000390840833
B1324064547719N01140224EA007360086700000390920818
B1324074547719N01140232EA007350086600000390940818
B1324084547718N01140241EA007330086400000380940818
B1324094547718N01140249EA007320086300000380940818
B1324104547717N01140258EA007310086100000380980818
B1324114547715N01140265EA007290086000000381040818
B1324124547713N01140273EA007280085900000371070823
B1324134547711N01140280EA007270085900000371100823
B1324144547710N01140288EA007260085800000371070777
B1324154547708N01140296EA007260085700000371040777
B1324164547707N01140303EA007250085700000351040777
B1324174547705N01140311EA007240085600000351040777
B1324184547704N01140319EA007240085500000381050787
B1324194547702N01140327EA007230085500000381060787
B1324204547701N01140334EA007230085400000361060787
B1324214547699N01140342EA007220085500000361040787
B1324224547698N01140350EA007220085400000371030787
B1324234547697N01140358EA007210085300000371020787
B1324244547696N01140366EA007200085100000391000787
B1324254547695N01140375EA007180085000000390980795
B1324264547694N01140383EA007170084800000391020795
B1324274547692N01140391EA007160084700000391060795
B1324284547690N01140399EA007150084600000391070795
B1324294547688N01140407EA007140084500000391080795
B1324304547687N01140415EA007130084500000391030795
B1324314547686N01140424EA007120084400000410980794
B1324324547685N01140433EA007110084200000420960794
B1324334547684N01140442EA007090084100000410980794
B1324344547682N01140450EA007080083900000391020794
B1324354547680N01140458EA007070083800000391060794
B1324364547679N01140467EA007060083700000421060780
B1324374547678N01140476EA007050083600000411020780
B1324384547677N01140484EA007040083600000371000780
B1324394547676N01140491EA007030083600000370980780
B1324404547675N01140499EA007030083500000370970780
B1324414547674N01140508EA007020083300000400960780
B1324424547674N01140517EA007010083200000430980775
B1324434547673N01140526EA007000083200000420980775
B1324444547672N01140535EA007000083300000410980775
B1324454547671N01140543EA007010083400000410980775
B1324464547670N01140551EA007020083700000350960775
B1324474547670N01140559EA007040083900000350940775
B1324484547669N01140566EA007050084000000340980775
B1324494547667N01140572EA007070084200000341020792
B1324504547665N01140578EA007080084300000301130792
B1324514547662N01140582EA007080084200000301240792
B1324524547657N01140585EA007080084200000291440746
B1324534547653N01140584EA007080084200000291640746
B1324544547649N01140582EA007080084100000301870746
B1324554547646N01140577EA007080084200000302100746
B1324564547645N01140570EA007080084300000312390746
B1324574547647N01140564EA007080084300000312680730
B1324584547650N01140559EA007080084200000332950730
B1324594547655N01140555EA007080084300000333220730
B1325004547660N01140552EA007080084200000353270730
B1325014547664N01140547EA007080084200000353320775
B1325024547667N01140542EA007080084300000353200775
B1325034547671N01140536EA007090084300000353080775
B1325044547673N01140530EA007090084400000333050775
B1325054547675N01140524EA007100084500000333020775
B1325064547676N01140519EA007100084600000232900775
B1325074547676N01140514EA007100084600000232780780
B1325084547675N01140510EA007100084500000202590780
B1325094547672N01140508EA007090084300000202400780
B1325104547668N01140507EA007070084000000282110780
B1325114547664N01140509EA007050083700000281820780
B1325124547660N01140515EA007030083400000401820734
B1325134547657N01140523EA007000083200000421280730
B1325144547656N01140531EA006990083000000391110730
B1325154547656N01140539EA006980083000000390940730
B1325164547656N01140547EA006970083000000360910730
B1325174547655N01140556EA006960082900000410880730
B1325184547654N01140565EA006960082800000430980730
B1325194547653N01140573EA006950082700000431000746
B1325204547651N01140581EA006950082800000341040746
B1325214547650N01140588EA006950082900000341080746
B1325224547649N01140595EA006960083000000361030746
B1325234547648N01140603EA006960083000000360980746
B1325244547648N01140612EA006960082900000410940746
B1325254547648N01140621EA006970083000000400920747
B1325264547648N01140629EA006980083200000360870747
B1325274547649N01140637EA007000083500000360820747
B1325284547650N01140644EA007010083700000330810747
B1325294547651N01140651EA007030083800000330800747
B1325304547651N01140659EA007030083700000380850747
B1325314547651N01140668EA007030083600000410900741
B1325324547651N01140677EA007030083600000420900741
B1325334547652N01140686EA007030083600000400840741
B1325344547653N01140694EA007040083800000350830741
B1325354547653N01140701EA007050083900000350820741
B1325364547654N01140708EA007060084000000330820741
B1325374547655N01140715EA007060084000000330820741
B1325384547656N01140723EA007060083900000380770735
B1325394547658N01140731EA007060083900000380720735
B1325404547659N01140738EA007060083900000340790735
B1325414547658N01140745EA007060083900000340860735
B1325424547655N01140750EA007060083900000291100735
B1325434547652N01140752EA007060083900000291340735
B1325444547648N01140751EA007060083900000271650735
B1325454547644N01140748EA007060083900000271960735
B1325464547642N01140741EA007050083800000332220735
B1325474547641N01140734EA007050083800000332480735
B1325484547641N01140728EA007050083800000312630735
B1325494547643N01140721EA007050083800000312780735
B1325504547645N01140714EA007050083800000352880741
B1325514547648N01140708EA007050083800000352980741
B1325524547651N01140701EA007050083800000383000741
B1325534547654N01140694EA007050083900000383020741
B1325544547657N01140686EA007050083900000383020741
B1325554547660N01140679EA007050083900000383000741
B1325564547663N01140672EA007050083900000382980781
B1325574547665N01140664EA007060084000000392960793
B1325584547668N01140657EA007070084100000382950793
B1325594547670N01140650EA007080084300000382940793
B1326004547673N01140642EA007090084500000372940793
B1326014547675N01140636EA007110084700000372980793
B1326024547678N01140631EA007130085000000302980793
B1326034547680N01140625EA007140085200000283060793
B1326044547681N01140619EA007160085300000282940793
B1326054547680N01140613EA007170085400000282720792
B1326064547678N01140609EA007180085400000272490792
B1326074547674N01140606EA007190085500000272260792
B1326084547670N01140605EA007190085500000272030792
B1326094547666N01140607EA007190085500000271800792
B1326104547662N01140613EA007200085500000371550792
B1326114547660N01140620EA007200085400000371300747
B1326124547660N01140627EA007210085600000361050747
B1326134547662N01140634EA007220085800000360800793
B1326144547665N01140641EA007240086000000390640793
B1326154547669N01140647EA007250086200000390480793
B1326164547674N01140652EA007270086500000360450793
B1326174547677N01140658EA007290086700000360420793
B1326184547680N01140664EA007310086900000320500793
B1326194547682N01140670EA007330087100000320580781
B1326204547683N01140676EA007340087200000290690781
B1326214547683N01140682EA007350087300000290800781
B1326224547681N01140688EA007360087300000280800781
B1326234547678N01140692EA007370087300000291140781
B1326244547674N01140694EA007370087200000291440781
B1326254547670N01140692EA007370087200000291740781
B1326264547667N01140689EA007370087300000281970781
B1326274547663N01140685EA007370087400000282200781
B1326284547660N01140681EA007380087500000282170741
B1326294547656N01140678EA007380087600000282140741
B1326304547652N01140675EA007390087700000282130741
B1326314547649N01140671EA007400087800000282120741
B1326324547645N01140668EA007410087900000292100741
B1326334547641N01140665EA007420088000000292080747
B1326344547636N01140661EA007420088000000342080747
B1326354547632N01140658EA007430088100000342080747
B1326364547629N01140655EA007450088400000262100747
B1326374547626N01140652EA007460088600000262120747
B1326384547624N01140648EA007480088800000232230747
B1326394547623N01140643EA007490088800000232340747
B1326404547623N01140636EA007500088800000342580747
B1326414547626N01140629EA007510088900000342820747
B1326424547630N01140624EA007510089000000353010747
B1326434547634N01140620EA007520089100000353200747
B1326444547639N01140619EA007540089300000323380747
B1326454547644N01140620EA007550089400000323560747
B1326464547648N01140624EA007560089500000330150747
B1326474547652N01140629EA007570089500000330340747
B1326484547655N01140636EA007580089500000370460747
B1326494547657N01140643EA007590089600000370580747
B1326504547657N01140649EA007610089800000260750747
B1326514547656N01140653EA007620090000000260920747
B1326524547653N01140657EA007630090100000241150747
B1326534547650N01140660EA007640090200000241380747
B1326544547646N01140660EA007640090200000291580747
B1326554547641N01140659EA007650090200000291780747
B1326564547637N01140658EA007650090200000311850747
B1326574547632N01140656EA007660090300000311920747
B1326584547628N01140655EA007670090500000291930747
B1326594547624N01140653EA007680090700000291940747
B1327004547620N01140652EA007690090900000271930747
B1327014547616N01140651EA007700091000000271920747
B1327024547611N01140650EA007710091100000281890747
B1327034547607N01140649EA007720091200000281860685
B1327044547603N01140647EA007730091300000311930685
B1327054547598N01140643EA007740091300000312000685
B1327064547595N01140640EA007740091400000282100685
B1327074547592N01140636EA007750091500000282200685
B1327084547589N01140631EA007760091600000262220685
B1327094547586N01140628EA007760091600000262240685
B1327104547582N01140624EA007760091600000302170685
B1327114547579N01140622EA007770091600000302100685
B1327124547575N01140622EA007770091700000241930685
B1327134547572N01140624EA007770091800000241760685
B1327144547569N01140627EA007770091700000261520685
B1327154547567N01140633EA007770091700000261280685
B1327164547567N01140639EA007770091600000311060685
B1327174547569N01140646EA007760091500000310840685
B1327184547573N01140652EA007760091400000360650685
B1327194547577N01140657EA007750091400000360460685
B1327204547581N01140661EA007750091400000340360685
B1327214547586N01140663EA007750091500000340260685
B1327224547592N01140663EA007750091400000400130685
B1327234547598N01140662EA007750091400000400000685
B1327244547604N01140660EA007750091400000443480685
B1327254547611N01140657EA007750091400000443440747
B1327264547617N01140655EA007750091400000433440747
B1327274547623N01140653EA007750091500000433440747
B1327284547630N01140651EA007760091600000433450747
B1327294547636N01140649EA007760091500000433460747
B1327304547643N01140645EA007760091500000473430747
B1327314547650N01140642EA007760091500000473400747
B1327324547656N01140638EA007760091600000433400747
B1327334547662N01140635EA007770091700000433400793
B1327344547666N01140631EA007790092000000343320793
B1327354547670N01140626EA007800092200000343240793
B1327364547672N01140619EA007810092200000363090793
B1327374547674N01140612EA007820092300000362940792
B1327384547676N01140605EA007830092400000342930792
B1327394547679N01140599EA007840092500000342920792
B1327404547681N01140592EA007840092400000352920792
B1327414547682N01140585EA007830092300000352920792
B1327424547682N01140577EA007830092100000362780792
B1327434547681N01140570EA007820092000000362640792
B1327444547678N01140563EA007800091800000332510775
B1327454547675N01140557EA007790091700000332380775
B1327464547672N01140550EA007780091600000382350775
B1327474547669N01140543EA007770091400000382320775
B1327484547665N01140535EA007760091400000452360775
B1327494547662N01140526EA007760091400000422380775
B1327504547660N01140519EA007770091700000362440730
B1327514547658N01140513EA007790092000000362500734
B1327524547656N01140508EA007810092400000242370734
B1327534547653N01140506EA007830092600000242240734
B1327544547649N01140505EA007850092700000282040734
B1327554547644N01140505EA007860092800000281840734
B1327564547641N01140508EA007870092800000261640734
B1327574547639N01140513EA007880092900000261440734
B1327584547639N01140518EA007880092800000271100730
B1327594547642N01140523EA007880092700000270760730
B1328004547646N01140526EA007880092600000340470730
B1328014547652N01140526EA007870092600000340180730
B1328024547657N01140523EA007860092500000383550730
B1328034547662N01140518EA007860092500000383320775
B1328044547665N01140511EA007860092600000393190780
B1328054547669N01140504EA007870092700000393060780
B1328064547672N01140498EA007870092800000363050780
B1328074547675N01140491EA007880093000000363040780
B1328084547676N01140483EA007890093000000372960780
B1328094547676N01140475EA007900093200000382820780
B1328104547675N01140467EA007920093300000352660780
B1328114547673N01140461EA007930093500000352520794
B1328124547669N01140456EA007950093800000302340794
B1328134547665N01140454EA007970094000000302160794
B1328144547661N01140455EA007990094100000281920794
B1328154547658N01140458EA008000094200000281680735
B1328164547656N01140463EA008010094200000301390735
B1328174547655N01140470EA008010094200000301100734
B1328184547657N01140477EA008020094200000340890734
B1328194547660N01140484EA008020094200000340680734
B1328204547664N01140488EA008020094200000360500780
B1328214547669N01140491EA008020094200000360320780
B1328224547676N01140491EA008020094100000430140780
B1328234547682N01140489EA008020094100000433560780
B1328244547687N01140486EA008030094300000393560780
B1328254547692N01140482EA008040094500000383340780
B1328264547698N01140478EA008050094600000393340780
B1328274547703N01140475EA008060094800000393340780
B1328284547709N01140473EA008070094900000383400780
B1328294547714N01140471EA008090095200000383460812
B1328304547718N01140469EA008110095500000283410812
B1328314547721N01140466EA008130095700000283360825
B1328324547724N01140461EA008150095900000293150825
B1328334547725N01140454EA008170096000000292940825
B1328344547724N01140448EA008170096000000312740825
B1328354547721N01140442EA008180096000000312540825
B1328364547717N01140438EA008190096100000372280825
B1328374547711N01140435EA008200096300000372060825
B1328384547706N01140434EA008220096500000321950794
B1328394547702N01140434EA008250096900000321840794
B1328404547698N01140437EA008280097300000261670794
B1328414547695N01140441EA008300097500000261500794
B1328424547693N01140446EA008330097700000291300794
B1328434547693N01140452EA008350097900000291100794
B1328444547696N01140458EA008360098000000310810794
B1328454547700N01140462EA008380098100000310520794
B1328464547704N01140464EA008390098200000330320794
B1328474547709N01140464EA008410098300000330120794
B1328484547714N01140461EA008420098500000363500825
B1328494547718N01140455EA008430098600000363280825
B1328504547719N01140448EA008450098800000363020825
B1328514547718N01140440EA008470099100000342760825
B1328524547717N01140433EA008490099400000332600825
B1328534547714N01140427EA008520099800000332440825
B1328544547710N01140423EA008550100100000302290794
B1328554547706N01140421EA008580100400000302140794
B1328564547702N01140421EA008600100700000281940794
B1328574547698N01140422EA008620100800000281740794
B1328584547695N01140424EA008640101000000251610794
B1328594547692N01140429EA008660101100000251480794
B1329004547691N01140434EA008670101200000291230794
B1329014547692N01140441EA008670101100000290980794
B1329024547694N01140447EA008680101100000350750794
B1329034547699N01140452EA008680101100000350520794
B1329044547704N01140455EA008680101100000390340794
B1329054547710N01140456EA008690101200000390160794
B1329064547715N01140456EA008700101400000340030825
B1329074547720N01140453EA008720101600000343500825
B1329084547726N01140450EA008730101700000413440825
B1329094547732N01140447EA008740101900000413380825
B1329104547737N01140444EA008770102200000373380825
B1329114547742N01140441EA008800102700000373380825
B1329124547745N01140437EA008830103100000263220825
B1329134547746N01140431EA008860103400000263060825
B1329144547746N01140424EA008880103400000372830825
B1329154547743N01140416EA008890103400000412600834
B1329164547739N01140409EA008910103600000382420834
B1329174547735N01140406EA008930103900000382240834
B1329184547732N01140407EA008960104300000241920834
B1329194547728N01140411EA008980104600000241600834
B1329204547725N01140416EA008990104600000341460834
B1329214547722N01140422EA009010104700000341320825
B1329224547721N01140429EA009020104900000331150825
B1329234547721N01140437EA009040105100000330980825
B1329244547723N01140444EA009060105200000340810825
B1329254547726N01140449EA009080105500000340640825
B1329264547731N01140453EA009100105600000360450825
B1329274547736N01140456EA009110105700000360260825
B1329284547741N01140456EA009130105900000370130825
B1329294547747N01140455EA009140106100000370000825
B1329304547752N01140450EA009160106300000383420825
B1329314547755N01140445EA009190106600000383240825
B1329324547756N01140437EA009210106900000343000825
B1329334547755N01140431EA009240107100000342740825
B1329344547752N01140426EA009260107300000292470825
B1329354547749N01140424EA009280107600000292200825
B1329364547745N01140426EA009300107800000262200825
B1329374547742N01140431EA009310107900000301480825
B1329384547740N01140438EA009320107900000371300825
B1329394547738N01140445EA009340108000000371120825
B1329404547736N01140452EA009360108300000321110825
B1329414547735N01140458EA009380108700000321100825
B1329424547737N01140465EA009400108900000310890825
B1329434547739N01140471EA009420109000000310680812
B1329444547743N01140477EA009430109000000400550812
B1329454547748N01140482EA009440109100000400420812
B1329464547753N01140485EA009460109300000350310812
B1329474547758N01140487EA009480109600000350200812
B1329484547763N01140487EA009500109800000320080854
B1329494547767N01140485EA009520110100000323560854
B1329504547771N01140481EA009540110300000273330854
B1329514547772N01140476EA009560110500000273100854
B1329524547773N01140469EA009580110600000292900854
B1329534547772N01140463EA009590110700000292700868
B1329544547770N01140457EA009600110800000332510868
B1329554547766N01140452EA009620111000000332320868
B1329564547761N01140449EA009630111100000332190868
B1329574547757N01140447EA009650111400000332060825
B1329584547753N01140448EA009670111700000251850825
B1329594547750N01140451EA009690111900000251640825
B1330004547748N01140457EA009710112000000331380825
B1330014547747N01140464EA009720112100000331120825
B1330024547748N01140472EA009730112200000350910812
B1330034547751N01140478EA009740112200000350700812
B1330044547755N01140485EA009750112200000400560812
B1330054547760N01140489EA009760112200000400420812
B1330064547767N01140491EA009760112300000440240854
B1330074547773N01140490EA009770112300000440060854
B1330084547779N01140488EA009770112500000393500854
B1330094547783N01140483EA009780112600000393340854
B1330104547786N01140477EA009800112800000333140854
B1330114547787N01140470EA009810112900000332940854
B1330124547786N01140463EA009820113000000322740868
B1330134547784N01140457EA009840113200000322540868
B1330144547781N01140453EA009850113400000282330868
B1330154547776N01140452EA009870113600000282120868
B1330164547772N01140453EA009880113700000311860868
B1330174547768N01140457EA009890113800000311600868
B1330184547766N01140464EA009900113900000371350868
B1330194547765N01140472EA009920114000000371100854
B1330204547767N01140479EA009930114100000390860854
B1330214547771N01140486EA009940114200000390620854
B1330224547777N01140491EA009950114300000420440854
B1330234547782N01140494EA009960114400000420260854
B1330244547788N01140495EA009970114500000360160854
B1330254547793N01140495EA009980114600000360060854
B1330264547799N01140494EA009980114700000413570854
B1330274547805N01140490EA009980114700000413480854
B1330284547810N01140485EA009990114700000413320854
B1330294547813N01140479EA010000114900000413160892
B1330304547816N01140473EA010020115200000283030892
B1330314547816N01140467EA010040115500000282900892
B1330324547815N01140462EA010060115600000232680902
B1330334547812N01140458EA010070115700000232460902
B1330344547809N01140455EA010080115800000272270868
B1330354547805N01140453EA010100116000000272080868
B1330364547801N01140455EA010110116100000281830868
B1330374547797N01140458EA010120116300000281580868
B1330384547794N01140464EA010140116400000321400868
B1330394547792N01140470EA010160116600000321280854
B1330404547793N01140478EA010170116800000351020854
B1330414547796N01140485EA010190116900000350760854
B1330424547799N01140491EA010200116900000390590854
B1330434547804N01140495EA010200116900000390420854
B1330444547810N01140499EA010210117000000400300854
B1330454547816N01140500EA010210117000000400180892
B1330464547821N01140499EA010210117000000380010892
B1330474547826N01140495EA010210117100000383440892
B1330484547831N01140489EA010220117100000413310892
B1330494547836N01140484EA010220117200000413180892
B1330504547840N01140479EA010230117400000343210892
B1330514547844N01140475EA010250117600000343240892
B1330524547845N01140471EA010270117900000223070892
B1330534547845N01140466EA010290118100000222900902
B1330544547843N01140462EA010300118100000232570902
B1330554547840N01140460EA010310118200000232240902
B1330564547835N01140459EA010320118300000282020902
B1330574547831N01140461EA010340118500000281800902
B1330584547828N01140466EA010350118700000311530902
B1330594547826N01140472EA010370118800000311260892
B1331004547826N01140479EA010380118900000341080892
B1331014547827N01140487EA010400119100000340900892
B1331024547830N01140494EA010410119200000380720892
B1331034547834N01140500EA010430119300000380540892
B1331044547840N01140503EA010440119400000420340892
B1331054547846N01140503EA010450119500000420140892
B1331064547852N01140501EA010460119600000353560892
B1331074547856N01140497EA010460119700000353380892
B1331084547858N01140491EA010470119800000293140892
B1331094547858N01140486EA010480119900000292900892
B1331104547857N01140481EA010490120100000252660892
B1331114547854N01140476EA010500120100000252420892
B1331124547850N01140472EA010510120200000302270892
B1331134547846N01140469EA010520120300000302120892
B1331144547842N01140466EA010530120400000332080902
B1331154547837N01140463EA010540120600000332040902
B1331164547833N01140461EA010560120800000281990902
B1331174547829N01140461EA010570121100000281940902
B1331184547825N01140462EA010590121300000261750902
B1331194547822N01140466EA010600121400000261560902
B1331204547819N01140472EA010620121400000331380892
B1331214547818N01140479EA010630121500000331200892
B1331224547818N01140486EA010640121600000331010892
B1331234547820N01140493EA010650121700000330820892
B1331244547824N01140498EA010650121700000420580892
B1331254547831N01140502EA010650121600000420340892
B1331264547837N01140503EA010650121600000460180892
B1331274547844N01140502EA010650121600000460020892
B1331284547849N01140498EA010660121800000373450892
B1331294547853N01140494EA010660121900000373280892
B1331304547856N01140488EA010670122000000323160892
B1331314547858N01140482EA010680122100000323040892
B1331324547857N01140476EA010700122300000282810892
B1331334547855N01140470EA010710122400000282580892
B1331344547852N01140466EA010720122500000302390902
B1331354547849N01140463EA010740122700000302200902
B1331364547845N01140462EA010760123000000201990902
B1331374547842N01140464EA010770123200000201780902
B1331384547839N01140468EA010780123200000311780892
B1331394547835N01140474EA010780123100000371380892
B1331404547832N01140481EA010790123100000421280892
B1331414547830N01140490EA010800123200000411180892
B1331424547829N01140497EA010810123400000321070892
B1331434547830N01140503EA010820123700000320960892
B1331444547832N01140510EA010830123700000370740892
B1331454547837N01140516EA010830123600000370520892
B1331464547843N01140521EA010830123400000480400879
B1331474547849N01140525EA010820123400000480280879
B1331484547856N01140528EA010830123500000410210879
B1331494547861N01140530EA010830123700000410140905
B1331504547866N01140533EA010840123900000340170905
B1331514547871N01140535EA010850124000000340200905
B1331524547877N01140537EA010860124000000420140905
B1331534547884N01140538EA010860123900000420080905
B1331544547891N01140536EA010860123900000443560905
B1331554547896N01140532EA010870124000000443440905
B1331564547900N01140528EA010880124200000323300905
B1331574547903N01140523EA010890124400000323160905
B1331584547904N01140518EA010900124600000213010905
B1331594547903N01140514EA010920124800000212860922
B1332004547901N01140509EA010920124800000262590922
B1332014547898N01140505EA010930124700000262320922
B1332024547893N01140504EA010920124600000342080922
B1332034547888N01140505EA010920124700000341840922
B1332044547884N01140509EA010930124800000331610922
B1332054547880N01140515EA010940124900000331380922
B1332064547878N01140522EA010950125000000361240905
B1332074547877N01140530EA010960125100000361100905
B1332084547878N01140538EA010970125200000370950905
B1332094547880N01140546EA010980125200000370800905
B1332104547883N01140553EA010980125200000420670905
B1332114547887N01140560EA010990125200000420540905
B1332124547892N01140564EA011000125400000390400905
B1332134547898N01140567EA011010125500000390260891
B1332144547904N01140569EA011010125600000380170891
B1332154547909N01140569EA011020125600000380080891
B1332164547915N01140567EA011020125600000393540907
B1332174547920N01140562EA011030125700000393400928
B1332184547923N01140557EA011030125700000333200928
B1332194547924N01140551EA011040125800000333000928
B1332204547924N01140545EA011040126000000242810928
B1332214547923N01140541EA011050126100000242620928
B1332224547920N01140538EA011060126200000232340928
B1332234547916N01140538EA011070126300000232060928
B1332244547912N01140539EA011070126300000301840928
B1332254547908N01140542EA011080126300000301620905
B1332264547904N01140548EA011080126300000361450905
B1332274547901N01140555EA011080126300000361280905
B1332284547899N01140562EA011090126400000371160905
B1332294547899N01140570EA011100126500000371040891
B1332304547899N01140577EA011110126500000350910891
B1332314547901N01140585EA011110126500000350780891
B1332324547904N01140593EA011110126500000420670891
B1332334547909N01140600EA011120126500000420560891
B1332344547913N01140606EA011120126600000420480907
B1332354547919N01140610EA011130126600000430340907
B1332364547925N01140612EA011130126700000420240907
B1332374547931N01140615EA011140126900000420140907
B1332384547936N01140617EA011160127100000360130893
B1332394547942N01140618EA011170127300000360120893
B1332404547947N01140618EA011190127400000350040893
B1332414547952N01140616EA011190127400000353560907
B1332424547955N01140612EA011200127500000273370907
B1332434547957N01140608EA011200127500000273180907
B1332444547957N01140603EA011200127500000232870907
B1332454547954N01140599EA011210127500000232560907
B1332464547951N01140597EA011210127600000222290907
B1332474547948N01140596EA011220127700000222020907
B1332484547944N01140598EA011230127800000301820907
B1332494547939N01140601EA011230127800000301620907
B1332504547936N01140605EA011240127900000321460907
B1332514547933N01140611EA011250128000000321300907
B1332524547932N01140618EA011250128100000341160893
B1332534547931N01140626EA011260128100000341020893
B1332544547932N01140635EA011260128100000430940893
B1332554547933N01140644EA011260128100000460840893
B1332564547936N01140653EA011270128100000440700893
B1332574547940N01140660EA011280128200000440580893
B1332584547945N01140665EA011290128400000360460893
B1332594547949N01140668EA011300128500000360340880
B1333004547954N01140669EA011310128600000320180880
B1333014547959N01140667EA011310128600000320020880
B1333024547963N01140664EA011300128600000293440917
B1333034547966N01140660EA011300128500000293260917
B1333044547967N01140656EA011300128500000223090917
B1333054547968N01140651EA011290128400000222920917
B1333064547966N01140646EA011280128300000272680917
B1333074547964N01140641EA011280128300000272440917
B1333084547961N01140637EA011280128300000282320917
B1333094547958N01140633EA011290128500000282200893
B1333104547955N01140628EA011300128600000262240893
B1333114547952N01140624EA011310128700000262280893
B1333124547950N01140620EA011310128800000222280893
B1333134547948N01140617EA011320128900000222280893
B1333144547945N01140615EA011320128900000202140907
B1333154547942N01140614EA011320128900000202000907
B1333164547938N01140615EA011320128800000281860907
B1333174547933N01140616EA011320128800000281720907
B1333184547929N01140619EA011320128800000301720893
B1333194547926N01140624EA011320128800000301480893
B1333204547923N01140629EA011320128800000291320893
B1333214547922N01140635EA011330128800000291160893
B1333224547922N01140641EA011320128800000311030893
B1333234547923N01140648EA011320128600000310900893
B1333244547925N01140655EA011300128400000360700893
B1333254547930N01140660EA011290128200000360500893
B1333264547936N01140663EA011270128000000410340893
B1333274547942N01140665EA011260127800000410180893
B1333284547948N01140668EA011250127700000430160880
B1333294547954N01140671EA011240127700000430140880
B1333304547961N01140675EA011240127800000480200893
B1333314547967N01140681EA011240127800000480260893
B1333324547973N01140687EA011250127800000450320893
B1333334547978N01140692EA011250127900000450380893
B1333344547983N01140697EA011260128000000410340893
B1333354547988N01140701EA011270128100000410300893
B1333364547994N01140704EA011280128200000360230893
B1333374547999N01140705EA011270128200000360160893
B1333384548004N01140707EA011270128100000370140893
B1333394548010N01140709EA011270128100000370120910
B1333404548017N01140712EA011260128000000460140910
B1333414548023N01140715EA011260127900000460160910
B1333424548030N01140718EA011260128000000440170911
B1333434548036N01140721EA011270128200000440180911
B1333444548041N01140723EA011280128300000330160911
B1333454548046N01140724EA011290128400000330140911
B1333464548051N01140722EA011290128400000353590911
B1333474548056N01140719EA011290128300000353440911
B1333484548061N01140714EA011300128400000383360948
B1333494548066N01140711EA011310128600000383280948
B1333504548070N01140708EA011330128900000273310948
B1333514548073N01140705EA011350129200000273340948
B1333524548075N01140702EA011380129500000243220948
B1333534548077N01140697EA011390129600000243100948
B1333544548079N01140691EA011410129800000262960948
B1333554548078N01140687EA011430130000000262820948
B1333564548076N01140684EA011460130400000182470948
B1333574548073N01140684EA011480130700000182120948
B1333584548069N01140685EA011510130900000311850948
B1333594548065N01140689EA011530131100000311580948
B1334004548061N01140695EA011540131200000371410948
B1334014548059N01140703EA011560131400000371240910
B1334024548058N01140713EA011560131300000471040910
B1334034548060N01140723EA011570131200000500860911
B1334044548063N01140732EA011570131200000470740945
B1334054548067N01140740EA011580131400000470600945
B1334064548073N01140745EA011590131500000420450945
B1334074548079N01140748EA011600131600000420300945
B1334084548085N01140750EA011610131700000450180945
B1334094548092N01140750EA011610131700000450060945
B1334104548098N01140750EA011620131900000390010945
B1334114548104N01140749EA011640132100000393560945
B1334124548108N01140747EA011650132400000323480945
B1334134548112N01140744EA011670132600000323400942
B1334144548115N01140740EA011680132600000283260942
B1334154548118N01140735EA011690132700000283120942
B1334164548119N01140731EA011710132900000192990942
B1334174548119N01140728EA011720133200000192860942
B1334184548119N01140726EA011740133400000042720942
B1334194548118N01140726EA011750133500000042580942
B1334204548115N01140727EA011760133400000201860942
B1334214548111N01140727EA011760133300000201820942
B1334224548106N01140729EA011760133200000361730945
B1334234548101N01140732EA011760133200000361640945
B1334244548098N01140737EA011770133500000321470945
B1334254548095N01140743EA011780133700000321300945
B1334264548094N01140751EA011790133800000411140945
B1334274548094N01140761EA011790133800000470980945
B1334284548097N01140771EA011800133800000510800934
B1334294548102N01140779EA011810133800000510620934
B1334304548109N01140785EA011820133900000480430934
B1334314548115N01140787EA011840134200000480240918
B1334324548121N01140787EA011850134300000390120918
B1334334548127N01140787EA011860134400000390000918
B1334344548132N01140786EA011870134500000343540918
B1334354548137N01140784EA011870134600000343480918
B1334364548141N01140780EA011880134700000303330918
B1334374548143N01140775EA011890134700000303180918
B1334384548145N01140770EA011890134800000243030918
B1334394548145N01140766EA011910135000000242880942
B1334404548144N01140761EA011920135100000192690942
B1334414548143N01140758EA011930135300000192500942
B1334424548140N01140755EA011940135400000232280942
B1334434548136N01140755EA011960135500000232060942
B1334444548130N01140756EA011970135600000361840942
B1334454548126N01140760EA011980135700000361620942
B1334464548122N01140766EA011990135900000351430942
B1334474548120N01140773EA012010136200000351240918
B1334484548119N01140782EA012020136300000421080918
B1334494548119N01140791EA012040136400000440940918
B1334504548121N01140801EA012050136400000430840918
B1334514548123N01140809EA012060136500000430740918
B1334524548128N01140816EA012060136500000450610918
B1334534548133N01140823EA012060136400000450480898
B1334544548139N01140828EA012060136400000480360898
B1334554548146N01140831EA012060136400000480240898
B1334564548152N01140831EA012060136500000410100898
B1334574548158N01140829EA012070136600000413560898
B1334584548162N01140826EA012080136800000293420894
B1334594548165N01140822EA012090136900000293280894
B1335004548167N01140817EA012090136900000253110894
B1335014548168N01140812EA012090136800000252940910
B1335024548168N01140806EA012090136800000272830910
B1335034548168N01140800EA012100136900000272720910
B1335044548168N01140795EA012110137100000242730910
B1335054548168N01140791EA012120137300000242740910
B1335064548168N01140789EA012140137500000102580910
B1335074548166N01140789EA012150137600000102420910
B1335084548162N01140790EA012150137500000272000910
B1335094548158N01140794EA012140137300000271580918
B1335104548155N01140799EA012140137300000351430918
B1335114548152N01140806EA012140137300000351280918
B1335124548149N01140813EA012150137500000361220918
B1335134548147N01140820EA012150137600000361160898
B1335144548145N01140829EA012160137600000441140898
B1335154548143N01140839EA012160137500000501080898
B1335164548142N01140850EA012160137500000491020898
B1335174548141N01140859EA012170137700000440980898
B1335184548139N01140868EA012180137900000401000874
B1335194548138N01140877EA012190138000000411020874
B1335204548136N01140886EA012200138100000471020874
B1335214548135N01140897EA012210138100000511000874
B1335224548135N01140908EA012230138200000480960874
B1335234548134N01140917EA012250138600000400920865
B1335244548134N01140925EA012270138900000370900865
B1335254548134N01140934EA012290139100000420880865
B1335264548134N01140944EA012290139100000480900865
B1335274548134N01140955EA012300139000000520920865
B1335284548133N01140966EA012300139000000510920860
B1335294548133N01140976EA012310139200000460920860
B1335304548133N01140985EA012320139400000410900860
B1335314548134N01140994EA012340139600000410860860
B1335324548134N01141004EA012350139700000440840860
B1335334548134N01141014EA012350139600000490860860
B1335344548134N01141025EA012350139600000510900844
B1335354548134N01141035EA012350139600000470920844
B1335364548134N01141044EA012350139600000410920844
B1335374548134N01141053EA012350139700000390880844
B1335384548134N01141062EA012350139600000430840844
B1335394548134N01141072EA012340139300000490840822
B1335404548133N01141083EA012320139000000530920822
B1335414548132N01141094EA012310138800000520980822
B1335424548131N01141105EA012300138800000501020822
B1335434548130N01141115EA012300138900000471000822
B1335444548130N01141125EA012310139000000460940795
B1335454548130N01141135EA012310139000000450860795
B1335464548131N01141144EA012300138900000420800795
B1335474548131N01141154EA012300138800000420840795
B1335484548131N01141163EA012280138600000450880795
B1335494548132N01141173EA012260138300000490880779
B1335504548133N01141184EA012240138200000500860779
B1335514548133N01141194EA012230138000000470820779
B1335524548133N01141205EA012230138000000460880779
B1335534548132N01141214EA012230138000000460940779
B1335544548132N01141224EA012230138100000450940765
B1335554548132N01141234EA012230138200000430920765
B1335564548131N01141243EA012240138200000440900765
B1335574548131N01141253EA012240138200000470920765
B1335584548131N01141264EA012240138200000500920765
B1335594548131N01141275EA012240138200000490920751
B1336004548131N01141285EA012240138200000450880751
B1336014548131N01141294EA012250138300000420880751
B1336024548130N01141303EA012250138300000420920751
B1336034548129N01141312EA012240138200000440960751
B1336044548128N01141322EA012230138000000460980725
B1336054548126N01141332EA012220137800000470980725
B1336064548125N01141342EA012210137700000451000725
B1336074548125N01141351EA012210137800000440960725
B1336084548126N01141360EA012210137800000430880725
B1336094548128N01141369EA012200137800000440780722
B1336104548129N01141379EA012200137700000460740722
B1336114548130N01141389EA012190137600000450780722
B1336124548131N01141398EA012180137500000440820722
B1336134548132N01141408EA012170137300000450820722
B1336144548134N01141418EA012150137100000500760731
B1336154548136N01141429EA012120136600000560740731
B1336164548137N01141442EA012090136100000610760731
B1336174548139N01141455EA012050135600000650800731
B1336184548140N01141469EA012010135100000660820745
B1336194548141N01141483EA011980134800000640820745
B1336204548143N01141496EA011950134600000610800745
B1336214548144N01141509EA011930134400000580800745
B1336224548146N01141521EA011910134300000560780761
B1336234548148N01141532EA011890134100000550760761
B1336244548150N01141544EA011870133800000560740761
B1336254548151N01141556EA011840133500000580760761
B1336264548152N01141569EA011810133200000590800780
B1336274548153N01141582EA011790132900000580840780
B1336284548154N01141594EA011760132700000550860780
B1336294548155N01141605EA011740132500000530840780
B1336304548156N01141616EA011720132400000520820769
B1336314548157N01141627EA011700132200000530800769
B1336324548158N01141639EA011680131900000560800769
B1336334548160N01141651EA011650131600000570800791
B1336344548161N01141663EA011630131300000570800791
B1336354548163N01141675EA011610131200000560780745
B1336364548165N01141686EA011600131000000540760745
B1336374548167N01141697EA011580130900000530740745
B1336384548169N01141708EA011570130800000530740745
B1336394548171N01141720EA011550130600000540720691
B1336404548174N01141731EA011530130400000560720691
B1336414548176N01141743EA011510130100000570720691
B1336424548179N01141755EA011500129900000570720691
B1336434548181N01141766EA011480129800000560720655
B1336444548184N01141778EA011470129700000550720655
B1336454548186N01141789EA011460129600000550720655
B1336464548189N01141800EA011450129500000550680655
B1336474548192N01141811EA011450129500000530680655
B1336484548194N01141821EA011440129500000510700616
B1336494548196N01141832EA011440129600000500720616
B1336504548198N01141843EA011440129500000540740616
B1336514548201N01141854EA011430129400000570740616
B1336524548204N01141866EA011420129300000590720575
B1336534548207N01141879EA011420129200000610700575
B1336544548210N01141891EA011410129100000620700589
B1336554548212N01141904EA011400129000000600720589
B1336564548213N01141917EA011390129000000600760545
B1336574548216N01141930EA011400129000000620780545
B1336584548218N01141942EA011400129100000610740545
B1336594548221N01141954EA011410129200000550720545
B1337004548223N01141965EA011430129500000500720545
B1337014548225N01141975EA011440129800000470720506
B1337024548227N01141985EA011450129800000490720506
B1337034548229N01141996EA011450129800000550720506
B1337044548232N01142008EA011450129600000610720506
B1337054548235N01142021EA011440129300000640720464
B1337064548237N01142034EA011430129200000640720464
B1337074548240N01142047EA011420129100000610740464
B1337084548241N01142060EA011400129000000610760464
B1337094548243N01142074EA011390128800000630800422
B1337104548245N01142087EA011380128600000650800422
B1337114548248N01142100EA011370128500000640740422
B1337124548252N01142112EA011360128400000610660422
B1337134548255N01142124EA011350128400000570660384
B1337144548257N01142136EA011350128400000550720384
B1337154548258N01142147EA011340128400000530760384
B1337164548259N01142158EA011330128200000520800384
B1337174548261N01142170EA011310128000000550800332
B1337184548262N01142182EA011290127600000600800332
B1337194548264N01142195EA011260127300000610800332
B1337204548265N01142208EA011240127100000590780332
B1337214548267N01142220EA011220126900000560800301
B1337224548268N01142231EA011210126900000520800301
B1337234548270N01142242EA011190126800000520780301
B1337244548272N01142253EA011180126600000540760301
B1337254548274N01142265EA011160126300000570740273
B1337264548276N01142277EA011130126100000580740273
B1337274548278N01142289EA011110125900000580760273
B1337284548280N01142301EA011100125700000550760273
B1337294548282N01142312EA011090125600000530760273
B1337304548285N01142323EA011070125500000530720253
B1337314548287N01142334EA011060125300000550720253
B1337324548290N01142346EA011040125100000560720253
B1337334548292N01142358EA011020124900000570720253
B1337344548295N01142369EA011000124700000570720226
B1337354548298N01142381EA010990124500000560700226
B1337364548300N01142392EA010970124300000540720226
B1337374548302N01142403EA010950124200000540720226
B1337384548304N01142415EA010930124000000540740190
B1337394548307N01142426EA010920123800000550740190
B1337404548309N01142437EA010900123700000540720190
B1337414548311N01142448EA010890123500000530720199
B1337424548313N01142459EA010870123400000520740199
B1337434548315N01142470EA010850123200000520760179
B1337444548316N01142481EA010830123000000520760179
B1337454548318N01142493EA010810122700000540760179
B1337464548320N01142504EA010790122400000540760179
B1337474548321N01142515EA010760122100000540760164
B1337484548323N01142527EA010740121900000530760164
B1337494548325N01142538EA010710121600000530780164
B1337504548327N01142549EA010680121300000540780164
B1337514548328N01142561EA010650121000000560760164
B1337524548330N01142572EA010630120700000570760152
B1337534548333N01142584EA010600120400000560760152
B1337544548335N01142596EA010570120200000550740152
B1337554548337N01142607EA010550120000000540720152
B1337564548340N01142618EA010520119800000530700141
B1337574548342N01142629EA010500119500000540700141
B1337584548344N01142640EA010470119300000550720141
B1337594548347N01142652EA010450119000000560740141
B1338004548349N01142663EA010420118600000560740141
B1338014548351N01142675EA010390118300000560740135
B1338024548352N01142687EA010370118100000560760135
B1338034548353N01142699EA010340117800000550800135
B1338044548355N01142710EA010310117500000540800135
B1338054548357N01142722EA010290117300000530780132
B1338064548358N01142733EA010260117100000520760132
B1338074548361N01142744EA010240116800000520760131
B1338084548363N01142754EA010220116700000510720131
B1338094548366N01142764EA010200116500000510680131
B1338104548370N01142774EA010190116400000490620130
B1338114548373N01142783EA010180116300000470620130
B1338124548375N01142793EA010160116200000450660130
B1338134548376N01142803EA010150116100000470760130
B1338144548377N01142813EA010130115900000470820130
B1338154548378N01142823EA010120115600000480820125
B1338164548379N01142833EA010100115400000490800125
B1338174548380N01142844EA010080115200000500780125
B1338184548382N01142855EA010060115000000510760125
B1338194548384N01142865EA010040114800000490740117
B1338204548386N01142875EA010030114700000480720117
B1338214548389N01142885EA010020114700000480720117
B1338224548391N01142895EA010000114500000480700117
B1338234548393N01142905EA009990114400000480720117
B1338244548395N01142915EA009970114200000490740120
B1338254548397N01142926EA009960114000000500740120
B1338264548399N01142936EA009940113800000500720120
B1338274548402N01142946EA009920113600000500700120
B1338284548404N01142956EA009900113400000490720120
B1338294548406N01142966EA009880113300000480740123
B1338304548407N01142977EA009860113100000480760123
B1338314548409N01142987EA009850112800000490760123
B1338324548411N01142997EA009830112600000490740117
B1338334548413N01143008EA009810112400000490740117
B1338344548415N01143018EA009790112300000490740120
B1338354548417N01143028EA009770112100000500740120
B1338364548419N01143038EA009760111900000500720120
B1338374548422N01143049EA009740111700000500700120
B1338384548425N01143059EA009720111600000500680120
B1338394548427N01143069EA009710111500000500680123
B1338404548429N01143079EA009700111400000500700123
B1338414548431N01143090EA009680111200000490740123
B1338424548432N01143100EA009670111100000490760123
B1338434548433N01143110EA009660111000000490800123
B1338444548435N01143121EA009650110800000480800144
B1338454548436N01143131EA009630110700000470780144
B1338464548438N01143141EA009620110500000470780144
B1338474548439N01143151EA009600110400000480760144
B1338484548441N01143161EA009580110200000480760144
B1338494548443N01143172EA009570110000000500760198
B1338504548445N01143182EA009550109800000500740198
B1338514548447N01143192EA009540109700000490740198
B1338524548449N01143202EA009520109600000470740198
B1338534548451N01143212EA009510109400000460720198
B1338544548453N01143221EA009500109300000460720250
B1338554548455N01143231EA009480109100000480720250
B1338564548457N01143241EA009460108800000490720250
B1338574548459N01143251EA009440108600000500720250
B1338584548461N01143262EA009420108400000490720248
B1338594548464N01143272EA009400108200000470720302
B1339004548466N01143281EA009380108100000460720302
B1339014548468N01143291EA009370107900000480700302
B1339024548471N01143301EA009350107700000480680302
B1339034548473N01143310EA009330107600000460700302
B1339044548475N01143319EA009320107400000450700338
B1339054548478N01143328EA009310107300000430700338
B1339064548480N01143337EA009290107200000440680338
B1339074548482N01143346EA009280107000000450680338
B1339084548484N01143356EA009260106800000450680338
B1339094548486N01143365EA009250106700000430720378
B1339104548488N01143374EA009230106600000430760378
B1339114548490N01143383EA009220106500000430740378
B1339124548492N01143392EA009210106300000450720378
B1339134548494N01143402EA009190106100000470700378
B1339144548495N01143412EA009170105800000490720378
B1339154548497N01143422EA009140105500000490760398
B1339164548498N01143432EA009120105300000480780398
B1339174548500N01143442EA009100105200000460780398
B1339184548501N01143452EA009090105000000440780398
B1339194548502N01143461EA009070104900000430780398
B1339204548504N01143470EA009050104700000430760372
B1339214548506N01143479EA009040104500000440740372
B1339224548508N01143488EA009020104300000450700372
B1339234548511N01143497EA009000104000000460680427
B1339244548513N01143507EA008980103800000470660427
B1339254548516N01143516EA008960103500000460660415
B1339264548519N01143525EA008940103300000460660415
B1339274548521N01143534EA008910103100000460660415
B1339284548524N01143543EA008890102800000470640415
B1339294548527N01143553EA008870102600000460640415
B1339304548530N01143562EA008850102400000460640415
B1339314548533N01143571EA008830102100000460660415
B1339324548535N01143580EA008810101900000460680415
B1339334548537N01143590EA008790101700000460700415
B1339344548539N01143600EA008760101500000470720415
B1339354548541N01143609EA008740101200000470720415
B1339364548543N01143619EA008720101000000470720434
B1339374548546N01143629EA008700100800000470720434
B1339384548548N01143639EA008680100500000470700434
B1339394548550N01143648EA008650100300000470700434
B1339404548553N01143658EA008630100100000470700434
B1339414548556N01143668EA008600099800000470680456
B1339424548558N01143677EA008580099600000470660456
B1339434548561N01143686EA008560099400000460660489
B1339444548564N01143695EA008540099200000450640489
B1339454548567N01143704EA008520099000000450660489
B1339464548569N01143713EA008490098700000450660489
B1339474548572N01143722EA008470098400000460660522
B1339484548575N01143732EA008450098200000500660522
B1339494548578N01143742EA008430097900000500660522
B1339504548581N01143752EA008400097700000490680522
B1339514548583N01143762EA008390097600000470680522
B1339524548586N01143771EA008370097500000450660550
B1339534548589N01143779EA008360097400000450660550
B1339544548591N01143789EA008340097200000470660550
B1339554548594N01143799EA008320097000000490680550
B1339564548596N01143809EA008300096700000500700550
B1339574548599N01143819EA008290096500000500700573
B1339584548601N01143829EA008270096400000480720573
B1339594548603N01143839EA008250096200000450740573
B1340004548605N01143848EA008240096100000440720573
B1340014548607N01143857EA008230096000000450700573
B1340024548610N01143866EA008210095900000450660618
B1340034548613N01143874EA008190095700000450640618
B1340044548616N01143883EA008180095500000440640618
B1340054548619N01143892EA008160095300000450660618
B1340064548622N01143901EA008150095100000450640618
B1340074548625N01143909EA008130094900000450620618
B1340084548628N01143917EA008110094700000440610615
B1340094548631N01143926EA008090094500000450600615
B1340104548634N01143935EA008070094300000470620615
B1340114548638N01143944EA008040094000000490620615
B1340124548641N01143954EA008030093800000510620615
B1340134548645N01143963EA008000093600000510600615
B1340144548649N01143973EA007990093400000490600646
B1340154548652N01143982EA007970093300000480600646
B1340164548656N01143991EA007960093200000470600646
B1340174548660N01144000EA007940093000000490580703
B1340184548664N01144009EA007920092800000520560703
B1340194548669N01144018EA007910092600000540560716
B1340204548674N01144028EA007890092400000540540716
B1340214548678N01144038EA007890092300000530540716
B1340224548683N01144047EA007880092300000520540716
B1340234548687N01144056EA007870092300000510540716
B1340244548692N01144065EA007860092100000540520737
B1340254548697N01144075EA007850092000000560520737
B1340264548701N01144086EA007840091800000560560737
B1340274548705N01144096EA007830091800000530600737
B1340284548709N01144105EA007830091900000500600737
B1340294548713N01144114EA007830091800000510580748
B1340304548718N01144124EA007820091800000530540748
B1340314548722N01144133EA007810091700000540540748
B1340324548726N01144144EA007800091500000540580748
B1340334548729N01144154EA007800091500000540620748
B1340344548732N01144164EA007790091500000480640767
B1340354548735N01144172EA007800091700000400660767
B1340364548737N01144180EA007800091900000350660767
B1340374548739N01144187EA007810092000000350660767
B1340384548741N01144195EA007810091900000430670767
B1340394548743N01144204EA007800091700000450680767
B1340404548745N01144213EA007800091600000410700767
B1340414548747N01144221EA007790091600000410720782
B1340424548749N01144228EA007790091700000330700782
B1340434548751N01144234EA007780091600000330680782
B1340444548754N01144242EA007770091400000430650782
B1340454548757N01144251EA007760091100000480620782
B1340464548760N01144261EA007740090900000500600749
B1340474548764N01144270EA007730090900000460600762
B1340484548767N01144278EA007720090900000410610762
B1340494548770N01144285EA007720090900000410620762
B1340504548772N01144293EA007720090900000400630762
B1340514548775N01144301EA007710090700000400640762
B1340524548778N01144310EA007690090500000450640762
B1340534548780N01144319EA007680090400000440640790
B1340544548783N01144327EA007670090300000420640790
B1340554548785N01144335EA007660090300000420640790
B1340564548788N01144343EA007660090200000400660790
B1340574548790N01144352EA007650090100000420680790
B1340584548792N01144361EA007630089900000440700790
B1340594548794N01144370EA007620089800000440700804
B1341004548796N01144378EA007600089600000430690804
B1341014548799N01144387EA007590089500000420680804
B1341024548801N01144395EA007580089400000420690804
B1341034548803N01144404EA007570089300000420700804
B1341044548805N01144412EA007550089100000410670804
B1341054548808N01144420EA007540088900000410640793
B1341064548811N01144429EA007530088700000470600794
B1341074548815N01144439EA007520088500000520600794
B1341084548818N01144449EA007520088500000520620794
B1341094548821N01144458EA007520088700000440640794
B1341104548824N01144465EA007540089100000330610771
B1341114548827N01144470EA007560089500000330580771
B1341124548829N01144474EA007580089700000230570771
B1341134548831N01144479EA007590089800000230560771
B1341144548832N01144485EA007600089800000330610771
B1341154548834N01144493EA007600089700000330660771
B1341164548835N01144501EA007600089600000380720771
B1341174548836N01144508EA007600089700000380780771
B1341184548838N01144515EA007600089800000300750753
B1341194548839N01144521EA007600089900000300720753
B1341204548841N01144528EA007610089800000360710753
B1341214548843N01144536EA007610089800000360700753
B1341224548845N01144543EA007610089900000340700753
B1341234548846N01144550EA007620090000000340700753
B1341244548848N01144556EA007620090000000320710753
B1341254548849N01144563EA007620090000000320720736
B1341264548852N01144570EA007620089900000350650736
B1341274548855N01144576EA007620089900000350580736
B1341284548858N01144582EA007610089900000360560736
B1341294548861N01144589EA007600089800000360540740
B1341304548863N01144598EA007590089500000430620740
B1341314548864N01144607EA007590089400000470720740
B1341324548865N01144617EA007590089400000450800709
B1341334548866N01144626EA007590089500000390800709
B1341344548868N01144633EA007600089800000330760709
B1341354548869N01144639EA007610090000000330720709
B1341364548871N01144646EA007620090000000310690709
B1341374548873N01144652EA007620090000000310660709
B1341384548875N01144659EA007620089800000360680709
B1341394548876N01144667EA007600089600000360700708
B1341404548878N01144676EA007590089400000440740708
B1341414548879N01144686EA007580089200000450800708
B1341424548880N01144696EA007570089100000430820708
B1341434548881N01144705EA007560089200000410800708
B1341444548882N01144713EA007560089200000400780673
B1341454548884N01144721EA007560089200000400760673
B1341464548885N01144730EA007560089200000410740673
B1341474548887N01144738EA007550089100000410720673
B1341484548889N01144747EA007540089000000430720673
B1341494548891N01144756EA007530088900000440720673
B1341504548893N01144765EA007530088800000450720637
B1341514548896N01144774EA007530088800000450680637
B1341524548899N01144783EA007520088800000440660637
B1341534548902N01144792EA007520088800000440640637
B1341544548905N01144800EA007520088800000450640637
B1341554548908N01144809EA007520088700000460640637
B1341564548910N01144819EA007510088700000460660540
B1341574548913N01144828EA007510088600000460660540
B1341584548916N01144837EA007510088600000460660540
B1341594548918N01144846EA007510088600000450660540
B1342004548921N01144855EA007500088500000450660540
B1342014548924N01144863EA007490088400000450640492
B1342024548928N01144871EA007480088200000430620492
B1342034548930N01144879EA007470088200000430600492
B1342044548932N01144887EA007460088000000380650492
B1342054548934N01144895EA007450087900000380700492
B1342064548936N01144903EA007440087800000380710492
B1342074548937N01144911EA007420087600000380720492
B1342084548938N01144919EA007400087400000400760447
B1342094548939N01144928EA007390087200000410800447
B1342104548940N01144937EA007370087000000400840447
B1342114548941N01144945EA007350086800000400820447
B1342124548941N01144953EA007340086600000370840447
B1342134548941N01144961EA007320086400000370860447
B1342144548942N01144969EA007290086200000390850414
B1342154548942N01144979EA007270086000000440840414
B1342164548943N01144989EA007250085700000480800414
B1342174548944N01144999EA007230085400000480820414
B1342184548944N01145009EA007220085200000450880414
B1342194548944N01145018EA007200085200000410900372
B1342204548944N01145027EA007190085100000380900372
B1342214548944N01145035EA007170085000000380880372
B1342224548944N01145044EA007160084800000410900372
B1342234548944N01145053EA007140084600000440900372
B1342244548944N01145063EA007120084300000460880317
B1342254548945N01145072EA007100084100000450840317
B1342264548947N01145082EA007080084000000430800317
B1342274548948N01145090EA007070083900000430760317
B1342284548950N01145099EA007060083700000440740317
B1342294548952N01145109EA007040083600000460720317
B1342304548955N01145118EA007030083400000460720283
B1342314548957N01145127EA007020083400000460680283
B1342324548960N01145136EA007010083300000440640288
B1342334548963N01145144EA007000083300000440620288
B1342344548965N01145152EA006990083200000410650288
B1342354548967N01145161EA006980083000000440680288
B1342364548970N01145171EA006960082700000470700293
B1342374548972N01145181EA006940082400000480720293
B1342384548974N01145191EA006920082200000470720293
B1342394548976N01145200EA006900082000000450720293
B1342404548978N01145209EA006880081800000420720293
B1342414548980N01145218EA006860081700000420720350
B1342424548982N01145227EA006840081400000440700350
B1342434548983N01145236EA006820081100000460720350
B1342444548984N01145246EA006790080800000460760350
B1342454548985N01145256EA006770080600000430820350
B1342464548986N01145264EA006750080500000400810381
B1342474548987N01145273EA006740080400000390800381
B1342484548988N01145281EA006720080200000400780381
B1342494548989N01145290EA006700079900000410760381
B1342504548991N01145299EA006670079600000440780381
B1342514548992N01145308EA006650079300000450780381
B1342524548993N01145318EA006620079000000440760416
B1342534548995N01145327EA006600078800000430740416
B1342544548997N01145335EA006580078600000420740416
B1342554548999N01145344EA006550078400000410740416
B1342564549000N01145353EA006530078100000420720416
B1342574549003N01145361EA006510077900000420700416
B1342584549004N01145370EA006480077600000410700443
B1342594549006N01145379EA006460077400000400740443
B1343004549006N01145387EA006440077100000400790443
B1343014549007N01145396EA006420076900000400840443
B1343024549007N01145404EA006390076700000390860443
B1343034549007N01145413EA006370076400000380880482
B1343044549007N01145421EA006350076200000380890482
B1343054549007N01145430EA006330075900000390900482
B1343064549006N01145438EA006300075700000390900482
B1343074549006N01145447EA006280075400000400900482
B1343084549006N01145455EA006260075200000390910482
B1343094549006N01145464EA006240075000000380920513
B1343104549006N01145472EA006220074900000370910513
B1343114549006N01145480EA006200074700000370900513
B1343124549006N01145488EA006190074500000390900513
B1343134549006N01145497EA006170074300000410900513
B1343144549005N01145506EA006140074000000420920513
B1343154549005N01145515EA006120073800000420920557
B1343164549004N01145524EA006100073600000410940557
B1343174549004N01145533EA006080073400000390940557
B1343184549003N01145541EA006060073300000370940557
B1343194549003N01145549EA006050073100000370940557
B1343204549003N01145557EA006030072900000380930557
B1343214549003N01145566EA006010072700000410920596
B1343224549002N01145575EA005990072400000430900596
B1343234549002N01145585EA005970072200000450900596
B1343244549002N01145595EA005950072000000450900596
B1343254549002N01145605EA005930071900000460900596
B1343264549001N01145615EA005920071800000480920619
B1343274549001N01145625EA005930071900000410940619
B1343284549000N01145632EA005940072300000320960619
B1343294548999N01145638EA005960072600000320980619
B1343304548999N01145644EA005980072800000270960619
B1343314548999N01145650EA005990072800000270940619
B1343324548999N01145658EA005990072800000370890619
B1343334549000N01145666EA005990072700000370840617
B1343344549000N01145673EA005990072800000310830617
B1343354549001N01145679EA006000072800000310820617
B1343364549001N01145687EA006000072800000340820617
B1343374549002N01145694EA006000072800000340820617
B1343384549004N01145700EA006010072900000320760617
B1343394549006N01145707EA006010073000000320700617
B1343404549008N01145714EA006010073100000360670612
B1343414549010N01145721EA006020073100000360640653
B1343424549012N01145728EA006030073200000370640653
B1343434549014N01145736EA006040073200000370640653
B1343444549016N01145743EA006040073200000340690653
B1343454549017N01145750EA006040073200000340740653
B1343464549018N01145756EA006030073200000320740653
B1343474549020N01145763EA006030073100000320740637
B1343484549022N01145771EA006020072900000400700637
B1343494549024N01145779EA006000072700000400660637
B1343504549026N01145788EA005990072600000420700637
B1343514549028N01145796EA005980072500000420720637
B1343524549030N01145803EA005970072500000340700637
B1343534549032N01145810EA005970072500000340680637
B1343544549034N01145818EA005960072400000380680611
B1343554549036N01145826EA005950072200000380680611
B1343564549038N01145835EA005940072100000420700611
B1343574549040N01145843EA005930071900000420720611
B1343584549041N01145851EA005920071900000360720611
B1343594549043N01145858EA005910071900000360720611
B1344004549045N01145865EA005910071800000360730597
B1344014549046N01145873EA005900071700000360740597
B1344024549048N01145881EA005890071500000390720597
B1344034549050N01145890EA005870071400000400700597
B1344044549052N01145898EA005860071200000390710597
B1344054549053N01145905EA005850071100000390720597
B1344064549055N01145913EA005840071000000360720594
B1344074549057N01145921EA005830070900000360720594
B1344084549059N01145930EA005820070800000450700594
B1344094549061N01145939EA005820070700000460700649
B1344104549063N01145948EA005820070900000400700649
B1344114549065N01145955EA005840071200000350680649
B1344124549067N01145962EA005850071400000300660653
B1344134549069N01145967EA005860071600000300640653
B1344144549070N01145973EA005870071600000290710653
B1344154549071N01145980EA005870071400000290780653
B1344164549072N01145988EA005860071300000380770653
B1344174549074N01145996EA005850071100000380760653
B1344184549076N01146005EA005850071100000410700653
B1344194549078N01146013EA005840071100000410680643
B1344204549080N01146021EA005850071100000400690643
B1344214549082N01146029EA005850071100000400700643
B1344224549084N01146037EA005850071100000400680643
B1344234549087N01146045EA005840071000000400660643
B1344244549090N01146053EA005830070900000430630643
B1344254549093N01146062EA005830070800000440600631
B1344264549096N01146070EA005820070800000410600631
B1344274549099N01146077EA005820070700000410600631
B1344284549102N01146083EA005810070700000370570631
B1344294549106N01146090EA005800070500000370540631
B1344304549110N01146098EA005790070300000450520672
B1344314549114N01146106EA005770070100000450500672
B1344324549119N01146113EA005760070000000460500644
B1344334549123N01146121EA005750070000000460500644
B1344344549127N01146128EA005740069900000450500644
B1344354549132N01146136EA005740069900000450500644
B1344364549137N01146143EA005750070100000440480644
B1344374549141N01146149EA005760070300000440460644
B1344384549145N01146155EA005770070400000360470644
B1344394549149N01146162EA005770070400000360480600
B1344404549153N01146169EA005770070200000480480600
B1344414549158N01146177EA005760070100000480480600
B1344424549163N01146184EA005760070100000460450651
B1344434549168N01146191EA005760070100000460420651
B1344444549173N01146197EA005760070100000430420651
B1344454549177N01146204EA005750070100000430420651
B1344464549180N01146212EA005750070100000410520612
B1344474549182N01146220EA005750070100000410620612
B1344484549181N01146227EA005750070100000350840612
B1344494549179N01146233EA005750070100000351020612
B1344504549176N01146236EA005750070200000241280612
B1344514549173N01146236EA005760070300000241540612
B1344524549170N01146233EA005760070400000231890612
B1344534549169N01146229EA005770070500000232240612
B1344544549168N01146225EA005770070500000192450612
B1344554549168N01146220EA005770070500000192660612
B1344564549167N01146216EA005760070300000232570612
B1344574549165N01146211EA005750070100000232480651
B1344584549162N01146206EA005730069900000292360651
B1344594549159N01146202EA005720069800000292240600
B1345004549156N01146198EA005720069800000222240600
B1345014549154N01146195EA005720069900000222240600
B1345024549153N01146193EA005720070000000172270600
B1345034549151N01146189EA005720070000000172300600
B1345044549149N01146186EA005720069900000232300600
B1345054549147N01146182EA005710069800000232300600
B1345064549144N01146178EA005700069700000232290600
B1345074549142N01146174EA005700069700000232280600
B1345084549139N01146171EA005690069500000242240600
B1345094549136N01146167EA005670069400000242200600
B1345104549133N01146164EA005660069100000302160600
B1345114549129N01146160EA005640069000000302120644
B1345124549125N01146155EA005640069000000322190644
B1345134549122N01146150EA005640069100000322260644
B1345144549120N01146146EA005640069300000222270644
B1345154549117N01146143EA005650069400000222280644
B1345164549115N01146141EA005660069500000232180644
B1345174549111N01146139EA005670069500000232080644
B1345184549107N01146136EA005670069500000292070598
B1345194549103N01146133EA005680069600000292060598
B1345204549100N01146132EA005690069800000241980598
B1345214549096N01146132EA005700070000000241900598
B1345224549093N01146133EA005720070200000231770598
B1345234549089N01146135EA005740070400000231640598
B1345244549086N01146138EA005750070600000261560598
B1345254549082N01146141EA005770070700000261480598
B1345264549078N01146145EA005780070800000331480598
B1345274549074N01146149EA005800070900000331480598
B1345284549071N01146152EA005810071200000251440598
B1345294549068N01146156EA005830071400000251400598
B1345304549066N01146161EA005850071700000281260598
B1345314549065N01146168EA005870071800000281120562
B1345324549066N01146177EA005890071900000421000562
B1345334549068N01146186EA005900072000000450820562
B1345344549073N01146193EA005910072000000470600562
B1345354549079N01146197EA005920072100000470380562
B1345364549086N01146197EA005930072300000420160562
B1345374549091N01146194EA005950072500000423540562
B1345384549095N01146189EA005960072700000333320562
B1345394549097N01146183EA005980072800000333100562
B1345404549097N01146177EA005990073000000282880562
B1345414549096N01146171EA006010073200000282660562
B1345424549093N01146168EA006020073400000232400562
B1345434549090N01146166EA006040073600000232140562
B1345444549087N01146165EA006060073800000242000562
B1345454549083N01146165EA006070073900000241860562
B1345464549079N01146166EA006090074100000261750562
B1345474549076N01146170EA006110074300000261640562
B1345484549073N01146176EA006120074400000351380562
B1345494549073N01146184EA006140074500000351120562
B1345504549075N01146193EA006150074600000430860562
B1345514549079N01146200EA006160074700000430660562
B1345524549084N01146206EA006170074800000440470562
B1345534549090N01146208EA006190075000000440280562
B1345544549096N01146207EA006200075200000400090562
B1345554549102N01146204EA006210075300000403500562
B1345564549106N01146200EA006230075500000363360562
B1345574549110N01146194EA006240075700000363220600
B1345584549113N01146188EA006260075900000343090600
B1345594549114N01146181EA006280076100000342960600
B1346004549114N01146174EA006300076200000302810600
B1346014549113N01146169EA006320076400000302660600
B1346024549111N01146164EA006340076600000242470600
B1346034549108N01146162EA006350076800000242280562
B1346044549105N01146162EA006370077000000232000562
B1346054549101N01146164EA006380077100000231720562
B1346064549098N01146169EA006390077100000311500562
B1346074549096N01146176EA006400077100000311280562
B1346084549096N01146183EA006400077200000361080562
B1346094549097N01146191EA006410077300000360880562
B1346104549100N01146198EA006420077300000400710562
B1346114549104N01146204EA006430077400000400540562
B1346124549109N01146209EA006430077400000410400562
B1346134549115N01146211EA006440077500000410260600
B1346144549121N01146211EA006450077600000390100600
B1346154549127N01146209EA006450077700000393540600
B1346164549132N01146205EA006460077800000373410600
B1346174549136N01146200EA006480078000000373280600
B1346184549139N01146194EA006490078100000353170600
B1346194549143N01146188EA006500078200000353060600
B1346204549146N01146182EA006510078300000333050600
B1346214549148N01146176EA006520078500000333040600
B1346224549149N01146170EA006530078600000292960600
B1346234549150N01146164EA006550078700000292820600
B1346244549148N01146159EA006560078800000232630644
B1346254549146N01146156EA006570079000000232440644
B1346264549143N01146155EA006580079100000232140644
B1346274549140N01146156EA006580079100000231840644
B1346284549136N01146159EA006590079100000241640644
B1346294549133N01146163EA006590079200000241440600
B1346304549130N01146169EA006600079200000351340600
B1346314549127N01146176EA006600079300000351240600
B1346324549126N01146183EA006610079400000351140600
B1346334549125N01146191EA006620079600000351040600
B1346344549127N01146198EA006630079600000350870600
B1346354549130N01146205EA006630079600000350700600
B1346364549135N01146211EA006630079500000430530600
B1346374549140N01146215EA006630079500000430360579
B1346384549146N01146216EA006630079500000400180579
B1346394549152N01146214EA006630079500000400000579
B1346404549157N01146211EA006630079600000383450600
B1346414549162N01146206EA006630079600000383300651
B1346424549166N01146201EA006640079700000333220651
B1346434549169N01146196EA006650079800000333140651
B1346444549172N01146191EA006660079900000303100651
B1346454549174N01146186EA006670080100000303060651
B1346464549176N01146181EA006680080200000243030651
B1346474549178N01146176EA006680080200000243000651
B1346484549180N01146171EA006690080300000293000651
B1346494549183N01146165EA006700080300000293000651
B1346504549184N01146159EA006700080300000332940689
B1346514549185N01146152EA006710080400000332880689
B1346524549186N01146146EA006730080600000272790689
B1346534549185N01146141EA006740080900000272700689
B1346544549183N01146137EA006770081100000182470689
B1346554549180N01146136EA006790081300000182240689
B1346564549176N01146138EA006800081400000311900689
B1346574549172N01146144EA006800081300000311560689
B1346584549170N01146153EA006790081100000451260689
B1346594549170N01146163EA006790081000000471040651
B1347004549172N01146172EA006790081200000470820651
B1347014549177N01146180EA006800081400000470640651
B1347024549182N01146186EA006810081600000460440651
B1347034549189N01146189EA006820081700000460280651
B1347044549196N01146190EA006830081700000450130651
B1347054549202N01146188EA006830081800000453580651
B1347064549209N01146185EA006840081900000443480651
B1347074549214N01146181EA006850082000000443380673
B1347084549219N01146177EA006870082300000343280673
B1347094549222N01146171EA006880082500000343180673
B1347104549224N01146165EA006900082700000333040673
B1347114549225N01146158EA006910082700000332900719
B1347124549226N01146150EA006920082800000352820719
B1347134549226N01146143EA006940083000000352760719
B1347144549224N01146138EA006950083200000262560719
B1347154549221N01146135EA006970083400000262360719
B1347164549217N01146135EA006990083600000272030719
B1347174549214N01146139EA007010083700000271700719
B1347184549212N01146146EA007030083900000381360719
B1347194549212N01146155EA007050084000000421020719
B1347204549214N01146163EA007070084400000410830673
B1347214549218N01146170EA007100084700000410640673
B1347224549223N01146174EA007120085000000410450673
B1347234549228N01146178EA007140085200000410260673
B1347244549235N01146180EA007160085400000430200673
B1347254549241N01146181EA007180085600000430140673
B1347264549247N01146179EA007210085800000413580673
B1347274549252N01146175EA007230086100000413420673
B1347284549254N01146169EA007250086300000323170673
B1347294549255N01146162EA007270086400000322920673
B1347304549253N01146155EA007280086400000362680719
B1347314549249N01146149EA007290086500000362440719
B1347324549245N01146147EA007300086700000292190719
B1347334549241N01146146EA007320087000000291940719
B1347344549238N01146147EA007340087300000221810719
B1347354549235N01146149EA007370087600000221680719
B1347364549232N01146154EA007390087700000321440719
B1347374549231N01146162EA007410087800000321200673
B1347384549230N01146172EA007430087900000471020673
B1347394549232N01146182EA007440088000000470860673
B1347404549235N01146190EA007460088300000450700673
B1347414549241N01146196EA007480088500000450540673
B1347424549247N01146198EA007490088700000440300673
B1347434549253N01146198EA007500088700000420080673
B1347444549259N01146196EA007520089000000403530716
B1347454549264N01146191EA007530089200000403380716
B1347464549268N01146185EA007550089400000363230716
B1347474549270N01146179EA007570089700000363080716
B1347484549271N01146171EA007590089800000352900716
B1347494549270N01146164EA007610090000000352700716
B1347504549267N01146157EA007620090100000362500742
B1347514549263N01146153EA007640090200000362300742
B1347524549258N01146151EA007650090400000312080719
B1347534549254N01146152EA007670090600000311860719
B1347544549249N01146156EA007690090800000331630719
B1347554549247N01146162EA007710091100000331400673
B1347564549246N01146171EA007730091300000411160673
B1347574549247N01146180EA007750091400000440920673
B1347584549250N01146188EA007760091600000440750673
B1347594549254N01146195EA007780091700000440580673
B1348004549260N01146200EA007790091900000450400716
B1348014549267N01146202EA007810092000000450220716
B1348024549273N01146201EA007820092200000400040716
B1348034549278N01146197EA007840092600000403460716
B1348044549282N01146193EA007870092900000303280716
B1348054549284N01146187EA007890093100000303100716
B1348064549284N01146180EA007910093200000342900716
B1348074549283N01146172EA007920093300000362700716
B1348084549280N01146166EA007930093300000372510716
B1348094549276N01146162EA007940093400000372320716
B1348104549271N01146160EA007960093700000322070742
B1348114549267N01146163EA007980093900000321820716
B1348124549264N01146168EA008000094100000321510716
B1348134549263N01146175EA008010094200000321200716
B1348144549263N01146184EA008030094300000411000716
B1348154549265N01146192EA008050094500000410860716
B1348164549269N01146199EA008060094600000430620716
B1348174549275N01146203EA008070094700000430380716
B1348184549281N01146205EA008080094800000430220716
B1348194549287N01146205EA008100095100000430060716
B1348204549292N01146204EA008120095400000313560716
B1348214549297N01146201EA008140095700000313460716
B1348224549300N01146197EA008160095900000313290716
B1348234549302N01146190EA008180096100000313120716
B1348244549303N01146183EA008190096100000363120716
B1348254549302N01146175EA008200096200000362720716
B1348264549299N01146169EA008210096300000342480716
B1348274549295N01146166EA008220096400000342240716
B1348284549290N01146166EA008230096500000311980716
B1348294549286N01146169EA008240096700000311720716
B1348304549281N01146173EA008250096800000331570716
B1348314549278N01146178EA008270097000000331420716
B1348324549274N01146182EA008290097200000301400716
B1348334549271N01146187EA008310097400000301380716
B1348344549270N01146193EA008320097600000331220716
B1348354549269N01146201EA008340097800000331060716
B1348364549270N01146208EA008360097900000340920716
B1348374549272N01146215EA008360098000000340780678
B1348384549275N01146223EA008370098000000470640678
B1348394549281N01146230EA008380097900000470500678
B1348404549287N01146235EA008390098000000490360678
B1348414549294N01146238EA008400098200000490220678
B1348424549300N01146238EA008410098400000400100678
B1348434549306N01146237EA008420098600000403580678
B1348444549312N01146235EA008440098700000393510747
B1348454549318N01146232EA008450098800000393440747
B1348464549323N01146229EA008460099000000403390747
B1348474549328N01146224EA008480099200000403340747
B1348484549332N01146219EA008490099400000323230747
B1348494549334N01146214EA008510099600000323120747
B1348504549334N01146207EA008520099700000312850758
B1348514549331N01146201EA008530099600000312580758
B1348524549326N01146198EA008530099500000362260758
B1348534549321N01146199EA008530099500000361940758
B1348544549316N01146201EA008540099700000301740758
B1348554549313N01146204EA008560100000000301540758
B1348564549311N01146208EA008580100300000241360758
B1348574549310N01146214EA008600100600000241180747
B1348584549310N01146221EA008620100700000351000747
B1348594549312N01146229EA008630100800000350820747
B1349004549315N01146236EA008640100900000400690747
B1349014549319N01146243EA008660100900000400560747
B1349024549325N01146248EA008660100900000440410747
B1349034549331N01146251EA008670101000000440260747
B1349044549337N01146251EA008670101100000420120747
B1349054549343N01146250EA008680101200000423580747
B1349064549349N01146247EA008690101400000373450747
B1349074549353N01146242EA008710101600000373320747
B1349084549356N01146236EA008730101800000323140747
B1349094549356N01146229EA008740102000000322960747
B1349104549356N01146222EA008760102100000362750747
B1349114549353N01146215EA008770102200000362540747
B1349124549349N01146212EA008790102500000282310747
B1349134549346N01146210EA008810102800000282080758
B1349144549342N01146212EA008830103000000241800747
B1349154549339N01146216EA008850103200000241520747
B1349164549338N01146222EA008870103400000311300747
B1349174549337N01146229EA008880103400000311080747
B1349184549338N01146237EA008890103500000380900747
B1349194549341N01146244EA008910103600000380720747
B1349204549346N01146249EA008920103700000420520747
B1349214549352N01146252EA008920103700000420320747
B1349224549359N01146252EA008930103800000430140797
B1349234549365N01146250EA008940103900000433560797
B1349244549370N01146245EA008950104100000403390797
B1349254549374N01146239EA008960104300000403220797
B1349264549377N01146233EA008980104400000353100797
B1349274549380N01146226EA008990104600000353000797
B1349284549382N01146219EA009010104800000332950797
B1349294549383N01146213EA009020105000000332900797
B1349304549382N01146206EA009040105100000332730808
B1349314549379N01146199EA009050105100000332560808
B1349324549375N01146194EA009060105100000382330808
B1349334549370N01146192EA009080105400000382100808
B1349344549365N01146193EA009100105700000311890808
B1349354549361N01146195EA009120106100000311680808
B1349364549358N01146200EA009160106500000261480758
B1349374549357N01146205EA009180106700000261280758
B1349384549356N01146212EA009200106800000341120747
B1349394549356N01146220EA009220106900000340960747
B1349404549357N01146228EA009230107000000360820747
B1349414549360N01146234EA009250107100000360680797
B1349424549365N01146239EA009260107300000390500797
B1349434549370N01146242EA009270107400000390320797
B1349444549376N01146243EA009290107500000380160797
B1349454549382N01146241EA009300107700000380000797
B1349464549387N01146237EA009310107800000393420797
B1349474549391N01146231EA009320107900000393240797
B1349484549393N01146225EA009330108100000353060797
B1349494549393N01146217EA009340108200000342880797
B1349504549392N01146210EA009350108200000342680808
B1349514549389N01146204EA009360108200000342480808
B1349524549386N01146197EA009360108300000372390808
B1349534549382N01146191EA009380108500000372300808
B1349544549379N01146186EA009400108800000292280808
B1349554549376N01146183EA009420109100000292260808
B1349564549372N01146182EA009440109400000262080808
B1349574549368N01146183EA009460109500000261900808
B1349584549364N01146187EA009480109600000331630808
B1349594549361N01146193EA009500109700000331360808
B1350004549361N01146201EA009510109800000381130808
B1350014549362N01146209EA009530110100000380900808
B1350024549366N01146215EA009550110300000350660797
B1350034549370N01146218EA009570110600000350420797
B1350044549375N01146218EA009590110700000320190797
B1350054549380N01146217EA009610110900000323560797
B1350064549385N01146214EA009620111000000383440797
B1350074549390N01146209EA009630111100000383320808
B1350084549393N01146203EA009640111300000333170808
B1350094549394N01146197EA009650111500000333020808
B1350104549393N01146189EA009660111500000362720808
B1350114549390N01146182EA009660111400000362520808
B1350124549386N01146175EA009670111500000402380808
B1350134549382N01146171EA009690111700000402240808
B1350144549378N01146169EA009700111900000292070808
B1350154549374N01146170EA009720112200000291900808
B1350164549370N01146174EA009740112400000331620808
B1350174549367N01146180EA009760112500000331340808
B1350184549367N01146187EA009780112600000321090808
B1350194549369N01146193EA009790112800000320840808
B1350204549373N01146197EA009800112900000300580808
B1350214549377N01146200EA009810113000000300320808
B1350224549381N01146204EA009820113000000360330808
B1350234549386N01146210EA009820113000000360340808
B1350244549390N01146217EA009820112900000420420797
B1350254549393N01146224EA009830113000000420500797
B1350264549396N01146232EA009840113200000410500797
B1350274549398N01146240EA009860113400000410700797
B1350284549401N01146248EA009870113700000400600797
B1350294549406N01146254EA009900114000000400500797
B1350304549410N01146258EA009920114300000340420853
B1350314549414N01146261EA009950114700000340340853
B1350324549418N01146264EA009970114900000310290824
B1350334549423N01146268EA009980114900000310240824
B1350344549429N01146273EA009990114700000490270824
B1350354549435N01146279EA009990114600000490300824
B1350364549440N01146286EA009990114600000450360824
B1350374549445N01146292EA010000114800000450420824
B1350384549450N01146297EA010010115000000390400824
B1350394549455N01146302EA010030115200000390380824
B1350404549460N01146307EA010040115200000420350874
B1350414549465N01146313EA010040115200000420320823
B1350424549470N01146318EA010050115300000420340823
B1350434549475N01146324EA010050115400000420360823
B1350444549480N01146331EA010060115500000420400823
B1350454549484N01146337EA010070115700000420440823
B1350464549489N01146343EA010090115800000410430823
B1350474549494N01146350EA010100116000000410420823
B1350484549498N01146356EA010110116100000410420823
B1350494549503N01146362EA010130116300000410420759
B1350504549507N01146368EA010140116400000410430759
B1350514549512N01146374EA010160116600000410440748
B1350524549515N01146381EA010180116800000380470748
B1350534549519N01146387EA010190117000000380500748
B1350544549522N01146393EA010210117100000370490748
B1350554549527N01146399EA010230117300000370480748
B1350564549531N01146405EA010240117400000390420748
B1350574549536N01146409EA010260117600000390360748
B1350584549541N01146414EA010270117800000370330689
B1350594549545N01146418EA010290117900000370300689
B1351004549550N01146422EA010290118000000380290689
B1351014549556N01146426EA010300118000000380280689
B1351024549561N01146431EA010310118000000430300696
B1351034549566N01146436EA010310118100000430320696
B1351044549572N01146441EA010320118200000390310696
B1351054549576N01146445EA010320118300000390300696
B1351064549581N01146448EA010330118400000350290696
B1351074549586N01146452EA010340118400000350280696
B1351084549591N01146457EA010340118400000420300696
B1351094549597N01146462EA010330118200000420320641
B1351104549603N01146469EA010330118100000480350641
B1351114549608N01146475EA010330118200000480380641
B1351124549613N01146481EA010330118300000390390681
B1351134549617N01146486EA010340118400000390400681
B1351144549621N01146492EA010350118500000380420681
B1351154549625N01146498EA010350118500000380440681
B1351164549630N01146505EA010350118400000450460681
B1351174549634N01146513EA010350118400000450480637
B1351184549638N01146520EA010350118400000430480637
B1351194549643N01146527EA010360118500000430480637
B1351204549647N01146535EA010360118400000470490637
B1351214549651N01146543EA010350118300000470500637
B1351224549655N01146550EA010350118300000430510637
B1351234549659N01146557EA010340118200000430520694
B1351244549664N01146565EA010330118100000450500672
B1351254549668N01146573EA010320117900000450480672
B1351264549673N01146581EA010310117700000500500672
B1351274549677N01146590EA010300117600000500520672
B1351284549682N01146598EA010290117500000490520672
B1351294549687N01146606EA010280117500000490520672
B1351304549691N01146614EA010270117400000450510682
B1351314549695N01146622EA010250117200000450500682
B1351324549700N01146631EA010240116900000520520682
B1351334549704N01146640EA010210116600000560540682
B1351344549710N01146650EA010200116500000580520735
B1351354549716N01146659EA010190116400000570480735
B1351364549722N01146668EA010180116500000550460771
B1351374549727N01146676EA010180116500000550460771
B1351384549733N01146684EA010180116600000490440771
B1351394549738N01146691EA010180116600000490420771
B1351404549744N01146697EA010180116600000520390771
B1351414549751N01146704EA010190116600000520360771
B1351424549757N01146709EA010200116800000500320771
B1351434549764N01146714EA010210117000000500280835
B1351444549771N01146717EA010230117300000470220835
B1351454549777N01146720EA010240117500000470160835
B1351464549783N01146722EA010260117800000370150835
B1351474549788N01146725EA010280118000000370140835
B1351484549793N01146728EA010300118200000380210835
B1351494549798N01146733EA010310118300000380280835
B1351504549803N01146737EA010330118400000390300835
B1351514549808N01146741EA010340118600000390320835
B1351524549813N01146745EA010360118700000380270881
B1351534549819N01146748EA010370118800000380220881
B1351544549825N01146750EA010380118900000420180881
B1351554549831N01146752EA010390119000000420140881
B1351564549837N01146754EA010400119200000390100881
B1351574549843N01146754EA010410119500000390060881
B1351584549848N01146752EA010430119700000343530881
B1351594549852N01146748EA010450120000000343400881
B1352004549856N01146742EA010470120100000393240881
B1352014549858N01146734EA010490120300000383060881
B1352024549858N01146727EA010510120500000332800881
B1352034549855N01146722EA010530120700000332540881
B1352044549850N01146719EA010550120900000332230881
B1352054549845N01146720EA010560121000000331920881
B1352064549841N01146725EA010580121200000361600881
B1352074549839N01146733EA010600121300000361280881
B1352084549840N01146740EA010620121500000340990881
B1352094549843N01146745EA010640121800000340700881
B1352104549847N01146748EA010660122100000290450881
B1352114549851N01146749EA010680122300000290200881
B1352124549857N01146749EA010700122500000370080881
B1352134549862N01146748EA010710122600000373560953
B1352144549868N01146745EA010730122700000383440953
B1352154549872N01146739EA010740122900000383320953
B1352164549873N01146733EA010760123100000333070953
B1352174549873N01146725EA010780123300000332820953
B1352184549870N01146719EA010790123400000342540953
B1352194549865N01146716EA010800123500000342260953
B1352204549860N01146716EA010810123600000361980953
B1352214549855N01146720EA010820123800000361700881
B1352224549852N01146726EA010840124000000351460881
B1352234549850N01146732EA010860124200000351220881
B1352244549848N01146738EA010890124500000241180881
B1352254549847N01146742EA010910124800000241140881
B1352264549848N01146747EA010930124900000240960881
B1352274549849N01146752EA010930124900000240780881
B1352284549851N01146759EA010930124700000350690881
B1352294549855N01146765EA010940124700000350600916
B1352304549859N01146771EA010940124800000380470971
B1352314549864N01146774EA010950125000000380340971
B1352324549870N01146776EA010960125200000380200971
B1352334549876N01146775EA010980125300000380060971
B1352344549882N01146771EA010980125400000453470971
B1352354549887N01146764EA010990125500000453280971
B1352364549890N01146757EA011000125600000393110953
B1352374549891N01146749EA011020125800000352940953
B1352384549890N01146742EA011030125900000322710953
B1352394549887N01146737EA011040126100000322480953
B1352404549883N01146733EA011060126200000312260953
B1352414549879N01146733EA011070126300000312040953
B1352424549875N01146734EA011080126500000281790953
B1352434549871N01146738EA011090126500000281540953
B1352444549868N01146741EA011090126600000261470953
B1352454549866N01146745EA011100126600000261400953
B1352464549863N01146749EA011110126700000251310953
B1352474549862N01146755EA011120126800000251220953
B1352484549860N01146763EA011130126900000361100971
B1352494549860N01146770EA011140127000000360980971
B1352504549861N01146777EA011160127200000320880971
B1352514549863N01146784EA011180127500000320780971
B1352524549865N01146790EA011190127700000340690971
B1352534549868N01146797EA011210127800000340600971
B1352544549872N01146803EA011230127900000390520971
B1352554549877N01146808EA011240128100000390440971
B1352564549882N01146811EA011260128200000380331005
B1352574549887N01146813EA011270128500000380221005
B1352584549893N01146814EA011290128600000410101005
B1352594549900N01146813EA011300128800000413581005
B1353004549906N01146813EA011320128900000433581005
B1353014549913N01146814EA011330129100000410001057
B1353024549918N01146817EA011350129300000390091057
B1353034549924N01146820EA011360129400000390181057
B1353044549928N01146825EA011380129500000370291057
B1353054549932N01146831EA011380129500000370401057
B1353064549935N01146838EA011390129500000400471057
B1353074549939N01146845EA011390129400000400541057
B1353084549944N01146853EA011380129300000490501057
B1353094549949N01146861EA011390129300000490461041
B1353104549954N01146868EA011390129400000450441041
B1353114549959N01146873EA011400129700000450421071
B1353124549964N01146878EA011410129900000380381071
B1353134549969N01146883EA011430130000000380341071
B1353144549974N01146889EA011430130000000470341071
B1353154549981N01146895EA011430129900000470341071
B1353164549987N01146902EA011440129900000520351071
B1353174549993N01146909EA011450130100000520361071
B1353184549998N01146915EA011460130400000430361047
B1353194550003N01146920EA011480130600000430361047
B1353204550008N01146925EA011500130800000390371047
B1353214550012N01146931EA011510130800000390381046
B1353224550017N01146937EA011520130800000430421046
B1353234550021N01146944EA011520130800000430461046
B1353244550025N01146951EA011530130900000420451046
B1353254550030N01146957EA011530131000000420441046
B1353264550035N01146962EA011540131100000410411047
B1353274550040N01146968EA011550131200000410381047
B1353284550045N01146974EA011560131300000420381047
B1353294550050N01146979EA011580131500000420381047
B1353304550053N01146983EA011600131900000310361047
B1353314550057N01146987EA011620132100000310341047
B1353324550061N01146992EA011630132200000370371043
B1353334550066N01146998EA011640132100000370401043
B1353344550071N01147005EA011630132000000470391043
B1353354550077N01147011EA011630131900000470381064
B1353364550082N01147017EA011630132000000460361064
B1353374550088N01147023EA011630132100000460341064
B1353384550093N01147028EA011640132200000430351064
B1353394550098N01147034EA011650132300000430361064
B1353404550104N01147040EA011660132300000450361064
B1353414550109N01147046EA011660132400000450361046
B1353424550115N01147052EA011660132400000480371046
B1353434550120N01147059EA011670132500000480381046
B1353444550126N01147064EA011680132700000390361046
B1353454550130N01147068EA011700132900000390341046
B1353464550135N01147072EA011710133000000370341046
B1353474550139N01147077EA011710133000000370341046
B1353484550144N01147083EA011710132900000430371046
B1353494550149N01147090EA011710132900000430401046
B1353504550154N01147096EA011710132900000420411046
B1353514550158N01147102EA011720132900000420421046
B1353524550163N01147108EA011720133000000390421056
B1353534550167N01147114EA011720133000000390421058
B1353544550172N01147120EA011720132900000420401058
B1353554550177N01147126EA011710132900000420381058
B1353564550183N01147132EA011710132700000500381058
B1353574550189N01147140EA011700132500000500381058
B1353584550195N01147147EA011690132400000570381058
B1353594550202N01147155EA011680132300000570381058
B1354004550208N01147163EA011680132300000540381060
B1354014550214N01147170EA011680132400000540381098
B1354024550220N01147177EA011670132400000480381098
B1354034550225N01147184EA011670132300000490401098
B1354044550231N01147191EA011650132000000520391098
B1354054550237N01147198EA011630131700000520381098
B1354064550244N01147205EA011610131400000570371098
B1354074550251N01147213EA011580131100000570361094
B1354084550258N01147221EA011560130900000560381094
B1354094550264N01147229EA011540130700000560401139
B1354104550270N01147237EA011520130600000540411139
B1354114550276N01147245EA011510130500000540421139
B1354124550282N01147254EA011500130400000560441139
B1354134550288N01147262EA011490130300000560421123
B1354144550295N01147269EA011480130200000550391123
B1354154550301N01147276EA011470130100000550361123
B1354164550308N01147283EA011460130100000550381123
B1354174550314N01147291EA011460130000000550401171
B1354184550319N01147300EA011450130000000520441171
B1354194550324N01147308EA011450130000000520461171
B1354204550330N01147317EA011450130000000520481153
B1354214550335N01147325EA011450130100000520461153
B1354224550340N01147332EA011460130100000490451153
B1354234550346N01147339EA011460130200000490441153
B1354244550351N01147347EA011460130200000500421153
B1354254550357N01147354EA011470130300000500401153
B1354264550363N01147361EA011470130300000510391178
B1354274550369N01147368EA011470130400000510381178
B1354284550375N01147374EA011480130400000500381178
B1354294550381N01147381EA011480130500000500381178
B1354304550386N01147386EA011490130600000430371178
B1354314550391N01147392EA011490130700000430361178
B1354324550396N01147398EA011490130600000430381178
B1354334550401N01147404EA011490130600000430401178
B1354344550406N01147410EA011490130500000420401178
B1354354550411N01147416EA011480130400000420401200
B1354364550416N01147422EA011470130300000460401200
B1354374550421N01147429EA011460130100000460401200
B1354384550427N01147437EA011440129900000530411200
B1354394550433N01147445EA011430129700000530421200
B1354404550440N01147452EA011420129600000540411200
B1354414550446N01147460EA011410129600000540401200
B1354424550452N01147466EA011410129700000500371169
B1354434550458N01147472EA011420129900000500341169
B1354444550463N01147476EA011440130200000390301210
B1354454550468N01147480EA011450130400000390261210
B1354464550473N01147484EA011470130600000400281210
B1354474550479N01147489EA011480130600000400301210
B1354484550484N01147494EA011490130700000440331210
B1354494550489N01147500EA011500130900000440361210
B1354504550495N01147506EA011520131100000430341210
B1354514550500N01147510EA011540131400000430321210
B1354524550506N01147513EA011560131600000420251189
B1354534550512N01147516EA011580131800000420181225
B1354544550519N01147519EA011590131800000480161225
B1354554550526N01147522EA011600131800000480141225
B1354564550534N01147525EA011600131900000500161225
B1354574550540N01147528EA011610131900000500161225
B1354584550547N01147533EA011620132000000480211225
B1354594550553N01147538EA011630132100000480261225
B1355004550558N01147544EA011640132200000420301269
B1355014550563N01147549EA011650132300000420341269
B1355024550568N01147553EA011650132400000370341269
B1355034550573N01147558EA011660132400000370341269
B1355044550578N01147564EA011660132400000450361239
B1355054550584N01147569EA011670132400000450361239
B1355064550589N01147575EA011680132600000410351239
B1355074550594N01147579EA011700132900000410341239
B1355084550598N01147583EA011720133200000350291239
B1355094550604N01147585EA011750133500000350241239
B1355104550609N01147587EA011770133700000380171263
B1355114550615N01147590EA011790133900000380101263
B1355124550619N01147593EA011800134000000350221263
B1355134550622N01147599EA011820134200000350341263
B1355144550623N01147605EA011830134300000290601263
B1355154550621N01147611EA011840134400000290861217
B1355164550618N01147613EA011850134400000301241217
B1355174550613N01147612EA011870134600000301621217
B1355184550610N01147608EA011890134900000271961263
B1355194550609N01147604EA011910135200000272301263
B1355204550607N01147599EA011930135500000222401239
B1355214550607N01147594EA011960135800000222501239
B1355224550606N01147590EA011980136100000232561239
B1355234550606N01147583EA012000136200000232621239
B1355244550607N01147576EA012010136200000382691239
B1355254550607N01147568EA012030136300000352761239
B1355264550607N01147561EA012050136600000262681239
B1355274550606N01147557EA012070136900000262601269
B1355284550603N01147553EA012090137100000252401269
B1355294550600N01147551EA012100137100000252201269
B1355304550596N01147552EA012100137100000261901269
B1355314550593N01147557EA012110137200000261601269
B1355324550592N01147564EA012120137300000361251239
B1355334550594N01147572EA012130137400000360901239
B1355344550598N01147579EA012140137500000440671239
B1355354550604N01147585EA012150137600000440441239
B1355364550610N01147588EA012150137700000430291263
B1355374550617N01147588EA012160137800000430141263
B1355384550624N01147588EA012170137800000490061263
B1355394550632N01147589EA012170137900000513581263
B1355404550640N01147590EA012180138000000520021263
B1355414550647N01147592EA012200138100000520081263
B1355424550652N01147596EA012220138500000400161263
B1355434550657N01147600EA012240138800000400241263
B1355444550662N01147605EA012260139000000390291294
B1355454550667N01147610EA012280139100000390341294
B1355464550671N01147615EA012300139200000350391251
B1355474550674N01147621EA012320139500000350441251
B1355484550676N01147627EA012340139700000300531251
B1355494550678N01147632EA012360140000000300621251
B1355504550681N01147638EA012380140200000310571251
B1355514550683N01147644EA012400140400000310521251
B1355524550685N01147650EA012420140600000310631251
B1355534550686N01147656EA012440140800000310741251
B1355544550688N01147662EA012460141000000280691215
B1355554550690N01147668EA012480141200000280641215
B1355564550691N01147673EA012490141300000300671215
B1355574550692N01147680EA012500141300000300701215
B1355584550691N01147686EA012500141200000320911215
B1355594550688N01147692EA012500141200000321121215
B1356004550685N01147697EA012510141300000321231215
B1356014550682N01147702EA012520141500000321341215
B1356024550680N01147707EA012530141700000251281215
B1356034550677N01147712EA012550141900000251221176
B1356044550675N01147717EA012560141900000301221176
B1356054550672N01147722EA012560141800000331241176
B1356064550669N01147728EA012560141800000331271176
B1356074550666N01147733EA012560141900000331301176
B1356084550664N01147738EA012570142000000281241176
B1356094550662N01147744EA012580142100000281181176
B1356104550661N01147750EA012580142100000301101176
B1356114550660N01147757EA012580142000000301021176
B1356124550658N01147763EA012580141900000331101136
B1356134550655N01147769EA012580141800000331181093
B1356144550651N01147776EA012580141800000371231093
B1356154550648N01147782EA012580141900000371281093
B1356164550645N01147788EA012590142100000311251093
B1356174550643N01147793EA012610142300000311221093
B1356184550640N01147799EA012620142400000291251093
B1356194550637N01147804EA012630142500000291281093
B1356204550634N01147810EA012630142500000331251093
B1356214550632N01147816EA012640142500000331221056
B1356224550629N01147822EA012640142600000321191056
B1356234550627N01147828EA012650142700000321161056
B1356244550625N01147834EA012660142800000311181056
B1356254550622N01147840EA012670142800000311201056
B1356264550620N01147846EA012670142800000361201056
B1356274550616N01147854EA012680142700000361201056
B1356284550613N01147861EA012670142600000431231013
B1356294550609N01147869EA012660142400000431261013
B1356304550605N01147876EA012650142300000431240985
B1356314550602N01147885EA012650142300000441220985
B1356324550599N01147893EA012650142300000431170985
B1356334550597N01147901EA012640142300000431120985
B1356344550594N01147909EA012640142300000401140985
B1356354550591N01147917EA012640142300000401160948
B1356364550588N01147925EA012630142200000411160948
B1356374550585N01147933EA012630142100000411160948
B1356384550582N01147942EA012610141900000441160948
B1356394550579N01147950EA012600141800000441160948
B1356404550576N01147959EA012590141600000481160948
B1356414550572N01147969EA012580141400000511200907
B1356424550568N01147979EA012560141100000541200907
B1356434550564N01147989EA012540140900000551200907
B1356444550560N01148000EA012530140700000551180907
B1356454550556N01148010EA012510140600000531160830
B1356464550552N01148019EA012500140500000511180830
B1356474550547N01148029EA012480140400000511200830
B1356484550543N01148038EA012460140200000521220830
B1356494550539N01148048EA012440139900000551200830
B1356504550535N01148059EA012420139500000571200830
B1356514550531N01148070EA012390139200000591180783
B1356524550527N01148082EA012360138900000591160783
B1356534550523N01148093EA012340138600000591160783
B1356544550519N01148104EA012310138400000581160783
B1356554550515N01148116EA012290138200000561140753
B1356564550511N01148126EA012280138100000551160753
B1356574550508N01148136EA012260137900000541160753
B1356584550504N01148147EA012230137600000551160802
B1356594550500N01148158EA012210137300000571160802
B1357004550495N01148168EA012180136900000591180766
B1357014550491N01148180EA012150136500000601200766
B1357024550486N01148191EA012120136100000601180766
B1357034550482N01148203EA012090135900000591180766
B1357044550478N01148213EA012060135700000571180738
B1357054550474N01148224EA012040135500000551180738
B1357064550470N01148234EA012020135300000551200738
B1357074550466N01148245EA012000135100000551180738
B1357084550463N01148257EA011970134800000581120738
B1357094550460N01148268EA011940134400000591100696
B1357104550457N01148280EA011920134100000591100718
B1357114550453N01148292EA011890133900000591140718
B1357124550449N01148303EA011870133600000591160718
B1357134550445N01148314EA011840133400000601160668
B1357144550441N01148326EA011820133100000611140668
B1357154550437N01148338EA011790132800000621140668
B1357164550433N01148350EA011760132500000621140668
B1357174550429N01148362EA011740132200000611160625
B1357184550425N01148374EA011720132000000591160625
B1357194550421N01148385EA011700131900000571140625
B1357204550418N01148396EA011680131700000561140625
B1357214550414N01148407EA011660131500000561120625
B1357224550411N01148419EA011630131300000571120595
B1357234550407N01148430EA011610130900000591120591
B1357244550404N01148442EA011580130600000601120591
B1357254550400N01148454EA011550130300000601120591
B1357264550397N01148466EA011530130000000601100574
B1357274550395N01148479EA011500129800000601080574
B1357284550392N01148491EA011470129500000601060574
B1357294550389N01148503EA011450129200000601060574
B1357304550385N01148515EA011420128900000601080576
B1357314550382N01148527EA011390128600000601120576
B1357324550378N01148539EA011360128300000591140576
B1357334550374N01148550EA011330128000000591140576
B1357344550371N01148562EA011300127700000581140575
B1357354550367N01148573EA011280127400000581120575
B1357364550363N01148584EA011250127200000581140575
B1357374550359N01148595EA011230126900000571180575
B1357384550355N01148606EA011200126600000561180557
B1357394550351N01148617EA011180126400000551180551
B1357404550347N01148627EA011150126100000551160551
B1357414550343N01148638EA011130125900000541160551
B1357424550339N01148648EA011100125600000541160551
B1357434550336N01148659EA011080125400000531160551
B1357444550332N01148669EA011060125100000531160544
B1357454550329N01148679EA011030124900000531140544
B1357464550325N01148690EA011010124700000541160544
B1357474550321N01148700EA010990124500000541160544
B1357484550317N01148710EA010970124300000541180527
B1357494550313N01148720EA010950124100000531180527
B1357504550309N01148730EA010930123900000531200527
B1357514550305N01148740EA010910123700000531200512
B1357524550301N01148750EA010890123500000521200512
B1357534550298N01148760EA010880123400000501160502
B1357544550295N01148769EA010870123300000491140502
B1357554550292N01148779EA010850123200000481120502
B1357564550290N01148789EA010840123100000481100502
B1357574550288N01148799EA010830123000000481100502
B1357584550285N01148808EA010820122900000461080502
B1357594550283N01148817EA010810122900000431080491
B1358004550281N01148826EA010800122800000411100491
B1358014550278N01148834EA010790122700000411120491
B1358024550275N01148841EA010790122600000411150491
B1358034550272N01148849EA010780122500000411180491
B1358044550268N01148857EA010770122500000411200491
B1358054550265N01148864EA010770122500000411220488
B1358064550262N01148872EA010770122500000431220488
B1358074550258N01148880EA010770122500000431220472
B1358084550255N01148889EA010770122500000441200472
B1358094550252N01148897EA010770122600000441180472
B1358104550249N01148906EA010770122600000461140472
B1358114550246N01148916EA010770122600000471120468
B1358124550244N01148925EA010780122600000461100468
B1358134550241N01148934EA010780122600000451120468
B1358144550238N01148943EA010780122700000451140468
B1358154550235N01148951EA010780122600000451140468
B1358164550231N01148960EA010770122500000481180462
B1358174550228N01148970EA010770122400000501180462
B1358184550225N01148979EA010770122400000491160462
B1358194550222N01148988EA010770122600000431140462
B1358204550219N01148996EA010780122800000381160462
B1358214550216N01149003EA010790122900000381180462
B1358224550213N01149011EA010790122800000421170458
B1358234550210N01149020EA010780122700000481160458
B1358244550207N01149030EA010770122400000521140442
B1358254550203N01149040EA010760122200000511140442
B1358264550199N01149048EA010740122100000461180442
B1358274550196N01149056EA010730122000000461220442
B1358284550192N01149064EA010720121900000421210441
B1358294550189N01149072EA010700121700000421200441
B1358304550186N01149081EA010680121500000471180441
B1358314550182N01149090EA010670121200000491180441
B1358324550178N01149099EA010650121000000501180441
B1358334550175N01149108EA010640120900000491200441
B1358344550171N01149117EA010620120800000461200438
B1358354550168N01149126EA010620120800000461180438
B1358364550165N01149134EA010610120700000451180438
B1358374550161N01149143EA010610120700000441180438
B1358384550158N01149151EA010600120600000441190428
B1358394550154N01149159EA010590120400000441200428
B1358404550151N01149167EA010580120300000441190429
B1358414550148N01149176EA010570120200000441180429
B1358424550144N01149184EA010550120000000461210429
B1358434550140N01149192EA010540119900000461240429
B1358444550136N01149200EA010530119800000461250429
B1358454550132N01149208EA010530119800000461260429
B1358464550128N01149216EA010520119800000421240427
B1358474550125N01149223EA010520119900000421220427
B1358484550122N01149231EA010530119900000401200427
B1358494550119N01149239EA010520119900000401180427
B1358504550116N01149247EA010520119800000431160427
B1358514550113N01149255EA010520119700000431140427
B1358524550110N01149264EA010510119600000441180422
B1358534550106N01149272EA010510119600000441220408
B1358544550102N01149280EA010500119600000431210408
B1358554550099N01149288EA010500119600000431200408
B1358564550097N01149296EA010500119600000421140408
B1358574550095N01149305EA010500119500000411080408
B1358584550093N01149313EA010490119400000401080404
B1358594550091N01149321EA010490119400000401080404
B1359004550088N01149329EA010480119300000411140404
B1359014550085N01149337EA010480119200000411180404
B1359024550082N01149344EA010470119200000401170404
B1359034550079N01149352EA010470119100000401160404
B1359044550076N01149361EA010450118900000451160398
B1359054550073N01149369EA010440118600000451180398
B1359064550069N01149378EA010410118300000501200398
B1359074550065N01149388EA010390118000000491220398
B1359084550061N01149397EA010370117800000491200398
B1359094550058N01149407EA010360117700000491160393
B1359104550055N01149416EA010340117600000471120387
B1359114550052N01149425EA010330117500000451120387
B1359124550049N01149433EA010320117400000431160387
B1359134550046N01149441EA010300117300000431200387
B1359144550042N01149450EA010290117200000451200387
B1359154550039N01149459EA010280117100000461180385
B1359164550036N01149468EA010270116900000481160385
B1359174550032N01149477EA010260116700000501180385
B1359184550028N01149487EA010240116500000521180385
B1359194550025N01149497EA010220116300000541180385
B1359204550021N01149508EA010200116100000551160385
B1359214550017N01149519EA010190115900000551140378
B1359224550013N01149529EA010180115800000541160378
B1359234550009N01149539EA010170115800000541180378
B1359244550005N01149548EA010160115800000521200368
B1359254550000N01149557EA010170115800000491240368
B1359264549996N01149566EA010170116000000471240368
B1359274549993N01149574EA010180116100000471220368
B1359284549989N01149583EA010190116300000441200368
B1359294549986N01149591EA010200116300000441180368
B1359304549983N01149601EA010200116300000471160368
B1359314549981N01149611EA010210116300000501120362
B1359324549978N01149621EA010210116300000521080362
B1359334549976N01149632EA010210116300000521060362
B1359344549973N01149642EA010220116300000501080362
B1359354549970N01149652EA010220116300000491100362
B1359364549967N01149661EA010220116300000471120350
B1359374549964N01149671EA010210116300000461140350
B1359384549962N01149680EA010210116200000471140350
B1359394549960N01149690EA010200116100000481100350
B1359404549958N01149700EA010200116000000481060350
B1359414549955N01149710EA010190115900000501040343
B1359424549953N01149720EA010170115700000501080343
B1359434549949N01149730EA010160115500000511100343
B1359444549946N01149739EA010150115400000491140343
B1359454549943N01149749EA010140115300000481140343
B1359464549940N01149758EA010130115300000471120343
B1359474549938N01149768EA010120115200000471100344
B1359484549935N01149778EA010100115000000491080344
B1359494549933N01149788EA010090114700000511080344
B1359504549930N01149799EA010070114500000531080344
B1359514549927N01149810EA010050114300000551100340
B1359524549923N01149821EA010030114000000561120340
B1359534549919N01149832EA010010113800000551160340
B1359544549915N01149841EA010000113800000511180340
B1359554549912N01149850EA010000113900000441200340
B1359564549910N01149858EA010000114000000371170340
B1359574549908N01149865EA010000114100000371140332
B1359584549907N01149870EA009990114100000261060332
B1359594549906N01149876EA009980113900000260980332
B1400004549904N01149882EA009960113600000361100332
B1400014549899N01149888EA009930113200000361220332
B1400024549893N01149889EA009910112900000431500332
B1400034549887N01149887EA009880112700000431780332
B1400044549882N01149881EA009860112500000392020332
B1400054549879N01149876EA009840112400000392260332
B1400064549876N01149870EA009830112400000322270332
B1400074549872N01149865EA009810112200000322280332
B1400084549868N01149860EA009790111900000362230332
B1400094549864N01149854EA009760111500000362180334
B1400104549860N01149847EA009730111100000452250334
B1400114549856N01149839EA009690110700000472320327
B1400124549851N01149831EA009660110400000472320327
B1400134549846N01149825EA009630110200000472260327
B1400144549841N01149819EA009610109900000452230327
B1400154549836N01149812EA009580109700000452200327
B1400164549831N01149804EA009550109400000502240322
B1400174549826N01149795EA009530109200000512300322
B1400184549821N01149786EA009500108900000522320322
B1400194549816N01149778EA009480108800000522300322
B1400204549811N01149769EA009460108600000512280322
B1400214549807N01149761EA009450108600000502300319
B1400224549802N01149752EA009430108500000502320325
B1400234549798N01149743EA009420108300000492340325
B1400244549793N01149735EA009410108200000482320325
B1400254549789N01149727EA009400108200000462300325
B1400264549784N01149720EA009390108000000452290325
B1400274549780N01149713EA009370107900000452280325
B1400284549776N01149705EA009350107600000472280325
B1400294549771N01149697EA009320107300000492300325
B1400304549767N01149688EA009290106900000482320325
B1400314549763N01149679EA009270106600000482340325
B1400324549759N01149671EA009240106300000482340325
B1400334549754N01149663EA009210106000000482340321
B1400344549750N01149655EA009180105700000482320320
B1400354549745N01149647EA009140105400000482280320
B1400364549740N01149640EA009120105100000482270320
B1400374549735N01149632EA009090104900000472260320
B1400384549731N01149624EA009060104600000452280320
B1400394549726N01149617EA009040104400000452280320
B1400404549722N01149610EA009010104200000442280320
B1400414549718N01149603EA008990103900000442280325
B1400424549713N01149596EA008970103800000422280325
B1400434549709N01149589EA008950103700000422280325
B1400444549705N01149583EA008930103600000402290310
B1400454549701N01149576EA008920103500000402300310
B1400464549697N01149569EA008910103400000422280310
B1400474549692N01149563EA008890103200000422260310
B1400484549688N01149557EA008890103200000422230314
B1400494549683N01149551EA008880103300000422200314
B1400504549678N01149544EA008870103200000422240314
B1400514549674N01149537EA008860103100000422280314
B1400524549670N01149530EA008850103000000462280314
B1400534549665N01149522EA008840102900000482280314
B1400544549660N01149514EA008830102700000492260314
B1400554549656N01149506EA008830102700000482260311
B1400564549651N01149499EA008820102700000452280311
B1400574549647N01149492EA008820102800000452300311
B1400584549643N01149486EA008820102900000352260311
B1400594549639N01149481EA008820102900000352220311
B1401004549635N01149475EA008820102800000392230311
B1401014549631N01149469EA008810102600000392240311
B1401024549627N01149462EA008800102500000432240311
B1401034549623N01149455EA008790102400000422300314
B1401044549619N01149448EA008790102400000412290314
B1401054549615N01149441EA008780102300000412280314
B1401064549611N01149434EA008780102300000412310314
B1401074549608N01149426EA008780102300000422340303
B1401084549604N01149419EA008780102300000412340303
B1401094549601N01149412EA008790102500000412340303
B1401104549597N01149405EA008800102600000392320305
B1401114549593N01149399EA008810102800000392300305
B1401124549589N01149392EA008820102900000402290305
B1401134549585N01149386EA008830103000000402280305
B1401144549581N01149380EA008830103000000392260305
B1401154549577N01149375EA008840103200000392240305
B1401164549573N01149369EA008860103300000372230305
B1401174549569N01149364EA008870103500000372220305
B1401184549565N01149358EA008880103600000392230304
B1401194549561N01149351EA008890103700000392240304
B1401204549557N01149345EA008910103800000362280293
B1401214549554N01149339EA008920104000000362320293
B1401224549552N01149333EA008930104100000332350293
B1401234549549N01149327EA008940104200000332380293
B1401244549546N01149321EA008940104200000342340293
B1401254549543N01149315EA008950104300000342300293
B1401264549539N01149309EA008960104300000372310293
B1401274549536N01149303EA008960104500000372320291
B1401284549533N01149297EA008980104600000342310291
B1401294549529N01149291EA008990104700000342300291
B1401304549526N01149286EA009000104800000352270291
B1401314549522N01149280EA009000104800000352240291
B1401324549517N01149274EA009010104800000412240291
B1401334549513N01149268EA009010104700000412240291
B1401344549509N01149261EA009000104600000412250291
B1401354549505N01149255EA009000104600000412260278
B1401364549501N01149248EA009000104600000402280278
B1401374549497N01149241EA008990104500000402300278
B1401384549494N01149234EA008980104400000412310278
B1401394549490N01149227EA008970104200000412320278
B1401404549486N01149219EA008960104100000452320278
B1401414549481N01149212EA008950104000000452300278
B1401424549476N01149205EA008940103900000442260287
B1401434549472N01149199EA008930103800000442220287
B1401444549467N01149194EA008920103700000382210287
B1401454549463N01149188EA008910103600000382200287
B1401464549459N01149183EA008890103400000362200287
B1401474549455N01149177EA008870103100000362240275
B1401484549451N01149170EA008840102800000412260275
B1401494549447N01149163EA008810102400000412280275
B1401504549443N01149156EA008780102100000462300278
B1401514549439N01149147EA008750101700000482320278
B1401524549434N01149139EA008730101400000492300278
B1401534549429N01149131EA008700101100000482300278
B1401544549425N01149123EA008680101000000472280278
B1401554549420N01149116EA008660100800000472280278
B1401564549416N01149109EA008640100700000442290276
B1401574549411N01149101EA008630100500000442300276
B1401584549407N01149094EA008610100400000442300271
B1401594549403N01149087EA008590100200000442300271
B1402004549399N01149079EA008580100000000442280271
B1402014549395N01149072EA008560099900000442280271
B1402024549390N01149065EA008540099700000442290271
B1402034549386N01149057EA008530099500000452300270
B1402044549382N01149049EA008510099300000462300270
B1402054549377N01149042EA008490099100000482300270
B1402064549372N01149034EA008470098800000482280270
B1402074549368N01149027EA008450098600000482260270
B1402084549363N01149019EA008430098500000452280270
B1402094549359N01149011EA008410098300000452320270
B1402104549355N01149003EA008390098100000452320258
B1402114549351N01148996EA008370097800000452320258
B1402124549347N01148988EA008340097500000472320258
B1402134549342N01148980EA008320097200000492300258
B1402144549337N01148972EA008290097000000492300258
B1402154549332N01148963EA008270096800000482300258
B1402164549328N01148955EA008250096600000482300257
B1402174549324N01148947EA008230096400000482320257
B1402184549319N01148938EA008210096200000492340257
B1402194549315N01148929EA008190095900000502340257
B1402204549311N01148920EA008170095700000512360257
B1402214549307N01148911EA008150095400000512360249
B1402224549302N01148902EA008130095200000512360254
B1402234549298N01148893EA008110095100000492360254
B1402244549294N01148885EA008090095000000472340254
B1402254549289N01148877EA008080094800000462320254
B1402264549285N01148869EA008060094700000462300254
B1402274549280N01148862EA008040094400000462280254
B1402284549276N01148854EA008020094200000482280253
B1402294549271N01148846EA008000093900000482280253
B1402304549266N01148838EA007970093600000492280253
B1402314549261N01148830EA007950093300000492280253
B1402324549256N01148822EA007920093000000482260240
B1402334549252N01148814EA007900092800000472280240
B1402344549247N01148806EA007870092500000472300245
B1402354549243N01148798EA007840092200000462320245
B1402364549239N01148790EA007820091900000462320245
B1402374549235N01148782EA007790091700000462320245
B1402384549230N01148774EA007760091400000472320245
B1402394549226N01148766EA007740091200000472300245
B1402404549221N01148759EA007720090900000472290249
B1402414549216N01148751EA007690090700000482280249
B1402424549212N01148743EA007670090400000492280249
B1402434549207N01148735EA007640090100000502280239
B1402444549202N01148727EA007620089800000502300239
B1402454549197N01148718EA007600089600000482300239
B1402464549193N01148711EA007580089500000462300239
B1402474549189N01148703EA007570089400000442300241
B1402484549184N01148696EA007550089200000452300241
B1402494549180N01148688EA007530089000000452300241
B1402504549175N01148681EA007510088700000462290241
B1402514549171N01148673EA007480088400000472280241
B1402524549166N01148665EA007450088100000472280241
B1402534549162N01148657EA007430087800000472300240
B1402544549157N01148649EA007400087500000482300232
B1402554549153N01148641EA007370087300000482300232
B1402564549148N01148633EA007350087000000492300232
B1402574549143N01148625EA007320086700000492300232
B1402584549138N01148616EA007300086500000492300232
B1402594549134N01148608EA007270086200000492300229
B1403004549129N01148600EA007250085900000492320229
B1403014549125N01148591EA007220085700000482320229
B1403024549120N01148583EA007200085400000472320229
B1403034549116N01148575EA007170085200000472320229
B1403044549112N01148567EA007150085000000482320229
B1403054549107N01148558EA007130084700000492320225
B1403064549103N01148550EA007100084400000492320225
B1403074549098N01148541EA007080084100000502320225
B1403084549094N01148533EA007050083900000512320225
B1403094549089N01148524EA007030083600000512300225
B1403104549084N01148515EA007000083400000512300225
B1403114549079N01148506EA006980083100000522300227
B1403124549075N01148498EA006960082900000512320227
B1403134549070N01148489EA006930082700000512320227
B1403144549065N01148480EA006910082400000512320227
B1403154549061N01148471EA006890082200000512320227
B1403164549056N01148462EA006860081900000512320214
B1403174549052N01148453EA006830081500000512340216
B1403184549047N01148444EA006800081200000522340216
B1403194549043N01148435EA006770080900000532340216
B1403204549038N01148425EA006750080600000532340216
B1403214549033N01148416EA006720080300000532340216
B1403224549029N01148407EA006690080100000532340215
B1403234549024N01148398EA006660079800000532320215
B1403244549019N01148388EA006640079500000522320215
B1403254549014N01148379EA006620079300000522320215
B1403264549010N01148370EA006600079100000512340215
B1403274549005N01148362EA006580078900000522320208
B1403284549000N01148353EA006560078800000522300201
B1403294548995N01148344EA006540078600000512300201
B1403304548990N01148335EA006520078400000522320201
B1403314548986N01148326EA006510078200000522320201
B1403324548981N01148317EA006490078000000532320201
B1403334548976N01148308EA006470077800000542300203
B1403344548970N01148299EA006460077700000542300203
B1403354548965N01148290EA006450077700000522300203
B1403364548960N01148282EA006450077800000502280203
B1403374548955N01148274EA006450077900000482280197
B1403384548951N01148266EA006460077900000472280197
B1403394548946N01148258EA006450077900000482320198
B1403404548942N01148249EA006440077700000502340198
B1403414548937N01148240EA006430077500000532340198
B1403424548932N01148231EA006420077300000552300198
B1403434548927N01148222EA006410077200000552280198
B1403444548921N01148214EA006400077100000522260198
B1403454548917N01148205EA006390077200000502280202
B1403464548912N01148196EA006390077200000492320202
B1403474548908N01148188EA006390077200000492320190
B1403484548903N01148180EA006380077100000482320190
B1403494548898N01148172EA006380077100000462300190
B1403504548894N01148165EA006370077000000442300190
B1403514548890N01148157EA006370077000000442300191
B1403524548886N01148149EA006360076900000442320191
B1403534548882N01148141EA006350076800000452340191
B1403544548878N01148133EA006340076700000462340191
B1403554548874N01148125EA006330076500000472360191
B1403564548870N01148117EA006320076400000462340191
B1403574548866N01148109EA006310076300000452300188
B1403584548861N01148102EA006300076200000452280188
B1403594548856N01148095EA006280076100000452260185
B1404004548852N01148087EA006270075900000472280185
B1404014548848N01148079EA006260075700000482300185
B1404024548843N01148070EA006240075500000482320185
B1404034548839N01148062EA006220075300000472340185
B1404044548835N01148054EA006210075200000462340183
B1404054548831N01148046EA006190075000000462320183
B1404064548827N01148038EA006170074800000472320183
B1404074548822N01148029EA006150074500000482320183
B1404084548818N01148021EA006130074200000502320183
B1404094548813N01148012EA006100073900000512300183
B1404104548808N01148004EA006080073700000512300175
B1404114548803N01147996EA006070073500000502280175
B1404124548798N01147988EA006050073500000482280175
B1404134548793N01147980EA006040073400000462280175
B1404144548789N01147973EA006030073300000442290175
B1404154548785N01147966EA006020073200000442300175
B1404164548780N01147958EA006010073000000462300175
B1404174548776N01147950EA005990072700000492300175
B1404184548771N01147941EA005970072400000512280175
B1404194548766N01147933EA005940072100000522280175
B1404204548761N01147925EA005920071900000512280175
B1404214548756N01147916EA005910071800000482300171
B1404224548752N01147908EA005890071700000442320170
B1404234548749N01147900EA005870071600000422360170
B1404244548745N01147893EA005860071400000422330170
B1404254548741N01147886EA005840071100000422300170
B1404264548736N01147879EA005810070800000452290170
B1404274548732N01147871EA005790070500000472280170
B1404284548728N01147863EA005760070200000482320170
B1404294548724N01147854EA005730069900000472340169
B1404304548719N01147846EA005710069700000472320169
B1404314548714N01147839EA005690069500000472300169
B1404324548710N01147832EA005670069400000452280169
B1404334548705N01147824EA005660069300000442260166
B1404344548701N01147817EA005640069100000452280166
B1404354548697N01147809EA005630069000000452300167
B1404364548693N01147802EA005610068800000452310167
B1404374548688N01147794EA005590068600000442320167
B1404384548684N01147786EA005580068400000442320167
B1404394548681N01147778EA005560068200000442340167
B1404404548677N01147771EA005530067900000442340167
B1404414548673N01147763EA005510067600000442340167
B1404424548669N01147755EA005480067400000442320164
B1404434548665N01147747EA005460067100000452320164
B1404444548660N01147740EA005440066800000452310164
B1404454548656N01147732EA005410066600000452300163
B1404464548652N01147725EA005390066400000442290163
B1404474548647N01147718EA005370066200000442280163
B1404484548643N01147711EA005350066000000422290163
B1404494548639N01147704EA005330065800000422300165
B1404504548635N01147697EA005310065500000442280165
B1404514548630N01147690EA005280065200000442260165
B1404524548626N01147682EA005260064900000452280165
B1404534548622N01147675EA005230064700000452300165
B1404544548618N01147667EA005210064400000442320165
B1404554548614N01147659EA005180064200000442320161
B1404564548609N01147652EA005160063900000442300156
B1404574548605N01147645EA005130063600000442280156
B1404584548600N01147638EA005100063300000452270156
B1404594548595N01147630EA005080063000000462260156
B1405004548591N01147622EA005050062700000462300156
B1405014548587N01147614EA005020062400000452340156
B1405024548583N01147607EA004990062100000452340156
B1405034548579N01147599EA004970061800000452340156
B1405044548575N01147591EA004940061600000452340156
B1405054548571N01147584EA004920061400000462300156
B1405064548566N01147576EA004900061200000472280156
B1405074548561N01147569EA004880061000000472260156
B1405084548557N01147560EA004870060800000482280156
B1405094548554N01147551EA004850060700000462360156
B1405104548551N01147543EA004840060700000412420156
B1405114548547N01147536EA004840060700000412420156
B1405124548543N01147531EA004830060700000362310156
B1405134548539N01147526EA004820060500000362200156
B1405144548534N01147520EA004800060300000412200156
B1405154548530N01147513EA004790060100000412200156
B1405164548525N01147506EA004760059800000452260154
B1405174548521N01147498EA004740059500000452320154
B1405184548516N01147491EA004720059300000462290154
B1405194548512N01147484EA004700059100000462260154
B1405204548508N01147476EA004690059000000462280154
B1405214548504N01147468EA004670058800000452340154
B1405224548500N01147460EA004660058800000442360153
B1405234548496N01147452EA004650058700000442340153
B1405244548492N01147445EA004650058600000432340153
B1405254548489N01147437EA004640058500000422340153
B1405264548485N01147430EA004620058400000412340153
B1405274548481N01147423EA004610058200000412340153
B1405284548478N01147416EA004590058100000392300153
B1405294548474N01147410EA004580057900000392260154
B1405304548470N01147403EA004550057600000412290154
B1405314548466N01147395EA004530057300000412320154
B1405324548463N01147388EA004500057000000422340154
B1405334548459N01147380EA004480056700000422360154
B1405344548456N01147373EA004450056400000422350154
B1405354548452N01147365EA004420056100000422340154
B1405364548449N01147357EA004390055800000432340154
B1405374548445N01147349EA004370055500000432360154
B1405384548442N01147341EA004340055300000432380154
B1405394548439N01147333EA004310055000000442380154
B1405404548435N01147325EA004280054700000442380154
B1405414548431N01147318EA004250054400000442340154
B1405424548427N01147310EA004230054100000432320155
B1405434548423N01147303EA004200053800000432300155
B1405444548419N01147295EA004170053400000462320155
B1405454548415N01147287EA004140053100000472320155
B1405464548412N01147278EA004110052800000462340155
B1405474548410N01147269EA004080052600000422440155
B1405484548409N01147261EA004070052500000362580155
B1405494548409N01147254EA004060052500000362700155
B1405504548409N01147249EA004050052600000212670155
B1405514548408N01147245EA004050052500000212640155
B1405524548407N01147240EA004030052300000242550155
B1405534548406N01147234EA004020052100000242460155
B1405544548406N01147227EA004000051800000322570155
B1405554548406N01147221EA003990051700000322680155
B1405564548406N01147216EA003980051700000222660155
B1405574548405N01147211EA003970051600000222640155
B1405584548404N01147206EA003960051500000242570158
B1405594548403N01147201EA003940051200000242500158
B1406004548402N01147194EA003920050900000312560158
B1406014548402N01147188EA003910050700000312620158
B1406024548401N01147181EA003890050600000272610158
B1406034548400N01147176EA003880050500000272600158
B1406044548399N01147171EA003870050500000232550158
B1406054548398N01147166EA003860050300000232500158
B1406064548396N01147160EA003840050100000302480157
B1406074548394N01147154EA003830049900000302460157
B1406084548392N01147148EA003810049700000322480157
B1406094548391N01147142EA003800049600000322500157
B1406104548389N01147136EA003790049600000252490157
B1406114548388N01147131EA003780049500000252480157
B1406124548386N01147126EA003770049400000292450157
B1406134548384N01147120EA003760049200000292420157
B1406144548382N01147114EA003740049100000282400157
B1406154548379N01147111EA003730049000000282380157
B1406164548377N01147109EA003720049100000182170161
B1406174548373N01147109EA003710048900000181960161
B1406184548369N01147112EA003700048700000311750157
B1406194548365N01147116EA003680048400000311540157
B1406204548360N01147121EA003670048100000371450157
B1406214548357N01147127EA003650048000000371360158
B1406224548353N01147133EA003640048000000351330158
B1406234548349N01147138EA003630047900000351300158
B1406244548345N01147142EA003630047800000341370158
B1406254548340N01147146EA003620047700000341440158
B1406264548335N01147150EA003610047600000371470158
B1406274548331N01147154EA003600047500000371500158
B1406284548326N01147157EA003590047500000331520158
B1406294548322N01147159EA003590047500000331540158
B1406304548317N01147160EA003580047400000321630158
B1406314548312N01147160EA003570047200000321720158
B1406324548307N01147161EA003560047100000331750156
B1406334548302N01147161EA003560047000000331780156
B1406344548298N01147161EA003550047000000261800156
B1406354548294N01147160EA003550047000000261820160
B1406364548290N01147159EA003540046900000251870160
B1406374548286N01147158EA003520046700000251920160
B1406384548282N01147156EA003510046400000291920160
B1406394548278N01147154EA003490046200000291980160
B1406404548274N01147152EA003470046100000281990160
B1406414548270N01147151EA003450046000000282000160
B1406424548265N01147150EA003440045800000271930160
B1406434548261N01147150EA003430045700000271860160
B1406444548257N01147152EA003410045600000271720161
B1406454548254N01147155EA003400045400000271580161
B1406464548251N01147162EA003380045100000371380161
B1406474548249N01147170EA003360044800000371180161
B1406484548248N01147179EA003350044500000461060161
B1406494548246N01147189EA003340044400000431000161
B1406504548245N01147197EA003330044400000401020161
B1406514548244N01147205EA003330044400000401040161
B1406524548242N01147214EA003330044400000401040154
B1406534548241N01147222EA003330044400000401020154
B1406544548240N01147231EA003330044400000400980154
B1406554548240N01147240EA003330044300000400940154
B1406564548239N01147248EA003320044300000400940154
B1406574548239N01147257EA003320044300000420940154
B1406584548238N01147266EA003320044200000440960151
B1406594548237N01147276EA003310044100000450940151
B1407004548237N01147285EA003310044000000440920151
B1407014548237N01147295EA003300043900000430900151
B1407024548237N01147304EA003290043800000430900151
B1407034548237N01147313EA003280043700000420900151
B1407044548237N01147322EA003270043500000420880151
B1407054548237N01147331EA003260043400000430860151
B1407064548238N01147340EA003250043300000420840151
B1407074548239N01147349EA003240043200000420820151
B1407084548240N01147358EA003230043100000430800151
B1407094548241N01147368EA003220042900000460820152
B1407104548242N01147378EA003200042600000490820152
B1407114548242N01147388EA003190042500000480860152
B1407124548242N01147398EA003180042400000440900152
B1407134548242N01147407EA003170042300000380920152
B1407144548243N01147415EA003160042300000360830152
B1407154548245N01147422EA003140042200000360740152
B1407164548249N01147429EA003120041900000430620152
B1407174548253N01147436EA003100041600000430500152
B1407184548258N01147443EA003080041400000430500152
B1407194548262N01147449EA003060041300000400440150
B1407204548267N01147455EA003040041200000360430150
B1407214548271N01147460EA003030041100000360420150
B1407224548276N01147464EA003010040900000380340147
B1407234548281N01147467EA002990040700000380260147
B1407244548288N01147469EA002970040400000420180147
B1407254548294N01147471EA002940040200000420100147
B1407264548299N01147472EA002930040100000380090147
B1407274548305N01147473EA002910040000000380080147
B1407284548311N01147474EA002900039900000380080150
B1407294548316N01147475EA002880039700000380080150
B1407304548322N01147476EA002860039500000380060150
B1407314548328N01147476EA002840039300000380040150
B1407324548333N01147475EA002830039200000333570150
B1407334548338N01147473EA002810039100000333500150
B1407344548343N01147471EA002790038900000353420150
B1407354548348N01147467EA002780038600000353340150
B1407364548353N01147463EA002760038500000373330150
B1407374548357N01147460EA002750038400000373320150
B1407384548362N01147456EA002730038300000333290153
B1407394548366N01147452EA002720038200000333260153
B1407404548370N01147448EA002710038100000343260153
B1407414548374N01147444EA002700037900000343260153
B1407424548379N01147440EA002690037700000373270153
B1407434548384N01147436EA002670037600000373280153
B1407444548389N01147431EA002650037400000373270153
B1407454548394N01147427EA002640037200000373260153
B1407464548398N01147422EA002620037000000383270153
B1407474548404N01147418EA002600036900000383280153
B1407484548409N01147414EA002590036700000393300153
B1407494548414N01147411EA002580036600000393320152
B1407504548419N01147407EA002570036500000383310154
B1407514548424N01147403EA002560036400000383300154
B1407524548429N01147398EA002550036300000383280154
B1407534548434N01147393EA002530036200000383260154
B1407544548439N01147388EA002520036000000393250154
B1407554548444N01147384EA002510035900000393240154
B1407564548448N01147379EA002500035800000373240154
B1407574548453N01147374EA002490035700000373240154
B1407584548457N01147370EA002480035500000363240154
B1407594548462N01147365EA002460035400000363240154
B1408004548467N01147361EA002450035300000383240154
B1408014548471N01147356EA002440035100000383240158
B1408024548476N01147352EA002430035100000373260158
B1408034548481N01147348EA002420035000000373280158
B1408044548486N01147344EA002410035000000363280158
B1408054548490N01147340EA002400034900000363260158
B1408064548495N01147335EA002400034700000383240158
B1408074548499N01147330EA002390034600000383220158
B1408084548503N01147325EA002380034500000333180158
B1408094548506N01147320EA002370034500000333140158
B1408104548508N01147315EA002370034500000243080158
B1408114548509N01147311EA002370034500000243020158
B1408124548509N01147307EA002360034500000192770162
B1408134548506N01147304EA002350034300000192520162
B1408144548502N01147302EA002330034000000312190162
B1408154548497N01147303EA002320033800000311860162
B1408164548493N01147306EA002300033700000311690162
B1408174548489N01147308EA002290033700000311520162
B1408184548486N01147312EA002290033700000271500158
B1408194548482N01147315EA002280033600000271480158
B1408204548477N01147318EA002270033300000351510158
B1408214548472N01147322EA002250033100000351540158
B1408224548467N01147325EA002240033000000361540158
B1408234548462N01147328EA002230033000000361540158
B1408244548459N01147331EA002220033000000271520154
B1408254548455N01147334EA002210033000000271500154
B1408264548451N01147337EA002200032800000341500154
B1408274548445N01147341EA002190032500000341500154
B1408284548440N01147345EA002170032300000391510154
B1408294548435N01147349EA002150032100000391520154
B1408304548430N01147352EA002140032100000341530154
B1408314548426N01147355EA002130032000000341540154
B1408324548422N01147359EA002120032000000331490154
B1408334548418N01147364EA002110031800000331440154
B1408344548413N01147368EA002100031700000351440154
B1408354548409N01147372EA002090031500000351440152
B1408364548405N01147377EA002080031400000321410152
B1408374548402N01147382EA002070031300000321380152
B1408384548399N01147387EA002060031200000321320152
B1408394548396N01147393EA002050031000000321260152
B1408404548392N01147398EA002040030800000361310152
B1408414548388N01147403EA002020030600000361360152
B1408424548384N01147406EA002010030500000331450152
B1408434548379N01147409EA002010030500000331540152
B1408444548375N01147410EA002000030500000281600152
B1408454548371N01147411EA002000030500000281660153
B1408464548366N01147411EA001990030400000321720153
B1408474548361N01147411EA001980030300000321780153
B1408484548355N01147412EA001980030200000371770150
B1408494548350N01147412EA001970030200000371760150
B1408504548344N01147413EA001960030300000321760150
B1408514548340N01147413EA001960030300000321760150
B1408524548336N01147412EA001960030400000271840150
B1408534548332N01147409EA001970030400000271920151
B1408544548329N01147405EA001970030300000282090151
B1408554548327N01147400EA001960030300000282260151
B1408564548327N01147393EA001960030200000282480151
B1408574548328N01147388EA001950030100000282660151
B1408584548330N01147384EA001940030000000222870151
B1408594548332N01147380EA001940029900000223080151
B1409004548336N01147377EA001920029700000303180151
B1409014548341N01147375EA001910029500000303280151
B1409024548346N01147374EA001900029400000363450151
B1409034548351N01147376EA001890029300000360020151
B1409044548357N01147380EA001870029100000410130151
B1409054548363N01147384EA001860029000000410240152
B1409064548368N01147387EA001850028900000390230152
B1409074548374N01147390EA001840028800000390220152
B1409084548379N01147393EA001830028800000380210152
B1409094548385N01147396EA001820028600000380200152
B1409104548391N01147399EA001810028400000450190152
B1409114548398N01147402EA001790028200000450180152
B1409124548404N01147403EA001780028100000390130152
B1409134548409N01147405EA001770028100000390080152
B1409144548414N01147405EA001760028000000320060154
B1409154548419N01147405EA001750028000000320040154
B1409164548423N01147402EA001740027800000313470154
B1409174548427N01147397EA001720027600000313300154
B1409184548430N01147392EA001710027300000333150154
B1409194548432N01147385EA001700027200000333000154
B1409204548434N01147380EA001680027100000292980154
B1409214548435N01147374EA001670027000000292960154
B1409224548437N01147368EA001670026900000262880154
B1409234548437N01147362EA001660026800000262800154
B1409244548435N01147357EA001650026700000292570154
B1409254548432N01147353EA001640026600000292340154
B1409264548428N01147351EA001630026600000282100154
B1409274548423N01147352EA001620026500000281860154
B1409284548419N01147355EA001620026500000311730154
B1409294548414N01147356EA001610026400000311600154
B1409304548409N01147357EA001600026300000321670151
B1409314548404N01147357EA001590026100000321740151
B1409324548399N01147357EA001570025900000331800151
B1409334548394N01147356EA001560025700000331860151
B1409344548390N01147356EA001550025600000311840151
B1409354548385N01147356EA001530025600000311820151
B1409364548380N01147356EA001520025500000341780151
B1409374548374N01147356EA001520025400000341780151
B1409384548370N01147356EA001510025400000311810151
B1409394548365N01147355EA001510025500000311840151
B1409404548361N01147355EA001510025600000261870151
B1409414548357N01147353EA001510025600000261900153
B1409424548353N01147352EA001500025600000271930153
B1409434548349N01147350EA001500025500000271960153
B1409444548346N01147348EA001490025400000261960153
B1409454548342N01147347EA001480025300000261960153
B1409464548338N01147346EA001460025100000281940153
B1409474548333N01147344EA001450025000000281920153
B1409484548331N01147340EA001440024800000242100153
B1409494548330N01147335EA001430024800000242280153
B1409504548331N01147330EA001410024500000262630153
B1409514548335N01147326EA001400024300000262980153
B1409524548339N01147323EA001380024100000323180153
B1409534548344N01147322EA001370024100000323380153
B1409544548348N01147323EA001370024100000313540153
B1409554548353N01147324EA001360024000000310100153
B1409564548357N01147325EA001360024000000300070153
B1409574548362N01147325EA001350023900000300040151
B1409584548366N01147326EA001340023800000290010151
B1409594548369N01147323EA001330023800000293580151
B1410004548372N01147319EA001330023700000253290151
B1410014548372N01147313EA001320023600000253000151
B1410024548370N01147308EA001310023400000302640155
B1410034548366N01147305EA001300023300000302280155
B1410044548362N01147304EA001290023300000282080155
B1410054548358N01147304EA001290023300000281880152
B1410064548353N01147306EA001290023300000311730152
B1410074548349N01147311EA001290023200000311580153
B1410084548345N01147317EA001280023100000411410153
B1410094548343N01147326EA001270023000000431240153
B1410104548344N01147335EA001260022800000430980153
B1410114548348N01147342EA001250022600000430700153
B1410124548353N01147346EA001240022500000350460153
B1410134548357N01147347EA001230022500000350220153
B1410144548361N01147347EA001230022600000230100151
B1410154548364N01147346EA001220022600000233580151
B1410164548367N01147343EA001220022500000253410151
B1410174548371N01147339EA001210022300000253240151
B1410184548375N01147335EA001200022200000323240151
B1410194548379N01147332EA001190022100000323240151
B1410204548382N01147329EA001180022200000273250151
B1410214548385N01147325EA001170022200000273260151
B1410224548388N01147321EA001170022200000263180151
B1410234548391N01147316EA001170022100000263100151
B1410244548394N01147311EA001160021900000313100151
B1410254548396N01147306EA001150021800000313100155
B1410264548398N01147302EA001140021700000213060155
B1410274548398N01147297EA001130021700000212960155
B1410284548397N01147294EA001130021600000212640155
B1410294548394N01147291EA001110021400000212320155
B1410304548389N01147289EA001100021200000332090155
B1410314548384N01147290EA001080021100000331860155
B1410324548379N01147293EA001070020900000351680155
B1410334548375N01147297EA001060020900000351500155
B1410344548371N01147300EA001050020800000321490155
B1410354548366N01147303EA001040020700000321480155
B1410364548361N01147306EA001030020400000381540155
B1410374548356N01147309EA001010020100000381600152
B1410384548351N01147311EA001000020000000321640153
B1410394548346N01147311EA000980019900000321680153
B1410404548343N01147309EA000970019900000251860152
B1410414548339N01147305EA000960019700000252040152
B1410424548335N01147301EA000940019400000332090152
B1410434548331N01147297EA000920019100000332140152
B1410444548328N01147293EA000900019000000282170152
B1410454548325N01147288EA000890018900000282200152
B1410464548324N01147283EA000870018800000272340152
B1410474548322N01147277EA000860018600000272480152
B1410484548320N01147271EA000840018400000312470152
B1410494548319N01147264EA000830018300000312460152
B1410504548318N01147258EA000810018100000282520152
B1410514548317N01147252EA000800017900000282580152
B1410524548317N01147246EA000790017800000282590152
B1410534548316N01147240EA000780017700000282600152
B1410544548316N01147234EA000770017500000272630152
B1410554548316N01147228EA000760017400000272660152
B1410564548316N01147221EA000740017200000292660152
B1410574548315N01147215EA000720017000000292660152
B1410584548315N01147208EA000700016800000302660155
B1410594548315N01147203EA000690016700000302660155
B1411004548315N01147198EA000680016700000202660155
B1411014548315N01147195EA000680016700000132640155
B1411024548315N01147192EA000670016600000142680155
B1411034548315N01147189EA000670016600000142720155
B1411044548315N01147187EA000670016600000102730155
B1411054548316N01147185EA000670016700000102740155
B1411064548317N01147182EA000670016700000102820155
B1411074548317N01147180EA000670016700000102900155
B1411084548318N01147178EA000670016600000092920155
B1411094548319N01147177EA000670016600000092940155
B1411104548320N01147176EA000670016600000083110155
B1411114548321N01147176EA000670016600000083280155
B1411124548321N01147176EA000670016600000083280155
B1411134548321N01147176EA000670016600000083280155
B1411144548321N01147176EA000670016600000083280155
B1411154548321N01147176EA000670016600000083280155
B1411164548321N01147176EA000670016500000003280155
B1411174548321N01147176EA000670016500000003280155
B1411184548321N01147176EA000670016500000003280155
B1411194548321N01147175EA000670016500000003280155
B1411204548321N01147175EA000670016500000003280155
B1411214548321N01147175EA000670016500000003280155
B1411224548321N01147175EA000670016500000003280155
B1411234548321N01147175EA000670016500000003280155
B1411244548321N01147175EA000670016500000003280155
B1411254548321N01147175EA000670016500000003280155
B1411264548321N01147175EA000670016500000003280155
B1411274548321N01147175EA000670016400000000000155
B1411284548321N01147175EA000670016400000000000155
B1411294548321N01147175EA000670016400000000000155
B1411304548321N01147175EA000670016400000000000155
B1411314548321N01147175EA000670016500000000000155
B1411324548321N01147175EA000670016500000000000155
B1411334548321N01147175EA000670016500000000000155
B1411344548321N01147174EA000670016500000030000155
B1411354548321N01147174EA000670016500000030000155
B1411364548321N01147173EA000680016500000033140155
B1411374548320N01147173EA000680016500000032680155
B1411384548320N01147172EA000680016500000022500155
B1411394548320N01147173EA000670016500000022320155
B1411404548320N01147173EA000670016600000031770155
B1411414548320N01147174EA000670016600000031220155
B1411424548319N01147174EA000670016600000011170155
B1411434548319N01147174EA000680016600000011120155
B1411444548319N01147175EA000670016600000011040155
B1411454548320N01147175EA000680016600000010960155
B1411464548320N01147176EA000680016600000030680155
B1411474548321N01147176EA000680016600000030400155
G7E9BD3721B0D96D1F7C7C7570E6FC318
