AXCCXXXCompCheck-4.7
HFDTEDATE:260526
HFFXA010
HFPLTPILOT:Raphael OERER
HPGTYGLIDERTYPE:Gin GTO 3
HPGIDGLIDERID:NA
HFDTM100GPSDATUM:WGS-1984
HFRFWFIRMWAREVERSION:
HFRHWHARDWAREVERSION:NA
HFFTYFRTYPE:NA
HFGPS:NA
HFPRSPRESSALTSENSOR:NA
HFTZN:2.0
HFTZOTimezone:2
HFCIDCOMPETITIONID:0122
HFCCLCOMPETITIONCLASS:NA
I063637LAD3839LOD4040TDS4142WSP4345WDI4649GND
E102353PEV
B1023534547758N01140138EA007070085500000141500846
B1023544547755N01140140EA007050085300000211520846
B1023554547752N01140142EA007040085300000211540846
B1023564547750N01140145EA007030085100000251480846
B1023574547746N01140149EA007010085000000251420846
B1023584547742N01140153EA007000084700000341430846
B1023594547737N01140158EA006980084400000341440846
B1024004547733N01140163EA006970084300000361410846
B1024014547729N01140168EA006960084200000361380833
B1024024547725N01140172EA006960084300000301400833
B1024034547722N01140175EA006960084400000301420833
B1024044547718N01140179EA006970084500000281410833
B1024054547716N01140183EA006970084500000281400833
B1024064547714N01140189EA006970084500000271240833
B1024074547713N01140194EA006960084400000271080833
B1024084547711N01140200EA006950084400000271110833
B1024094547709N01140205EA006950084300000271140797
B1024104547706N01140208EA006940084300000271270797
B1024114547703N01140212EA006930084200000271400797
B1024124547700N01140214EA006930084100000231430797
B1024134547697N01140217EA006930084100000231460783
B1024144547694N01140219EA006940084300000181530783
B1024154547692N01140219EA006940084300000181600783
B1024164547688N01140218EA006950084300000231770783
B1024174547684N01140216EA006940084300000231940797
B1024184547680N01140213EA006940084200000312010797
B1024194547676N01140210EA006930084200000312080797
B1024204547671N01140206EA006920084200000352070797
B1024214547666N01140204EA006930084300000352060797
B1024224547661N01140202EA006940084400000351980797
B1024234547656N01140201EA006950084500000351900774
B1024244547651N01140199EA006960084600000301940774
B1024254547647N01140196EA006960084700000301980774
B1024264547644N01140191EA006960084600000302130774
B1024274547642N01140186EA006960084500000302280774
B1024284547639N01140180EA006950084400000332340774
B1024294547636N01140173EA006940084300000332400774
B1024304547633N01140168EA006920084100000342340774
B1024314547629N01140163EA006900083900000342280772
B1024324547626N01140158EA006890083700000332240772
B1024334547622N01140153EA006870083600000332200772
B1024344547618N01140149EA006860083500000322200772
B1024354547615N01140144EA006840083300000322200772
B1024364547610N01140140EA006820083100000342180745
B1024374547606N01140135EA006800082900000342160745
B1024384547602N01140131EA006790082700000362160745
B1024394547598N01140126EA006770082600000362160745
B1024404547593N01140122EA006760082500000342160745
B1024414547589N01140117EA006750082400000342160745
B1024424547585N01140113EA006740082300000372150774
B1024434547580N01140108EA006720082200000372140774
B1024444547575N01140103EA006710082000000422140774
B1024454547570N01140098EA006710082000000422140774
B1024464547565N01140093EA006710082100000362140774
B1024474547561N01140089EA006720082300000362140774
B1024484547557N01140085EA006740082500000272160757
B1024494547554N01140082EA006750082600000272180757
B1024504547551N01140078EA006760082600000282190757
B1024514547548N01140073EA006760082500000282200757
B1024524547544N01140067EA006750082400000362230757
B1024534547540N01140062EA006750082400000362260770
B1024574547524N01140043EA006750082300000382140770
B1024584547519N01140038EA006740082400000382180770
B1024594547516N01140032EA006740082500000382220770
B1025004547513N01140025EA006750082600000322320770
B1025014547512N01140019EA006770082700000322420770
B1025024547511N01140014EA006780082700000262480801
B1025034547509N01140008EA006780082700000262540771
B1025044547507N01140003EA006770082600000302420771
B1025054547503N01139998EA006770082500000302300771
B1025064547499N01139996EA006750082300000282170771
B1025074547495N01139994EA006750082300000282040771
B1025084547491N01139992EA006750082300000282000771
B1025094547487N01139989EA006750082400000281960771
B1025104547484N01139986EA006760082500000262040771
B1025114547480N01139984EA006770082600000262120771
B1025124547477N01139982EA006770082700000252030771
B1025134547473N01139981EA006770082600000251940771
B1025144547469N01139978EA006760082500000301980771
B1025154547465N01139975EA006750082400000302020771
B1025164547461N01139969EA006740082400000342140771
B1025174547458N01139964EA006740082400000342260757
B1025184547455N01139959EA006750082500000282290757
B1025194547453N01139954EA006750082500000282320757
B1025204547450N01139949EA006750082500000282330757
B1025214547448N01139944EA006740082400000282340757
B1025224547446N01139938EA006740082300000302340757
B1025234547443N01139933EA006730082200000302340757
B1025244547439N01139927EA006720082200000352310757
B1025254547436N01139921EA006720082200000352280757
B1025264547432N01139917EA006720082200000332220757
B1025274547428N01139913EA006730082300000332160769
B1025284547424N01139909EA006740082400000292150769
B1025294547421N01139905EA006750082600000292140769
B1025304547418N01139900EA006760082800000282260769
B1025314547417N01139894EA006780082900000282380769
B1025324547418N01139887EA006790083000000332590769
B1025334547420N01139880EA006790082900000332800769
B1025344547423N01139873EA006780082700000422950769
B1025354547428N01139868EA006770082600000423100769
B1025364547434N01139864EA006770082600000403260782
B1025374547440N01139864EA006770082600000403420782
B1025384547445N01139866EA006770082600000350020782
B1025394547449N01139870EA006770082700000350220769
B1025404547453N01139876EA006770082700000340370769
B1025414547455N01139882EA006770082700000340520769
B1025424547455N01139889EA006770082700000300740769
B1025434547453N01139894EA006770082700000300960769
B1025444547450N01139898EA006770082700000261160769
B1025454547447N01139902EA006770082700000261360769
B1025464547444N01139904EA006770082800000241440769
B1025474547441N01139906EA006780082900000241520769
B1025484547437N01139907EA006790083100000211570769
B1025494547435N01139909EA006810083200000211620769
B1025504547432N01139910EA006820083300000181570769
B1025514547429N01139912EA006830083300000181520769
B1025524547427N01139912EA006830083400000201640769
B1025534547423N01139912EA006830083300000201760769
B1025544547420N01139910EA006820083200000241880769
B1025554547416N01139908EA006820083200000242000769
B1025564547413N01139906EA006820083300000242010769
B1025574547410N01139904EA006820083300000242020732
B1025584547407N01139902EA006830083300000231980732
B1025594547403N01139900EA006830083300000232000732
B1026004547400N01139898EA006820083300000252050732
B1026014547397N01139894EA006820083200000252100732
B1026024547394N01139891EA006820083200000272160732
B1026034547391N01139886EA006810083100000272220732
B1026044547388N01139882EA006790082900000282230732
B1026054547385N01139878EA006780082800000282240732
B1026064547381N01139874EA006770082700000292220732
B1026074547378N01139869EA006750082500000292200732
B1026084547374N01139864EA006740082500000352230746
B1026094547371N01139858EA006730082400000352260746
B1026104547368N01139852EA006730082500000302310746
B1026114547366N01139848EA006740082600000302360746
B1026124547365N01139843EA006760082800000202380746
B1026134547363N01139840EA006770082900000202400746
B1026144547361N01139837EA006770082800000202280746
B1026154547358N01139835EA006760082600000202160709
B1026164547354N01139832EA006750082500000272140709
B1026174547351N01139828EA006740082500000272120709
B1026184547348N01139825EA006740082500000262140709
B1026194547345N01139822EA006750082800000262160709
B1026204547342N01139820EA006760083000000212130709
B1026214547339N01139818EA006780083100000212100709
B1026224547337N01139815EA006800083300000182110728
B1026234547335N01139812EA006810083400000182120728
B1026244547334N01139808EA006820083400000222340728
B1026254547335N01139802EA006820083300000222560728
B1026264547336N01139795EA006810083200000362750728
B1026274547340N01139789EA006800083200000362940728
B1026284547345N01139785EA006800083300000393150728
B1026294547351N01139783EA006810083500000393360728
B1026304547357N01139785EA006820083600000413550728
B1026314547362N01139789EA006840083800000410140755
B1026324547365N01139796EA006860084000000370370755
B1026334547366N01139803EA006870084100000370600755
B1026344547366N01139811EA006880084100000360790755
B1026354547364N01139817EA006880084200000360980746
B1026364547362N01139822EA006890084200000281150746
B1026374547358N01139825EA006900084300000281320709
B1026384547355N01139825EA006900084300000231580709
B1026394547352N01139823EA006900084200000231840709
B1026404547349N01139819EA006900084200000262070709
B1026414547348N01139813EA006900084200000262300728
B1026424547347N01139807EA006900084200000322500728
B1026434547348N01139800EA006900084100000322700728
B1026444547350N01139793EA006890084100000362840728
B1026454547354N01139786EA006900084200000362980728
B1026464547358N01139781EA006900084300000353100728
B1026474547363N01139778EA006920084400000353220755
B1026484547368N01139776EA006930084600000363350755
B1026494547374N01139775EA006940084700000363480755
B1026504547380N01139777EA006950084700000420000755
B1026514547385N01139781EA006960084900000420120755
B1026524547388N01139787EA006970085100000360370755
B1026534547389N01139795EA006980085200000360620755
B1026544547387N01139802EA006990085300000340900755
B1026554547383N01139807EA007010085500000341180755
B1026564547379N01139809EA007020085700000271410755
B1026574547376N01139809EA007040085900000271640755
B1026584547373N01139806EA007070086100000201640755
B1026594547372N01139802EA007080086200000222180755
B1027004547372N01139797EA007090086300000262470755
B1027014547374N01139791EA007100086200000262760755
B1027024547378N01139785EA007090086100000392960755
B1027034547383N01139780EA007090086100000393160755
B1027044547388N01139777EA007090086200000433270755
B1027054547395N01139775EA007110086400000433380755
B1027064547401N01139776EA007130086600000393550755
B1027074547406N01139780EA007140086800000390120755
B1027084547410N01139786EA007150086800000400300755
B1027094547413N01139793EA007160086900000400480792
B1027104547413N01139801EA007170087100000360710792
B1027114547411N01139807EA007180087300000360940792
B1027124547407N01139811EA007200087600000311250755
B1027134547403N01139811EA007220087800000311560755
B1027144547399N01139809EA007240088000000261820755
B1027154547396N01139805EA007270088300000262080755
B1027164547395N01139801EA007300088600000222280755
B1027174547394N01139796EA007330088800000222480755
B1027184547395N01139790EA007350089000000282620755
B1027194547396N01139784EA007360089000000282760755
B1027204547398N01139776EA007360089000000362840755
B1027214547401N01139770EA007370089100000362940755
B1027224547406N01139765EA007370089100000393130760
B1027234547412N01139763EA007380089200000393320787
B1027244547418N01139764EA007370089100000453510787
B1027254547425N01139768EA007380089200000450100792
B1027264547430N01139773EA007390089300000420220792
B1027274547435N01139779EA007400089400000420340792
B1027284547438N01139786EA007400089500000400470792
B1027294547440N01139794EA007410089500000400600792
B1027304547439N01139802EA007410089600000380820792
B1027314547436N01139809EA007410089600000381040792
B1027324547431N01139813EA007410089600000371310792
B1027334547426N01139813EA007420089800000371580792
B1027344547421N01139811EA007440090000000321840792
B1027354547418N01139806EA007470090400000322100792
B1027364547417N01139800EA007490090700000292330792
B1027374547417N01139793EA007520090900000292560792
B1027384547419N01139786EA007540091000000382770792
B1027394547424N01139780EA007550091100000382980792
B1027404547429N01139777EA007560091100000433200792
B1027414547436N01139776EA007570091200000433420792
B1027424547442N01139779EA007570091200000450000792
B1027434547448N01139784EA007580091300000450180792
B1027444547452N01139791EA007580091300000440390792
B1027454547453N01139800EA007570091300000440600792
B1027464547452N01139809EA007580091300000400840792
B1027474547449N01139815EA007600091700000401080792
B1027484547446N01139818EA007620092000000261280782
B1027494547443N01139821EA007660092400000261480782
B1027504547440N01139823EA007700092700000201480782
B1027514547437N01139824EA007730093000000201480782
B1027524547433N01139824EA007750093200000261690782
B1027534547429N01139821EA007760093200000261900782
B1027544547427N01139816EA007770093400000322140792
B1027554547426N01139809EA007790093600000322380792
B1027564547428N01139802EA007810093900000382680792
B1027574547433N01139796EA007830094100000382980792
B1027584547439N01139792EA007840094100000473200792
B1027594547446N01139791EA007850094200000473420792
B1028004547452N01139792EA007880094500000403560792
B1028014547457N01139796EA007900094800000400140792
B1028024547460N01139803EA007910094900000380390792
B1028034547461N01139812EA007920094900000410640820
B1028044547459N01139819EA007920095100000350890782
B1028054547456N01139824EA007950095400000351140782
B1028064547453N01139826EA007990095800000221350782
B1028074547450N01139828EA008030096200000221560782
B1028084547447N01139829EA008070096500000191610782
B1028094547444N01139828EA008090096700000191660782
B1028104547441N01139824EA008110096800000301970782
B1028114547438N01139817EA008110096900000302280782
B1028124547438N01139809EA008120097000000392480792
B1028134547441N01139801EA008130097100000432740792
B1028144547447N01139796EA008130097300000463030792
B1028154547453N01139794EA008150097400000463320792
B1028164547460N01139795EA008170097600000413520792
B1028174547465N01139798EA008200097800000410120820
B1028184547469N01139804EA008220098000000360290820
B1028194547472N01139810EA008240098100000360460820
B1028204547475N01139818EA008250098200000400560811
B1028214547476N01139826EA008260098400000400660811
B1028224547475N01139834EA008270098600000360830811
B1028234547473N01139840EA008290098800000361000811
B1028244547470N01139845EA008310099000000271190811
B1028254547466N01139847EA008330099200000271380811
B1028264547462N01139847EA008350099300000271650811
B1028274547458N01139843EA008360099500000271920782
B1028284547456N01139837EA008370099600000332210782
B1028294547456N01139830EA008390099800000332500782
B1028304547459N01139823EA008410100100000372740782
B1028314547463N01139817EA008430100200000372980811
B1028324547469N01139814EA008440100300000463210820
B1028334547476N01139814EA008450100400000463440820
B1028344547483N01139817EA008460100600000470040811
B1028354547488N01139823EA008480100800000470240811
B1028364547493N01139829EA008500101100000410370811
B1028374547496N01139836EA008530101300000410500811
B1028384547498N01139844EA008560101600000370610811
B1028394547499N01139851EA008570101800000370720811
B1028404547497N01139858EA008590102100000320920811
B1028414547494N01139863EA008620102200000321120811
B1028424547490N01139866EA008630102400000301380811
B1028434547486N01139865EA008650102500000301640811
B1028444547482N01139862EA008670102700000261900811
B1028454547480N01139858EA008690103000000262160811
B1028464547479N01139852EA008710103200000292400811
B1028474547480N01139845EA008730103400000292640811
B1028484547484N01139838EA008740103500000422880811
B1028494547491N01139834EA008750103700000423120811
B1028504547498N01139833EA008760103800000503340811
B1028514547505N01139834EA008780104000000503560811
B1028524547511N01139838EA008810104200000443560836
B1028534547516N01139843EA008840104500000410280836
B1028544547520N01139850EA008860104800000390420836
B1028554547522N01139857EA008880105000000390560836
B1028564547523N01139865EA008900105200000370710836
B1028574547522N01139873EA008920105400000370860824
B1028584547521N01139878EA008950105700000271030824
B1028594547518N01139882EA008980106000000271200824
B1029004547514N01139883EA009000106200000231470824
B1029014547511N01139881EA009020106400000231740824
B1029024547507N01139879EA009030106500000241960798
B1029034547505N01139874EA009060106800000242180798
B1029044547504N01139868EA009080107000000302400798
B1029054547505N01139861EA009110107300000302620811
B1029064547507N01139853EA009120107400000412780811
B1029074547512N01139845EA009140107600000462980836
B1029084547517N01139839EA009150107800000453080836
B1029094547521N01139833EA009190108200000453180836
B1029104547525N01139827EA009220108600000353150836
B1029114547529N01139822EA009260109000000353120836
B1029124547534N01139817EA009290109300000403210836
B1029134547541N01139814EA009310109500000403300846
B1029144547549N01139813EA009320109600000533440846
B1029154547556N01139815EA009340109900000533580846
B1029164547562N01139819EA009380110300000450150854
B1029174547566N01139826EA009410110800000450320854
B1029184547569N01139833EA009440111100000340520854
B1029194547569N01139839EA009490111500000340720854
B1029204547568N01139844EA009530111900000230900854
B1029214547566N01139847EA009560112300000231080854
B1029224547562N01139847EA009590112500000231450854
B1029234547559N01139845EA009610112700000231820836
B1029244547556N01139839EA009630112900000352100836
B1029254547554N01139832EA009660113200000352380836
B1029264547554N01139825EA009700113600000342550836
B1029274547555N01139818EA009740114100000342720836
B1029284547558N01139811EA009780114400000362870846
B1029294547562N01139805EA009810114800000363020866
B1029304547568N01139799EA009840115100000483160866
B1029314547575N01139796EA009870115400000483300866
B1029324547582N01139796EA009900115800000493460866
B1029334547589N01139798EA009940116200000490020866
B1029344547595N01139803EA009980116600000440020866
B1029354547600N01139809EA010020117000000390340866
B1029364547602N01139815EA010060117500000330480866
B1029374547603N01139822EA010100117900000330620854
B1029384547602N01139827EA010130118200000250860854
B1029394547600N01139831EA010170118500000251100854
B1029404547597N01139832EA010200118800000211400854
B1029414547593N01139832EA010220118900000211700854
B1029424547589N01139830EA010250119200000291830854
B1029434547586N01139827EA010270119600000291960854
B1029444547583N01139823EA010310120000000262140854
B1029454547581N01139818EA010350120400000262320854
B1029464547580N01139811EA010380120700000312450866
B1029474547580N01139804EA010420121100000312580866
B1029484547581N01139796EA010440121400000402700866
B1029494547584N01139788EA010470121800000442860866
B1029504547589N01139782EA010510122200000443050866
B1029514547595N01139778EA010550122700000443240866
B1029524547602N01139776EA010600123100000403370866
B1029534547607N01139776EA010650123500000403500866
B1029544547613N01139778EA010680123900000410040877
B1029554547619N01139783EA010700124000000410180877
B1029564547624N01139790EA010720124300000470340877
B1029574547627N01139798EA010750124600000470500877
B1029584547629N01139805EA010790125100000310600877
B1029594547630N01139810EA010850125800000310700877
B1030004547630N01139815EA010900126300000210800877
B1030014547629N01139820EA010950126700000210900869
B1030024547627N01139823EA010980127000000241120869
B1030034547623N01139825EA011000127200000241340869
B1030044547619N01139825EA011020127400000321630869
B1030054547615N01139821EA011040127700000321920869
B1030064547612N01139816EA011080128100000322170877
B1030074547611N01139809EA011120128500000322420877
B1030084547612N01139801EA011160128900000382620877
B1030094547614N01139793EA011190129200000422820877
B1030104547618N01139785EA011230129600000452960877
B1030114547624N01139779EA011260130000000453120877
B1030124547630N01139776EA011300130400000443270877
B1030134547637N01139775EA011350130800000443420877
B1030144547643N01139777EA011380131100000463580877
B1030154547650N01139781EA011400131300000460140877
B1030164547655N01139786EA011430131600000430240877
B1030174547660N01139792EA011470132000000430340877
B1030184547663N01139798EA011510132500000360440862
B1030194547665N01139805EA011560133000000360540862
B1030204547666N01139811EA011590133300000300720862
B1030214547664N01139817EA011620133700000300900866
B1030224547661N01139820EA011650134000000261220866
B1030234547657N01139820EA011670134200000261540869
B1030244547653N01139817EA011690134400000301850869
B1030254547650N01139812EA011720134700000302160877
B1030264547649N01139804EA011760135100000362380877
B1030274547649N01139796EA011790135500000402600877
B1030284547652N01139787EA011830135900000432800877
B1030294547655N01139779EA011870136300000432940877
B1030304547659N01139772EA011920136800000413030877
B1030314547664N01139767EA011960137100000413120862
B1030324547670N01139763EA011990137400000453240859
B1030334547677N01139759EA012000137500000453360859
B1030344547684N01139759EA012020137800000493470859
B1030354547691N01139760EA012050138100000493580859
B1030364547697N01139764EA012080138600000410140859
B1030374547701N01139769EA012120139000000410300862
B1030384547706N01139775EA012160139500000390360862
B1030394547710N01139781EA012190139800000390420862
B1030404547714N01139787EA012220140100000390460874
B1030414547717N01139794EA012240140300000390500874
B1030424547719N01139802EA012260140500000360660874
B1030434547718N01139809EA012280140700000360820874
B1030444547717N01139815EA012310140900000280970874
B1030454547714N01139821EA012330141000000281120887
B1030464547711N01139825EA012340141100000281250887
B1030474547707N01139827EA012350141200000281380866
B1030484547702N01139829EA012340141200000341540866
B1030494547697N01139830EA012350141300000341700866
B1030504547693N01139829EA012370141500000291810866
B1030514547689N01139826EA012380141700000291920866
B1030524547686N01139823EA012400141900000281920866
B1030534547682N01139818EA012420142100000322180866
B1030544547680N01139812EA012440142400000362300862
B1030554547678N01139804EA012460142700000372420862
B1030564547679N01139796EA012490143000000382620862
B1030574547682N01139789EA012530143400000382820862
B1030584547685N01139782EA012550143600000392940862
B1030594547689N01139776EA012580143800000393060862
B1031004547694N01139770EA012600143900000433130862
B1031014547699N01139764EA012620144000000433200859
B1031024547704N01139757EA012630144200000453160859
B1031034547708N01139749EA012640144300000473120859
B1031044547713N01139742EA012640144300000463130860
B1031054547718N01139736EA012650144500000463140860
B1031064547723N01139732EA012680144800000383250860
B1031074547729N01139731EA012710145200000383360860
B1031084547734N01139733EA012740145500000353580860
B1031094547738N01139738EA012770145800000350200860
B1031104547742N01139744EA012780146000000370390860
B1031114547743N01139751EA012810146200000370580860
B1031124547743N01139758EA012830146400000280790860
B1031134547741N01139762EA012860146700000281000860
B1031144547739N01139766EA012880146900000221200860
B1031154547736N01139768EA012900147000000221400874
B1031164547732N01139768EA012910147100000231590874
B1031174547729N01139767EA012910147100000231780874
B1031184547725N01139763EA012910147100000291980860
B1031194547722N01139758EA012910147100000292180860
B1031204547721N01139751EA012910147100000362400860
B1031214547722N01139743EA012920147200000372620860
B1031224547724N01139735EA012930147300000382820860
B1031234547727N01139729EA012930147300000382940860
B1031244547731N01139723EA012950147400000383050860
B1031254547736N01139718EA012950147500000383160860
B1031264547742N01139714EA012950147600000433250848
B1031274547748N01139710EA012960147700000433340848
B1031284547753N01139706EA012980148000000393340848
B1031294547758N01139702EA013010148300000393340848
B1031304547764N01139700EA013030148500000353400864
B1031314547769N01139700EA013050148700000353460864
B1031324547775N01139702EA013060148800000380040864
B1031334547779N01139707EA013070148800000390220864
B1031344547783N01139713EA013090148900000380390864
B1031354547785N01139721EA013100149100000380560884
B1031364547786N01139728EA013110149200000330700884
B1031374547786N01139734EA013130149400000330840884
B1031384547784N01139740EA013150149600000261000884
B1031394547782N01139744EA013170149800000261160884
B1031404547778N01139746EA013190150000000231370884
B1031414547775N01139747EA013210150200000231580884
B1031424547772N01139745EA013220150300000221810884
B1031434547769N01139742EA013230150200000222040884
B1031444547767N01139737EA013220150100000302220884
B1031454547765N01139730EA013210150000000302400884
B1031464547765N01139723EA013200149900000372540884
B1031474547765N01139715EA013200149900000372680864
B1031484547767N01139707EA013210150000000362740864
B1031494547770N01139701EA013210150000000362900864
B1031504547775N01139697EA013210150000000393130864
B1031514547781N01139695EA013210150000000393360864
B1031524547787N01139696EA013210150000000413520864
B1031534547793N01139697EA013220150200000410080864
B1031544547798N01139699EA013240150400000370070864
B1031554547804N01139699EA013250150600000370060864
B1031564547809N01139700EA013270150700000370040864
B1031574547815N01139701EA013270150800000370020872
B1031584547820N01139705EA013280150800000400150872
B1031594547826N01139710EA013280150900000400280872
B1032004547831N01139716EA013280151000000420340872
B1032014547835N01139721EA013300151100000420400891
B1032024547839N01139727EA013320151300000360400891
B1032034547843N01139732EA013340151500000360400891
B1032044547846N01139738EA013360151700000330470891
B1032054547848N01139744EA013370151800000330540891
B1032064547849N01139751EA013380151900000330690891
B1032074547849N01139759EA013390151900000330840891
B1032084547848N01139766EA013390152000000350930891
B1032094547847N01139773EA013400152100000351020906
B1032104547845N01139780EA013410152200000311030906
B1032114547844N01139786EA013430152400000311040906
B1032124547841N01139791EA013440152500000291140906
B1032134547838N01139796EA013450152600000291240906
B1032144547835N01139801EA013460152600000321260906
B1032154547832N01139807EA013470152700000321280906
B1032164547829N01139813EA013480152900000331250906
B1032174547827N01139819EA013510153200000331220918
B1032184547824N01139824EA013540153700000261240918
B1032194547821N01139826EA013570154100000261260918
B1032204547818N01139827EA013590154200000231510918
B1032214547815N01139826EA013600154200000231760918
B1032224547812N01139821EA013600154200000302060918
B1032234547810N01139815EA013610154200000302340895
B1032244547811N01139807EA013610154300000402600906
B1032254547814N01139799EA013610154200000422840906
B1032264547819N01139793EA013620154200000443020906
B1032274547825N01139788EA013620154200000443200906
B1032284547832N01139785EA013610154100000473320906
B1032294547839N01139783EA013610154000000473440906
B1032304547846N01139782EA013610154000000473480906
B1032314547852N01139781EA013610154100000473520906
B1032324547860N01139782EA013610154300000473580906
B1032334547866N01139783EA013620154400000470040881
B1032344547872N01139785EA013640154600000390110881
B1032354547877N01139789EA013660154800000390180881
B1032364547882N01139793EA013670154900000380270881
B1032374547886N01139799EA013680154900000380360881
B1032384547889N01139807EA013670154900000400500881
B1032394547891N01139815EA013670154900000400640881
B1032404547891N01139824EA013670154900000410780889
B1032414547890N01139832EA013670155000000410940889
B1032424547888N01139839EA013680155100000331040889
B1032434547886N01139845EA013700155300000331140889
B1032444547883N01139849EA013720155500000241230889
B1032454547880N01139852EA013730155600000241320889
B1032464547877N01139854EA013740155600000231480889
B1032474547873N01139854EA013740155600000231640889
B1032484547870N01139852EA013750155700000221840889
B1032494547867N01139849EA013750155600000222040889
B1032504547865N01139845EA013750155600000252170889
B1032514547863N01139840EA013750155600000252300889
B1032524547862N01139834EA013750155500000322470889
B1032534547863N01139826EA013740155400000392640889
B1032544547865N01139817EA013720155200000442800889
B1032554547869N01139809EA013710155100000442940881
B1032564547873N01139802EA013710155200000413040881
B1032574547878N01139798EA013720155300000413140881
B1032584547883N01139793EA013730155500000363200881
B1032594547887N01139789EA013740155500000363260881
B1033004547893N01139786EA013740155400000443320881
B1033014547900N01139783EA013720155300000443380881
B1033024547907N01139784EA013710155300000483540881
B1033034547913N01139788EA013710155300000480100897
B1033044547918N01139794EA013710155300000430280897
B1033054547922N01139801EA013710155300000430460897
B1033064547925N01139808EA013710155300000390540897
B1033074547927N01139816EA013720155400000390620897
B1033084547929N01139824EA013720155400000390670904
B1033094547930N01139833EA013710155400000420720904
B1033104547931N01139842EA013700155400000420780904
B1033114547932N01139851EA013700155300000420820904
B1033124547932N01139859EA013690155300000410850904
B1033134547932N01139868EA013690155300000400880904
B1033144547931N01139877EA013690155200000390940904
B1033154547930N01139885EA013690155200000390960904
B1033164547930N01139893EA013680155200000370970904
B1033174547928N01139900EA013680155200000370980904
B1033184547926N01139908EA013680155200000361050904
B1033194547924N01139915EA013670155100000361120904
B1033204547921N01139920EA013670155100000331230908
B1033214547917N01139924EA013680155200000331340908
B1033224547913N01139924EA013680155200000251560908
B1033234547909N01139923EA013680155100000251780910
B1033244547906N01139921EA013680155000000291950910
B1033254547903N01139916EA013670154900000292120894
B1033264547902N01139909EA013650154800000332380894
B1033274547903N01139902EA013650154800000332640894
B1033284547905N01139897EA013660154900000312880894
B1033294547910N01139893EA013670155100000313120894
B1033304547916N01139890EA013670155100000423290904
B1033314547923N01139889EA013670155000000423460904
B1033324547930N01139891EA013660154900000523590904
B1033334547937N01139895EA013660155000000520120904
B1033344547944N01139900EA013670155000000490210904
B1033354547950N01139906EA013690155100000490300904
B1033364547955N01139912EA013690155100000460340904
B1033374547961N01139918EA013690155100000460380926
B1033384547967N01139925EA013680154900000510370926
B1033394547974N01139932EA013670154800000510360926
B1033404547979N01139940EA013660154700000520400926
B1033414547984N01139949EA013650154500000520440926
B1033424547989N01139958EA013640154500000530520926
B1033434547993N01139967EA013630154400000520540929
B1033444547998N01139975EA013630154400000470520929
B1033454548002N01139983EA013630154400000470500929
B1033464548006N01139991EA013630154300000450530929
B1033474548010N01140000EA013610154100000490560944
B1033484548014N01140009EA013580153800000540580944
B1033494548018N01140020EA013550153500000590580956
B1033504548023N01140031EA013510153200000640580956
B1033514548028N01140044EA013460152700000680600956
B1033524548032N01140058EA013410152300000700620956
B1033534548036N01140072EA013370152000000700660962
B1033544548040N01140085EA013340151900000680680962
B1033554548043N01140099EA013320151800000650680962
B1033564548046N01140112EA013310151700000620680962
B1033574548048N01140125EA013290151600000590720983
B1033584548050N01140136EA013290151400000530760983
B1033594548053N01140145EA013300151500000430740983
B1034004548056N01140151EA013330151800000330620983
B1034014548059N01140156EA013360152000000330500983
B1034024548061N01140160EA013380152100000250520991
B1034034548063N01140166EA013380152000000250540991
B1034044548066N01140173EA013370151800000400591001
B1034054548069N01140181EA013340151500000400641001
B1034064548072N01140189EA013320151400000430591001
B1034074548076N01140196EA013310151400000430541001
B1034084548078N01140201EA013320151400000300541001
B1034094548081N01140207EA013320151300000300541001
B1034104548083N01140213EA013310151100000340591001
B1034114548085N01140221EA013280150800000340641010
B1034124548088N01140229EA013260150500000440621010
B1034134548092N01140237EA013230150300000440601010
B1034144548094N01140244EA013220150200000380611010
B1034154548097N01140251EA013220150200000380621010
B1034164548099N01140258EA013210150100000330641010
B1034174548101N01140265EA013200149900000330661010
B1034184548103N01140273EA013170149700000400661024
B1034194548106N01140280EA013140149400000410621024
B1034204548109N01140288EA013120149200000400611024
B1034214548112N01140295EA013110149100000400601045
B1034224548114N01140302EA013110149100000340641045
B1034234548116N01140309EA013110149100000340681045
B1034244548118N01140316EA013110149100000340651045
B1034254548121N01140322EA013110149000000340621044
B1034264548126N01140329EA013100149000000460531044
B1034274548131N01140337EA013090149000000460441044
B1034284548135N01140345EA013100149100000450471044
B1034294548139N01140352EA013120149400000450501044
B1034304548143N01140358EA013150149700000370511044
B1034314548146N01140365EA013180150000000370521044
B1034324548149N01140371EA013200150100000340521011
B1034334548152N01140377EA013210150200000340521011
B1034344548155N01140384EA013210150200000380561011
B1034354548158N01140392EA013200150000000380601011
B1034364548162N01140400EA013200150000000420591028
B1034374548165N01140406EA013200150100000420581028
B1034384548168N01140412EA013210150100000340541028
B1034394548172N01140419EA013210150200000340501012
B1034404548176N01140425EA013210150200000430491012
B1034414548180N01140432EA013210150200000430481012
B1034424548185N01140439EA013210150300000440471012
B1034434548189N01140447EA013220150400000440461012
B1034444548193N01140454EA013220150400000450501012
B1034454548197N01140463EA013220150400000440541012
B1034464548200N01140471EA013220150300000420590996
B1034474548202N01140479EA013210150200000420640996
B1034484548204N01140487EA013200150100000410660996
B1034494548207N01140496EA013190149900000410680996
B1034504548209N01140504EA013180149800000410680996
B1034514548211N01140512EA013170149700000410681015
B1034524548213N01140519EA013170149600000340701014
B1034534548214N01140526EA013160149500000340721014
B1034544548215N01140535EA013140149200000400781014
B1034554548216N01140544EA013120148900000440801014
B1034564548216N01140554EA013090148700000460821014
B1034574548216N01140563EA013070148500000430861014
B1034584548215N01140571EA013060148400000370921002
B1034594548214N01140579EA013060148400000370981002
B1035004548214N01140587EA013060148400000360961002
B1035014548213N01140596EA013040148100000410941002
B1035024548213N01140605EA013010147800000460961002
B1035034548212N01140615EA012980147600000460961002
B1035044548211N01140624EA012970147400000420980993
B1035054548210N01140633EA012960147400000370960993
B1035064548209N01140640EA012970147400000350970960
B1035074548208N01140648EA012960147300000350980960
B1035084548207N01140656EA012950147200000400980960
B1035094548206N01140665EA012930146900000421000960
B1035104548205N01140674EA012910146700000421000943
B1035114548204N01140682EA012890146600000421000943
B1035124548203N01140691EA012880146500000381000943
B1035134548202N01140698EA012880146400000381000943
B1035144548201N01140706EA012870146300000370980943
B1035154548200N01140715EA012860146200000390960943
B1035164548200N01140724EA012840146100000400920924
B1035174548200N01140732EA012820145900000400880924
B1035184548200N01140741EA012810145800000390880924
B1035194548200N01140749EA012800145700000390900924
B1035204548200N01140757EA012790145700000370900924
B1035214548200N01140765EA012780145600000370900924
B1035224548200N01140774EA012770145400000380880910
B1035234548200N01140782EA012760145300000380860910
B1035244548201N01140790EA012750145200000370870910
B1035254548201N01140798EA012740145200000370880910
B1035264548200N01140806EA012730145100000370890910
B1035274548201N01140814EA012720144900000370900910
B1035284548201N01140823EA012700144700000400860894
B1035294548201N01140831EA012690144600000400860894
B1035304548201N01140839EA012680144500000370860894
B1035314548202N01140847EA012670144500000370860894
B1035324548202N01140855EA012660144400000370860894
B1035334548203N01140863EA012650144200000380820894
B1035354548204N01140880EA012620143900000370840878
B1035364548204N01140888EA012610143700000370860878
B1035374548204N01140896EA012590143500000370880878
B1035384548205N01140904EA012580143400000380850878
B1035394548206N01140912EA012570143300000380820878
B1035404548206N01140920EA012560143300000340820862
B1035414548207N01140927EA012560143200000340820862
B1035424548207N01140934EA012550143100000320830862
B1035434548208N01140941EA012550143100000320840862
B1035444548209N01140948EA012540142900000340820862
B1035454548209N01140956EA012520142700000340800862
B1035464548210N01140965EA012500142500000410820883
B1035474548211N01140974EA012470142200000410840861
B1035484548211N01140982EA012460142100000370840861
B1035494548211N01140989EA012450142100000370860861
B1035504548211N01140997EA012450142000000330890861
B1035514548210N01141004EA012430141800000330920861
B1035524548210N01141013EA012400141600000390940861
B1035534548210N01141021EA012390141400000390900861
B1035544548210N01141028EA012380141400000340890861
B1035554548210N01141035EA012370141300000340880861
B1035564548210N01141042EA012370141300000310910861
B1035574548210N01141050EA012360141100000310940861
B1035584548209N01141058EA012340140800000390920828
B1035594548209N01141066EA012320140600000390900823
B1036004548209N01141074EA012300140600000370900823
B1036014548209N01141082EA012300140500000370900823
B1036024548209N01141089EA012300140600000310910823
B1036034548209N01141096EA012300140500000310920823
B1036044548208N01141103EA012290140400000350930823
B1036054548208N01141111EA012280140300000350940823
B1036064548208N01141119EA012260140100000370930819
B1036074548207N01141127EA012250140000000370920819
B1036084548207N01141135EA012250139900000360910819
B1036094548207N01141143EA012240139800000360900819
B1036104548207N01141151EA012230139800000390930819
B1036114548206N01141160EA012220139700000390960819
B1036124548204N01141168EA012210139600000390990821
B1036134548203N01141176EA012200139400000391020821
B1036144548202N01141184EA012190139300000381010821
B1036154548201N01141192EA012180139200000381000821
B1036164548200N01141200EA012180139100000361010821
B1036174548199N01141207EA012170139100000361020821
B1036184548197N01141215EA012160139000000391040821
B1036194548195N01141224EA012150138900000401060803
B1036204548194N01141232EA012140138800000401050803
B1036214548192N01141240EA012140138800000401040803
B1036224548191N01141247EA012130138700000351050803
B1036234548189N01141254EA012130138600000351060803
B1036244548188N01141261EA012130138500000351060803
B1036254548186N01141268EA012110138300000351060779
B1036264548183N01141276EA012090138100000391110779
B1036274548180N01141283EA012070138000000391160779
B1036284548177N01141290EA012060137900000371190779
B1036294548174N01141297EA012060137800000371220779
B1036304548172N01141304EA012050137800000331160779
B1036314548171N01141310EA012050137800000331100779
B1036324548169N01141317EA012040137700000331110757
B1036334548166N01141324EA012030137600000331120757
B1036344548163N01141331EA012010137400000381160757
B1036354548161N01141338EA011990137200000381200757
B1036364548158N01141344EA011980137200000341190725
B1036374548155N01141350EA011980137100000341180725
B1036384548152N01141356EA011970137000000331220725
B1036394548149N01141362EA011960136800000331260725
B1036404548147N01141369EA011940136600000351240722
B1036414548144N01141375EA011930136400000351220722
B1036424548141N01141381EA011910136300000321200722
B1036434548139N01141387EA011900136200000321180722
B1036444548137N01141393EA011890136100000331160722
B1036454548135N01141400EA011880135900000331140722
B1036464548133N01141407EA011860135600000351140722
B1036474548131N01141414EA011840135500000351140722
B1036484548128N01141420EA011830135300000321140731
B1036494548126N01141426EA011810135200000321160731
B1036504548124N01141432EA011800135000000331160731
B1036514548122N01141439EA011780134800000331160731
B1036524548119N01141446EA011760134700000361140731
B1036534548117N01141453EA011750134700000361120731
B1036544548116N01141459EA011760134800000281100731
B1036554548114N01141465EA011770134900000281080731
B1036564548113N01141470EA011770134800000271130745
B1036574548110N01141475EA011770134800000271180745
B1036584548108N01141480EA011760134800000271190746
B1036594548107N01141485EA011760134700000271200746
B1037004548106N01141490EA011760134600000201130746
B1037014548105N01141494EA011760134400000201060746
B1037024548105N01141500EA011740134200000281020746
B1037034548104N01141507EA011710133800000280980746
B1037044548103N01141515EA011670133500000410970746
B1037054548102N01141524EA011650133400000400960769
B1037064548100N01141531EA011640133500000361060769
B1037074548097N01141537EA011650133600000361160769
B1037084548094N01141542EA011660133600000271230769
B1037094548091N01141547EA011660133500000271300769
B1037104548089N01141553EA011640133300000311210769
B1037114548088N01141559EA011630133200000311120769
B1037124548087N01141566EA011620133200000331080778
B1037134548085N01141573EA011620133200000331040778
B1037144548084N01141580EA011620133300000331050778
B1037154548083N01141587EA011630133400000331060778
B1037164548081N01141593EA011640133600000311030778
B1037174548080N01141599EA011660133800000311000778
B1037184548078N01141605EA011680134100000281100778
B1037194548075N01141609EA011690134200000281200778
B1037204548071N01141611EA011710134400000281440778
B1037214548067N01141610EA011730134600000281680778
B1037224548064N01141607EA011750134800000281920778
B1037234548061N01141602EA011760134900000282160778
B1037244548059N01141596EA011770134900000332320778
B1037254548058N01141589EA011770134900000332480778
B1037264548059N01141582EA011770135000000342670778
B1037274548062N01141576EA011780135000000342860778
B1037284548066N01141572EA011780135000000383100778
B1037294548072N01141571EA011770134900000383340778
B1037304548078N01141571EA011770134900000393520778
B1037314548083N01141574EA011780135100000390100778
B1037324548087N01141578EA011790135200000300260778
B1037334548089N01141583EA011810135300000300420778
B1037344548091N01141589EA011820135400000300560778
B1037354548092N01141596EA011820135500000300700778
B1037364548094N01141604EA011820135500000360710778
B1037374548095N01141611EA011830135600000360720778
B1037384548097N01141618EA011840135800000340710781
B1037394548098N01141625EA011860136000000340700781
B1037404548099N01141631EA011870136200000310770781
B1037414548099N01141638EA011890136400000310840781
B1037424548099N01141646EA011900136500000350850781
B1037434548100N01141653EA011910136700000350860781
B1037444548100N01141660EA011940136900000300880781
B1037454548099N01141666EA011960137200000300900768
B1037464548097N01141670EA011980137300000251130768
B1037474548093N01141672EA011980137200000251360768
B1037484548087N01141673EA011980137200000351580768
B1037494548082N01141671EA011980137200000351800768
B1037504548079N01141666EA011990137400000352020768
B1037514548076N01141660EA012000137600000352280781
B1037524548076N01141652EA012020137800000352520781
B1037534548078N01141645EA012050138000000352740781
B1037544548082N01141639EA012060138100000392930781
B1037554548087N01141634EA012060138100000393120781
B1037564548093N01141631EA012070138300000423290781
B1037574548098N01141631EA012090138500000423460781
B1037584548103N01141634EA012120138800000340050781
B1037594548108N01141638EA012140139000000340240781
B1038004548112N01141641EA012160139200000320280769
B1038014548116N01141645EA012170139300000320320769
B1038024548121N01141647EA012180139400000340260769
B1038034548126N01141651EA012190139600000340200769
B1038044548130N01141655EA012210139700000340310769
B1038054548133N01141661EA012220139800000340420769
B1038064548134N01141669EA012220139900000350600736
B1038074548133N01141675EA012240140100000350780736
B1038084548131N01141681EA012260140500000291010736
B1038094548128N01141685EA012280140700000291240736
B1038104548124N01141686EA012300140900000271470736
B1038114548120N01141686EA012330141000000271700736
B1038124548116N01141684EA012350141100000281880736
B1038134548113N01141680EA012360141200000282060736
B1038144548111N01141674EA012370141200000322250736
B1038154548110N01141667EA012360141200000322440736
B1038164548110N01141659EA012360141100000362620769
B1038174548112N01141652EA012370141100000362780769
B1038184548115N01141646EA012370141200000352940769
B1038194548120N01141641EA012380141300000353100769
B1038204548124N01141639EA012390141300000333280769
B1038214548130N01141638EA012390141400000333460769
B1038224548135N01141640EA012400141500000353590769
B1038234548140N01141642EA012400141600000350120769
B1038244548145N01141644EA012410141700000340150769
B1038254548150N01141647EA012420141800000340180769
B1038264548155N01141650EA012430141900000350190769
B1038274548160N01141653EA012440142000000350200791
B1038284548164N01141657EA012450142100000350270791
B1038294548168N01141662EA012460142100000350340791
B1038304548171N01141667EA012480142300000310400745
B1038314548174N01141672EA012490142400000310460745
B1038324548177N01141678EA012500142600000350540745
B1038334548179N01141685EA012510142700000350620745
B1038344548180N01141693EA012520143000000360680745
B1038354548181N01141700EA012550143300000360740745
B1038364548180N01141706EA012580143600000270900745
B1038374548178N01141711EA012610143900000271060745
B1038384548175N01141716EA012630144000000331220691
B1038394548170N01141719EA012650144200000331380691
B1038404548166N01141721EA012670144500000311570691
B1038414548161N01141719EA012700144700000311760691
B1038424548157N01141714EA012710144800000382010736
B1038434548154N01141707EA012710144900000382260736
B1038444548153N01141699EA012730145100000342420736
B1038454548154N01141692EA012750145300000342640736
B1038464548157N01141686EA012770145400000342850736
B1038474548161N01141682EA012780145500000343060745
B1038484548166N01141679EA012790145600000373270745
B1038494548172N01141680EA012800145700000373480745
B1038504548177N01141683EA012810145800000383480745
B1038514548181N01141688EA012820145900000380300745
B1038524548185N01141695EA012830146000000380390745
B1038534548189N01141701EA012850146300000380480745
B1038544548192N01141707EA012870146600000370490745
B1038554548195N01141713EA012900147000000370500745
B1038564548197N01141719EA012930147300000300590691
B1038574548198N01141725EA012960147500000300680691
B1038584548197N01141732EA012980147700000320860691
B1038594548194N01141738EA012990147700000321040691
B1039004548190N01141743EA013000147800000361260691
B1039014548185N01141745EA013010147900000361480691
B1039024548179N01141742EA013020148000000391740691
B1039034548174N01141738EA013020148100000392000691
B1039044548171N01141731EA013040148300000372200691
B1039054548170N01141724EA013050148500000372400691
B1039064548170N01141717EA013080148700000312590691
B1039074548172N01141711EA013100148800000312780745
B1039084548175N01141705EA013110148900000352940745
B1039094548180N01141701EA013120148900000353100745
B1039104548185N01141698EA013120149000000403280745
B1039114548191N01141698EA013120149100000403460745
B1039124548197N01141701EA013140149300000390050745
B1039134548201N01141705EA013150149500000390240745
B1039144548204N01141710EA013170149700000280350745
B1039154548207N01141714EA013200150000000280460745
B1039164548209N01141719EA013220150200000270560691
B1039174548209N01141726EA013230150300000270660691
B1039184548209N01141734EA013230150200000380830691
B1039194548207N01141742EA013220150100000381000691
B1039204548203N01141749EA013220150200000411130691
B1039214548199N01141754EA013230150400000411260691
B1039224548195N01141757EA013260150600000281420691
B1039234548191N01141758EA013280150700000281580691
B1039244548186N01141758EA013280150700000321730691
B1039254548181N01141755EA013270150600000321880691
B1039264548177N01141749EA013260150500000392080691
B1039274548175N01141742EA013250150500000392280691
B1039284548175N01141734EA013260150600000352520691
B1039294548176N01141727EA013270150700000352760691
B1039304548180N01141721EA013280150700000362930691
B1039314548184N01141716EA013290150700000363100691
B1039324548189N01141712EA013290150700000393230745
B1039334548195N01141710EA013280150700000393360745
B1039344548201N01141710EA013290150700000393460745
B1039354548206N01141709EA013290150800000393560745
B1039364548212N01141709EA013290150800000373550767
B1039374548218N01141708EA013300150900000373540767
B1039384548223N01141707EA013310151000000343530767
B1039394548228N01141707EA013320151100000343520767
B1039404548232N01141709EA013330151200000320050767
B1039414548237N01141713EA013330151200000320180767
B1039424548240N01141720EA013320151100000420380727
B1039434548243N01141729EA013310151100000450580727
B1039444548244N01141738EA013310151100000430720727
B1039454548245N01141746EA013320151300000430780727
B1039464548247N01141754EA013340151500000340750727
B1039474548248N01141760EA013370151800000340720727
B1039484548248N01141766EA013390152000000270810680
B1039494548247N01141772EA013400152000000270900680
B1039504548244N01141777EA013390151900000331140680
B1039514548238N01141779EA013380151800000331380680
B1039524548233N01141779EA013370151800000321620680
B1039534548229N01141776EA013370151800000321880680
B1039544548227N01141771EA013370151800000322150680
B1039554548226N01141764EA013370151700000322420727
B1039564548225N01141757EA013370151700000332550727
B1039574548226N01141750EA013370151700000332680727
B1039584548226N01141743EA013370151600000332730727
B1039594548228N01141735EA013370151600000352780727
B1040004548229N01141728EA013360151500000372810727
B1040014548230N01141720EA013350151400000382840727
B1040024548232N01141712EA013350151300000392820767
B1040034548233N01141703EA013340151300000392820767
B1040044548234N01141695EA013340151200000392800767
B1040054548235N01141687EA013330151200000392800767
B1040064548235N01141679EA013330151200000352780767
B1040074548234N01141672EA013330151200000352700767
B1040084548232N01141667EA013330151100000292490767
B1040094548228N01141664EA013320150900000292280818
B1040104548224N01141664EA013300150800000302020818
B1040114548219N01141665EA013290150700000301760818
B1040124548215N01141667EA013290150700000281680767
B1040134548211N01141669EA013290150700000281600767
B1040144548207N01141670EA013290150700000251640745
B1040154548204N01141671EA013290150700000251680745
B1040164548199N01141673EA013280150600000311630745
B1040174548195N01141676EA013270150500000311580745
B1040184548191N01141680EA013260150400000321540745
B1040194548186N01141683EA013260150400000321500745
B1040204548182N01141686EA013260150400000311490745
B1040214548178N01141690EA013260150300000311480745
B1040224548174N01141694EA013250150200000341470745
B1040234548169N01141698EA013240150100000341460745
B1040244548165N01141702EA013220150000000371460745
B1040254548160N01141707EA013210149800000371460745
B1040264548155N01141712EA013190149700000401420736
B1040274548151N01141718EA013180149600000401380693
B1040284548146N01141724EA013170149400000391360693
B1040294548142N01141730EA013160149400000391340693
B1040304548138N01141734EA013160149300000331380693
B1040314548134N01141738EA013150149300000331420693
B1040324548130N01141741EA013140149100000321470693
B1040334548125N01141744EA013130149000000321520693
B1040344548120N01141749EA013110148800000381490693
B1040354548116N01141753EA013090148600000381460693
B1040364548111N01141759EA013070148500000381430693
B1040374548107N01141764EA013060148300000381400726
B1040384548102N01141768EA013050148200000361420692
B1040394548098N01141772EA013040148000000361440692
B1040404548093N01141776EA013020147800000371490692
B1040414548088N01141779EA013000147600000371540692
B1040424548082N01141783EA012980147400000391530692
B1040434548077N01141787EA012960147200000391520692
B1040444548073N01141789EA012940147100000341550692
B1040454548068N01141791EA012940147100000341580692
B1040464548063N01141793EA012930147000000311630692
B1040474548058N01141794EA012910146800000311680732
B1040484548053N01141797EA012890146500000381640732
B1040494548047N01141800EA012860146200000381600732
B1040504548042N01141803EA012830146000000401600732
B1040514548036N01141806EA012810145800000361580732
B1040524548031N01141808EA012800145700000341570732
B1040534548027N01141811EA012790145600000341560732
B1040544548022N01141815EA012770145300000381540732
B1040554548016N01141819EA012750145100000381520692
B1040564548010N01141823EA012720144800000421530692
B1040574548005N01141826EA012700144600000421540721
B1040584547999N01141829EA012680144400000361560721
B1040594547994N01141832EA012670144300000361580721
B1041004547989N01141834EA012650144100000351590721
B1041014547984N01141837EA012630143900000351600721
B1041024547978N01141840EA012610143600000401600721
B1041034547973N01141843EA012580143300000401600721
B1041044547967N01141846EA012550143000000411590721
B1041054547961N01141849EA012530142800000411580721
B1041064547956N01141852EA012510142600000371570749
B1041074547951N01141856EA012490142400000371560749
B1041084547945N01141859EA012470142100000401540749
B1041094547940N01141864EA012440141900000401520749
B1041104547934N01141868EA012420141600000431500707
B1041114547929N01141873EA012400141500000431480707
B1041124547924N01141878EA012390141400000371440707
B1041134547920N01141884EA012380141300000371400707
B1041144547917N01141890EA012370141100000341310707
B1041154547916N01141897EA012350141000000341220707
B1041164547916N01141904EA012340140800000330990707
B1041174547919N01141910EA012310140500000330760707
B1041184547925N01141914EA012270140100000410460707
B1041194547931N01141914EA012240139800000410160707
B1041204547936N01141911EA012220139600000363550707
B1041214547940N01141908EA012210139600000363340707
B1041224547944N01141905EA012210139500000303330707
B1041234547949N01141902EA012200139400000303320707
B1041244547954N01141899EA012180139200000383340707
B1041254547959N01141895EA012150139000000383360707
B1041264547965N01141892EA012140138800000393340675
B1041274547970N01141888EA012120138600000393320675
B1041284547975N01141885EA012100138400000403340675
B1041294547981N01141881EA012080138300000403360675
B1041304547987N01141878EA012070138100000403360675
B1041314547992N01141875EA012060138000000403360675
B1041324547997N01141872EA012050137900000373390675
B1041334548003N01141871EA012040137800000373420675
B1041344548009N01141869EA012020137600000393460675
B1041354548015N01141867EA012010137400000393480647
B1041364548021N01141865EA011990137200000423460692
B1041374548027N01141862EA011970137100000423440692
B1041384548032N01141860EA011960137000000373430692
B1041394548037N01141858EA011960137000000373420692
B1041404548042N01141855EA011950136900000353410692
B1041414548047N01141853EA011940136800000353400692
B1041424548053N01141851EA011920136600000413430692
B1041434548059N01141849EA011910136400000413460692
B1041444548065N01141846EA011890136300000403430648
B1041454548070N01141843EA011880136200000403400648
B1041464548076N01141841EA011880136100000373400648
B1041474548081N01141838EA011870135900000373400648
B1041484548087N01141836EA011850135700000413430648
B1041494548093N01141834EA011830135600000413460648
B1041504548099N01141832EA011810135400000393440648
B1041514548104N01141830EA011800135300000393420648
B1041524548110N01141828EA011790135200000383440622
B1041534548116N01141826EA011780135000000383460622
B1041544548122N01141824EA011770134900000413450622
B1041554548128N01141822EA011760134700000413440622
B1041564548134N01141820EA011740134600000423460622
B1041574548141N01141818EA011730134400000423480622
B1041584548148N01141817EA011710134300000453490622
B1041594548154N01141815EA011700134100000453500657
B1042004548161N01141813EA011680133900000463490655
B1042014548168N01141812EA011660133800000463480655
B1042024548174N01141810EA011650133700000423470655
B1042034548180N01141808EA011640133600000423460655
B1042044548187N01141805EA011630133400000453430655
B1042054548194N01141801EA011600133200000453400655
B1042064548201N01141797EA011580132900000503390655
B1042074548207N01141793EA011560132700000503380655
B1042084548214N01141790EA011550132600000453390680
B1042094548220N01141787EA011540132500000453400680
B1042104548227N01141784EA011530132300000443410680
B1042114548233N01141782EA011510132100000443420680
B1042124548240N01141779EA011490131900000483430680
B1042134548248N01141776EA011460131600000503440680
B1042144548255N01141774EA011440131400000493450680
B1042154548262N01141771EA011420131100000493460713
B1042164548269N01141770EA011390130900000463470713
B1042174548276N01141768EA011380130800000463480713
B1042184548282N01141767EA011360130700000443490713
B1042194548289N01141765EA011360130600000443500749
B1042204548295N01141763EA011350130600000443490749
B1042214548302N01141762EA011340130500000443480749
B1042224548310N01141759EA011330130500000523480737
B1042234548317N01141757EA011330130600000523480737
B1042244548324N01141755EA011350130800000443480737
B1042254548330N01141754EA011370131100000443480737
B1042264548336N01141752EA011400131300000363500737
B1042274548341N01141752EA011420131400000363520737
B1042284548347N01141751EA011430131500000393520737
B1042294548353N01141749EA011440131500000393520737
B1042304548360N01141748EA011440131600000463520713
B1042314548367N01141748EA011450131700000463520713
B1042324548374N01141749EA011460131800000450020713
B1042334548380N01141753EA011460131900000450120713
B1042344548386N01141759EA011470131900000460120713
B1042354548390N01141766EA011470131900000450400674
B1042364548393N01141774EA011480132000000410550674
B1042374548393N01141782EA011480132100000410700674
B1042384548391N01141788EA011480132100000331000674
B1042394548387N01141791EA011480132100000331300674
B1042404548383N01141790EA011490132200000241620674
B1042414548380N01141788EA011500132500000241940674
B1042424548379N01141784EA011530132700000192210674
B1042434548379N01141779EA011550132800000192480674
B1042444548380N01141774EA011560132900000262670674
B1042454548381N01141768EA011570133000000262860674
B1042464548383N01141762EA011570132900000342890713
B1042474548385N01141755EA011570133000000342920713
B1042484548387N01141747EA011570133000000382920713
B1042494548390N01141740EA011580133100000382920713
B1042504548392N01141733EA011590133300000352950713
B1042514548395N01141727EA011610133400000352980713
B1042524548399N01141722EA011620133600000333070713
B1042534548403N01141718EA011630133700000333160713
B1042544548408N01141715EA011640133700000383280759
B1042554548414N01141713EA011650133800000383400754
B1042564548421N01141714EA011650133900000433530754
B1042574548427N01141716EA011660134000000430060706
B1042584548432N01141720EA011670134200000380170706
B1042594548436N01141725EA011690134300000380280706
B1043004548439N01141731EA011700134500000340430706
B1043014548441N01141738EA011710134500000340580706
B1043024548442N01141744EA011720134600000320730706
B1043034548441N01141751EA011730134600000320880706
B1043044548438N01141756EA011730134600000271070706
B1043054548436N01141760EA011730134700000271260706
B1043064548432N01141762EA011740134700000231420706
B1043074548429N01141762EA011750134800000231580706
B1043084548426N01141761EA011750134900000201810706
B1043094548424N01141757EA011760135000000202040706
B1043104548422N01141752EA011750134900000302290706
B1043114548422N01141745EA011750134900000302540706
B1043124548423N01141737EA011750134900000352720706
B1043134548425N01141730EA011750135000000352840706
B1043144548428N01141724EA011760135100000342930706
B1043154548431N01141718EA011760135200000343020706
B1043164548433N01141712EA011770135200000333010754
B1043174548436N01141706EA011770135200000333000754
B1043184548439N01141699EA011770135200000373030754
B1043194548443N01141693EA011770135200000373060754
B1043204548447N01141687EA011780135300000393110754
B1043214548452N01141681EA011780135400000393160754
B1043224548457N01141676EA011790135500000423210754
B1043234548462N01141671EA011800135600000423260757
B1043244548467N01141666EA011810135700000413250757
B1043254548472N01141662EA011820135900000413240806
B1043264548477N01141657EA011830136000000383270806
B1043274548483N01141654EA011850136100000383300806
B1043284548488N01141652EA011860136200000393400806
B1043294548494N01141652EA011870136300000393500806
B1043304548500N01141655EA011880136500000410050806
B1043314548505N01141660EA011880136600000410200806
B1043324548508N01141666EA011890136600000340420757
B1043334548509N01141673EA011890136600000340640757
B1043344548508N01141680EA011890136600000300850757
B1043354548505N01141684EA011900136600000301060757
B1043364548503N01141687EA011910136700000221260757
B1043374548499N01141687EA011920136800000221540757
B1043384548496N01141686EA011920136800000261790757
B1043394548493N01141682EA011930136900000262040757
B1043404548491N01141676EA011930136900000312270757
B1043414548490N01141669EA011940137000000312500757
B1043424548492N01141662EA011950137200000362680806
B1043434548494N01141654EA011950137300000382860806
B1043444548497N01141647EA011960137300000392960806
B1043454548501N01141641EA011970137400000393060806
B1043464548505N01141634EA011980137500000373070806
B1043474548508N01141629EA011990137600000373080806
B1043484548512N01141624EA012000137700000343160820
B1043494548517N01141621EA012010137700000343240820
B1043504548523N01141619EA012010137600000383370820
B1043514548529N01141619EA012000137500000383500820
B1043524548535N01141621EA011980137300000430020820
B1043534548541N01141624EA011970137200000430140820
B1043544548546N01141630EA011970137200000400280820
B1043554548549N01141637EA011960137100000400420820
B1043564548550N01141644EA011940136900000380620820
B1043574548550N01141652EA011920136700000380820820
B1043584548547N01141659EA011910136600000331030820
B1043594548544N01141663EA011900136500000331240820
B1044004548539N01141664EA011890136400000291480820
B1044014548535N01141664EA011890136400000291720820
B1044024548531N01141662EA011890136300000271870820
B1044034548528N01141659EA011880136300000272020820
B1044044548524N01141656EA011880136300000292060820
B1044054548520N01141653EA011870136300000292100820
B1044064548516N01141650EA011870136300000292090820
B1044074548513N01141647EA011880136400000292080820
B1044084548509N01141643EA011890136500000242110806
B1044094548506N01141641EA011890136600000242140806
B1044104548503N01141639EA011900136700000222100806
B1044114548500N01141636EA011920136800000222060806
B1044124548497N01141634EA011920136900000232090806
B1044134548495N01141631EA011930137000000232120806
B1044144548492N01141627EA011940137100000232180806
B1044154548490N01141624EA011950137200000232240806
B1044164548489N01141621EA011970137200000162300806
B1044174548487N01141617EA011970137300000162360806
B1044184548486N01141612EA011980137200000262480853
B1044194548486N01141606EA011970137200000262600853
B1044204548486N01141598EA011960137100000342680853
B1044214548487N01141591EA011950137000000342740853
B1044224548489N01141584EA011940137000000332840853
B1044234548492N01141578EA011940136900000332940853
B1044244548496N01141574EA011930136800000373090853
B1044254548502N01141570EA011920136600000373240853
B1044264548508N01141569EA011910136500000403410853
B1044274548513N01141571EA011890136300000403580871
B1044284548518N01141576EA011870136100000390210871
B1044294548522N01141583EA011860135900000390440871
B1044304548525N01141590EA011850135800000380490871
B1044314548528N01141596EA011860135900000380540871
B1044324548531N01141602EA011860136000000330570871
B1044334548533N01141609EA011870136100000330600871
B1044344548534N01141615EA011870136200000310710871
B1044354548534N01141622EA011880136200000310820820
B1044364548532N01141627EA011870136200000270820820
B1044374548529N01141631EA011870136200000261180820
B1044384548526N01141634EA011860136100000271330820
B1044394548523N01141638EA011860136100000271480820
B1044404548519N01141641EA011860136200000281430820
B1044414548516N01141646EA011870136400000281380820
B1044424548513N01141650EA011880136500000261340820
B1044434548511N01141653EA011890136600000261300820
B1044444548508N01141655EA011910136700000211460806
B1044454548504N01141655EA011910136600000211620806
B1044464548501N01141652EA011900136500000251870806
B1044474548498N01141648EA011890136400000252120806
B1044484548496N01141642EA011880136300000302290806
B1044494548495N01141636EA011880136300000302460806
B1044504548496N01141630EA011880136300000282600806
B1044514548497N01141624EA011890136400000282740806
B1044524548498N01141618EA011890136500000302860806
B1044534548501N01141612EA011900136500000302980853
B1044544548506N01141608EA011900136500000383110853
B1044554548512N01141604EA011890136500000383240871
B1044564548519N01141604EA011890136500000453410871
B1044574548525N01141606EA011890136400000453580871
B1044584548531N01141610EA011880136500000440150871
B1044594548536N01141617EA011890136500000440320820
B1045004548538N01141624EA011890136500000400500820
B1045014548540N01141632EA011890136500000400680820
B1045024548540N01141640EA011900136600000370760820
B1045034548541N01141649EA011900136600000380840820
B1045044548541N01141657EA011900136600000410830820
B1045054548542N01141666EA011890136600000430820760
B1045064548543N01141675EA011890136500000430800760
B1045074548544N01141684EA011880136500000410780760
B1045084548545N01141693EA011880136500000400800760
B1045094548546N01141701EA011880136500000400800760
B1045104548547N01141710EA011880136400000420800760
B1045114548549N01141719EA011870136300000430780695
B1045124548550N01141728EA011870136200000420740695
B1045134548552N01141736EA011860136200000420720695
B1045144548554N01141745EA011850136100000390720695
B1045154548556N01141753EA011840136000000390720695
B1045164548558N01141761EA011830135900000410710695
B1045174548560N01141770EA011820135700000420700649
B1045184548561N01141778EA011800135500000410740649
B1045194548562N01141787EA011780135400000380780649
B1045204548562N01141794EA011770135200000350850649
B1045214548560N01141801EA011760135100000350920649
B1045224548558N01141805EA011760135000000241130641
B1045234548555N01141807EA011750134900000241340641
B1045244548551N01141807EA011730134700000241590641
B1045254548548N01141805EA011720134600000241840641
B1045264548545N01141801EA011700134400000282070641
B1045274548543N01141795EA011680134200000282300641
B1045284548541N01141789EA011670134100000292400641
B1045294548540N01141783EA011650133900000292500641
B1045304548539N01141776EA011630133800000352560641
B1045314548539N01141767EA011610133500000402620641
B1045324548538N01141758EA011570133200000442640695
B1045334548537N01141748EA011540132900000462640695
B1045344548536N01141738EA011510132600000482620695
B1045354548536N01141728EA011480132400000482640695
B1045364548537N01141718EA011460132200000472680695
B1045374548537N01141708EA011450132200000442740760
B1045384548538N01141699EA011450132100000422760760
B1045394548539N01141690EA011440131900000432780760
B1045404548540N01141680EA011420131600000492780760
B1045414548542N01141668EA011380131300000542780760
B1045424548543N01141657EA011340130900000552780820
B1045434548544N01141646EA011320130800000492780820
B1045444548545N01141636EA011320130800000432780820
B1045454548546N01141628EA011330130900000402800820
B1045464548547N01141619EA011330130900000402800820
B1045474548549N01141610EA011330130800000442800871
B1045484548550N01141600EA011310130500000492820871
B1045494548552N01141589EA011280130300000522800871
B1045504548554N01141578EA011260130100000532800871
B1045514548556N01141567EA011250130000000522820871
B1045524548558N01141557EA011240129900000492860921
B1045534548561N01141547EA011240129900000472880953
B1045544548563N01141538EA011240129900000452880953
B1045554548565N01141528EA011240129800000452860953
B1045564548567N01141519EA011230129600000482840953
B1045574548569N01141508EA011210129400000532860970
B1045584548572N01141497EA011190129200000562880970
B1045594548575N01141485EA011170129000000552900970
B1046004548578N01141475EA011160128900000532880970
B1046014548580N01141464EA011160128900000522880970
B1046024548582N01141453EA011160129000000532860970
B1046034548584N01141442EA011160129000000522840970
B1046044548586N01141431EA011160129000000502840970
B1046054548588N01141421EA011170129000000492840970
B1046064548590N01141410EA011170129000000512820961
B1046074548592N01141399EA011160128900000532820961
B1046084548594N01141387EA011160128900000552820961
B1046094548595N01141376EA011150128900000542820961
B1046104548596N01141365EA011160129000000522800946
B1046114548598N01141354EA011160129100000502780946
B1046124548599N01141343EA011170129200000492780946
B1046134548600N01141333EA011180129300000472800946
B1046144548602N01141323EA011190129400000462800946
B1046154548603N01141313EA011200129400000462800942
B1046164548604N01141304EA011200129500000452820942
B1046174548606N01141295EA011210129500000442820942
B1046184548607N01141285EA011210129500000452820942
B1046194548609N01141275EA011210129500000462820942
B1046204548610N01141265EA011210129400000472820971
B1046214548611N01141255EA011200129300000472780971
B1046224548611N01141245EA011190129300000452760971
B1046234548612N01141236EA011190129300000422720971
B1046244548612N01141227EA011200129400000392700971
B1046254548612N01141220EA011210129500000392700971
B1046264548612N01141213EA011230129600000322720976
B1046274548613N01141206EA011240129700000322740976
B1046284548613N01141199EA011250129800000322740976
B1046294548614N01141192EA011260129800000322740976
B1046304548614N01141185EA011260129800000322740976
B1046314548614N01141178EA011260129800000322740976
B1046324548615N01141171EA011270129800000322750976
B1046334548616N01141164EA011270129800000322760973
B1046344548617N01141156EA011260129700000362780973
B1046354548618N01141148EA011250129600000382820973
B1046364548620N01141140EA011250129500000382840973
B1046374548622N01141133EA011240129400000382860973
B1046384548625N01141125EA011230129300000402900973
B1046394548628N01141118EA011210129100000402960973
B1046404548632N01141112EA011210128900000383060969
B1046414548637N01141108EA011190128700000383160969
B1046424548643N01141105EA011160128300000413320969
B1046434548649N01141105EA011130127900000413480969
B1046444548656N01141108EA011090127600000430040969
B1046454548661N01141112EA011070127300000430200996
B1046464548664N01141118EA011050127200000330351001
B1046474548667N01141124EA011030127000000330501001
B1046484548668N01141130EA011010126800000290631001
B1046494548668N01141136EA010990126600000290761001
B1046504548669N01141142EA010970126400000310801001
B1046514548669N01141149EA010950126200000310841001
B1046524548669N01141156EA010930126100000330861001
B1046534548669N01141164EA010920126000000330881001
B1046544548669N01141170EA010910126000000320901004
B1046554548669N01141177EA010910126000000320921004
B1046564548669N01141185EA010910125900000330891004
B1046574548669N01141192EA010900125900000330861004
B1046584548669N01141199EA010900125900000310901004
B1046594548668N01141205EA010890125800000310941004
B1047004548667N01141211EA010880125800000290991004
B1047014548666N01141217EA010880125800000291040997
B1047024548666N01141223EA010890125800000261040997
B1047034548665N01141228EA010890125800000240960997
B1047044548664N01141234EA010890125800000251010997
B1047054548663N01141239EA010880125700000251060997
B1047064548661N01141245EA010870125600000311070997
B1047074548660N01141252EA010850125500000311080997
B1047084548659N01141258EA010850125500000301030971
B1047094548658N01141264EA010860125700000300980971
B1047104548658N01141268EA010890126000000170980969
B1047114548658N01141271EA010910126200000170980969
B1047124548657N01141274EA010930126300000140960969
B1047134548657N01141277EA010940126300000140940969
B1047144548657N01141281EA010950126400000180970969
B1047154548656N01141284EA010960126400000181000969
B1047164548654N01141287EA010960126500000171240969
B1047174548651N01141287EA010970126500000171480969
B1047184548647N01141285EA010970126500000261760969
B1047194548644N01141281EA010960126500000262040969
B1047204548642N01141274EA010960126500000352280969
B1047214548642N01141266EA010970126500000382520969
B1047224548644N01141258EA010970126600000392740971
B1047234548646N01141251EA010970126600000392880971
B1047244548649N01141245EA010980126600000333000971
B1047254548653N01141241EA010990126700000333120971
B1047264548658N01141238EA010990126800000343240971
B1047274548663N01141235EA010990126700000343360997
B1047284548669N01141233EA010990126600000393430997
B1047294548675N01141233EA010980126600000393500997
B1047304548681N01141234EA010970126500000420000997
B1047314548687N01141237EA010960126500000420100997
B1047324548692N01141241EA010960126500000370190997
B1047334548697N01141244EA010960126600000370280997
B1047344548701N01141248EA010980126700000330270997
B1047354548706N01141251EA010980126800000330260997
B1047364548710N01141254EA010990126900000310261028
B1047374548714N01141258EA010990126900000310261028
B1047384548717N01141262EA011000126900000290331028
B1047394548720N01141267EA010990126800000290401011
B1047404548722N01141272EA010990126800000300541011
B1047414548723N01141278EA010990126900000300681011
B1047424548723N01141284EA011000127100000250781011
B1047434548723N01141289EA011020127300000250881011
B1047444548723N01141293EA011040127500000150891011
B1047454548723N01141295EA011060127700000150901011
B1047464548721N01141297EA011070127700000181231011
B1047474548717N01141297EA011070127700000181561011
B1047484548713N01141295EA011050127500000331791011
B1047494548708N01141290EA011050127500000332020994
B1047504548705N01141284EA011050127600000372180994
B1047514548702N01141277EA011060127700000372340994
B1047524548700N01141271EA011070127800000342410994
B1047534548698N01141264EA011080127900000342480997
B1047544548697N01141256EA011080127800000372480997
B1047554548695N01141248EA011080127800000392480997
B1047564548694N01141240EA011080127800000412540997
B1047574548694N01141231EA011070127700000432640997
B1047584548695N01141221EA011070127700000452720997
B1047594548696N01141212EA011070127600000442781004
B1048004548697N01141202EA011070127700000442781004
B1048014548697N01141193EA011060127600000432741004
B1048024548697N01141184EA011060127700000392701004
B1048034548697N01141176EA011070127700000362701004
B1048044548698N01141168EA011070127700000362721004
B1048054548698N01141160EA011060127700000402741001
B1048064548698N01141151EA011050127600000452721001
B1048074548697N01141141EA011040127500000452661001
B1048084548696N01141132EA011030127500000392621001
B1048094548695N01141126EA011050127700000392561001
B1048104548693N01141120EA011060127900000262491001
B1048114548691N01141115EA011070128000000262420996
B1048124548688N01141109EA011070127900000322390996
B1048134548685N01141103EA011050127700000322360996
B1048144548682N01141095EA011030127400000422360996
B1048154548678N01141088EA011010127300000422340996
B1048164548674N01141081EA011000127300000382320996
B1048174548671N01141075EA011000127300000382300996
B1048184548667N01141070EA011000127200000352280996
B1048194548664N01141064EA010990127100000352260992
B1048204548659N01141057EA010960126900000422250968
B1048214548655N01141051EA010940126600000422240968
B1048224548650N01141045EA010920126500000422230968
B1048234548646N01141039EA010910126400000422220968
B1048244548642N01141033EA010910126400000372250968
B1048254548638N01141026EA010900126300000372280968
B1048264548634N01141020EA010890126200000382280968
B1048274548630N01141014EA010880126100000382280971
B1048284548627N01141008EA010880126000000362260971
B1048294548623N01141003EA010870125900000362240971
B1048304548619N01140998EA010870125800000332240971
B1048314548616N01140993EA010860125700000332240971
B1048324548612N01140988EA010850125600000352210971
B1048334548607N01140983EA010840125400000352180932
B1048344548603N01140978EA010830125300000372190932
B1048354548599N01140972EA010810125200000372200932
B1048364548594N01140965EA010790125100000452220934
B1048374548590N01140958EA010780125000000452240934
B1048384548585N01140951EA010780125100000432250934
B1048394548581N01140945EA010790125200000432260934
B1048404548577N01140939EA010800125300000352260934
B1048414548574N01140934EA010810125500000352260934
B1048424548571N01140930EA010830125600000272270934
B1048434548569N01140925EA010850125700000272280934
B1048444548566N01140921EA010860125700000252280934
B1048454548563N01140917EA010860125700000252280934
B1048464548559N01140911EA010850125600000402240946
B1048474548554N01140906EA010850125500000402200946
B1048484548549N01140900EA010850125700000402190946
B1048494548545N01140895EA010870125900000402180946
B1048504548542N01140889EA010890126200000322260946
B1048514548540N01140883EA010920126400000322340946
B1048524548538N01140878EA010930126600000292390946
B1048534548536N01140872EA010940126600000292440946
B1048544548533N01140867EA010950126500000292390946
B1048554548530N01140861EA010940126400000292340967
B1048564548527N01140855EA010920126200000392330967
B1048574548523N01140848EA010910126100000392320967
B1048584548519N01140841EA010900126100000402310967
B1048594548515N01140835EA010890126100000402300967
B1049004548511N01140828EA010890126100000382280967
B1049014548508N01140822EA010890126100000382300958
B1049024548504N01140816EA010900126100000372290981
B1049034548500N01140810EA010900126100000372280981
B1049044548496N01140804EA010900126000000402270981
B1049054548492N01140797EA010880125900000402260981
B1049064548488N01140790EA010870125800000412280981
B1049074548484N01140783EA010870125800000412300981
B1049084548481N01140776EA010860125700000392340981
B1049094548478N01140769EA010860125600000392380981
B1049104548475N01140762EA010840125500000382360993
B1049114548472N01140755EA010830125300000382340993
B1049124548469N01140748EA010810125100000392360993
B1049134548465N01140741EA010790124900000392380993
B1049144548462N01140733EA010780124800000392380993
B1049154548460N01140726EA010760124600000392380993
B1049164548457N01140719EA010750124500000382380976
B1049174548453N01140712EA010730124300000382380986
B1049184548450N01140705EA010710124100000402370986
B1049194548447N01140697EA010690123900000392360986
B1049204548444N01140691EA010670123700000382360986
B1049214548441N01140683EA010660123600000392360986
B1049224548438N01140676EA010650123400000402380986
B1049234548434N01140669EA010630123300000402400986
B1049244548431N01140661EA010610123000000442360997
B1049254548426N01140653EA010570122700000492340997
B1049264548422N01140644EA010540122400000512320997
B1049274548417N01140635EA010510122100000492320997
B1049284548413N01140628EA010500122000000462300997
B1049294548408N01140621EA010490121900000462281006
B1049304548403N01140614EA010470121700000432261024
B1049314548399N01140607EA010440121400000432241024
B1049324548395N01140599EA010420121100000472281024
B1049334548390N01140591EA010400120900000452321024
B1049344548386N01140584EA010380120800000422281024
B1049354548381N01140579EA010370120700000422241024
B1049364548377N01140574EA010360120500000372201024
B1049374548372N01140569EA010340120500000372161024
B1049384548368N01140564EA010330120300000382171031
B1049394548364N01140558EA010320120200000382181031
B1049404548360N01140552EA010310120100000382231031
B1049414548356N01140546EA010310120200000382281023
B1049424548353N01140540EA010310120200000332301023
B1049434548350N01140534EA010310120200000332321023
B1049444548348N01140528EA010310120200000322341023
B1049454548345N01140523EA010310120100000322361023
B1049464548341N01140517EA010300119900000352291023
B1049474548337N01140512EA010280119800000352221029
B1049484548333N01140507EA010270119700000352231029
B1049494548330N01140502EA010270119700000352241029
B1049504548326N01140498EA010270119700000312201029
B1049514548322N01140494EA010270119700000312161029
B1049524548318N01140490EA010260119600000312141029
B1049534548314N01140486EA010250119300000312121029
B1049544548309N01140482EA010220119000000382141030
B1049554548305N01140476EA010180118600000382161030
B1049564548300N01140471EA010150118300000412161030
B1049574548295N01140465EA010120118000000412161027
B1049584548289N01140460EA010090117700000452151027
B1049594548283N01140454EA010040117300000452141027
B1050004548277N01140447EA010010116900000512151027
B1050014548271N01140440EA009970116500000512161027
B1050024548265N01140432EA009940116300000552201027
B1050034548259N01140424EA009920116200000502221023
B1050044548254N01140417EA009930116300000452231023
B1050054548250N01140411EA009950116500000452241026
B1050064548245N01140405EA009970116700000382221026
B1050074548241N01140400EA010000116900000382201026
B1050084548238N01140395EA010020117100000322211026
B1050094548234N01140391EA010050117300000322221026
B1050104548231N01140386EA010060117400000292261026
B1050114548229N01140380EA010080117500000292301026
B1050124548228N01140373EA010090117500000372441026
B1050134548228N01140363EA010080117500000442581033
B1050144548229N01140354EA010070117300000482701033
B1050154548232N01140344EA010070117300000482861033
B1050164548237N01140336EA010070117300000462981033
B1050174548242N01140331EA010080117400000463121033
B1050184548248N01140327EA010090117500000423241033
B1050194548254N01140324EA010100117600000423361033
B1050204548260N01140323EA010110117700000423471017
B1050214548266N01140325EA010110117900000423581017
B1050224548271N01140328EA010120117900000370131017
B1050234548275N01140333EA010130118000000370281017
B1050244548277N01140338EA010140118200000250481017
B1050254548277N01140343EA010150118300000250681017
B1050264548277N01140348EA010160118300000250851017
B1050274548276N01140353EA010160118400000251021017
B1050284548274N01140358EA010180118500000241051017
B1050294548273N01140363EA010190118700000241081017
B1050304548271N01140365EA010210118900000171271017
B1050314548268N01140365EA010220119000000171461017
B1050324548264N01140363EA010220119000000291771017
B1050334548260N01140359EA010220119000000292081017
B1050344548256N01140354EA010220119000000372161033
B1050354548252N01140348EA010230119100000372241033
B1050364548249N01140344EA010240119200000302231033
B1050374548245N01140339EA010250119300000302221033
B1050384548242N01140335EA010260119300000312231033
B1050394548239N01140329EA010250119300000312241033
B1050404548235N01140323EA010250119300000372271033
B1050414548232N01140317EA010250119400000372301033
B1050424548229N01140311EA010270119700000322311036
B1050434548226N01140306EA010290120000000322321036
B1050444548225N01140301EA010320120200000272421036
B1050454548225N01140294EA010350120500000272521036
B1050464548227N01140286EA010370120600000412741036
B1050474548231N01140279EA010370120500000412941036
B1050484548238N01140274EA010370120600000503151036
B1050494548245N01140273EA010370120600000503361036
B1050504548251N01140276EA010390120800000440011036
B1050514548255N01140282EA010400121000000440261036
B1050524548258N01140289EA010420121200000330471036
B1050534548259N01140295EA010440121400000330681036
B1050544548260N01140300EA010470121700000230731024
B1050554548260N01140304EA010500122000000230781024
B1050564548259N01140308EA010530122200000170971036
B1050574548256N01140311EA010540122300000171161036
B1050584548253N01140312EA010550122300000251391036
B1050594548249N01140313EA010550122400000251621036
B1051004548244N01140311EA010560122500000321821036
B1051014548241N01140306EA010570122700000322021036
B1051024548238N01140299EA010580122800000352271036
B1051034548238N01140291EA010600123100000362521036
B1051044548240N01140284EA010620123300000372711036
B1051054548243N01140277EA010650123500000372901036
B1051064548247N01140271EA010670123700000383051036
B1051074548252N01140268EA010680123800000383201036
B1051084548259N01140266EA010690123900000433391034
B1051094548265N01140268EA010700124000000433581024
B1051104548271N01140272EA010710124100000410141024
B1051114548275N01140278EA010730124200000410301024
B1051124548278N01140284EA010740124200000350461024
B1051134548279N01140291EA010740124300000350621024
B1051144548278N01140297EA010750124400000290841024
B1051154548276N01140302EA010760124500000291061024
B1051164548272N01140304EA010770124700000261331024
B1051174548268N01140304EA010780124800000261601024
B1051184548264N01140302EA010790124900000301601024
B1051194548260N01140299EA010800125000000302001024
B1051204548256N01140296EA010820125200000292081036
B1051214548253N01140292EA010840125500000292161036
B1051224548250N01140288EA010860125800000252211036
B1051234548248N01140284EA010890126000000252261036
B1051244548245N01140280EA010900126100000212261036
B1051254548243N01140277EA010910126200000212261036
B1051264548242N01140273EA010920126200000222331036
B1051274548241N01140268EA010940126400000222401036
B1051284548241N01140261EA010940126500000332601034
B1051294548244N01140254EA010950126500000332801034
B1051304548248N01140247EA010950126600000463001034
B1051314548255N01140243EA010960126700000463201034
B1051324548261N01140241EA010970126800000453361014
B1051334548268N01140242EA010990127000000453521014
B1051344548273N01140245EA011010127200000360121014
B1051354548276N01140251EA011020127300000360321014
B1051364548278N01140257EA011030127400000310521014
B1051374548278N01140263EA011040127500000310721014
B1051384548278N01140268EA011050127600000240861024
B1051394548277N01140272EA011070127800000241001024
B1051404548275N01140275EA011090127900000171231024
B1051414548272N01140276EA011090128000000171461024
B1051424548269N01140276EA011100128000000231651024
B1051434548265N01140275EA011090128000000231841024
B1051444548262N01140272EA011100128100000231951024
B1051454548259N01140269EA011110128200000232061036
B1051464548258N01140265EA011120128300000242261034
B1051474548257N01140259EA011130128400000242461034
B1051484548258N01140251EA011130128200000382681034
B1051494548260N01140243EA011120128200000422821014
B1051504548263N01140234EA011120128200000422901014
B1051514548266N01140227EA011130128300000422961014
B1051524548270N01140219EA011130128300000423021014
B1051534548275N01140213EA011130128300000423101013
B1051544548281N01140208EA011130128300000503211013
B1051554548289N01140204EA011130128300000513321013
B1051564548296N01140203EA011140128500000453441013
B1051574548302N01140204EA011170128800000453561013
B1051584548308N01140206EA011190129000000370071013
B1051594548312N01140210EA011210129200000370180993
B1052004548316N01140214EA011220129300000320320993
B1052014548318N01140220EA011230129300000320461002
B1052024548319N01140227EA011230129300000320671002
B1052034548318N01140233EA011240129400000320881002
B1052044548315N01140239EA011240129600000291091002
B1052054548312N01140242EA011260129800000291301002
B1052064548309N01140243EA011290130100000181501014
B1052074548306N01140242EA011320130400000181701014
B1052084548304N01140240EA011340130600000231951014
B1052094548301N01140235EA011350130800000232201014
B1052104548300N01140227EA011370130900000372421014
B1052114548301N01140218EA011380131000000432601014
B1052124548304N01140210EA011390131200000462801013
B1052134548308N01140202EA011410131300000473001013
B1052144548315N01140196EA011420131300000493150993
B1052154548322N01140193EA011430131400000493300993
B1052164548329N01140193EA011440131600000463470993
B1052174548335N01140196EA011460131800000460040993
B1052184548339N01140201EA011470132000000370240993
B1052194548342N01140207EA011490132100000370440993
B1052204548342N01140214EA011490132200000320680993
B1052214548341N01140220EA011510132300000320921002
B1052224548338N01140225EA011520132500000281141002
B1052234548335N01140227EA011540132700000281361002
B1052244548331N01140229EA011560132900000211521002
B1052254548328N01140229EA011590133200000211681002
B1052264548326N01140229EA011620133500000171751002
B1052274548323N01140228EA011640133700000171821002
B1052284548321N01140225EA011660133900000192021002
B1052294548319N01140221EA011670133900000192221002
B1052304548317N01140215EA011670133900000332350993
B1052314548316N01140207EA011660133800000382480993
B1052324548318N01140199EA011650133700000432640993
B1052334548322N01140191EA011630133500000472860993
B1052344548328N01140186EA011600133100000513110993
B1052354548336N01140184EA011570132700000503360993
B1052364548343N01140186EA011560132700000463540993
B1052374548348N01140189EA011560132800000460120993
B1052384548352N01140194EA011580133000000330280993
B1052394548355N01140199EA011590133200000330440993
B1052404548357N01140205EA011610133400000290570993
B1052414548357N01140212EA011620133500000290700993
B1052424548358N01140219EA011630133600000330801002
B1052434548357N01140226EA011630133600000330901002
B1052444548357N01140233EA011640133700000310911002
B1052454548357N01140239EA011660133900000310921002
B1052464548356N01140245EA011680134100000260961002
B1052474548355N01140249EA011700134300000261001002
B1052484548352N01140253EA011710134500000211211002
B1052494548349N01140254EA011720134600000211421002
B1052504548346N01140253EA011730134700000231691002
B1052514548343N01140250EA011740134700000231961002
B1052524548340N01140245EA011750134800000312181002
B1052534548339N01140238EA011760134900000312401002
B1052544548340N01140230EA011760134900000392641002
B1052554548344N01140222EA011760134900000452901002
B1052564548350N01140217EA011760134800000493121002
B1052574548358N01140216EA011760134800000523340993
B1052584548365N01140218EA011760134900000473550980
B1052594548371N01140222EA011780135200000470160980
B1053004548374N01140227EA011810135500000330330980
B1053014548377N01140233EA011830135600000330500980
B1053024548378N01140239EA011840135700000310620980
B1053034548378N01140245EA011850135800000310740980
B1053044548378N01140251EA011860135900000230880980
B1053054548376N01140255EA011870136000000231020980
B1053064548374N01140258EA011880136100000211190980
B1053074548372N01140261EA011880136100000211360980
B1053084548369N01140265EA011890136100000261350980
B1053094548366N01140270EA011880136100000261340984
B1053104548363N01140274EA011880136200000301340984
B1053114548359N01140278EA011890136300000301340999
B1053124548356N01140280EA011900136500000241460999
B1053134548353N01140281EA011920136700000241580999
B1053144548350N01140282EA011940136800000201670999
B1053154548347N01140282EA011950136900000201760999
B1053164548343N01140282EA011970137000000221780999
B1053174548340N01140281EA011970137100000221800999
B1053184548337N01140278EA011980137100000241960999
B1053194548334N01140274EA011990137200000242120999
B1053204548333N01140268EA011990137200000302120999
B1053214548333N01140262EA011990137200000312561002
B1053224548334N01140255EA011990137100000322711002
B1053234548336N01140249EA011970136900000322861002
B1053244548341N01140244EA011960136700000383071002
B1053254548346N01140242EA011940136400000383281002
B1053264548353N01140243EA011910136200000453511002
B1053274548359N01140247EA011890136000000450141002
B1053284548365N01140254EA011880136000000490270980
B1053294548370N01140260EA011890136200000490400980
B1053304548375N01140266EA011900136500000390390980
B1053314548379N01140271EA011930136700000390380984
B1053324548382N01140277EA011940136900000330450984
B1053334548384N01140283EA011960137000000330520984
B1053344548383N01140289EA011960137000000310770984
B1053354548381N01140295EA011950137000000311020984
B1053364548377N01140299EA011950136900000301250984
B1053374548373N01140302EA011950136900000301480984
B1053384548370N01140304EA011950137000000261500984
B1053394548366N01140307EA011960137100000261520984
B1053404548364N01140311EA011970137100000241460984
B1053414548361N01140313EA011980137200000241400984
B1053424548357N01140313EA011980137200000231590999
B1053434548353N01140313EA011980137200000231780999
B1053444548350N01140311EA011990137300000251870999
B1053454548346N01140309EA011990137300000251960999
B1053464548342N01140307EA012000137300000292020999
B1053474548339N01140303EA011990137400000292080999
B1053484548335N01140298EA012000137400000312190999
B1053494548333N01140292EA012010137400000312300999
B1053504548332N01140285EA012010137300000332460999
B1053514548332N01140278EA012000137200000332620999
B1053524548333N01140271EA011990137100000342700999
B1053534548334N01140263EA011970136900000342781002
B1053544548336N01140257EA011960136800000312851002
B1053554548338N01140252EA011950136600000312921002
B1053564548342N01140247EA011930136400000353091002
B1053574548348N01140244EA011910136100000353261002
B1053584548353N01140240EA011890135900000403321002
B1053594548359N01140237EA011860135600000403381002
B1054004548364N01140234EA011840135400000413370980
B1054014548370N01140230EA011810135100000413360980
B1054024548377N01140228EA011780134900000443390980
B1054034548383N01140225EA011760134600000443420980
B1054044548390N01140224EA011740134400000453470980
B1054054548396N01140224EA011720134300000453520980
B1054064548403N01140224EA011710134200000420000980
B1054074548409N01140227EA011700134100000420080980
B1054084548414N01140231EA011690134000000430200972
B1054094548420N01140238EA011670133800000430320972
B1054104548424N01140245EA011660133700000440420972
B1054114548427N01140253EA011660133700000440520972
B1054124548428N01140260EA011660133800000370640972
B1054134548429N01140268EA011670133900000370760988
B1054144548430N01140275EA011690134100000360760988
B1054154548432N01140283EA011700134200000360760988
B1054164548433N01140291EA011700134300000380790988
B1054174548433N01140299EA011710134400000380820988
B1054184548433N01140306EA011720134600000310880988
B1054194548432N01140313EA011740134800000310940988
B1054204548431N01140318EA011760135000000241000999
B1054214548429N01140322EA011780135100000241060999
B1054224548427N01140325EA011780135200000211260999
B1054234548423N01140324EA011790135200000211560999
B1054244548419N01140322EA011790135300000291850999
B1054254548416N01140316EA011800135300000292140988
B1054264548415N01140310EA011810135500000332350988
B1054274548415N01140302EA011830135700000332560988
B1054284548417N01140295EA011850135800000362760988
B1054294548421N01140289EA011860135900000362960988
B1054304548427N01140285EA011860135900000443150988
B1054314548433N01140281EA011870135900000443340988
B1054324548440N01140279EA011870136000000463400988
B1054334548446N01140278EA011890136100000463460988
B1054344548452N01140280EA011890136200000410020988
B1054354548457N01140285EA011890136200000410180988
B1054364548460N01140292EA011880136100000400410978
B1054374548462N01140300EA011880136100000400640978
B1054384548462N01140308EA011880136200000340790978
B1054394548461N01140314EA011890136300000340940978
B1054404548459N01140319EA011910136500000231050999
B1054414548457N01140323EA011920136600000231160999
B1054424548455N01140327EA011930136700000231240999
B1054434548452N01140330EA011930136700000231320999
B1054444548448N01140331EA011940136700000261530999
B1054454548444N01140329EA011930136800000261740999
B1054464548440N01140326EA011940136900000311980999
B1054474548438N01140320EA011960137100000312220999
B1054484548438N01140313EA011980137300000342480988
B1054494548440N01140305EA011990137400000392740988
B1054504548444N01140299EA012000137500000432950988
B1054514548450N01140294EA012010137600000433160988
B1054524548456N01140291EA012030137700000443320988
B1054534548463N01140292EA012040137800000443480978
B1054544548469N01140294EA012050137900000410050978
B1054554548473N01140299EA012050138000000410220978
B1054564548476N01140305EA012060138000000330400978
B1054574548478N01140311EA012060138000000330580978
B1054584548478N01140317EA012070138100000270740980
B1054594548478N01140323EA012070138100000270900980
B1055004548477N01140328EA012070138100000270970980
B1055014548476N01140334EA012060138000000271040980
B1055024548475N01140341EA012060137900000301020980
B1055034548474N01140347EA012040137700000301000980
B1055044548473N01140354EA012030137600000320970980
B1055054548473N01140361EA012020137500000320940980
B1055064548473N01140368EA012010137400000300930998
B1055074548473N01140374EA012000137300000300920998
B1055084548473N01140381EA011990137100000320870998
B1055094548475N01140389EA011970136900000320820998
B1055104548476N01140397EA011940136600000400780998
B1055114548478N01140406EA011910136300000440740998
B1055124548480N01140415EA011880136200000440720998
B1055134548482N01140423EA011870136000000440701013
B1055144548484N01140431EA011870136000000370681013
B1055154548486N01140438EA011870136000000370661013
B1055164548487N01140446EA011860136000000370681013
B1055174548489N01140454EA011840135800000370701013
B1055184548491N01140462EA011820135500000420711013
B1055194548493N01140471EA011800135300000430721028
B1055204548495N01140479EA011790135200000430691028
B1055214548498N01140488EA011770135000000410661028
B1055224548500N01140495EA011760135000000380661028
B1055234548502N01140503EA011760134800000370641028
B1055244548504N01140511EA011750134700000390681028
B1055254548506N01140519EA011720134400000430721037
B1055264548508N01140529EA011690134100000470741037
B1055274548510N01140538EA011660133900000480721033
B1055284548513N01140548EA011640133700000460681033
B1055294548516N01140556EA011630133600000460641033
B1055304548518N01140564EA011620133400000410661033
B1055314548520N01140573EA011610133300000410681036
B1055324548522N01140582EA011580133000000430721036
B1055334548523N01140591EA011560132800000430741036
B1055344548525N01140599EA011540132700000420731036
B1055354548527N01140608EA011530132600000400721036
B1055364548529N01140616EA011520132500000410711036
B1055374548531N01140625EA011510132400000430701032
B1055384548534N01140633EA011500132300000430671032
B1055394548537N01140642EA011490132300000430641032
B1055404548540N01140650EA011490132300000440631032
B1055414548543N01140659EA011490132400000420621032
B1055424548545N01140667EA011500132600000400641014
B1055434548547N01140674EA011520132800000400661014
B1055444548550N01140681EA011550133000000350621014
B1055454548553N01140687EA011580133300000350581014
B1055464548555N01140694EA011600133500000320631014
B1055474548555N01140701EA011620133600000320681014
B1055484548554N01140708EA011620133600000360901014
B1055494548550N01140714EA011620133600000361121014
B1055504548546N01140716EA011620133700000341381014
B1055514548541N01140716EA011640133900000341641014
B1055524548537N01140712EA011650134100000291941014
B1055534548535N01140707EA011680134300000292241014
B1055544548535N01140700EA011690134400000342481014
B1055554548537N01140692EA011710134500000372721014
B1055564548540N01140685EA011710134600000412911014
B1055574548546N01140680EA011720134600000413101014
B1055584548552N01140677EA011730134700000443281014
B1055594548558N01140677EA011740134900000443461014
B1056004548565N01140679EA011760135100000420021035
B1056014548569N01140684EA011770135300000420181035
B1056024548571N01140690EA011790135500000350461035
B1056034548571N01140698EA011800135500000350741035
B1056044548570N01140705EA011810135500000350881035
B1056054548569N01140712EA011820135500000351021035
B1056064548566N01140719EA011820135600000341111029
B1056074548563N01140724EA011830135800000341201029
B1056084548559N01140726EA011850136100000271431001
B1056094548555N01140725EA011860136200000271661001
B1056104548552N01140720EA011860136200000312001001
B1056114548550N01140714EA011860136100000312341014
B1056124548549N01140708EA011870136100000262431014
B1056134548548N01140703EA011880136200000262521014
B1056144548549N01140697EA011890136200000302711014
B1056154548554N01140691EA011870136000000302901014
B1056164548559N01140686EA011860135800000443111014
B1056174548566N01140683EA011840135700000443321035
B1056184548573N01140682EA011840135800000463461035
B1056194548579N01140684EA011850136000000460001035
B1056204548584N01140688EA011870136200000390001035
B1056214548588N01140693EA011890136400000350301035
B1056254548593N01140724EA011900136200000450841029
B1056264548593N01140733EA011890136200000390921029
B1056274548591N01140740EA011900136400000391001029
B1056284548589N01140745EA011920136600000271091029
B1056294548587N01140749EA011940136900000271181029
B1056304548584N01140750EA011960137000000171411029
B1056314548582N01140750EA011960137000000171641029
B1056324548579N01140747EA011950136800000251931029
B1056334548577N01140742EA011940136600000252221029
B1056344548575N01140735EA011920136500000312381029
B1056354548574N01140729EA011910136300000312541029
B1056364548574N01140723EA011910136300000272581029
B1056374548574N01140716EA011910136200000272621035
B1056384548574N01140710EA011900136200000322701035
B1056394548576N01140703EA011900136100000322781035
B1056404548580N01140696EA011880136000000402951035
B1056414548585N01140691EA011880135900000403121035
B1056424548591N01140688EA011870136000000443271035
B1056434548597N01140687EA011870136100000443421035
B1056444548603N01140688EA011880136200000393581035
B1056454548609N01140692EA011890136200000390141035
B1056464548613N01140696EA011900136300000400231059
B1056474548618N01140701EA011900136400000400321059
B1056484548622N01140708EA011910136500000380431059
B1056494548624N01140715EA011920136600000380541059
B1056504548626N01140723EA011910136500000380661046
B1056514548627N01140731EA011910136600000380781046
B1056524548629N01140739EA011920136700000360751046
B1056534548630N01140746EA011940136900000360721046
B1056544548631N01140753EA011950137100000350761046
B1056554548631N01140760EA011970137300000350801046
B1056564548629N01140765EA011980137500000261051046
B1056574548625N01140767EA012000137600000261301027
B1056584548621N01140765EA012000137700000291681046
B1056594548618N01140760EA012010137700000292061046
B1057004548617N01140753EA012010137800000372361046
B1057014548619N01140745EA012020137800000422661046
B1057024548623N01140737EA012020137800000462921046
B1057034548629N01140730EA012020137800000463101046
B1057044548635N01140725EA012020137800000503221046
B1057054548642N01140722EA012030137900000503341046
B1057064548649N01140723EA012050138200000453501046
B1057074548655N01140726EA012060138300000450061046
B1057084548661N01140732EA012070138300000440231063
B1057094548664N01140739EA012070138400000440401063
B1057104548667N01140747EA012070138500000410521063
B1057114548670N01140755EA012090138700000410641063
B1057124548672N01140762EA012120138900000340641063
B1057134548673N01140767EA012140139200000340641057
B1057144548673N01140772EA012160139300000190871057
B1057154548670N01140774EA012160139200000191101057
B1057164548667N01140777EA012150139000000251321057
B1057174548664N01140779EA012140139000000251541057
B1057184548660N01140779EA012150139200000201671057
B1057194548658N01140777EA012170139400000201801027
B1057204548656N01140774EA012190139600000232101027
B1057214548655N01140768EA012190139700000232401027
B1057224548655N01140760EA012190139600000402601046
B1057234548657N01140751EA012190139600000452741046
B1057244548661N01140742EA012190139600000452881063
B1057254548665N01140736EA012200139800000453041063
B1057264548671N01140732EA012220139900000423211063
B1057274548677N01140730EA012240140100000423381063
B1057284548683N01140730EA012250140300000413511063
B1057294548689N01140733EA012260140400000410041063
B1057304548695N01140737EA012280140400000450151063
B1057314548701N01140742EA012290140600000450261063
B1057324548706N01140748EA012300140700000430371063
B1057334548708N01140756EA012310140800000430481063
B1057344548709N01140764EA012320140900000350691063
B1057354548708N01140771EA012320140900000350901057
B1057364548707N01140778EA012330140800000310971057
B1057374548706N01140784EA012330140900000311041057
B1057384548706N01140792EA012330141000000340961057
B1057394548707N01140799EA012350141100000340881057
B1057404548707N01140805EA012360141200000280861057
B1057414548707N01140811EA012360141200000280841057
B1057424548708N01140819EA012360141000000360831033
B1057434548709N01140828EA012340140800000420821033
B1057444548709N01140837EA012320140600000420821033
B1057454548709N01140845EA012310140500000420841033
B1057464548709N01140853EA012310140600000370901033
B1057474548708N01140860EA012310140700000370961033
B1057484548708N01140867EA012330140900000300961012
B1057494548709N01140874EA012340141100000300881012
B1057504548710N01140881EA012350141000000320821041
B1057514548711N01140888EA012340141000000320761041
B1057524548711N01140896EA012330140900000380821041
B1057534548711N01140904EA012310140800000380881041
B1057544548711N01140912EA012300140700000360861041
B1057554548712N01140920EA012300140700000360841031
B1057564548714N01140927EA012300140600000330791031
B1057574548715N01140934EA012290140500000330741031
B1057584548716N01140942EA012280140400000350731031
B1057594548718N01140949EA012270140300000350721031
B1058004548720N01140956EA012260140200000370691031
B1058014548722N01140964EA012250140100000370661031
B1058024548724N01140971EA012240140000000370681021
B1058034548726N01140979EA012220139800000370701021
B1058044548727N01140988EA012200139600000400741021
B1058054548728N01140996EA012190139500000400761021
B1058064548728N01141004EA012180139400000370831021
B1058074548728N01141011EA012180139400000370901021
B1058084548728N01141018EA012180139400000300911020
B1058094548728N01141025EA012180139400000300921020
B1058104548728N01141032EA012170139300000350871020
B1058114548729N01141040EA012150139100000350821020
B1058124548729N01141049EA012130138800000410841020
B1058134548729N01141058EA012100138500000440881020
B1058144548729N01141068EA012070138300000450901020
B1058154548728N01141077EA012050138100000430941020
B1058164548727N01141086EA012030137900000410961020
B1058174548726N01141094EA012010137800000411001020
B1058184548725N01141103EA011990137500000401001020
B1058194548724N01141111EA011970137200000400981020
B1058204548723N01141120EA011940136900000430981033
B1058214548721N01141130EA011900136500000461001033
B1058224548720N01141140EA011870136200000471001033
B1058234548718N01141149EA011840135900000461021033
B1058244548716N01141159EA011810135700000441041033
B1058254548714N01141167EA011780135400000441081038
B1058264548711N01141176EA011760135100000441121038
B1058274548708N01141185EA011730134800000471141004
B1058284548706N01141195EA011690134400000491121004
B1058294548704N01141205EA011670134200000501061004
B1058304548703N01141216EA011640134000000521000997
B1058314548703N01141227EA011620133900000510940997
B1058324548704N01141237EA011620134000000440860997
B1058334548705N01141245EA011640134200000440800997
B1058344548706N01141252EA011660134400000300780997
B1058354548707N01141258EA011690134500000300760997
B1058364548708N01141264EA011700134500000260790997
B1058374548708N01141270EA011690134300000260820994
B1058384548707N01141278EA011670134000000370920994
B1058394548705N01141286EA011630133600000371020994
B1058404548702N01141294EA011600133400000411020994
B1058414548701N01141301EA011590133300000331100994
B1058424548699N01141307EA011610133500000251080994
B1058434548698N01141311EA011630133800000251060994
B1058444548698N01141315EA011640133900000151080994
B1058454548697N01141318EA011650134000000151100983
B1058464548696N01141322EA011670134000000191080983
B1058474548695N01141325EA011670134100000191060983
B1058484548693N01141328EA011680134100000161150983
B1058494548692N01141331EA011680134200000161240983
B1058504548690N01141334EA011680134200000181300983
B1058514548688N01141337EA011690134300000181360983
B1058524548687N01141341EA011700134400000191180983
B1058534548688N01141346EA011710134500000191000983
B1058544548690N01141351EA011710134500000290780983
B1058554548693N01141356EA011710134500000290560983
B1058564548699N01141360EA011720134600000420390983
B1058574548705N01141361EA011720134700000420220983
B1058584548712N01141359EA011730134800000473590995
B1058594548717N01141352EA011740135000000473360995
B1059004548721N01141344EA011760135100000443140995
B1059014548724N01141336EA011770135100000422980995
B1059024548725N01141328EA011790135300000392900995
B1059034548727N01141320EA011800135400000362860995
B1059044548727N01141313EA011810135400000322751011
B1059054548725N01141307EA011800135400000322641011
B1059064548721N01141303EA011790135200000302361011
B1059074548717N01141302EA011770135000000302081011
B1059084548712N01141303EA011760134900000301861011
B1059094548709N01141305EA011760135000000301640994
B1059104548706N01141308EA011770135200000191500994
B1059114548704N01141311EA011800135400000191360994
B1059124548703N01141315EA011820135600000181280994
B1059134548701N01141319EA011820135600000181200983
B1059144548699N01141324EA011820135500000331220983
B1059154548696N01141331EA011820135500000331240983
B1059164548694N01141339EA011810135500000401160983
B1059174548692N01141347EA011820135700000401080983
B1059184548691N01141352EA011840136000000261070983
B1059194548690N01141356EA011870136400000261060983
B1059204548688N01141358EA011900136600000151300983
B1059214548685N01141358EA011920136700000151540983
B1059224548683N01141357EA011940136700000191760983
B1059234548680N01141354EA011940136600000191980983
B1059244548678N01141349EA011930136500000332210983
B1059254548677N01141341EA011910136400000422440983
B1059264548679N01141331EA011900136300000462660983
B1059274548683N01141323EA011890136300000472900983
B1059284548689N01141318EA011890136400000463110983
B1059294548695N01141316EA011900136500000463320983
B1059304548702N01141317EA011910136500000443500983
B1059314548708N01141320EA011910136400000440080983
B1059324548713N01141325EA011910136400000410250995
B1059334548717N01141332EA011910136500000410420995
B1059344548719N01141339EA011910136600000360520995
B1059354548721N01141346EA011930136800000360620995
B1059364548723N01141352EA011940137000000290650995
B1059374548724N01141358EA011950137200000290680995
B1059384548725N01141364EA011960137300000270750995
B1059394548725N01141370EA011980137300000270820995
B1059404548725N01141376EA011990137400000290870995
B1059414548725N01141382EA011990137500000290920995
B1059424548724N01141389EA012000137600000290920995
B1059434548724N01141395EA012010137800000290940995
B1059444548723N01141399EA012030137900000221020995
B1059454548721N01141404EA012040138000000221100995
B1059464548720N01141408EA012040138000000251110995
B1059474548719N01141415EA012040137900000251120995
B1059484548718N01141422EA012030137800000381010996
B1059494548718N01141431EA012010137800000390900996
B1059504548719N01141439EA012010137900000350860996
B1059514548720N01141446EA012030138000000350820996
B1059524548720N01141453EA012040138200000330830996
B1059534548721N01141460EA012050138200000330840996
B1059544548721N01141468EA012050138200000390850983
B1059554548721N01141477EA012050138200000400860983
B1059564548722N01141485EA012050138200000390830983
B1059574548723N01141493EA012060138300000390800983
B1059584548724N01141501EA012070138400000350780983
B1059594548725N01141508EA012070138400000350760983
B1100004548726N01141517EA012060138300000390780982
B1100014548728N01141525EA012050138200000390800982
B1100024548728N01141534EA012040138100000410800982
B1100034548729N01141542EA012040138100000410820982
B1100044548730N01141550EA012050138200000330800982
B1100054548731N01141556EA012060138300000330780982
B1100064548733N01141563EA012070138300000320750982
B1100074548734N01141571EA012060138200000320720964
B1100084548736N01141579EA012050138100000400710964
B1100094548739N01141587EA012040137900000400700964
B1100104548743N01141596EA012030137800000500580964
B1100114548748N01141604EA012030137900000500500964
B1100124548752N01141612EA012030137900000420550964
B1100134548754N01141620EA012030138000000420600934
B1100144548755N01141627EA012040138000000310710934
B1100154548755N01141633EA012050138100000310820934
B1100164548755N01141639EA012060138200000260860934
B1100174548755N01141645EA012070138200000260900934
B1100184548753N01141651EA012060138200000340980934
B1100194548751N01141658EA012060138200000341060934
B1100204548749N01141665EA012060138300000331150934
B1100214548746N01141670EA012080138600000331240846
B1100224548743N01141672EA012100138800000211420846
B1100234548740N01141672EA012130139000000211600846
B1100244548737N01141668EA012140139000000241940846
B1100254548736N01141663EA012140138900000242280934
B1100264548736N01141656EA012140138900000352520934
B1100274548738N01141648EA012140138900000392760934
B1100284548742N01141641EA012140139000000442950934
B1100294548748N01141636EA012150139100000443140934
B1100304548756N01141633EA012150139200000523320934
B1100314548764N01141632EA012160139300000543480933
B1100324548772N01141635EA012170139300000540020933
B1100334548779N01141640EA012180139400000540160933
B1100344548785N01141646EA012190139600000490280933
B1100354548789N01141653EA012210139800000490400933
B1100364548792N01141660EA012230140100000350520933
B1100374548793N01141667EA012260140300000350640898
B1100384548792N01141674EA012280140500000310820898
B1100394548790N01141679EA012280140500000311000898
B1100404548786N01141682EA012290140600000261260898
B1100414548783N01141682EA012290140600000261580898
B1100424548780N01141679EA012300140600000231930898
B1100434548779N01141674EA012300140500000232280898
B1100444548779N01141668EA012290140400000292530898
B1100454548781N01141661EA012280140300000292780933
B1100464548785N01141654EA012270140100000412930933
B1100474548790N01141648EA012260140100000413080933
B1100484548795N01141642EA012260140100000453180933
B1100494548802N01141639EA012270140200000453280933
B1100504548809N01141637EA012280140400000493400933
B1100514548816N01141637EA012290140400000493520903
B1100524548824N01141639EA012300140400000530020903
B1100534548831N01141644EA012310140500000530140903
B1100544548837N01141650EA012310140600000510270903
B1100554548842N01141659EA012320140800000480400903
B1100564548845N01141667EA012330140900000440540900
B1100574548846N01141675EA012350141100000440680900
B1100584548846N01141681EA012370141300000260860900
B1100594548843N01141685EA012390141500000261040900
B1101004548840N01141686EA012400141400000241410900
B1101014548837N01141684EA012400141400000241780900
B1101024548834N01141680EA012400141500000262080900
B1101034548834N01141674EA012410141700000262380900
B1101044548836N01141667EA012410141700000382690900
B1101054548842N01141661EA012410141700000383000903
B1101064548849N01141656EA012420141800000503180903
B1101074548856N01141655EA012420141900000503360903
B1101084548863N01141656EA012430142200000483540816
B1101094548869N01141661EA012440142200000480120816
B1101104548875N01141668EA012450142200000480300830
B1101114548878N01141677EA012450142200000490480830
B1101124548881N01141686EA012450142200000460620830
B1101134548882N01141695EA012460142400000410720830
B1101144548884N01141703EA012480142600000370710830
B1101154548886N01141710EA012500142700000370700830
B1101164548887N01141718EA012510142800000370720842
B1101174548888N01141726EA012500142800000370740842
B1101184548889N01141735EA012500142700000380820842
B1101194548890N01141742EA012500142800000380840842
B1101204548891N01141749EA012510142900000330770842
B1101214548893N01141756EA012510142800000330700842
B1101224548894N01141764EA012510142600000370720842
B1101234548895N01141772EA012480142400000370740832
B1101244548895N01141781EA012460142100000410840832
B1101254548895N01141790EA012450142000000400880832
B1101264548895N01141798EA012430141900000390880832
B1101274548895N01141806EA012430141900000390880832
B1101284548895N01141814EA012430141900000360880832
B1101294548895N01141821EA012420141900000360880809
B1101304548896N01141829EA012420141700000360880809
B1101314548896N01141837EA012410141600000360880809
B1101324548895N01141845EA012390141500000380890809
B1101334548895N01141853EA012380141300000380900809
B1101344548895N01141861EA012370141200000380910809
B1101354548895N01141869EA012360141100000380920787
B1101364548895N01141876EA012350141000000350900787
B1101374548895N01141884EA012350141000000350880787
B1101384548894N01141892EA012340140800000350890787
B1101394548894N01141899EA012320140700000350900787
B1101404548894N01141907EA012310140500000360900787
B1101414548894N01141915EA012290140200000380900787
B1101424548894N01141924EA012270140100000410880762
B1101434548895N01141933EA012250139900000410860762
B1101444548895N01141941EA012240139800000390870762
B1101454548895N01141949EA012230139800000390880762
B1101464548895N01141957EA012220139700000350900762
B1101474548895N01141965EA012210139500000350920762
B1101484548895N01141974EA012190139400000390900731
B1101494548896N01141982EA012170139200000390840731
B1101504548897N01141991EA012150139000000400800731
B1101514548897N01141999EA012140138900000400800731
B1101524548898N01142007EA012130138700000370820731
B1101534548899N01142016EA012110138600000390840702
B1101544548899N01142024EA012100138400000390830702
B1101554548900N01142033EA012080138200000390820702
B1101564548900N01142041EA012060138000000420850702
B1101574548900N01142051EA012030137700000450880702
B1101584548900N01142061EA012010137500000470900702
B1101594548900N01142072EA011980137400000470880675
B1102004548901N01142082EA011970137200000440840675
B1102014548902N01142091EA011960137100000420820675
B1102024548903N01142100EA011950137000000410820675
B1102034548904N01142109EA011940136800000420820675
B1102044548904N01142119EA011920136600000440820660
B1102054548905N01142129EA011890136400000460840660
B1102064548906N01142139EA011870136200000470840660
B1102074548907N01142149EA011860136100000460820660
B1102084548908N01142158EA011840136000000430820660
B1102094548909N01142167EA011840135900000400800642
B1102104548909N01142176EA011830135800000390800642
B1102114548910N01142185EA011820135700000410820623
B1102124548910N01142194EA011800135500000440840623
B1102134548911N01142204EA011770135200000460840623
B1102144548911N01142213EA011750135000000460860623
B1102154548912N01142223EA011730134800000440860622
B1102164548912N01142232EA011720134700000430820622
B1102174548913N01142242EA011720134600000410820622
B1102184548914N01142251EA011710134500000420840622
B1102194548914N01142260EA011690134300000440840622
B1102204548915N01142270EA011670134100000450840597
B1102214548915N01142279EA011650133900000450840597
B1102224548916N01142289EA011630133800000420840597
B1102234548917N01142297EA011630133700000420820597
B1102244548918N01142306EA011620133500000400780597
B1102254548920N01142315EA011600133300000420760576
B1102264548921N01142324EA011570133100000450760576
B1102274548922N01142334EA011550132800000460800576
B1102284548922N01142343EA011520132600000450840576
B1102294548923N01142353EA011500132400000420840576
B1102304548924N01142361EA011490132300000370810576
B1102314548925N01142369EA011480132200000370780543
B1102324548926N01142376EA011470132000000350770543
B1102334548927N01142383EA011450131800000350760543
B1102344548928N01142391EA011430131500000360770543
B1102354548929N01142399EA011400131200000360780543
B1102364548931N01142407EA011370130900000390760543
B1102374548933N01142415EA011340130600000390740500
B1102384548934N01142423EA011320130400000350740500
B1102394548935N01142430EA011300130300000350740500
B1102404548937N01142436EA011290130100000320740500
B1102414548938N01142444EA011260129800000320740500
B1102424548940N01142451EA011240129500000380740500
B1102434548941N01142459EA011200129200000380740500
B1102444548943N01142468EA011180129000000390760427
B1102454548944N01142476EA011160128800000390760427
B1102464548945N01142483EA011140128600000340770427
B1102474548946N01142490EA011130128500000340780427
B1102484548947N01142497EA011110128400000320770427
B1102494548948N01142504EA011100128200000320760427
B1102504548950N01142510EA011080127900000330720427
B1102514548951N01142517EA011050127600000330680399
B1102524548953N01142525EA011020127300000340720399
B1102534548954N01142532EA010990127000000340760399
B1102544548954N01142539EA010960126800000310780399
B1102554548955N01142545EA010940126500000310800399
B1102564548956N01142552EA010920126300000300810399
B1102574548956N01142558EA010900126100000300820399
B1102584548957N01142566EA010870125900000350810373
B1102594548958N01142574EA010840125600000350800373
B1103004548959N01142582EA010810125400000380790373
B1103014548960N01142590EA010790125200000380780361
B1103024548961N01142598EA010770124900000380800361
B1103034548962N01142606EA010750124700000380820361
B1103044548962N01142615EA010730124600000390840346
B1103054548963N01142623EA010710124200000390820346
B1103064548963N01142631EA010690124000000400820346
B1103074548964N01142640EA010660123700000410820346
B1103084548965N01142649EA010630123400000410820346
B1103094548966N01142657EA010610123300000410800346
B1103104548967N01142665EA010600123300000360800309
B1103114548968N01142672EA010590123200000360800309
B1103124548969N01142679EA010590123200000320800309
B1103134548970N01142686EA010590123200000320800309
B1103144548971N01142694EA010580123000000360780309
B1103154548972N01142701EA010560122800000360760309
B1103164548973N01142710EA010540122500000410780309
B1103174548974N01142719EA010520122300000410800257
B1103184548975N01142727EA010510122300000380800257
B1103194548976N01142735EA010510122200000380800257
B1103204548977N01142742EA010500122200000340800257
B1103214548978N01142749EA010500122100000320800257
B1103224548978N01142756EA010490121900000320820257
B1103234548978N01142764EA010470121600000320840257
B1103244548979N01142772EA010440121300000420840196
B1103254548979N01142781EA010400120900000450840196
B1103264548980N01142791EA010380120700000430820196
B1103274548981N01142799EA010360120600000430820196
B1103284548981N01142807EA010360120600000360840196
B1103294548981N01142815EA010350120500000360860145
B1103304548981N01142823EA010340120300000360880145
B1103314548981N01142831EA010320120000000360900145
B1103324548980N01142840EA010300119700000420940145
B1103334548980N01142849EA010270119400000450940145
B1103344548980N01142859EA010240119200000440920145
B1103354548980N01142868EA010230119000000420880127
B1103364548981N01142877EA010220119000000390860127
B1103374548981N01142885EA010210118800000390840127
B1103384548981N01142893EA010190118600000370860127
B1103394548981N01142902EA010170118300000400880127
B1103404548981N01142911EA010140117900000450900127
B1103414548981N01142921EA010100117600000460920126
B1103424548981N01142931EA010080117400000450900126
B1103434548981N01142940EA010070117300000410880126
B1103444548982N01142949EA010060117300000380860126
B1103454548982N01142957EA010050117200000380860126
B1103464548982N01142965EA010040117100000370870123
B1103474548982N01142973EA010020116800000370880123
B1103484548982N01142982EA010000116500000420880123
B1103494548982N01142992EA009970116200000440900123
B1103504548982N01143001EA009950116000000440900123
B1103514548982N01143010EA009930115800000430900123
B1103524548982N01143019EA009920115700000410900130
B1103534548982N01143028EA009910115600000400900130
B1103544548982N01143037EA009890115500000410880130
B1103564548983N01143056EA009860115100000440840130
B1103574548983N01143066EA009830114800000450860132
B1103584548983N01143075EA009820114700000450860132
B1103594548984N01143085EA009800114500000440860132
B1104004548985N01143094EA009790114500000410860132
B1104014548985N01143103EA009780114300000390820132
B1104024548986N01143111EA009770114200000380810132
B1104034548987N01143119EA009750113900000380800133
B1104044548988N01143128EA009720113600000410820133
B1104054548988N01143137EA009690113200000440820133
B1104064548989N01143147EA009650112800000460820133
B1104074548990N01143157EA009620112500000460840133
B1104084548990N01143167EA009590112200000440860135
B1104094548990N01143176EA009560112000000420880135
B1104104548990N01143185EA009540111800000420920135
B1104114548990N01143194EA009520111500000420900135
B1104124548989N01143204EA009500111300000430880135
B1104134548989N01143213EA009470111100000430920135
B1104144548988N01143222EA009450110900000430940138
B1104154548987N01143231EA009430110600000440960138
B1104164548987N01143241EA009410110400000440940138
B1104174548987N01143250EA009390110200000440880138
B1104184548988N01143260EA009370110100000440860138
B1104194548988N01143269EA009360110000000430860144
B1104204548988N01143278EA009350109800000410860144
B1104214548989N01143287EA009330109700000410840144
B1104224548989N01143296EA009320109500000410820144
B1104234548990N01143305EA009300109400000410820144
B1104244548991N01143313EA009290109200000390800144
B1104254548993N01143321EA009280109200000390780151
B1104264548994N01143328EA009270109000000360760151
B1104274548995N01143336EA009260108900000360740151
B1104284548997N01143344EA009240108600000400740151
B1104294548998N01143353EA009210108300000410740151
B1104304548999N01143362EA009180108100000410780151
B1104314549000N01143370EA009160107800000410820158
B1104324549001N01143378EA009140107700000360820158
B1104334549001N01143385EA009130107600000360820158
B1104344549001N01143393EA009120107500000360840158
B1104354549002N01143401EA009100107400000360860158
B1104364549002N01143409EA009080107200000400860158
B1104374549002N01143418EA009060107000000400860193
B1104384549003N01143426EA009050107000000360860193
B1104394549003N01143434EA009050107000000360860193
B1104404549003N01143441EA009050106800000310860193
B1104414549003N01143448EA009040106600000310860193
B1104424549003N01143456EA009020106400000370900193
B1104434549002N01143464EA008990106100000370940217
B1104444549002N01143474EA008950105800000460940217
B1104454549001N01143484EA008920105500000470940217
B1104464549001N01143494EA008890105300000470940217
B1104474549000N01143504EA008870105100000450940217
B1104484548999N01143514EA008850104900000450940232
B1104494548999N01143523EA008820104700000450920232
B1104504548999N01143533EA008800104600000420920232
B1104514548999N01143541EA008790104500000420900232
B1104524549000N01143550EA008790104400000370880232
B1104534549000N01143558EA008790104300000370840232
B1104544549002N01143566EA008770104100000410810256
B1104554549003N01143575EA008740103800000420780256
B1104564549004N01143584EA008710103500000440780256
B1104574549006N01143593EA008690103200000440760256
B1104584549007N01143602EA008660103000000410760256
B1104594549007N01143611EA008640102800000400800256
B1105004549007N01143620EA008620102600000400860282
B1105014549007N01143629EA008590102300000420900282
B1105024549007N01143638EA008570102000000430920282
B1105034549007N01143647EA008550101800000460900282
B1105044549007N01143657EA008530101700000450900282
B1105054549006N01143666EA008520101700000430920317
B1105064549006N01143676EA008530101800000410940317
B1105074549006N01143685EA008530101800000420900317
B1105084549007N01143694EA008530101800000440840317
B1105094549008N01143704EA008520101600000460800317
B1105104549008N01143714EA008500101400000470820347
B1105114549009N01143724EA008490101300000460820347
B1105124549010N01143734EA008470101100000450820328
B1105134549011N01143743EA008460101000000440820328
B1105144549011N01143753EA008450100900000440820328
B1105154549012N01143762EA008430100700000450820328
B1105164549013N01143772EA008420100600000460840359
B1105174549013N01143782EA008400100400000460860359
B1105184549013N01143792EA008380100100000470880359
B1105194549013N01143803EA008360100000000490880359
B1105204549013N01143813EA008350099800000500880359
B1105214549013N01143824EA008330099700000490900393
B1105224549012N01143835EA008310099600000490920393
B1105234549012N01143845EA008310099500000480920393
B1105244549011N01143855EA008300099400000470920393
B1105254549011N01143865EA008290099300000460920436
B1105264549011N01143875EA008270099200000460940436
B1105274549011N01143885EA008260099200000450920436
B1105284549011N01143894EA008260099100000420880436
B1105294549013N01143902EA008270099200000420800436
B1105304549014N01143910EA008280099200000370790436
B1105314549015N01143919EA008280099100000380780463
B1105324549016N01143927EA008260098900000410790463
B1105334549016N01143937EA008240098700000440800463
B1105344549016N01143947EA008220098500000460860463
B1105354549016N01143956EA008200098300000450900463
B1105364549015N01143966EA008180098200000440940498
B1105374549015N01143975EA008170098000000420940498
B1105384549015N01143985EA008160097900000430900498
B1105394549015N01143994EA008140097500000440860498
B1105404549016N01144004EA008110097200000440860498
B1105414549016N01144013EA008090096900000440860498
B1105424549016N01144023EA008060096700000430860533
B1105434549016N01144032EA008030096300000420860533
B1105444549017N01144041EA008010096100000420860533
B1105454549018N01144050EA007990095800000420820533
B1105464549019N01144059EA007970095500000410820533
B1105474549019N01144068EA007950095300000400840562
B1105484549020N01144076EA007930095100000400840562
B1105494549020N01144085EA007900094900000400840562
B1105504549020N01144093EA007880094700000390860562
B1105514549020N01144102EA007860094500000380880562
B1105534549022N01144118EA007830094100000380820590
B1105544549024N01144126EA007810093900000380780590
B1105554549025N01144135EA007790093600000390740590
B1105564549026N01144143EA007770093300000410760590
B1105574549027N01144152EA007740093000000420780590
B1105584549027N01144162EA007700092600000440840590
B1105594549027N01144171EA007670092300000430900639
B1106004549027N01144180EA007640092100000410900639
B1106014549026N01144188EA007630092000000410880639
B1106024549026N01144196EA007620091900000360920639
B1106034549025N01144204EA007610091800000360960639
B1106044549024N01144212EA007590091600000380960639
B1106054549024N01144220EA007570091300000380960682
B1106064549024N01144229EA007540091000000420900682
B1106074549025N01144238EA007520090700000430840682
B1106084549026N01144247EA007490090500000420800682
B1106094549027N01144256EA007480090300000400800682
B1106104549028N01144264EA007480090300000380810733
B1106114549029N01144272EA007480090300000380820733
B1106124549029N01144279EA007490090400000310810733
B1106134549030N01144285EA007490090300000310800733
B1106144549031N01144292EA007480090100000330790733
B1106154549032N01144300EA007470089800000330780733
B1106164549033N01144309EA007440089600000410780733
B1106174549034N01144317EA007420089500000410800788
B1106194549034N01144329EA007450089700000240860788
B1106204549034N01144334EA007450089700000250870788
B1106214549034N01144340EA007440089500000250880788
B1106224549034N01144347EA007420089200000340860788
B1106234549035N01144355EA007390088900000340840788
B1106244549037N01144364EA007370088700000410800817
B1106254549038N01144373EA007360088600000420760817
B1106264549040N01144381EA007340088600000410760817
B1106274549041N01144390EA007340088600000380760817
B1106284549042N01144398EA007350088600000370790817
B1106294549043N01144406EA007350088700000370820817
B1106304549044N01144413EA007360088800000350780817
B1106314549045N01144419EA007370089000000350740829
B1106324549045N01144424EA007390089300000210790829
B1106334549045N01144429EA007420089600000210840829
B1106344549046N01144433EA007450089800000180820829
B1106354549047N01144437EA007470089900000180800829
B1106364549048N01144442EA007480090000000240710829
B1106374549050N01144446EA007490090100000240620829
B1106384549051N01144451EA007500090100000220620829
B1106394549053N01144455EA007520090200000220620829
B1106404549054N01144459EA007530090300000200690829
B1106414549054N01144463EA007530090400000200760812
B1106424549053N01144468EA007540090400000210870812
B1106434549052N01144473EA007540090300000210980812
B1106444549050N01144478EA007540090300000291070812
B1106454549048N01144484EA007540090300000291160812
B1106464549044N01144489EA007550090400000311260812
B1106474549041N01144493EA007570090600000311360812
B1106484549038N01144496EA007590090900000251370812
B1106494549035N01144500EA007610091100000251380812
B1106504549033N01144504EA007630091400000241360812
B1106514549030N01144506EA007660091700000241340812
B1106524549026N01144506EA007690091900000211610812
B1106534549023N01144503EA007710092200000211880812
B1106544549021N01144498EA007730092300000341880812
B1106554549019N01144490EA007740092400000402400812
B1106564549018N01144481EA007750092500000412520812
B1106574549020N01144473EA007760092600000422680812
B1106584549023N01144464EA007760092600000472880812
B1106594549029N01144457EA007760092600000473060829
B1107004549035N01144453EA007750092600000463240829
B1107014549041N01144453EA007760092800000463420829
B1107024549046N01144456EA007770092900000290070829
B1107034549047N01144461EA007790093100000290320829
B1107044549048N01144466EA007800093200000270630812
B1107054549047N01144472EA007810093300000270940812
B1107064549047N01144477EA007830093400000250930812
B1107074549047N01144482EA007840093600000250920812
B1107084549047N01144487EA007870093800000220880812
B1107094549047N01144492EA007890094100000220840812
B1107104549045N01144495EA007910094300000201050812
B1107114549043N01144498EA007930094400000201260812
B1107124549040N01144498EA007950094700000161540812
B1107134549038N01144496EA007970094800000161820812
B1107144549036N01144492EA007980094900000272100812
B1107154549034N01144486EA007980094800000272380812
B1107164549034N01144478EA007980094700000382520812
B1107174549035N01144469EA007970094600000412700812
B1107184549037N01144461EA007960094500000412840829
B1107194549042N01144455EA007960094500000412980829
B1107204549047N01144449EA007960094500000473120829
B1107214549054N01144444EA007950094300000473260829
B1107224549061N01144441EA007940094400000493370833
B1107234549068N01144441EA007950094500000493480833
B1107244549074N01144442EA007960094600000413580833
B1107254549080N01144444EA007980094800000410080833
B1107264549086N01144446EA007990095000000380140833
B1107274549091N01144450EA008010095100000380200833
B1107284549095N01144453EA008020095200000310250833
B1107294549098N01144457EA008030095200000310300833
B1107304549100N01144462EA008020095000000270520833
B1107314549099N01144468EA008000094800000270740822
B1107324549097N01144473EA007980094600000281050822
B1107334549094N01144475EA007970094700000281360822
B1107344549091N01144476EA008000095100000131520822
B1107354549090N01144477EA008020095300000131680822
B1107364549088N01144478EA008040095500000111590822
B1107374549086N01144480EA008050095500000111500822
B1107384549083N01144482EA008040095400000241510822
B1107394549080N01144485EA008010095200000241520822
B1107404549076N01144488EA007990095000000281510822
B1107414549073N01144491EA007990095100000281500822
B1107424549070N01144492EA008000095200000181540822
B1107434549068N01144493EA008010095300000181580822
B1107444549065N01144493EA008020095300000151700822
B1107454549063N01144493EA008010095100000151820822
B1107464549059N01144494EA007990094900000221710812
B1107474549056N01144496EA007970094700000221600812
B1107484549052N01144499EA007940094500000291570812
B1107494549048N01144502EA007910094200000291540812
B1107504549043N01144504EA007890093900000341570812
B1107514549038N01144506EA007860093700000341600812
B1107524549033N01144509EA007840093600000351600812
B1107534549029N01144511EA007840093600000351600812
B1107544549024N01144513EA007840093700000271640772
B1107554549021N01144513EA007850093700000271680772
B1107564549017N01144514EA007850093700000241720772
B1107574549013N01144515EA007850093500000241720772
B1107584549008N01144517EA007820093300000351680786
B1107594549003N01144519EA007800093000000351640786
B1108004548997N01144520EA007780092800000361650786
B1108014548992N01144522EA007770092700000361660786
B1108024548987N01144523EA007760092600000331690786
B1108034548982N01144523EA007750092500000331720786
B1108044548976N01144524EA007730092400000361710786
B1108054548971N01144526EA007710092200000361700786
B1108064548966N01144527EA007700092100000331690786
B1108074548961N01144529EA007690092000000331680786
B1108084548956N01144530EA007680091900000341680781
B1108094548951N01144532EA007670091800000341680781
B1108104548945N01144534EA007650091600000391670781
B1108114548939N01144536EA007610091300000391660781
B1108124548931N01144537EA007570091000000541680781
B1108134548923N01144539EA007550090800000541700781
B1108144548916N01144541EA007540090900000471690781
B1108154548909N01144543EA007540090900000471680755
B1108164548903N01144545EA007540090900000401680755
B1108174548898N01144546EA007540090900000401680755
B1108184548891N01144548EA007530090700000421690755
B1108194548884N01144549EA007510090300000421700755
B1108204548876N01144550EA007470089800000541710755
B1108214548868N01144552EA007430089400000541720755
B1108224548860N01144555EA007390089200000551690755
B1108234548852N01144558EA007370089000000551660753
B1108244548845N01144560EA007360089000000451650753
B1108254548839N01144562EA007380089100000451640753
B1108264548834N01144563EA007400089300000341700736
B1108274548829N01144564EA007420089400000341760736
B1108284548824N01144564EA007440089500000271760736
B1108294548820N01144564EA007450089600000271760736
B1108304548816N01144566EA007460089700000321710736
B1108314548811N01144567EA007460089700000321660736
B1108324548806N01144568EA007470089900000341710761
B1108334548800N01144567EA007480090000000341760761
B1108344548796N01144565EA007500090200000321760761
B1108354548792N01144561EA007510090400000332040758
B1108364548790N01144554EA007530090500000382260758
B1108374548789N01144545EA007530090400000442480758
B1108384548789N01144535EA007520090300000482640758
B1108394548792N01144525EA007520090200000492780758
B1108404548797N01144517EA007520090300000472980758
B1108414548802N01144513EA007520090400000473140758
B1108424548808N01144511EA007540090500000363340773
B1108434548813N01144513EA007550090700000363540753
B1108444548817N01144517EA007550090700000280190753
B1108454548818N01144521EA007550090700000280440753
B1108464548818N01144527EA007550090600000260700753
B1108474548817N01144532EA007560090700000260960753
B1108484548816N01144537EA007570090800000241010753
B1108494548815N01144543EA007570090900000241060753
B1108504548814N01144548EA007580091000000251020753
B1108514548814N01144554EA007590091000000250980753
B1108524548813N01144560EA007600091100000281010753
B1108534548811N01144565EA007600091100000281040736
B1108544548810N01144571EA007610091200000281080736
B1108554548808N01144576EA007620091300000281120761
B1108564548806N01144581EA007630091300000261140761
B1108574548804N01144586EA007630091300000261160761
B1108584548802N01144590EA007640091400000251210761
B1108594548799N01144594EA007650091400000251260761
B1109004548797N01144598EA007650091300000241300761
B1109014548794N01144602EA007640091200000241340761
B1109024548790N01144605EA007620090900000311440761
B1109034548785N01144607EA007590090600000311540761
B1109044548779N01144608EA007560090300000391660761
B1109054548773N01144607EA007530090000000391780761
B1109064548766N01144606EA007500089700000441820761
B1109074548760N01144605EA007480089600000441860761
B1109084548754N01144604EA007460089500000381860769
B1109094548749N01144603EA007450089300000381860769
B1109104548743N01144601EA007430089200000361890769
B1109114548738N01144600EA007410088900000361920769
B1109124548732N01144598EA007390088700000381900769
B1109134548727N01144597EA007360088400000381880769
B1109144548721N01144595EA007340088100000401880769
B1109184548693N01144583EA007190086900000521960766
B1109194548686N01144580EA007170086800000521940766
B1109204548679N01144577EA007160086800000471970766
B1109214548673N01144573EA007150086900000472000766
B1109224548666N01144569EA007160087000000432000766
B1109234548661N01144567EA007170087100000432000766
B1109244548656N01144564EA007190087400000321990733
B1109254548652N01144561EA007230087700000321980746
B1109264548650N01144558EA007280088100000172130746
B1109274548650N01144556EA007320088300000172280746
B1109284548649N01144554EA007350088500000112410746
B1109294548648N01144551EA007370088500000112540746
B1109304548645N01144546EA007370088300000302400746
B1109314548642N01144540EA007350088000000302260746
B1109324548640N01144532EA007340088000000412340746
B1109334548640N01144523EA007340088100000412540746
B1109344548643N01144516EA007340088200000402810746
B1109354548648N01144512EA007350088300000403080753
B1109364548654N01144511EA007360088500000383330753
B1109374548659N01144512EA007370088700000383580753
B1109384548663N01144516EA007390088900000300200771
B1109394548665N01144522EA007410089000000300420771
B1109404548666N01144528EA007420089100000300630771
B1109414548665N01144534EA007430089100000300840771
B1109424548663N01144540EA007430089100000271040771
B1109434548660N01144542EA007440089100000271240771
B1109444548657N01144543EA007450089200000201510746
B1109454548654N01144543EA007460089200000201780746
B1109464548651N01144541EA007460089300000221890746
B1109474548648N01144538EA007460089300000222000746
B1109484548645N01144532EA007450089200000342200746
B1109494548644N01144525EA007450089200000342400746
B1109504548643N01144516EA007450089200000392580746
B1109514548643N01144508EA007460089400000362660753
B1109524548644N01144501EA007480089700000332740753
B1109534548646N01144494EA007510090000000332820753
B1109544548650N01144488EA007530090200000372980753
B1109554548655N01144484EA007540090400000373140753
B1109564548661N01144482EA007550090500000393330776
B1109574548666N01144483EA007560090600000393520776
B1109584548670N01144488EA007580090800000340190776
B1109594548672N01144494EA007590090900000340460776
B1110004548671N01144502EA007600091000000360460776
B1110014548669N01144508EA007610091200000321020776
B1110024548666N01144511EA007640091600000241310776
B1110034548662N01144511EA007680091900000241600776
B1110044548659N01144508EA007710092200000231840753
B1110054548656N01144506EA007730092400000232080753
B1110064548653N01144501EA007750092500000322160753
B1110074548650N01144495EA007750092500000322240753
B1110084548650N01144486EA007760092600000412460753
B1110094548652N01144477EA007760092700000452700753
B1110104548656N01144469EA007780092800000482940753
B1110114548662N01144464EA007790093100000483120776
B1110124548667N01144462EA007820093400000373330783
B1110134548672N01144464EA007840093700000373540776
B1110144548676N01144469EA007860093800000340220776
B1110154548678N01144476EA007870093900000340500776
B1110164548678N01144483EA007880093900000340750776
B1110174548675N01144489EA007890094000000341000776
B1110184548670N01144493EA007900094000000371280776
B1110194548665N01144494EA007900094200000371560776
B1110204548660N01144491EA007920094400000321560776
B1110214548657N01144486EA007950094700000292100753
B1110224548656N01144480EA007970094900000312330753
B1110234548656N01144473EA007990094900000312560753
B1110244548656N01144464EA008000094900000422680753
B1110254548659N01144455EA008000095000000462800766
B1110264548663N01144448EA008010095200000452990783
B1110274548669N01144444EA008030095500000453180783
B1110284548675N01144443EA008050095900000373390783
B1110294548680N01144445EA008090096200000370000783
B1110304548684N01144449EA008120096500000300190783
B1110314548686N01144454EA008150096700000300380783
B1110324548687N01144461EA008160096800000330610783
B1110334548686N01144468EA008170096800000330840776
B1110344548683N01144474EA008180096900000371100776
B1110354548678N01144478EA008190097100000371360776
B1110364548673N01144477EA008210097400000301650776
B1110374548670N01144473EA008240097700000301940776
B1110384548668N01144466EA008250097800000372230776
B1110394548667N01144459EA008270098000000372520783
B1110404548666N01144451EA008290098100000332600783
B1110414548667N01144444EA008310098400000332660783
B1110424548669N01144437EA008340098600000372820783
B1110434548673N01144430EA008360098800000372980783
B1110444548679N01144426EA008370099000000433170783
B1110454548685N01144425EA008390099200000433360783
B1110464548690N01144429EA008410099500000360050783
B1110474548693N01144435EA008430099700000360340783
B1110484548692N01144443EA008440099800000380660783
B1110494548690N01144450EA008460100100000380980783
B1110504548686N01144453EA008490100400000291300783
B1110514548682N01144452EA008520100700000291620783
B1110524548679N01144449EA008540100900000271900783
B1110534548676N01144444EA008570101100000272180783
B1110544548674N01144438EA008590101300000322330783
B1110554548673N01144431EA008610101500000322480783
B1110564548676N01144423EA008620101600000402720783
B1110574548680N01144416EA008630101700000402980783
B1110584548685N01144411EA008640101900000423140799
B1110594548691N01144409EA008670102200000423300799
B1111004548696N01144411EA008690102600000343570799
B1111014548699N01144417EA008710102800000340240783
B1111024548700N01144424EA008720102800000390570783
B1111034548698N01144431EA008730103000000390900783
B1111044548694N01144435EA008760103300000301200783
B1111054548690N01144437EA008790103600000301500783
B1111064548687N01144436EA008820103900000231730783
B1111074548684N01144433EA008840104100000231960783
B1111084548681N01144427EA008850104200000312200783
B1111094548681N01144420EA008870104200000312440783
B1111104548682N01144411EA008880104400000422660799
B1111114548685N01144403EA008890104500000442860799
B1111124548690N01144397EA008910104700000423060799
B1111134548696N01144395EA008940105100000423260799
B1111144548701N01144396EA008960105400000383510799
B1111154548706N01144400EA008980105600000380160799
B1111164548709N01144406EA009000105700000330370799
B1111174548711N01144412EA009020105900000330580802
B1111184548710N01144418EA009040106100000300800794
B1111194548708N01144423EA009060106200000301020783
B1111204548704N01144424EA009060106300000281400783
B1111214548700N01144421EA009060106300000281780783
B1111224548697N01144415EA009060106300000362160783
B1111234548695N01144408EA009070106400000362420799
B1111244548695N01144401EA009090106500000322540799
B1111254548695N01144394EA009110106700000322660799
B1111264548695N01144386EA009120106800000372680799
B1111274548696N01144377EA009130106900000402720799
B1111284548698N01144369EA009140107000000412800799
B1111294548701N01144361EA009160107200000412920808
B1111304548705N01144356EA009180107300000403070808
B1111314548711N01144353EA009190107500000403220807
B1111324548716N01144354EA009200107700000383490807
B1111334548721N01144359EA009210107800000380160807
B1111344548723N01144365EA009220107900000350430802
B1111354548723N01144372EA009240108000000350700802
B1111364548722N01144377EA009270108300000250960802
B1111374548719N01144380EA009300108700000251220802
B1111384548716N01144381EA009330109000000221510802
B1111394548712N01144379EA009360109300000221800802
B1111404548709N01144374EA009380109600000322060799
B1111414548708N01144366EA009400109700000372320799
B1111424548707N01144358EA009420109900000422560808
B1111434548709N01144349EA009430110000000422720808
B1111444548712N01144341EA009450110200000432860807
B1111454548716N01144334EA009470110400000433020807
B1111464548722N01144330EA009490110600000443180807
B1111474548728N01144327EA009500110900000443340807
B1111484548734N01144326EA009520111100000383470807
B1111494548739N01144328EA009550111400000380000807
B1111504548743N01144331EA009580111700000290170807
B1111514548746N01144336EA009610111900000290340807
B1111524548747N01144343EA009630112100000300610807
B1111534548745N01144348EA009640112300000300880807
B1111544548740N01144352EA009650112400000341240807
B1111554548735N01144351EA009660112700000341600807
B1111564548732N01144347EA009700113100000331950807
B1111574548730N01144340EA009740113600000332300807
B1111584548729N01144333EA009770113900000352450807
B1111594548727N01144325EA009810114100000382600807
B1112004548727N01144316EA009840114300000422620807
B1112014548728N01144306EA009860114500000452720794
B1112024548732N01144298EA009870114600000472880794
B1112034548737N01144291EA009880114700000473040794
B1112044548743N01144286EA009890114900000443040794
B1112054548748N01144281EA009910115100000403280794
B1112064548754N01144278EA009930115300000403320794
B1112074548760N01144275EA009950115500000403360762
B1112084548766N01144273EA009970115700000413400762
B1112094548772N01144272EA009980115800000413440762
B1112104548778N01144272EA010000116100000393530762
B1112114548783N01144273EA010030116500000390020762
B1112124548788N01144274EA010070116900000280050762
B1112134548791N01144276EA010110117400000280080762
B1112144548794N01144279EA010140117700000250270762
B1112154548796N01144285EA010160117800000250460762
B1112164548795N01144292EA010170117900000340740762
B1112174548792N01144298EA010180118000000341020762
B1112184548789N01144301EA010200118300000291310762
B1112194548785N01144301EA010240118700000291600762
B1112204548781N01144298EA010270119100000291870762
B1112214548778N01144294EA010300119300000292140762
B1112224548774N01144287EA010330119500000392240762
B1112234548772N01144278EA010340119600000472340762
B1112244548771N01144268EA010350119800000502480762
B1112254548773N01144258EA010370120000000502700749
B1112264548778N01144250EA010390120300000482940749
B1112274548784N01144245EA010420120600000483160749
B1112284548790N01144243EA010450120900000403320749
B1112294548796N01144243EA010480121200000403480749
B1112304548801N01144245EA010510121500000350040749
B1112314548805N01144249EA010550121800000350200749
B1112324548807N01144255EA010570122100000300480749
B1112334548806N01144262EA010580122200000300760749
B1112344548802N01144267EA010590122200000361070762
B1112354548797N01144271EA010600122300000361380762
B1112364548792N01144270EA010620122600000331640762
B1112374548788N01144266EA010650123000000331900762
B1112384548784N01144260EA010680123300000382140749
B1112394548782N01144252EA010700123500000442380749
B1112404548780N01144242EA010720123800000452480749
B1112414548781N01144233EA010750124100000452600749
B1112424548784N01144223EA010770124400000472780749
B1112434548789N01144216EA010790124500000473000749
B1112444548795N01144211EA010800124600000483170732
B1112454548802N01144208EA010810124800000483340732
B1112464548809N01144206EA010830125000000433430732
B1112474548814N01144206EA010860125400000433520684
B1112484548819N01144207EA010900125800000290030684
B1112494548823N01144210EA010930126100000290140684
B1112504548825N01144215EA010950126200000270360711
B1112514548826N01144221EA010960126300000270580711
B1112524548825N01144227EA010970126300000310840711
B1112534548822N01144232EA010980126400000311100711
B1112544548818N01144236EA010990126600000321350711
B1112554548813N01144236EA011000126700000321600711
B1112564548808N01144234EA011020127000000331830749
B1112574548805N01144228EA011040127200000332060749
B1112584548802N01144220EA011060127400000452320749
B1112594548801N01144210EA011070127500000482480732
B1113004548801N01144200EA011080127700000462640732
B1113014548804N01144191EA011110128000000442800732
B1113024548808N01144184EA011140128300000442970732
B1113034548814N01144179EA011160128500000443140684
B1113044548820N01144176EA011180128600000433280684
B1113054548826N01144174EA011190128700000433420684
B1113064548832N01144174EA011210128900000363520684
B1113074548836N01144176EA011230129200000360020684
B1113084548839N01144180EA011240129200000280280684
B1113094548841N01144186EA011250129300000280540684
B1113104548840N01144192EA011250129300000300760684
B1113114548838N01144198EA011260129400000300980684
B1113124548835N01144201EA011270129600000301270684
B1113134548830N01144201EA011270129600000301560684
B1113144548824N01144197EA011280129700000421860684
B1113154548821N01144189EA011290129800000472160684
B1113164548819N01144179EA011310130000000462400684
B1113174548820N01144170EA011330130400000422620684
B1113184548822N01144162EA011370130700000412820660
B1113194548826N01144155EA011400130900000412980660
B1113204548831N01144149EA011420131000000463130660
B1113214548838N01144145EA011420131000000463280660
B1113224548846N01144143EA011410131000000513420660
B1113234548853N01144142EA011420131100000513500660
B1113244548859N01144141EA011440131400000403520660
B1113254548865N01144139EA011480131700000403480626
B1113264548870N01144138EA011500132000000373510626
B1113274548876N01144138EA011510132100000373540626
B1113284548882N01144139EA011520132100000410000626
B1113294548888N01144140EA011530132200000410060626
B1113304548894N01144142EA011540132500000390110626
B1113314548899N01144145EA011560132800000390160626
B1113324548903N01144148EA011600133100000250230626
B1113334548905N01144151EA011640133500000250300626
B1113344548906N01144154EA011670133700000170520626
B1113354548905N01144159EA011680133700000170740626
B1113364548903N01144162EA011680133700000261070626
B1113374548899N01144164EA011680133700000261400668
B1113384548894N01144162EA011690133900000361690626
B1113394548889N01144158EA011710134100000361980626
B1113404548886N01144151EA011740134400000362210626
B1113414548885N01144143EA011770134700000372440626
B1113424548886N01144135EA011790134900000402660626
B1113434548888N01144126EA011810135100000432800626
B1113444548892N01144118EA011820135200000462900626
B1113454548897N01144111EA011830135200000463040605
B1113464548903N01144106EA011840135300000493210605
B1113474548910N01144104EA011840135400000493380557
B1113484548916N01144105EA011850135600000363550557
B1113494548921N01144107EA011880135900000360120557
B1113504548924N01144109EA011910136200000220130557
B1113514548927N01144110EA011940136400000220140557
B1113524548928N01144113EA011960136500000160380557
B1113534548928N01144118EA011960136500000160620607
B1113544548927N01144123EA011950136400000300840607
B1113554548925N01144128EA011960136600000301060607
B1113564548923N01144132EA011980137000000221270607
B1113574548920N01144133EA012010137300000221480607
B1113584548917N01144132EA012040137600000191690607
B1113594548913N01144131EA012070137800000191900607
B1114004548909N01144128EA012080137900000321980626
B1114014548905N01144123EA012090138000000322060626
B1114024548903N01144114EA012090138000000462280626
B1114034548903N01144104EA012090138000000512540605
B1114044548906N01144094EA012090138100000522780605
B1114054548911N01144086EA012100138100000512980557
B1114064548918N01144080EA012110138200000483160557
B1114074548924N01144077EA012120138300000483340557
B1114084548931N01144076EA012130138500000433430557
B1114094548937N01144075EA012150138600000433520557
B1114104548944N01144074EA012160138800000433540557
B1114114548951N01144074EA012170138900000433560557
B1114124548957N01144073EA012180139100000463560557
B1114134548964N01144073EA012200139300000463560560
B1114144548971N01144073EA012220139600000423580560
B1114154548977N01144074EA012250139900000420000560
B1114164548981N01144075EA012290140300000290080560
B1114174548985N01144079EA012320140500000290160560
B1114184548987N01144083EA012330140600000280390560
B1114194548988N01144089EA012330140600000280620560
B1114204548986N01144095EA012340140700000280890560
B1114214548983N01144099EA012350140800000281160560
B1114224548979N01144100EA012360141000000271160560
B1114234548976N01144098EA012380141200000281780560
B1114244548972N01144094EA012400141400000322000560
B1114254548969N01144087EA012420141500000322220560
B1114264548966N01144079EA012430141600000432360560
B1114274548966N01144069EA012430141700000482520560
B1114284548967N01144059EA012440141800000502680536
B1114294548971N01144049EA012460142000000492840536
B1114304548976N01144042EA012480142300000463020536
B1114314548982N01144038EA012500142500000463200536
B1114324548988N01144037EA012510142600000423380536
B1114334548994N01144038EA012530142700000423560536
B1114344548999N01144040EA012540142800000340050536
B1114354549004N01144042EA012560143000000340140536
B1114364549008N01144045EA012570143100000290230536
B1114374549011N01144050EA012580143200000290320533
B1114384549013N01144055EA012580143200000310450533
B1114394549015N01144061EA012590143200000310580533
B1114404549016N01144068EA012600143300000300700562
B1114414549016N01144074EA012610143300000300820562
B1114424549014N01144080EA012610143400000291010562
B1114434549011N01144084EA012620143500000291200562
B1114444549008N01144087EA012640143700000251350560
B1114454549004N01144089EA012660144000000251500560
B1114464549000N01144090EA012680144100000281500560
B1114474548995N01144090EA012690144200000301740560
B1114484548991N01144089EA012700144400000321810560
B1114494548986N01144088EA012710144500000321880560
B1114504548981N01144088EA012720144700000291860560
B1114514548977N01144087EA012740144900000291840560
B1114524548973N01144085EA012770145200000291920560
B1114534548969N01144082EA012790145500000292000560
B1114544548965N01144078EA012810145700000342060560
B1114554548960N01144073EA012840146000000342120560
B1114564548957N01144067EA012860146200000392230557
B1114574548954N01144059EA012880146400000432340536
B1114584548952N01144050EA012910146600000462440536
B1114594548951N01144040EA012920146800000472540536
B1115004548951N01144029EA012950147100000492620536
B1115014548952N01144019EA012970147300000472740536
B1115024548956N01144011EA012990147600000442860511
B1115034548960N01144004EA013020147800000443000497
B1115044548965N01144000EA013040147900000393170497
B1115054548971N01143998EA013040147900000393340497
B1115064548977N01143999EA013050148000000413510497
B1115074548982N01144001EA013050148000000410080497
B1115084548987N01144004EA013060148100000340170497
B1115094548991N01144008EA013070148300000340260497
B1115104548995N01144012EA013090148400000300320497
B1115114548998N01144016EA013100148500000300380536
B1115124549001N01144021EA013110148600000280460536
B1115134549003N01144026EA013120148800000280540536
B1115144549005N01144030EA013140149000000190560536
B1115154549006N01144033EA013160149200000190580536
B1115164549006N01144036EA013180149300000150710536
B1115174549005N01144040EA013190149400000150840536
B1115184549003N01144043EA013200149500000201080536
B1115194549001N01144045EA013210149700000201320536
B1115204548999N01144045EA013230149900000171570536
B1115214548996N01144044EA013260150100000171820536
B1115224548993N01144044EA013270150300000211840536
B1115234548989N01144043EA013290150500000211860536
B1115244548986N01144040EA013300150600000281970536
B1115254548982N01144036EA013310150800000282080536
B1115264548979N01144029EA013320150800000382240536
B1115274548977N01144021EA013320150800000452400536
B1115284548975N01144010EA013320150700000492540497
B1115294548975N01144000EA013310150700000502600497
B1115304548974N01143989EA013310150700000512640497
B1115314548975N01143977EA013320150800000532700497
B1115324548977N01143967EA013320150900000502760497
B1115334548981N01143958EA013340151200000442880456
B1115344548985N01143952EA013360151400000393040456
B1115354548990N01143948EA013370151500000393200456
B1115364548995N01143946EA013390151500000343330456
B1115374549000N01143946EA013390151500000343460456
B1115384549005N01143948EA013390151400000340050456
B1115394549009N01143952EA013380151300000340240456
B1115404549011N01143958EA013370151200000310240463
B1115414549013N01143964EA013360151200000280580498
B1115424549014N01143969EA013360151200000240680498
B1115434549014N01143973EA013380151400000240780498
B1115444549015N01143977EA013390151500000180760498
B1115454549016N01143982EA013400151600000180740498
B1115464549015N01143986EA013400151600000220840498
B1115474549014N01143991EA013400151600000220940498
B1115484549012N01143995EA013410151700000271140498
B1115494549008N01143998EA013410151800000271340497
B1115504549004N01144000EA013420151900000261490497
B1115514549001N01144001EA013440152100000261640497
B1115524548997N01144002EA013450152200000231700497
B1115534548993N01144001EA013460152300000231760497
B1115544548989N01144000EA013470152400000321850497
B1115554548984N01143997EA013480152500000321940497
B1115564548980N01143993EA013490152600000372060497
B1115574548976N01143987EA013500152700000372180497
B1115584548973N01143979EA013500152700000412320497
B1115594548970N01143971EA013510152700000412440497
B1116004548968N01143962EA013510152800000422480456
B1116014548965N01143954EA013510152800000422460456
B1116024548962N01143946EA013510152800000422420456
B1116034548961N01143937EA013520152800000442460456
B1116044548960N01143927EA013510152800000442580456
B1116054548962N01143918EA013510152700000452720456
B1116064548965N01143909EA013500152600000452860430
B1116074548968N01143901EA013500152600000442940857
B1116084548972N01143893EA013490152600000443020430
B1116094548977N01143886EA013490152600000443080430
B1116104548981N01143880EA013490152600000413120895
B1116114548986N01143874EA013490152600000413160430
B1116124548990N01143869EA013500152700000393180430
B1116134548995N01143864EA013500152600000393200430
B1116144549002N01143861EA013480152500000443300941
B1116154549008N01143859EA013470152400000443400410
B1116164549015N01143858EA013460152300000443480393
B1116174549021N01143857EA013460152300000443560941
B1116184549027N01143856EA013460152400000403530393
B1116194549033N01143855EA013470152500000403500393
B1116204549040N01143854EA013470152400000413510393
B1116214549046N01143853EA013470152400000413520965
B1116224549052N01143852EA013470152500000393530393
B1116234549057N01143852EA013470152500000393540393
B1116244549062N01143852EA013470152500000333580439
B1116254549067N01143853EA013470152500000330020946
B1116264549073N01143853EA013460152300000370010439
B1116274549079N01143853EA013450152100000370000439
B1116284549084N01143852EA013430152000000393560946
B1116294549090N01143851EA013430151900000393520439
B1116304549095N01143849EA013420151800000353500439
B1116314549101N01143848EA013410151700000353480439
B1116324549107N01143847EA013400151600000393500439
B1116334549112N01143846EA013400151600000393520463
B1116344549117N01143844EA013410151800000343490463
B1116354549122N01143842EA013420152000000343460463
B1116364549127N01143841EA013430152200000323450463
B1116374549132N01143839EA013450152400000323440463
B1116384549136N01143838EA013470152600000313450463
B1116394549141N01143837EA013490152800000313460463
B1116404549145N01143838EA013500152800000290010463
B1116414549149N01143842EA013500152800000290160463
B1116424549151N01143846EA013510152800000280370463
B1116434549153N01143852EA013510152800000280580463
B1116444549155N01143857EA013510152800000260580463
B1116454549157N01143862EA013520152800000250620463
B1116464549158N01143867EA013520152900000260660496
B1116474549159N01143873EA013530153000000260700496
B1116484549160N01143879EA013530153000000320760533
B1116494549159N01143886EA013530153100000320820496
B1116504549157N01143892EA013540153200000301020496
B1116514549154N01143896EA013550153400000301220496
B1116524549150N01143898EA013570153600000281460496
B1116534549145N01143897EA013580153700000281700496
B1116544549141N01143894EA013600153900000331930496
B1116554549138N01143888EA013600153900000332160496
B1116564549137N01143880EA013610153900000392380496
B1116574549137N01143871EA013620153900000392580496
B1116584549139N01143863EA013620154000000402780463
B1116594549143N01143857EA013630154000000402980463
B1117004549147N01143851EA013640154100000383080463
B1117014549152N01143846EA013650154300000383180463
B1117024549157N01143842EA013660154500000373260463
B1117034549162N01143840EA013680154700000373340498
B1117044549167N01143839EA013700154900000343440498
B1117054549172N01143838EA013720155100000343540498
B1117064549176N01143839EA013740155300000290000498
B1117074549180N01143839EA013760155400000290000498
B1117084549185N01143840EA013760155400000280070498
B1117094549188N01143844EA013760155400000280140498
B1117104549191N01143848EA013760155300000310320498
B1117114549194N01143854EA013750155200000310500498
B1117124549196N01143860EA013740155100000290580498
B1117134549197N01143865EA013740155100000290660533
B1117144549198N01143871EA013750155200000270710533
B1117154549199N01143877EA013750155200000270760533
B1117164549199N01143883EA013750155300000310760533
B1117184549199N01143896EA013770155600000260900673
B1117194549199N01143901EA013790155900000260960533
B1117204549198N01143906EA013810156000000230980533
B1117214549197N01143911EA013820156200000231000533
B1117224549196N01143916EA013840156300000231060574
B1117234549194N01143920EA013850156400000231120574
B1117244549192N01143925EA013850156500000241170574
B1117254549190N01143929EA013860156500000241220574
B1117264549188N01143934EA013870156500000251200574
B1117274549186N01143938EA013870156600000251180574
B1117284549184N01143943EA013870156600000251190574
B1117294549182N01143948EA013880156700000251200574
B1117304549179N01143952EA013880156700000271260574
B1117314549176N01143956EA013880156700000271320574
B1117324549174N01143961EA013890156800000271320574
B1117334549171N01143965EA013890156900000271320616
B1117344549168N01143968EA013900157000000241350616
B1117354549165N01143972EA013900156900000241380616
B1117364549161N01143975EA013900156900000291450616
B1117374549157N01143978EA013890156800000291520570
B1117384549153N01143981EA013880156700000301510570
B1117394549149N01143984EA013880156700000301500570
B1117404549146N01143986EA013880156700000271550570
B1117414549142N01143987EA013880156700000271600678
B1117424549137N01143987EA013880156700000271720570
B1117434549133N01143986EA013870156600000271840570
B1117444549128N01143985EA013860156500000321850570
B1117454549123N01143984EA013850156400000321860570
B1117464549119N01143982EA013840156400000321910570
B1117474549114N01143980EA013840156300000321960570
B1117484549110N01143976EA013840156300000322040570
B1117494549106N01143972EA013840156300000322120528
B1117504549103N01143966EA013830156300000342200528
B1117514549100N01143960EA013830156200000342280493
B1117524549098N01143952EA013820156100000382380493
B1117534549096N01143944EA013810155900000402500493
B1117544549095N01143936EA013800155800000402560493
B1117554549093N01143928EA013790155700000402580493
B1117564549092N01143919EA013780155600000412560493
B1117574549090N01143911EA013770155500000402520470
B1117584549089N01143903EA013760155400000382540470
B1117594549090N01143894EA013760155300000402640470
B1118004549092N01143885EA013740155200000452800470
B1118014549096N01143877EA013720154900000492960470
B1118024549102N01143870EA013710154800000513070470
B1118034549108N01143863EA013700154700000513180439
B1118044549114N01143858EA013690154700000483240463
B1118054549121N01143853EA013690154800000483300463
B1118064549127N01143850EA013700154900000423340463
B1118074549133N01143847EA013700155000000423380463
B1118084549139N01143846EA013710155000000433440463
B1118094549146N01143845EA013710155000000433500463
B1118104549153N01143846EA013710155100000453580463
B1118114549159N01143848EA013720155200000450060463
B1118124549165N01143852EA013720155300000420140498
B1118134549171N01143854EA013730155400000420220498
B1118144549177N01143856EA013750155600000370160498
B1118154549182N01143858EA013770155700000370100498
B1118164549186N01143861EA013780155800000320180498
B1118174549190N01143865EA013780155700000320260533
B1118184549192N01143871EA013770155600000340260533
B1118234549192N01143898EA013740155100000271100533
B1118244549190N01143903EA013720154900000291160533
B1118254549187N01143909EA013710154800000291220533
B1118264549184N01143914EA013690154700000301270574
B1118274549181N01143918EA013680154600000301320574
B1118284549178N01143922EA013680154600000261320574
B1118294549175N01143927EA013680154500000261320574
B1118304549172N01143931EA013670154400000271320574
B1118314549169N01143935EA013650154300000271320574
B1118324549166N01143940EA013640154100000301330574
B1118334549163N01143944EA013630154000000301340574
B1118344549161N01143949EA013620154000000241300574
B1118354549159N01143953EA013620153900000241260536
B1118364549157N01143957EA013620153900000211250536
B1118374549155N01143961EA013610153800000211240536
B1118384549153N01143965EA013590153500000231250570
B1118394549151N01143969EA013570153200000231260570
B1118404549148N01143973EA013540152800000291280570
B1118414549145N01143978EA013500152400000291300570
B1118424549141N01143984EA013460152000000351320570
B1118434549137N01143989EA013420151700000351340570
B1118444549133N01143995EA013380151300000391330570
B1118454549129N01144002EA013340150900000391320570
B1118464549127N01144010EA013300150600000411230570
B1118474549124N01144018EA013270150300000411140592
B1118484549121N01144027EA013250150100000431100592
B1118494549118N01144035EA013220149800000431160592
B1118504549115N01144042EA013200149700000411190592
B1118514549112N01144049EA013200149600000411220592
B1118524549108N01144056EA013190149600000381240552
B1118534549105N01144062EA013180149500000381260552
B1118544549101N01144069EA013170149400000401270579
B1118554549097N01144076EA013150149300000401280579
B1118564549093N01144082EA013140149100000401310579
B1118574549088N01144088EA013130149000000401340579
B1118584549083N01144093EA013120149000000391400579
B1118594549078N01144097EA013110148900000391460579
B1119004549073N01144102EA013100148700000411490579
B1119014549067N01144106EA013090148600000411520579
B1119024549062N01144111EA013070148400000411500579
B1119034549057N01144115EA013050148300000411480590
B1119044549051N01144120EA013050148200000391470590
B1119054549047N01144125EA013050148200000391460590
B1119064549042N01144131EA013050148200000371410590
B1119074549038N01144136EA013050148300000371360590
B1119084549034N01144141EA013050148300000351370590
B1119094549031N01144146EA013060148300000351380590
B1119104549027N01144152EA013060148300000351310590
B1119114549025N01144158EA013070148400000351240590
B1119124549022N01144164EA013090148600000271240639
B1119134549020N01144167EA013110148800000271240639
B1119144549017N01144170EA013130148900000201370639
B1119154549014N01144173EA013140148900000201500639
B1119164549012N01144177EA013150149000000261380639
B1119174549010N01144182EA013150149100000261260639
B1119184549008N01144187EA013160149200000271230646
B1119194549005N01144191EA013170149300000271200646
B1119204549002N01144195EA013190149400000241310646
B1119214548999N01144197EA013210149600000241420646
B1119224548997N01144200EA013230149700000201470646
B1119234548994N01144202EA013240149900000201520646
B1119244548991N01144204EA013250150000000221520646
B1119254548988N01144206EA013260150100000221520646
B1119264548985N01144207EA013270150200000191610646
B1119274548982N01144206EA013280150300000191700646
B1119284548979N01144203EA013280150300000241970646
B1119294548977N01144198EA013290150300000242240646
B1119304548974N01144191EA013290150300000392340646
B1119314548972N01144182EA013290150400000432440646
B1119324548970N01144173EA013290150500000442480646
B1119334548969N01144164EA013310150800000422540646
B1119344548969N01144155EA013330151100000392600588
B1119354548969N01144147EA013350151300000412700588
B1119364548971N01144138EA013370151400000432760588
B1119374548973N01144129EA013370151400000452840588
B1119384548977N01144120EA013380151400000472940588
B1119394548981N01144112EA013380151400000503020560
B1119404548985N01144103EA013380151400000503040560
B1119414548990N01144094EA013380151500000493060560
B1119424548994N01144087EA013390151400000473090560
B1119434548999N01144079EA013390151500000463120560
B1119444549005N01144073EA013390151500000463150560
B1119454549010N01144066EA013400151500000463180562
B1119464549015N01144060EA013400151600000463200533
B1119474549021N01144055EA013400151600000463220533
B1119484549026N01144050EA013410151700000403240533
B1119494549031N01144046EA013420151700000403260533
B1119504549037N01144042EA013410151600000423320533
B1119514549043N01144040EA013410151500000423380533
B1119524549050N01144038EA013400151500000463460533
B1119534549057N01144038EA013400151500000463540533
B1119544549063N01144040EA013410151700000380040552
B1119554549068N01144043EA013420151800000380140552
B1119564549071N01144047EA013440151900000290280552
B1119574549074N01144051EA013450152100000290420552
B1119584549075N01144056EA013460152100000220550552
B1119594549076N01144060EA013470152100000220680552
B1120004549075N01144065EA013470152100000250860579
B1120014549074N01144071EA013470152100000251040579
B1120024549072N01144076EA013460152200000271120579
B1120034549069N01144080EA013470152300000271200579
B1120044549067N01144085EA013480152400000241220579
B1120054549065N01144089EA013490152500000241240579
B1120064549063N01144092EA013510152700000191280579
B1120074549061N01144093EA013530152900000191320579
B1120084549059N01144092EA013540152900000201710562
B1120094549056N01144088EA013540152900000202100562
B1120104549054N01144080EA013530152800000412380562
B1120114549054N01144070EA013530152700000452520562
B1120124549056N01144060EA013540152900000492700533
B1120134549060N01144052EA013540153100000492880552
B1120144549067N01144047EA013550153200000523120552
B1120154549074N01144046EA013550153200000523360552
B1120164549081N01144047EA013560153300000443540552
B1120174549086N01144050EA013580153400000440120552
B1120184549090N01144055EA013590153400000300120552
B1120194549092N01144059EA013600153500000270420552
B1120204549094N01144065EA013600153400000250580579
B1120214549094N01144070EA013600153300000250740579
B1120224549093N01144076EA013590153200000260860579
B1120234549093N01144081EA013580153200000260980579
B1120244549091N01144086EA013580153200000241030579
B1120254549090N01144091EA013580153200000241080579
B1120264549089N01144096EA013570153200000241090579
B1120274549087N01144101EA013570153100000241100579
B1120284549085N01144106EA013560153000000281140579
B1120294549083N01144111EA013560153000000281180579
B1120304549080N01144115EA013550153000000281310606
B1120314549075N01144118EA013550152900000281440606
B1120324549071N01144122EA013540152900000351470606
B1120334549067N01144126EA013550153000000351500606
B1120344549063N01144130EA013560153300000291410606
B1120354549061N01144135EA013590153600000291320606
B1120364549059N01144140EA013620153900000251190590
B1120374549058N01144146EA013650154100000251060590
B1120384549056N01144151EA013670154300000271170590
B1120394549052N01144154EA013680154400000271280590
B1120404549048N01144156EA013690154600000321490590
B1120414549044N01144157EA013710154800000321700590
B1120424549040N01144158EA013740155200000211650590
B1120434549037N01144160EA013770155500000211600590
B1120444549035N01144161EA013800155700000171640590
B1120454549032N01144160EA013820155900000171680590
B1120464549028N01144158EA013830156000000271870590
B1120474549025N01144155EA013830156100000272060590
B1120484549021N01144151EA013850156200000302120590
B1120494549018N01144146EA013860156400000302180590
B1120504549016N01144141EA013870156400000302290590
B1120514549014N01144134EA013880156400000302400590
B1120524549011N01144127EA013880156300000372400590
B1120534549008N01144120EA013870156300000372400588
B1120544549005N01144113EA013870156300000382400560
B1120554549003N01144105EA013870156300000382400560
B1120564549002N01144097EA013860156200000392500560
B1120574549004N01144088EA013850156100000412660560
B1120584549007N01144080EA013830155800000442860560
B1120594549011N01144073EA013810155600000443000562
B1121004549015N01144066EA013800155400000443070562
B1121014549020N01144059EA013780155200000443140533
B1121024549025N01144051EA013770155100000453120533
B1121034549029N01144044EA013760154900000453100533
B1121044549035N01144037EA013740154700000483140533
B1121054549040N01144031EA013720154400000483180533
B1121064549047N01144025EA013700154200000513220533
B1121074549053N01144018EA013680154000000513260533
B1121084549059N01144012EA013660153800000513230498
B1121094549065N01144005EA013650153700000513200528
B1121104549072N01143999EA013640153700000493240528
B1121114549079N01143994EA013630153700000493280528
B1121124549085N01143990EA013620153700000493320528
B1121134549092N01143987EA013620153700000493360528
B1121144549098N01143985EA013640153800000393440528
B1121154549103N01143985EA013660154100000393520528
B1121164549109N01143986EA013680154300000393590528
B1121174549115N01143987EA013700154600000390060570
B1121184549121N01143989EA013730154900000370090570
B1121194549125N01143991EA013760155300000370120570
B1121204549129N01143994EA013790155600000250200570
B1121214549131N01143998EA013810155700000250360570
B1121224549133N01144003EA013830155700000260460570
B1121234549135N01144008EA013840155700000260560570
B1121244549137N01144013EA013850155800000270590570
B1121254549139N01144019EA013860155900000270620592
B1121264549141N01144024EA013870155900000300620592
B1121274549143N01144030EA013880156100000300620592
B1121284549143N01144036EA013890156200000260740592
B1121294549143N01144041EA013900156300000260860592
B1121304549141N01144045EA013920156600000211050592
B1121314549139N01144047EA013950156900000211240592
B1121324549135N01144049EA013970157200000231470592
B1121334549131N01144048EA014000157400000231700592
B1121344549128N01144047EA014030157800000271840592
B1121354549124N01144044EA014060158100000271980592
B1121364549120N01144041EA014090158400000282070592
B1121374549117N01144036EA014120158600000282160592
B1121384549114N01144030EA014140158800000352280592
B1121394549113N01144023EA014160158900000352400592
B1121404549113N01144015EA014180159100000362580592
B1121414549116N01144007EA014200159200000382780570
B1121424549119N01144001EA014210159300000412960570
B1121434549125N01143996EA014210159300000413140570
B1121444549131N01143992EA014220159300000413290570
B1121454549136N01143992EA014220159400000413440570
B1121464549141N01143994EA014230159500000333590570
B1121474549146N01143996EA014240159600000330140570
B1121484549152N01143997EA014260159800000360110570
B1121494549157N01143998EA014270159900000360080570
B1121504549163N01144000EA014280160000000370100616
B1121514549168N01144002EA014300160300000370120616
B1121524549173N01144004EA014320160500000330160616
B1121534549177N01144007EA014340160700000330200616
B1121544549180N01144011EA014370160900000270300616
B1121554549183N01144016EA014380161000000270400652
B1121564549185N01144021EA014390161100000290520652
B1121574549186N01144027EA014400161100000290640652
B1121584549186N01144032EA014410161200000230790652
B1121594549185N01144036EA014430161400000230940652
B1122004549183N01144038EA014450161600000151140652
B1122014549182N01144041EA014460161800000151340652
B1122024549180N01144043EA014480162000000161380652
B1122034549177N01144044EA014500162100000161420652
B1122044549174N01144043EA014510162200000231700652
B1122054549171N01144040EA014520162400000231980652
B1122064549168N01144035EA014540162700000302160652
B1122074549166N01144028EA014570163000000302340652
B1122084549166N01144021EA014590163300000362510652
B1122094549167N01144012EA014610163500000402680616
B1122104549169N01144004EA014630163600000422800616
B1122114549172N01143996EA014640163700000452920616
B1122124549177N01143988EA014640163700000483040616
B1122134549184N01143983EA014650163700000483180616
B1122144549190N01143980EA014650163800000463330616
B1122154549197N01143980EA014660163900000463480616
B1122164549202N01143983EA014670164000000370050616
B1122174549206N01143987EA014680164100000370220616
B1122184549209N01143993EA014690164200000310430616
B1122194549210N01143999EA014690164200000310640655
B1122204549209N01144005EA014710164400000250640616
B1122214549209N01144011EA014730164400000250960616
B1122224549208N01144016EA014740164600000260980652
B1122234549207N01144021EA014750164800000261000652
B1122244549206N01144026EA014770164900000211090652
B1122254549204N01144029EA014790165200000211180652
B1122264549201N01144032EA014810165400000231310652
B1122274549198N01144034EA014840165700000231440652
B1122284549195N01144033EA014870166100000221710652
B1122294549192N01144029EA014900166400000221980652
B1122304549190N01144023EA014920166600000322240652
B1122314549189N01144016EA014930166700000322500652
B1122324549187N01144009EA014950166900000342510616
B1122334549186N01144002EA014960167100000342520616
B1122344549186N01143994EA014970167100000352580616
B1122354549187N01143986EA014970167000000392720616
B1122364549189N01143978EA014960166900000422840616
B1122374549192N01143970EA014960166800000422940616
B1122384549197N01143964EA014950166700000413060616
B1122394549202N01143959EA014940166600000413180574
B1122404549209N01143958EA014930166300000453360574
B1122414549215N01143959EA014910166100000453540616
B1122424549221N01143964EA014890166000000420140655
B1122434549225N01143970EA014870165900000420340655
B1122444549228N01143977EA014870166000000350480655
B1122454549230N01143983EA014890166200000350620655
B1122464549231N01143989EA014900166300000300700655
B1122474549231N01143996EA014900166400000300780655
B1122484549231N01144002EA014910166500000290860655
B1122494549231N01144008EA014920166700000290940655
B1122504549230N01144013EA014940166800000230970655
B1122514549229N01144018EA014960167000000231000691
B1122524549228N01144021EA014970167100000191110691
B1122534549225N01144024EA014980167200000191220691
B1122544549222N01144027EA014980167100000241370691
B1122554549219N01144029EA014980167100000241520691
B1122564549215N01144030EA014980167200000281620691
B1122574549210N01144030EA014980167200000281720691
B1122584549206N01144027EA014990167400000291890652
B1122594549203N01144023EA015000167500000292060652
B1123004549199N01144018EA015010167600000352190652
B1123014549197N01144011EA015010167700000352320616
B1123024549194N01144004EA015020167700000382390616
B1123034549193N01143996EA015030167800000392460616
B1123044549192N01143987EA015030167900000402560616
B1123054549194N01143978EA015040168000000442700616
B1123064549197N01143970EA015040168000000472880616
B1123074549203N01143963EA015040168000000473060574
B1123084549209N01143958EA015040168100000463200574
B1123094549215N01143955EA015050168100000463340616
B1123104549221N01143956EA015050168200000393490616
B1123114549227N01143958EA015050168100000390040616
B1123124549233N01143961EA015050168000000390140616
B1123134549238N01143965EA015050167900000390240655
B1123144549242N01143971EA015050167900000360370655
B1123154549244N01143977EA015040167900000360500655
B1123164549245N01143983EA015050168000000260660655
B1123174549245N01143988EA015060168100000260780655
B1123184549244N01143992EA015070168200000200930655
B1123194549243N01143996EA015070168200000201080655
B1123204549240N01144000EA015070168100000241220655
B1123214549237N01144003EA015060168100000241360655
B1123224549234N01144007EA015050167900000251380655
B1123234549232N01144011EA015050167800000251400655
B1123244549229N01144015EA015040167800000271320691
B1123254549227N01144020EA015030167800000271240691
B1123264549225N01144024EA015040167900000211250691
B1123274549223N01144028EA015040167900000211260691
B1123284549222N01144031EA015050168000000201220691
B1123294549220N01144036EA015050167900000201180691
B1123304549219N01144042EA015040167800000291110691
B1123314549218N01144048EA015030167800000291040691
B1123324549217N01144053EA015040167800000251040691
B1123334549216N01144059EA015050167900000251040691
B1123344549214N01144064EA015050168000000261090734
B1123354549212N01144068EA015060168000000261140734
B1123364549209N01144069EA015060168100000221410679
B1123374549206N01144069EA015070168100000221680679
B1123384549203N01144068EA015080168100000191820679
B1123394549200N01144066EA015080168100000191960679
B1123404549197N01144065EA015080168100000211950679
B1123414549194N01144064EA015080168100000211940679
B1123424549191N01144063EA015080168200000211950652
B1123434549188N01144061EA015090168200000211960652
B1123444549185N01144058EA015090168300000222090652
B1123454549183N01144054EA015100168300000222220652
B1123464549180N01144049EA015100168300000252260652
B1123474549178N01144045EA015090168400000252300652
B1123484549174N01144042EA015090168400000272220652
B1123494549171N01144038EA015090168400000272140652
B1123504549168N01144033EA015100168400000312220652
B1123514549166N01144027EA015100168500000312300652
B1123524549164N01144020EA015100168600000352420652
B1123534549163N01144012EA015110168700000352540616
B1123544549163N01144004EA015120168900000342640616
B1123554549165N01143997EA015140169200000342760616
B1123564549166N01143990EA015160169300000352830616
B1123574549169N01143983EA015180169500000352900616
B1123584549172N01143976EA015200169600000382990616
B1123594549177N01143971EA015210169800000383080616
B1124004549182N01143968EA015220169900000373250616
B1124014549187N01143966EA015230169900000373420616
B1124024549193N01143965EA015230170000000353470616
B1124034549198N01143965EA015240170100000353520616
B1124044549204N01143965EA015250170100000363570616
B1124054549209N01143966EA015240170000000360020616
B1124064549215N01143967EA015230169900000380070655
B1124074549220N01143970EA015230169800000380120655
B1124084549225N01143975EA015210169700000360230655
B1124094549229N01143980EA015210169600000360340655
B1124104549233N01143985EA015200169500000360360655
B1124114549237N01143989EA015190169400000360380655
B1124124549242N01143993EA015190169300000350330655
B1124134549246N01143997EA015190169200000350280655
B1124144549250N01144002EA015180169100000330360655
B1124154549253N01144008EA015170169000000330440655
B1124164549256N01144015EA015160168900000340440691
B1124174549257N01144022EA015150168800000320660691
B1124184549257N01144028EA015150168800000290750691
B1124194549257N01144034EA015150168800000290840691
B1124204549257N01144040EA015160168800000260900691
B1124214549256N01144046EA015160168800000260960691
B1124224549255N01144052EA015150168700000311000691
B1124234549254N01144058EA015150168800000311040691
B1124244549253N01144063EA015160168800000241080691
B1124254549251N01144068EA015170168900000241120734
B1124264549248N01144072EA015170168900000261230734
B1124274549245N01144076EA015170168800000261340734
B1124284549242N01144079EA015160168800000231370734
B1124294549239N01144082EA015160168700000231400734
B1124304549236N01144084EA015150168700000231470734
B1124314549233N01144085EA015140168600000231540734
B1124324549229N01144087EA015130168500000261590734
B1124334549225N01144089EA015120168300000261640734
B1124344549222N01144091EA015110168300000291560734
B1124354549218N01144095EA015100168300000291480734
B1124364549214N01144097EA015100168300000261510734
B1124374549210N01144100EA015090168200000261540734
B1124384549207N01144102EA015090168100000271550679
B1124394549203N01144105EA015070168000000271560679
B1124404549199N01144109EA015050167900000311490679
B1124414549195N01144113EA015040167800000311420679
B1124424549192N01144116EA015030167700000301460707
B1124434549187N01144119EA015020167600000301500707
B1124444549182N01144121EA015010167500000331560707
B1124454549178N01144123EA015000167500000331620707
B1124464549174N01144126EA015010167600000281570707
B1124474549170N01144129EA015010167700000281520707
B1124484549167N01144133EA015010167600000311490707
B1124494549162N01144137EA015000167500000311460707
B1124504549157N01144142EA014980167300000401450643
B1124514549152N01144147EA014970167200000401440643
B1124524549148N01144151EA014960167300000371450643
B1124534549144N01144155EA014960167300000371460643
B1124544549140N01144159EA014970167400000311470643
B1124554549136N01144162EA014980167500000311480643
B1124564549133N01144166EA014980167600000281470665
B1124574549129N01144169EA014990167600000281460665
B1124584549126N01144172EA014990167600000291470665
B1124594549122N01144176EA014980167500000291480665
B1125004549118N01144179EA014980167400000301470665
B1125014549114N01144183EA014970167300000301460665
B1125024549110N01144187EA014950167100000351450665
B1125034549105N01144192EA014930166900000351440645
B1125044549101N01144197EA014910166700000361420645
B1125054549097N01144202EA014900166600000361400645
B1125064549093N01144207EA014880166500000351400645
B1125074549089N01144212EA014870166400000351400645
B1125084549085N01144217EA014860166300000351390680
B1125094549081N01144222EA014860166200000351380680
B1125104549077N01144227EA014840166100000351370680
B1125114549073N01144232EA014830165900000351360680
B1125124549070N01144238EA014820165800000361290680
B1125134549067N01144246EA014800165800000361220680
B1125144549064N01144253EA014790165800000391180680
B1125154549062N01144260EA014800165900000391140680
B1125164549060N01144266EA014810166100000291160719
B1125174549058N01144270EA014830166300000291180733
B1125184549055N01144275EA014850166500000271240733
B1125194549053N01144280EA014870166700000271240733
B1125204549051N01144283EA014890166800000211220733
B1125214549050N01144288EA014900166900000211200733
B1125224549048N01144293EA014900166900000251180733
B1125234549046N01144298EA014900166800000251160733
B1125244549044N01144304EA014890166700000321130733
B1125254549043N01144311EA014890166600000321100733
B1125264549041N01144318EA014880166500000351080788
B1125274549040N01144325EA014880166500000351060788
B1125284549038N01144332EA014890166500000341090788
B1125294549035N01144338EA014900166800000341120788
B1125304549033N01144343EA014920167100000271210788
B1125314549030N01144346EA014950167400000271300788
B1125324549025N01144348EA014970167600000291520788
B1125334549021N01144348EA014980167700000291740788
B1125344549016N01144349EA015000167800000301720788
B1125354549012N01144349EA015020168000000301700788
B1125364549008N01144348EA015040168100000261820784
B1125374549004N01144346EA015050168200000261940784
B1125384549000N01144343EA015060168000000331980784
B1125394548994N01144340EA015050167900000332020784
B1125404548990N01144337EA015040167800000362030784
B1125414548985N01144334EA015030167800000362040784
B1125424548980N01144332EA015020167700000332000784
B1125434548975N01144330EA015010167500000331960784
B1125444548969N01144327EA014990167400000391960784
B1125454548963N01144325EA014970167200000391960784
B1125464548958N01144323EA014960167100000381920789
B1125474548952N01144322EA014950167200000381880789
B1125484548948N01144321EA014960167300000271870789
B1125494548944N01144320EA014980167600000271860789
B1125504548941N01144320EA015000167700000221860789
B1125514548937N01144319EA015020167900000221860789
B1125524548934N01144319EA015020167900000241840789
B1125534548930N01144319EA015030167800000241820789
B1125544548925N01144318EA015020167800000281830789
B1125554548921N01144317EA015010167700000281840789
B1125564548916N01144317EA015010167600000301840789
B1125574548912N01144316EA015000167600000301840789
B1125584548908N01144317EA015000167700000271790790
B1125594548904N01144317EA015000167600000271740790
B1126004548900N01144319EA015000167500000291710790
B1126014548895N01144319EA014980167300000291680790
B1126024548890N01144320EA014970167200000351730790
B1126034548884N01144320EA014950167100000351780790
B1126044548879N01144320EA014940167100000341780790
B1126054548874N01144320EA014930167000000341780790
B1126064548869N01144323EA014920166800000381700790
B1126074548863N01144326EA014900166600000381620790
B1126084548856N01144329EA014880166300000461630783
B1126094548850N01144330EA014860166200000461640783
B1126104548843N01144331EA014850166200000401700783
B1126114548838N01144331EA014860166200000401760783
B1126124548833N01144333EA014860166300000331720783
B1126134548828N01144335EA014870166400000331680783
B1126144548824N01144337EA014870166400000301650783
B1126154548819N01144339EA014870166300000301620783
B1126164548814N01144340EA014870166200000351640783
B1126174548809N01144343EA014850166000000351660790
B1126184548803N01144345EA014840165900000391660790
B1126194548798N01144347EA014820165800000401640790
B1126204548792N01144350EA014810165600000411650790
B1126214548786N01144351EA014790165400000411660790
B1126224548780N01144353EA014780165300000401680790
B1126234548774N01144354EA014770165200000401700790
B1126244548768N01144356EA014760165100000381670790
B1126254548763N01144358EA014750165000000381640790
B1126264548757N01144360EA014740164900000391640807
B1126274548751N01144363EA014730164800000391640807
B1126284548746N01144366EA014720164700000391620802
B1126294548740N01144369EA014720164600000391600802
B1126304548734N01144371EA014700164400000401610802
B1126314548729N01144374EA014690164300000401620802
B1126324548723N01144376EA014670164100000421630802
B1126334548717N01144379EA014660163900000421640802
B1126344548711N01144382EA014650163800000411620802
B1126354548705N01144384EA014630163700000411600799
B1126364548699N01144387EA014620163600000401630799
B1126374548693N01144388EA014610163500000401660799
B1126384548687N01144390EA014590163300000391680799
B1126394548682N01144391EA014580163100000391700799
B1126404548676N01144393EA014560162900000361670799
B1126414548671N01144395EA014550162800000361640799
B1126424548666N01144398EA014540162600000371620799
B1126434548661N01144400EA014520162400000371600799
B1126444548655N01144403EA014500162200000371610769
B1126454548650N01144405EA014490162100000371620769
B1126464548644N01144407EA014470161900000361640769
B1126474548639N01144409EA014460161700000361660769
B1126484548634N01144411EA014440161500000361640769
B1126494548629N01144413EA014420161300000361620769
B1126504548623N01144415EA014390161000000391620766
B1126514548617N01144418EA014360160700000391620766
B1126524548612N01144420EA014340160500000381620766
B1126534548606N01144422EA014320160300000381620752
B1126544548601N01144424EA014300160100000371630752
B1126554548595N01144426EA014280159900000371640752
B1126564548590N01144428EA014260159600000391660752
B1126574548584N01144429EA014230159300000391680752
B1126584548578N01144431EA014210159100000401700752
B1126594548571N01144431EA014180158800000401720752
B1127004548565N01144432EA014160158600000411730752
B1127014548559N01144432EA014140158400000411740733
B1127024548553N01144433EA014120158200000401760733
B1127034548546N01144433EA014110158000000401780733
B1127044548540N01144433EA014090157800000381810733
B1127054548535N01144432EA014080157600000381840733
B1127064548529N01144431EA014060157400000361840733
B1127074548524N01144430EA014050157300000361840733
B1127084548519N01144429EA014040157200000351860733
B1127094548513N01144428EA014020157000000351880733
B1127104548508N01144425EA014000156900000341930717
B1127114548504N01144423EA014000156900000341980717
B1127124548500N01144422EA014010157100000211910717
B1127134548497N01144422EA014020157200000211840717
B1127144548495N01144422EA014020157100000161880717
B1127154548492N01144420EA014010156900000161920717
B1127164548489N01144416EA013990156600000282050717
B1127174548485N01144412EA013960156400000282180692
B1127184548482N01144408EA013940156300000292160692
B1127194548478N01144405EA013930156300000292140692
B1127204548475N01144403EA013920156200000232060692
B1127214548471N01144401EA013920156100000232000692
B1127224548468N01144399EA013900155800000262020692
B1127234548464N01144397EA013870155600000262040692
B1127244548460N01144394EA013850155400000272050692
B1127254548457N01144391EA013830155200000272060677
B1127264548454N01144388EA013820155100000252100677
B1127274548450N01144384EA013800154900000252140677
B1127284548447N01144381EA013780154700000282130677
B1127294548443N01144378EA013760154500000282120677
B1127304548438N01144376EA013730154300000332020677
B1127314548433N01144375EA013720154100000331920677
B1127324548428N01144374EA013700154000000311900677
B1127334548424N01144373EA013690153900000311880677
B1127344548420N01144372EA013680153800000271850677
B1127354548416N01144373EA013670153500000271820677
B1127364548411N01144375EA013640153100000341730677
B1127374548405N01144377EA013600152700000341640671
B1127384548399N01144378EA013560152400000411690671
B1127394548393N01144378EA013530152000000411740671
B1127404548386N01144377EA013500151800000421810671
B1127414548380N01144375EA013480151700000421880671
B1127424548374N01144373EA013470151700000381900671
B1127434548369N01144371EA013460151600000381920671
B1127444548363N01144369EA013450151600000391900671
B1127454548357N01144369EA013440151500000391880643
B1127464548352N01144368EA013440151400000371880643
B1127474548346N01144365EA013440151400000371880643
B1127484548342N01144362EA013430151400000361990612
B1127494548337N01144358EA013430151300000362100612
B1127504548334N01144354EA013440151400000282130612
B1127514548331N01144350EA013440151500000282160612
B1127524548327N01144347EA013450151500000282140612
B1127534548323N01144343EA013440151400000282120612
B1127544548319N01144340EA013430151300000332080612
B1127554548314N01144337EA013430151200000332040612
B1127564548310N01144334EA013420151200000312040612
B1127574548306N01144331EA013420151200000312040576
B1127584548302N01144328EA013410151200000302080576
B1127594548298N01144324EA013400151000000302120576
B1128004548294N01144321EA013390151000000312100576
B1128014548290N01144318EA013380150800000312080576
B1128024548285N01144316EA013360150600000331990576
B1128034548279N01144315EA013340150400000331900576
B1128044548275N01144315EA013330150200000321830576
B1128054548270N01144316EA013310150100000321760576
B1128064548266N01144318EA013300150000000291710576
B1128074548261N01144319EA013290149800000291660576
B1128084548256N01144320EA013270149500000331710525
B1128094548251N01144320EA013240149300000331760525
B1128104548246N01144321EA013220149100000351730525
B1128114548241N01144322EA013210148900000351700525
B1128124548236N01144323EA013190148800000331710525
B1128134548231N01144324EA013190148800000331720525
B1128144548227N01144325EA013190148800000291690525
B1128154548222N01144327EA013190148900000291660525
B1128164548219N01144331EA013200149000000301530525
B1128174548215N01144336EA013200149100000301400525
B1128184548211N01144339EA013210149100000321420525
B1128194548206N01144342EA013220149400000321440487
B1128204548203N01144341EA013230149400000261660487
B1128214548199N01144338EA013240149400000261980487
B1128224548196N01144334EA013250149500000272080487
B1128234548193N01144331EA013260149600000272180487
B1128244548191N01144327EA013280149800000202300487
B1128254548191N01144323EA013290149800000202420487
B1128264548191N01144318EA013290149900000232560487
B1128274548191N01144313EA013300149900000232700450
B1128284548189N01144308EA013310150100000242540450
B1128294548186N01144304EA013320150100000242380450
B1128304548182N01144302EA013320150100000332170450
B1128314548176N01144301EA013310149900000331960450
B1128324548171N01144301EA013300149800000351840450
B1128334548166N01144303EA013300149700000351720450
B1128344548162N01144305EA013290149700000311660450
B1128354548157N01144307EA013280149600000311600435
B1128364548152N01144308EA013270149400000361640435
B1128374548146N01144310EA013260149300000361680435
B1128384548141N01144310EA013250149200000311710435
B1128394548137N01144310EA013250149200000311740435
B1128404548133N01144309EA013250149200000251870435
B1128414548130N01144307EA013250149100000252000435
B1128424548126N01144304EA013240148900000292010435
B1128434548122N01144302EA013220148800000292020435
B1128444548117N01144300EA013210148700000321960435
B1128454548112N01144299EA013200148700000321900435
B1128464548108N01144299EA013200148700000281850418
B1128474548103N01144300EA013200148700000281800418
B1128484548099N01144302EA013200148600000311680418
B1128494548095N01144306EA013190148500000311560418
B1128504548090N01144310EA013180148300000381560418
B1128514548086N01144316EA013160148200000401400476
B1128554548065N01144339EA013070147400000441420476
B1128564548061N01144346EA013060147300000421340476
B1128574548058N01144354EA013050147200000421260444
B1128584548055N01144362EA013040147100000411220444
B1128594548052N01144369EA013020146900000411180483
B1129004548049N01144377EA013010146800000411170483
B1129014548047N01144386EA013000146600000421160483
B1129024548045N01144395EA012980146500000441100483
B1129034548043N01144405EA012960146300000461040483
B1129044548041N01144414EA012940146100000461020526
B1129054548039N01144424EA012930145900000441040526
B1129064548037N01144432EA012920145800000421050526
B1129074548035N01144441EA012910145600000421060526
B1129084548033N01144449EA012890145500000411080526
B1129094548031N01144458EA012880145300000421100526
B1129104548029N01144467EA012860145100000441080538
B1129114548027N01144476EA012840144800000451040538
B1129124548024N01144485EA012820144600000461060538
B1129134548022N01144494EA012800144500000441100538
B1129144548018N01144502EA012790144500000411140538
B1129154548016N01144510EA012790144500000411180538
B1129164548013N01144517EA012790144400000381180521
B1129174548010N01144524EA012780144300000381180521
B1129184548006N01144532EA012770144200000411180471
B1129194548002N01144539EA012750144100000411240471
B1129204547999N01144545EA012750144000000361270471
B1129214547996N01144550EA012750144100000361300471
B1129224547993N01144554EA012760144100000261330471
B1129234547990N01144558EA012760144100000261360471
B1129244547986N01144561EA012760144000000271430471
B1129254547982N01144563EA012740143800000271500459
B1129264547978N01144566EA012730143700000311550459
B1129274547973N01144568EA012710143500000311600459
B1129284547968N01144569EA012700143400000311620459
B1129294547964N01144571EA012690143300000311640459
B1129304547959N01144573EA012680143300000321620419
B1129314547954N01144576EA012670143200000321600419
B1129324547949N01144578EA012650143100000351600419
B1129334547945N01144581EA012640143000000351600419
B1129344547940N01144583EA012640142900000321600419
B1129354547935N01144586EA012640142900000321600419
B1129364547931N01144589EA012630142900000331550419
B1129374547927N01144593EA012630142800000331500419
B1129384547922N01144596EA012630142700000341510419
B1129394547917N01144599EA012620142600000341520419
B1129404547913N01144601EA012610142600000341560419
B1129414547908N01144604EA012600142500000341600376
B1129424547903N01144606EA012600142500000321600376
B1129434547899N01144608EA012600142500000321600376
B1129444547894N01144611EA012600142500000311590376
B1129454547890N01144613EA012600142500000311580348
B1129464547885N01144616EA012590142400000341560348
B1129474547881N01144620EA012580142300000341540348
B1129484547876N01144623EA012580142300000331530348
B1129494547871N01144626EA012580142300000331520348
B1129504547867N01144629EA012570142200000341530348
B1129514547862N01144632EA012570142200000341540348
B1129524547857N01144634EA012570142200000341570300
B1129534547852N01144636EA012570142200000341600300
B1129544547848N01144638EA012570142200000321610300
B1129554547843N01144640EA012570142300000321620300
B1129564547839N01144642EA012580142300000301620300
B1129574547834N01144644EA012590142400000301620300
B1129584547830N01144646EA012600142500000271610300
B1129594547827N01144648EA012610142700000271600300
B1130004547823N01144651EA012620142800000281570300
B1130014547819N01144653EA012630142800000281540300
B1130024547814N01144655EA012630142800000301570300
B1130034547810N01144657EA012630142800000301600235
B1130044547805N01144660EA012620142800000331600235
B1130054547800N01144662EA012620142800000331600235
B1130064547795N01144665EA012610142700000371590219
B1130074547790N01144668EA012610142700000371580219
B1130084547785N01144670EA012610142700000341590219
B1130094547780N01144672EA012620142800000341600219
B1130104547775N01144674EA012620142800000321620219
B1130114547771N01144676EA012630142900000321640219
B1130124547766N01144678EA012630142900000301650219
B1130134547762N01144679EA012630142900000301660219
B1130144547757N01144680EA012630142800000311690179
B1130154547752N01144681EA012620142700000311720179
B1130164547747N01144682EA012610142600000341720179
B1130174547742N01144683EA012600142500000341720179
B1130184547737N01144683EA012600142500000331720179
B1130194547732N01144684EA012600142500000331720179
B1130204547727N01144685EA012590142400000321740179
B1130214547722N01144685EA012590142400000321760179
B1130224547717N01144685EA012580142300000331760179
B1130234547712N01144685EA012580142300000331760179
B1130244547707N01144686EA012570142200000331740160
B1130254547703N01144687EA012570142200000331720160
B1130264547698N01144688EA012570142100000301710160
B1130274547693N01144689EA012560142100000301700160
B1130284547689N01144691EA012560142000000321680160
B1130294547684N01144693EA012550141900000321660160
B1130304547679N01144695EA012540141900000331640160
B1130314547674N01144697EA012540141800000331620160
B1130324547670N01144698EA012540141800000301640160
B1130334547666N01144699EA012540141800000301660160
B1130344547661N01144700EA012540141800000271700160
B1130354547657N01144701EA012540141800000271740166
B1130364547653N01144701EA012530141700000311730166
B1130374547648N01144702EA012520141500000311720166
B1130384547643N01144704EA012500141400000351710166
B1130394547637N01144705EA012490141200000351700166
B1130404547632N01144706EA012470141100000381710166
B1130414547626N01144707EA012460141000000381720166
B1130424547621N01144708EA012450141000000321710166
B1130434547616N01144709EA012450141000000321700166
B1130444547612N01144709EA012450140900000311740166
B1130454547607N01144709EA012440140800000311780159
B1130464547601N01144709EA012420140500000341800159
B1130474547596N01144709EA012400140300000341820159
B1130484547590N01144709EA012370140000000391810159
B1130494547584N01144708EA012360139900000391800159
B1130504547579N01144707EA012350139800000351850159
B1130514547574N01144705EA012350139900000351900159
B1130524547569N01144702EA012340139800000351940159
B1130534547564N01144700EA012340139800000351980159
B1130544547558N01144698EA012330139700000351950159
B1130554547553N01144696EA012330139700000351920159
B1130564547548N01144695EA012320139600000331920159
B1130574547544N01144693EA012320139500000331920159
B1130584547538N01144690EA012300139400000361940159
B1130594547533N01144688EA012280139200000361960159
B1131004547527N01144686EA012270139000000381950159
B1131014547522N01144683EA012260139000000381940159
B1131024547517N01144681EA012250138900000361950159
B1131034547511N01144679EA012250138800000361960159
B1131044547506N01144677EA012240138700000351950158
B1131054547501N01144675EA012230138600000351940158
B1131064547496N01144673EA012220138500000361930158
B1131074547490N01144671EA012210138300000361920158
B1131084547485N01144670EA012200138300000361890158
B1131094547479N01144669EA012190138100000361860158
B1131104547474N01144668EA012180138000000381860158
B1131114547468N01144667EA012160137900000381860158
B1131124547462N01144666EA012150137800000401860158
B1131134547456N01144665EA012150137800000401860154
B1131144547450N01144664EA012140137800000361860154
B1131154547445N01144663EA012150137800000361860154
B1131164547440N01144663EA012150137800000341850154
B1131174547434N01144662EA012140137700000341840150
B1131184547429N01144662EA012130137600000401820150
B1131194547422N01144662EA012120137500000401800150
B1131204547416N01144662EA012110137500000401800150
B1131214547410N01144662EA012110137500000381780150
B1131224547405N01144661EA012120137600000371820150
B1131234547399N01144660EA012120137600000371860150
B1131244547394N01144661EA012120137600000351810150
B1131254547389N01144661EA012120137700000351760150
B1131264547384N01144662EA012120137600000341760150
B1131274547378N01144662EA012130137600000341760150
B1131284547373N01144661EA012130137600000351800150
B1131294547368N01144661EA012130137700000351840150
B1131304547363N01144660EA012130137700000331810150
B1131314547358N01144661EA012130137700000331780146
B1131324547353N01144661EA012130137800000331780146
B1131334547348N01144661EA012140137800000331780146
B1131344547343N01144660EA012140137800000321810146
B1131354547338N01144660EA012140137800000321840146
B1131364547332N01144660EA012140137800000361820146
B1131374547327N01144660EA012140137800000361800146
B1131384547321N01144659EA012130137700000381810146
B1131394547315N01144659EA012120137600000381820146
B1131404547309N01144659EA012110137500000421810144
B1131414547303N01144659EA012090137400000421800144
B1131424547296N01144660EA012080137300000431760144
B1131434547289N01144661EA012070137100000431720144
B1131444547283N01144663EA012050137100000451720149
B1131454547276N01144664EA012050137100000431700149
B1131464547270N01144665EA012040137100000411720149
B1131474547264N01144666EA012040137100000411740149
B1131484547258N01144667EA012040137000000421710148
B1131494547251N01144669EA012040136900000421680148
B1131504547245N01144671EA012040136900000401680148
B1131514547239N01144672EA012050137000000401680148
B1131524547234N01144673EA012060137100000371700148
B1131534547228N01144674EA012070137300000371720148
B1131544547223N01144675EA012080137400000341740148
B1131554547218N01144675EA012100137500000341760148
B1131564547213N01144675EA012110137700000291750148
B1131574547209N01144677EA012130137900000291740145
B1131584547206N01144680EA012160138200000251590145
B1131594547203N01144684EA012190138400000251440145
B1132004547201N01144689EA012210138600000311310145
B1132014547198N01144696EA012220138700000311180145
B1132024547196N01144704EA012230138800000381130145
B1132034547196N01144712EA012250139100000381080145
B1132044547197N01144719EA012270139400000390840149
B1132054547202N01144726EA012290139500000390600149
B1132064547209N01144731EA012300139600000500410149
B1132074547216N01144735EA012310139700000500220148
B1132084547223N01144739EA012320139900000500240148
B1132094547229N01144744EA012340140200000500260148
B1132104547235N01144749EA012370140500000440260148
B1132114547241N01144752EA012400140800000440260148
B1132124547246N01144755EA012440141200000380210148
B1132134547252N01144758EA012470141400000380160148
B1132144547257N01144761EA012490141600000400180148
B1132154547263N01144765EA012500141600000400200148
B1132164547270N01144769EA012500141600000500230148
B1132174547277N01144774EA012490141600000500260148
B1132184547284N01144780EA012490141600000530270148
B1132194547291N01144786EA012480141600000530280148
B1132204547297N01144792EA012480141600000530300148
B1132214547304N01144798EA012490141700000530320148
B1132224547311N01144804EA012490141800000540300151
B1132234547319N01144810EA012490141800000590280151
B1132244547327N01144816EA012480141700000620260149
B1132254547336N01144821EA012480141700000630240149
B1132264547345N01144827EA012470141600000640220149
B1132274547353N01144833EA012460141600000650240149
B1132284547362N01144839EA012450141500000650240149
B1132294547371N01144845EA012450141500000640240149
B1132304547380N01144851EA012450141500000640260149
B1132314547388N01144857EA012450141400000660260149
B1132324547398N01144864EA012440141400000670260154
B1132334547407N01144870EA012430141400000660260154
B1132344547416N01144876EA012430141400000650240157
B1132354547424N01144882EA012430141300000640240157
B1132364547433N01144889EA012430141300000650260157
B1132374547442N01144896EA012420141100000650260157
B1132384547450N01144903EA012400140900000650280157
B1132394547458N01144910EA012390140700000640300157
B1132404547467N01144917EA012370140400000640300159
B1132414547475N01144924EA012350140200000640300159
B1132424547484N01144930EA012320139900000650260159
B1132434547493N01144937EA012290139500000670260159
B1132444547502N01144943EA012250139100000690260159
B1132454547512N01144950EA012210138700000700260155
B1132464547521N01144957EA012180138400000670260155
B1132474547529N01144964EA012150138200000640280160
B1132484547538N01144970EA012130138000000610260160
B1132494547546N01144975EA012110137800000590260160
B1132504547554N01144980EA012090137600000580240160
B1132514547562N01144986EA012070137400000570240157
B1132524547570N01144991EA012060137100000570240157
B1132534547577N01144996EA012040136800000570240157
B1132544547586N01145002EA012010136500000610240157
B1132554547594N01145008EA011980136200000640260157
B1132564547603N01145014EA011940135900000660260159
B1132574547612N01145020EA011910135600000650240161
B1132584547621N01145025EA011890135300000640220161
B1132594547630N01145030EA011860135100000640200161
B1133004547639N01145036EA011840134900000640220161
B1133014547648N01145041EA011820134700000650220161
B1133024547657N01145047EA011800134400000670240161
B1133034547666N01145053EA011770134100000690220161
B1133044547676N01145059EA011750133900000690220161
B1133054547685N01145065EA011720133700000680220162
B1133064547694N01145071EA011710133600000660220162
B1133074547703N01145077EA011690133500000650240162
B1133084547712N01145083EA011680133400000630260160
B1133094547720N01145089EA011680133400000610260160
B1133104547728N01145094EA011680133300000600260160
B1133114547736N01145100EA011670133300000600240160
B1133124547745N01145105EA011660133200000610240160
B1133134547753N01145111EA011640133000000610240160
B1133144547761N01145117EA011630132900000600260172
B1133154547769N01145123EA011620132700000600240172
B1133164547778N01145128EA011610132600000600240172
B1133174547786N01145134EA011590132400000590260172
B1133184547793N01145140EA011580132300000590270172
B1133194547801N01145147EA011560132100000590280172
B1133204547809N01145153EA011550131900000600280172
B1133214547817N01145160EA011520131700000600300178
B1133224547824N01145166EA011500131500000600300175
B1133234547832N01145173EA011490131400000590300175
B1133244547840N01145179EA011480131300000570280175
B1133254547847N01145185EA011480131200000570280175
B1133264547855N01145190EA011470131100000550280175
B1133274547862N01145196EA011460131000000550260181
B1133284547870N01145201EA011440130800000560260181
B1133294547877N01145206EA011420130500000560260181
B1133304547885N01145212EA011400130300000590240181
B1133314547894N01145217EA011370130000000620240186
B1133324547903N01145222EA011350129800000640220186
B1133334547911N01145227EA011340129800000620200188
B1133344547919N01145233EA011330129900000590220188
B1133354547927N01145239EA011340130000000560260188
B1133364547934N01145245EA011350130000000540270188
B1133374547942N01145250EA011350130100000540280188
B1133384547949N01145255EA011350130000000550260188
B1133394547957N01145260EA011340129800000570240188
B1133404547965N01145265EA011320129600000580240196
B1133414547973N01145270EA011300129300000590240196
B1133424547981N01145275EA011280129100000590220196
B1133434547990N01145280EA011250128900000590220196
B1133444547998N01145285EA011240128700000590220196
B1133454548006N01145289EA011230128600000560220196
B1133464548014N01145293EA011230128600000540200197
B1133474548022N01145297EA011220128500000550180197
B1133484548030N01145302EA011210128300000580180197
B1133494548038N01145306EA011190128100000590200197
B1133504548046N01145311EA011160127900000600200197
B1133514548054N01145316EA011140127700000590220195
B1133524548063N01145321EA011120127500000580220190
B1133534548070N01145327EA011100127300000580220190
B1133544548078N01145332EA011090127100000570240190
B1133554548086N01145338EA011070126900000570260190
B1133564548094N01145344EA011050126600000590260190
B1133574548102N01145350EA011020126300000610260190
B1133584548110N01145356EA010980125900000630260193
B1133594548119N01145362EA010950125600000640260193
B1134004548127N01145369EA010920125400000640280191
B1134014548135N01145376EA010900125100000630280191
B1134024548144N01145382EA010880124900000630280191
B1134034548152N01145389EA010860124800000640280191
B1134044548160N01145395EA010840124700000620280197
B1134054548168N01145402EA010830124600000580300197
B1134064548175N01145408EA010830124500000550310197
B1134074548182N01145415EA010830124400000550320193
B1134084548190N01145421EA010820124100000550300193
B1134094548197N01145426EA010790123800000550280193
B1134104548205N01145431EA010750123400000580240193
B1134114548213N01145437EA010710122900000600240193
B1134124548221N01145442EA010670122500000620240193
B1134134548230N01145448EA010620122000000640240193
B1134144548239N01145455EA010580121500000660260193
B1134154548248N01145461EA010530121100000660260193
B1134164548257N01145467EA010500120800000650260194
B1134174548265N01145473EA010460120500000640260196
B1134184548274N01145479EA010440120200000620260196
B1134194548282N01145485EA010420120000000610240196
B1134204548291N01145491EA010390119600000610240196
B1134214548299N01145497EA010360119300000620260196
B1134224548307N01145502EA010320118900000620240196
B1134234548316N01145508EA010290118600000630240204
B1134244548325N01145513EA010250118300000640220203
B1134254548333N01145519EA010220118100000610240203
B1134264548341N01145525EA010200117900000580260203
B1134274548349N01145530EA010200117800000550260203
B1134284548356N01145535EA010190117700000530240203
B1134294548363N01145540EA010180117600000530220208
B1134304548370N01145545EA010170117300000520260208
B1134314548377N01145552EA010150117100000520300208
B1134324548384N01145559EA010110116700000580330208
B1134334548391N01145566EA010080116300000580360207
B1134344548399N01145572EA010050116000000560320207
B1134354548406N01145577EA010020115700000560260207
B1134364548414N01145580EA009990115400000550200215
B1134374548422N01145584EA009960115100000550160215
B1134384548430N01145589EA009930114900000560200215
B1134394548438N01145593EA009910114600000570200215
B1134404548446N01145597EA009880114400000570200215
B1134414548454N01145600EA009860114200000560160215
B1134424548462N01145604EA009840114100000540160215
B1134434548469N01145609EA009830113900000540200215
B1134444548477N01145614EA009810113700000530220211
B1134454548484N01145619EA009790113500000530240211
B1134494548515N01145639EA009710112700000570240214
B1134514548530N01145650EA009680112400000530280214
B1134524548537N01145655EA009670112200000520280214
B1134534548544N01145661EA009660112000000520280214
B1134544548551N01145666EA009640111700000540280211
B1134554548559N01145671EA009620111500000550260211
B1134564548566N01145677EA009600111400000540250218
B1134574548573N01145681EA009580111300000540240218
B1134584548581N01145686EA009570111100000540220218
B1134594548589N01145690EA009550110900000540220218
B1135004548596N01145695EA009540110800000540220218
B1135014548604N01145699EA009520110600000550220218
B1135024548611N01145704EA009500110400000550210256
B1135034548619N01145708EA009480110200000550200256
B1135044548627N01145712EA009470110000000560200255
B1135054548635N01145716EA009450109800000550200255
B1135064548642N01145720EA009430109700000520190255
B1135074548650N01145724EA009430109600000500180255
B1135084548657N01145727EA009420109600000490170255
B1135094548664N01145730EA009410109400000490160323
B1135104548671N01145733EA009390109200000500170323
B1135114548678N01145737EA009370109000000500180323
B1135124548686N01145741EA009350108800000530200323
B1135134548693N01145746EA009320108500000530220323
B1135144548700N01145751EA009300108300000530240323
B1135154548708N01145756EA009280108100000530260323
B1135164548715N01145761EA009260107900000550240381
B1135174548723N01145765EA009230107600000560220360
B1135184548731N01145769EA009210107400000550200360
B1135194548738N01145774EA009190107300000550200360
B1135204548746N01145778EA009190107200000520200360
B1135214548753N01145782EA009170107000000520220360
B1135224548761N01145787EA009150106800000550220410
B1135234548768N01145792EA009130106600000550220410
B1135244548776N01145797EA009110106500000550240410
B1135254548783N01145802EA009100106300000550260410
B1135264548790N01145807EA009080106200000530250410
B1135274548797N01145812EA009070106000000530240382
B1135284548804N01145817EA009060105900000500250382
B1135294548811N01145822EA009050105800000500260438
B1135304548818N01145828EA009030105600000520280438
B1135314548825N01145834EA009010105300000520300438
B1135324548832N01145840EA008990105100000540290438
B1135334548839N01145846EA008970104900000540280438
B1135344548846N01145851EA008950104700000540270438
B1135354548853N01145856EA008940104600000540260438
B1135364548859N01145861EA008940104600000460280438
B1135374548865N01145867EA008940104600000460300463
B1135384548870N01145872EA008940104400000420320463
B1135394548876N01145877EA008930104200000420340463
B1135404548882N01145883EA008900103900000490310463
B1135414548889N01145888EA008880103700000490280463
B1135424548895N01145893EA008860103500000480280463
B1135434548901N01145898EA008840103400000480280463
B1135444548907N01145903EA008830103200000460290463
B1135454548913N01145908EA008810103000000460300492
B1135464548920N01145913EA008790102800000490280472
B1135474548926N01145918EA008770102600000490260472
B1135484548933N01145923EA008750102400000490270472
B1135494548939N01145928EA008730102100000490280472
B1135504548946N01145934EA008710101900000520300472
B1135514548952N01145941EA008690101800000520340472
B1135524548958N01145947EA008680101800000510330472
B1135534548965N01145953EA008670101700000510320532
B1135544548972N01145959EA008660101600000540320532
B1135554548979N01145966EA008640101400000540320530
B1135564548986N01145973EA008620101300000590330530
B1135574548993N01145981EA008610101200000590340530
B1135584549000N01145988EA008600101100000560350530
B1135594549006N01145995EA008600101100000560360530
B1136004549012N01146003EA008590101100000540400593
B1136014549018N01146011EA008590101100000540440593
B1136024549024N01146019EA008590101000000540420590
B1136034549030N01146026EA008600101100000540400590
B1136044549036N01146032EA008620101400000450370590
B1136054549041N01146037EA008650101700000450340590
B1136064549046N01146041EA008680101900000370330590
B1136074549050N01146046EA008710102200000370320590
B1136084549055N01146050EA008730102300000360320590
B1136094549059N01146055EA008740102400000360320590
B1136104549064N01146059EA008750102400000410320643
B1136114549070N01146065EA008740102400000410320631
B1136124549075N01146071EA008740102400000430360631
B1136134549080N01146078EA008740102400000430400631
B1136144549084N01146085EA008740102400000460440631
B1136154549088N01146093EA008740102300000460480631
B1136164549092N01146102EA008730102300000480540631
B1136174549095N01146112EA008730102400000500620598
B1136184549097N01146122EA008730102400000510680598
B1136194549100N01146132EA008740102600000500680598
B1136204549103N01146141EA008750102800000490660598
B1136214549106N01146151EA008760102900000480640598
B1136224549108N01146161EA008780103100000470660598
B1136234549110N01146170EA008790103200000450740600
B1136244549112N01146179EA008820103400000410760600
B1136254549114N01146187EA008850103800000410720600
B1136264549116N01146194EA008890104000000370660600
B1136274549119N01146201EA008920104300000370600600
B1136284549122N01146207EA008940104500000360580600
B1136294549125N01146214EA008960104500000360560579
B1136304549129N01146221EA008960104500000430530579
B1136314549134N01146229EA008950104500000430500579
B1136324549139N01146236EA008950104400000500460579
B1136334549145N01146243EA008940104400000500420579
B1136344549151N01146251EA008930104400000520410579
B1136354549157N01146258EA008920104400000520400579
B1136364549163N01146266EA008920104300000530410569
B1136374549169N01146274EA008910104300000530420569
B1136384549174N01146282EA008900104200000540440569
B1136394549180N01146291EA008890104100000560460569
B1136404549186N01146300EA008880104000000590440569
B1136414549193N01146308EA008870104000000590420569
B1136424549199N01146316EA008880104100000560400520
B1136434549206N01146323EA008890104200000560380520
B1136444549212N01146330EA008900104400000530370577
B1136454549219N01146337EA008910104400000530360577
B1136464549225N01146344EA008910104400000540360577
B1136474549232N01146351EA008920104500000540360577
B1136484549238N01146357EA008920104500000520360577
B1136494549244N01146364EA008920104400000520360556
B1136504549251N01146372EA008920104400000550360556
B1136514549258N01146379EA008920104400000550360556
B1136524549265N01146387EA008910104300000600360604
B1136534549273N01146395EA008900104200000620360604
B1136544549280N01146403EA008890104100000640370604
B1136554549288N01146412EA008880104100000640380573
B1136564549295N01146420EA008880104100000640370573
B1136574549303N01146428EA008880104100000630360573
B1136584549310N01146437EA008890104300000590380622
B1136594549316N01146444EA008930104600000590400622
B1137004549321N01146451EA008970105000000440410622
B1137014549326N01146457EA009010105400000440420622
B1137024549330N01146462EA009050105700000390390611
B1137034549335N01146468EA009080105900000390360611
B1137044549341N01146474EA009090105900000480370611
B1137054549347N01146481EA009090105900000480380611
B1137064549354N01146489EA009080105800000600370611
B1137074549362N01146497EA009070105800000630360649
B1137084549369N01146506EA009060105900000660360649
B1137094549377N01146514EA009050105900000660360621
B1137104549384N01146524EA009050105900000640380621
B1137114549391N01146533EA009050106000000610420621
B1137124549397N01146543EA009050105900000600460621
B1137134549403N01146552EA009030105800000570480621
B1137144549409N01146560EA009020105700000530430605
B1137154549416N01146566EA009020105500000530380557
B1137164549422N01146571EA009010105300000490320557
B1137174549429N01146576EA008990105000000490260557
B1137184549436N01146581EA008960104600000530260557
B1137194549444N01146587EA008920104200000560260557
B1137204549451N01146594EA008880103800000580290557
B1137214549459N01146601EA008840103400000600320549
B1137224549466N01146607EA008800103100000590320549
B1137234549473N01146614EA008780102900000590320507
B1137244549480N01146620EA008760102700000540310507
B1137254549487N01146626EA008740102500000540300507
B1137264549495N01146632EA008710102100000560280507
B1137274549502N01146638EA008680101800000560280507
B1137284549509N01146644EA008650101700000540320541
B1137294549514N01146651EA008660101800000540360541
B1137304549519N01146656EA008680102000000380370541
B1137314549523N01146661EA008690102100000380380541
B1137324549528N01146666EA008700102200000360370564
B1137334549533N01146671EA008690102000000360360564
B1137344549539N01146677EA008670101700000480340564
B1137354549545N01146683EA008640101300000480320564
B1137364549553N01146688EA008600101000000560280564
B1137374549560N01146695EA008570100700000560280640
B1137384549568N01146701EA008540100500000580300640
B1137394549575N01146706EA008520100300000580280640
B1137404549584N01146711EA008500100100000600240640
B1137414549592N01146716EA008480100000000610220666
B1137424549601N01146721EA008460099800000600200666
B1137434549609N01146726EA008450099700000600200708
B1137444549617N01146731EA008430099600000600220708
B1137454549626N01146737EA008420099400000610220708
B1137464549634N01146742EA008410099300000620240708
B1137474549643N01146748EA008400099200000610240708
B1137484549650N01146754EA008390099200000590250708
B1137494549658N01146759EA008390099300000570260708
B1137504549666N01146763EA008410099300000550220782
B1137514549674N01146766EA008420099400000530160782
B1137524549682N01146769EA008430099400000540140782
B1137534549690N01146773EA008420099300000570160782
B1137544549698N01146778EA008410099100000600200782
B1137554549707N01146784EA008390099000000610220782
B1137564549715N01146789EA008380098900000600220821
B1137574549723N01146793EA008370098800000590220821
B1137584549732N01146797EA008370098800000580200821
B1137594549740N01146801EA008360098800000560180821
B1138004549747N01146804EA008360098800000530170821
B1138014549755N01146808EA008370098800000530160821
B1138024549762N01146811EA008380099000000520160909
B1138034549770N01146814EA008400099200000480160909
B1138044549776N01146817EA008440099500000440140909
B1138054549783N01146819EA008460099800000440120909
B1138064549790N01146821EA008480099900000470110909
B1138074549797N01146822EA008490100000000470100909
B1138084549804N01146824EA008500100000000480100909
B1138094549811N01146826EA008520100200000480100970
B1138104549817N01146829EA008550100600000390150970
B1138114549822N01146832EA008580100900000390200970
B1138124549827N01146834EA008610101200000360180970
B1138134549833N01146836EA008630101300000360160970
B1138144549839N01146839EA008640101500000410140970
B1138154549845N01146842EA008650101500000410120970
B1138164549852N01146847EA008660101700000510210970
B1138174549858N01146853EA008680101900000510300970
B1138184549863N01146858EA008700102200000390331005
B1138194549867N01146862EA008740102600000390361004
B1138204549871N01146867EA008770102800000320371004
B1138214549875N01146871EA008780102900000320381004
B1138224549880N01146877EA008780102900000410371004
B1138234549886N01146882EA008770102700000410361004
B1138244549892N01146888EA008760102600000510341004
B1138254549898N01146894EA008750102500000510321004
B1138264549905N01146898EA008760102700000450271004
B1138274549911N01146901EA008770102900000450221041
B1138284549916N01146904EA008790103100000390211041
B1138294549922N01146907EA008810103200000390201041
B1138304549928N01146910EA008810103200000430191041
B1138314549934N01146913EA008810103100000430181011
B1138324549940N01146916EA008820103200000410181011
B1138334549945N01146921EA008820103200000390221011
B1138344549950N01146926EA008830103200000370311011
B1138354549954N01146931EA008830103200000370401011
B1138364549958N01146937EA008830103300000370421011
B1138374549962N01146943EA008840103300000370441047
B1138384549966N01146948EA008840103300000350431047
B1138394549969N01146953EA008840103400000350421047
B1138404549973N01146958EA008850103400000330431047
B1138414549976N01146963EA008850103400000330441025
B1138424549980N01146969EA008850103300000340471025
B1138434549983N01146975EA008850103200000340501025
B1138444549986N01146981EA008850103200000350511025
B1138454549989N01146987EA008850103200000350521025
B1138464549992N01146993EA008850103200000340531025
B1138474549995N01146999EA008850103300000340541025
B1138484549998N01147005EA008850103300000340521025
B1138494550002N01147011EA008850103200000340501003
B1138504550005N01147016EA008850103200000350491003
B1138514550008N01147022EA008860103100000350481003
B1138524550010N01147028EA008860103100000300571039
B1138534550012N01147034EA008860103000000300661039
B1138544550014N01147041EA008850102900000360641039
B1138554550017N01147049EA008840102800000360621039
B1138564550022N01147056EA008820102700000450561039
B1138574550026N01147063EA008820102600000450501017
B1138584550030N01147070EA008820102700000420491017
B1138594550034N01147077EA008830102800000420481017
B1139004550038N01147084EA008840102900000390481017
B1139014550042N01147090EA008850103000000390481017
B1139024550047N01147095EA008850103100000380431017
B1139034550051N01147100EA008870103200000380381017
B1139044550056N01147104EA008880103300000330361017
B1139054550060N01147108EA008900103400000330341053
B1139064550064N01147113EA008900103400000350381029
B1139074550067N01147120EA008890103200000350421029
B1139084550071N01147127EA008880103100000450481029
B1139094550075N01147135EA008870103000000450541029
B1139104550079N01147143EA008870103200000420531029
B1139114550082N01147149EA008900103700000420521029
B1139124550085N01147153EA008950104300000230471029
B1139134550087N01147156EA008990104600000230421029
B1139144550089N01147159EA009030104900000180481029
B1139154550091N01147164EA009050105000000180541003
B1139164550093N01147169EA009060105100000310521003
B1139174550097N01147174EA009060105200000310501003
B1139184550101N01147177EA009080105400000310391003
B1139194550105N01147180EA009090105600000310281003
B1139204550110N01147183EA009100105600000330261034
B1139214550115N01147187EA009100105600000330241034
B1139224550120N01147191EA009090105500000430281034
B1139234550126N01147197EA009090105500000430321034
B1139244550131N01147203EA009100105700000410351034
B1139254550135N01147208EA009110105900000410381034
B1139264550140N01147211EA009130106100000320331012
B1139274550144N01147214EA009160106300000320281012
B1139284550148N01147216EA009180106400000290231012
B1139294550152N01147219EA009180106400000290181012
B1139304550157N01147223EA009170106100000370251012
B1139314550161N01147228EA009150105900000370321051
B1139324550166N01147233EA009130105700000380361051
B1139334550170N01147238EA009110105700000380401051
B1139344550175N01147244EA009100105600000380381051
B1139354550179N01147249EA009090105400000380401051
B1139364550183N01147256EA009070105200000410441051
B1139374550187N01147263EA009050105000000410481030
B1139384550189N01147271EA009030104900000410571030
B1139394550191N01147280EA009020104700000420661030
B1139404550192N01147289EA009010104700000430781030
B1139414550192N01147298EA009000104700000400861030
B1139424550191N01147305EA009010104900000350901030
B1139434550191N01147313EA009030105100000350941004
B1139444550190N01147319EA009040105200000300921004
B1139454550191N01147326EA009050105200000300901004
B1139464550191N01147333EA009040105000000340861004
B1139474550193N01147341EA009030104700000340821004
B1139484550194N01147349EA009000104500000420771004
B1139494550197N01147358EA008980104400000440721004
B1139504550200N01147366EA008960104300000450650982
B1139514550203N01147374EA008970104400000450580982
B1139524550208N01147381EA008970104500000420520982
B1139534550212N01147387EA008980104600000420461033
B1139544550217N01147394EA008990104700000410441033
B1139554550221N01147400EA009000104800000410421033
B1139564550225N01147407EA009010104900000400471033
B1139574550228N01147414EA009020104900000400521013
B1139584550232N01147421EA009030105000000410551013
B1139594550235N01147429EA009040105200000410581013
B1140004550239N01147437EA009050105300000430591013
B1140014550242N01147445EA009070105400000430601013
B1140024550244N01147451EA009080105500000350591013
B1140034550247N01147458EA009090105500000350581013
B1140044550251N01147465EA009090105400000400560990
B1140054550255N01147473EA009070105200000400540990
B1140064550259N01147482EA009040104900000510561040
B1140074550262N01147491EA009030104700000490581040
B1140084550267N01147499EA009030104800000430541040
B1140094550271N01147506EA009040104900000430501040
B1140104550275N01147512EA009050104900000370461011
B1140114550279N01147517EA009050104900000370421011
B1140124550284N01147524EA009030104600000440431011
B1140134550289N01147531EA009010104300000440441011
B1140144550294N01147539EA008980104000000520461011
B1140154550299N01147547EA008960103900000520441011
B1140164550304N01147555EA008950104000000470441011
B1140174550309N01147562EA008960104200000470441036
B1140184550314N01147568EA008970104300000420431036
B1140194550319N01147574EA008990104500000420421036
B1140204550324N01147580EA008990104500000430391036
B1140214550329N01147586EA008990104400000430361036
B1140224550334N01147592EA008980104200000450371036
B1140234550340N01147599EA008970104100000450381036
B1140244550345N01147607EA008950104000000520431036
B1140254550349N01147615EA008940104000000520481019
B1140264550353N01147621EA008960104100000350481019
B1140274550356N01147626EA008980104200000350481019
B1140284550359N01147632EA008990104200000300531050
B1140294550361N01147639EA008970103900000300581050
B1140304550364N01147647EA008950103500000420601050
B1140314550367N01147655EA008920103200000420621050
B1140324550370N01147664EA008890102900000480621028
B1140334550373N01147673EA008870102700000480601028
B1140344550376N01147683EA008850102500000490641028
B1140354550378N01147693EA008830102400000500681028
B1140364550381N01147704EA008820102400000530721028
B1140374550385N01147713EA008820102500000480661006
B1140384550389N01147720EA008840102700000380551006
B1140394550393N01147725EA008860102900000380441006
B1140404550395N01147732EA008870102900000330571006
B1140414550395N01147740EA008860102700000330701006
B1140424550393N01147748EA008840102400000400901006
B1140434550390N01147755EA008810102200000401101006
B1140444550386N01147762EA008800102200000411210993
B1140454550382N01147768EA008790102300000411320993
B1140464550380N01147774EA008810102600000291250993
B1140474550378N01147779EA008840103000000291180993
B1140484550376N01147783EA008870103300000171220993
B1140494550374N01147784EA008910103600000171260993
B1140504550372N01147784EA008940103800000171600993
B1140514550369N01147781EA008950104000000171940993
B1140524550367N01147776EA008960104100000292180993
B1140534550366N01147769EA008970104200000292420993
B1140544550367N01147763EA008990104400000312630993
B1140554550369N01147757EA009020104800000312841006
B1140564550371N01147753EA009050105000000272981006
B1140574550374N01147749EA009070105200000273121006
B1140584550378N01147745EA009080105400000303191006
B1140594550383N01147741EA009090105400000303261006
B1141004550389N01147737EA009090105500000463311006
B1141014550395N01147734EA009110105600000463361006
B1141024550401N01147733EA009130105900000403461006
B1141034550407N01147735EA009140106100000403561006
B1141044550413N01147741EA009140106100000440181062
B1141054550416N01147748EA009150106100000440401062
B1141064550417N01147755EA009160106300000330631062
B1141074550416N01147761EA009170106400000330861034
B1141084550414N01147765EA009190106600000201041034
B1141094550412N01147768EA009210106900000201221034
B1141104550410N01147770EA009230107000000191341034
B1141114550408N01147772EA009240107100000191461034
B1141124550404N01147773EA009260107200000211590993
B1141134550401N01147772EA009270107300000211720993
B1141144550398N01147768EA009280107400000271720993
B1141154550396N01147763EA009290107600000302240993
B1141164550396N01147756EA009310107900000302491006
B1141174550398N01147750EA009330108100000302741006
B1141184550403N01147746EA009340108200000373031006
B1141194550409N01147744EA009350108300000373321062
B1141204550416N01147743EA009360108300000473451062
B1141214550423N01147743EA009370108400000473581062
B1141224550430N01147744EA009390108700000450021062
B1141234550436N01147747EA009410108900000450061062
B1141244550442N01147750EA009420109100000410151062
B1141254550447N01147755EA009450109300000410241062
B1141264550450N01147761EA009470109500000330441034
B1141274550451N01147768EA009480109700000330641034
B1141284550450N01147774EA009500109900000310801034
B1141294550449N01147780EA009520110200000310961034
B1141304550446N01147784EA009550110400000251201034
B1141314550443N01147784EA009560110600000251441034
B1141324550439N01147780EA009570110600000331831034
B1141334550436N01147773EA009570110700000332221034
B1141344550436N01147764EA009580110800000432501034
B1141354550439N01147755EA009590110900000472761062
B1141364550445N01147748EA009600111000000503001062
B1141374550452N01147745EA009620111200000503241062
B1141384550459N01147745EA009640111500000473441114
B1141394550465N01147748EA009660111700000470041114
B1141404550470N01147755EA009670111800000430271114
B1141414550472N01147763EA009680111900000430501077
B1141424550473N01147770EA009700112000000350711077
B1141434550471N01147777EA009720112200000350921077
B1141444550469N01147781EA009740112400000251151077
B1141454550465N01147782EA009760112600000251381077
B1141464550462N01147779EA009770112800000301791077
B1141474550459N01147772EA009790112800000302201077
B1141484550459N01147762EA009790112900000492481077
B1141494550463N01147753EA009800113000000532781114
B1141504550470N01147747EA009810113200000553071114
B1141514550478N01147747EA009820113400000533361114
B1141524550485N01147752EA009840113500000530061114
B1141534550489N01147761EA009850113600000490361077
B1141544550489N01147771EA009850113700000430661077
B1141554550486N01147777EA009870113800000430981077
B1141564550481N01147777EA009880114000000331451077
B1141574550477N01147772EA009900114100000331921077
B1141584550475N01147766EA009930114400000352221077
B1141594550474N01147759EA009960114800000352521114
B1142004550474N01147755EA010010115200000212591114
B1142014550474N01147749EA010050115500000212661114
B1142024550476N01147742EA010070115700000402761114
B1142034550479N01147732EA010070115700000532861114
B1142044550484N01147724EA010070115700000532981114
B1142054550490N01147717EA010100116100000533141114
B1142064550496N01147712EA010120116500000433251114
B1142074550501N01147710EA010170116900000433361122
B1142084550507N01147708EA010210117300000363421122
B1142094550513N01147707EA010240117600000363481164
B1142104550520N01147707EA010250117600000503551164
B1142114550528N01147708EA010240117600000550021164
B1142124550536N01147708EA010250117800000530041164
B1142134550544N01147707EA010270118000000473581164
B1142144550550N01147705EA010290118300000433521164
B1142154550556N01147704EA010320118600000433461164
B1142164550562N01147703EA010340119000000393521151
B1142174550568N01147704EA010360119200000393581151
B1142184550573N01147704EA010380119400000360001151
B1142194550579N01147704EA010410119600000360021151
B1142204550585N01147704EA010420119700000383571151
B1142214550591N01147703EA010420119600000383521151
B1142224550597N01147702EA010420119600000413531151
B1142234550603N01147701EA010420119600000413541151
B1142244550609N01147700EA010420119700000403541169
B1142254550615N01147700EA010420119800000403541169
B1142264550621N01147699EA010420119700000443551169
B1142274550628N01147699EA010420119800000443561169
B1142284550635N01147698EA010430120000000443551169
B1142294550641N01147698EA010450120300000443541169
B1142304550646N01147698EA010480120500000370001169
B1142314550652N01147700EA010500120700000370061169
B1142324550657N01147702EA010520120800000370111169
B1142334550663N01147704EA010530120900000370161215
B1142344550669N01147707EA010540120900000410151215
B1142354550675N01147709EA010550121100000410141215
B1142364550680N01147713EA010560121200000380191176
B1142374550685N01147716EA010570121300000380241176
B1142384550690N01147719EA010580121500000360241176
B1142394550695N01147723EA010590121500000360241176
B1142404550700N01147726EA010600121600000350271176
B1142414550704N01147731EA010600121600000350301176
B1142424550709N01147737EA010600121500000410371201
B1142434550713N01147743EA010590121500000410441201
B1142444550718N01147749EA010590121500000420381201
B1142454550723N01147754EA010600121600000420321201
B1142464550728N01147759EA010610121800000370341201
B1142474550732N01147763EA010640122100000370361167
B1142484550736N01147766EA010660122400000290281167
B1142494550740N01147767EA010700122600000290201167
B1142504550744N01147767EA010720122800000270091167
B1142514550749N01147767EA010730122800000273581167
B1142524550755N01147766EA010730122900000393581167
B1142534550761N01147766EA010740122900000393581143
B1142544550768N01147766EA010740122900000453581143
B1142554550775N01147766EA010740123000000453581143
B1142564550782N01147765EA010740123000000463561143
B1142574550789N01147764EA010750123200000463541143
B1142584550794N01147764EA010760123400000383561143
B1142594550800N01147765EA010790123700000383581143
B1143004550805N01147766EA010810123900000320021143
B1143014550810N01147767EA010820124000000320061155
B1143024550816N01147767EA010830124000000400051155
B1143034550822N01147768EA010820124000000400041155
B1143044550829N01147768EA010820123900000450021155
B1143054550836N01147769EA010820124000000450001155
B1143064550842N01147770EA010830124000000430031155
B1143074550849N01147771EA010830124000000430061155
B1143084550855N01147772EA010830124000000440051155
B1143094550862N01147772EA010820123900000440041210
B1143104550869N01147773EA010820123900000470021210
B1143114550876N01147773EA010820123800000470001210
B1143124550884N01147775EA010810123800000490041210
B1143134550891N01147775EA010820123900000470061210
B1143174550918N01147778EA010870124400000450061232
B1143184550925N01147780EA010870124400000480091232
B1143194550932N01147783EA010870124400000480121232
B1143204550939N01147787EA010860124400000530141232
B1143214550947N01147790EA010860124500000510161232
B1143224550953N01147793EA010900125000000400151232
B1143234550958N01147794EA010950125700000400141252
B1143244550963N01147795EA011000126000000310101252
B1143254550968N01147796EA011030126200000310061252
B1143264550975N01147797EA011040126100000450071252
B1143274550982N01147799EA011040126200000450081252
B1143284550989N01147802EA011040126200000480111252
B1143294550996N01147804EA011050126400000480141252
B1143304551003N01147807EA011060126500000490131252
B1143314551010N01147809EA011080126700000490121273
B1143324551017N01147812EA011090126800000470131221
B1143334551024N01147815EA011100126900000470141221
B1143344551031N01147818EA011100127000000480161221
B1143354551037N01147822EA011110127100000480181221
B1143364551043N01147826EA011130127200000410231221
B1143374551048N01147830EA011150127300000410281221
B1143384551054N01147835EA011150127300000440281221
B1143394551060N01147840EA011150127300000480261291
B1143404551066N01147845EA011140127200000480291291
B1143414551072N01147851EA011140127300000480321291
B1143424551076N01147856EA011170127500000360371291
B1143434551080N01147861EA011190127800000360421268
B1143444551083N01147867EA011210127900000310471268
B1143454551086N01147873EA011220127900000310521268
B1143464551089N01147880EA011210127800000390561268
B1143474551091N01147888EA011200127800000390601268
B1143484551093N01147896EA011200127800000390641268
B1143494551095N01147903EA011200127900000390681268
B1143504551098N01147911EA011210127900000390651227
B1143514551101N01147919EA011210127900000390621227
B1143524551105N01147926EA011210127800000450581227
B1143534551109N01147935EA011200127800000460541302
B1143544551113N01147943EA011200127800000460541302
B1143554551117N01147951EA011200127800000460541302
B1143564551121N01147959EA011200127800000460531302
B1143574551126N01147966EA011200127900000460521250
B1143584551130N01147972EA011230128000000390441250
B1143594551135N01147977EA011250128200000390361250
B1144004551140N01147982EA011270128400000400351250
B1144014551145N01147987EA011290128500000400341250
B1144024551150N01147994EA011290128600000430391250
B1144034551154N01148000EA011300128700000430441250
B1144044551160N01148006EA011310128900000420381334
B1144054551165N01148010EA011330129100000420321280
B1144064551170N01148014EA011350129300000380291280
B1144074551175N01148019EA011370129400000380261280
B1144084551180N01148024EA011370129400000420311280
B1144094551186N01148029EA011380129500000420361280
B1144104551192N01148035EA011380129600000470331280
B1144114551198N01148040EA011390129700000470301280
B1144124551203N01148045EA011400129900000420311280
B1144134551208N01148050EA011420130100000420321340
B1144144551212N01148054EA011450130300000310341340
B1144154551216N01148059EA011480130500000310361340
B1144164551220N01148063EA011490130600000360371286
B1144174551225N01148069EA011490130600000360381286
B1144184551230N01148074EA011480130600000450361286
B1144194551236N01148080EA011470130600000450341286
B1144204551241N01148086EA011470130600000440361286
B1144214551246N01148092EA011480130700000440381286
B1144224551250N01148099EA011480130700000440431286
B1144234551255N01148107EA011480130700000440481286
B1144244551259N01148114EA011480130700000450501312
B1144254551263N01148122EA011480130700000450521312
B1144264551266N01148131EA011480130700000470581312
B1144274551270N01148140EA011480130600000480621312
B1144284551273N01148149EA011480130700000450621312
B1144294551275N01148157EA011500131000000450641312
B1144304551278N01148164EA011540131300000300611284
B1144314551280N01148169EA011570131600000300581284
B1144324551283N01148174EA011600131700000300591284
B1144334551285N01148181EA011610131700000300601284
B1144344551287N01148189EA011610131700000420661284
B1144354551288N01148199EA011600131700000460721284
B1144364551290N01148209EA011590131700000500741284
B1144374551291N01148220EA011590131800000490801286
B1144384551291N01148229EA011600132000000420841286
B1144394551292N01148237EA011630132400000420821286
B1144404551294N01148245EA011660132600000370761286
B1144414551296N01148253EA011680132800000370701286
B1144424551299N01148261EA011690132800000410681285
B1144434551301N01148269EA011690132800000410661285
B1144444551303N01148278EA011690132900000410681285
B1144454551305N01148285EA011700133100000410681285
B1144464551307N01148292EA011730133300000310691285
B1144474551308N01148298EA011750133500000310701359
B1144484551310N01148305EA011770133600000330721359
B1144494551311N01148313EA011780133700000330741359
B1144504551312N01148320EA011790133700000320761359
B1144514551313N01148327EA011800133800000320781359
B1144524551315N01148334EA011810133900000350731359
B1144534551318N01148341EA011820134000000350681359
B1144544551321N01148348EA011820134100000420581359
B1144554551326N01148354EA011830134200000420481359
B1144564551331N01148359EA011850134400000390431359
B1144574551335N01148365EA011870134500000390381336
B1144584551338N01148371EA011880134600000350441336
B1144594551341N01148377EA011890134600000350501336
B1145004551344N01148384EA011900134700000370551336
B1145014551347N01148391EA011900134800000370601336
B1145024551349N01148398EA011910134900000370641336
B1145034551351N01148406EA011910135000000370681336
B1145044551353N01148413EA011920135100000340641282
B1145054551356N01148418EA011940135400000340601282
B1145064551360N01148422EA011970135700000330441312
B1145074551365N01148425EA011990135800000330281312
B1145084551371N01148427EA012000135900000410171312
B1145094551378N01148427EA012000135900000410061312
B1145104551385N01148428EA012000136000000470031312
B1145114551392N01148428EA012000136100000470001312
B1145124551398N01148429EA012010136200000410041312
B1145134551404N01148431EA012020136300000410081312
B1145144551409N01148433EA012030136500000360091293
B1145154551415N01148434EA012040136600000360101293
B1145164551421N01148436EA012050136600000400111293
B1145174551427N01148438EA012050136600000400121293
B1145184551434N01148441EA012030136500000460141293
B1145194551440N01148445EA012020136300000460161293
B1145204551447N01148449EA011990136100000500191293
B1145214551454N01148453EA011970135900000500221293
B1145224551461N01148459EA011950135700000530241283
B1145234551468N01148464EA011930135600000530261242
B1145244551475N01148469EA011920135400000510261242
B1145254551482N01148474EA011910135400000510261242
B1145264551489N01148478EA011910135300000470241242
B1145274551496N01148481EA011910135200000470221242
B1145284551503N01148485EA011900135100000490191242
B1145294551510N01148488EA011900135000000490161287
B1145304551517N01148492EA011880135000000510181287
B1145314551524N01148496EA011880135000000510201287
B1145324551532N01148499EA011870135000000510201287
B1145334551539N01148502EA011880135000000510161287
B1145344551546N01148505EA011880135100000480151287
B1145354551553N01148508EA011890135200000480141287
B1145364551559N01148510EA011910135400000390141304
B1145374551564N01148512EA011940135600000390141304
B1145384551568N01148514EA011970135800000300171304
B1145394551573N01148517EA011990135900000300201304
B1145404551578N01148520EA011990135900000380201304
B1145414551584N01148524EA011970135600000450241304
B1145424551590N01148528EA011950135400000500221304
B1145434551597N01148532EA011930135300000500201304
B1145444551604N01148536EA011920135300000480211304
B1145454551610N01148541EA011930135500000480221362
B1145464551614N01148546EA011950135700000380321362
B1145474551618N01148551EA011970135900000380421362
B1145484551622N01148556EA011990136000000340411362
B1145494551626N01148561EA012000136100000340401317
B1145504551631N01148566EA012000136100000400381317
B1145514551636N01148572EA011990136000000400361317
B1145524551642N01148577EA011980135900000470341317
B1145534551648N01148582EA011980135900000470321317
B1145544551654N01148587EA011990136100000420311317
B1145554551659N01148592EA012000136100000420301372
B1145564551664N01148598EA012000136100000430361372
B1145574551669N01148605EA012000136000000430421372
B1145584551674N01148613EA011990135900000490441337
B1145594551679N01148621EA011980135900000490461337
B1146004551683N01148629EA011980135900000470481337
B1146014551687N01148637EA011980136000000470501337
B1146024551691N01148644EA012000136100000430511337
B1146034551695N01148652EA012000136200000430521337
B1146044551699N01148660EA012010136200000450531308
B1146054551703N01148668EA012010136200000450541308
B1146064551707N01148677EA012020136200000480561353
B1146074551712N01148685EA012010136100000480541353
B1146084551716N01148695EA012010136100000520541353
B1146094551721N01148704EA012010136100000530541353
B1146104551725N01148714EA012010136200000510561357
B1146114551728N01148723EA012020136500000450601357
B1146124551731N01148731EA012050136800000390601357
B1146134551733N01148738EA012080137000000390601357
B1146144551736N01148745EA012100137100000360631357
B1146154551737N01148753EA012110137200000360661357
B1146164551740N01148761EA012120137200000410671357
B1146174551742N01148769EA012120137200000410681357
B1146184551745N01148777EA012130137400000390641357
B1146194551748N01148784EA012140137500000390601357
B1146204551750N01148791EA012160137700000340611357
B1146214551752N01148798EA012170137900000340621357
B1146224551755N01148806EA012180138000000390641357
B1146234551757N01148814EA012170137900000390661400
B1146244551760N01148824EA012150137900000470681400
B1146254551763N01148832EA012150137900000470661400
B1146264551767N01148839EA012160138000000400591400
B1146274551770N01148846EA012180138100000400521400
B1146284551773N01148853EA012180138100000360561400
B1146294551775N01148860EA012190138000000360601365
B1146304551778N01148868EA012190138000000390631365
B1146314551780N01148875EA012190138000000390661365
B1146324551783N01148883EA012190138000000360651365
B1146334551784N01148890EA012190138100000360641365
B1146344551785N01148897EA012190138200000340711365
B1146354551786N01148905EA012200138100000340781365
B1146364551787N01148913EA012190138100000390801317
B1146374551788N01148922EA012170138000000440821317
B1146384551790N01148931EA012150137800000470761317
B1146394551792N01148941EA012130137700000480721317
B1146404551794N01148951EA012120137600000480741317
B1146414551795N01148962EA012110137600000510781280
B1146424551795N01148973EA012100137600000500821280
B1146434551795N01148983EA012100137700000460861280
B1146444551796N01148993EA012110137800000440881280
B1146454551796N01149002EA012110137800000450861280
B1146464551796N01149012EA012110137900000460841228
B1146474551796N01149022EA012120137900000460861228
B1146484551796N01149032EA012130138000000460921228
B1146494551795N01149042EA012140138100000470961228
B1146504551793N01149053EA012140138200000480981228
B1146514551792N01149063EA012160138300000491001174
B1146524551790N01149073EA012170138500000501021174
B1146534551788N01149084EA012180138600000501021174
B1146544551787N01149094EA012190138800000491021174
B1146554551786N01149104EA012230139200000411001174
B1146564551786N01149111EA012280139700000330961130
B1146574551785N01149118EA012340140100000330921130
B1146584551785N01149126EA012380140500000350911130
B1146594551785N01149134EA012410140800000350901130
B1147004551785N01149143EA012440141100000400921130
B1147014551785N01149152EA012460141400000420901130
B1147024551785N01149160EA012500141800000400871090
B1147034551786N01149168EA012540142300000400841090
B1147044551787N01149175EA012580142700000300831090
B1147054551787N01149181EA012630143100000300821090
B1147064551785N01149185EA012680143400000181011090
B1147074551783N01149187EA012710143700000181201090
B1147084551779N01149188EA012730143900000271481090
B1147094551775N01149187EA012750144100000271761090
B1147104551772N01149184EA012780144400000252001090
B1147114551771N01149179EA012810144800000252241090
B1147124551772N01149173EA012840145200000272601090
B1147134551775N01149170EA012870145500000272961090
B1147144551780N01149168EA012900145800000333271090
B1147154551785N01149171EA012920146000000333581090
B1147164551790N01149175EA012940146200000390181090
B1147174551793N01149182EA012970146600000390381090
B1147184551794N01149189EA013000146900000380591090
B1147194551795N01149197EA013030147200000380801090
B1147204551794N01149204EA013060147600000320881090
B1147214551793N01149211EA013090147900000320961060
B1147224551792N01149217EA013120148100000301041060
B1147234551789N01149223EA013130148200000301121060
B1147244551786N01149228EA013130148100000331271060
B1147254551782N01149229EA013120147900000331421060
B1147264551780N01149227EA013110147800000191931060
B1147274551781N01149222EA013120147900000192441060
B1147284551783N01149217EA013120147800000272781060
B1147294551785N01149213EA013130147800000273121060
B1147304551787N01149209EA013140147800000203051060
B1147314551789N01149204EA013140147800000202981090
B1147324551792N01149198EA013140147900000363031090
B1147334551796N01149193EA013150148100000363081090
B1147344551801N01149189EA013160148400000373221090
B1147354551807N01149187EA013190148700000373361060
B1147364551812N01149187EA013220149000000383471060
B1147374551818N01149187EA013240149400000383581060
B1147384551824N01149189EA013270149700000420061060
B1147394551830N01149193EA013290149900000420141060
B1147404551834N01149199EA013320150200000380301060
B1147414551837N01149205EA013340150500000380461060
B1147424551836N01149211EA013360150700000270771056
B1147434551833N01149215EA013370150700000271081056
B1147444551828N01149215EA013370150700000341481056
B1147454551824N01149211EA013370150900000341881056
B1147464551822N01149203EA013380151100000382261060
B1147474551825N01149195EA013400151400000432661060
B1147484551831N01149190EA013420151600000503001060
B1147494551839N01149189EA013440151700000563341060
B1147504551847N01149191EA013450151900000550001060
B1147514551853N01149196EA013480152300000550201060
B1147524551858N01149202EA013520152800000360311014
B1147534551861N01149207EA013570153300000360421014
B1147544551864N01149212EA013610153500000290460997
B1147554551867N01149217EA013640153600000290500997
B1147564551870N01149224EA013640153500000400530997
B1147574551873N01149233EA013610153100000480560997
B1147584551877N01149243EA013570152700000550580997
B1147594551881N01149254EA013510152100000600600997
B1148004551886N01149266EA013450151600000630621020
B1148014551890N01149278EA013410151300000620621020
B1148024551896N01149289EA013380151100000590581020
B1148034551901N01149298EA013370150900000560521020
B1148044551907N01149307EA013360150800000540480951
B1148054551912N01149316EA013350150700000540480971
B1148064551917N01149325EA013340150500000560500971
B1148074551923N01149334EA013320150300000590480971
B1148084551930N01149344EA013300150000000620440971
B1148094551936N01149354EA013270149800000640440971
B1148104551943N01149364EA013250149500000650460984
B1148114551950N01149374EA013220149300000660460984
B1148124551957N01149384EA013200149100000680440919
B1148134551965N01149392EA013200149200000570420919
B1148144551971N01149398EA013220149600000480380919
B1148154551976N01149404EA013250149700000480340919
B1148164551982N01149410EA013260149800000470350904
B1148174551988N01149417EA013260149600000470360904
B1148184551994N01149425EA013240149400000580380904
B1148194552001N01149434EA013210149000000630400904
B1148204552008N01149444EA013180148800000660420856
B1148214552015N01149455EA013150148500000670440856
B1148224552021N01149465EA013120148300000660460835
B1148234552027N01149477EA013090148200000630500835
B1148244552033N01149487EA013070148000000600540835
B1148254552038N01149497EA013070147900000590520835
B1148264552045N01149506EA013060147800000580460835
B1148274552051N01149515EA013050147700000580420805
B1148284552057N01149524EA013040147500000580440759
B1148294552063N01149534EA013020147300000590480759
B1148304552068N01149543EA013000147100000580500759
B1148314552072N01149552EA012990147000000450500759
B1148324552074N01149559EA013020147300000290650731
B1148334552073N01149565EA013040147400000290800731
B1148344552070N01149570EA013030147000000351090731
B1148354552064N01149574EA013010146600000351380731
B1148364552058N01149575EA012960146300000471580731
B1148374552051N01149573EA012920146100000471780779
B1148384552046N01149568EA012900146100000391980779
B1148394552042N01149563EA012900146100000392180779
B1148404552038N01149557EA012890145900000382220805
B1148414552033N01149551EA012870145700000382260805
B1148424552028N01149544EA012830145300000482260805
B1148434552023N01149536EA012790144800000522220805
B1148444552017N01149528EA012750144500000532220805
B1148454552010N01149521EA012720144300000532200805
B1148464552004N01149515EA012700144200000502160862
B1148474551998N01149510EA012690144100000502120862
B1148484551992N01149504EA012690144000000452130888
B1148494551987N01149498EA012670143800000452140888
B1148504551981N01149492EA012650143500000502140888
B1148514551974N01149485EA012620143200000502140888
B1148524551968N01149478EA012590142900000532180888
B1148534551963N01149470EA012570142700000522220888
B1148544551958N01149461EA012550142600000512260888
B1148554551952N01149454EA012530142500000512260982
B1148564551947N01149447EA012520142400000462230982
B1148574551942N01149441EA012520142400000462200982
B1148584551938N01149434EA012530142400000402240982
B1148594551934N01149428EA012530142400000402280982
B1149004551930N01149421EA012520142300000432290982
B1149014551926N01149413EA012500142000000452300982
B1149024551921N01149406EA012470141700000472280984
B1149034551917N01149398EA012450141500000472260984
B1149044551912N01149391EA012430141400000442270984
B1149054551908N01149384EA012420141300000442280984
B1149064551904N01149376EA012420141200000422301064
B1149074551900N01149369EA012400141000000422321064
B1149084551896N01149362EA012390140800000432311064
B1149094551892N01149355EA012370140500000432301043
B1149104551888N01149347EA012340140400000442301043
B1149114551885N01149339EA012330140300000442341043
B1149124551882N01149331EA012330140300000422401043
B1149134551879N01149322EA012330140200000422441043
B1149144551877N01149314EA012320140100000432441043
B1149154551873N01149306EA012300139900000462421020
B1149164551869N01149297EA012290139600000492401020
B1149174551865N01149287EA012270139500000522361020
B1149184551861N01149278EA012250139300000542361020
B1149194551857N01149267EA012230139300000562381020
B1149204551853N01149257EA012230139400000542381056
B1149214551849N01149248EA012240139500000472361056
B1149224551846N01149240EA012270139900000412361056
B1149234551845N01149231EA012310140300000402481056
B1149244551845N01149223EA012340140600000382621056
B1149254551844N01149215EA012380140900000342701056
B1149264551844N01149209EA012420141300000302651056
B1149274551843N01149203EA012460141600000302601060
B1149284551842N01149197EA012490141800000302571060
B1149294551840N01149190EA012510142000000302541060
B1149304551838N01149182EA012540142200000382541060
B1149314551835N01149175EA012560142300000412481060
B1149324551831N01149167EA012580142500000452381060
B1149334551827N01149159EA012590142800000462301094
B1149344551823N01149151EA012610143000000452281094
B1149354551820N01149143EA012630143300000452361094
B1149364551817N01149134EA012650143600000432441094
B1149374551813N01149128EA012690144000000432401094
B1149384551807N01149125EA012720144300000412181094
B1149394551802N01149123EA012750144500000411961130
B1149404551797N01149120EA012790144900000322021130
B1149414551794N01149115EA012820145300000322081130
B1149424551793N01149106EA012840145400000412401174
B1149434551795N01149098EA012850145400000442681174
B1149444551799N01149091EA012870145600000432951174
B1149454551805N01149090EA012880145700000433221174
B1149464551809N01149094EA012890145800000370041166
B1149474551810N01149102EA012890145800000370461166
B1149484551808N01149111EA012890145700000450881094
B1149494551803N01149116EA012900145800000451201130
B1149504551796N01149119EA012920146100000431441130
B1149514551790N01149120EA012960146600000431681130
B1149524551785N01149119EA013010147100000351761130
B1149534551781N01149117EA013050147600000351841130
B1149544551777N01149113EA013100148000000312071130
B1149554551775N01149106EA013130148300000312301174
B1149564551776N01149098EA013140148400000392561174
B1149574551779N01149090EA013160148500000422801174
B1149584551784N01149085EA013170148700000453061174
B1149594551790N01149085EA013190148900000453321174
B1150004551795N01149091EA013200149000000430121174
B1150014551796N01149099EA013200149200000430521174
B1150024551794N01149108EA013230149500000410861174
B1150034551789N01149112EA013270149800000411181130
B1150044551783N01149113EA013290150100000401501130
B1150054551778N01149110EA013310150200000401821130
B1150064551775N01149104EA013330150500000362101174
B1150074551774N01149097EA013360150800000362381174
B1150084551775N01149090EA013400151200000352651174
B1150094551779N01149084EA013420151400000352921174
B1150104551785N01149081EA013440151500000433191174
B1150114551791N01149082EA013450151600000433461174
B1150124551796N01149088EA013450151700000410151174
B1150134551798N01149095EA013480152000000410441174
B1150144551798N01149103EA013500152100000370741174
B1150154551795N01149110EA013520152300000371041130
B1150164551794N01149117EA013540152400000331061130
B1150174551793N01149124EA013550152500000331081130
B1150184551793N01149133EA013560152600000420941130
B1150194551792N01149143EA013570152700000460881130
B1150204551791N01149152EA013590152800000440921130
B1150214551789N01149161EA013610153100000391001090
B1150224551787N01149168EA013640153300000371001090
B1150234551784N01149175EA013650153400000391181090
B1150244551779N01149181EA013650153400000441281090
B1150254551773N01149185EA013630153200000441381090
B1150264551767N01149184EA013610153200000351681090
B1150274551765N01149181EA013610153500000351981090
B1150284551764N01149178EA013640153800000092241090
B1150294551764N01149177EA013680154000000092501090
B1150304551763N01149176EA013700154100000072351090
B1150314551761N01149174EA013700154000000072201090
B1150324551758N01149171EA013670153600000322161090
B1150334551753N01149167EA013630153200000322121118
B1150344551749N01149162EA013600153200000332141118
B1150354551746N01149159EA013610153300000332161161
B1150364551743N01149155EA013620153400000212201161
B1150374551741N01149152EA013620153300000212241161
B1150384551738N01149147EA013600153100000312271161
B1150394551735N01149141EA013580152800000312301161
B1150404551731N01149135EA013550152600000392271161
B1150414551726N01149129EA013520152400000392241161
B1150424551722N01149122EA013490152200000432261161
B1150434551718N01149116EA013500152300000432281161
B1150444551715N01149112EA013530152700000292191161
B1150454551711N01149109EA013560152900000292101200
B1150464551707N01149106EA013580153000000292151200
B1150474551705N01149100EA013570152800000292201237
B1150484551704N01149093EA013560152700000372411237
B1150494551703N01149085EA013550152700000372621237
B1150504551702N01149077EA013550152700000322621237
B1150514551700N01149072EA013560152800000322481237
B1150524551699N01149067EA013580153000000242481237
B1150534551697N01149062EA013600153200000242481237
B1150544551694N01149057EA013620153200000312371277
B1150554551690N01149051EA013620153200000312261277
B1150564551686N01149045EA013620153300000402271277
B1150574551683N01149038EA013620153400000402281277
B1150584551680N01149030EA013620153500000372381277
B1150594551679N01149024EA013640153900000372461277
B1151004551677N01149020EA013670154200000212431277
B1151014551676N01149016EA013700154500000212401277
B1151024551673N01149013EA013720154500000232321277
B1151034551670N01149008EA013730154600000232241274
B1151044551666N01149002EA013710154400000392261274
B1151054551662N01148995EA013690154400000392281274
B1151064551658N01148987EA013670154300000482321274
B1151074551655N01148978EA013660154400000472361216
B1151084551652N01148969EA013670154500000442401216
B1151094551649N01148961EA013690154700000412421216
B1151104551646N01148954EA013710154900000402401206
B1151114551642N01148947EA013730155000000402381206
B1151124551639N01148939EA013730155000000422361206
B1151134551635N01148931EA013730154900000462361206
B1151144551631N01148923EA013720154800000512361206
B1151154551627N01148913EA013710154700000552361206
B1151164551622N01148903EA013690154600000562361208
B1151174551616N01148894EA013680154500000552321208
B1151184551611N01148885EA013680154500000512281208
B1151194551606N01148877EA013680154500000482281132
B1151204551602N01148869EA013680154500000482301132
B1151214551598N01148860EA013680154400000482321132
B1151224551593N01148852EA013670154300000502341156
B1151234551589N01148843EA013650154000000512341156
B1151244551584N01148834EA013630153800000512321156
B1151254551579N01148826EA013610153700000502281156
B1151264551575N01148818EA013600153700000462261156
B1151274551572N01148812EA013600153700000462341156
B1151284551571N01148808EA013630153700000142351190
B1151294551569N01148806EA013650153600000142361190
B1151304551565N01148803EA013650153400000332231190
B1151314551560N01148798EA013630152900000332101190
B1151324551556N01148791EA013610152800000422181133
B1151334551552N01148785EA013600152700000422261133
B1151344551549N01148778EA013590152700000342301133
B1151354551546N01148772EA013570152600000342341133
B1151364551542N01148766EA013550152400000412321133
B1151374551538N01148758EA013520152000000472301151
B1151384551532N01148750EA013470151600000542261151
B1151394551526N01148741EA013420151200000592261151
B1151404551520N01148732EA013370150900000602261151
B1151414551513N01148724EA013340150700000582221151
B1151424551507N01148716EA013320150600000542201151
B1151434551502N01148708EA013320150800000472221110
B1151444551497N01148702EA013330151000000392221110
B1151454551493N01148697EA013360151200000392221110
B1151464551490N01148693EA013380151400000282231110
B1151474551487N01148688EA013400151500000282241110
B1151484551485N01148682EA013410151500000342301110
B1151494551481N01148676EA013410151400000342361110
B1151504551477N01148671EA013420151500000332271110
B1151514551474N01148667EA013440151800000332181110
B1151524551471N01148664EA013470152000000242171110
B1151534551468N01148661EA013500152200000242161110
B1151544551465N01148657EA013500152200000282171131
B1151554551461N01148652EA013500152100000282181131
B1151564551457N01148647EA013490152000000372241095
B1151574551454N01148640EA013480152000000372301095
B1151584551451N01148632EA013470152000000412341095
B1151594551448N01148624EA013460152000000442381095
B1152004551444N01148615EA013440151900000492421095
B1152014551441N01148606EA013420151700000492401129
B1152024551437N01148597EA013420151800000442381129
B1152034551434N01148590EA013430152000000442401129
B1152044551432N01148583EA013450152200000342421129
B1152054551430N01148576EA013470152200000342441129
B1152064551427N01148570EA013470152100000332401129
B1152074551424N01148564EA013460152000000332361129
B1152084551419N01148559EA013440151600000412361175
B1152094551414N01148553EA013410151300000442181175
B1152104551408N01148548EA013370150900000482141175
B1152114551401N01148542EA013330150500000482101197
B1152124551395N01148536EA013300150200000522131197
B1152134551389N01148529EA013310150300000522161197
B1152144551385N01148523EA013340150800000362191197
B1152154551381N01148519EA013370151200000362221197
B1152164551378N01148515EA013400151300000262171197
B1152174551374N01148513EA013420151300000262121197
B1152184551369N01148509EA013400151000000342081248
B1152194551364N01148506EA013370150500000342041248
B1152204551357N01148502EA013320150100000522011235
B1152214551349N01148499EA013270149800000521981235
B1152224551341N01148497EA013260149700000521931235
B1152234551334N01148494EA013270149900000521881235
B1152244551327N01148492EA013290150300000411921235
B1152254551323N01148489EA013330150800000411961235
B1152264551320N01148487EA013390151300000191991235
B1152274551317N01148486EA013440151600000192021235
B1152284551315N01148486EA013470151800000181971235
B1152294551311N01148485EA013480151800000181921235
B1152304551306N01148483EA013470151600000371901205
B1152314551300N01148482EA013440151400000371881205
B1152324551293N01148481EA013420151200000451861205
B1152334551286N01148480EA013410151100000451841205
B1152344551279N01148480EA013390151000000481831205
B1152354551271N01148480EA013370150800000481821205
B1152364551264N01148481EA013330150400000531771205
B1152374551255N01148483EA013300150000000551721161
B1152384551247N01148484EA013260149700000551731161
B1152394551239N01148485EA013230149400000551741161
B1152404551231N01148486EA013210149100000531741161
B1152414551223N01148488EA013180148900000531741161
B1152424551215N01148490EA013170148700000511721161
B1152434551208N01148492EA013160148600000511701161
B1152444551200N01148495EA013150148400000531671132
B1152454551192N01148498EA013130148300000531641132
B1152464551185N01148502EA013120148300000511601132
B1152474551179N01148507EA013120148400000511561132
B1152484551173N01148511EA013140148600000381531102
B1152494551169N01148514EA013170148800000381501102
B1152504551166N01148517EA013200149000000241481102
B1152514551162N01148520EA013220149100000241461102
B1152524551158N01148523EA013220149000000321481102
B1152534551153N01148527EA013210148800000321501099
B1152544551147N01148532EA013180148500000491491099
B1152554551140N01148538EA013140148100000491481099
B1152564551134N01148544EA013100147800000541481099
B1152574551126N01148549EA013070147500000541481099
B1152584551119N01148555EA013040147200000561511099
B1152594551111N01148560EA013000146900000561541051
B1153004551103N01148565EA012970146600000581541052
B1153014551095N01148570EA012940146300000581541052
B1153024551088N01148576EA012910146100000571541052
B1153034551080N01148581EA012890145900000571541052
B1153044551072N01148586EA012870145800000541551052
B1153054551065N01148590EA012850145600000541561052
B1153064551057N01148594EA012830145400000541571020
B1153074551050N01148599EA012820145200000541581020
B1153084551042N01148604EA012790145000000561561020
B1153094551035N01148609EA012760144800000561541020
B1153104551027N01148614EA012740144600000561540967
B1153114551020N01148620EA012740144600000561500967
B1153124551013N01148626EA012730144500000531480967
B1153134551006N01148632EA012720144400000531460963
B1153144550999N01148637EA012720144300000521490963
B1153154550992N01148643EA012700144200000521520963
B1153164550986N01148649EA012690144000000541490963
B1153174550979N01148655EA012670143700000541460963
B1153184550972N01148661EA012650143500000531470903
B1153194550965N01148667EA012640143400000531480903
B1153204550958N01148672EA012630143300000511470903
B1153214550952N01148679EA012610143100000511460896
B1153224550946N01148686EA012590142900000541430896
B1153234550940N01148694EA012570142700000541400896
B1153244550933N01148700EA012560142600000511410896
B1153254550927N01148706EA012550142500000511420896
B1153264550921N01148713EA012550142500000481420848
B1153274550915N01148719EA012550142400000481420848
B1153284550909N01148726EA012530142200000511420848
B1153294550903N01148732EA012510142000000511420838
B1153304550896N01148739EA012490141800000531430838
B1153314550890N01148745EA012470141500000531440838
B1153324550883N01148752EA012450141300000541430838
B1153334550877N01148759EA012420141000000541420838
B1153344550870N01148767EA012400140800000551410792
B1153354550863N01148774EA012380140600000551400792
B1153364550857N01148779EA012370140500000521450782
B1153374550850N01148784EA012350140400000521500782
B1153384550844N01148789EA012350140300000461520782
B1153394550838N01148793EA012340140300000461540782
B1153404550832N01148798EA012340140300000431530782
B1153414550826N01148802EA012330140200000431520782
B1153424550820N01148808EA012330140000000431490782
B1153434550815N01148813EA012320139900000431460749
B1153444550809N01148819EA012300139700000461450749
B1153454550803N01148824EA012280139500000461440728
B1153464550797N01148830EA012260139300000481460728
B1153474550791N01148835EA012240139100000481480728
B1153484550785N01148841EA012230138900000481480728
B1153494550778N01148846EA012210138800000481480728
B1153504550772N01148851EA012190138600000501480728
B1153514550765N01148857EA012180138500000501480728
B1153524550759N01148862EA012170138500000481480701
B1153534550753N01148867EA012170138500000481480672
B1153544550747N01148872EA012170138500000461490672
B1153554550741N01148877EA012160138400000461500672
B1153564550734N01148882EA012160138300000491500672
B1153574550727N01148887EA012140138100000491500672
B1153584550721N01148893EA012130138000000511490672
B1153594550714N01148899EA012120137900000511480672
B1154004550708N01148906EA012110137900000521460672
B1154014550702N01148912EA012110137900000521440631
B1154024550696N01148918EA012120138000000471440631
B1154034550690N01148924EA012130138000000471440631
B1154044550684N01148930EA012140138100000441430631
B1154054550680N01148935EA012150138300000441420631
B1154064550676N01148940EA012180138500000291380631
B1154074550674N01148944EA012210138800000291340631
B1154084550671N01148947EA012240139000000191360631
B1154094550669N01148950EA012260139000000191380631
B1154104550666N01148953EA012260138900000261380631
B1154114550662N01148957EA012250138800000331440631
B1154124550657N01148961EA012230138600000381420606
B1154134550653N01148967EA012210138400000381400606
B1154144550649N01148974EA012190138300000441340606
B1154154550645N01148983EA012170138100000481280606
B1154164550640N01148991EA012150138000000501250606
B1154174550636N01149001EA012130137800000521220606
B1154184550632N01149009EA012120137800000501230606
B1154194550627N01149017EA012130138100000501240596
B1154204550623N01149023EA012150138400000371320596
B1154214550619N01149026EA012200138800000371400596
B1154224550615N01149029EA012240139100000271450596
B1154234550611N01149033EA012260139200000271500596
B1154244550607N01149037EA012270139300000361480576
B1154254550602N01149041EA012260139200000361460576
B1154264550596N01149046EA012250139100000451470576
B1154274550590N01149051EA012240138900000451480576
B1154284550584N01149055EA012230138900000451520576
B1154294550578N01149059EA012220138800000451560576
B1154304550572N01149063EA012210138800000451540571
B1154314550566N01149067EA012200138700000451520571
B1154324550560N01149072EA012200138600000421520571
B1154334550554N01149076EA012190138400000421520545
B1154344550549N01149080EA012170138200000431510545
B1154354550543N01149085EA012150138000000431500545
B1154364550537N01149091EA012130137700000471470545
B1154374550531N01149097EA012100137400000471440545
B1154384550525N01149104EA012070137100000501400545
B1154394550520N01149112EA012040136800000501360541
B1154404550515N01149119EA012010136500000491340541
B1154414550510N01149127EA012000136300000491320541
B1154424550505N01149134EA011970136000000481330527
B1154434550500N01149142EA011950135700000481340527
B1154444550494N01149151EA011920135400000551340527
B1154454550490N01149161EA011890135100000571300519
B1154464550485N01149171EA011860134800000571220519
B1154474550481N01149182EA011830134700000561180519
B1154484550477N01149192EA011820134700000521180519
B1154494550473N01149200EA011840134900000521220519
B1154504550469N01149208EA011860135100000411220519
B1154514550466N01149215EA011880135400000411220519
B1154524550463N01149221EA011910135600000321240519
B1154534550460N01149226EA011930135700000321260519
B1154544550456N01149231EA011940135800000351320495
B1154554550452N01149236EA011940135700000351380495
B1154564550447N01149242EA011930135500000431370495
B1154574550442N01149249EA011910135300000431360495
B1154584550437N01149256EA011900135200000461350495
B1154594550432N01149263EA011870134900000461340491
B1155004550426N01149270EA011840134700000521350491
B1155014550421N01149278EA011810134400000521360491
B1155024550415N01149285EA011790134300000511370491
B1155034550409N01149292EA011790134300000511380491
B1155044550404N01149300EA011790134300000471350476
B1155054550400N01149307EA011790134400000471320476
B1155064550395N01149314EA011790134300000441320466
B1155074550390N01149321EA011790134200000441320466
B1155084550385N01149329EA011780134000000491320466
B1155094550380N01149337EA011760133900000491320466
B1155104550374N01149345EA011750133700000521330466
B1155114550369N01149352EA011740133600000521340466
B1155124550363N01149358EA011740133600000481380466
B1155134550357N01149365EA011740133500000481400451
B1155144550352N01149371EA011730133400000481400451
B1155154550346N01149378EA011720133200000481400451
B1155164550340N01149386EA011700133100000521380451
B1155174550334N01149393EA011680132900000521360451
B1155184550329N01149400EA011680132900000491380451
B1155194550323N01149407EA011670132800000491400451
B1155204550318N01149413EA011670132800000451400444
B1155214550313N01149419EA011670132800000451400444
B1155224550307N01149425EA011670132700000451420430
B1155234550301N01149431EA011650132500000451440430
B1155244550296N01149437EA011630132300000481430430
B1155254550290N01149443EA011610132100000481420430
B1155264550284N01149450EA011590131900000501400430
B1155274550278N01149457EA011580131800000501380430
B1155284550273N01149463EA011570131800000471390429
B1155294550267N01149470EA011570131700000471400429
B1155304550262N01149476EA011560131600000451400429
B1155314550257N01149482EA011550131500000451400415
B1155324550251N01149489EA011540131300000481390415
B1155334550245N01149496EA011520131100000481380415
B1155344550239N01149503EA011500130800000511400415
B1155354550233N01149509EA011470130600000511420410
B1155364550227N01149516EA011450130400000511430410
B1155374550220N01149522EA011440130300000511440410
B1155384550215N01149528EA011440130300000461440410
B1155394550209N01149533EA011430130300000461440410
B1155404550203N01149539EA011430130100000461430405
B1155414550197N01149545EA011420130000000461420405
B1155424550192N01149552EA011400129700000511410405
B1155434550185N01149559EA011380129600000511400396
B1155444550179N01149565EA011370129400000521420396
B1155454550173N01149571EA011360129300000521440396
B1155464550166N01149577EA011350129300000491460396
B1155474550160N01149582EA011340129200000491480396
B1155484550154N01149588EA011330129200000481470388
B1155494550148N01149594EA011330129100000481460388
B1155504550141N01149601EA011310128900000511440388
B1155514550135N01149608EA011300128700000511420388
B1155524550129N01149615EA011280128600000511420383
B1155534550123N01149621EA011270128500000511420383
B1155544550117N01149629EA011260128400000511400383
B1155554550111N01149636EA011250128200000511380383
B1155564550105N01149643EA011230128000000531380375
B1155574550099N01149651EA011210127700000531380375
B1155584550092N01149657EA011180127500000531400375
B1155594550086N01149664EA011160127300000531420374
B1156004550080N01149671EA011150127200000521410374
B1156014550074N01149678EA011130127000000521400374
B1156024550068N01149685EA011110126900000521410374
B1156034550061N01149691EA011100126800000521420374
B1156044550055N01149697EA011090126600000501440364
B1156054550049N01149703EA011070126500000501460364
B1156064550043N01149710EA011060126300000511430366
B1156074550037N01149717EA011040126100000511400366
B1156084550030N01149724EA011030126000000521420366
B1156094550024N01149730EA011010125800000521440366
B1156104550017N01149735EA010990125600000521470366
B1156114550010N01149741EA010980125500000521500366
B1156124550004N01149748EA010960125400000501500354
B1156134549998N01149755EA010950125300000501400354
B1156144549992N01149761EA010940125100000511410351
B1156154549986N01149768EA010920124900000511420351
B1156164549979N01149775EA010900124700000531410351
B1156174549973N01149783EA010880124500000531400351
B1156184549967N01149791EA010860124300000561370351
B1156194549961N01149800EA010840124100000551340351
B1156204549955N01149808EA010830124000000551340344
B1156214549950N01149816EA010810123800000551340340
B1156224549944N01149825EA010800123700000531340340
B1156234549939N01149833EA010790123600000531300340
B1156244549934N01149841EA010790123600000491310340
B1156254549929N01149848EA010780123500000491320340
B1156264549924N01149855EA010770123400000491350340
B1156274549918N01149862EA010750123200000491380340
B1156284549911N01149869EA010730122900000531410340
B1156294549905N01149875EA010700122700000531440332
B1156304549898N01149877EA010700122700000421590332
B1156314549893N01149875EA010710122800000421740332
B1156324549889N01149869EA010710122700000412050332
B1156334549886N01149859EA010690122500000472360332
B1156344549885N01149849EA010660122200000482540334
B1156354549884N01149839EA010640122100000472600334
B1156364549883N01149829EA010620121900000462600334
B1156374549882N01149819EA010600121700000462620334
B1156384549882N01149809EA010580121500000482640334
B1156394549882N01149798EA010550121100000502660338
B1156404549881N01149787EA010520120800000512660338
B1156414549881N01149776EA010480120500000512660338
B1156424549881N01149765EA010460120300000482660338
B1156434549880N01149755EA010440120100000462680335
B1156444549880N01149745EA010430119900000452680335
B1156454549880N01149736EA010410119700000452680335
B1156464549880N01149726EA010380119400000482680335
B1156474549880N01149714EA010350119000000512680335
B1156484549881N01149703EA010310118700000532700342
B1156494549881N01149691EA010280118500000532720342
B1156504549882N01149680EA010260118300000502740342
B1156514549882N01149670EA010250118200000472720342
B1156524549882N01149660EA010240118000000462700342
B1156534549882N01149650EA010220117800000472700345
B1156544549883N01149639EA010200117500000492720345
B1156554549883N01149628EA010170117100000522720345
B1156564549883N01149617EA010130116700000542700345
B1156574549882N01149605EA010090116400000542680348
B1156584549882N01149594EA010060116200000512660348
B1156594549883N01149584EA010050116100000452700348
B1157004549884N01149574EA010040116100000422740348
B1157014549884N01149565EA010030115900000432780348
B1157024549885N01149556EA010010115700000462740350
B1157034549886N01149546EA009990115500000462720350
B1157044549887N01149536EA009980115400000452760350
B1157054549888N01149526EA009970115300000442780350
B1157064549888N01149517EA009960115200000442780350
B1157074549889N01149507EA009940115100000452740356
B1157084549889N01149497EA009920114900000472740356
B1157094549890N01149487EA009900114700000482740356
B1157104549891N01149476EA009880114500000492740356
B1157114549890N01149466EA009870114400000472720356
B1157124549890N01149457EA009860114300000432680359
B1157134549890N01149447EA009850114200000422640359
B1157144549889N01149438EA009850114100000422660359
B1157154549889N01149429EA009830113900000442660359
B1157164549889N01149419EA009810113700000472680359
B1157174549889N01149409EA009790113400000492700359
B1157184549889N01149398EA009770113200000492700361
B1157194549888N01149387EA009750113100000482660361
B1157204549888N01149377EA009740113000000472640361
B1157214549887N01149367EA009740113000000462640361
B1157224549887N01149357EA009740112900000462640367
B1157234549886N01149347EA009730112900000462660367
B1157244549886N01149337EA009720112800000472660367
B1157254549885N01149327EA009710112700000482640367
B1157264549885N01149317EA009700112600000482620367
B1157274549884N01149306EA009700112500000482640369
B1157284549884N01149296EA009690112400000482640369
B1157294549883N01149285EA009680112400000492660369
B1157304549882N01149275EA009680112300000482660369
B1157314549882N01149264EA009680112300000472640369
B1157324549881N01149254EA009680112400000472620364
B1157334549879N01149244EA009680112400000492600364
B1157344549878N01149233EA009680112400000522600364
B1157354549877N01149222EA009670112400000522600364
B1157364549876N01149211EA009670112500000472600364
B1157374549875N01149203EA009710112800000342580359
B1157384549875N01149198EA009770113400000222620359
B1157394549875N01149193EA009820113900000222660359
B1157404549875N01149189EA009870114200000242680359
B1157414549874N01149182EA009890114300000242700359
B1157424549873N01149174EA009900114400000382640359
B1157434549872N01149166EA009900114400000402620359
B1157444549871N01149157EA009910114600000392600357
B1157454549870N01149150EA009930114800000392580357
B1157464549870N01149144EA009970115100000252590357
B1157474549869N01149139EA010000115400000252600357
B1157484549869N01149134EA010020115500000242620357
B1157494549868N01149128EA010020115400000242640357
B1157504549867N01149120EA010010115300000392620357
B1157514549866N01149111EA009990115200000472600357
B1157524549865N01149100EA009960115000000512600374
B1157534549864N01149089EA009930114900000522600374
B1157544549863N01149078EA009920114800000532580374
B1157554549861N01149067EA009900114700000532600374
B1157564549860N01149056EA009890114700000522600378
B1157574549859N01149044EA009890114600000512600378
B1157584549858N01149034EA009880114600000502580364
B1157594549856N01149024EA009880114700000472580364
B1158004549854N01149015EA009890114800000432580364
B1158014549852N01149006EA009910114900000412540366
B1158024549850N01148998EA009910115000000422500366
B1158034549847N01148989EA009920115000000452460366
B1158044549844N01148980EA009910115000000482420366
B1158054549841N01148971EA009910115100000482420366
B1158064549839N01148961EA009920115300000472460366
B1158074549837N01148952EA009940115500000452520374
B1158084549836N01148943EA009970115800000392580374
B1158094549835N01148936EA010010116200000392580374
B1158104549836N01148929EA010060116600000302670374
B1158114549837N01148923EA010090116900000302760374
B1158124549841N01148917EA010120117100000372960374
B1158134549846N01148913EA010130117300000373160374
B1158144549852N01148913EA010150117400000403380374
B1158154549858N01148916EA010170117600000400000374
B1158164549862N01148922EA010180117700000400260387
B1158174549864N01148929EA010190117900000400520387
B1158184549865N01148937EA010210118000000340700387
B1158194549864N01148944EA010230118200000340880387
B1158204549861N01148950EA010240118200000361090387
B1158214549856N01148955EA010240118300000361300374
B1158224549851N01148957EA010250118400000381480374
B1158234549845N01148957EA010270118700000381660374
B1158244549841N01148954EA010290118900000331870374
B1158254549837N01148950EA010320119100000332080374
B1158264549834N01148945EA010350119400000272220374
B1158274549833N01148940EA010380119600000272360374
B1158284549831N01148934EA010390119700000312440374
B1158294549830N01148927EA010400119800000312520374
B1158304549827N01148919EA010410119900000382480374
B1158314549825N01148912EA010410119900000382460374
B1158324549823N01148905EA010420120000000312440377
B1158334549821N01148900EA010430120300000312420377
B1158344549819N01148896EA010450120500000222420377
B1158354549818N01148891EA010470120600000222420377
B1158364549816N01148886EA010470120500000262440377
B1158374549814N01148881EA010460120400000262460377
B1158384549812N01148874EA010440120200000372460377
B1158394549810N01148866EA010420120100000422460377
B1158404549808N01148857EA010400120000000422440365
B1158414549806N01148848EA010400120100000412500365
B1158424549806N01148840EA010410120200000392580365
B1158434549806N01148831EA010420120400000382680365
B1158444549805N01148823EA010430120500000382680365
B1158454549805N01148815EA010440120500000402640365
B1158464549804N01148806EA010430120400000422600368
B1158474549803N01148796EA010430120400000442600368
B1158484549802N01148787EA010420120400000432640368
B1158494549802N01148777EA010420120300000422660368
B1158504549801N01148768EA010420120200000442660368
B1158514549800N01148758EA010410120100000472620372
B1158524549798N01148748EA010380119800000512580372
B1158534549796N01148736EA010360119600000552540372
B1158544549793N01148725EA010330119500000572520372
B1158554549790N01148713EA010320119600000552500372
B1158564549788N01148703EA010330119800000472480374
B1158574549786N01148696EA010390120300000472460374
B1158584549784N01148691EA010450121000000242440374
B1158594549782N01148687EA010500121400000242420374
B1159004549780N01148683EA010540121600000242410374
B1159014549778N01148678EA010550121600000242400374
B1159024549775N01148672EA010540121500000362360374
B1159034549771N01148665EA010520121400000362320374
B1159044549767N01148659EA010520121400000382280378
B1159054549764N01148654EA010530121600000382240378
B1159064549761N01148649EA010550121800000282250378
B1159074549758N01148645EA010570122100000282260364
B1159084549755N01148640EA010590122200000272280364
B1159094549752N01148636EA010610122300000272300364
B1159104549750N01148630EA010620122400000322300364
B1159114549747N01148625EA010630122600000322300364
B1159124549744N01148620EA010640122800000312280364
B1159134549740N01148616EA010670123000000312260364
B1159144549736N01148613EA010690123300000272150364
B1159154549733N01148611EA010720123600000272040364
B1159164549730N01148610EA010760124000000161970364
B1159174549728N01148611EA010800124300000161900364
B1159184549726N01148613EA010830124600000191660364
B1159194549723N01148617EA010850124700000191420364
B1159204549721N01148622EA010860124900000301330364
B1159214549719N01148629EA010880125000000301240364
B1159224549719N01148636EA010900125200000370980364
B1159234549723N01148643EA010910125400000370720364
B1159244549729N01148647EA010930125600000440470364
B1159254549735N01148649EA010940125700000440220364
B1159264549741N01148649EA010950125800000390060364
B1159274549746N01148646EA010970125900000393500364
B1159284549751N01148643EA010990126100000353390364
B1159294549755N01148638EA011000126200000353280364
B1159304549759N01148633EA011020126300000373200378
B1159314549763N01148626EA011020126400000373120378
B1159324549766N01148619EA011020126500000393070378
B1159334549769N01148612EA011040126700000393020378
B1159344549771N01148605EA011060127000000342970379
B1159354549773N01148598EA011090127300000342920379
B1159364549774N01148591EA011110127500000332850379
B1159374549774N01148583EA011110127600000372780379
B1159384549774N01148574EA011110127600000442700379
B1159394549772N01148564EA011110127800000452640379
B1159404549770N01148556EA011110127900000402580373
B1159414549768N01148549EA011140128100000402460373
B1159424549766N01148543EA011160128300000312440373
B1159434549764N01148536EA011180128400000312420373
B1159444549763N01148528EA011180128400000372540373
B1159454549763N01148520EA011180128400000392660373
B1159464549763N01148512EA011180128300000402680373
B1159474549763N01148503EA011170128200000432680374
B1159484549762N01148493EA011160128000000452660374
B1159494549762N01148483EA011140127900000462640374
B1159504549762N01148473EA011130127800000472660374
B1159514549762N01148463EA011110127600000482700374
B1159524549763N01148452EA011100127500000492720383
B1159534549765N01148442EA011090127400000492780383
B1159544549767N01148432EA011080127300000492860383
B1159554549770N01148422EA011070127200000502920383
B1159564549773N01148412EA011060127100000512900383
B1159574549775N01148401EA011050127000000512860379
B1159584549776N01148390EA011040126900000522820379
B1159594549777N01148379EA011020126700000532800379
B1200004549778N01148367EA010990126500000542760379
B1200014549778N01148356EA010980126400000532700391
B1200024549778N01148344EA010970126300000532700391
B1200034549779N01148333EA010970126300000512720391
B1200044549779N01148323EA010970126200000472720391
B1200054549777N01148313EA010960126100000442660391
B1200064549775N01148305EA010960126000000412540415
B1200074549773N01148297EA010960126000000392480415
B1200084549771N01148289EA010950125900000402500415
B1200094549770N01148280EA010930125700000412540415
B1200104549769N01148271EA010910125400000432580415
B1200114549767N01148262EA010880125100000462560415
B1200124549765N01148252EA010840124700000492540432
B1200134549763N01148241EA010800124300000512520432
B1200144549760N01148231EA010760124000000522520432
B1200154549758N01148220EA010730123600000522520402
B1200164549755N01148210EA010690123200000512480402
B1200174549752N01148200EA010650122800000502480418
B1200184549750N01148190EA010620122400000492480418
B1200194549747N01148180EA010580122000000482480418
B1200204549744N01148170EA010540121600000492480418
B1200214549742N01148160EA010510121300000502500418
B1200224549740N01148149EA010470120900000512500441
B1200234549737N01148139EA010440120600000482500441
B1200244549735N01148130EA010430120500000442500441
B1200254549733N01148121EA010410120400000412500441
B1200264549731N01148113EA010400120300000412520441
B1200274549729N01148104EA010380120100000422520445
B1200284549727N01148095EA010360119800000432520445
B1200294549725N01148087EA010340119500000422480445
B1200304549722N01148079EA010320119300000412460445
B1200314549719N01148071EA010290119100000412400445
B1200324549716N01148063EA010270118800000442400445
B1200334549713N01148054EA010240118500000452420430
B1200344549711N01148045EA010210118200000442480430
B1200354549709N01148037EA010190118000000412480430
B1200364549707N01148028EA010180117900000392480394
B1200374549705N01148020EA010160117600000392500394
B1200384549703N01148012EA010130117300000412540394
B1200394549702N01148002EA010100116900000452560417
B1200404549700N01147992EA010070116600000482560417
B1200414549699N01147982EA010030116300000492560417
B1200424549697N01147972EA010000116000000482580417
B1200434549696N01147962EA009970115800000472580417
B1200444549695N01147952EA009950115600000452580448
B1200454549693N01147943EA009940115500000442560448
B1200464549691N01147933EA009920115400000432540448
B1200474549689N01147924EA009910115200000432520448
B1200484549687N01147915EA009890115000000452520448
B1200494549685N01147906EA009870114700000472520480
B1200504549684N01147895EA009840114400000492540480
B1200514549682N01147885EA009810114200000502560480
B1200524549680N01147875EA009790114000000492540480
B1200534549678N01147865EA009780114000000462520480
B1200544549676N01147855EA009780114000000432520492
B1200554549675N01147847EA009780114000000412560492
B1200564549674N01147838EA009790114000000392600492
B1200574549673N01147829EA009790114000000392620492
B1200584549672N01147821EA009780113800000412600492
B1200594549670N01147812EA009760113600000432560492
B1201004549669N01147803EA009740113500000442560476
B1201014549669N01147793EA009730113300000442600476
B1201024549668N01147784EA009710113100000442620476
B1201034549667N01147774EA009700113000000442640476
B1201044549666N01147765EA009680112800000452620476
B1201054549664N01147755EA009660112600000462580453
B1201064549662N01147746EA009650112400000462540453
B1201074549660N01147736EA009630112200000472500453
B1201084549657N01147727EA009610111900000482480409
B1201094549655N01147717EA009590111800000472500409
B1201104549654N01147707EA009580111800000442560418
B1201114549654N01147698EA009590111800000422640418
B1201124549655N01147689EA009580111800000422700418
B1201134549654N01147680EA009570111700000442720418
B1201144549654N01147670EA009560111500000462680418
B1201154549653N01147660EA009540111300000472620460
B1201164549652N01147649EA009520111100000482620460
B1201174549653N01147639EA009500110900000492680460
B1201184549653N01147628EA009480110700000502720460
B1201194549653N01147617EA009460110500000502720460
B1201204549653N01147606EA009440110400000492680492
B1201214549651N01147596EA009430110200000482640492
B1201224549650N01147586EA009410110000000472600492
B1201234549649N01147576EA009400109900000472580492
B1201244549648N01147566EA009390109800000472600492
B1201254549647N01147556EA009380109600000472620529
B1201264549646N01147545EA009360109400000482620529
B1201274549645N01147535EA009340109100000492620529
B1201284549644N01147524EA009320108900000502620529
B1201294549643N01147513EA009290108600000502620529
B1201304549642N01147502EA009280108400000502600571
B1201314549641N01147492EA009260108200000492600571
B1201324549640N01147481EA009240108000000492600571
B1201334549639N01147470EA009220107900000502640571
B1201344549639N01147459EA009200107600000502660606
B1201354549638N01147449EA009180107300000492660606
B1201364549638N01147438EA009160107100000482660606
B1201374549638N01147428EA009150106900000472660606
B1201384549637N01147418EA009120106700000482680606
B1201394549637N01147408EA009100106400000492660648
B1201404549636N01147397EA009070106100000502640648
B1201414549635N01147386EA009050105900000502620648
B1201424549634N01147376EA009030105800000492620648
B1201434549633N01147365EA009020105700000472620648
B1201444549632N01147355EA009010105600000472620680
B1201454549631N01147346EA008990105400000472580680
B1201464549629N01147336EA008980105400000482560680
B1201474549628N01147325EA008970105200000482560680
B1201484549627N01147315EA008960105100000472600680
B1201494549626N01147305EA008950105000000472620701
B1201504549625N01147295EA008940104900000472620701
B1201514549624N01147285EA008920104800000472600701
B1201524549622N01147275EA008910104700000472580701
B1201534549621N01147265EA008900104600000482580701
B1201544549621N01147255EA008890104600000492600723
B1201554549620N01147245EA008890104600000462620723
B1201564549619N01147235EA008900104700000442620723
B1201574549617N01147226EA008900104600000432580723
B1201584549616N01147217EA008900104600000452540723
B1201594549614N01147207EA008890104500000482540733
B1202004549612N01147196EA008870104300000522560733
B1202014549610N01147185EA008850104200000542560733
B1202024549609N01147173EA008840104100000542580733
B1202034549607N01147162EA008830104000000532580676
B1202044549606N01147151EA008830104000000522600667
B1202054549605N01147140EA008830104000000522600667
B1202064549603N01147128EA008820103800000532600667
B1202074549602N01147117EA008800103700000542600667
B1202084549602N01147105EA008780103500000552640674
B1202094549601N01147093EA008760103200000562640674
B1202104549600N01147081EA008740103000000542640674
B1202114549599N01147069EA008730102900000532620674
B1202124549599N01147058EA008710102700000522620682
B1202134549598N01147047EA008700102600000522660682
B1202144549598N01147036EA008680102400000522660682
B1202154549597N01147025EA008670102200000522640682
B1202164549595N01147013EA008650102000000532600682
B1202174549594N01147002EA008630101900000532600691
B1202184549593N01146990EA008620101700000542620691
B1202194549593N01146979EA008600101600000532640691
B1202204549592N01146968EA008590101500000522640691
B1202214549591N01146956EA008580101400000522620726
B1202224549590N01146945EA008570101300000522600726
B1202234549589N01146934EA008560101100000522620726
B1202244549588N01146923EA008550101000000532640726
B1202254549587N01146912EA008530100800000522640726
B1202264549586N01146900EA008510100500000522620731
B1202274549585N01146889EA008480100300000532620731
B1202284549584N01146878EA008460100000000532620731
B1202294549583N01146866EA008430099800000532620731
B1202304549581N01146855EA008410099600000512600694
B1202314549580N01146844EA008400099500000502580694
B1202324549578N01146834EA008390099400000502580694
B1202334549577N01146823EA008380099300000482600694
B1202344549576N01146813EA008370099100000472620694
B1202354549575N01146803EA008360099000000472600681
B1202364549574N01146792EA008350098800000492580681
B1202374549573N01146781EA008330098600000532600681
B1202384549572N01146770EA008310098400000542620681
B1202394549571N01146758EA008300098300000522640666
B1202404549571N01146747EA008290098200000502660666
B1202414549570N01146736EA008290098200000502660666
B1202424549569N01146725EA008280098200000522640666
B1202434549569N01146714EA008280098100000542640666
B1202444549568N01146702EA008270098000000562620640
B1202454549567N01146690EA008270098100000572620640
B1202464549566N01146678EA008280098300000552640640
B1202474549566N01146667EA008310098600000462660640
B1202484549566N01146659EA008360099200000352660603
B1202494549566N01146652EA008420099700000352660603
B1202504549566N01146645EA008460100000000312680603
B1202514549565N01146638EA008490100200000312700603
B1202524549565N01146629EA008500100200000432660603
B1202534549563N01146620EA008490100100000462600603
B1202544549560N01146611EA008490100200000442480576
B1202554549556N01146605EA008510100400000442360541
B1202564549554N01146600EA008540100800000252360541
B1202574549553N01146596EA008580101200000252360541
B1202584549552N01146592EA008610101400000172470541
B1202594549551N01146588EA008630101400000172580541
B1203004549549N01146583EA008620101300000282520541
B1203014549547N01146577EA008600101100000282460541
B1203024549545N01146571EA008590100900000322420541
B1203034549542N01146565EA008570100800000322380541
B1203044549540N01146559EA008560100800000322390588
B1203054549538N01146552EA008550100600000322400588
B1203064549536N01146545EA008530100500000392440588
B1203074549534N01146536EA008520100400000402480588
B1203084549533N01146528EA008510100400000412540588
B1203094549532N01146519EA008510100500000412620588
B1203104549532N01146510EA008520100600000392640634
B1203114549530N01146503EA008540100900000392580634
B1203124549528N01146499EA008570101200000232450634
B1203134549526N01146495EA008600101500000232320634
B1203144549524N01146493EA008630101800000182290634
B1203154549522N01146490EA008650102000000182260634
B1203164549520N01146487EA008670102200000182230634
B1203174549518N01146485EA008690102300000182200634
B1203184549516N01146482EA008700102400000202240634
B1203194549515N01146478EA008720102600000202280634
B1203204549514N01146472EA008730102600000302500634
B1203214549514N01146465EA008730102700000302660634
B1203224549514N01146457EA008740103000000332700689
B1203234549514N01146451EA008760103200000332660689
B1203244549513N01146445EA008790103500000242620689
B1203254549512N01146440EA008820103800000242580689
B1203264549512N01146435EA008840104000000272620689
B1203274549512N01146428EA008860104100000272660689
B1203284549511N01146421EA008870104300000332640689
B1203294549511N01146414EA008890104400000332620689
B1203304549511N01146407EA008900104600000332680748
B1203314549512N01146400EA008920104700000332740748
B1203324549514N01146392EA008930104800000382840748
B1203334549516N01146384EA008940105000000392860748
B1203344549518N01146376EA008960105100000392880748
B1203354549522N01146370EA008970105300000392960748
B1203364549526N01146364EA008990105500000393090748
B1203374549531N01146360EA009010105600000393220816
B1203384549537N01146358EA009020105700000423350816
B1203394549544N01146358EA009030105700000423480816
B1203404549552N01146360EA009030105800000510000816
B1203414549558N01146365EA009030105900000510160748
B1203424549563N01146372EA009040106000000450330705
B1203434549566N01146380EA009050106200000450500705
B1203444549566N01146387EA009070106300000340710705
B1203454549565N01146394EA009080106400000340920705
B1203464549562N01146399EA009100106500000271080705
B1203474549560N01146403EA009110106700000271240705
B1203484549556N01146406EA009130106900000261350748
B1203494549553N01146408EA009140107100000261460748
B1203504549549N01146408EA009160107200000251660748
B1203514549546N01146406EA009170107400000251860748
B1203524549543N01146401EA009180107500000272100748
B1203534549541N01146395EA009190107600000272340748
B1203544549540N01146388EA009210107700000342480748
B1203554549540N01146381EA009220107700000342620748
B1203564549541N01146373EA009230107800000342700748
B1203574549542N01146366EA009230107900000342780748
B1203584549543N01146359EA009240108000000352830816
B1203594549546N01146351EA009250108000000382880816
B1204004549548N01146344EA009250108100000412920816
B1204014549552N01146336EA009250108100000432960816
B1204024549555N01146328EA009250108200000432980816
B1204034549558N01146320EA009260108300000393000816
B1204044549561N01146313EA009270108400000373010783
B1204054549564N01146306EA009280108500000373020852
B1204064549567N01146300EA009290108600000373010852
B1204074549571N01146293EA009290108600000373000852
B1204084549574N01146285EA009300108700000413040852
B1204094549578N01146279EA009300108800000413080852
B1204104549582N01146272EA009310108900000383080852
B1204114549585N01146266EA009330109100000383080852
B1204124549589N01146259EA009340109300000403090917
B1204134549594N01146253EA009360109500000403100917
B1204144549600N01146249EA009380109600000443230917
B1204154549606N01146246EA009400109800000443360917
B1204164549613N01146243EA009410109900000443370904
B1204174549619N01146238EA009440110100000443380904
B1204184549625N01146234EA009450110300000453370904
B1204194549631N01146232EA009480110600000453360904
B1204204549638N01146233EA009500110800000443360904
B1204234549656N01146243EA009550111300000360240904
B1204244549659N01146248EA009570111600000270370958
B1204254549660N01146253EA009590111800000270500958
B1204264549659N01146257EA009610111800000220830958
B1204274549656N01146260EA009610111800000221160904
B1204284549651N01146261EA009600111700000311450904
B1204294549647N01146261EA009610111900000311740904
B1204304549644N01146258EA009630112300000211940904
B1204314549642N01146255EA009670112600000212140904
B1204324549640N01146251EA009690112800000232240904
B1204334549638N01146247EA009700112900000232340904
B1204344549635N01146241EA009710113000000302370904
B1204354549634N01146235EA009720113200000302400904
B1204364549636N01146228EA009740113300000362660904
B1204374549639N01146221EA009740113400000362920904
B1204384549645N01146214EA009740113400000513070904
B1204394549651N01146208EA009750113500000513220937
B1204404549658N01146205EA009760113700000483330937
B1204414549665N01146203EA009780113800000483440977
B1204424549672N01146204EA009800114000000473530977
B1204434549680N01146205EA009810114000000500020977
B1204444549687N01146209EA009810114000000500120977
B1204454549692N01146214EA009810114100000500220958
B1204464549695N01146220EA009830114300000320440958
B1204474549696N01146226EA009840114500000320660958
B1204484549694N01146231EA009860114600000220900958
B1204494549693N01146235EA009870114700000221140958
B1204504549691N01146239EA009890114900000201170958
B1204514549689N01146242EA009910115000000201200958
B1204524549687N01146245EA009930115100000181330958
B1204534549684N01146246EA009940115200000181460958
B1204544549681N01146245EA009940115200000221670958
B1204554549678N01146244EA009940115300000221880958
B1204564549674N01146242EA009950115300000241970958
B1204574549672N01146238EA009960115500000242060958
B1204584549671N01146234EA009980115700000222290958
B1204594549670N01146229EA010000115900000222520958
B1205004549671N01146222EA010010115900000312630958
B1205014549671N01146215EA010010115800000312740958
B1205024549672N01146207EA010010115800000382740977
B1205034549672N01146199EA010000115700000392740977
B1205044549672N01146191EA010000115800000352700977
B1205054549671N01146184EA010010115900000352620977
B1205064549670N01146177EA010020116100000302610977
B1205074549669N01146171EA010040116300000302600977
B1205084549668N01146164EA010050116500000332610977
B1205094549668N01146157EA010070116700000332620997
B1205104549669N01146150EA010090117000000312720997
B1205114549670N01146144EA010120117100000312820997
B1205124549672N01146137EA010130117200000322850997
B1205134549674N01146130EA010140117200000322880997
B1205144549676N01146122EA010140117200000392920997
B1205154549680N01146115EA010140117300000392960997
B1205164549683N01146107EA010150117400000413000991
B1205174549687N01146100EA010160117500000423040991
B1205184549692N01146094EA010170117700000453130991
B1205194549698N01146089EA010190117800000453220991
B1205204549705N01146084EA010190118000000513290991
B1205214549712N01146080EA010220118200000513360994
B1205224549719N01146078EA010250118600000463420994
B1205234549726N01146077EA010270118800000463480994
B1205244549732N01146079EA010290119100000420000994
B1205254549737N01146082EA010320119300000420120994
B1205264549742N01146085EA010340119500000330220994
B1205274549745N01146090EA010360119600000330320994
B1205284549747N01146096EA010370119700000290530994
B1205294549746N01146102EA010370119800000290740994
B1205304549744N01146106EA010380119900000271050994
B1205314549740N01146108EA010390120000000271360994
B1205324549737N01146108EA010410120300000211640994
B1205334549734N01146106EA010430120500000211920994
B1205344549732N01146102EA010460120700000202140994
B1205354549732N01146098EA010480120800000202360994
B1205364549732N01146091EA010500120900000352610994
B1205374549736N01146083EA010500120900000462860994
B1205384549742N01146076EA010490120900000553040994
B1205394549749N01146070EA010480121000000553220994
B1205404549756N01146068EA010500121300000463220994
B1205414549762N01146069EA010530121600000363521005
B1205424549766N01146072EA010570122000000310081005
B1205434549770N01146075EA010600122100000310241005
B1205444549773N01146080EA010620122200000270411005
B1205454549773N01146085EA010630122200000270581005
B1205464549772N01146091EA010620122300000270861005
B1205474549769N01146095EA010630122400000271141005
B1205484549767N01146098EA010640122600000211291005
B1205494549764N01146100EA010670122800000211441005
B1205504549762N01146100EA010690123100000171641005
B1205514549759N01146098EA010700123200000171841005
B1205524549756N01146094EA010710123200000292070994
B1205534549754N01146088EA010720123300000292300994
B1205544549754N01146079EA010730123400000412560994
B1205554549757N01146070EA010740123600000462780994
B1205564549761N01146062EA010750123800000462961005
B1205574549766N01146056EA010780124100000463100983
B1205584549772N01146052EA010810124500000413250983
B1205594549778N01146051EA010840124800000413400983
B1206004549784N01146053EA010850124900000413580983
B1206014549789N01146057EA010870125000000410160983
B1206024549793N01146062EA010890125200000330331005
B1206034549795N01146068EA010910125400000330501005
B1206044549794N01146073EA010930125600000250781005
B1206054549791N01146077EA010930125600000251061005
B1206064549788N01146078EA010940125600000301431005
B1206074549783N01146075EA010940125700000301801005
B1206084549780N01146069EA010960125900000372101005
B1206094549779N01146061EA010980126100000372400983
B1206104549780N01146054EA011010126500000372630983
B1206114549783N01146046EA011030126800000382860983
B1206124549787N01146040EA011060127000000413000983
B1206134549792N01146034EA011080127200000413140983
B1206144549797N01146030EA011110127500000393240983
B1206154549802N01146028EA011130127700000393340983
B1206164549808N01146029EA011150127800000413540983
B1206174549814N01146034EA011150127900000410141004
B1206184549817N01146040EA011160128000000370351004
B1206194549819N01146046EA011180128200000370561004
B1206204549818N01146051EA011200128500000230811004
B1206214549816N01146055EA011230128700000231061004
B1206224549812N01146057EA011240128800000261371004
B1206234549808N01146056EA011250128900000261680983
B1206244549804N01146052EA011270129100000311970983
B1206254549802N01146046EA011280129300000312260983
B1206264549803N01146038EA011300129500000402520983
B1206274549805N01146029EA011310129700000442780983
B1206284549810N01146022EA011320129900000452991004
B1206294549816N01146018EA011340130100000453201004
B1206304549822N01146016EA011370130400000443361004
B1206314549829N01146017EA011400130700000443521004
B1206324549834N01146020EA011430130900000400081004
B1206334549839N01146025EA011450131200000400241004
B1206344549842N01146032EA011470131400000340451004
B1206354549842N01146038EA011490131500000340661004
B1206364549839N01146044EA011500131700000310981004
B1206374549835N01146047EA011510131700000311301004
B1206384549830N01146047EA011520131800000291591004
B1206394549827N01146044EA011540132100000291881004
B1206404549825N01146040EA011570132500000242161004
B1206414549825N01146034EA011600132800000242441004
B1206424549825N01146028EA011630132900000322661004
B1206434549827N01146020EA011640133100000402801004
B1206444549832N01146013EA011650133200000462991004
B1206454549838N01146009EA011660133400000463180973
B1206464549846N01146009EA011670133600000503420973
B1206474549853N01146012EA011680133800000500021004
B1206484549858N01146017EA011710134200000370231004
B1206494549860N01146023EA011740134500000370441014
B1206504549860N01146028EA011780134800000230701014
B1206514549858N01146032EA011800134900000230961004
B1206524549855N01146035EA011820134800000261221004
B1206534549851N01146038EA011810134800000261481004
B1206544549847N01146042EA011800134900000341491004
B1206554549843N01146045EA011820135100000341501004
B1206564549840N01146049EA011840135500000251441004
B1206574549837N01146053EA011880135900000251381004
B1206584549834N01146056EA011900136100000251401004
B1206594549831N01146058EA011930136400000251421004
B1207004549827N01146059EA011950136600000241611004
B1207014549824N01146057EA011980136900000241801004
B1207024549822N01146051EA012010137200000302171004
B1207034549823N01146043EA012030137400000392541004
B1207044549827N01146035EA012040137500000482841004
B1207054549833N01146029EA012050137700000483081004
B1207064549841N01146027EA012070137900000533321004
B1207074549848N01146030EA012100138300000533561004
B1207084549854N01146036EA012130138500000470211004
B1207094549857N01146044EA012150138800000470461004
B1207104549858N01146053EA012170139000000400681004
B1207114549856N01146060EA012210139300000400901004
B1207124549855N01146065EA012240139700000221061040
B1207134549853N01146068EA012280140000000221221040
B1207144549850N01146071EA012320140300000201341040
B1207154549847N01146072EA012340140500000201461040
B1207164549843N01146073EA012350140700000251621040
B1207174549839N01146072EA012360140700000251781040
B1207184549835N01146072EA012370140800000271811040
B1207194549831N01146071EA012390141000000271841040
B1207204549827N01146071EA012400141200000251831040
B1207214549824N01146071EA012420141300000251821040
B1207224549820N01146070EA012440141500000231861040
B1207234549817N01146069EA012450141500000231901040
B1207244549812N01146068EA012460141600000291861040
B1207254549808N01146069EA012460141600000291821005
B1207264549803N01146069EA012470141800000291761005
B1207274549799N01146071EA012490141900000291701005
B1207284549795N01146072EA012510142100000271661005
B1207294549791N01146074EA012530142300000271621005
B1207304549787N01146075EA012540142500000281651005
B1207314549783N01146076EA012570142800000281681005
B1207324549780N01146075EA012600143100000221791005
B1207334549777N01146074EA012630143500000221901005
B1207344549775N01146072EA012670143800000152031005
B1207354549774N01146069EA012710144200000152161005
B1207364549773N01146063EA012730144400000312381005
B1207374549773N01146055EA012740144500000412600983
B1207384549776N01146046EA012750144600000452780983
B1207394549781N01146039EA012770144900000452980983
B1207404549788N01146035EA012790145200000493210983
B1207414549795N01146036EA012810145400000493440983
B1207424549802N01146040EA012840145700000483440983
B1207434549807N01146046EA012870146000000450260983
B1207444549810N01146053EA012900146300000400441004
B1207454549811N01146061EA012920146500000400621004
B1207464549810N01146067EA012940146600000300871040
B1207474549807N01146072EA012960146800000301121005
B1207484549804N01146073EA012970147000000251401005
B1207494549800N01146073EA013000147200000251681005
B1207504549798N01146070EA013030147500000201921005
B1207514549796N01146067EA013050147700000202161005
B1207524549794N01146062EA013080147900000292311005
B1207534549793N01146054EA013080148000000362460983
B1207544549793N01146046EA013090148000000402600983
B1207554549795N01146038EA013100148200000422760983
B1207564549799N01146031EA013120148400000432950983
B1207574549805N01146026EA013130148600000433140983
B1207584549811N01146023EA013150148800000433311004
B1207594549817N01146024EA013180149100000433481004
B1208004549823N01146028EA013200149300000430101004
B1208014549828N01146035EA013210149300000430321004
B1208024549830N01146044EA013210149300000470521004
B1208034549831N01146053EA013210149400000410721004
B1208044549830N01146060EA013230149700000300931004
B1208054549827N01146064EA013260150000000301141040
B1208064549823N01146064EA013280150100000251471040
B1208074549820N01146062EA013290150200000251801040
B1208084549817N01146056EA013300150300000342101004
B1208094549816N01146049EA013310150400000342401004
B1208104549817N01146041EA013320150600000392641004
B1208114549820N01146033EA013340150800000422881004
B1208124549826N01146028EA013360151000000443091004
B1208134549832N01146026EA013380151200000443301004
B1208144549839N01146028EA013400151400000443541004
B1208154549844N01146033EA013410151500000440181004
B1208164549848N01146041EA013420151500000430391004
B1208174549849N01146049EA013430151600000430601004
B1208184549848N01146056EA013430151700000340831004
B1208194549846N01146061EA013450151900000341061004
B1208204549843N01146064EA013460152100000241281040
B1208214549840N01146066EA013490152300000241501040
B1208224549837N01146066EA013510152500000191671040
B1208234549834N01146064EA013520152500000191841040
B1208244549832N01146060EA013530152600000242141004
B1208254549831N01146054EA013540152700000242441004
B1208264549832N01146046EA013540152700000372641004
B1208274549832N01146037EA013550152700000422721004
B1208284549830N01146028EA013540152700000432681004
B1208294549827N01146020EA013540152900000422521004
B1208304549823N01146014EA013550153000000382361004
B1208314549819N01146009EA013570153200000382200973
B1208324549817N01146004EA013600153400000292290973
B1208334549815N01145998EA013610153600000292380973
B1208344549813N01145992EA013620153600000312420973
B1208354549810N01145986EA013610153500000312460973
B1208364549807N01145979EA013600153300000382410960
B1208374549804N01145971EA013570153100000472360960
B1208384549800N01145962EA013540152900000522360960
B1208394549796N01145952EA013530153000000532380944
B1208404549792N01145942EA013530153100000512400944
B1208414549789N01145934EA013560153500000432400944
B1208424549786N01145927EA013610154100000302420944
B1208434549785N01145922EA013670154700000302440944
B1208444549784N01145918EA013730155200000192470944
B1208454549783N01145914EA013770155500000192500944
B1208464549782N01145908EA013800155700000282510934
B1208474549780N01145902EA013800155700000282520934
B1208484549778N01145894EA013810155800000402520934
B1208494549776N01145885EA013800155800000452520934
B1208504549774N01145875EA013780155700000482520934
B1208514549772N01145865EA013770155600000482500934
B1208524549769N01145856EA013760155600000482480926
B1208534549766N01145846EA013760155600000472480926
B1208544549764N01145837EA013760155700000462480926
B1208554549761N01145828EA013770155700000462480926
B1208564549758N01145818EA013770155700000462480919
B1208574549756N01145809EA013770155700000472480910
B1208584549752N01145799EA013760155500000502460910
B1208594549749N01145789EA013740155400000522440910
B1209004549745N01145779EA013730155300000532420910
B1209014549742N01145769EA013720155300000522420910
B1209024549738N01145760EA013720155300000502420911
B1209034549735N01145750EA013730155400000482420911
B1209044549731N01145742EA013740155600000452420911
B1209054549728N01145733EA013750155700000432400911
B1209064549725N01145726EA013770155700000412380911
B1209074549721N01145719EA013780155800000412360911
B1209084549718N01145712EA013790155800000382340911
B1209094549714N01145705EA013790155700000382320907
B1209104549710N01145699EA013770155500000402300907
B1209114549706N01145692EA013750155200000402280916
B1209124549701N01145684EA013720154800000502280916
B1209134549696N01145675EA013680154300000532280916
B1209144549691N01145666EA013630153900000562280916
B1209154549685N01145656EA013580153400000592300908
B1209164549680N01145646EA013540153000000612320908
B1209174549675N01145635EA013500152700000592320908
B1209184549669N01145625EA013470152500000562320908
B1209194549665N01145616EA013460152300000542320908
B1209204549660N01145606EA013440152000000542340895
B1209214549655N01145596EA013410151700000562360878
B1209224549650N01145586EA013380151400000572340878
B1209234549645N01145577EA013350151100000572320878
B1209244549640N01145567EA013320150800000562300878
B1209254549635N01145558EA013300150600000552300853
B1209264549629N01145548EA013280150400000552320853
B1209274549625N01145539EA013260150200000552320853
B1209284549620N01145529EA013230149900000562320853
B1209294549615N01145519EA013210149600000562340853
B1209304549610N01145509EA013180149400000572340808
B1209314549605N01145499EA013160149100000572340808
B1209324549600N01145490EA013130148900000562320808
B1209334549595N01145480EA013110148700000552320808
B1209344549590N01145470EA013090148400000552340808
B1209354549585N01145460EA013070148200000562340765
B1209364549579N01145451EA013040147900000562320765
B1209374549574N01145442EA013020147700000552300765
B1209384549569N01145433EA013010147600000522280765
B1209394549564N01145425EA013000147500000502280765
B1209404549559N01145417EA012990147400000482300765
B1209414549555N01145408EA012980147300000472300693
B1209424549550N01145400EA012970147200000472320693
B1209434549546N01145392EA012950146900000492320693
B1209444549541N01145384EA012930146700000512320693
B1209454549536N01145375EA012900146400000532320693
B1209464549531N01145365EA012870146100000552300693
B1209474549526N01145356EA012840145800000562300649
B1209484549521N01145346EA012810145600000552320649
B1209494549516N01145337EA012790145400000532340649
B1209504549512N01145328EA012770145300000512320649
B1209514549507N01145320EA012770145300000482280652
B1209524549501N01145313EA012760145200000472250652
B1209534549496N01145306EA012760145100000472220599
B1209544549491N01145299EA012740144900000492240599
B1209554549486N01145291EA012720144800000502260599
B1209564549481N01145282EA012700144600000492280599
B1209574549477N01145274EA012690144400000482280599
B1209584549472N01145267EA012680144300000472270599
B1209594549467N01145260EA012670144200000472260527
B1210004549462N01145252EA012660144100000452260527
B1210014549458N01145245EA012650143900000462260559
B1210024549453N01145237EA012630143700000482280559
B1210034549448N01145229EA012610143500000492280559
B1210044549443N01145221EA012580143200000492280559
B1210054549438N01145213EA012560143100000472260559
B1210064549434N01145206EA012550143000000442260515
B1210074549429N01145199EA012550143000000442260515
B1210084549425N01145193EA012550142900000412240515
B1210094549420N01145187EA012540142800000412220515
B1210104549415N01145180EA012520142600000442220515
B1210114549410N01145173EA012500142400000442220515
B1210124549406N01145166EA012480142200000462240509
B1210134549401N01145159EA012470142000000462260449
B1210144549397N01145151EA012450141900000462280449
B1210154549392N01145143EA012430141600000472300449
B1210164549387N01145135EA012410141400000472280449
B1210174549383N01145128EA012390141200000472280449
B1210184549379N01145120EA012370141100000432300449
B1210194549375N01145113EA012360140900000432320449
B1210204549371N01145105EA012340140700000432320391
B1210214549368N01145098EA012310140500000432320391
B1210224549364N01145091EA012300140200000382340391
B1210234549361N01145084EA012280140000000382360391
B1210244549357N01145078EA012260139800000372310363
B1210254549353N01145072EA012240139600000372260363
B1210264549349N01145066EA012220139400000382260363
B1210274549345N01145060EA012200139100000382260364
B1210284549341N01145054EA012170138800000412260364
B1210294549336N01145047EA012140138500000412260364
B1210304549332N01145041EA012110138200000412250364
B1210314549328N01145035EA012090138000000412240364
B1210324549324N01145028EA012070137700000392280364
B1210334549321N01145021EA012060137600000392320364
B1210344549318N01145014EA012040137300000372330364
B1210354549314N01145008EA012010136900000372340392
B1210364549310N01145001EA011960136400000412310392
B1210374549306N01144994EA011910135900000412280373
B1210384549301N01144988EA011860135300000452220373
B1210394549295N01144983EA011810134900000452160373
B1210404549290N01144978EA011780134600000442120373
B1210414549284N01144973EA011750134400000442080373
B1210424549279N01144968EA011730134200000402110373
B1210434549274N01144964EA011710134100000402140373
B1210444549270N01144959EA011700134000000342160427
B1210454549266N01144954EA011700133900000342180427
B1210464549263N01144949EA011690133800000322200427
B1210474549259N01144944EA011670133500000322220427
B1210484549254N01144939EA011640133100000402190419
B1210494549249N01144934EA011610132800000402160419
B1210504549244N01144928EA011580132500000452170419
B1210514549238N01144922EA011550132300000452180419
B1210524549233N01144916EA011530132200000442190419
B1210534549229N01144909EA011520132100000442200455
B1210544549224N01144903EA011510131900000432220455
B1210554549219N01144896EA011490131800000432240455
B1210564549215N01144889EA011470131600000462260455
B1210574549210N01144881EA011450131400000472280455
B1210584549205N01144873EA011430131300000472280433
B1210594549201N01144866EA011420131200000472280433
B1211004549196N01144858EA011420131100000442280517
B1211014549192N01144851EA011410131100000432280517
B1211024549188N01144845EA011410131100000422280517
B1211034549183N01144838EA011410131100000422280517
B1211044549179N01144830EA011410131100000432300517
B1211054549176N01144823EA011410131100000432320517
B1211064549172N01144815EA011410131100000442340517
B1211074549168N01144807EA011410131100000452340570
B1211084549164N01144799EA011400131000000452340570
B1211094549160N01144791EA011390130900000452340570
B1211104549156N01144783EA011380130800000442340565
B1211114549152N01144776EA011370130700000442340565
B1211124549149N01144768EA011360130600000412340565
B1211134549145N01144761EA011360130500000412340632
B1211144549141N01144754EA011350130400000402320632
B1211154549137N01144747EA011340130200000402300632
B1211164549133N01144740EA011320130000000462300632
B1211174549129N01144732EA011290129800000472300632
B1211184549125N01144723EA011280129800000462320632
B1211194549121N01144715EA011290129800000432360632
B1211204549118N01144708EA011310130000000362350672
B1211214549116N01144703EA011340130300000362340672
B1211224549113N01144699EA011370130500000222320672
B1211234549111N01144696EA011400130700000222300672
B1211244549109N01144692EA011410130700000232280662
B1211254549106N01144688EA011410130600000232260662
B1211264549102N01144683EA011390130400000362250662
B1211274549098N01144677EA011370130300000362240662
B1211284549093N01144670EA011350130100000432240662
B1211294549089N01144664EA011330130000000432240662
B1211304549084N01144657EA011320129900000422240702
B1211314549080N01144651EA011310129800000422240702
B1211324549075N01144644EA011300129700000442230702
B1211334549070N01144637EA011280129600000442220702
B1211344549064N01144631EA011260129400000492200702
B1211354549058N01144624EA011240129300000492180683
B1211364549053N01144616EA011230129200000502200683
B1211374549048N01144609EA011230129300000502240714
B1211384549043N01144601EA011240129400000452260714
B1211394549039N01144594EA011260129600000452260714
B1211404549035N01144588EA011280129900000372260714
B1211414549031N01144583EA011320130300000372260714
B1211424549028N01144581EA011370130800000222140714
B1211434549025N01144581EA011420131300000222020714
B1211444549024N01144584EA011480131700000181610714
B1211454549023N01144589EA011510132000000181200714
B1211464549023N01144596EA011530132000000371020714
B1211474549025N01144605EA011530131900000460840714
B1211484549029N01144614EA011540132000000490720683
B1211494549035N01144620EA011550132200000490500683
B1211504549043N01144622EA011570132400000540260683
B1211514549051N01144619EA011580132600000520020683
B1211524549057N01144614EA011600132800000463400683
B1211534549061N01144607EA011630133100000463200742
B1211544549063N01144599EA011660133400000363020742
B1211554549064N01144592EA011680133600000362860742
B1211564549063N01144586EA011710133900000262740742
B1211574549062N01144581EA011730134000000262620742
B1211584549060N01144578EA011750134200000232400742
B1211594549057N01144576EA011770134400000232180714
B1212004549054N01144574EA011790134700000172070714
B1212014549052N01144573EA011820134900000171960714
B1212024549050N01144573EA011840135100000151900714
B1212034549047N01144574EA011850135300000151840714
B1212044549046N01144578EA011860135300000251480714
B1212054549045N01144586EA011860135200000251120714
B1212064549046N01144594EA011850135100000440940714
B1212074549049N01144603EA011850135100000460760714
B1212084549054N01144611EA011840135100000470590714
B1212094549060N01144616EA011850135100000470420702
B1212104549067N01144618EA011850135200000490230702
B1212114549075N01144616EA011860135200000480040702
B1212124549080N01144610EA011860135300000463380742
B1212134549082N01144602EA011860135400000413120742
B1212144549081N01144594EA011870135500000332800742
B1212154549078N01144590EA011880135700000332440742
B1212164549075N01144588EA011900136000000202190742
B1212174549072N01144587EA011930136300000201940742
B1212184549071N01144586EA011960136500000132050742
B1212194549069N01144584EA011970136500000132160742
B1212204549067N01144581EA011980136400000212160742
B1212214549063N01144578EA011970136400000212160742
B1212224549060N01144575EA011960136400000292120742
B1212234549056N01144572EA011970136500000292080714
B1212244549053N01144569EA011990136800000212120714
B1212254549051N01144566EA012010137000000212160714
B1212264549049N01144563EA012020137100000202210714
B1212274549046N01144560EA012020137000000202260772
B1212284549043N01144555EA012020136900000312280772
B1212294549041N01144549EA012000136800000312300772
B1212304549038N01144543EA012000136700000322360772
B1212314549036N01144537EA012000136800000322420772
B1212324549035N01144532EA012000136900000242430772
B1212334549033N01144527EA012010136900000242440772
B1212344549032N01144522EA012010136900000262490772
B1212354549031N01144516EA012000136800000262540772
B1212364549030N01144509EA012000136800000332540812
B1212374549029N01144502EA012000136800000332540812
B1212384549028N01144496EA012000136900000292560812
B1212394549027N01144490EA012010137000000292580812
B1212404549026N01144483EA012010137000000312550812
B1212414549024N01144476EA012010137000000312520812
B1212424549024N01144469EA012010137000000332600812
B1212434549025N01144463EA012020137100000332680812
B1212444549026N01144456EA012030137300000302820829
B1212454549029N01144451EA012040137300000302960829
B1212464549033N01144446EA012050137300000353060829
B1212474549038N01144441EA012050137200000353160829
B1212484549044N01144437EA012040137100000503300829
B1212494549052N01144436EA012030137100000513440829
B1212504549059N01144435EA012040137300000483500829
B1212514549066N01144434EA012060137600000483560833
B1212524549073N01144432EA012080138000000433560833
B1212534549079N01144432EA012110138300000433500833
B1212544549086N01144433EA012140138500000440000833
B1212554549091N01144437EA012150138700000440100833
B1212564549095N01144443EA012170138900000370340833
B1212574549096N01144450EA012190139000000370580833
B1212584549095N01144456EA012200139200000300870833
B1212594549092N01144460EA012210139300000301160833
B1213004549088N01144460EA012230139600000231500833
B1213014549086N01144457EA012250139700000231840833
B1213024549084N01144451EA012270139800000322220833
B1213034549085N01144443EA012280139900000392600833
B1213044549088N01144435EA012290140100000422840833
B1213054549093N01144429EA012320140400000423020833
B1213064549099N01144426EA012340140800000443230833
B1213074549106N01144426EA012370141000000443440833
B1213084549112N01144430EA012390141100000450070829
B1213094549116N01144436EA012400141300000450300829
B1213104549118N01144444EA012420141400000380530829
B1213114549118N01144451EA012440141600000380760829
B1213124549116N01144455EA012450141800000241060829
B1213134549113N01144457EA012470142000000241360829
B1213144549110N01144456EA012500142200000201690829
B1213154549108N01144452EA012520142300000202020833
B1213164549106N01144446EA012540142500000322260833
B1213174549105N01144438EA012540142500000392500833
B1213184549107N01144430EA012550142700000412700833
B1213194549109N01144422EA012570143000000402860833
B1213204549113N01144415EA012600143300000392980829
B1213214549117N01144410EA012640143700000393100816
B1213224549123N01144407EA012670144000000433270816
B1213234549130N01144406EA012680144200000433440816
B1213244549137N01144409EA012700144300000480030816
B1213254549142N01144416EA012710144500000480220829
B1213264549144N01144422EA012730144800000330510829
B1213274549143N01144428EA012760145000000330800829
B1213284549140N01144432EA012770145200000271130829
B1213294549136N01144433EA012800145400000271460829
B1213304549132N01144431EA012820145600000261770829
B1213314549130N01144426EA012850145900000262080829
B1213324549130N01144419EA012870146100000392410829
B1213334549132N01144410EA012880146200000482740816
B1213344549138N01144403EA012900146400000512990816
B1213354549145N01144399EA012910146600000513240816
B1213364549152N01144399EA012940146900000473470816
B1213374549158N01144404EA012960147100000470100816
B1213384549161N01144410EA012990147300000370360826
B1213394549162N01144417EA013010147600000370620843
B1213404549160N01144422EA013030147800000270960843
B1213414549156N01144424EA013040147900000271300829
B1213424549152N01144422EA013060148100000311680829
B1213434549149N01144417EA013080148300000312060829
B1213444549149N01144408EA013100148500000422440816
B1213454549151N01144400EA013110148700000452720816
B1213464549155N01144392EA013140148900000452960816
B1213474549161N01144388EA013160149200000453160826
B1213484549167N01144387EA013190149400000433370826
B1213494549173N01144389EA013210149600000433580826
B1213504549179N01144394EA013220149700000440180826
B1213514549182N01144402EA013230149700000440380826
B1213524549184N01144410EA013230149800000410620826
B1213534549182N01144418EA013240149900000410860843
B1213544549178N01144423EA013260150200000321160843
B1213554549174N01144423EA013280150400000321480843
B1213564549171N01144420EA013310150700000271840843
B1213574549169N01144415EA013330150900000272200843
B1213584549168N01144407EA013350151000000372480826
B1213594549169N01144399EA013370151200000392680826
B1214004549172N01144391EA013390151400000402820826
B1214014549176N01144385EA013410151600000403020826
B1214024549183N01144382EA013420151800000463250826
B1214034549190N01144384EA013430151900000463480826
B1214044549195N01144390EA013440151900000470160826
B1214054549198N01144398EA013450152000000470440826
B1214064549197N01144407EA013450152100000420740826
B1214074549194N01144413EA013460152200000421060826
B1214084549189N01144414EA013470152500000291440843
B1214094549186N01144411EA013500152800000291820826
B1214104549183N01144407EA013530153100000252180826
B1214114549181N01144402EA013570153300000252360826
B1214124549179N01144398EA013590153500000292330826
B1214134549175N01144392EA013600153500000292300826
B1214144549172N01144386EA013600153600000402320826
B1214154549169N01144378EA013600153700000402340826
B1214164549167N01144370EA013620154000000372420826
B1214174549165N01144363EA013650154300000372480794
B1214184549162N01144357EA013670154600000342450794
B1214194549160N01144350EA013690154800000342420794
B1214204549157N01144344EA013710155000000352410785
B1214214549155N01144337EA013730155100000352400785
B1214224549152N01144329EA013740155200000402400785
B1214234549149N01144321EA013740155200000452440785
B1214244549146N01144311EA013730155100000522460728
B1214254549142N01144301EA013710155100000552420728
B1214264549138N01144291EA013710155200000512380728
B1214274549135N01144282EA013720155400000472400728
B1214284549132N01144273EA013740155600000452440728
B1214294549129N01144264EA013750155600000472480728
B1214304549126N01144255EA013750155600000472440696
B1214314549123N01144246EA013750155500000472400696
B1214324549119N01144237EA013740155300000492400696
B1214334549115N01144227EA013730155100000532400696
B1214344549111N01144216EA013700154900000562400696
B1214354549107N01144206EA013670154800000542400645
B1214364549104N01144196EA013660154800000502400645
B1214374549102N01144187EA013670154900000432420645
B1214384549100N01144178EA013680155000000412500645
B1214394549099N01144170EA013700155000000402560645
B1214404549097N01144161EA013700154800000412580606
B1214414549094N01144153EA013680154600000452500606
B1214424549090N01144144EA013660154200000472400606
B1214434549087N01144135EA013630153900000482380606
B1214444549083N01144126EA013600153600000482400606
B1214454549080N01144117EA013570153300000482420606
B1214464549076N01144108EA013540153000000492400579
B1214474549072N01144099EA013500152700000512380579
B1214484549068N01144089EA013470152300000522360579
B1214494549064N01144079EA013440152100000532380579
B1214504549060N01144069EA013420151900000522380579
B1214514549056N01144060EA013400151700000512380533
B1214524549052N01144050EA013380151500000522400533
B1214534549048N01144040EA013360151300000542400533
B1214544549044N01144030EA013330151000000562400533
B1214554549039N01144020EA013290150700000572360533
B1214564549034N01144010EA013270150500000572320498
B1214574549029N01144000EA013250150400000562320498
B1214584549025N01143990EA013240150300000552360498
B1214594549021N01143979EA013230150300000542400498
B1215004549017N01143969EA013230150200000542400498
B1215014549013N01143959EA013220150000000542400463
B1215024549008N01143949EA013210149800000562400456
B1215034549004N01143938EA013190149600000582380456
B1215044548999N01143929EA013170149500000552340456
B1215054548993N01143920EA013170149500000512300456
B1215064548988N01143913EA013180149500000482270430
B1215074548983N01143906EA013190149600000482240430
B1215084548978N01143897EA013190149600000532240430
B1215094548973N01143888EA013180149500000572280430
B1215104548968N01143877EA013170149500000592320430
B1215114548963N01143866EA013160149400000612380430
B1215124548959N01143854EA013150149200000632400453
B1215134548954N01143842EA013130149100000622420453
B1215144548949N01143831EA013130149000000602380453
B1215154548944N01143821EA013120149000000592340453
B1215164548939N01143810EA013130149100000582340416
B1215174548935N01143800EA013130149100000582360416
B1215184548930N01143789EA013140149100000552360416
B1215194548926N01143780EA013160149300000492360416
B1215204548922N01143772EA013190149500000422360416
B1215214548919N01143765EA013220149700000422360416
B1215224548917N01143758EA013240149900000392390397
B1215234548914N01143750EA013250149900000412420397
B1215244548910N01143742EA013250149800000452420397
B1215254548907N01143733EA013230149600000492380436
B1215264548902N01143724EA013210149400000522360436
B1215274548898N01143715EA013180149100000532360436
B1215284548892N01143706EA013150148800000562320411
B1215294548886N01143697EA013110148400000572260411
B1215304548880N01143688EA013080148100000592240411
B1215314548874N01143679EA013040147700000602240411
B1215324548867N01143670EA013010147400000592240411
B1215334548862N01143661EA012980147200000542240389
B1215344548857N01143653EA012970147100000472260397
B1215354548853N01143645EA012970147000000452300397
B1215364548849N01143637EA012960146800000452340397
B1215374548845N01143628EA012930146500000472380397
B1215384548841N01143621EA012900146200000472330397
B1215394548836N01143614EA012870145800000472280397
B1215404548830N01143608EA012840145500000452210354
B1215414548825N01143603EA012810145200000452140354
B1215424548820N01143598EA012780145000000412140354
B1215434548815N01143592EA012750144700000412140354
B1215444548810N01143586EA012720144400000442180354
B1215454548805N01143579EA012690144100000442220361
B1215464548800N01143573EA012660143700000462220361
B1215474548795N01143566EA012620143400000462220361
B1215484548790N01143559EA012590143000000472230315
B1215494548785N01143551EA012550142700000472240315
B1215504548780N01143544EA012520142300000472260315
B1215514548776N01143536EA012490142100000462280315
B1215524548771N01143529EA012470141900000452260315
B1215534548766N01143522EA012450141700000452240315
B1215544548761N01143516EA012430141600000452230315
B1215554548756N01143509EA012410141400000452220269
B1215564548752N01143501EA012390141100000482260269
B1215574548747N01143493EA012370140800000482280269
B1215584548742N01143486EA012340140600000482270269
B1215594548737N01143479EA012320140400000482260269
B1216004548731N01143473EA012290140200000452210269
B1216014548726N01143467EA012270140000000452160269
B1216024548722N01143461EA012260140000000382190229
B1216034548718N01143455EA012260139900000382220229
B1216044548714N01143449EA012240139700000382250229
B1216054548710N01143443EA012220139400000382280229
B1216064548706N01143436EA012190139000000432270264
B1216074548701N01143429EA012150138700000432260264
B1216084548696N01143422EA012110138300000482240264
B1216094548691N01143414EA012080138000000492220264
B1216104548686N01143407EA012040137700000482220224
B1216114548681N01143400EA012020137500000482220224
B1216124548676N01143393EA012000137300000462240224
B1216134548671N01143386EA011980137100000462260224
B1216144548666N01143378EA011960136900000472260224
B1216154548661N01143371EA011930136600000472260224
B1216164548657N01143363EA011900136300000482260286
B1216174548652N01143355EA011880136000000492260286
B1216184548647N01143347EA011850135700000502280286
B1216194548641N01143339EA011820135400000502280693
B1216204548636N01143331EA011800135300000502260286
B1216214548631N01143324EA011790135200000502240286
B1216224548627N01143317EA011780135100000422240286
B1216234548622N01143312EA011790135200000422240270
B1216244548619N01143306EA011790135200000342240270
B1216254548615N01143301EA011800135200000342240270
B1216264548611N01143296EA011790135000000352240748
B1216274548607N01143290EA011780134800000352240327
B1216284548603N01143284EA011750134500000432240327
B1216294548598N01143278EA011730134300000432240327
B1216304548593N01143272EA011710134200000422190327
B1216314548588N01143267EA011700134100000422140327
B1216324548584N01143262EA011690134000000362200283
B1216334548580N01143256EA011690133900000362260283
B1216344548577N01143250EA011670133700000382260283
B1216354548572N01143244EA011650133400000382260283
B1216364548567N01143237EA011620133000000452230283
B1216374548562N01143230EA011580132700000452200283
B1216384548557N01143222EA011540132400000512240275
B1216394548552N01143214EA011510132100000492280235
B1216404548548N01143206EA011490132000000452320235
B1216414548544N01143198EA011480132000000432320235
B1216424548540N01143191EA011470131800000422300235
B1216434548536N01143185EA011460131700000422280235
B1216444548531N01143178EA011450131500000422270235
B1216454548527N01143171EA011430131200000422260235
B1216464548522N01143164EA011400131000000462270167
B1216474548518N01143156EA011380130700000482280167
B1216484548513N01143148EA011350130500000482280167
B1216494548509N01143140EA011330130300000482300156
B1216504548505N01143131EA011310130100000462340156
B1216514548501N01143123EA011290130000000452360156
B1216524548497N01143115EA011280129800000432360156
B1216534548493N01143108EA011270129600000432320127
B1216544548489N01143102EA011260129500000392290127
B1216554548485N01143095EA011250129400000392260127
B1216564548481N01143089EA011240129300000392270127
B1216574548477N01143083EA011230129100000392280127
B1216584548473N01143076EA011210128800000422290127
B1216594548469N01143069EA011190128600000422300127
B1217004548465N01143061EA011170128500000432320119
B1217014548462N01143053EA011150128300000422340119
B1217024548458N01143046EA011150128300000402340120
B1217034548455N01143039EA011140128200000402340120
B1217044548451N01143033EA011130128100000382310120
B1217054548447N01143026EA011120128000000382280120
B1217064548443N01143020EA011110127800000412290120
B1217074548439N01143012EA011080127600000442300117
B1217084548435N01143004EA011060127300000462320117
B1217094548431N01142997EA011040127200000462320117
B1217104548427N01142990EA011040127300000392310117
B1217114548424N01142984EA011040127300000392300117
B1217124548421N01142977EA011040127300000362330117
B1217134548418N01142970EA011040127300000362360117
B1217144548415N01142963EA011030127100000412360114
B1217154548412N01142954EA011010126900000452420114
B1217164548408N01142945EA010990126700000482420120
B1217174548405N01142937EA010960126500000472380120
B1217184548401N01142928EA010950126300000472360120
B1217194548397N01142919EA010930126200000482380120
B1217204548394N01142910EA010920126100000472400117
B1217214548390N01142901EA010910126000000472400117
B1217224548386N01142892EA010900125800000482380117
B1217234548381N01142884EA010880125700000482320117
B1217244548377N01142876EA010870125600000472300117
B1217254548373N01142867EA010860125500000462320117
B1217264548370N01142859EA010850125300000462380125
B1217274548366N01142850EA010840125200000462380125
B1217284548362N01142842EA010830125000000472380125
B1217294548358N01142833EA010810124900000472360120
B1217304548354N01142825EA010800124700000472360120
B1217314548350N01142816EA010780124500000482360120
B1217324548347N01142807EA010760124400000482360128
B1217334548343N01142798EA010740124200000472360128
B1217344548339N01142790EA010730124100000462380128
B1217354548336N01142781EA010720123900000472400128
B1217364548333N01142772EA010700123800000472400128
B1217374548329N01142763EA010680123600000482400132
B1217384548326N01142753EA010670123500000472400132
B1217394548323N01142745EA010660123400000462400132
B1217404548319N01142736EA010650123300000462420132
B1217414548316N01142726EA010640123100000482440132
B1217424548313N01142717EA010620122900000492440132
B1217434548310N01142707EA010590122700000512440135
B1217444548306N01142698EA010570122500000502400131
B1217454548302N01142689EA010560122300000502360131
B1217464548298N01142680EA010550122300000482360131
B1217474548295N01142670EA010540122200000472420131
B1217484548292N01142661EA010530122200000462440132
B1217494548289N01142652EA010530122100000462440132
B1217504548285N01142644EA010520122000000462400132
B1217514548282N01142636EA010510121900000452360132
B1217524548278N01142627EA010500121800000442360132
B1217534548275N01142619EA010490121700000442380132
B1217544548272N01142610EA010480121600000442420137
B1217554548269N01142602EA010470121400000432440137
B1217564548265N01142594EA010450121300000442400137
B1217574548261N01142587EA010440121200000442340137
B1217584548257N01142580EA010430121100000402320132
B1217594548254N01142573EA010430121000000402300132
B1218004548251N01142566EA010420120900000402330132
B1218014548247N01142559EA010410120700000402360134
B1218024548243N01142551EA010390120600000432340134
B1218034548238N01142544EA010370120400000432300134
B1218044548234N01142538EA010350120200000442270134
B1218054548229N01142531EA010340120000000442240134
B1218064548226N01142524EA010330119900000382280134
B1218074548223N01142518EA010320119900000382320134
B1218084548220N01142512EA010320119800000332350144
B1218094548217N01142505EA010310119600000332380144
B1218104548214N01142499EA010290119300000352340144
B1218114548211N01142493EA010260119000000352300144
B1218124548207N01142487EA010230118700000392300135
B1218134548203N01142480EA010200118400000392300135
B1218144548200N01142474EA010180118200000362320135
B1218154548197N01142468EA010170118100000362340135
B1218164548194N01142462EA010150117900000332320175
B1218174548191N01142457EA010130117700000332300175
B1218184548187N01142451EA010110117500000352290175
B1218194548184N01142445EA010080117200000352280175
B1218204548180N01142438EA010050116900000382320175
B1218214548177N01142431EA010030116600000382360175
B1218224548175N01142423EA010000116300000402400175
B1218234548172N01142415EA009980116100000392420175
B1218244548169N01142407EA009950115900000392440215
B1218254548167N01142400EA009930115600000392440215
B1218264548164N01142392EA009910115400000382420215
B1218274548162N01142385EA009890115200000382440215
B1218284548159N01142378EA009870114900000372440206
B1218294548157N01142370EA009850114700000372440206
B1218304548154N01142363EA009830114400000392440244
B1218314548152N01142355EA009800114100000402440244
B1218324548149N01142347EA009770113800000412440244
B1218334548146N01142339EA009740113500000422440244
B1218344548144N01142330EA009700113100000442440244
B1218354548142N01142321EA009670112800000452500244
B1218364548141N01142311EA009640112500000452540279
B1218374548139N01142302EA009610112200000452560279
B1218384548138N01142293EA009590112000000442560279
B1218394548136N01142283EA009570111800000432540279
B1218404548134N01142275EA009550111600000432520279
B1218414548132N01142266EA009530111400000442500279
B1218424548130N01142256EA009510111200000442520323
B1218434548128N01142247EA009490111000000452520323
B1218444548126N01142238EA009470110800000442500323
B1218454548123N01142229EA009450110600000432480323
B1218464548121N01142221EA009430110400000432460323
B1218474548118N01142212EA009410110200000422460358
B1218484548115N01142204EA009390110000000422440358
B1218494548112N01142196EA009370109700000432400358
B1218504548109N01142188EA009340109400000442400363
B1218514548106N01142179EA009320109100000442420363
B1218524548103N01142170EA009290108900000452440363
B1218534548100N01142162EA009260108600000462440403
B1218544548097N01142153EA009250108400000462420403
B1218554548093N01142145EA009230108300000442380403
B1218564548090N01142136EA009220108100000432380403
B1218574548087N01142128EA009200107900000422380403
B1218584548084N01142120EA009180107700000432400403
B1218594548080N01142112EA009150107400000452420444
B1219004548076N01142103EA009120107000000482400444
B1219014548071N01142096EA009080106600000482320444
B1219024548065N01142089EA009050106300000512220444
B1219034548058N01142084EA009030106100000512120465
B1219044548052N01142079EA009010106000000452100465
B1219054548047N01142074EA009000106100000452080465
B1219064548043N01142070EA009010106200000302130465
B1219074548040N01142066EA009040106400000302180465
B1219084548038N01142063EA009060106600000182240506
B1219094548036N01142060EA009080106600000182300506
B1219104548034N01142056EA009070106400000242270506
B1219114548031N01142052EA009050106100000242240506
B1219124548027N01142047EA009030105900000352220506
B1219134548023N01142042EA008990105600000352200506
B1219144548018N01142036EA008970105400000412200506
B1219154548014N01142030EA008940105200000412200506
B1219164548009N01142023EA008920105100000412240544
B1219174548006N01142016EA008910105000000412280544
B1219184548002N01142009EA008900105000000412320577
B1219194547999N01142001EA008890104900000422360577
B1219204547995N01141994EA008880104700000412360577
B1219214547992N01141987EA008880104700000412360577
B1219224547990N01141981EA008880104700000332360577
B1219234547987N01141975EA008880104700000332360577
B1219244547984N01141970EA008880104600000312350577
B1219254547981N01141964EA008870104400000312340621
B1219264547978N01141958EA008840104100000352340621
B1219274547975N01141951EA008820103900000352340621
B1219284547972N01141945EA008790103600000372360621
B1219294547969N01141938EA008770103400000372360621
B1219304547966N01141932EA008760103200000352370621
B1219314547963N01141925EA008740103100000352380621
B1219324547961N01141918EA008720102900000362390621
B1219334547958N01141911EA008700102600000362400707
B1219344547955N01141904EA008670102300000412400707
B1219354547952N01141896EA008640102000000422400707
B1219364547949N01141888EA008620101800000412420707
B1219374547947N01141880EA008600101700000382440707
B1219384547945N01141873EA008590101600000342440707
B1219394547943N01141867EA008590101600000342440707
B1219404547940N01141861EA008590101500000302430749
B1219414547938N01141855EA008580101300000302420749
B1219424547936N01141848EA008560101100000362440749
B1219434547934N01141841EA008540100900000362460749
B1219444547932N01141834EA008530100800000342470749
B1219454547931N01141827EA008520100800000342480749
B1219464547929N01141821EA008520100800000292500749
B1219474547928N01141815EA008520100700000292520778
B1219484547926N01141809EA008510100600000312510778
B1219494547925N01141802EA008490100400000312500778
B1219504547922N01141795EA008480100200000352470778
B1219514547920N01141789EA008460100100000352440778
B1219524547917N01141782EA008440100000000352380778
B1219534547913N01141777EA008430099900000352320778
B1219544547910N01141772EA008430099900000332280754
B1219554547906N01141766EA008420099800000332240754
B1219564547903N01141761EA008420099800000312270739
B1219574547900N01141756EA008420099700000312300739
B1219584547896N01141752EA008410099600000332210739
B1219594547892N01141748EA008400099500000332120739
B1220004547887N01141744EA008390099300000372120739
B1220014547882N01141739EA008380099300000372120739
B1220024547878N01141734EA008370099200000372150739
B1220034547874N01141730EA008370099200000372180739
B1220044547869N01141726EA008370099200000342150739
B1220054547865N01141722EA008370099200000342120739
B1220064547860N01141717EA008360099100000372130703
B1220074547856N01141712EA008350098900000372140687
B1220084547851N01141706EA008330098800000422180687
B1220094547847N01141699EA008330098700000422220687
B1220104547842N01141693EA008320098700000402240687
B1220114547839N01141687EA008320098800000402260687
B1220124547835N01141681EA008320098800000342280687
B1220134547832N01141675EA008330098800000342300687
B1220144547829N01141670EA008330098800000312300687
B1220154547826N01141665EA008330098700000312300680
B1220164547822N01141659EA008320098600000362300680
B1220174547819N01141652EA008300098400000362300680
B1220184547815N01141646EA008290098300000382310680
B1220194547812N01141639EA008280098200000382320680
B1220204547808N01141634EA008270098200000342290664
B1220214547805N01141628EA008270098100000342260664
B1220224547802N01141623EA008260098000000332280664
B1220234547799N01141617EA008250097900000332300664
B1220244547796N01141610EA008240097800000382350633
B1220254547793N01141603EA008220097600000382400633
B1220264547790N01141595EA008210097500000382400633
B1220274547788N01141588EA008200097400000382400633
B1220284547785N01141581EA008200097400000372400633
B1220294547783N01141573EA008190097300000372460633
B1220304547781N01141566EA008190097300000382460633
B1220314547779N01141558EA008180097200000382460598
B1220324547776N01141551EA008180097100000382450598
B1220334547774N01141543EA008170097100000382440598
B1220344547772N01141536EA008170097100000382440598
B1220354547769N01141529EA008170097000000382440598
B1220364547767N01141522EA008160097000000362420598
B1220374547764N01141515EA008160096900000362400561
B1220384547761N01141508EA008150096800000352390561
B1220394547758N01141502EA008150096700000352380530
B1220404547755N01141495EA008130096600000372360530
B1220414547752N01141489EA008120096500000372340530
B1220424547749N01141482EA008120096400000362350530
B1220434547746N01141475EA008120096400000362360530
B1220444547743N01141468EA008110096400000392360530
B1220454547739N01141461EA008100096300000392360529
B1220464547736N01141454EA008090096400000392370529
B1220474547733N01141447EA008080096300000392380529
B1220484547730N01141440EA008080096200000402380529
B1220494547727N01141432EA008060096000000432380529
B1220504547723N01141423EA008040095800000462380529
B1220514547719N01141415EA008010095600000492380564
B1220524547715N01141406EA007990095400000482360564
B1220534547711N01141398EA007980095400000432360564
B1220544547709N01141390EA007990095500000392380520
B1220554547706N01141383EA008000095700000392420520
B1220564547704N01141375EA008010095700000362440520
B1220574547702N01141368EA008020095700000362460520
B1220584547699N01141359EA008010095600000422480557
B1220594547697N01141350EA008000095500000452480557
B1221004547694N01141341EA007990095400000482460557
B1221014547691N01141332EA007980095400000472460557
B1221024547689N01141323EA007990095600000442460557
B1221034547686N01141315EA008010095800000382460593
B1221044547684N01141308EA008040096100000322470593
B1221054547683N01141302EA008080096500000322480593
B1221064547681N01141297EA008110096800000242470593
B1221074547680N01141292EA008140097100000242460593
B1221084547679N01141289EA008170097400000172490593
B1221094547679N01141285EA008200097600000172520593
B1221104547678N01141282EA008230097800000162490593
B1221114547676N01141279EA008250097900000162460593
B1221124547673N01141277EA008260097900000212260593
B1221134547670N01141275EA008270098000000212060593
B1221144547667N01141274EA008280098200000221980593
B1221154547664N01141274EA008300098500000221900593
B1221164547661N01141277EA008320098700000261630593
B1221174547658N01141283EA008340098900000261360554
B1221184547657N01141291EA008350098900000401190554
B1221194547656N01141301EA008350098800000441020554
B1221204547656N01141311EA008350098800000470940554
B1221214547657N01141321EA008360098800000490860514
B1221224547659N01141332EA008360098900000510800514
B1221234547661N01141341EA008370099000000490740557
B1221244547665N01141350EA008380099200000460660557
B1221254547670N01141356EA008400099400000460520557
B1221264547676N01141359EA008410099500000420320557
B1221274547682N01141359EA008420099500000420120557
B1221284547687N01141356EA008420099500000373500557
B1221294547691N01141350EA008420099500000373280557
B1221304547694N01141344EA008430099600000323110557
B1221314547695N01141338EA008440099800000322940557
B1221324547695N01141334EA008460100100000202810557
B1221334547695N01141330EA008480100400000202680557
B1221344547693N01141327EA008510100600000172460557
B1221354547691N01141325EA008530100800000172240557
B1221364547688N01141324EA008550101000000222060557
B1221374547684N01141325EA008560101100000221880557
B1221384547680N01141328EA008580101300000321640557
B1221394547677N01141334EA008590101500000321400557
B1221404547676N01141343EA008600101500000451180557
B1221414547677N01141354EA008600101400000530940557
B1221424547681N01141364EA008590101200000560740557
B1221434547687N01141371EA008590101200000560560520
B1221444547694N01141375EA008590101300000460340520
B1221454547700N01141375EA008600101400000460120520
B1221464547705N01141373EA008610101500000333530520
B1221474547709N01141368EA008610101500000333340520
B1221484547711N01141363EA008610101600000293130594
B1221494547711N01141357EA008620101700000292920594
B1221504547711N01141352EA008630101900000222750594
B1221514547710N01141348EA008650102100000222580557
B1221524547709N01141343EA008660102300000232550557
B1221534547708N01141338EA008680102400000232520557
B1221544547706N01141332EA008690102500000282500557
B1221554547704N01141327EA008700102600000282480557
B1221564547702N01141323EA008720102900000202330557
B1221574547699N01141323EA008760103200000202180557
B1221584547696N01141325EA008780103500000271840557
B1221594547692N01141330EA008790103600000271500557
B1222004547689N01141338EA008800103600000441320557
B1222014547689N01141348EA008810103700000501140557
B1222024547691N01141357EA008810103800000490860557
B1222034547697N01141364EA008810103800000490580557
B1222044547704N01141366EA008820103900000460310520
B1222054547710N01141364EA008830104000000460040557
B1222064547715N01141360EA008840104200000353420594
B1222074547717N01141354EA008870104400000353200594
B1222084547718N01141349EA008880104600000252960594
B1222094547718N01141343EA008900104700000252720594
B1222104547717N01141339EA008920104900000222670594
B1222114547717N01141334EA008930105000000222620594
B1222124547717N01141329EA008940105100000242670594
B1222134547717N01141323EA008950105200000242720594
B1222144547716N01141318EA008960105400000252610594
B1222154547714N01141314EA008970105500000252500628
B1222164547712N01141309EA008990105700000262350628
B1222174547708N01141306EA009000105800000262200593
B1222184547705N01141304EA009020106000000252120593
B1222194547702N01141302EA009030106100000252040593
B1222204547698N01141301EA009050106200000241970593
B1222214547694N01141300EA009060106300000241900593
B1222224547689N01141299EA009050106300000331900593
B1222234547684N01141298EA009050106300000331860593
B1222244547679N01141298EA009060106400000321840593
B1222254547674N01141297EA009080106600000321820593
B1222264547670N01141297EA009090106800000291810593
B1222274547665N01141297EA009110107100000291800593
B1222284547661N01141298EA009130107300000271740593
B1222294547658N01141301EA009150107500000271680554
B1222304547654N01141305EA009170107700000321500554
B1222314547651N01141311EA009190107800000321320554
B1222324547650N01141319EA009200107900000351180514
B1222334547650N01141326EA009220108100000351020514
B1222344547651N01141333EA009250108400000350870514
B1222354547653N01141341EA009270108500000350720514
B1222364547657N01141347EA009280108500000410560514
B1222374547663N01141351EA009280108500000410400557
B1222384547669N01141353EA009270108400000430400557
B1222394547675N01141350EA009270108400000410020557
B1222404547680N01141345EA009270108400000373370557
B1222414547682N01141339EA009270108500000373120557
B1222424547683N01141332EA009280108500000322900557
B1222434547682N01141325EA009280108600000322680557
B1222444547681N01141318EA009290108700000322620557
B1222454547680N01141311EA009300108800000322560593
B1222464547679N01141304EA009300108900000342580593
B1222474547678N01141297EA009320109100000342600593
B1222484547678N01141289EA009330109300000342600593
B1222494547677N01141282EA009350109500000342620593
B1222504547677N01141274EA009370109700000352640593
B1222514547676N01141267EA009390109900000352640593
B1222524547676N01141259EA009410110100000362640624
B1222534547676N01141251EA009430110400000382680624
B1222544547677N01141243EA009460110800000382740624
B1222554547677N01141235EA009490111200000322760624
B1222564547677N01141229EA009540111700000252700624
B1222574547676N01141225EA009590112200000252640624
B1222584547675N01141222EA009630112600000172450624
B1222594547672N01141220EA009670112800000172260624
B1223004547668N01141220EA009690112900000282020624
B1223014547664N01141222EA009700113100000281780624
B1223024547660N01141227EA009720113300000341530586
B1223034547659N01141234EA009740113600000341280586
B1223044547659N01141241EA009770113900000361030586
B1223054547661N01141248EA009790114100000360780624
B1223064547666N01141254EA009820114300000400560624
B1223074547672N01141257EA009850114600000400340624
B1223084547677N01141257EA009880114900000380130624
B1223094547683N01141254EA009910115200000383520624
B1223104547687N01141249EA009940115500000343340624
B1223114547690N01141244EA009960115800000343160624
B1223124547692N01141238EA009990116000000293050624
B1223134547693N01141232EA010020116400000292940624
B1223144547692N01141227EA010050116600000232700624
B1223154547689N01141224EA010070116800000232460624
B1223164547684N01141224EA010080117000000302120624
B1223174547680N01141226EA010100117100000301780624
B1223184547676N01141230EA010120117300000311580624
B1223194547673N01141235EA010150117600000311380624
B1223204547672N01141241EA010170117900000301210624
B1223214547672N01141248EA010200118200000301040624
B1223224547673N01141255EA010220118300000370880624
B1223234547676N01141262EA010240118500000370720624
B1223244547680N01141268EA010260118700000400530593
B1223254547686N01141271EA010280119000000400340593
B1223264547691N01141272EA010310119300000370170593
B1223274547697N01141270EA010340119600000370000593
B1223284547701N01141266EA010360119800000383400593
B1223294547705N01141259EA010380120100000383200624
B1223304547705N01141253EA010400120300000322940624
B1223314547704N01141247EA010420120600000322680624
B1223324547700N01141244EA010450120900000262330624
B1223334547696N01141244EA010480121200000261980624
B1223344547692N01141247EA010510121400000311730624
B1223354547688N01141252EA010530121600000311480624
B1223364547687N01141259EA010550121800000361250624
B1223374547687N01141267EA010570122000000361020593
B1223384547690N01141275EA010590122100000400790593
B1223394547694N01141281EA010610122400000400560593
B1223404547700N01141284EA010630122600000390360593
B1223414547706N01141285EA010660122900000390160593
B1223424547711N01141284EA010680123100000370030628
B1223434547716N01141281EA010710123400000373500628
B1223444547720N01141277EA010740123700000313320628
B1223454547722N01141272EA010760124000000313140628
B1223464547723N01141267EA010790124300000222920628
B1223474547722N01141262EA010820124600000222700661
B1223484547719N01141258EA010840124700000262510661
B1223494547717N01141253EA010860124900000262320661
B1223504547713N01141250EA010880125000000302190661
B1223514547708N01141249EA010890125200000302060624
B1223524547703N01141251EA010910125400000331830624
B1223534547699N01141254EA010940125700000331600624
B1223544547695N01141258EA010970126100000291500624
B1223554547692N01141262EA011000126400000291400624
B1223564547690N01141268EA011020126600000281290593
B1223574547689N01141273EA011040126800000281180593
B1223584547688N01141280EA011060126800000321030593
B1223594547689N01141287EA011060126900000320880593
B1224004547692N01141294EA011060126900000360710593
B1224014547696N01141299EA011070127000000360540593
B1224024547701N01141304EA011080127000000370410593
B1224034547706N01141307EA011090127200000370280593
B1224044547712N01141310EA011100127300000380210628
B1224054547718N01141311EA011110127500000380140628
B1224064547723N01141310EA011120127700000400020628
B1224074547729N01141308EA011140127900000403500628
B1224084547733N01141305EA011170128300000303390628
B1224094547736N01141301EA011200128700000303280628
B1224104547738N01141297EA011240129000000193090628
B1224114547738N01141292EA011260129200000192900628
B1224124547738N01141287EA011280129300000272770628
B1224134547737N01141281EA011280129400000272640628
B1224144547736N01141275EA011300129500000302550628
B1224154547733N01141269EA011310129700000302460628
B1224164547730N01141266EA011330129900000272270628
B1224174547726N01141264EA011350130000000272080661
B1224184547721N01141263EA011350130000000301980661
B1224194547717N01141261EA011360129900000301880661
B1224204547713N01141257EA011350129700000322040661
B1224214547710N01141251EA011330129500000322200624
B1224224547709N01141244EA011300129300000362390624
B1224234547708N01141237EA011290129100000362580624
B1224244547708N01141231EA011270129100000272630624
B1224254547707N01141225EA011260129000000272680624
B1224264547706N01141221EA011250128900000252520624
B1224274547703N01141216EA011240128600000252360624
B1224284547701N01141211EA011210128300000282390655
B1224294547700N01141205EA011190128100000282420655
B1224304547698N01141197EA011160127800000382540655
B1224314547696N01141189EA011140127600000432540655
B1224324547694N01141179EA011110127500000472480655
B1224334547691N01141170EA011090127400000462460655
B1224344547689N01141161EA011090127500000422480687
B1224354547688N01141153EA011100127800000382520687
B1224364547687N01141145EA011110127800000382560687
B1224374547685N01141136EA011100127700000412580687
B1224384547683N01141128EA011090127500000422540687
B1224394547680N01141119EA011070127300000452480687
B1224404547677N01141110EA011040127000000472460701
B1224414547675N01141100EA011010126700000482460701
B1224424547672N01141090EA010980126500000492480701
B1224434547669N01141081EA010960126400000452460701
B1224444547667N01141073EA010950126300000412460701
B1224454547664N01141066EA010960126300000412440701
B1224464547661N01141060EA010960126300000322410713
B1224474547659N01141053EA010960126200000322380673
B1224484547656N01141047EA010950126000000362370673
B1224494547652N01141040EA010930125700000362360673
B1224504547648N01141033EA010900125300000452330673
B1224514547644N01141025EA010860125000000472300673
B1224524547640N01141016EA010820124700000482320673
B1224534547637N01141007EA010800124400000492360682
B1224544547634N01140997EA010770124200000502440682
B1224554547631N01140987EA010740124000000502480682
B1224564547628N01140977EA010720123800000492460682
B1224574547624N01140969EA010700123700000472420682
B1224584547620N01140961EA010690123500000452340704
B1224594547616N01140954EA010670123400000452300704
B1225004547612N01140946EA010660123200000432320704
B1225014547608N01140938EA010640123000000432360666
B1225024547605N01140929EA010620122800000442400666
B1225034547602N01140921EA010600122500000452420666
B1225044547599N01140912EA010580122300000462400671
B1225054547595N01140904EA010560122100000462380671
B1225064547592N01140895EA010540122000000452380671
B1225074547589N01140887EA010530121800000452400671
B1225084547586N01140878EA010510121700000442440671
B1225094547584N01140869EA010500121600000432460671
B1225104547581N01140860EA010490121500000442500665
B1225114547579N01140851EA010480121300000452500665
B1225124547577N01140842EA010460121100000472500665
B1225134547574N01140832EA010430120800000492480665
B1225144547571N01140823EA010410120600000492460665
B1225154547568N01140813EA010380120300000482460669
B1225164547565N01140804EA010360120100000472440669
B1225174547562N01140795EA010350120000000472440669
B1225184547558N01140786EA010330119800000472420599
B1225194547555N01140777EA010310119500000482420599
B1225204547552N01140767EA010280119300000492420599
B1225214547549N01140758EA010260119000000502440597
B1225224547546N01140748EA010230118800000492440597
B1225234547542N01140738EA010210118500000492440597
B1225244547539N01140728EA010180118300000492440597
B1225254547537N01140719EA010160118000000492460597
B1225264547534N01140709EA010140117800000492480611
B1225274547532N01140698EA010120117600000502500611
B1225284547529N01140688EA010090117300000512500611
B1225294547525N01140678EA010070117100000522460611
B1225304547521N01140668EA010040116800000522400611
B1225314547518N01140658EA010020116600000512400619
B1225324547514N01140649EA010010116500000502420619
B1225334547512N01140639EA009990116300000482440619
B1225344547509N01140629EA009980116200000472460549
B1225354547506N01140620EA009960116000000462480549
B1225364547504N01140611EA009940115700000462480559
B1225374547501N01140601EA009920115500000462480559
B1225384547499N01140592EA009890115200000462500559
B1225394547497N01140582EA009870115000000472520559
B1225404547495N01140573EA009840114700000462520559
B1225414547492N01140563EA009820114500000452500551
B1225424547489N01140555EA009810114300000442460551
B1225434547487N01140546EA009790114200000432440551
B1225444547484N01140537EA009770114000000432460551
B1225454547482N01140529EA009760113800000442480551
B1225464547479N01140520EA009730113600000452460551
B1225474547477N01140510EA009710113400000452480549
B1225484547475N01140501EA009700113300000442480549
B1225494547473N01140493EA009690113200000412500549
B1225504547471N01140484EA009680113100000392520549
B1225514547470N01140476EA009670112900000382540549
B1225524547467N01140468EA009650112600000402520549
B1225534547465N01140460EA009620112300000422480558
B1225544547462N01140452EA009590111900000432440558
B1225554547459N01140443EA009550111500000442420502
B1225564547456N01140435EA009510111200000422420502
B1225574547453N01140427EA009490110900000412420502
B1225584547450N01140419EA009460110600000422400502
B1225594547446N01140411EA009440110300000462360513
B1226004547444N01140402EA009410110100000472400513
B1226014547441N01140392EA009390110100000472460513
B1226024547440N01140383EA009380110000000462520513
B1226034547438N01140373EA009370109900000432560513
B1226044547436N01140365EA009360109800000412560551
B1226054547435N01140356EA009360109800000422540551
B1226064547433N01140347EA009350109700000442540551
B1226074547431N01140337EA009330109500000472540551
B1226084547429N01140327EA009320109300000492540551
B1226094547427N01140317EA009300109200000492520551
B1226104547425N01140307EA009300109200000482520588
B1226114547423N01140297EA009290109200000472540588
B1226124547421N01140287EA009290109200000462560588
B1226134547420N01140277EA009290109200000472560588
B1226144547417N01140267EA009280109100000482540588
B1226154547415N01140258EA009270108900000492500621
B1226164547412N01140247EA009260108800000502480621
B1226174547410N01140237EA009240108700000502500597
B1226184547409N01140226EA009230108600000502540597
B1226194547407N01140216EA009230108500000502580633
B1226204547406N01140205EA009220108400000502600633
B1226214547404N01140195EA009220108400000502580633
B1226224547403N01140184EA009210108300000502560633
B1226234547401N01140174EA009210108300000492560633
B1226244547400N01140164EA009210108300000482580660
B1226254547398N01140153EA009210108300000482580660
B1226264547397N01140143EA009200108200000512580660
B1226274547395N01140132EA009180108000000532560660
B1226284547393N01140120EA009170107900000542560660
B1226294547391N01140109EA009160107800000532560679
B1226304547389N01140099EA009150107800000492560679
B1226314547387N01140089EA009160107800000452540679
B1226324547386N01140080EA009170107800000432540679
B1226334547384N01140071EA009170107800000432520679
B1226344547382N01140062EA009160107800000452520701
B1226354547379N01140052EA009150107600000472500701
B1226364547377N01140042EA009140107500000492500701
B1226374547374N01140032EA009130107400000502480701
B1226384547370N01140023EA009120107400000502440701
B1226394547366N01140014EA009120107300000482400719
B1226404547363N01140005EA009110107300000452380719
B1226414547360N01139997EA009120107400000422400689
B1226424547357N01139989EA009120107400000402420689
B1226434547354N01139982EA009120107400000402400689
B1226444547350N01139977EA009140107400000332290689
B1226454547346N01139973EA009160107600000332180689
B1226464547344N01139970EA009180107800000242200689
B1226474547341N01139966EA009210108100000242220686
B1226484547338N01139962EA009240108300000262220686
B1226494547335N01139958EA009250108500000262220686
B1226504547332N01139953EA009260108500000352250686
B1226514547329N01139946EA009260108500000352280686
B1226524547326N01139938EA009260108600000402380686
B1226534547325N01139930EA009280108900000362520686
B1226544547325N01139923EA009310109200000302620686
B1226554547326N01139917EA009340109500000302720686
B1226564547326N01139912EA009370109800000242750677
B1226574547327N01139907EA009400110000000242780677
B1226584547328N01139901EA009420110200000302830677
B1226594547331N01139895EA009440110400000302880677
B1227004547335N01139889EA009460110600000383050677
B1227014547341N01139886EA009480110800000383220677
B1227024547348N01139884EA009490110900000493390677
B1227034547355N01139886EA009500111100000493560677
B1227044547362N01139891EA009510111200000500140732
B1227054547367N01139899EA009520111200000500320732
B1227064547370N01139907EA009530111300000460320732
B1227074547371N01139916EA009540111300000410660732
B1227084547372N01139925EA009550111500000380780726
B1227094547371N01139933EA009570111500000380880726
B1227104547370N01139940EA009570111600000360960726
B1227114547369N01139948EA009580111600000361040726
B1227124547366N01139954EA009580111700000341090726
B1227134547364N01139961EA009590111700000341140726
B1227144547361N01139967EA009600111800000361220719
B1227154547356N01139972EA009600111900000361300689
B1227164547352N01139977EA009610112100000381370689
B1227174547347N01139981EA009630112300000381440689
B1227184547343N01139983EA009650112600000281550689
B1227194547339N01139983EA009670112800000281660689
B1227204547335N01139982EA009700113100000211790689
B1227214547333N01139981EA009720113400000211920689
B1227224547330N01139978EA009750113600000232040689
B1227234547327N01139974EA009760113700000232160689
B1227244547324N01139969EA009770113800000312230689
B1227254547322N01139963EA009790114000000312300686
B1227264547321N01139957EA009800114200000322490686
B1227274547322N01139950EA009820114500000322680686
B1227284547326N01139944EA009840114800000352910686
B1227294547330N01139940EA009870115100000353140686
B1227304547336N01139939EA009900115400000393340686
B1227314547342N01139940EA009930115700000393540686
B1227324547348N01139945EA009950115900000450140686
B1227334547352N01139952EA009960116000000450340686
B1227344547355N01139960EA009980116200000400540686
B1227354547354N01139968EA010000116400000400740689
B1227364547351N01139974EA010020116600000321030689
B1227374547347N01139978EA010040116700000321320689
B1227384547342N01139980EA010050116800000361480689
B1227394547337N01139982EA010060116900000361640689
B1227404547332N01139984EA010080117100000331650689
B1227414547327N01139985EA010100117300000331660689
B1227424547323N01139986EA010130117600000271640689
B1227434547320N01139989EA010150117900000271620689
B1227444547316N01139994EA010180118200000311440689
B1227454547315N01140001EA010200118400000311260689
B1227464547314N01140009EA010210118500000401050689
B1227474547316N01140017EA010220118600000400840676
B1227484547321N01140024EA010230118700000440610676
B1227494547327N01140028EA010230118800000440380676
B1227504547334N01140027EA010240118900000440130676
B1227514547339N01140023EA010250119000000443480676
B1227524547344N01140018EA010270119300000373310676
B1227534547347N01140012EA010300119700000373140689
B1227544547349N01140007EA010330120200000273040689
B1227554547350N01140001EA010370120500000272940689
B1227564547349N01139996EA010410120800000252770689
B1227574547348N01139991EA010420120900000252600689
B1227584547346N01139985EA010440121000000302510689
B1227594547343N01139980EA010460121200000302420689
B1228004547340N01139977EA010480121500000242210689
B1228014547337N01139977EA010510121800000242000689
B1228024547333N01139982EA010530121900000341660689
B1228034547330N01139989EA010540122000000341320689
B1228044547328N01139998EA010540122000000441160689
B1228054547329N01140007EA010550122200000441000689
B1228064547332N01140015EA010570122400000430790689
B1228074547336N01140021EA010590122600000430580676
B1228084547342N01140025EA010620122900000390340676
B1228094547347N01140025EA010640123200000390180676
B1228104547352N01140024EA010670123400000320010676
B1228114547356N01140021EA010690123600000323440676
B1228124547359N01140016EA010710123800000293220689
B1228134547360N01140010EA010710123800000293000689
B1228144547361N01140003EA010720123900000312890719
B1228154547361N01139996EA010740124000000312780719
B1228164547360N01139989EA010750124200000332650689
B1228174547357N01139983EA010770124500000332520689
B1228184547354N01139978EA010800124800000292350689
B1228194547351N01139976EA010830125200000292180689
B1228204547347N01139976EA010860125500000251950689
B1228214547343N01139978EA010890125700000251720689
B1228224547340N01139983EA010910126000000341510689
B1228234547337N01139990EA010930126200000341300689
B1228244547335N01139999EA010950126400000411160689
B1228254547336N01140007EA010970126600000411000689
B1228264547338N01140015EA010990126800000380780689
B1228274547342N01140021EA011010127000000380560676
B1228284547348N01140025EA011020127000000410400676
B1228294547354N01140027EA011030127100000410240676
B1228304547360N01140028EA011040127300000410110676
B1228314547366N01140026EA011060127500000413580701
B1228324547371N01140022EA011080127700000383410701
B1228334547374N01140016EA011100128000000383240719
B1228344547376N01140010EA011120128300000313040719
B1228354547376N01140003EA011150128600000312840719
B1228364547374N01139997EA011180128900000302640719
B1228374547372N01139992EA011200129100000302440719
B1228384547369N01139987EA011230129300000302330719
B1228394547365N01139984EA011250129500000302220719
B1228404547360N01139982EA011270129700000312040689
B1228414547355N01139984EA011280129800000311860689
B1228424547351N01139988EA011280129900000381640689
B1228434547347N01139994EA011290130000000381420689
B1228444547344N01140000EA011310130200000341260689
B1228454547344N01140007EA011330130400000341100689
B1228464547345N01140015EA011350130600000350920689
B1228474547347N01140022EA011370130700000350740676
B1228484547350N01140029EA011380130800000390630676
B1228494547354N01140035EA011390130900000390520676
B1228504547359N01140040EA011400131000000390440676
B1228514547364N01140044EA011420131200000390360701
B1228524547370N01140046EA011440131400000390210701
B1228534547376N01140045EA011450131500000390060701
B1228544547382N01140042EA011460131600000413490701
B1228554547387N01140037EA011480131900000413320701
B1228564547391N01140032EA011500132200000343260701
B1228574547394N01140028EA011540132600000343200701
B1228584547397N01140025EA011580132900000223150701
B1228594547398N01140020EA011610133100000223100701
B1229004547398N01140014EA011620133300000302870719
B1229014547396N01140007EA011630133300000302640719
B1229024547393N01140000EA011630133400000382450719
B1229034547389N01139996EA011650133800000382260719
B1229044547385N01139994EA011680134200000272070719
B1229054547381N01139995EA011720134600000271880719
B1229064547379N01139998EA011760134800000211600719
B1229074547377N01140003EA011780134900000211320719
B1229084547375N01140010EA011790134900000361320719
B1229094547375N01140018EA011780134900000411020701
B1229104547376N01140027EA011790135000000410900701
B1229114547379N01140034EA011810135200000410740701
B1229124547384N01140040EA011830135500000410520701
B1229134547390N01140042EA011850135800000410300701
B1229144547395N01140042EA011880136000000370110701
B1229154547401N01140039EA011900136300000373520701
B1229164547404N01140035EA011930136700000303320701
B1229174547406N01140030EA011960136900000303120701
B1229184547406N01140024EA011980137100000282850701
B1229194547404N01140018EA012000137300000282580701
B1229204547400N01140014EA012010137400000312350719
B1229214547396N01140012EA012030137600000312120719
B1229224547392N01140013EA012050137800000271900719
B1229234547388N01140015EA012070138000000271680719
B1229244547384N01140019EA012090138100000301520701
B1229254547382N01140025EA012110138200000301360701
B1229264547381N01140032EA012110138300000351130701
B1229274547383N01140040EA012120138400000350900701
B1229284547387N01140046EA012120138500000420640701
B1229294547393N01140049EA012130138600000420380701
B1229304547399N01140048EA012130138700000400110701
B1229314547404N01140044EA012150138900000403440701
B1229324547407N01140039EA012170139100000303230701
B1229334547408N01140033EA012200139400000303020701
B1229344547409N01140027EA012230139600000262910701
B1229354547409N01140022EA012260139900000262800701
B1229364547407N01140017EA012280140100000262570701
B1229374547404N01140014EA012290140200000262340719
B1229384547399N01140015EA012300140300000342010719
B1229394547394N01140019EA012300140300000341680701
B1229404547391N01140025EA012290140300000381430701
B1229414547390N01140033EA012310140400000381180701
B1229424547392N01140040EA012320140600000340920701
B1229434547395N01140045EA012330140700000340660701
B1229444547401N01140049EA012330140700000410440701
B1229454547407N01140051EA012330140700000410220701
B1229464547413N01140049EA012340140800000410040724
B1229474547418N01140047EA012350140900000413460724
B1229484547423N01140044EA012380141200000333410724
B1229494547428N01140041EA012400141500000333360724
B1229504547431N01140037EA012420141600000313270724
B1229514547435N01140031EA012440141800000313180724
B1229524547437N01140026EA012450141900000313090724
B1229534547439N01140020EA012460142000000313000724
B1229544547439N01140013EA012470142100000292850746
B1229554547438N01140007EA012480142200000292700746
B1229564547436N01140001EA012490142300000312550746
B1229574547434N01139996EA012500142400000312400746
B1229584547430N01139992EA012520142600000262290746
B1229594547427N01139990EA012530142700000262180746
B1230004547423N01139988EA012540142700000262040746
B1230014547418N01139987EA012540142600000261900746
B1230024547413N01139987EA012520142300000381880746
B1230034547407N01139985EA012500142100000381860719
B1230044547402N01139984EA012480142000000351890719
B1230054547397N01139982EA012480142000000351920719
B1230064547393N01139980EA012480142000000301930719
B1230074547388N01139979EA012470141900000301940719
B1230084547382N01139978EA012450141700000381900719
B1230094547376N01139977EA012430141500000381860719
B1230104547370N01139976EA012410141300000411840719
B1230114547364N01139975EA012400141300000411860719
B1230124547359N01139973EA012400141400000341880689
B1230134547354N01139972EA012410141400000341900689
B1230144547349N01139970EA012410141300000331910689
B1230154547344N01139968EA012400141100000331920689
B1230164547339N01139966EA012380140900000371930686
B1230174547333N01139964EA012360140600000371940686
B1230184547326N01139963EA012330140300000441920686
B1230194547320N01139961EA012300140100000441900686
B1230204547313N01139959EA012270139800000451890686
B1230214547306N01139958EA012250139600000451880629
B1230224547300N01139957EA012240139500000441870629
B1230234547294N01139956EA012230139500000441860629
B1230244547288N01139955EA012230139600000351840629
B1230254547283N01139955EA012240139500000351820629
B1230264547278N01139955EA012240139400000361810629
B1230274547272N01139955EA012220139300000361800629
B1230284547266N01139953EA012200139100000421850629
B1230294547259N01139951EA012190139000000421900582
B1230304547253N01139950EA012170138900000421890582
B1230314547247N01139949EA012170138800000421880582
B1230324547241N01139948EA012170138800000381860582
B1230334547235N01139947EA012160138800000381840582
B1230344547229N01139946EA012160138600000391850582
B1230354547223N01139945EA012150138500000391860582
B1230364547217N01139944EA012130138400000431860582
B1230374547210N01139942EA012110138200000431860554
B1230384547203N01139941EA012090138000000491870554
B1230394547196N01139939EA012070137800000491880554
B1230404547188N01139937EA012040137600000521890554
B1230414547180N01139935EA012020137400000521900554
B1230424547172N01139934EA012000137300000541880554
B1230434547164N01139932EA011990137100000541860554
B1230444547156N01139931EA011980137100000521860518
B1230454547149N01139930EA011980137000000521860518
B1230464547141N01139929EA011970137000000511850518
B1230474547133N01139928EA011970137000000511840518
B1230484547125N01139927EA011960136900000521840518
B1230494547117N01139926EA011950136800000521840518
B1230504547110N01139925EA011950136800000501840507
B1230514547102N01139924EA011950136700000501840507
B1230524547095N01139922EA011940136700000501860507
B1230534547087N01139920EA011930136600000501880507
B1230544547080N01139919EA011920136400000521880507
B1230554547072N01139917EA011900136300000521880507
B1230564547064N01139916EA011890136100000541870542
B1230574547056N01139914EA011880136000000541860539
B1230584547048N01139913EA011870135900000521870539
B1230594547040N01139911EA011860135800000521880539
B1231004547032N01139909EA011840135600000541880539
B1231014547024N01139908EA011830135500000541880539
B1231024547016N01139907EA011820135400000531860539
B1231034547008N01139906EA011810135300000531840533
B1231044547001N01139905EA011810135300000491830533
B1231054546994N01139905EA011810135200000491820533
B1231064546986N01139904EA011800135100000471830533
B1231074546979N01139903EA011790135000000471840533
B1231084546972N01139902EA011770134800000491840533
B1231094546965N01139901EA011760134600000491840533
B1231104546957N01139900EA011740134400000491840520
B1231114546950N01139899EA011730134300000491840520
B1231124546943N01139898EA011720134200000461850520
B1231134546936N01139897EA011710134200000461860520
B1231144546929N01139896EA011710134100000441850520
B1231154546923N01139896EA011710134100000441840520
B1231164546916N01139896EA011700134000000431810520
B1231174546910N01139896EA011700134000000431780497
B1231184546904N01139896EA011690133900000391800497
B1231194546898N01139895EA011690133900000391820497
B1231204546892N01139894EA011680133800000391850497
B1231214546886N01139892EA011670133700000391880497
B1231224546880N01139891EA011660133500000421890497
B1231234546873N01139889EA011650133400000421900497
B1231244546867N01139888EA011640133300000421880497
B1231254546861N01139887EA011630133200000421860497
B1231264546855N01139886EA011630133200000381870462
B1231274546850N01139884EA011620133100000381880462
B1231284546844N01139883EA011610133000000391900462
B1231294546838N01139881EA011600132900000391920462
B1231304546832N01139879EA011590132700000371910462
B1231314546827N01139878EA011580132600000371900462
B1231324546822N01139875EA011570132500000351930462
B1231334546817N01139873EA011550132200000351960462
B1231344546811N01139870EA011530132000000431970400
B1231354546804N01139867EA011500131700000431980400
B1231364546798N01139864EA011480131600000451950411
B1231374546792N01139863EA011470131500000451920411
B1231384546786N01139861EA011470131500000391910411
B1231394546780N01139859EA011470131500000391900411
B1231404546774N01139857EA011460131400000391920411
B1231414546768N01139855EA011440131200000391940411
B1231424546762N01139853EA011420131100000441940411
B1231434546756N01139851EA011410130900000441940359
B1231444546749N01139849EA011400130900000421910359
B1231454546743N01139848EA011400130800000421880359
B1231464546737N01139846EA011390130700000421880359
B1231474546730N01139845EA011370130500000421880359
B1231484546723N01139844EA011350130200000481850359
B1231494546716N01139844EA011320130000000481820359
B1231504546708N01139844EA011300129800000501790309
B1231514546701N01139844EA011280129600000501760309
B1231524546694N01139844EA011280129600000441790309
B1231534546687N01139844EA011280129600000441820309
B1231544546681N01139843EA011280129500000391830309
B1231554546675N01139843EA011270129400000391840309
B1231564546669N01139842EA011260129200000451820309
B1231574546661N01139842EA011230129000000451800300
B1231584546654N01139842EA011210128700000491810300
B1231594546647N01139841EA011180128500000491820300
B1232004546640N01139840EA011170128400000471830300
B1232014546633N01139839EA011160128400000471840300
B1232024546626N01139838EA011160128300000431850300
B1232034546620N01139837EA011150128200000431860300
B1232044546613N01139835EA011130128100000421890300
B1232054546607N01139833EA011120128000000421920284
B1232064546602N01139831EA011120127900000391930284
B1232074546596N01139829EA011110127800000391940284
B1232084546590N01139828EA011100127700000391880284
B1232094546584N01139827EA011090127600000391860284
B1232104546578N01139825EA011080127500000411870284
B1232114546572N01139824EA011070127300000411880284
B1232124546566N01139822EA011060127200000391900284
B1232134546560N01139820EA011050127000000391920264
B1232144546554N01139819EA011030126700000431890264
B1232154546547N01139818EA011000126500000431860264
B1232164546540N01139816EA010970126200000441870261
B1232174546534N01139815EA010960126100000441880261
B1232184546528N01139813EA010940125900000421880261
B1232194546521N01139812EA010930125800000401860261
B1232204546515N01139811EA010920125700000401870261
B1232214546509N01139809EA010910125600000401880249
B1232224546503N01139808EA010890125300000431890249
B1232234546497N01139806EA010860125100000431900249
B1232244546490N01139804EA010850125000000431900249
B1232254546484N01139803EA010830124800000431900249
B1232264546477N01139802EA010830124800000411870249
B1232274546471N01139801EA010820124700000411840249
B1232284546465N01139800EA010810124500000421840249
B1232294546458N01139799EA010790124300000421840232
B1232304546452N01139797EA010760124000000431880232
B1232314546445N01139795EA010740123800000431920232
B1232324546439N01139794EA010720123600000421910232
B1232334546433N01139792EA010710123500000421900232
B1232344546427N01139791EA010700123300000381880232
B1232354546421N01139790EA010690123200000381860232
B1232364546415N01139789EA010670123000000401870232
B1232374546409N01139787EA010640122700000401880234
B1232384546403N01139785EA010620122500000431890234
B1232394546396N01139784EA010600122300000431900234
B1232404546390N01139782EA010580122100000431880234
B1232414546384N01139781EA010570122000000431860234
B1232424546377N01139780EA010550121800000421870234
B1232434546371N01139778EA010530121500000421880234
B1232444546365N01139777EA010500121300000421900234
B1232454546359N01139775EA010480121000000421920224
B1232464546353N01139772EA010460120800000401930224
B1232474546347N01139770EA010440120600000401940224
B1232484546341N01139768EA010420120300000391940224
B1232494546335N01139766EA010390120100000391940202
B1232504546330N01139764EA010370119800000411930202
B1232514546323N01139762EA010350119600000411920202
B1232524546317N01139760EA010330119300000441910202
B1232534546310N01139759EA010300119200000441900190
B1232544546304N01139757EA010290119100000431900190
B1232554546298N01139756EA010300119300000431900190
B1232564546293N01139755EA010310119500000321860190
B1232574546288N01139755EA010330119600000321820190
B1232584546283N01139755EA010330119500000341810190
B1232594546278N01139755EA010310119300000341800190
B1233004546272N01139754EA010290119000000381830190
B1233014546266N01139753EA010270118700000381860190
B1233024546261N01139752EA010240118400000401870180
B1233034546255N01139750EA010220118200000401880180
B1233044546248N01139747EA010190118000000431910180
B1233054546242N01139745EA010170117800000431940180
B1233064546235N01139744EA010150117700000431910180
B1233074546230N01139742EA010140117600000431880180
B1233084546224N01139741EA010140117600000341910180
B1233094546220N01139739EA010140117600000341940180
B1233104546215N01139736EA010130117400000311980180
B1233114546210N01139733EA010120117200000312020159
B1233124546205N01139730EA010090116900000382010159
B1233134546199N01139728EA010060116600000382000159
B1233144546193N01139725EA010030116300000431980159
B1233154546187N01139722EA010000116000000431960159
B1233164546181N01139719EA009970115800000451970159
B1233174546174N01139716EA009940115600000451980148
B1233184546167N01139712EA009920115300000461980148
B1233194546161N01139709EA009900115100000462000129
B1233204546155N01139705EA009880115000000452010129
B1233214546148N01139701EA009870114800000452020129
B1233224546142N01139698EA009850114700000462010129
B1233234546135N01139695EA009830114500000462000129
B1233244546128N01139691EA009810114300000491990129
B1233254546121N01139688EA009800114100000491980129
B1233264546114N01139684EA009780114000000501980129
B1233274546107N01139680EA009770113900000501980120
B1233284546100N01139677EA009760113700000491990120
B1233294546093N01139673EA009750113600000492000120
B1233304546085N01139670EA009730113500000511980120
B1233314546078N01139667EA009720113300000511960120
B1233324546070N01139663EA009700113200000531970121
B1233334546063N01139659EA009690113000000531980121
B1233344546055N01139655EA009680112900000531990118
B1233354546048N01139651EA009660112800000532000118
B1233364546041N01139648EA009650112600000501990118
B1233374546034N01139644EA009640112400000501980118
B1233384546027N01139641EA009620112200000481990118
B1233394546020N01139637EA009590111900000482000118
B1233404546012N01139633EA009560111500000551980118
B1233414546004N01139630EA009530111300000551960115
B1233424545996N01139626EA009510111100000541960115
B1233434545989N01139622EA009490110900000541960115
B1233444545981N01139618EA009480110800000511990115
B1233454545974N01139614EA009460110500000512020115
B1233464545967N01139609EA009440110200000502020115
B1233474545960N01139605EA009410109900000502020116
B1233484545953N01139601EA009370109500000542010116
B1233494545945N01139596EA009330109100000542000116
B1233504545938N01139592EA009300108800000532000116
B1233514545930N01139588EA009280108600000532000116
B1233524545924N01139585EA009260108500000461980116
B1233534545917N01139582EA009250108400000461960116
B1233544545911N01139580EA009230108200000451940116
B1233554545904N01139578EA009210107900000451920116
B1233564545897N01139575EA009190107600000491930116
B1233574545889N01139572EA009160107400000491940116
B1233584545882N01139568EA009140107200000501940116
B1233594545876N01139565EA009130107200000502000114
B1234004545870N01139561EA009140107300000392020114
B1234014545865N01139558EA009150107400000392040114
B1234024545860N01139554EA009170107500000352050111
B1234034545855N01139551EA009170107500000352060111
B1234044545850N01139547EA009160107300000412050111
B1234054545844N01139543EA009140107100000412040111
B1234064545837N01139539EA009120106900000462030111
B1234074545831N01139535EA009100106800000462020111
B1234084545825N01139531EA009090106700000462030111
B1234094545818N01139526EA009070106500000462040111
B1234104545812N01139522EA009050106300000482050111
B1234114545805N01139517EA009030106100000482060121
B1234124545799N01139512EA009020105900000482050121
B1234134545792N01139508EA009000105800000482040121
B1234144545786N01139505EA008990105800000422030121
B1234154545781N01139501EA009000105800000422020121
B1234164545777N01139498EA009020105900000282050121
B1234174545774N01139495EA009040106100000282080121
B1234184545771N01139493EA009060106200000232080121
B1234194545767N01139490EA009060106100000232080121
B1234204545763N01139487EA009040105900000332070121
B1234214545758N01139483EA009020105700000332060159
B1234224545753N01139479EA009000105500000382060159
B1234234545748N01139475EA008980105300000382080159
B1234244545742N01139470EA008950105000000422090159
B1234254545737N01139466EA008920104900000422100160
B1234264545731N01139461EA008900104700000432090160
B1234274545725N01139457EA008890104600000432080160
B1234284545720N01139453EA008880104600000422060160
B1234294545714N01139449EA008880104600000422040160
B1234304545710N01139446EA008880104500000342050197
B1234314545705N01139442EA008890104500000342060197
B1234324545700N01139439EA008880104400000352050197
B1234334545695N01139436EA008860104100000352040197
B1234344545690N01139432EA008840103900000412030197
B1234354545684N01139429EA008820103600000412020197
B1234364545678N01139425EA008800103500000432020197
B1234374545672N01139422EA008780103300000432020197
B1234384545665N01139418EA008750103100000462030197
B1234394545659N01139413EA008730102900000462040205
B1234404545654N01139409EA008710102800000412060205
B1234414545649N01139404EA008710102700000412080205
B1234424545643N01139400EA008700102600000392080205
B1234434545638N01139396EA008680102400000392080205
B1234444545633N01139392EA008670102200000412070205
B1234454545627N01139388EA008640101900000412060205
B1234464545621N01139383EA008620101700000432080205
B1234474545616N01139378EA008590101400000432100205
B1234484545610N01139374EA008570101200000442080185
B1234494545604N01139370EA008550101000000442060185
B1234504545598N01139367EA008530100900000442030204
B1234514545591N01139364EA008520100800000442000204
B1234524545585N01139361EA008510100800000431990204
B1234534545579N01139358EA008510100900000431980204
B1234544545574N01139355EA008520100900000381990204
B1234554545568N01139352EA008520100900000382000204
B1234564545562N01139349EA008520100800000411990161
B1234574545556N01139346EA008510100800000411980161
B1234584545550N01139343EA008500100700000461970161
B1234594545543N01139341EA008500100700000461960161
B1235004545538N01139338EA008530100900000351950161
B1235014545533N01139336EA008560101300000351940161
B1235024545529N01139334EA008590101500000281980161
B1235034545525N01139332EA008600101600000282020161
B1235044545520N01139329EA008610101600000332000161
B1235054545515N01139327EA008610101600000331980161
B1235064545510N01139325EA008610101600000371940125
B1235074545504N01139324EA008610101600000371900125
B1235084545499N01139323EA008610101700000381890125
B1235094545493N01139321EA008630101800000381880125
B1235104545489N01139319EA008660102100000291930125
B1235114545485N01139317EA008680102400000291980131
B1235124545482N01139314EA008710102700000232010131
B1235134545479N01139313EA008740103100000232040131
B1235144545476N01139312EA008770103300000181970131
B1235154545473N01139311EA008790103500000181900131
B1235164545469N01139310EA008790103500000281920131
B1235174545464N01139308EA008790103400000281940131
B1235184545459N01139306EA008790103400000341950110
B1235194545455N01139304EA008800103500000341960110
B1235204545451N01139302EA008810103600000251950110
B1235214545447N01139300EA008820103800000251940110
B1235224545444N01139298EA008830103900000271940110
B1235234545440N01139295EA008830103900000302060110
B1235244545435N01139292EA008820103700000362030110
B1235254545429N01139290EA008800103500000362000110
B1235264545423N01139287EA008790103500000411990110
B1235274545418N01139283EA008780103500000411980110
B1235284545412N01139280EA008780103500000382010109
B1235294545407N01139277EA008780103500000382040109
B1235304545401N01139276EA008780103500000391960109
B1235314545395N01139275EA008770103400000391880109
B1235324545389N01139274EA008770103400000401860109
B1235334545383N01139273EA008760103200000401840109
B1235344545377N01139271EA008740103100000441870109
B1235354545370N01139269EA008720102900000441900109
B1235364545363N01139266EA008700102700000471920113
B1235374545357N01139263EA008690102600000471940110
B1235384545350N01139261EA008680102500000431950110
B1235394545344N01139258EA008670102400000431960110
B1235404545339N01139256EA008660102200000371950110
B1235414545333N01139254EA008650101900000371940110
B1235424545328N01139252EA008620101600000381930110
B1235434545322N01139250EA008580101100000381920110
B1235444545315N01139249EA008540100600000481900110
B1235454545308N01139247EA008490100100000481880112
B1235464545300N01139246EA008460099900000471860112
B1235474545293N01139245EA008430099600000471840112
B1235484545286N01139244EA008400099400000461840112
B1235494545280N01139242EA008370099100000461840112
B1235504545273N01139240EA008350098900000431930112
B1235514545268N01139235EA008340098800000432020112
B1235524545265N01139229EA008340098800000342210112
B1235534545264N01139222EA008350098800000342400112
B1235544545265N01139214EA008350098700000352660115
B1235554545267N01139207EA008340098600000352820115
B1235564545270N01139200EA008320098300000402910115
B1235574545274N01139193EA008300098000000403000115
B1235584545278N01139186EA008270097800000453080115
B1235594545283N01139179EA008240097400000453160115
B1236004545289N01139172EA008200097000000503170115
B1236014545295N01139165EA008160096700000503180119
B1236024545301N01139157EA008120096400000543180119
B1236034545308N01139151EA008090096100000543220119
B1236044545314N01139145EA008080096000000483250123
B1236054545320N01139140EA008070096000000483280123
B1236064545325N01139135EA008070095900000433280123
B1236074545331N01139130EA008050095700000433280123
B1236084545337N01139125EA008030095400000483270123
B1236094545343N01139118EA008000095000000483260123
B1236104545348N01139111EA007970094800000503210125
B1236114545354N01139104EA007950094700000503160125
B1236124545358N01139097EA007940094600000463140125
B1236134545363N01139089EA007930094400000453120116
B1236144545368N01139082EA007910094300000473120116
B1236154545373N01139074EA007890094000000493120116
B1236164545378N01139066EA007860093700000493120119
B1236174545383N01139058EA007840093500000483100119
B1236184545387N01139051EA007820093300000463100119
B1236194545392N01139043EA007800093100000443100119
B1236204545396N01139036EA007790092900000423100119
B1236214545400N01139029EA007770092700000423100119
B1236224545404N01139022EA007740092400000443070119
B1236234545407N01139013EA007710092000000463040116
B1236244545411N01139005EA007680091700000483000116
B1236254545415N01138996EA007640091400000483000117
B1236264545419N01138988EA007610091100000473020117
B1236274545424N01138980EA007590090900000463060117
B1236284545428N01138973EA007570090700000453090117
B1236294545433N01138965EA007550090500000483120119
B1236304545439N01138958EA007520090100000513130119
B1236314545444N01138950EA007480089800000543140119
B1236324545451N01138941EA007440089400000573160119
B1236334545457N01138933EA007410089100000573160119
B1236344545463N01138925EA007380088900000553160124
B1236354545469N01138918EA007360088800000553160124
B1236364545475N01138911EA007350088700000503200122
B1236374545481N01138905EA007340088500000503240122
B1236384545488N01138899EA007320088200000543250122
B1236394545495N01138892EA007290087900000543260122
B1236404545501N01138885EA007260087700000563240122
B1236414545508N01138878EA007240087500000563220122
B1236424545514N01138870EA007230087300000543200123
B1236434545521N01138863EA007210087100000543180146
B1236444545527N01138855EA007200087000000543160146
B1236454545533N01138847EA007180086900000563160146
B1236464545539N01138839EA007170086800000573180146
B1236474545546N01138831EA007170086800000563200146
B1236484545552N01138824EA007160086800000543180146
B1236494545558N01138816EA007160086700000523160174
B1236504545563N01138809EA007170086800000473160144
B1236514545568N01138802EA007180086900000473160144
B1236524545572N01138796EA007200087000000393160144
B1236534545577N01138791EA007220087100000393160144
B1236544545580N01138787EA007230087200000313190144
B1236554545584N01138782EA007240087200000313220144
B1236564545588N01138777EA007240087200000363180144
B1236574545592N01138771EA007240087200000363140144
B1236584545596N01138764EA007230087100000383090171
B1236594545599N01138757EA007220087000000383040171
B1237004545601N01138748EA007210086900000422980171
B1237014545604N01138740EA007200087000000402940171
B1237024545606N01138733EA007210087100000372940171
B1237034545608N01138726EA007230087300000372940171
B1237044545611N01138721EA007260087700000252980171
B1237054545613N01138717EA007300088000000253020147
B1237064545615N01138713EA007320088100000223010147
B1237074545616N01138708EA007330088100000223000147
B1237084545617N01138701EA007320088000000322890147
B1237094545617N01138694EA007310087900000322780147
B1237104545618N01138686EA007290087800000372720147
B1237114545618N01138678EA007290087700000362700147
B1237124545618N01138670EA007290087800000352700147
B1237134545619N01138663EA007290087800000352740165
B1237144545620N01138657EA007300087900000292790165
B1237154545622N01138651EA007310087900000292840165
B1237164545623N01138644EA007310087800000312860165
B1237174545625N01138637EA007300087700000312880165
B1237184545626N01138630EA007280087500000382880165
B1237194545628N01138622EA007260087300000402880165
B1237204545630N01138613EA007250087200000402880179
B1237214545632N01138605EA007230087000000382860179
B1237224545633N01138597EA007220086900000372860179
B1237234545635N01138590EA007210086800000372880179
B1237244545638N01138582EA007190086600000392900179
B1237254545640N01138574EA007180086500000402920179
B1237264545642N01138566EA007160086300000412920194
B1237274545644N01138557EA007150086200000402880194
B1237284545646N01138549EA007140086100000392860194
B1237294545648N01138541EA007130086100000402880194
B1237304545650N01138532EA007120086000000422900194
B1237314545653N01138524EA007110085900000422920194
B1237324545655N01138516EA007100085900000402940216
B1237334545658N01138509EA007110086000000402940216
B1237344545660N01138502EA007110086100000342950216
B1237354545663N01138496EA007130086200000342960172
B1237364545665N01138492EA007140086300000273020172
B1237374545668N01138488EA007140086300000273080172
B1237384545671N01138484EA007140086200000283120172
B1237394545675N01138479EA007130086000000283160172
B1237404545678N01138474EA007110085800000353140172
B1237414545682N01138468EA007090085600000353120172
B1237424545686N01138461EA007070085400000403110170
B1237434545690N01138455EA007050085200000403100170
B1237444545694N01138450EA007040085100000383130170
B1237454545699N01138444EA007030085000000383160170
B1237464545703N01138439EA007020084900000373160170
B1237474545706N01138433EA007010084800000373160170
B1237484545710N01138427EA006990084600000363120170
B1237494545713N01138421EA006980084400000363080134
B1237504545717N01138414EA006950084200000403090138
B1237514545721N01138408EA006930084000000403100138
B1237524545725N01138403EA006920083800000363120138
B1237534545729N01138397EA006900083500000363140138
B1237544545734N01138392EA006870083200000423160138
B1237554545739N01138386EA006840082900000423180138
B1237564545743N01138381EA006830082800000363170138
B1237574545747N01138375EA006820082700000363160138
B1237584545750N01138370EA006800082500000333140138
B1237594545754N01138365EA006790082400000333120141
B1238004545758N01138359EA006770082100000373130141
B1238014545762N01138354EA006740081900000373140156
B1238024545766N01138349EA006720081600000383170156
B1238034545771N01138344EA006700081400000383200156
B1238044545775N01138339EA006680081100000353210156
B1238054545779N01138335EA006660080900000353220156
B1238064545783N01138330EA006630080600000353200156
B1238074545787N01138325EA006600080200000353180156
B1238084545791N01138319EA006570079900000393150156
B1238094545796N01138312EA006540079600000393120172
B1238104545801N01138305EA006510079300000463120172
B1238114545805N01138298EA006490079200000463140172
B1238124545810N01138291EA006480079100000443130172
B1238134545814N01138284EA006470079100000443120156
B1238144545818N01138277EA006460079000000433100156
B1238154545823N01138270EA006450078900000433080156
B1238164545827N01138263EA006440078800000423090176
B1238174545831N01138256EA006430078700000423100176
B1238184545835N01138249EA006420078600000433090176
B1238194545839N01138241EA006410078500000443080176
B1238204545843N01138234EA006400078300000443070176
B1238214545847N01138226EA006380078200000433060176
B1238224545852N01138219EA006370078100000423080176
B1238234545856N01138212EA006370078100000423100194
B1238244545859N01138206EA006360078000000393070194
B1238254545862N01138198EA006360078000000393040194
B1238264545865N01138191EA006350077800000403030194
B1238274545869N01138184EA006340077600000403020194
B1238284545873N01138176EA006320077400000453040194
B1238294545877N01138168EA006300077200000463060215
B1238304545881N01138160EA006280077200000453060215
B1238314545885N01138152EA006280077100000443040215
B1238324545888N01138145EA006270077200000433030215
B1238334545892N01138137EA006270077100000433020215
B1238344545896N01138129EA006260077100000443020215
B1238354545899N01138121EA006260077100000423040215
B1238364545903N01138114EA006260077200000393030233
B1238374545905N01138108EA006280077400000393020233
B1238384545908N01138102EA006310077700000273030233
B1238394545910N01138098EA006340078000000273040233
B1238404545912N01138094EA006360078100000253040195
B1238414545915N01138088EA006360078000000253040195
B1238424545918N01138082EA006350077900000373030195
B1238434545921N01138074EA006330077700000413020195
B1238444545924N01138067EA006310077500000413010202
B1238454545927N01138059EA006310077500000403000202
B1238464545930N01138052EA006300077500000392990202
B1238474545933N01138044EA006310077600000382980202
B1238484545936N01138037EA006310077700000382990202
B1238494545939N01138030EA006310077700000383000202
B1238504545942N01138022EA006320077700000423000202
B1238514545945N01138014EA006320077800000432980205
B1238524545948N01138006EA006330077900000432980205
B1238534545952N01137999EA006340078100000433000205
B1238544545955N01137992EA006370078400000333030205
B1238554545958N01137987EA006400078700000333060205
B1238564545960N01137983EA006430079000000253060205
B1238574545962N01137979EA006450079200000253060228
B1238584545965N01137973EA006470079300000333050228
B1238594545968N01137967EA006470079300000333040237
B1239004545972N01137960EA006480079400000393040237
B1239014545975N01137953EA006490079600000393060237
B1239024545979N01137946EA006500079700000413050237
B1239034545982N01137939EA006510079900000413040237
B1239044545986N01137932EA006530080100000373030237
B1239054545989N01137925EA006560080400000373020237
B1239064545991N01137919EA006580080600000363020237
B1239074545994N01137912EA006590080700000363020246
B1239084545998N01137904EA006600080800000433020246
B1239094546001N01137896EA006600080900000433020246
B1239104546005N01137889EA006610080900000423040246
B1239114546009N01137882EA006610081000000423060246
B1239124546013N01137875EA006630081100000393080272
B1239134546017N01137869EA006630081200000393100272
B1239144546021N01137863EA006640081200000383100267
B1239154546025N01137856EA006640081200000383100267
B1239164546029N01137849EA006640081100000443080267
B1239174546033N01137841EA006630081100000463060267
B1239184546037N01137833EA006630081200000453060267
B1239194546042N01137826EA006640081300000453080267
B1239204546046N01137819EA006660081500000433100267
B1239214546051N01137812EA006670081600000433120255
B1239224546055N01137805EA006680081700000453110255
B1239234546060N01137797EA006680081800000453100255
B1239244546064N01137790EA006690081900000433100261
B1239254546068N01137784EA006700082000000433100261
B1239264546072N01137778EA006720082100000373140261
B1239274546076N01137774EA006730082100000373180261
B1239284546080N01137768EA006730082000000353180254
B1239294546084N01137763EA006730081900000353180254
B1239304546089N01137759EA006720081700000353210254
B1239314546094N01137756EA006710081600000353240254
B1239324546100N01137754EA006680081300000413390254
B1239334546106N01137754EA006660081000000413540254
B1239344546113N01137755EA006640080800000453580259
B1239354546120N01137755EA006620080600000450020259
B1239364546126N01137755EA006600080400000450020259
B1239374546133N01137756EA006570080000000480000259
B1239384546141N01137756EA006540079700000490020259
B1239394546148N01137757EA006520079400000490020259
B1239404546156N01137758EA006490079200000490020259
B1239414546163N01137759EA006470078900000490040286
B1239424546171N01137760EA006450078700000500060286
B1239434546178N01137762EA006420078500000500080286
B1239444546185N01137764EA006400078400000480090286
B1239454546192N01137766EA006390078200000480100286
B1239464546198N01137769EA006380078000000430110276
B1239474546205N01137771EA006360077900000430120276
B1239484546211N01137773EA006350077700000430120276
B1239494546217N01137775EA006330077500000430120298
B1239504546223N01137778EA006310077300000420160298
B1239514546229N01137782EA006290077100000420200298
B1239524546235N01137787EA006260076700000470240298
B1239534546242N01137792EA006220076300000470280298
B1239544546249N01137798EA006180075800000560290298
B1239554546257N01137805EA006130075400000590300298
B1239564546264N01137812EA006090075000000590320313
B1239574546271N01137820EA006050074700000590340318
B1239584546277N01137828EA006030074600000550380318
B1239594546283N01137836EA006020074400000550420318
B1240004546289N01137844EA006000074300000530440318
B1240014546295N01137852EA005990074100000530460318
B1240024546301N01137860EA005970073900000560430318
B1240034546307N01137868EA005950073700000560400318
B1240044546313N01137877EA005940073700000540420327
B1240054546318N01137886EA005930073600000540460327
B1240064546322N01137896EA005930073600000530520327
B1240074546325N01137906EA005930073600000520600327
B1240084546328N01137916EA005930073500000510660327
B1240094546331N01137926EA005940073600000480680317
B1240104546334N01137935EA005960073700000430680317
B1240114546336N01137943EA005980073900000390660317
B1240124546338N01137951EA006000074100000380690317
B1240134546339N01137959EA006020074200000380720317
B1240144546341N01137967EA006030074300000400720317
B1240154546343N01137975EA006040074500000400720307
B1240164546344N01137983EA006060074600000370740307
B1240174546345N01137991EA006070074800000370760307
B1240184546344N01137997EA006090074900000310880307
B1240194546343N01138004EA006100075100000311000307
B1240204546341N01138010EA006110075100000311070307
B1240214546339N01138016EA006110075100000311140307
B1240224546336N01138022EA006120075100000341220302
B1240234546331N01138026EA006110075000000341300302
B1240244546326N01138028EA006110074900000371520302
B1240254546320N01138026EA006100074900000371740302
B1240264546315N01138023EA006090074900000391920302
B1240274546311N01138018EA006100075000000392100296
B1240284546307N01138012EA006110075100000352200296
B1240294546304N01138006EA006130075300000352300296
B1240304546302N01138000EA006140075500000312390296
B1240314546301N01137993EA006160075600000312480296
B1240324546301N01137986EA006170075700000332620296
B1240334546303N01137979EA006180075800000332760296
B1240344546305N01137973EA006180075900000332900296
B1240354546309N01137968EA006190076100000333040307
B1240364546313N01137965EA006200076200000313200317
B1240374546318N01137964EA006220076300000313360317
B1240384546323N01137965EA006230076400000353550317
B1240394546328N01137969EA006230076400000350140307
B1240404546332N01137976EA006230076400000420330307
B1240414546335N01137984EA006230076500000420520307
B1240424546335N01137994EA006230076500000440720307
B1240434546332N01138001EA006240076600000440960307
B1240444546327N01138005EA006250076700000381260307
B1240454546321N01138007EA006260076800000381560307
B1240464546316N01138007EA006270076800000351700307
B1240474546311N01138005EA006280076900000351840296
B1240484546307N01138001EA006300077000000322040296
B1240494546305N01137993EA006300077100000392240296
B1240504546306N01137985EA006280077000000422560296
B1240514546309N01137978EA006280077100000422840296
B1240524546314N01137974EA006300077300000333130307
B1240534546319N01137975EA006320077500000333420307
B1240544546323N01137979EA006330077600000360110307
B1240554546326N01137986EA006340077600000360400307
B1240564546328N01137994EA006340077600000370600307
B1240574546327N01138001EA006350077700000370800307
B1240584546324N01138008EA006350077800000351010307
B1240594546321N01138014EA006360077800000351220307
B1241004546317N01138019EA006370077800000361270302
B1241014546313N01138025EA006370077900000361320302
B1241024546309N01138031EA006370077900000401340284
B1241034546304N01138037EA006380078000000401360284
B1241044546300N01138042EA006390078200000371390284
B1241054546295N01138046EA006400078300000371420284
B1241064546290N01138049EA006420078500000361530284
B1241074546285N01138050EA006420078500000361640284
B1241084546279N01138053EA006420078500000411620284
B1241094546273N01138057EA006430078600000411600284
B1241104546267N01138062EA006430078600000441530284
B1241114546262N01138067EA006440078800000441460284
B1241124546256N01138071EA006450079000000381500268
B1241134546251N01138073EA006470079200000381540268
B1241144546246N01138075EA006490079400000321600268
B1241154546242N01138076EA006500079500000321660268
B1241164546237N01138075EA006520079600000321800268
B1241174546233N01138072EA006520079700000321940268
B1241184546229N01138068EA006530079700000272100266
B1241194546228N01138063EA006550079800000272260266
B1241204546227N01138057EA006550079700000292440266
B1241214546227N01138050EA006540079700000292620266
B1241224546228N01138043EA006540079500000352750266
B1241234546231N01138037EA006530079500000352880266
B1241244546236N01138032EA006530079600000353080266
B1241254546240N01138030EA006520079600000353280266
B1241264546245N01138030EA006530079600000313470266
B1241274546250N01138032EA006540079700000310060266
B1241284546254N01138036EA006540079700000340190266
B1241294546258N01138041EA006540079600000340320266
B1241304546261N01138048EA006540079500000390460266
B1241314546264N01138055EA006530079500000390600284
B1241324546266N01138063EA006530079500000390620284
B1241334546269N01138071EA006530079500000390640281
B1241344546272N01138078EA006530079500000410620281
B1241354546275N01138086EA006530079600000410600281
B1241364546277N01138094EA006540079700000390640281
B1241374546278N01138102EA006550079800000390680281
B1241384546278N01138109EA006570080000000340850281
B1241394546276N01138116EA006570080000000341020281
B1241404546272N01138122EA006570080000000401160272
B1241414546267N01138128EA006570080000000401300272
B1241424546262N01138132EA006580080200000371420272
B1241434546257N01138133EA006590080400000371540271
B1241444546252N01138131EA006600080500000331790271
B1241454546249N01138127EA006610080500000332040271
B1241464546247N01138122EA006620080600000272250271
B1241474546246N01138116EA006640080700000272460268
B1241484546246N01138110EA006650080600000292600268
B1241494546247N01138103EA006640080600000292740268
B1241504546248N01138097EA006630080500000332800268
B1241514546250N01138090EA006630080500000332860268
B1241524546251N01138084EA006640080600000312900268
B1241534546254N01138079EA006640080600000312940268
B1241544546257N01138074EA006640080600000303080268
B1241554546262N01138072EA006640080600000303220281
B1241564546267N01138071EA006640080600000353220281
B1241574546272N01138073EA006640080600000370000281
B1241584546277N01138076EA006630080600000370140281
B1241594546281N01138081EA006640080600000370280281
B1242004546285N01138086EA006640080600000350380281
B1242014546289N01138092EA006650080700000350480281
B1242024546292N01138099EA006660080700000390510281
B1242034546295N01138107EA006660080800000390540281
B1242044546297N01138115EA006660080900000400640281
B1242054546298N01138124EA006670080900000400740272
B1242064546299N01138132EA006670080900000390780272
B1242074546299N01138140EA006680081000000390820272
B1242084546300N01138149EA006680081000000380800272
B1242094546300N01138156EA006690081000000380820272
B1242104546299N01138164EA006700081100000350940272
B1242114546297N01138171EA006700081000000351060272
B1242124546293N01138178EA006690081000000421200272
B1242134546288N01138184EA006680081000000421340272
B1242144546283N01138189EA006690081100000401390272
B1242154546278N01138193EA006700081300000401440272
B1242164546274N01138195EA006730081600000281560272
B1242174546270N01138193EA006740081700000281680272
B1242184546266N01138188EA006740081700000371990272
B1242194546264N01138180EA006730081500000432300272
B1242204546264N01138171EA006720081500000412540272
B1242214546266N01138164EA006740081800000412760272
B1242224546270N01138161EA006770082200000293070272
B1242234546275N01138160EA006790082400000293380272
B1242244546280N01138161EA006810082500000353550272
B1242254546285N01138163EA006810082400000350120272
B1242264546291N01138166EA006810082300000440150272
B1242274546298N01138169EA006800082400000440180272
B1242284546303N01138173EA006810082500000380230272
B1242294546307N01138178EA006830082700000380280272
B1242304546311N01138183EA006840082800000350370272
B1242314546315N01138189EA006840082700000350460295
B1242324546320N01138194EA006840082700000410410295
B1242334546325N01138200EA006820082500000410360295
B1242344546331N01138205EA006810082400000470360295
B1242364546343N01138217EA006810082500000450360295
B1242374546347N01138223EA006820082600000450400279
B1242384546351N01138228EA006840082800000340410279
B1242394546355N01138233EA006860083000000340420279
B1242404546358N01138238EA006870083000000290440279
B1242414546361N01138243EA006860082900000290460279
B1242424546365N01138250EA006850082700000400480298
B1242434546369N01138257EA006830082500000400500298
B1242444546373N01138264EA006810082300000440490298
B1242454546377N01138271EA006790082100000440480294
B1242464546381N01138278EA006770082000000440490294
B1242474546385N01138286EA006760081800000440500294
B1242484546389N01138292EA006750081700000410490294
B1242494546394N01138299EA006730081500000410480294
B1242504546398N01138305EA006720081400000410460294
B1242514546403N01138312EA006700081100000410440294
B1242524546407N01138319EA006680080900000460440286
B1242534546412N01138326EA006650080600000460440292
B1242544546417N01138333EA006630080400000450460292
B1242554546421N01138340EA006620080300000450480292
B1242564546426N01138348EA006600080100000430490292
B1242574546430N01138355EA006590079900000430500292
B1242584546434N01138362EA006570079800000440490292
B1242594546439N01138369EA006550079600000440480292
B1243004546443N01138377EA006530079400000450490292
B1243014546447N01138384EA006510079200000450500292
B1243024546451N01138392EA006490079000000450520292
B1243034546455N01138400EA006470078700000450540292
B1243044546459N01138409EA006440078400000480560292
B1243054546463N01138418EA006420078200000490560302
B1243064546466N01138427EA006390078000000480580302
B1243074546469N01138436EA006380077800000460600302
B1243084546473N01138445EA006360077700000440620302
B1243094546476N01138453EA006350077600000440620302
B1243104546479N01138462EA006330077400000450600302
B1243114546483N01138470EA006310077100000450580289
B1243124546487N01138478EA006290076900000470560289
B1243134546491N01138486EA006270076600000470540289
B1243144546494N01138495EA006250076400000450540289
B1243154546498N01138503EA006230076200000450580289
B1243164546501N01138511EA006210076100000420580289
B1243174546505N01138519EA006190075800000420580270
B1243184546508N01138527EA006160075500000450570270
B1243194546512N01138535EA006130075200000450560296
B1243204546516N01138543EA006100075000000450540296
B1243214546521N01138550EA006080074700000450520296
B1243224546525N01138558EA006060074500000460510296
B1243234546529N01138566EA006030074200000460500296
B1243244546534N01138574EA006000073900000490490294
B1243254546539N01138582EA005980073700000490480294
B1243264546543N01138590EA005950073500000470490294
B1243274546548N01138598EA005940073300000470500294
B1243284546553N01138605EA005910073100000480490294
B1243294546558N01138613EA005890072900000480480294
B1243304546562N01138622EA005870072700000490480319
B1243314546567N01138630EA005850072500000490500319
B1243324546571N01138638EA005840072300000460520319
B1243334546575N01138646EA005820072100000460540319
B1243344546579N01138655EA005800072000000460540319
B1243354546582N01138663EA005790071700000460560319
B1243364546586N01138672EA005760071500000480580308
B1243374546590N01138681EA005740071300000470580308
B1243384546593N01138690EA005720071100000470580308
B1243394546596N01138699EA005700070900000470600308
B1243404546600N01138708EA005680070600000470620308
B1243414546604N01138716EA005660070400000470600308
B1243424546608N01138724EA005640070200000480560298
B1243434546612N01138733EA005620070000000480520324
B1243444546616N01138741EA005600069800000470530324
B1243454546620N01138749EA005580069600000470540324
B1243464546624N01138758EA005560069300000480560324
B1243474546628N01138767EA005530069100000490560324
B1243484546632N01138776EA005510068900000500560318
B1243494546637N01138785EA005490068600000500560318
B1243504546641N01138794EA005470068500000500560318
B1243514546645N01138803EA005450068300000490560318
B1243524546649N01138812EA005440068100000500560318
B1243534546654N01138820EA005420067900000500540307
B1243544546659N01138828EA005400067700000530490307
B1243554546665N01138836EA005380067600000530440347
B1243564546671N01138844EA005380067600000520430347
B1243574546677N01138851EA005380067700000520420347
B1243584546682N01138858EA005390067800000460430347
B1243594546687N01138865EA005410068000000460440347
B1244004546691N01138870EA005430068100000400410338
B1244014546696N01138876EA005440068200000400380338
B1244024546700N01138881EA005460068300000370400338
B1244034546704N01138887EA005470068400000370420338
B1244044546706N01138894EA005480068400000370550338
B1244054546707N01138902EA005480068400000370680338
B1244064546706N01138910EA005480068300000360880338
B1244074546703N01138916EA005470068200000361080338
B1244084546699N01138920EA005460068200000321270328
B1244094546695N01138922EA005460068200000321460328
B1244104546691N01138921EA005460068300000241730328
B1244114546689N01138918EA005470068400000242000328
B1244124546688N01138912EA005470068400000272340338
B1244134546690N01138906EA005470068400000272680338
B1244144546693N01138900EA005470068400000372920338
B1244154546698N01138896EA005470068500000373160338
B1244164546704N01138896EA005480068500000413380338
B1244174546710N01138898EA005480068500000410000338
B1244184546716N01138904EA005480068400000480180385
B1244194546722N01138911EA005470068300000480360385
B1244204546726N01138918EA005470068300000450420367
B1244214546730N01138925EA005480068400000450480367
B1244224546734N01138933EA005480068500000420540367
B1244234546737N01138941EA005480068400000420600367
B1244244546740N01138950EA005470068300000480600367
B1244254546744N01138959EA005470068300000490580367
B1244264546748N01138968EA005470068400000450560325
B1244274546751N01138976EA005480068500000450580325
B1244284546754N01138984EA005490068600000410620325
B1244294546756N01138992EA005490068600000410660325
B1244304546759N01139001EA005490068500000430660325
B1244314546762N01139009EA005490068500000430620311
B1244324546766N01139017EA005480068400000440580311
B1244334546770N01139025EA005460068200000440540270
B1244344546773N01139034EA005440068000000460580270
B1244354546776N01139043EA005420067700000480620270
B1244364546779N01139053EA005400067500000500640270
B1244374546781N01139063EA005370067200000510680270
B1244384546784N01139074EA005340067000000520700225
B1244394546786N01139085EA005320066700000510720225
B1244404546788N01139095EA005300066600000490720225
B1244414546790N01139104EA005290066400000470720225
B1244424546792N01139114EA005270066200000460700225
B1244434546794N01139124EA005250066000000470720229
B1244444546797N01139134EA005230065800000490700229
B1244454546800N01139144EA005200065500000510680229
B1244464546802N01139154EA005180065200000500680229
B1244474546803N01139164EA005160065000000480720229
B1244484546804N01139174EA005140064900000450800276
B1244494546804N01139184EA005130064800000440860276
B1244504546805N01139193EA005120064700000430860276
B1244514546806N01139202EA005120064800000400820276
B1244524546806N01139210EA005120064900000370840276
B1244534546807N01139217EA005130064900000370860276
B1244544546807N01139225EA005140065000000340870320
B1244554546807N01139232EA005150065100000340880320
B1244564546807N01139240EA005160065100000340860320
B1244574546808N01139247EA005170065200000340840320
B1244584546808N01139254EA005170065300000350850320
B1244594546808N01139262EA005180065300000350860320
B1245004546808N01139269EA005190065400000340900350
B1245014546807N01139277EA005190065500000340940350
B1245024546807N01139284EA005200065600000340950350
B1245034546806N01139291EA005210065600000340960350
B1245044546807N01139299EA005210065700000350900350
B1245054546808N01139307EA005210065700000350840350
B1245064546809N01139314EA005220065700000350800350
B1245074546810N01139322EA005230065800000350760384
B1245084546810N01139329EA005230065800000350830384
B1245094546809N01139337EA005240065900000350900384
B1245104546809N01139344EA005240065900000340930384
B1245114546808N01139351EA005240065900000340960384
B1245124546806N01139357EA005240065900000291070384
B1245134546803N01139362EA005240065800000291180384
B1245144546799N01139366EA005230065700000281340384
B1245154546795N01139367EA005220065600000281500384
B1245164546791N01139366EA005210065600000271750384
B1245174546788N01139363EA005210065600000272000384
B1245184546786N01139359EA005220065700000212160384
B1245194546785N01139355EA005240065800000212320384
B1245204546784N01139350EA005240065900000252510384
B1245214546787N01139343EA005240065800000252700384
B1245224546790N01139336EA005240065700000402870384
B1245234546794N01139329EA005220065500000403040384
B1245244546800N01139325EA005200065500000483200384
B1245254546807N01139323EA005200065500000483360384
B1245264546814N01139324EA005210065600000413520385
B1245274546820N01139327EA005220065700000410080385
B1245284546825N01139331EA005230065800000400170385
B1245294546830N01139335EA005240065800000400260385
B1245304546836N01139341EA005230065800000440300385
B1245314546841N01139347EA005230065700000440320385
B1245324546847N01139353EA005220065700000470370385
B1245334546851N01139361EA005230065800000470420385
B1245344546853N01139368EA005230065900000370560405
B1245354546854N01139376EA005240065900000370700405
B1245364546853N01139383EA005230065700000370890405
B1245374546850N01139390EA005220065600000371080405
B1245384546848N01139397EA005210065500000331140405
B1245394546845N01139402EA005210065600000331200405
B1245404546841N01139406EA005220065600000261320405
B1245414546838N01139408EA005220065600000261440405
B1245424546834N01139410EA005210065500000271550405
B1245434546830N01139410EA005200065400000271660405
B1245444546825N01139410EA005190065300000301750405
B1245454546821N01139409EA005190065300000301840405
B1245464546817N01139406EA005180065400000251990405
B1245474546815N01139402EA005190065400000252140405
B1245484546814N01139396EA005200065500000272360405
B1245494546814N01139390EA005200065500000272580405
B1245504546817N01139384EA005200065500000332760405
B1245514546820N01139378EA005190065400000332940405
B1245524546825N01139373EA005190065400000403130405
B1245534546831N01139372EA005190065400000403320405
B1245544546837N01139373EA005190065400000433520405
B1245554546843N01139377EA005180065300000430120405
B1245564546848N01139383EA005190065200000440280405
B1245574546852N01139391EA005180065200000440440405
B1245584546856N01139399EA005170065100000470520405
B1245594546859N01139408EA005160065100000440600405
B1246004546861N01139416EA005160065100000390650410
B1246014546862N01139424EA005170065200000390700432
B1246024546861N01139432EA005170065200000340840432
B1246034546859N01139438EA005170065100000340980445
B1246044546856N01139444EA005160065000000341150445
B1246054546852N01139448EA005150065000000341320445
B1246064546848N01139449EA005150064900000291550445
B1246074546843N01139448EA005140064900000291780445
B1246084546839N01139446EA005140064800000271900445
B1246094546836N01139443EA005140064800000272020445
B1246104546833N01139440EA005150064900000242120445
B1246114546831N01139435EA005140064900000242220445
B1246124546829N01139430EA005140064800000282360445
B1246134546829N01139423EA005140064800000282500445
B1246144546830N01139416EA005140064800000342660405
B1246154546831N01139409EA005130064800000342820405
B1246164546834N01139403EA005130064800000342910405
B1246174546837N01139397EA005140064900000343000405
B1246184546841N01139391EA005140065000000383090405
B1246194546846N01139386EA005140065000000383180405
B1246204546851N01139381EA005140065000000433240405
B1246214546857N01139377EA005150065000000433300405
B1246224546862N01139374EA005150065000000373350410
B1246234546868N01139372EA005160065200000373400410
B1246244546873N01139368EA005160065200000383370410
B1246254546879N01139365EA005160065100000383340382
B1246264546885N01139362EA005150065100000423390382
B1246274546891N01139362EA005160065200000423440382
B1246284546897N01139364EA005160065200000400010382
B1246294546902N01139369EA005160065200000400180410
B1246304546906N01139375EA005150065000000430180410
B1246314546910N01139383EA005150064900000420500410
B1246324546912N01139391EA005140064900000370590448
B1246334546913N01139398EA005140064900000370680448
B1246344546913N01139405EA005140064800000310800448
B1246354546912N01139411EA005130064700000310920448
B1246364546910N01139418EA005120064600000321040432
B1246374546908N01139424EA005110064500000321160432
B1246384546905N01139430EA005100064400000341190432
B1246394546902N01139436EA005090064300000341220432
B1246404546899N01139442EA005090064300000321240432
B1246414546896N01139447EA005080064200000321260432
B1246424546893N01139452EA005080064200000281300432
B1246434546890N01139455EA005070064100000281340432
B1246444546886N01139456EA005060064000000291540432
B1246454546881N01139455EA005050063900000291740432
B1246464546878N01139451EA005040063800000301990432
B1246474546875N01139445EA005030063800000302240432
B1246484546875N01139439EA005030063800000282440432
B1246494546875N01139433EA005040063900000282640432
B1246504546876N01139427EA005050064000000272740432
B1246514546878N01139422EA005050064000000272840432
B1246524546880N01139416EA005050064000000332950410
B1246534546884N01139410EA005040063900000333060410
B1246544546889N01139406EA005040063900000363130410
B1246554546893N01139401EA005040064000000363200410
B1246564546898N01139398EA005040064000000363290410
B1246574546903N01139396EA005050064100000363380410
B1246584546908N01139393EA005050064100000373390410
B1246594546913N01139390EA005050064100000373400448
B1247004546918N01139385EA005050064100000363310448
B1247014546922N01139380EA005050064100000363220448
B1247024546925N01139375EA005050064000000333140448
B1247034546927N01139368EA005050064000000333060448
B1247044546929N01139361EA005040064000000342960430
B1247054546930N01139354EA005040064000000342860430
B1247064546931N01139347EA005030064000000332790430
B1247074546931N01139340EA005030063900000332720430
B1247084546931N01139333EA005030064000000332710430
B1247094546931N01139325EA005030064000000332700430
B1247104546932N01139318EA005040064000000322730430
B1247114546933N01139312EA005040064100000322760408
B1247124546935N01139306EA005050064200000312880408
B1247134546939N01139300EA005060064200000313000408
B1247144546944N01139295EA005050064200000413100408
B1247154546949N01139289EA005050064100000413200408
B1247164546955N01139285EA005040064100000483270408
B1247174546962N01139281EA005030064100000483340419
B1247184546968N01139280EA005040064200000443410419
B1247194546975N01139279EA005050064200000443480419
B1247204546981N01139280EA005060064200000413570419
B1247214546987N01139282EA005060064200000410060419
B1247224546993N01139286EA005050064100000460140419
B1247234546999N01139290EA005040063900000460220419
B1247244547005N01139296EA005040063900000450310419
B1247254547009N01139303EA005040063900000450400419
B1247264547012N01139311EA005040063900000400530398
B1247274547014N01139319EA005040063900000400660440
B1247284547014N01139328EA005030063800000430780440
B1247294547014N01139337EA005030063900000410860440
B1247304547015N01139345EA005040064000000360860440
B1247314547015N01139352EA005060064200000360860440
B1247324547015N01139359EA005070064300000310860440
B1247334547014N01139366EA005080064300000310900440
B1247344547012N01139371EA005080064300000301050463
B1247354547009N01139376EA005080064200000301200464
B1247364547005N01139379EA005070064100000281380464
B1247374547001N01139380EA005070064100000281560464
B1247384546997N01139382EA005060064000000261630464
B1247394546993N01139382EA005070064000000261700464
B1247404546989N01139382EA005060064000000261760464
B1247414546985N01139381EA005050063900000261820464
B1247424546980N01139378EA005040063700000341900464
B1247434546975N01139376EA005030063700000341980464
B1247444546971N01139374EA005020063700000292000464
B1247454546967N01139371EA005030063700000292020464
B1247464546964N01139367EA005030063700000302110446
B1247474546960N01139362EA005020063600000302200430
B1247484546958N01139355EA005020063600000342310430
B1247494546956N01139349EA005020063600000342420430
B1247504546956N01139342EA005030063800000292540430
B1247514546956N01139336EA005050063900000292660430
B1247524546957N01139330EA005060064000000312770430
B1247534546960N01139323EA005060064000000312880430
B1247544546963N01139315EA005050063900000422960419
B1247554546967N01139308EA005040063900000423040419
B1247564546973N01139302EA005040063900000463140419
B1247574546979N01139298EA005040063900000463240419
B1247584546985N01139296EA005040063900000413350419
B1247594546991N01139295EA005050063900000413460419
B1248004546997N01139296EA005050063900000433590419
B1248014547004N01139300EA005040063700000430120419
B1248024547010N01139306EA005020063500000510240419
B1248034547016N01139313EA005000063300000510360398
B1248044547022N01139321EA005000063300000490400440
B1248054547026N01139328EA005000063300000490440440
B1248064547030N01139336EA005000063300000440500440
B1248074547032N01139345EA004990063300000450620440
B1248084547033N01139355EA004990063300000440740440
B1248094547034N01139363EA004990063400000440820440
B1248104547034N01139372EA005000063600000380840463
B1248114547035N01139380EA005010063700000380800463
B1248124547035N01139387EA005030063800000320840463
B1248134547035N01139394EA005040063900000320880463
B1248144547034N01139401EA005030063800000340950463
B1248154547032N01139408EA005020063600000341020463
B1248164547031N01139417EA005010063400000391020463
B1248174547031N01139425EA005000063400000390980481
B1248184547030N01139432EA005000063500000300960481
B1248194547030N01139438EA005010063500000300940481
B1248204547029N01139444EA005020063600000280960481
B1248214547028N01139450EA005010063500000280980481
B1248224547027N01139457EA005000063300000351010481
B1248234547025N01139465EA004980063200000351040481
B1248244547024N01139472EA004980063100000331030505
B1248254547023N01139478EA004980063100000331020505
B1248264547022N01139484EA004980063100000281020505
B1248274547021N01139491EA004980063100000281020505
B1248284547021N01139498EA004970063000000350970505
B1248294547021N01139507EA004950062800000410920505
B1248304547023N01139516EA004940062600000430840505
B1248314547024N01139524EA004930062600000430780521
B1248324547026N01139532EA004930062700000350730521
B1248334547028N01139538EA004940062800000350680521
B1248344547030N01139545EA004950062800000330660521
B1248354547032N01139552EA004940062700000330640521
B1248364547034N01139561EA004910062400000430700521
B1248374547035N01139570EA004890062200000440740537
B1248384547037N01139579EA004890062100000400740537
B1248394547039N01139586EA004890062300000400720537
B1248404547040N01139593EA004900062400000320760537
B1248414547040N01139600EA004910062300000320800537
B1248424547040N01139608EA004900062200000380870537
B1248434547039N01139617EA004890062100000390940552
B1248444547039N01139624EA004890062200000350930552
B1248454547039N01139631EA004900062300000350920552
B1248464547039N01139637EA004920062500000290890552
B1248474547039N01139644EA004920062400000290860552
B1248484547039N01139652EA004910062300000380890552
B1248494547038N01139661EA004890062100000420920552
B1248504547038N01139670EA004880062000000400940584
B1248514547038N01139678EA004880062000000400900584
B1248524547038N01139686EA004880062000000340890584
B1248534547038N01139693EA004880062000000340880584
B1248544547038N01139701EA004880061900000340890584
B1248554547038N01139709EA004860061700000340900584
B1248564547038N01139717EA004850061500000430880596
B1248574547038N01139727EA004820061300000440860596
B1248584547036N01139735EA004810061100000400990596
B1248594547033N01139742EA004790061000000401120596
B1249004547029N01139749EA004780060900000361210596
B1249014547026N01139754EA004780060800000361300596
B1249024547022N01139760EA004770060700000341330596
B1249034547018N01139764EA004760060500000341360596
B1249044547013N01139767EA004740060300000361480586
B1249054547007N01139769EA004730060200000361600578
B1249064547002N01139770EA004710060100000361640578
B1249074546997N01139772EA004710060100000361680578
B1249084546993N01139773EA004720060200000241660578
B1249094546990N01139774EA004720060200000241640578
B1249104546986N01139775EA004720060000000271700578
B1249114546981N01139774EA004700059700000271760578
B1249124546975N01139773EA004670059500000391820578
B1249134546970N01139772EA004650059300000391880578
B1249144546964N01139771EA004650059400000341880578
B1249154546960N01139770EA004650059500000341880552
B1249164546955N01139770EA004650059600000281840552
B1249174546951N01139770EA004660059600000281800552
B1249184546947N01139771EA004660059700000281770552
B1249194546943N01139772EA004670059800000281740552
B1249204546940N01139772EA004680059900000211730552
B1249214546937N01139772EA004700060000000211720552
B1249224546934N01139769EA004710060000000241930552
B1249234546932N01139765EA004700060100000242140555
B1249244546932N01139759EA004700060000000302480555
B1249254546935N01139753EA004700060000000302820555
B1249264546940N01139748EA004690059900000413070555
B1249274546946N01139746EA004690059900000413320555
B1249284546952N01139746EA004690059900000383470555
B1249294546957N01139747EA004700060000000380020555
B1249304546963N01139751EA004710060100000410150580
B1249314546968N01139757EA004710060100000410280580
B1249324546971N01139764EA004710060100000400410580
B1249334546973N01139772EA004720060400000400540578
B1249344546973N01139779EA004730060400000330740578
B1249354546972N01139785EA004730060400000330940578
B1249364546969N01139791EA004730060300000331130578
B1249374546965N01139795EA004720060200000331320578
B1249384546960N01139797EA004720060200000331510552
B1249394546955N01139797EA004710060200000331700552
B1249404546951N01139797EA004720060400000261760552
B1249414546948N01139797EA004750060800000261820552
B1249424546947N01139796EA004780061000000091910552
B1249434546945N01139794EA004800061100000092000552
B1249444546944N01139790EA004800061000000232240552
B1249454546943N01139783EA004780060800000232480552
B1249464546943N01139776EA004750060600000352600552
B1249474546944N01139769EA004740060500000352720552
B1249484546946N01139762EA004740060500000312840555
B1249494546949N01139757EA004740060500000312960555
B1249504546953N01139753EA004740060500000323140555
B1249514546959N01139752EA004730060400000323320555
B1249524546965N01139753EA004710060200000483510580
B1249534546973N01139757EA004700060000000520100580
B1249544546979N01139762EA004690060000000480230580
B1249554546984N01139769EA004690060000000480360578
B1249564546987N01139777EA004690060100000390510578
B1249574546987N01139784EA004690060100000390660578
B1249584546986N01139792EA004690060000000340860578
B1249594546984N01139798EA004680060000000341060578
B1250004546981N01139802EA004680059900000281240578
B1250014546977N01139804EA004670059900000281420578
B1250024546973N01139805EA004670059900000241580578
B1250034546970N01139804EA004660059900000241760578
B1250044546967N01139801EA004670059900000221980578
B1250054546965N01139797EA004670059900000222200578
B1250064546964N01139792EA004670059800000222370578
B1250074546964N01139787EA004670059800000222540578
B1250084546964N01139781EA004660059700000282640578
B1250094546964N01139775EA004650059600000282740578
B1250104546965N01139768EA004640059500000312770578
B1250114546967N01139762EA004640059600000312800580
B1250124546969N01139755EA004640059700000312880580
B1250134546971N01139749EA004640059700000312960580
B1250144546974N01139743EA004640059700000342990580
B1250154546977N01139737EA004630059700000343020580
B1250164546981N01139732EA004630059700000353080580
B1250174546985N01139727EA004640059600000353140580
B1250184546988N01139721EA004630059600000363110580
B1250194546991N01139715EA004630059500000363080564
B1250204546994N01139708EA004620059400000343010564
B1250214546996N01139701EA004610059300000342940564
B1250224546997N01139695EA004600059200000272870564
B1250234546997N01139690EA004600059200000272800564
B1250244546995N01139686EA004590059000000232520564
B1250254546991N01139685EA004570058800000232240564
B1250264546987N01139686EA004550058600000291890564
B1250274546984N01139690EA004530058500000291540564
B1250284546980N01139695EA004520058500000281440564
B1250294546978N01139699EA004520058500000281340564
B1250304546975N01139703EA004520058400000251330564
B1250314546972N01139707EA004510058300000251320564
B1250324546970N01139713EA004500058200000321280564
B1250334546967N01139719EA004480058000000321240580
B1250344546965N01139726EA004470057900000341180580
B1250354546963N01139733EA004470057900000341120580
B1250364546963N01139740EA004460057900000341040580
B1250374546962N01139748EA004460057900000340960580
B1250384546961N01139755EA004460057900000340990580
B1250394546960N01139763EA004450057800000341020555
B1250404546959N01139770EA004450057800000360980552
B1250414546959N01139778EA004450057800000360940552
B1250424546959N01139785EA004460057800000330930552
B1250434546958N01139792EA004450057800000330920552
B1250444546958N01139800EA004450057600000380920552
B1250454546958N01139809EA004440057500000400920552
B1250464546960N01139817EA004420057300000410820531
B1250474546962N01139826EA004410057200000430720555
B1250484546965N01139834EA004400057100000420650555
B1250494546969N01139841EA004390057000000420580555
B1250504546973N01139849EA004380056900000450550555
B1250514546977N01139857EA004360056700000450520555
B1250524546981N01139865EA004340056500000490520555
B1250534546986N01139874EA004330056400000470520533
B1250544546990N01139882EA004320056300000460510533
B1250554546995N01139889EA004320056200000460500533
B1250564547000N01139895EA004310056100000460440533
B1250574547006N01139901EA004290056000000460380533
B1250584547012N01139905EA004280055900000450310539
B1250594547018N01139908EA004280055800000450240539
B1251004547024N01139911EA004280055700000400240539
B1251014547030N01139915EA004280055600000430180539
B1251024547036N01139919EA004260055400000470210513
B1251034547042N01139923EA004240055200000470240513
B1251044547048N01139928EA004230055100000420260513
B1251054547053N01139932EA004230055100000420280513
B1251064547057N01139938EA004220055100000380340513
B1251074547062N01139944EA004210055000000380400507
B1251084547066N01139950EA004210055000000400410507
B1251094547071N01139955EA004210055000000400420507
B1251104547075N01139960EA004210055000000340400507
B1251114547079N01139964EA004210054900000340380507
B1251124547082N01139969EA004200054800000330420479
B1251134547085N01139976EA004180054500000330460479
B1251144547088N01139983EA004150054200000400580479
B1251154547089N01139992EA004130053900000430700479
B1251164547091N01140001EA004100053800000420780479
B1251174547093N01140008EA004100053900000420720479
B1251184547096N01140015EA004110054000000340620479
B1251194547099N01140021EA004120054200000340520479
B1251204547101N01140027EA004130054300000310580479
B1251214547102N01140033EA004140054400000310640479
B1251224547103N01140039EA004140054400000280750479
B1251234547102N01140044EA004150054300000280860479
B1251244547100N01140048EA004140054300000241110479
B1251254547096N01140051EA004140054200000241360479
B1251264547092N01140052EA004130054100000281510479
B1251274547088N01140053EA004130054200000281660479
B1251284547084N01140053EA004140054300000231740479
B1251294547081N01140053EA004140054300000231820479
B1251304547079N01140051EA004140054300000171990479
B1251314547077N01140047EA004140054100000172160479
B1251324547075N01140043EA004130053900000232250479
B1251334547072N01140040EA004110053700000232340479
B1251344547068N01140040EA004100053600000262050479
B1251354547064N01140042EA004080053400000261760479
B1251364547060N01140047EA004060053300000331560453
B1251374547058N01140052EA004050053200000331360453
B1251384547057N01140058EA004030053100000301150453
B1251394547057N01140066EA004010052900000300940453
B1251404547058N01140074EA003990052700000390870461
B1251414547059N01140082EA003980052600000390800461
B1251424547060N01140091EA003970052600000400780461
B1251434547062N01140098EA003970052700000400740502
B1251444547064N01140105EA003980052700000350690502
B1251454547066N01140112EA003980052800000350640502
B1251464547068N01140120EA003990052700000370640514
B1251474547070N01140128EA003980052600000390660514
B1251484547072N01140136EA003970052500000400730514
B1251494547072N01140144EA003960052400000400800514
B1251504547071N01140152EA003950052300000360900514
B1251514547070N01140159EA003940052200000361000514
B1251524547067N01140166EA003930052000000341130514
B1251534547063N01140171EA003910051800000341260506
B1251544547060N01140177EA003890051600000371300493
B1251554547056N01140182EA003880051500000371340493
B1251564547052N01140187EA003870051400000331380493
B1251574547048N01140191EA003870051400000331420493
B1251584547043N01140194EA003860051300000321480493
B1251594547039N01140196EA003860051300000321540493
B1252004547034N01140197EA003850051200000321660493
B1252014547029N01140196EA003840051200000321780493
B1252024547025N01140194EA003840051200000261860493
B1252034547021N01140193EA003840051200000261940493
B1252044547018N01140191EA003840051200000221970493
B1252054547015N01140189EA003840051100000222000493
B1252064547011N01140187EA003830051000000272030493
B1252074547007N01140184EA003820050800000272060480
B1252084547003N01140181EA003800050600000332030480
B1252094546998N01140179EA003790050500000332000480
B1252104546995N01140178EA003790050600000241980480
B1252114546991N01140176EA003800050600000241960480
B1252124546988N01140174EA003800050600000242030480
B1252134546985N01140170EA003790050500000242100480
B1252144546981N01140167EA003770050300000302100480
B1252154546977N01140165EA003760050200000302100459
B1252164546973N01140164EA003750050200000291950459
B1252174546968N01140165EA003750050300000291800459
B1252184546964N01140170EA003760050400000321580480
B1252194546962N01140175EA003770050400000321360480
B1252204546959N01140182EA003770050500000341230457
B1252214546958N01140190EA003770050500000341100457
B1252224546956N01140199EA003770050500000411080457
B1252234546956N01140208EA003770050500000420980457
B1252244546956N01140217EA003780050400000410880478
B1252254546956N01140225EA003770050400000410840478
B1252264546956N01140234EA003760050300000420900478
B1252274546954N01140243EA003750050100000431000478
B1252284546952N01140252EA003740050000000421060478
B1252294546950N01140260EA003740050000000401080478
B1252304546949N01140269EA003740050000000381040473
B1252314546949N01140277EA003740050100000380920473
B1252324546950N01140284EA003740050100000340870473
B1252334546950N01140292EA003740050100000340820473
B1252344546950N01140299EA003740050100000350860473
B1252354546950N01140307EA003740050100000350900473
B1252364546949N01140315EA003730050000000370890473
B1252374546950N01140323EA003730049900000370880464
B1252384546950N01140330EA003730049900000320860464
B1252394546950N01140337EA003730049900000320840464
B1252404546951N01140344EA003720049900000330820464
B1252414546952N01140351EA003710049700000330800464
B1252424546953N01140357EA003710049600000290810464
B1252434546953N01140364EA003710049500000290820464
B1252444546953N01140372EA003690049300000370890462
B1252454546952N01140380EA003670049100000370960462
B1252464546952N01140389EA003650049000000400940462
B1252474546953N01140397EA003630048900000400880462
B1252484546954N01140404EA003630048800000340810462
B1252494546955N01140411EA003620048700000340740462
B1252504546955N01140418EA003620048600000320810446
B1252514546955N01140425EA003600048400000320880446
B1252524546955N01140434EA003580048100000390960446
B1252534546955N01140443EA003560048000000410940446
B1252544546955N01140451EA003540047800000390890446
B1252554546955N01140459EA003540047700000390840446
B1252564546956N01140467EA003530047700000360830432
B1252574546957N01140475EA003520047600000360820432
B1252584546957N01140483EA003510047500000370820432
B1252594546958N01140491EA003490047300000370820432
B1253004546959N01140501EA003470047000000430800432
B1253014546961N01140510EA003450046800000440780481
B1253024546963N01140518EA003440046700000400740469
B1253034546964N01140527EA003430046600000390760469
B1253044546964N01140535EA003410046400000390800469
B1253054546965N01140544EA003400046200000420840469
B1253064546965N01140553EA003380046000000430840469
B1253074546966N01140562EA003360045800000420820469
B1253084546966N01140571EA003350045800000400840460
B1253094546966N01140580EA003340045700000390860460
B1253104546966N01140589EA003330045500000420900460
B1253114546965N01140598EA003320045400000450920460
B1253124546965N01140608EA003300045200000450940460
B1253134546964N01140618EA003290045100000420960451
B1253144546964N01140626EA003280045000000400940451
B1253154546963N01140635EA003280044900000420920451
B1253164546962N01140644EA003270044900000430940451
B1253174546961N01140654EA003260044800000430980451
B1253184546961N01140663EA003260044800000420980451
B1253194546961N01140672EA003260044800000410920442
B1253204546962N01140680EA003250044800000390860442
B1253214546963N01140689EA003250044700000390800442
B1253224546964N01140698EA003240044500000430800442
B1253234546964N01140707EA003220044400000440840442
B1253244546964N01140717EA003220044400000420880432
B1253254546965N01140725EA003220044500000420880432
B1253264546966N01140733EA003230044700000400790432
B1253274546968N01140742EA003240044700000390700432
B1253284546970N01140749EA003240044700000360710432
B1253294546971N01140757EA003240044700000360720432
B1253304546970N01140765EA003230044600000370850432
B1253314546969N01140773EA003220044400000370980415
B1253324546969N01140781EA003210044200000380980415
B1253334546970N01140790EA003190044000000400920415
B1253344546972N01140798EA003170043800000410780415
B1253354546976N01140805EA003160043600000410640415
B1253364546980N01140812EA003140043500000430560415
B1253374546984N01140819EA003130043400000430480393
B1253384546988N01140826EA003110043300000430490393
B1253394546992N01140833EA003100043100000430500393
B1253404546998N01140840EA003080042900000480450393
B1253414547003N01140847EA003060042800000480400393
B1253424547007N01140853EA003060042700000380420393
B1253434547011N01140858EA003060042700000380440381
B1253444547015N01140863EA003060042600000360410381
B1253454547020N01140868EA003050042500000360380360
B1253464547025N01140873EA003030042300000430370360
B1253474547030N01140879EA003020042200000430360360
B1253484547035N01140884EA003010042200000410350360
B1253494547040N01140889EA003010042200000410340360
B1253504547044N01140895EA003000042100000410400360
B1253514547048N01140902EA002980041900000410460360
B1253524547053N01140910EA002960041600000480480360
B1253534547058N01140917EA002940041400000480500324
B1253544547063N01140922EA002940041400000390410278
B1253554547067N01140926EA002930041400000390320278
B1253564547072N01140931EA002930041300000360360278
B1253574547076N01140937EA002910041100000360400278
B1253584547079N01140943EA002900040900000380460278
B1253594547082N01140950EA002870040600000380520278
B1254004547085N01140959EA002850040200000430560278
B1254014547088N01140968EA002810039800000470620260
B1254024547091N01140977EA002780039500000500660260
B1254034547095N01140987EA002750039200000510620260
B1254044547099N01140996EA002720039000000490580260
B1254054547102N01141004EA002710038900000490580260
B1254064547105N01141013EA002700038800000410600260
B1254074547108N01141021EA002680038600000410620254
B1254084547110N01141029EA002660038300000420670254
B1254094547112N01141038EA002630038000000440720259
B1254104547114N01141047EA002610037700000460720259
B1254114547118N01141056EA002580037400000460640259
B1254124547121N01141064EA002560037200000440590259
B1254134547125N01141071EA002540037200000440540262
B1254144547129N01141076EA002540037200000340490262
B1254154547132N01141082EA002530037100000340440262
B1254164547136N01141087EA002520037000000370450262
B1254174547140N01141094EA002510036800000370460262
B1254184547144N01141100EA002490036600000420470262
B1254194547148N01141107EA002480036600000420480262
B1254204547152N01141113EA002480036600000360500262
B1254214547154N01141119EA002470036500000360520281
B1254224547156N01141126EA002470036500000330590281
B1254234547159N01141133EA002460036400000330660281
B1254244547161N01141140EA002450036200000380640311
B1254254547164N01141147EA002440036200000380580311
B1254264547168N01141153EA002440036200000360560311
B1254274547171N01141160EA002440036200000360540311
B1254284547173N01141166EA002440036200000360570330
B1254294547175N01141173EA002450036200000360600330
B1254304547176N01141180EA002450036300000330710330
B1254314547176N01141187EA002460036400000330820330
B1254324547174N01141193EA002470036500000301030330
B1254334547170N01141197EA002470036500000301240330
B1254344547166N01141198EA002470036500000321490330
B1254354547161N01141197EA002460036400000321740330
B1254364547157N01141193EA002460036400000301970299
B1254374547155N01141188EA002460036400000302200299
B1254384547154N01141182EA002460036400000302450299
B1254394547155N01141175EA002460036300000302700299
B1254404547158N01141169EA002450036200000362870299
B1254414547162N01141163EA002440036000000363040311
B1254424547168N01141160EA002430035900000403230311
B1254434547174N01141159EA002410035800000403420311
B1254444547180N01141162EA002400035700000430010311
B1254454547185N01141167EA002390035500000430200330
B1254464547189N01141175EA002380035500000420390330
B1254474547191N01141182EA002380035500000420580330
B1254484547193N01141190EA002390035700000350640330
B1254494547195N01141196EA002400035900000350700330
B1254504547196N01141202EA002420036100000270730330
B1254514547196N01141208EA002440036200000270760330
B1254524547194N01141213EA002450036200000260980330
B1254534547191N01141217EA002440036100000261200339
B1254544547186N01141220EA002420035900000341390339
B1254554547182N01141222EA002410035900000341580339
B1254564547178N01141224EA002410036000000281600339
B1254574547173N01141226EA002420036000000281620339
B1254584547169N01141227EA002420036100000281640339
B1254594547165N01141228EA002420036100000281660339
B1255004547160N01141228EA002420036100000331720300
B1255014547155N01141229EA002420036100000331780300
B1255024547150N01141233EA002410036100000361650300
B1255034547146N01141238EA002420036100000361520300
B1255044547142N01141243EA002420036200000331380300
B1255054547139N01141248EA002430036300000331300300
B1255064547136N01141254EA002440036300000321290300
B1255074547133N01141259EA002440036300000321280300
B1255084547129N01141265EA002430036300000371290300
B1255094547125N01141271EA002430036300000371300295
B1255104547122N01141278EA002440036300000351280295
B1255114547119N01141284EA002440036400000351260295
B1255124547116N01141289EA002450036400000351280295
B1255134547112N01141296EA002440036300000351300295
B1255144547109N01141303EA002440036200000401260289
B1255154547106N01141310EA002430036100000401220289
B1255164547102N01141317EA002420036100000411230279
B1255174547098N01141324EA002420036000000411240279
B1255184547095N01141331EA002410036000000391260279
B1255194547091N01141338EA002410036000000391280279
B1255204547087N01141345EA002410035900000441270279
B1255214547083N01141353EA002400035900000441260279
B1255224547078N01141360EA002400035900000441280279
B1255234547074N01141366EA002410036000000441300283
B1255244547069N01141371EA002430036200000371360283
B1255254547065N01141377EA002440036200000371420283
B1255264547060N01141382EA002440036100000421400313
B1255274547055N01141389EA002430035900000421380313
B1255284547049N01141395EA002420035800000481410313
B1255294547043N01141400EA002410035800000481440313
B1255304547037N01141405EA002410035800000441470313
B1255314547031N01141410EA002420036000000441500313
B1255324547026N01141414EA002430036000000421500313
B1255334547020N01141418EA002430036100000421500307
B1255344547015N01141423EA002430036100000431500307
B1255354547009N01141428EA002430036100000431500290
B1255364547004N01141432EA002430036200000381480290
B1255374546999N01141437EA002450036400000381460290
B1255384546995N01141442EA002460036500000361410290
B1255394546992N01141447EA002480036700000361360290
B1255404546989N01141451EA002500036900000251360290
B1255414546987N01141454EA002510036900000251360290
B1255424546984N01141456EA002510036800000161460290
B1255434546982N01141456EA002490036500000161560290
B1255444546978N01141457EA002460036200000231680290
B1255454546974N01141456EA002420035700000231800290
B1255464546970N01141457EA002390035400000301770290
B1255474546965N01141458EA002350035100000301740290
B1255484546961N01141459EA002330034900000281670290
B1255494546957N01141461EA002320034800000281600245
B1255504546953N01141463EA002300034700000301600245
B1255514546948N01141466EA002290034500000301600213
B1255524546944N01141469EA002270034400000351570213
B1255534546939N01141473EA002260034200000351540213
B1255544546934N01141477EA002250034200000371540213
B1255554546930N01141483EA002250034200000371400213
B1255564546927N01141488EA002250034400000331350213
B1255574546924N01141493EA002270034700000331300213
B1255584546921N01141497EA002290034900000251350213
B1255594546918N01141499EA002310035000000251400213
B1256004546915N01141500EA002320035100000191550213
B1256014546912N01141500EA002330035100000191700213
B1256024546910N01141496EA002330035100000222040189
B1256034546910N01141491EA002320035100000222380189
B1256044546911N01141484EA002320035100000352670213
B1256054546915N01141479EA002310035100000352960213
B1256064546921N01141476EA002320035200000383230213
B1256074546926N01141478EA002330035300000383500213
B1256084546931N01141481EA002340035400000370100213
B1256094546936N01141486EA002350035300000370300213
B1256104546939N01141494EA002350035200000420430213
B1256114546942N01141502EA002340035000000420560213
B1256124546943N01141512EA002320034900000450680213
B1256134546943N01141521EA002320034800000390820186
B1256144546941N01141527EA002310034900000311000186
B1256154546938N01141531EA002310034900000311180186
B1256164546935N01141534EA002320034900000211360186
B1256174546932N01141535EA002320034800000211540186
B1256184546929N01141536EA002310034700000221630186
B1256194546925N01141536EA002300034600000221720186
B1256204546921N01141536EA002290034500000261780186
B1256214546918N01141534EA002280034400000261840186
B1256224546914N01141531EA002270034400000262000186
B1256234546912N01141527EA002270034300000262160186
B1256244546910N01141522EA002270034300000252340177
B1256254546910N01141516EA002270034300000252520177
B1256264546911N01141510EA002260034300000282660213
B1256274546912N01141504EA002260034200000282800213
B1256284546914N01141498EA002250034100000322840213
B1256294546915N01141491EA002230034000000322880213
B1256304546917N01141483EA002220033900000352840213
B1256314546918N01141476EA002210033900000352820213
B1256324546919N01141469EA002210033900000302830213
B1256334546920N01141463EA002210033900000302840245
B1256344546922N01141457EA002220033900000312840245
B1256354546925N01141451EA002210033900000332940245
B1256364546927N01141445EA002210033900000312970245
B1256374546929N01141440EA002220034000000313000245
B1256384546931N01141435EA002220034000000242970245
B1256394546932N01141430EA002220034000000242940245
B1256404546934N01141425EA002220034000000272930245
B1256414546936N01141419EA002210033900000272920245
B1256424546937N01141413EA002200033800000302900275
B1256434546939N01141407EA002190033700000302880275
B1256444546940N01141402EA002190033700000252860275
B1256454546941N01141397EA002200033700000252840275
B1256464546943N01141392EA002190033700000272910275
B1256474546945N01141386EA002190033700000272980275
B1256484546946N01141379EA002180033600000332930275
B1256494546948N01141372EA002180033500000332880275
B1256504546949N01141365EA002180033500000322830300
B1256514546949N01141359EA002180033600000322780300
B1256524546949N01141353EA002190033700000252740300
B1256534546949N01141348EA002190033800000252700300
B1256544546949N01141342EA002200033800000252670300
B1256554546949N01141337EA002210033900000252640300
B1256564546948N01141333EA002210033900000212640300
B1256574546948N01141328EA002210033800000212640300
B1256584546948N01141323EA002210033800000222670300
B1256594546948N01141318EA002200033700000222700300
B1257004546946N01141313EA002190033600000262570297
B1257014546944N01141309EA002180033500000262440297
B1257024546940N01141306EA002170033400000302210297
B1257034546935N01141306EA002160033300000301980297
B1257044546930N01141306EA002150033200000341850297
B1257054546925N01141307EA002140033100000341720297
B1257064546919N01141307EA002120032900000401760297
B1257074546913N01141306EA002110032800000401800297
B1257084546907N01141305EA002100032800000391850245
B1257094546901N01141304EA002100032800000391900245
B1257104546896N01141303EA002120033000000291870245
B1257114546892N01141302EA002140033100000291840245
B1257124546888N01141301EA002150033200000281900245
B1257134546884N01141299EA002160033300000281960245
B1257144546880N01141296EA002160033300000291990245
B1257154546876N01141294EA002170033400000292020245
B1257164546873N01141290EA002180033500000282110245
B1257174546870N01141284EA002190033500000282200245
B1257184546868N01141277EA002180033600000352400245
B1257194546869N01141270EA002190033700000352600245
B1257204546874N01141265EA002200033900000352870234
B1257214546878N01141262EA002220034100000353140234
B1257224546883N01141261EA002230034300000353390234
B1257234546888N01141264EA002250034500000350040234
B1257244546892N01141269EA002270034600000340280245
B1257254546894N01141275EA002270034600000340500245
B1257264546894N01141283EA002270034600000350700245
B1257274546892N01141290EA002280034600000350900245
B1257284546889N01141296EA002280034600000331100245
B1257294546885N01141300EA002290034700000331300245
B1257304546881N01141301EA002290034700000321510245
B1257314546876N01141300EA002290034700000321720245
B1257324546870N01141297EA002290034700000381880245
B1257334546865N01141293EA002290034900000382040245
B1257344546861N01141290EA002320035100000302060245
B1257354546857N01141288EA002340035400000302080194
B1257364546854N01141288EA002370035700000241900194
B1257374546850N01141289EA002390036000000241720194
B1257384546847N01141288EA002420036100000201840194
B1257394546844N01141286EA002430036200000201960194
B1257404546841N01141282EA002430036200000272080194
B1257414546839N01141278EA002440036400000272200194
B1257424546838N01141274EA002460036700000202460194
B1257434546840N01141269EA002490037000000202720194
B1257444546843N01141264EA002500037100000352920186
B1257454546847N01141259EA002500037200000353120186
B1257464546852N01141256EA002520037400000363270186
B1257474546857N01141256EA002540037700000363420186
B1257484546862N01141259EA002560037800000360080234
B1257494546866N01141266EA002560037900000360340245
B1257504546868N01141273EA002580038000000390540245
B1257514546868N01141281EA002600038200000390740245
B1257524546865N01141287EA002620038500000351010245
B1257534546861N01141292EA002630038600000351280245
B1257544546856N01141293EA002650038700000331510194
B1257554546851N01141292EA002660038900000331740194
B1257564546848N01141288EA002680039200000261980194
B1257574546846N01141284EA002700039400000262220194
B1257584546845N01141280EA002730039700000192440194
B1257594546847N01141276EA002760039900000192660194
B1258004546849N01141273EA002780040100000252960194
B1258014546854N01141271EA002790040100000253260194
B1258024546860N01141271EA002790040100000403440194
B1258034546865N01141273EA002790040100000400020245
B1258044546871N01141278EA002800040200000410160245
B1258054546874N01141285EA002810040400000410360245
B1258064546875N01141293EA002820040600000400630245
B1258074546873N01141301EA002830040800000400900245
B1258084546868N01141305EA002850040900000381210245
B1258094546863N01141306EA002860041000000381520245
B1258104546859N01141304EA002890041400000251830194
B1258114546857N01141300EA002920041700000252140194
B1258124546858N01141295EA002930041800000242480194
B1258134546860N01141291EA002950041900000242820194
B1258144546863N01141288EA002970042000000243090245
B1258154546867N01141287EA002970042000000243360245
B1258164546873N01141289EA002970041900000403530245
B1258174546879N01141292EA002960041800000400100245
B1258184546885N01141296EA002950041900000430210245
B1258194546889N01141302EA002980042300000430320245
B1258204546891N01141309EA003010042700000340530245
B1258214546891N01141317EA003040043000000340740240
B1258224546889N01141324EA003060043200000380930240
B1258234546886N01141330EA003080043300000381120240
B1258244546881N01141334EA003100043500000311340240
B1258254546878N01141334EA003120043800000311560240
B1258264546875N01141330EA003130044000000241970240
B1258274546875N01141325EA003150044100000242380240
B1258284546877N01141319EA003150044300000302700240
B1258294546880N01141315EA003180044400000303020245
B1258304546885N01141314EA003200044600000333290245
B1258314546890N01141316EA003210044700000333560240
B1258324546896N01141319EA003220044700000400130240
B1258334546900N01141326EA003230044800000400300240
B1258344546902N01141335EA003240045000000440520240
B1258354546902N01141343EA003260045100000440740240
B1258364546900N01141350EA003270045300000341010240
B1258374546896N01141353EA003280045400000341280240
B1258384546892N01141351EA003300045600000281680240
B1258394546889N01141346EA003300045700000282080240
B1258404546890N01141340EA003310045900000292450240
B1258414546892N01141335EA003340046000000292820240
B1258424546896N01141331EA003360046200000293070240
B1258434546901N01141331EA003380046300000293320240
B1258444546907N01141333EA003390046500000463560240
B1258454546913N01141339EA003400046500000460200300
B1258464546917N01141348EA003410046700000500400300
B1258474546918N01141358EA003430046900000470620300
B1258484546916N01141367EA003430047000000410880275
B1258494546912N01141371EA003450047200000411180275
B1258504546908N01141371EA003460047400000271540227
B1258514546905N01141368EA003490047600000271900227
B1258524546904N01141363EA003510047900000252280240
B1258534546905N01141357EA003530048100000252660240
B1258544546908N01141352EA003550048200000312900240
B1258554546912N01141348EA003570048400000313140300
B1258564546918N01141348EA003590048600000403390300
B1258574546924N01141352EA003600048800000400040300
B1258584546930N01141358EA003620049000000490240300
B1258594546933N01141367EA003630049200000470440275
B1259004546934N01141377EA003650049400000450680275
B1259014546933N01141385EA003670049500000450880275
B1259024546930N01141390EA003690049800000291140275
B1259034546926N01141391EA003710050000000291400275
B1259044546922N01141388EA003720050100000271780275
B1259054546920N01141383EA003740050200000272160275
B1259064546920N01141377EA003750050400000272490275
B1259074546923N01141373EA003780050700000272820275
B1259084546928N01141371EA003790050800000403180275
B1259094546935N01141373EA003810050900000403540275
B1259104546941N01141379EA003820051000000500170275
B1259114546945N01141388EA003830051200000480400275
B1259124546946N01141397EA003840051400000420640275
B1259134546944N01141404EA003860051600000420900275
B1259144546941N01141408EA003870051800000291200275
B1259154546937N01141409EA003890051900000291500275
B1259164546934N01141407EA003910052100000251800275
B1259174546931N01141403EA003930052200000252100275
B1259184546930N01141398EA003950052400000242340275
B1259194546931N01141393EA003960052500000242580275
B1259204546934N01141388EA003960052600000332920275
B1259214546940N01141386EA003960052500000333260275
B1259224546947N01141387EA003960052500000483470275
B1259234546954N01141391EA003950052300000480080275
B1259244546961N01141397EA003940052300000570210321
B1259254546967N01141405EA003950052500000570340321
B1259264546971N01141413EA003980052800000420460321
B1259274546973N01141421EA004010053200000420580290
B1259284546974N01141428EA004030053400000340730290
B1259294546974N01141435EA004040053500000340880290
B1259304546973N01141442EA004060053600000310880290
B1259314546971N01141447EA004070053700000230980290
B1259324546968N01141449EA004090053800000201340290
B1259334546965N01141447EA004090053800000201700290
B1259344546962N01141443EA004080053700000281980290
B1259354546960N01141438EA004080053700000282260245
B1259364546960N01141432EA004080053900000242480245
B1259374546961N01141428EA004100054100000242700290
B1259384546964N01141425EA004130054400000263010290
B1259394546969N01141424EA004140054400000263320290
B1259404546975N01141422EA004140054400000413410290
B1259414546981N01141421EA004140054300000413500290
B1259424546988N01141420EA004140054300000433530290
B1259434546995N01141421EA004150054400000433560290
B1259444547001N01141423EA004160054600000470040290
B1259454547008N01141426EA004170054700000470120290
B1259464547014N01141431EA004170054800000440220307
B1259474547019N01141436EA004190054900000440320307
B1259484547021N01141443EA004200055100000360490307
B1259494547022N01141451EA004210055100000360660307
B1259504547019N01141458EA004200054900000360960307
B1259514547015N01141462EA004190054900000361260307
B1259524547011N01141463EA004190054900000291500307
B1259534547007N01141464EA004200055100000291740290
B1259544547004N01141465EA004230055300000191640290
B1259554547002N01141467EA004240055500000191540246
B1259564546999N01141468EA004260055600000191580246
B1259574546996N01141468EA004260055600000191620246
B1259584546994N01141465EA004260055600000211950290
B1259594546993N01141460EA004250055500000212280290
B1300004546994N01141454EA004250055500000282570290
B1300014546996N01141449EA004260055600000282860290
B1300024547000N01141445EA004270055800000303020290
B1300034547003N01141441EA004290056000000303180290
B1300044547007N01141438EA004310056300000293240290
B1300054547012N01141435EA004340056500000293300307
B1300064547018N01141433EA004350056700000413390307
B1300074547024N01141433EA004360056800000413480307
B1300084547031N01141438EA004360056900000480090307
B1300094547036N01141445EA004370056900000480300307
B1300104547039N01141453EA004380057000000420470307
B1300114547040N01141461EA004400057200000420640307
B1300124547040N01141467EA004410057300000290850274
B1300134547037N01141472EA004420057300000291060274
B1300144547034N01141476EA004410057300000281290274
B1300154547030N01141476EA004410057200000281520274
B1300164547026N01141474EA004410057200000261800274
B1300174547023N01141471EA004430057500000262080274
B1300184547022N01141468EA004460057800000152290274
B1300194547022N01141464EA004490058200000152500307
B1300204547023N01141461EA004520058500000172670307
B1300214547024N01141457EA004550058700000172840307
B1300224547027N01141453EA004560058900000282940307
B1300234547031N01141449EA004580059000000283120307
B1300244547036N01141447EA004590059100000393320307
B1300254547043N01141448EA004600059300000393520307
B1300264547049N01141452EA004620059400000480090307
B1300274547054N01141458EA004630059700000480260307
B1300284547056N01141467EA004650060000000420500274
B1300294547056N01141475EA004680060200000420760274
B1300304547055N01141482EA004700060400000320910274
B1300314547053N01141488EA004730060600000321060274
B1300324547051N01141491EA004750060800000241220274
B1300334547047N01141494EA004760060900000241380274
B1300344547043N01141494EA004760060900000261580274
B1300354547040N01141493EA004770061000000261780274
B1300364547037N01141490EA004790061200000192030274
B1300374547037N01141486EA004810061500000192280274
B1300384547039N01141481EA004820061600000312690274
B1300394547044N01141477EA004830061600000313100274
B1300404547050N01141474EA004840061700000423300274
B1300414547056N01141475EA004850062000000423500274
B1300424547062N01141479EA004880062200000420090266
B1300434547067N01141484EA004910062500000420280266
B1300444547072N01141489EA004940062800000430320266
B1300454547077N01141496EA004970063100000430360266
B1300464547079N01141504EA004990063400000360550266
B1300474547078N01141512EA004990063500000360740266
B1300484547075N01141519EA004990063300000431000232
B1300494547070N01141526EA004980063200000431260232
B1300504547065N01141531EA004980063300000401350232
B1300514547061N01141535EA005000063700000401440232
B1300524547058N01141537EA005040064100000171440224
B1300534547057N01141538EA005080064500000171440224
B1300544547055N01141536EA005100064600000171850224
B1300554547053N01141532EA005090064400000172260224
B1300564547052N01141525EA005070064300000302420224
B1300574547053N01141520EA005070064300000302580224
B1300584547056N01141515EA005080064500000302900274
B1300594547061N01141512EA005100064600000303220266
B1301004547066N01141511EA005110064600000343350266
B1301014547071N01141510EA005110064600000343480266
B1301024547077N01141511EA005120064600000423480266
B1301034547084N01141513EA005110064500000490060266
B1301044547091N01141519EA005100064400000550180232
B1301054547097N01141527EA005090064400000550300232
B1301064547102N01141536EA005100064600000550440232
B1301074547106N01141546EA005130064900000490560232
B1301084547107N01141555EA005160065300000420660232
B1301094547108N01141564EA005190065600000380760232
B1301104547106N01141572EA005220065900000360910250
B1301114547104N01141578EA005240066100000361060250
B1301124547101N01141583EA005260066200000281240250
B1301134547097N01141584EA005270066400000281420250
B1301144547094N01141583EA005290066500000211750250
B1301154547093N01141579EA005300066600000212080250
B1301164547093N01141574EA005300066700000232430250
B1301174547095N01141569EA005310066700000232780250
B1301184547099N01141565EA005320066800000343030232
B1301194547104N01141562EA005340067000000343280232
B1301204547110N01141562EA005360067300000433430232
B1301214547117N01141563EA005370067500000433580235
B1301224547124N01141567EA005390067600000530110264
B1301234547131N01141573EA005410067800000530240264
B1301244547136N01141581EA005430068000000480350264
B1301254547140N01141589EA005450068200000480460264
B1301264547141N01141597EA005460068300000390640264
B1301274547140N01141606EA005460068300000400820264
B1301284547138N01141613EA005470068300000371020264
B1301294547134N01141617EA005470068400000371220282
B1301304547130N01141618EA005480068500000251520282
B1301314547127N01141616EA005480068600000251820282
B1301324547125N01141613EA005500068800000161820264
B1301334547125N01141610EA005520068900000162340264
B1301344547126N01141606EA005540069100000192580264
B1301354547127N01141602EA005560069200000192820264
B1301364547129N01141597EA005570069300000252870264
B1301374547131N01141592EA005580069300000252920264
B1301384547134N01141587EA005590069500000333050264
B1301394547139N01141584EA005610069700000333180264
B1301404547146N01141583EA005620069800000443380264
B1301414547152N01141585EA005630070000000443580264
B1301424547159N01141591EA005650070200000510180264
B1301434547163N01141600EA005660070400000490380250
B1301444547164N01141610EA005680070500000460620250
B1301454547164N01141619EA005690070600000420840251
B1301464547162N01141626EA005700070700000370970251
B1301474547160N01141633EA005730071000000371100282
B1301484547157N01141637EA005770071400000231190282
B1301494547155N01141640EA005800071700000231280282
B1301504547152N01141639EA005810071900000181590282
B1301514547150N01141637EA005820071900000181900282
B1301524547148N01141634EA005830071900000202140282
B1301534547147N01141630EA005830072000000202380282
B1301544547149N01141626EA005850072200000212680282
B1301554547151N01141622EA005860072200000212980282
B1301564547155N01141618EA005870072300000303110282
B1301574547159N01141615EA005880072300000303240264
B1301584547165N01141612EA005870072400000403330250
B1301594547171N01141611EA005880072500000403420250
B1302004547178N01141612EA005900072700000443570250
B1302014547184N01141617EA005910072900000440120251
B1302024547189N01141623EA005930073200000460290251
B1302034547193N01141631EA005950073300000460460251
B1302044547195N01141638EA005970073500000370540251
B1302054547198N01141646EA006000073600000370620251
B1302064547199N01141654EA006010073800000410690251
B1302074547199N01141663EA006010073800000420760251
B1302084547198N01141671EA006020073900000370920262
B1302094547195N01141677EA006030074000000371080262
B1302104547192N01141680EA006040074200000281310262
B1302114547188N01141681EA006050074300000281540262
B1302124547185N01141680EA006060074400000201760262
B1302134547183N01141678EA006080074600000201980262
B1302144547183N01141674EA006100074800000162320262
B1302154547183N01141670EA006110074800000162660262
B1302164547183N01141665EA006120074900000242670251
B1302174547183N01141660EA006120074900000242680251
B1302184547184N01141654EA006130075000000272780251
B1302194547186N01141649EA006140075200000272880251
B1302204547191N01141645EA006160075400000362880251
B1302214547196N01141643EA006170075600000433320251
B1302224547203N01141644EA006180075700000483500251
B1302234547210N01141647EA006190075800000480080251
B1302244547216N01141653EA006210076000000480240248
B1302254547220N01141661EA006230076200000480400248
B1302264547222N01141671EA006250076400000440580250
B1302274547223N01141680EA006260076500000420760250
B1302284547222N01141688EA006270076700000380880250
B1302294547220N01141695EA006300076900000381000250
B1302304547218N01141700EA006330077200000251150250
B1302314547215N01141702EA006350077400000251300250
B1302324547212N01141702EA006360077500000211610250
B1302334547209N01141699EA006370077500000211920262
B1302344547208N01141694EA006370077500000232250262
B1302354547208N01141689EA006380077600000232580262
B1302364547210N01141685EA006390077800000232770262
B1302374547212N01141681EA006410078000000232960250
B1302384547216N01141677EA006420078000000333100250
B1302394547221N01141673EA006420078100000333240250
B1302404547227N01141670EA006430078200000423340250
B1302414547233N01141669EA006440078300000423440250
B1302424547240N01141669EA006460078500000443540250
B1302434547246N01141672EA006470078700000440040250
B1302444547252N01141677EA006480078900000440200250
B1302454547256N01141684EA006500079000000440360250
B1302464547259N01141692EA006500079000000420530250
B1302474547260N01141701EA006510079000000390700250
B1302484547259N01141709EA006520079000000360840250
B1302494547258N01141715EA006520079100000360980250
B1302504547255N01141720EA006540079300000291140261
B1302514547252N01141724EA006540079400000291300261
B1302524547248N01141725EA006550079600000221480261
B1302534547245N01141725EA006570079700000221660261
B1302544547243N01141724EA006590079900000161890261
B1302554547242N01141721EA006600080000000162120261
B1302564547241N01141717EA006620080200000182310261
B1302574547240N01141713EA006630080200000182500250
B1302584547241N01141708EA006630080300000262650250
B1302594547243N01141702EA006640080400000262800250
B1303004547247N01141697EA006650080500000363010250
B1303014547252N01141694EA006650080600000363220250
B1303024547259N01141694EA006660080800000443440250
B1303034547265N01141697EA006680081000000440060260
B1303044547270N01141702EA006700081200000420220260
B1303054547274N01141709EA006720081400000420380260
B1303064547277N01141717EA006740081500000410530268
B1303074547278N01141725EA006750081500000410680268
B1303084547276N01141732EA006750081600000350910268
B1303094547273N01141737EA006760081700000351140268
B1303104547269N01141739EA006770081800000241420268
B1303114547266N01141737EA006780082000000241700268
B1303124547264N01141733EA006790082100000252050268
B1303134547263N01141728EA006800082200000252400268
B1303144547264N01141721EA006810082300000302640268
B1303154547267N01141716EA006820082500000302880268
B1303164547271N01141712EA006850082700000333100260
B1303174547276N01141710EA006870083000000333320260
B1303184547282N01141711EA006890083200000383500260
B1303194547288N01141714EA006910083400000380080260
B1303204547293N01141719EA006930083400000440220268
B1303214547297N01141726EA006930083500000440360268
B1303224547300N01141735EA006930083400000460540268
B1303234547300N01141745EA006920083400000450740268
B1303244547298N01141753EA006930083600000390950268
B1303254547294N01141758EA006940083800000391160268
B1303264547291N01141759EA006960084100000231410268
B1303274547288N01141759EA006990084300000231660268
B1303284547287N01141757EA007020084500000161990268
B1303294547286N01141753EA007030084600000162320268
B1303304547286N01141747EA007040084600000272520268
B1303314547287N01141741EA007040084700000272720268
B1303324547290N01141736EA007060084900000302930268
B1303334547294N01141733EA007070085100000303140268
B1303344547299N01141732EA007090085200000383350268
B1303354547306N01141733EA007100085300000383560268
B1303364547312N01141738EA007110085400000450130277
B1303374547316N01141745EA007120085400000450300277
B1303384547319N01141754EA007110085300000460520277
B1303394547321N01141763EA007110085300000440700277
B1303404547321N01141771EA007130085500000370790288
B1303414547321N01141778EA007150085800000370880288
B1303424547319N01141783EA007180086100000211010288
B1303434547317N01141786EA007200086200000211140288
B1303444547314N01141788EA007210086200000231370288
B1303454547311N01141788EA007200086100000231600288
B1303464547307N01141786EA007200086200000281840274
B1303474547304N01141782EA007200086300000282080274
B1303484547304N01141776EA007210086500000282430274
B1303494547307N01141771EA007230086700000282780274
B1303504547311N01141767EA007240086800000363090288
B1303514547317N01141767EA007250086900000363400288
B1303524547324N01141769EA007260086900000483590288
B1303534547330N01141775EA007270087000000480180288
B1303544547335N01141782EA007270087100000480340288
B1303554547338N01141791EA007280087200000460500288
B1303564547339N01141800EA007290087300000400700288
B1303574547336N01141807EA007310087500000400940288
B1303584547332N01141811EA007310087500000311250288
B1303594547328N01141812EA007310087500000311560288
B1304004547325N01141811EA007330087700000181730288
B1304014547323N01141809EA007350088000000181900288
B1304024547323N01141806EA007370088200000182240288
B1304034547323N01141801EA007380088200000182580288
B1304044547326N01141796EA007370088100000322820288
B1304054547329N01141790EA007360088000000323060288
B1304064547332N01141783EA007360087900000343030288
B1304074547334N01141777EA007370088100000343000288
B1304084547337N01141772EA007390088300000283050288
B1304094547340N01141768EA007400088400000283100288
B1304104547345N01141764EA007400088500000383190277
B1304114547350N01141760EA007410088400000383280277
B1304124547355N01141756EA007410088500000403310277
B1304134547361N01141752EA007420088600000403340308
B1304144547366N01141750EA007430088700000363400308
B1304154547372N01141749EA007440088800000363460308
B1304164547377N01141748EA007440088800000393500308
B1304174547384N01141747EA007450088900000393540308
B1304184547390N01141747EA007450088900000423560308
B1304194547396N01141748EA007460089000000423580308
B1304204547402N01141749EA007470089200000410050308
B1304214547408N01141753EA007490089300000410120308
B1304224547413N01141759EA007490089300000440120347
B1304234547416N01141767EA007490089300000440460335
B1304244547417N01141776EA007490089300000410660335
B1304254547417N01141785EA007490089300000380840335
B1304264547415N01141792EA007500089400000340970335
B1304274547413N01141798EA007520089600000341100335
B1304284547410N01141803EA007540089800000271210309
B1304294547407N01141806EA007540089800000271320309
B1304304547403N01141808EA007540089800000291480309
B1304314547398N01141809EA007540089700000291640309
B1304324547394N01141808EA007540089800000271760309
B1304334547391N01141806EA007550090000000271880309
B1304344547389N01141803EA007560090100000202100309
B1304354547387N01141799EA007570090100000202320309
B1304364547387N01141795EA007580090100000212500309
B1304374547388N01141790EA007580090000000212680309
B1304384547391N01141785EA007570089900000322880309
B1304394547395N01141780EA007560089800000323080309
B1304404547401N01141777EA007540089700000423270309
B1304414547407N01141776EA007540089700000423460309
B1304424547413N01141777EA007550089900000393560335
B1304434547418N01141779EA007560089900000390060335
B1304444547424N01141781EA007570090000000420110335
B1304454547431N01141783EA007560089900000420160335
B1304464547438N01141784EA007550089800000480080335
B1304474547445N01141782EA007550089900000480000335
B1304484547451N01141778EA007550090000000403430335
B1304494547454N01141773EA007560090100000403260335
B1304504547457N01141768EA007580090300000293140335
B1304514547459N01141762EA007600090500000293020347
B1304524547461N01141757EA007610090500000292990402
B1304534547463N01141751EA007610090400000292960402
B1304544547464N01141743EA007600090400000342860402
B1304554547464N01141737EA007600090400000342760402
B1304564547465N01141731EA007610090600000262750402
B1304574547465N01141726EA007620090800000262740402
B1304584547466N01141721EA007650091000000232800402
B1304594547468N01141716EA007670091200000232860402
B1305004547471N01141712EA007670091200000343040414
B1305014547477N01141708EA007680091200000343220414
B1305024547484N01141707EA007670091100000493400414
B1305034547491N01141709EA007670091000000493580414
B1305044547498N01141715EA007660091000000530160414
B1305054547504N01141723EA007670091100000530340402
B1305064547507N01141732EA007670091200000470520402
B1305074547507N01141741EA007680091200000380720402
B1305084547505N01141748EA007690091300000320930402
B1305094547503N01141752EA007690091400000321140402
B1305104547500N01141756EA007710091500000221270402
B1305114547498N01141758EA007720091700000221400402
B1305124547495N01141761EA007730091800000201430402
B1305134547492N01141763EA007740091800000201460402
B1305144547489N01141764EA007740091800000231560402
B1305154547485N01141765EA007740091800000231660402
B1305164547481N01141764EA007730091800000251780402
B1305174547478N01141763EA007730091800000251900402
B1305184547474N01141761EA007740091900000231940402
B1305194547471N01141760EA007750092000000231980402
B1305204547468N01141757EA007750092100000212040402
B1305214547466N01141754EA007760092100000212100402
B1305224547464N01141750EA007760092200000232260402
B1305234547463N01141745EA007770092200000232420402
B1305244547462N01141739EA007770092300000282530402
B1305254547462N01141733EA007780092400000282640402
B1305264547463N01141727EA007790092600000272720402
B1305274547464N01141722EA007810092800000272800402
B1305284547467N01141716EA007830093000000292930402
B1305294547470N01141712EA007840093200000293060414
B1305304547475N01141709EA007860093400000333230414
B1305314547480N01141709EA007880093500000333400414
B1305324547486N01141712EA007880093500000430010414
B1305334547491N01141717EA007880093400000430220402
B1305344547496N01141726EA007880093300000480400402
B1305354547498N01141735EA007870093200000460580402
B1305364547498N01141744EA007870093300000400760402
B1305374547496N01141751EA007870093300000400960402
B1305384547492N01141755EA007880093400000281180402
B1305394547489N01141757EA007900093500000281400402
B1305404547486N01141757EA007900093700000221640402
B1305414547482N01141756EA007910093800000221880402
B1305424547479N01141754EA007920093900000221930402
B1305434547476N01141753EA007930094000000221980402
B1305444547472N01141752EA007940094100000251960402
B1305454547469N01141750EA007950094200000251940402
B1305464547466N01141748EA007960094400000212020402
B1305474547463N01141745EA007980094600000212100402
B1305484547461N01141742EA008000094800000182160402
B1305494547460N01141739EA008010094900000182220347
B1305504547459N01141736EA008030095000000172390347
B1305514547459N01141732EA008030094900000172560347
B1305524547462N01141725EA008020094700000342780402
B1305534547466N01141719EA008010094600000343000402
B1305544547471N01141714EA008000094600000453140414
B1305554547477N01141709EA008000094700000453280414
B1305564547482N01141705EA008020095000000393300414
B1305574547487N01141702EA008050095400000393320414
B1305584547492N01141699EA008070095600000353360414
B1305594547498N01141698EA008090095700000353400414
B1306004547504N01141700EA008100095800000463590414
B1306014547510N01141706EA008100095600000460180414
B1306024547516N01141715EA008090095600000550380474
B1306034547519N01141725EA008090095700000520540462
B1306044547520N01141735EA008100095900000440700462
B1306054547518N01141743EA008120096200000440880462
B1306064547516N01141748EA008140096300000291130462
B1306074547512N01141750EA008160096400000291380462
B1306084547508N01141750EA008160096500000261640402
B1306094547504N01141747EA008170096600000261900402
B1306104547502N01141744EA008190096800000212100402
B1306114547501N01141740EA008210097000000212300402
B1306124547501N01141735EA008230097200000242510402
B1306134547502N01141729EA008250097300000242720402
B1306144547504N01141724EA008260097500000322890402
B1306154547508N01141719EA008280097700000323060402
B1306164547514N01141716EA008290097800000433260462
B1306174547521N01141717EA008310097900000433460462
B1306184547528N01141721EA008310097900000510070462
B1306194547534N01141728EA008310097900000510280462
B1306204547537N01141737EA008310097900000490460462
B1306214547539N01141747EA008320098000000450640462
B1306224547537N01141755EA008330098100000400860462
B1306234547534N01141761EA008330098200000401080462
B1306244547530N01141763EA008340098400000261390462
B1306254547527N01141762EA008350098500000261700462
B1306264547524N01141758EA008360098600000241970462
B1306274547522N01141754EA008380098800000242240462
B1306284547521N01141750EA008400099000000212380462
B1306294547520N01141745EA008420099300000212520462
B1306304547520N01141740EA008440099400000252620462
B1306314547521N01141734EA008460099600000252720462
B1306324547523N01141728EA008470099700000322860462
B1306334547527N01141722EA008490099800000323000462
B1306344547532N01141718EA008500099900000413160462
B1306354547538N01141715EA008510100000000413320474
B1306364547545N01141716EA008520100100000463490462
B1306374547552N01141719EA008530100100000460060462
B1306384547558N01141725EA008520100000000520220462
B1306394547563N01141733EA008520100000000520380513
B1306404547567N01141742EA008520100000000470520513
B1306414547568N01141752EA008520100100000440680513
B1306424547567N01141761EA008530100100000410860513
B1306434547565N01141768EA008530100300000411000501
B1306444547563N01141774EA008550100600000291090501
B1306454547561N01141779EA008580100800000291180501
B1306464547558N01141781EA008600101100000191360443
B1306474547556N01141781EA008610101100000191540443
B1306484547553N01141777EA008620101200000261940443
B1306494547552N01141770EA008620101100000262340443
B1306504547554N01141763EA008620101200000382620462
B1306514547558N01141756EA008630101400000382900462
B1306524547563N01141752EA008640101700000433160513
B1306534547570N01141752EA008660101900000433420513
B1306544547577N01141756EA008680102000000480040513
B1306554547582N01141763EA008680101900000480260513
B1306564547586N01141773EA008680101900000530480501
B1306574547587N01141783EA008680101900000490660501
B1306584547586N01141792EA008690102100000410840501
B1306594547584N01141799EA008700102300000411060501
B1307004547581N01141802EA008730102500000241270501
B1307014547577N01141803EA008750102600000241480501
B1307024547574N01141802EA008760102700000231480501
B1307034547572N01141797EA008770102800000272040501
B1307044547572N01141791EA008780102900000332410501
B1307054547575N01141784EA008780103000000332780501
B1307064547580N01141779EA008790103000000463060501
B1307074547587N01141777EA008800103200000463340501
B1307084547594N01141779EA008810103400000453570501
B1307094547599N01141785EA008830103500000450200501
B1307104547603N01141793EA008840103600000450400501
B1307114547605N01141802EA008850103600000460600501
B1307124547606N01141812EA008850103700000430760501
B1307134547605N01141820EA008870103800000430880499
B1307144547603N01141826EA008880103900000311040499
B1307154547600N01141830EA008890104000000311200499
B1307164547596N01141832EA008900104100000231470499
B1307174547593N01141830EA008910104200000231740499
B1307184547591N01141824EA008910104200000302130499
B1307194547592N01141817EA008910104200000302520499
B1307204547595N01141810EA008910104300000402810501
B1307214547600N01141805EA008920104500000403100501
B1307224547606N01141803EA008950104800000413290501
B1307234547612N01141803EA008970105100000413480566
B1307244547617N01141806EA009000105200000400080566
B1307254547623N01141812EA009010105200000400280566
B1307264547627N01141820EA009010105200000490390562
B1307274547631N01141829EA009020105200000500500562
B1307284547634N01141838EA009010105200000470600562
B1307294547634N01141848EA009020105300000420740562
B1307304547633N01141855EA009020105400000350920562
B1307314547630N01141860EA009030105400000351100562
B1307324547627N01141863EA009030105500000241380562
B1307334547623N01141861EA009040105500000241660562
B1307344547621N01141857EA009040105500000272070562
B1307354547622N01141850EA009040105600000272480562
B1307364547625N01141844EA009050105800000372780562
B1307374547630N01141838EA009070105900000373080562
B1307384547636N01141834EA009080106000000453240562
B1307394547643N01141833EA009090106100000453400562
B1307404547650N01141836EA009110106300000490010562
B1307414547656N01141843EA009110106300000490220562
B1307424547660N01141853EA009100106200000540440562
B1307434547663N01141863EA009100106300000470600623
B1307444547663N01141872EA009110106400000390740618
B1307454547663N01141879EA009130106500000390880618
B1307464547660N01141884EA009140106500000261070564
B1307474547657N01141887EA009140106400000261260564
B1307484547654N01141886EA009130106400000241600564
B1307494547651N01141882EA009120106300000241940564
B1307504547651N01141876EA009110106300000312310564
B1307514547652N01141869EA009120106500000312680564
B1307524547655N01141864EA009140106700000322940562
B1307534547660N01141861EA009160106900000323200562
B1307544547665N01141860EA009170106900000383350623
B1307554547671N01141858EA009180107000000383500623
B1307564547678N01141856EA009180107000000463490623
B1307574547685N01141855EA009190107100000463480623
B1307584547691N01141854EA009200107300000433540623
B1307594547698N01141856EA009220107500000430000623
B1308004547704N01141860EA009230107700000450130623
B1308014547709N01141866EA009250107800000450260618
B1308024547713N01141874EA009250107900000450450659
B1308034547714N01141884EA009260107900000430640659
B1308044547712N01141892EA009270108000000380880659
B1308054547709N01141897EA009270108000000381120618
B1308064547705N01141899EA009270108000000251430618
B1308074547702N01141896EA009280108000000251740618
B1308084547701N01141891EA009270107900000272140618
B1308094547701N01141885EA009270107900000272540618
B1308104547704N01141878EA009260107800000382780618
B1308114547708N01141871EA009270107900000383020618
B1308124547713N01141866EA009280108000000403150659
B1308134547718N01141863EA009290108200000403280660
B1308144547724N01141859EA009310108400000383310660
B1308154547729N01141856EA009320108500000383340660
B1308164547734N01141854EA009330108600000363410660
B1308174547740N01141854EA009340108700000363480660
B1308184547746N01141856EA009350108700000430040660
B1308194547751N01141862EA009340108600000430200660
B1308204547755N01141870EA009340108500000480390659
B1308214547758N01141880EA009330108400000470580659
B1308224547758N01141889EA009320108400000440760659
B1308234547755N01141897EA009320108400000440960659
B1308244547751N01141901EA009310108300000331260659
B1308254547746N01141900EA009310108300000331560659
B1308264547743N01141896EA009300108300000311940659
B1308274547742N01141889EA009300108400000312320659
B1308284547744N01141883EA009320108700000332650659
B1308294547748N01141878EA009340108900000332980659
B1308304547753N01141875EA009350109000000393220659
B1308314547759N01141875EA009360109000000393460659
B1308324547766N01141878EA009370109000000450020688
B1308334547772N01141883EA009370109000000450180688
B1308344547777N01141890EA009370109000000460340688
B1308354547780N01141898EA009370108900000460500688
B1308364547782N01141908EA009360108900000470660688
B1308374547783N01141918EA009360108900000470760675
B1308384547785N01141928EA009360108900000490760675
B1308394547788N01141938EA009360108900000500720675
B1308404547791N01141948EA009360108900000490680675
B1308414547794N01141957EA009360109000000470640675
B1308424547796N01141967EA009370109000000450660674
B1308434547798N01141976EA009370109100000440680674
B1308444547800N01141985EA009370109100000420700674
B1308454547802N01141993EA009380109100000420700674
B1308464547805N01142002EA009380109000000430700674
B1308474547807N01142011EA009370108900000470680674
B1308484547809N01142021EA009350108700000500680667
B1308494547812N01142031EA009330108600000520720648
B1308504547814N01142042EA009320108500000510720648
B1308514547817N01142052EA009320108500000480700648
B1308524547820N01142061EA009320108500000460660648
B1308534547822N01142070EA009320108500000460640607
B1308544547825N01142080EA009310108500000480660607
B1308554547827N01142090EA009300108400000500700607
B1308564547829N01142100EA009300108400000500740607
B1308574547831N01142110EA009300108500000470720607
B1308584547833N01142119EA009320108700000440720563
B1308594547835N01142128EA009340108900000430720563
B1309004547836N01142137EA009360109100000430740563
B1309014547838N01142146EA009370109200000400780563
B1309024547839N01142154EA009390109400000370760563
B1309034547841N01142161EA009420109700000370740563
B1309044547842N01142168EA009440109800000330720524
B1309054547844N01142175EA009450109900000330700524
B1309064547846N01142182EA009460110000000360710524
B1309074547847N01142190EA009470110000000360720524
B1309084547849N01142198EA009470110000000400730524
B1309094547850N01142206EA009470110000000400740524
B1309104547852N01142215EA009470110100000400740489
B1309114547853N01142224EA009470110100000450760489
B1309124547855N01142234EA009460110000000490760489
B1309134547857N01142245EA009450109900000520740489
B1309144547859N01142256EA009450109900000530740489
B1309154547861N01142267EA009450110000000530720405
B1309164547864N01142278EA009450110100000530720405
B1309174547866N01142289EA009460110200000520720405
B1309184547868N01142299EA009470110300000500740405
B1309194547870N01142309EA009480110400000490720405
B1309204547873N01142320EA009490110400000520720372
B1309214547875N01142331EA009480110300000550700372
B1309224547877N01142343EA009460110000000580720372
B1309234547879N01142355EA009440109800000580740372
B1309244547881N01142366EA009420109700000540760323
B1309254547883N01142377EA009420109700000490760323
B1309264547885N01142387EA009420109600000470740323
B1309274547887N01142397EA009410109500000480720323
B1309284547890N01142407EA009390109100000510720323
B1309294547892N01142418EA009360108800000530720285
B1309304547894N01142429EA009320108300000540720285
B1309314547896N01142441EA009290107900000550760285
B1309324547898N01142453EA009250107600000570760285
B1309334547899N01142465EA009210107200000570780260
B1309344547901N01142477EA009180107000000570780260
B1309354547902N01142489EA009160106800000550780260
B1309364547904N01142500EA009150106700000530800260
B1309374547905N01142511EA009140106600000510820260
B1309384547906N01142522EA009120106400000510820230
B1309394547907N01142533EA009110106200000540800230
B1309404547909N01142545EA009080105900000560780230
B1309414547911N01142557EA009050105500000570780166
B1309424547912N01142569EA009020105300000550780143
B1309434547914N01142580EA009010105200000500780143
B1309444547916N01142590EA009000105000000470760143
B1309454547917N01142600EA008990104900000460760143
B1309464547918N01142610EA008970104700000470780143
B1309474547919N01142620EA008950104500000480800125
B1309484547920N01142630EA008930104300000470800125
B1309494547920N01142640EA008910104100000450840125
B1309504547919N01142649EA008900103900000440900125
B1309514547919N01142659EA008880103800000420960125
B1309524547918N01142667EA008870103700000410950121
B1309534547918N01142676EA008860103600000410940121
B1309544547917N01142685EA008850103500000420920121
B1309554547916N01142694EA008830103300000430940121
B1309564547915N01142704EA008820103200000430960121
B1309574547914N01142713EA008810103100000421000121
B1309584547913N01142721EA008810103200000391000123
B1310014547913N01142741EA008850103600000280900123
B1310024547912N01142748EA008850103500000330950123
B1310034547911N01142756EA008830103300000331000123
B1310044547909N01142763EA008820103200000371040119
B1310054547907N01142771EA008820103200000371080118
B1310064547906N01142778EA008820103200000331050118
B1310074547905N01142785EA008820103200000331020118
B1310084547903N01142792EA008810103100000371030118
B1310094547902N01142800EA008800103000000371040118
B1310104547900N01142808EA008790102900000381040118
B1310114547899N01142816EA008780102900000381040112
B1310124547898N01142823EA008780102800000321010112
B1310134547897N01142830EA008780102700000320980112
B1310144547896N01142837EA008760102500000371010112
B1310154547894N01142845EA008740102200000371040112
B1310164547892N01142854EA008710102000000421060112
B1310174547891N01142863EA008700101800000431060112
B1310184547890N01142872EA008680101700000411040111
B1310194547889N01142880EA008670101700000410980111
B1310204547888N01142887EA008670101500000340980111
B1310214547887N01142895EA008660101400000340980111
B1310224547885N01142902EA008630101100000371020111
B1310234547884N01142911EA008610100800000401060111
B1310244547882N01142920EA008580100400000451060119
B1310254547880N01142929EA008550100100000451060119
B1310264547878N01142938EA008520100000000411060119
B1310274547878N01142946EA008520100000000410980119
B1310284547879N01142954EA008510099900000380860119
B1310294547881N01142962EA008500099800000380740119
B1310304547883N01142971EA008490099700000400700119
B1310314547884N01142979EA008480099600000400720119
B1310324547885N01142988EA008470099500000400780119
B1310334547884N01142996EA008460099400000400880119
B1310344547882N01143004EA008450099300000400980119
B1310354547880N01143012EA008440099200000401080119
B1310364547877N01143019EA008430099200000361150124
B1310374547874N01143025EA008430099200000361220124
B1310384547870N01143031EA008430099200000341270124
B1310394547867N01143036EA008420099100000341320124
B1310404547863N01143042EA008410098900000381330124
B1310414547858N01143048EA008390098700000381340124
B1310424547854N01143055EA008360098500000441340124
B1310434547849N01143062EA008340098300000451320124
B1310444547845N01143070EA008330098200000441290125
B1310454547842N01143077EA008330098300000441260125
B1310464547838N01143083EA008340098400000371280125
B1310474547834N01143089EA008340098400000371300125
B1310484547830N01143094EA008340098400000361330125
B1310494547826N01143100EA008340098300000361360125
B1310504547821N01143105EA008330098200000401380125
B1310514547816N01143111EA008320098100000401400125
B1310524547811N01143117EA008310098000000441390125
B1310534547806N01143123EA008300098000000441380126
B1310544547802N01143129EA008300098100000391350126
B1310554547799N01143135EA008310098100000391320126
B1310564547795N01143142EA008320098200000401290126
B1310574547791N01143150EA008320098200000401260126
B1310584547788N01143157EA008320098200000421260126
B1310594547784N01143164EA008320098200000421260126
B1311004547779N01143171EA008330098300000431280126
B1311014547775N01143178EA008330098400000431300126
B1311024547770N01143183EA008350098600000391360126
B1311034547766N01143188EA008370098800000391420126
B1311044547761N01143192EA008390099000000341470126
B1311054547757N01143194EA008410099200000341520123
B1311064547753N01143195EA008450099500000271640123
B1311074547749N01143194EA008480099800000271760123
B1311084547744N01143191EA008500100000000291920123
B1311094547741N01143188EA008510100100000292080123
B1311104547738N01143182EA008520100100000332240123
B1311114547736N01143175EA008530100200000332400123
B1311124547736N01143167EA008530100200000362560123
B1311134547735N01143159EA008540100200000372620126
B1311144547736N01143151EA008540100300000392680126
B1311154547739N01143143EA008540100300000422800126
B1311164547743N01143136EA008540100300000452990126
B1311174547749N01143132EA008540100300000453180126
B1311184547756N01143131EA008540100300000433410126
B1311194547762N01143135EA008550100300000430040126
B1311204547767N01143141EA008540100400000450250126
B1311214547771N01143149EA008550100400000450460126
B1311224547773N01143157EA008560100600000370570126
B1311234547774N01143164EA008580100900000370680126
B1311244547775N01143170EA008610101100000300740126
B1311254547775N01143177EA008630101300000300800126
B1311264547774N01143183EA008640101400000330930126
B1311274547772N01143190EA008650101600000331060126
B1311284547767N01143194EA008660101700000341280126
B1311294547762N01143195EA008670101800000341500126
B1311304547758N01143194EA008690102000000321730123
B1311314547754N01143191EA008700102200000321960123
B1311324547751N01143187EA008720102400000292160123
B1311334547750N01143180EA008740102500000292360123
B1311344547751N01143173EA008750102500000382610123
B1311354547754N01143165EA008740102500000452860123
B1311364547759N01143158EA008730102400000463050126
B1311374547765N01143155EA008730102500000463240126
B1311384547771N01143154EA008740102600000393440126
B1311394547776N01143157EA008770102800000390040126
B1311404547780N01143160EA008790103000000310210126
B1311414547783N01143165EA008800103200000310380126
B1311424547786N01143171EA008820103300000320510126
B1311434547787N01143178EA008820103300000320640126
B1311444547787N01143185EA008830103400000340800126
B1311454547786N01143192EA008830103500000340940126
B1311464547784N01143198EA008850103700000301060126
B1311474547781N01143203EA008860103900000301180126
B1311484547777N01143206EA008880104000000301380126
B1311494547772N01143207EA008890104100000301580126
B1311504547767N01143205EA008890104100000341800126
B1311514547764N01143200EA008900104300000342020126
B1311524547761N01143193EA008920104400000342270126
B1311534547761N01143186EA008930104500000342520126
B1311544547763N01143177EA008930104500000402740126
B1311554547767N01143171EA008940104500000402960126
B1311564547773N01143166EA008940104600000423140126
B1311574547779N01143164EA008950104700000423320126
B1311584547785N01143165EA008960104800000393540126
B1311594547789N01143170EA008970104900000390160126
B1312004547792N01143176EA008980105000000360390126
B1312014547794N01143183EA008990105200000360620126
B1312024547793N01143190EA009010105300000320800126
B1312034547792N01143197EA009020105500000320980126
B1312044547789N01143202EA009040105600000291110126
B1312054547786N01143207EA009050105700000291240126
B1312064547783N01143211EA009060105900000301330126
B1312074547779N01143214EA009080106000000301420126
B1312084547775N01143216EA009090106100000281550126
B1312094547771N01143216EA009100106300000281680126
B1312104547767N01143213EA009110106300000301910126
B1312114547763N01143207EA009120106400000302140126
B1312124547761N01143199EA009110106300000402360126
B1312134547762N01143190EA009110106300000422560126
B1312144547764N01143182EA009110106300000422760126
B1312154547768N01143175EA009120106400000422960126
B1312164547772N01143170EA009120106500000393110126
B1312174547778N01143167EA009130106500000393260126
B1312184547784N01143165EA009140106500000393410126
B1312194547790N01143166EA009130106500000393560126
B1312204547796N01143169EA009120106400000430090126
B1312214547801N01143174EA009130106500000430220126
B1312224547805N01143179EA009140106600000340310126
B1312234547808N01143184EA009150106800000340400126
B1312244547811N01143190EA009170106900000310500125
B1312254547812N01143196EA009180107000000310600125
B1312264547812N01143203EA009190107200000320780125
B1312274547810N01143209EA009200107300000320960126
B1312284547806N01143213EA009210107400000341250126
B1312294547801N01143214EA009210107500000341540126
B1312304547796N01143210EA009220107600000391830126
B1312314547792N01143204EA009230107700000392120126
B1312324547791N01143196EA009250107900000372400126
B1312334547793N01143189EA009270108100000372660126
B1312344547797N01143182EA009280108200000412920126
B1312354547803N01143179EA009290108200000413180126
B1312364547809N01143179EA009290108200000423420126
B1312374547814N01143182EA009300108300000420060125
B1312384547818N01143188EA009310108400000360310125
B1312394547820N01143195EA009320108500000360560125
B1312404547821N01143202EA009330108700000330680125
B1312414547822N01143209EA009340108800000330800125
B1312424547824N01143216EA009360109000000350740127
B1312434547825N01143223EA009370109200000350680127
B1312444547826N01143230EA009390109300000330680127
B1312454547826N01143236EA009400109500000300820127
B1312464547824N01143242EA009420109600000281020127
B1312474547821N01143246EA009430109700000281220127
B1312484547817N01143248EA009440109800000301450127
B1312494547812N01143247EA009440109800000301680127
B1312504547808N01143243EA009450109800000331970126
B1312514547807N01143236EA009450109800000332260126
B1312524547808N01143227EA009440109800000432620126
B1312534547813N01143220EA009440109800000432920127
B1312544547819N01143217EA009440109900000473190127
B1312554547826N01143217EA009450110100000473460127
B1312564547830N01143221EA009480110400000360100127
B1312574547834N01143227EA009500110600000360340127
B1312584547836N01143233EA009520110700000330490127
B1312594547838N01143239EA009530110800000330640127
B1313004547840N01143246EA009540110900000320670127
B1313014547841N01143252EA009560111100000320700127
B1313024547842N01143259EA009570111100000330770127
B1313034547842N01143267EA009580111200000330840126
B1313044547841N01143274EA009580111300000340880126
B1313054547842N01143281EA009590111300000340920126
B1313064547842N01143288EA009590111400000320850126
B1313074547843N01143295EA009600111400000320780126
B1313084547845N01143302EA009600111500000340760126
B1313094547846N01143309EA009600111500000340740126
B1313104547848N01143316EA009610111600000340730128
B1313114547849N01143323EA009610111600000340720128
B1313124547850N01143331EA009610111600000350740128
B1313134547851N01143338EA009610111600000350760128
B1313144547852N01143347EA009610111600000400760128
B1313154547854N01143355EA009600111500000400780128
B1313164547855N01143364EA009600111500000400760130
B1313174547857N01143372EA009600111500000400720130
B1313184547859N01143379EA009610111600000370700130
B1313194547861N01143387EA009610111700000370680131
B1313204547863N01143394EA009620111700000370700131
B1313214547864N01143402EA009610111600000370720131
B1313224547866N01143410EA009610111600000390720131
B1313234547868N01143419EA009610111500000400720137
B1313244547869N01143427EA009600111500000410740137
B1313254547871N01143436EA009600111400000410760137
B1313264547873N01143444EA009590111400000380730137
B1313274547874N01143451EA009600111400000380700137
B1313284547876N01143458EA009600111400000340700137
B1313294547878N01143466EA009600111300000340700153
B1313304547880N01143474EA009580111100000420680153
B1313314547882N01143483EA009560110900000450660153
B1313324547885N01143492EA009540110700000450680153
B1313334547887N01143501EA009530110600000430700153
B1313344547889N01143510EA009520110600000410740153
B1313354547891N01143518EA009510110500000410720160
B1313364547893N01143525EA009510110500000390670160
B1313374547896N01143533EA009500110400000390620160
B1313384547899N01143541EA009490110200000440610160
B1313394547902N01143550EA009470109900000460600160
B1313404547905N01143559EA009450109800000440620160
B1313414547908N01143567EA009440109700000440640161
B1313424547911N01143575EA009430109600000410600163
B1313434547915N01143582EA009430109500000410560163
B1313444547919N01143590EA009410109300000420560163
B1313454547922N01143598EA009400109100000420560163
B1313464547925N01143606EA009370108900000450580163
B1313474547929N01143614EA009350108700000450600163
B1313484547932N01143622EA009340108600000410580163
B1313494547936N01143629EA009330108500000410560163
B1313504547939N01143636EA009320108400000390560163
B1313514547942N01143644EA009300108100000390560163
B1313524547946N01143652EA009270107800000460540163
B1313534547951N01143659EA009250107600000460520163
B1313544547955N01143665EA009240107500000410470164
B1313554547959N01143671EA009230107500000410420164
B1313564547963N01143677EA009220107300000350470161
B1313574547966N01143684EA009210107100000350520161
B1313584547970N01143690EA009190106800000410510161
B1313594547974N01143698EA009180106600000410500161
B1314004547979N01143705EA009160106500000440490161
B1314014547983N01143712EA009150106500000440480161
B1314024547986N01143718EA009150106500000380490163
B1314034547990N01143724EA009150106500000380500163
B1314044547992N01143731EA009140106500000360560163
B1314054547994N01143738EA009140106400000360620163
B1314064547996N01143747EA009130106300000420720163
B1314074547997N01143757EA009110106300000470760163
B1314084547998N01143767EA009110106300000470780163
B1314094547999N01143776EA009120106500000400780163
B1314104547999N01143783EA009140106900000330870163
B1314114547998N01143789EA009180107300000330960163
B1314124547995N01143793EA009220107700000201170163
B1314134547992N01143794EA009250108000000201380163
B1314144547988N01143794EA009270108100000281610163
B1314154547984N01143792EA009280108100000281840163
B1314164547980N01143786EA009290108100000352090163
B1314174547979N01143779EA009300108300000352340163
B1314184547981N01143771EA009310108400000382640163
B1314194547985N01143766EA009320108500000382940163
B1314204547990N01143763EA009330108600000403210163
B1314214547996N01143764EA009340108700000403480163
B1314224548001N01143768EA009340108700000390120163
B1314234548005N01143774EA009340108800000390360163
B1314244548008N01143781EA009350108900000370470163
B1314254548011N01143788EA009370109100000370580167
B1314264548013N01143794EA009400109400000320640167
B1314274548014N01143801EA009420109600000320700167
B1314284548013N01143808EA009450109800000330860167
B1314294548011N01143814EA009460110000000331020168
B1314304548006N01143818EA009460110000000351300163
B1314314548001N01143817EA009460110000000351580163
B1314324547997N01143813EA009460110000000371920163
B1314334547995N01143805EA009460110000000382260163
B1314344547995N01143797EA009470110100000392580163
B1314354547998N01143790EA009480110200000392820163
B1314364548001N01143783EA009500110400000342940163
B1314374548004N01143778EA009520110600000343060163
B1314384548009N01143775EA009540110800000353200163
B1314394548014N01143774EA009560111000000353340167
B1314404548020N01143775EA009570111100000393570167
B1314414548025N01143781EA009580111200000390200167
B1314424548028N01143788EA009590111400000380430167
B1314434548028N01143795EA009610111700000380660167
B1314444548026N01143802EA009630111900000320930167
B1314454548022N01143805EA009650112100000321200167
B1314464548018N01143805EA009660112200000321570167
B1314474548014N01143800EA009670112200000321940167
B1314484548013N01143791EA009670112200000432340167
B1314494548016N01143782EA009670112200000472680167
B1314504548021N01143776EA009680112400000472960167
B1314514548027N01143773EA009700112600000473240167
B1314524548033N01143774EA009710112700000413500167
B1314534548038N01143779EA009730112900000410160167
B1314544548040N01143787EA009730113000000410430167
B1314554548042N01143795EA009740113200000410700167
B1314564548042N01143802EA009770113500000270790167
B1314574548041N01143806EA009810113900000270880167
B1314584548040N01143809EA009850114100000181080167
B1314594548037N01143812EA009870114200000181280167
B1315004548033N01143813EA009870114100000301530167
B1315014548028N01143810EA009860114000000301780167
B1315024548025N01143805EA009860114000000362060167
B1315034548023N01143798EA009860114100000362340167
B1315044548025N01143789EA009860114100000412620167
B1315054548029N01143782EA009860114100000412880167
B1315064548034N01143777EA009860114100000453100167
B1315074548040N01143774EA009870114300000453320167
B1315084548046N01143775EA009880114500000373500167
B1315094548051N01143777EA009910114600000370080167
B1315104548056N01143781EA009930114800000340180167
B1315114548060N01143785EA009940115000000340280167
B1315124548064N01143791EA009950115100000350390170
B1315134548066N01143798EA009960115200000350500170
B1315144548065N01143805EA009970115300000360760170
B1315154548062N01143812EA009970115300000361020170
B1315164548058N01143815EA009980115400000351320168
B1315174548053N01143814EA009990115600000351620168
B1315184548049N01143809EA010000115700000351960167
B1315194548048N01143802EA010010115800000352300167
B1315204548049N01143793EA010010115700000422580167
B1315214548052N01143785EA010010115700000462840167
B1315224548058N01143780EA010010115700000483080167
B1315234548065N01143778EA010010115800000483320170
B1315244548071N01143780EA010020115900000423560170
B1315254548076N01143785EA010030116000000420200170
B1315264548081N01143791EA010040116100000430310170
B1315274548086N01143797EA010050116200000430420170
B1315284548091N01143804EA010070116400000420440170
B1315294548095N01143811EA010070116500000420460170
B1315304548098N01143819EA010080116600000450520179
B1315314548102N01143827EA010090116700000450580179
B1315324548105N01143834EA010120117000000360550179
B1315334548108N01143840EA010150117300000360520179
B1315344548112N01143845EA010180117600000350520193
B1315354548115N01143852EA010190117700000390500193
B1315364548118N01143860EA010190117700000450540193
B1315374548122N01143869EA010190117700000490580203
B1315384548126N01143879EA010180117700000500600203
B1315394548130N01143887EA010180117700000500580203
B1315404548134N01143896EA010190117800000470560203
B1315414548138N01143904EA010200117900000470540203
B1315424548142N01143912EA010200117900000460500203
B1315434548147N01143919EA010200117900000460460214
B1315444548152N01143927EA010200117800000500480214
B1315454548157N01143936EA010180117600000530500214
B1315464548161N01143945EA010170117600000520540231
B1315474548165N01143954EA010180117600000470540231
B1315484548170N01143961EA010190117800000440520231
B1315494548174N01143968EA010200117900000440500270
B1315504548178N01143976EA010210117900000450510270
B1315514548182N01143984EA010200117800000450520270
B1315524548186N01143993EA010190117700000500540270
B1315534548191N01144002EA010190117700000490560270
B1315544548195N01144011EA010190117800000480540270
B1315554548199N01144019EA010200117900000480540289
B1315564548202N01144026EA010210118000000420550289
B1315574548206N01144035EA010220118000000440560289
B1315584548209N01144043EA010220117900000480570289
B1315594548213N01144053EA010210117800000510580302
B1316004548217N01144062EA010200117700000500580302
B1316014548222N01144070EA010200117700000500560346
B1316024548226N01144078EA010190117700000470550346
B1316034548230N01144087EA010190117600000490540346
B1316044548235N01144095EA010170117400000510520346
B1316054548240N01144104EA010150117200000520500346
B1316064548245N01144112EA010140117000000510460346
B1316074548251N01144118EA010120116900000510420378
B1316084548257N01144124EA010120116800000470360378
B1316094548263N01144129EA010110116700000470300402
B1316104548270N01144134EA010090116600000510280402
B1316114548277N01144139EA010070116400000510260402
B1316124548284N01144143EA010060116200000490230402
B1316134548291N01144147EA010050116100000490200402
B1316144548298N01144152EA010040116100000510240402
B1316154548305N01144157EA010030116000000510280402
B1316164548311N01144162EA010030115900000510270407
B1316174548318N01144167EA010020115800000510260447
B1316184548326N01144172EA010000115600000540240447
B1316194548333N01144177EA009980115400000540240447
B1316204548341N01144182EA009960115300000550260447
B1316214548348N01144187EA009960115300000550240447
B1316224548355N01144191EA009960115300000510220447
B1316234548363N01144195EA009960115300000520200468
B1316244548370N01144201EA009960115200000550240468
B1316254548377N01144207EA009940115200000550280468
B1316264548385N01144213EA009940115100000560300468
B1316274548392N01144219EA009930115100000560280517
B1316284548399N01144223EA009930115100000510240517
B1316304548412N01144233EA009930115000000480260541
B1316314548418N01144239EA009920114800000480300541
B1316324548423N01144246EA009910114600000480350541
B1316334548429N01144253EA009880114400000480400541
B1316344548435N01144261EA009850114000000550390541
B1316354548442N01144268EA009820113600000550380584
B1316364548449N01144274EA009790113400000560340584
B1316374548457N01144280EA009760113200000550300584
B1316384548463N01144286EA009740112900000540300612
B1316394548470N01144291EA009720112800000540300612
B1316404548477N01144297EA009710112600000500300612
B1316414548483N01144302EA009690112400000500300612
B1316424548490N01144307EA009670112200000490290612
B1316434548496N01144313EA009650111900000490280612
B1316444548502N01144319EA009640111700000470320654
B1316454548507N01144325EA009620111500000470360654
B1316464548513N01144331EA009600111300000460380678
B1316474548518N01144338EA009570110900000460400678
B1316484548524N01144345EA009540110600000500390678
B1316494548530N01144351EA009520110300000500380678
B1316504548537N01144358EA009490110100000530360678
B1316514548543N01144364EA009460109800000530340706
B1316524548551N01144370EA009440109600000540300706
B1316534548558N01144375EA009420109400000540280706
B1316544548565N01144381EA009400109300000520280741
B1316554548572N01144386EA009380109200000520280741
B1316564548579N01144391EA009370109000000510270741
B1316574548586N01144396EA009350108800000510260741
B1316584548593N01144401EA009330108500000540250741
B1316594548601N01144406EA009310108300000560240741
B1317004548609N01144411EA009290108100000570220741
B1317014548617N01144416EA009270107900000560220766
B1317024548624N01144421EA009260107900000540240766
B1317034548631N01144426EA009250107800000540260766
B1317044548638N01144432EA009250107800000520270766
B1317054548645N01144437EA009240107700000520280766
B1317064548652N01144443EA009230107500000560270766
B1317074548660N01144448EA009210107300000570260783
B1317084548667N01144454EA009200107300000540270783
B1317094548674N01144460EA009200107300000540280783
B1317104548680N01144466EA009210107300000470310776
B1317114548686N01144472EA009210107300000470340776
B1317124548691N01144479EA009200107200000480360776
B1317134548697N01144486EA009180107000000480380776
B1317144548703N01144493EA009160106800000530380776
B1317154548709N01144500EA009140106600000550380776
B1317164548716N01144509EA009130106400000560400788
B1317174548722N01144517EA009110106300000560420775
B1317184548727N01144526EA009100106100000540460775
B1317194548732N01144536EA009090106100000540500775
B1317204548737N01144544EA009080106000000520500775
B1317214548742N01144552EA009080106000000520500775
B1317224548748N01144559EA009080106000000490430775
B1317234548754N01144565EA009080106000000490360769
B1317244548761N01144571EA009080105900000510340761
B1317254548767N01144577EA009070105900000510320761
B1317264548773N01144584EA009070105800000500360761
B1317274548779N01144591EA009070105800000500400761
B1317284548784N01144599EA009060105800000490430761
B1317294548789N01144607EA009060105700000490460761
B1317304548794N01144615EA009050105600000520480766
B1317314548799N01144625EA009030105500000540500766
B1317324548803N01144635EA009020105300000560540766
B1317334548807N01144645EA009000105200000550580766
B1317344548812N01144656EA009000105100000530600744
B1317354548815N01144666EA008990105000000530600751
B1317364548818N01144676EA008990105100000520640751
B1317374548821N01144686EA009000105100000480680751
B1317384548823N01144695EA009010105300000430700751
B1317394548826N01144703EA009030105500000430660751
B1317404548829N01144710EA009060105800000380610751
B1317414548832N01144717EA009080105900000380560724
B1317424548836N01144724EA009100106100000410550724
B1317434548839N01144732EA009100106100000410540724
B1317444548843N01144740EA009100106200000450540724
B1317454548847N01144747EA009110106200000450540724
B1317464548850N01144755EA009110106200000430560724
B1317474548854N01144763EA009100106200000430580695
B1317484548857N01144771EA009100106200000440570695
B1317494548861N01144779EA009110106300000440560637
B1317504548865N01144785EA009120106400000350540637
B1317514548867N01144791EA009140106600000350520637
B1317524548867N01144797EA009150106700000280710637
B1317534548866N01144804EA009150106600000280900637
B1317544548863N01144810EA009140106500000361100637
B1317554548858N01144814EA009130106400000361300594
B1317564548853N01144816EA009130106500000341520594
B1317574548848N01144815EA009130106500000341740594
B1317584548844N01144812EA009140106500000321900695
B1317594548840N01144808EA009150106600000322060695
B1318004548837N01144801EA009150106700000342240695
B1318014548836N01144794EA009150106700000342420695
B1318024548835N01144787EA009150106700000322550695
B1318034548836N01144781EA009150106700000322680695
B1318044548836N01144776EA009170106800000222720695
B1318054548837N01144771EA009180106800000222760695
B1318064548838N01144766EA009170106800000292880695
B1318074548842N01144761EA009160106600000293000724
B1318084548847N01144757EA009150106600000373190724
B1318094548852N01144756EA009150106500000373380724
B1318104548857N01144757EA009150106600000333540724
B1318114548862N01144759EA009160106700000330100673
B1318124548866N01144762EA009170106800000310170673
B1318134548870N01144765EA009180106900000310240637
B1318144548875N01144769EA009180106800000350240637
B1318154548880N01144774EA009170106700000420300637
B1318164548885N01144780EA009160106600000470350637
B1318174548890N01144788EA009140106500000470400637
B1318184548895N01144796EA009120106400000500470637
B1318194548899N01144805EA009110106300000490540637
B1318204548902N01144814EA009100106300000480600572
B1318214548906N01144823EA009110106400000460600572
B1318224548909N01144832EA009120106500000450600572
B1318234548913N01144840EA009130106600000450580540
B1318244548916N01144847EA009140106800000400560540
B1318254548920N01144854EA009160106900000400540540
B1318264548923N01144861EA009170107000000400530540
B1318274548927N01144868EA009180107000000400520492
B1318284548930N01144875EA009180106900000420530492
B1318294548934N01144883EA009170106800000420540492
B1318304548938N01144893EA009160106700000530540492
B1318314548942N01144902EA009150106700000480580492
B1318324548945N01144911EA009160106900000430620492
B1318334548948N01144918EA009180107100000430620447
B1318344548951N01144926EA009190107200000430590447
B1318354548955N01144935EA009190107200000480560447
B1318364548959N01144944EA009180107000000530540447
B1318374548964N01144953EA009160106900000540540396
B1318384548969N01144963EA009150106700000550520364
B1318394548974N01144972EA009140106600000550520364
B1318404548979N01144983EA009120106500000560560364
B1318414548983N01144993EA009110106400000570580364
B1318424548989N01145002EA009100106400000570540364
B1318434548995N01145011EA009100106300000560480364
B1318444549001N01145019EA009100106300000530470338
B1318454549006N01145028EA009090106300000520460338
B1318464549011N01145037EA009090106200000530480355
B1318474549016N01145047EA009080106100000540500355
B1318484549022N01145056EA009060105900000570500355
B1318494549027N01145066EA009040105700000590520316
B1318504549033N01145076EA009020105500000600500316
B1318514549039N01145086EA009000105300000610480316
B1318524549045N01145095EA008990105100000590460316
B1318534549051N01145105EA008980105100000580480316
B1318544549056N01145116EA008960105000000580520294
B1318554549060N01145126EA008950104900000590560308
B1318564549065N01145137EA008940104800000590560308
B1318574549071N01145147EA008930104600000600540308
B1318584549076N01145157EA008920104500000590520308
B1318594549081N01145168EA008910104400000580540313
B1319004549086N01145178EA008900104400000570540313
B1319014549090N01145189EA008890104200000570560313
B1319024549095N01145199EA008880104100000570560313
B1319034549100N01145209EA008870104000000570560313
B1319044549104N01145220EA008850103800000570560343
B1319054549109N01145230EA008840103600000580560343
B1319064549114N01145241EA008820103400000590560353
B1319074549119N01145251EA008800103200000590560353
B1319084549124N01145261EA008780103000000570540353
B1319094549129N01145271EA008770102900000530520387
B1319104549133N01145280EA008770102900000490520387
B1319114549138N01145288EA008770102800000490520387
B1319124549142N01145295EA008770102800000470490387
B1319134549148N01145303EA008760102600000470460387
B1319144549153N01145310EA008750102400000510450387
B1319154549159N01145318EA008730102200000510440411
B1319164549164N01145326EA008720102100000520460443
B1319174549169N01145335EA008700102000000540480443
B1319184549174N01145344EA008690101900000540500443
B1319194549180N01145353EA008680101900000520480443
B1319204549185N01145360EA008680101900000490440443
B1319214549191N01145366EA008680101900000490400478
B1319224549196N01145373EA008680101900000460420478
B1319234549200N01145381EA008670101800000460440478
B1319244549205N01145389EA008660101600000460470478
B1319254549209N01145396EA008640101400000460500478
B1319264549214N01145404EA008630101300000470490519
B1319274549219N01145412EA008620101200000470480519
B1319284549223N01145419EA008620101200000430500561
B1319294549226N01145426EA008620101200000430520561
B1319304549230N01145434EA008630101300000400530561
B1319314549234N01145441EA008630101300000400540561
B1319324549237N01145448EA008640101400000390520561
B1319334549241N01145454EA008650101400000390500561
B1319344549246N01145461EA008650101400000440480561
B1319354549250N01145469EA008650101400000440460605
B1319364549255N01145477EA008650101400000490470605
B1319374549260N01145485EA008650101500000490480648
B1319384549263N01145493EA008670101800000430560648
B1319394549264N01145501EA008700102300000430640648
B1319404549263N01145506EA008750102700000270900648
B1319414549260N01145510EA008780103100000271160648
B1319424549256N01145512EA008810103300000271400605
B1319434549252N01145512EA008840103500000271640605
B1319444549248N01145510EA008860103700000291870605
B1319454549246N01145505EA008890103900000292100605
B1319464549245N01145497EA008890104000000362400605
B1319474549247N01145489EA008900104100000422700605
B1319484549251N01145482EA008910104200000462960605
B1319494549257N01145477EA008920104300000463180605
B1319504549264N01145475EA008940104400000463340648
B1319514549271N01145474EA008950104600000463500648
B1319524549277N01145476EA008970104900000410010648
B1319534549282N01145479EA008990105200000410120648
B1319544549286N01145484EA009020105500000350290648
B1319554549289N01145491EA009050105700000350460648
B1319564549289N01145498EA009070105900000350690648
B1319574549287N01145506EA009080106000000350920648
B1319584549284N01145512EA009090106200000371140648
B1319594549279N01145515EA009110106500000371360692
B1320004549274N01145514EA009130106800000321660692
B1320014549270N01145510EA009160107100000321960648
B1320024549268N01145503EA009180107300000352260648
B1320034549269N01145496EA009200107500000352560648
B1320044549273N01145489EA009230107700000412860648
B1320054549279N01145485EA009250107900000413160648
B1320064549286N01145487EA009250108000000483430648
B1320074549292N01145491EA009260108200000480100648
B1320084549296N01145499EA009290108500000410370648
B1320094549296N01145506EA009310108800000410640648
B1320104549294N01145512EA009340109100000350950648
B1320114549289N01145517EA009360109300000351260692
B1320124549284N01145519EA009380109500000341490692
B1320134549280N01145517EA009410109800000341720692
B1320144549277N01145513EA009440110100000282040692
B1320154549276N01145507EA009470110300000282360648
B1320164549278N01145499EA009480110400000382720648
B1320174549282N01145493EA009490110400000382960648
B1320184549288N01145489EA009510110500000463170648
B1320194549295N01145487EA009510110700000463380648
B1320204549302N01145489EA009530110800000453550648
B1320214549308N01145493EA009550111100000450120648
B1320224549310N01145498EA009580111400000340330681
B1320234549312N01145504EA009610111700000340540681
B1320244549311N01145512EA009630111800000360820681
B1320254549308N01145519EA009640111900000361100692
B1320264549304N01145523EA009650112100000341290692
B1320274549300N01145524EA009680112400000341480692
B1320284549297N01145520EA009700112700000271900692
B1320294549296N01145513EA009710112700000272320692
B1320304549299N01145505EA009720112700000452720648
B1320314549304N01145498EA009720112800000453020648
B1320324549311N01145496EA009730113000000483250681
B1320334549318N01145497EA009750113200000483480681
B1320344549323N01145501EA009770113400000420130681
B1320354549327N01145509EA009800113600000420380681
B1320364549327N01145517EA009810113700000370650719
B1320374549325N01145524EA009820113900000370920719
B1320384549321N01145527EA009830114000000321240719
B1320394549316N01145527EA009840114100000321560719
B1320404549313N01145523EA009860114200000311950719
B1320414549312N01145516EA009870114400000312340719
B1320424549315N01145508EA009880114500000422740681
B1320434549319N01145502EA009900114600000423000681
B1320444549325N01145498EA009910114800000423200681
B1320454549331N01145497EA009930115100000423400681
B1320464549336N01145500EA009960115300000353590681
B1320474549341N01145503EA009980115400000350180681
B1320484549344N01145510EA009990115400000400180681
B1320494549345N01145519EA009990115400000420600719
B1320504549344N01145528EA009990115400000420840719
B1320514549341N01145535EA010000115500000421080719
B1320524549337N01145540EA010010115800000331210719
B1320534549334N01145544EA010040116100000331340719
B1320544549331N01145548EA010070116300000261420719
B1320554549327N01145549EA010090116500000261500719
B1320564549322N01145548EA010100116600000311730719
B1320574549319N01145544EA010110116700000311960719
B1320584549317N01145537EA010110116800000372280719
B1320594549318N01145529EA010130116900000382600719
B1321004549323N01145523EA010140117200000412930719
B1321014549329N01145521EA010160117400000413260719
B1321024549336N01145523EA010180117600000453530719
B1321034549341N01145529EA010200117800000450200719
B1321044549344N01145537EA010220118100000420450719
B1321054549344N01145545EA010240118300000420700719
B1321064549343N01145553EA010270118500000360910719
B1321074549339N01145559EA010290118700000361120719
B1321084549334N01145562EA010300118800000361390719
B1321094549329N01145560EA010310118900000361660719
B1321104549325N01145555EA010310119100000372020719
B1321114549325N01145547EA010330119300000382380719
B1321124549328N01145540EA010350119500000402750719
B1321134549334N01145537EA010360119700000403120719
B1321144549340N01145538EA010380119900000443430719
B1321154549346N01145542EA010410120100000440140719
B1321164549350N01145549EA010440120500000400350719
B1321174549351N01145557EA010470120800000400560719
B1321184549351N01145565EA010490121000000380810752
B1321194549347N01145571EA010510121100000381060752
B1321204549342N01145574EA010520121200000361360752
B1321214549337N01145573EA010530121300000361660752
B1321224549334N01145568EA010540121500000322040752
B1321234549334N01145561EA010550121600000322420719
B1321244549337N01145555EA010560121700000352750719
B1321254549341N01145551EA010590121900000353080719
B1321264549347N01145550EA010610122100000403310719
B1321274549353N01145551EA010630122300000403540719
B1321284549359N01145556EA010650122500000430160771
B1321294549362N01145563EA010670122800000430380803
B1321304549364N01145572EA010700123100000410580803
B1321314549362N01145580EA010730123400000410840803
B1321324549358N01145586EA010740123500000391140752
B1321334549353N01145588EA010750123600000391440752
B1321344549348N01145585EA010760123700000361760752
B1321354549345N01145579EA010770123800000362080752
B1321364549346N01145571EA010780123800000392520752
B1321374549350N01145564EA010790123800000392880752
B1321384549355N01145560EA010790123800000413110719
B1321394549361N01145558EA010810123900000413340771
B1321404549367N01145559EA010820124100000423530771
B1321414549373N01145564EA010840124400000420120803
B1321424549377N01145570EA010860124600000410300803
B1321434549380N01145577EA010880124900000410480803
B1321444549380N01145585EA010900125100000360730803
B1321454549378N01145592EA010920125300000360980803
B1321464549373N01145595EA010930125400000321260803
B1321474549369N01145596EA010940125500000321540803
B1321484549365N01145595EA010950125600000291790803
B1321494549362N01145590EA010970125700000292040803
B1321504549361N01145583EA010960125700000362400803
B1321514549363N01145574EA010960125600000412660803
B1321524549367N01145568EA010960125600000432920803
B1321534549373N01145563EA010970125600000433180803
B1321544549380N01145563EA010970125700000473390803
B1321554549386N01145565EA010980125900000470000803
B1321564549392N01145570EA011000126200000450180803
B1321574549397N01145577EA011020126500000450360803
B1321584549400N01145585EA011040126700000410500803
B1321594549401N01145593EA011070127000000410640803
B1322004549399N01145598EA011080127200000290950803
B1322014549395N01145601EA011090127300000291260803
B1322024549390N01145599EA011090127200000361640803
B1322034549386N01145593EA011090127200000362040803
B1322044549385N01145585EA011090127300000402340803
B1322054549386N01145577EA011110127400000382620803
B1322064549389N01145571EA011130127600000392880803
B1322074549394N01145566EA011140127800000393140803
B1322084549401N01145564EA011170127900000443330803
B1322094549407N01145565EA011190128100000443520803
B1322104549414N01145569EA011200128300000450100844
B1322114549419N01145575EA011220128400000450280844
B1322124549424N01145581EA011240128600000400360844
B1322134549427N01145588EA011260128800000400440844
B1322144549427N01145594EA011280129000000310700844
B1322154549424N01145599EA011270128900000310960844
B1322164549419N01145600EA011250128700000381420844
B1322174549414N01145595EA011240128600000381880844
B1322184549411N01145588EA011240128800000362170844
B1322194549410N01145581EA011260129100000362460844
B1322204549411N01145575EA011290129300000292650844
B1322214549413N01145569EA011310129500000292840844
B1322224549416N01145563EA011330129600000372980844
B1322234549422N01145558EA011330129500000373120822
B1322244549428N01145556EA011330129500000473320822
B1322254549435N01145557EA011320129400000473520822
B1322264549442N01145560EA011330129500000440080822
B1322274549447N01145565EA011340129700000440240844
B1322284549451N01145570EA011360129800000370320844
B1322294549456N01145576EA011380130000000370400844
B1322304549459N01145582EA011390130100000370450870
B1322314549463N01145589EA011400130100000370500870
B1322324549466N01145596EA011400130100000440520870
B1322334549470N01145605EA011390130000000510540870
B1322344549475N01145614EA011380130000000530520870
B1322354549480N01145622EA011380130100000530500870
B1322364549485N01145630EA011400130300000460510870
B1322374549489N01145638EA011420130500000460520870
B1322384549493N01145645EA011440130600000430520870
B1322394549497N01145653EA011430130500000430520870
B1322404549501N01145662EA011410130200000520520867
B1322414549506N01145672EA011380129900000550540867
B1322424549511N01145681EA011350129600000540540895
B1322434549516N01145690EA011330129400000510520895
B1322444549520N01145698EA011310129200000490510895
B1322454549525N01145706EA011300129000000490500895
B1322464549529N01145715EA011270128800000520520908
B1322474549534N01145725EA011240128400000550540908
B1322484549538N01145735EA011210128100000560560908
B1322494549543N01145745EA011190127900000540580908
B1322504549547N01145755EA011170127800000500580908
B1322514549550N01145764EA011170127800000470580899
B1322524549554N01145773EA011160127600000470600899
B1322534549557N01145782EA011150127500000490600899
B1322544549562N01145791EA011120127200000530580931
B1322554549566N01145801EA011090126900000540560931
B1322564549571N01145811EA011070126700000530540931
B1322574549575N01145820EA011050126500000490560934
B1322584549578N01145829EA011050126500000450600934
B1322594549582N01145837EA011040126400000450600934
B1323004549585N01145845EA011030126300000450560934
B1323014549590N01145853EA011010126100000450520934
B1323024549594N01145860EA011000125900000440500934
B1323034549598N01145868EA010990125800000440480931
B1323044549603N01145875EA010980125600000500460931
B1323054549609N01145883EA010950125300000500440952
B1323064549615N01145891EA010920125200000550410952
B1323074549621N01145898EA010920125300000550380952
B1323084549627N01145905EA010950125600000440410952
B1323094549630N01145912EA010980125900000440440954
B1323104549633N01145918EA011010126200000340500954
B1323114549636N01145924EA011030126400000340560954
B1323124549639N01145929EA011060126600000290520954
B1323134549642N01145933EA011070126600000290480954
B1323144549646N01145938EA011060126500000370440954
B1323154549651N01145944EA011050126300000370400954
B1323164549657N01145951EA011030126100000510390954
B1323174549663N01145958EA011010126000000510380955
B1323184549669N01145965EA011000126000000450380957
B1323194549673N01145970EA011020126300000450380957
B1323204549677N01145976EA011030126500000340410957
B1323214549681N01145981EA011040126600000340440957
B1323224549686N01145987EA011040126500000410410957
B1323234549691N01145993EA011020126200000410380957
B1323244549697N01146001EA011000126000000510410957
B1323254549701N01146008EA010990126000000510440957
B1323264549706N01146015EA010990126100000420440969
B1323274549711N01146020EA011000126100000420440975
B1323284549715N01146026EA011010126100000380420975
B1323294549720N01146032EA011010126000000380400975
B1323304549724N01146038EA011000125900000430410975
B1323314549729N01146045EA010980125700000430420975
B1323324549734N01146053EA010960125500000490440975
B1323334549739N01146060EA010940125300000490460975
B1323344549744N01146067EA010940125300000430460994
B1323354549748N01146074EA010940125400000430460994
B1323364549752N01146080EA010940125400000380470994
B1323374549755N01146086EA010940125300000380480994
B1323384549759N01146093EA010930125200000400511005
B1323394549762N01146101EA010910124900000400541005
B1323404549767N01146109EA010890124700000460521005
B1323414549771N01146116EA010870124600000460501028
B1323424549776N01146122EA010870124500000400451028
B1323434549780N01146128EA010870124500000400401028
B1323444549784N01146134EA010860124500000380421028
B1323454549788N01146140EA010850124300000380441028
B1323464549792N01146147EA010830124100000440461028
B1323474549797N01146155EA010810123900000440481028
B1323484549801N01146162EA010800123700000420511039
B1323494549804N01146170EA010780123600000420541039
B1323504549808N01146177EA010770123400000450531039
B1323514549812N01146185EA010750123300000450521063
B1323524549817N01146192EA010740123100000440501063
B1323534549821N01146199EA010730123100000440481063
B1323544549825N01146206EA010720123000000400491063
B1323554549829N01146213EA010720122900000400501076
B1323564549833N01146220EA010710122800000430501076
B1323574549837N01146228EA010690122600000450521076
B1323584549841N01146236EA010670122500000450531076
B1323594549845N01146244EA010660122400000450541076
B1324004549849N01146251EA010660122400000420541076
B1324014549852N01146259EA010670122500000420541076
B1324024549855N01146267EA010670122600000420551040
B1324034549859N01146274EA010680122700000420561098
B1324044549863N01146280EA010700122900000390511098
B1324054549867N01146286EA010710123100000390461098
B1324064549872N01146292EA010730123200000400421098
B1324074549877N01146297EA010740123400000400381098
B1324084549882N01146301EA010760123500000390341098
B1324094549887N01146305EA010770123700000390301098
B1324104549893N01146306EA010790123900000380151098
B1324114549898N01146303EA010800124000000380001098
B1324124549903N01146298EA010800124000000413371098
B1324134549906N01146290EA010800123800000423141098
B1324144549907N01146281EA010790123700000422921098
B1324154549905N01146273EA010770123600000402701098
B1324164549901N01146267EA010760123500000372421098
B1324174549896N01146266EA010760123500000372141098
B1324184549892N01146269EA010760123500000311781098
B1324194549890N01146274EA010760123500000311421098
B1324204549890N01146282EA010760123500000381141098
B1324214549891N01146290EA010750123500000380861098
B1324224549895N01146298EA010750123500000430681098
B1324234549900N01146304EA010760123600000430501098
B1324244549905N01146309EA010770123800000400411098
B1324254549909N01146314EA010790124000000400321094
B1324264549914N01146319EA010800124000000380361094
B1324274549918N01146325EA010800124000000380401094
B1324284549923N01146331EA010800124000000420401094
B1324294549928N01146336EA010800124100000420401094
B1324304549932N01146341EA010820124300000370361094
B1324314549937N01146345EA010840124600000370321094
B1324324549941N01146349EA010870124900000320341094
B1324334549944N01146354EA010890125100000320361094
B1324344549945N01146360EA010910125200000280561094
B1324354549945N01146366EA010920125100000280761091
B1324364549943N01146372EA010920125200000301021091
B1324374549938N01146374EA010930125200000301281091
B1324384549934N01146373EA010930125200000361641091
B1324394549929N01146367EA010930125300000362001091
B1324404549927N01146359EA010930125300000422281094
B1324414549928N01146350EA010940125400000452581094
B1324424549932N01146342EA010950125600000462841094
B1324434549938N01146338EA010950125600000463121094
B1324444549945N01146337EA010960125700000463371094
B1324454549951N01146339EA010970125900000460021094
B1324464549956N01146342EA011000126200000360151094
B1324474549961N01146346EA011030126500000360281114
B1324484549965N01146350EA011050126700000310311114
B1324494549968N01146355EA011070126800000310341114
B1324504549972N01146360EA011080126900000360421114
B1324514549975N01146367EA011080126900000360501121
B1324524549977N01146374EA011090127000000360571121
B1324534549980N01146381EA011100127100000360641121
B1324544549981N01146387EA011110127300000300681121
B1324554549982N01146393EA011130127400000300721121
B1324564549981N01146399EA011140127500000280881121
B1324574549979N01146405EA011150127600000281041121
B1324584549976N01146409EA011150127600000301281121
B1324594549971N01146411EA011150127700000301481121
B1325004549967N01146411EA011160127700000281651121
B1325014549963N01146409EA011170127800000281821121
B1325024549960N01146406EA011180127900000282001121
B1325034549957N01146401EA011190127900000282181091
B1325044549956N01146393EA011190127900000382421091
B1325054549957N01146384EA011180127800000442661091
B1325064549961N01146376EA011170127800000472881121
B1325074549967N01146370EA011170127800000473081121
B1325084549973N01146368EA011170127900000423301121
B1325094549979N01146369EA011180127900000423521121
B1325104549984N01146373EA011190128000000370111121
B1325114549988N01146377EA011190128000000370301121
B1325124549992N01146383EA011200128100000330391121
B1325134549995N01146388EA011210128200000330481121
B1325144549998N01146394EA011210128200000320501121
B1325154550001N01146399EA011220128300000320521121
B1325164550003N01146406EA011220128300000320591121
B1325174550004N01146413EA011220128300000320661124
B1325184550006N01146420EA011210128200000360671124
B1325194550008N01146427EA011200128100000360681124
B1325204550011N01146434EA011200128100000360671101
B1325214550012N01146441EA011200128000000360661101
B1325224550014N01146448EA011190128000000340701101
B1325234550015N01146456EA011190127900000340741101
B1325244550017N01146463EA011180127800000370731102
B1325254550019N01146471EA011170127700000370721102
B1325264550021N01146480EA011160127700000410701102
B1325274550023N01146488EA011160127700000410701102
B1325284550025N01146496EA011160127700000400691102
B1325294550027N01146504EA011170127800000400681102
B1325304550029N01146512EA011180128000000370701089
B1325314550030N01146519EA011190128000000370721089
B1325324550031N01146527EA011190128100000350761089
B1325334550032N01146534EA011200128200000350801089
B1325344550032N01146541EA011210128200000330831089
B1325354550032N01146548EA011220128300000330861089
B1325364550033N01146556EA011230128400000350841089
B1325374550034N01146564EA011230128400000350821079
B1325384550035N01146572EA011230128400000370781079
B1325394550036N01146579EA011240128500000370741079
B1325404550038N01146586EA011240128600000340741079
B1325414550039N01146593EA011250128600000340741079
B1325424550040N01146600EA011260128700000320751079
B1325434550041N01146607EA011260128800000320761079
B1325444550043N01146614EA011270128800000310741079
B1325454550044N01146620EA011270128800000310721079
B1325464550046N01146626EA011280128800000300671079
B1325474550048N01146632EA011280128800000300621079
B1325484550051N01146638EA011270128700000350621079
B1325494550053N01146646EA011260128600000350621079
B1325504550055N01146653EA011250128400000390641079
B1325514550058N01146661EA011240128400000390661079
B1325524550060N01146668EA011240128400000340631071
B1325534550062N01146674EA011240128400000340601071
B1325544550063N01146680EA011240128400000270721071
B1325554550062N01146686EA011240128300000270841071
B1325564550061N01146692EA011230128200000320991071
B1325574550058N01146699EA011200128000000321141091
B1325584550056N01146706EA011180127800000371141091
B1325594550053N01146713EA011180127800000351161097
B1326004550052N01146720EA011180127800000321101097
B1326014550051N01146727EA011180127800000321041097
B1326024550049N01146734EA011160127600000361071097
B1326034550046N01146741EA011150127300000361101097
B1326044550043N01146750EA011120127100000441161097
B1326054550040N01146758EA011100127000000441181097
B1326064550037N01146765EA011080126900000411181101
B1326074550034N01146773EA011080126900000411181101
B1326084550032N01146780EA011080126900000361151101
B1326094550029N01146787EA011070126800000361121101
B1326104550027N01146793EA011070126700000321181101
B1326114550024N01146799EA011070126800000321241101
B1326124550021N01146806EA011060126700000371221101
B1326134550018N01146813EA011060126700000371201091
B1326144550016N01146822EA011060126800000431121091
B1326154550014N01146831EA011070127000000431081091
B1326164550012N01146840EA011080127200000421061091
B1326174550011N01146849EA011100127500000401041091
B1326184550009N01146856EA011150127900000351051091
B1326194550007N01146862EA011180128200000351061071
B1326204550004N01146866EA011220128500000261231071
B1326214550001N01146869EA011240128800000261401071
B1326224549998N01146870EA011270129000000241571071
B1326234549994N01146868EA011290129200000241741071
B1326244549992N01146865EA011310129400000222021071
B1326254549991N01146860EA011320129500000222301095
B1326264549990N01146854EA011340129600000272501095
B1326274549992N01146848EA011340129600000272701095
B1326284549995N01146842EA011340129600000372901095
B1326294550000N01146837EA011340129600000373101095
B1326304550007N01146836EA011340129700000473341095
B1326314550014N01146839EA011340129700000473581091
B1326324550019N01146845EA011350129900000480221091
B1326334550023N01146854EA011350130000000470461091
B1326344550025N01146862EA011370130200000380591069
B1326354550026N01146869EA011400130500000380721069
B1326364550027N01146875EA011430130700000250801069
B1326374550026N01146880EA011460130900000250881069
B1326384550024N01146886EA011460131000000301051069
B1326394550020N01146891EA011460131000000301221069
B1326404550016N01146895EA011470131200000351381069
B1326414550011N01146896EA011490131500000351541069
B1326424550008N01146893EA011510131700000251871071
B1326434550007N01146888EA011530131800000252201071
B1326444550008N01146880EA011530131700000382641071
B1326454550013N01146874EA011530131700000382961069
B1326464550017N01146870EA011540131800000353121069
B1326474550021N01146866EA011560132000000353281069
B1326484550025N01146865EA011580132100000263341069
B1326494550029N01146864EA011590132100000263401069
B1326504550035N01146864EA011580131900000453501069
B1326514550042N01146865EA011560131700000450001069
B1326524550049N01146869EA011560131700000490151069
B1326534550054N01146877EA011560131800000490301069
B1326544550057N01146885EA011560131900000430491069
B1326554550059N01146893EA011570132100000430681047
B1326564550060N01146900EA011590132300000320751047
B1326574550059N01146907EA011620132500000320821047
B1326584550058N01146913EA011640132700000320981046
B1326594550055N01146919EA011650132800000321141046
B1327004550052N01146923EA011670133100000291281046
B1327014550049N01146928EA011690133300000291341046
B1327024550046N01146932EA011710133600000291311046
B1327034550044N01146937EA011740133900000291281046
B1327044550041N01146939EA011770134100000181421046
B1327054550038N01146938EA011790134300000181561046
B1327064550035N01146934EA011790134300000301901046
B1327074550033N01146928EA011800134300000302241046
B1327084550032N01146921EA011800134400000322491046
B1327094550034N01146915EA011820134700000322741046
B1327104550038N01146911EA011840134800000333021046
B1327114550043N01146908EA011850134900000333301069
B1327124550048N01146906EA011860135000000373351069
B1327134550054N01146903EA011860135000000373401069
B1327144550059N01146899EA011860134900000433371047
B1327154550065N01146895EA011860134900000433341047
B1327164550072N01146891EA011860134900000443351047
B1327174550078N01146888EA011860135100000443361047
B1327184550084N01146888EA011880135200000413451047
B1327194550091N01146888EA011890135300000413541047
B1327204550097N01146891EA011900135500000440081047
B1327214550103N01146896EA011920135600000440221047
B1327224550108N01146903EA011930135900000460361047
B1327234550111N01146911EA011950136000000460501047
B1327244550112N01146919EA011970136300000400671047
B1327254550111N01146927EA011990136400000400841047
B1327264550109N01146934EA012000136500000351031047
B1327274550105N01146940EA012000136600000351221039
B1327284550102N01146946EA012020136800000351261039
B1327294550099N01146952EA012030137000000351301039
B1327304550096N01146958EA012060137300000331251039
B1327314550093N01146963EA012090137600000331201043
B1327324550089N01146967EA012110137900000311331043
B1327334550085N01146970EA012140138200000311461043
B1327344550081N01146970EA012150138400000281621043
B1327354550077N01146969EA012180138700000281781043
B1327364550075N01146965EA012200138900000222121043
B1327374550076N01146959EA012220139000000222461039
B1327384550079N01146953EA012210138900000402781039
B1327394550084N01146948EA012210138800000403101039
B1327404550091N01146946EA012230139100000423351039
B1327414550096N01146949EA012260139500000420001039
B1327424550101N01146955EA012280139700000440231039
B1327434550105N01146963EA012310139900000440461043
B1327444550108N01146971EA012340140200000400591043
B1327454550108N01146980EA012370140600000380721043
B1327464550106N01146988EA012390140800000380911043
B1327474550104N01146994EA012410140900000381101043
B1327484550100N01146998EA012420141100000281321043
B1327494550096N01146998EA012440141300000281541043
B1327504550094N01146994EA012450141400000271951043
B1327514550093N01146987EA012460141500000272361043
B1327524550096N01146981EA012470141600000352671043
B1327534550100N01146975EA012490141700000352981043
B1327544550106N01146972EA012500141800000433201043
B1327554550112N01146972EA012510141900000433421049
B1327564550119N01146974EA012530142200000440021049
B1327574550124N01146980EA012550142500000440221049
B1327584550127N01146988EA012570142700000440411049
B1327594550129N01146997EA012590142900000430601049
B1328004550129N01147006EA012610143100000420781049
B1328014550129N01147015EA012640143400000380901046
B1328024550128N01147022EA012670143700000350941046
B1328034550127N01147029EA012700144000000350981046
B1328044550126N01147034EA012730144300000261071046
B1328054550123N01147038EA012750144400000261161046
B1328064550119N01147039EA012750144400000251471046
B1328074550116N01147037EA012750144300000251781046
B1328084550113N01147032EA012750144300000262101046
B1328094550113N01147026EA012760144300000262421046
B1328104550115N01147019EA012750144300000372691046
B1328114550118N01147012EA012750144400000372961046
B1328124550122N01147007EA012760144600000353111049
B1328134550127N01147004EA012780144900000353261049
B1328144550132N01147003EA012810145100000343411049
B1328154550137N01147004EA012830145300000343561049
B1328164550142N01147006EA012850145400000330081049
B1328174550146N01147010EA012860145400000330201049
B1328184550150N01147018EA012850145300000460391046
B1328194550153N01147028EA012840145100000520581046
B1328204550154N01147039EA012830145100000500701046
B1328214550153N01147048EA012830145200000450841046
B1328224550150N01147056EA012840145400000371061046
B1328234550146N01147059EA012860145700000371281046
B1328244550143N01147059EA012880145900000241581046
B1328254550140N01147057EA012890146000000241881046
B1328264550139N01147052EA012910146100000272241046
B1328274550140N01147045EA012910146100000272601046
B1328284550143N01147040EA012920146100000382901046
B1328294550149N01147037EA012930146200000383201046
B1328304550155N01147038EA012940146400000423471046
B1328314550161N01147043EA012950146600000420141056
B1328324550165N01147051EA012960146600000470381056
B1328334550166N01147061EA012960146600000480621056
B1328344550166N01147071EA012960146600000430821056
B1328354550163N01147078EA012970146700000431001056
B1328364550159N01147082EA012990146900000321281056
B1328374550154N01147082EA012990146900000321561046
B1328384550151N01147077EA012990146800000341931046
B1328394550150N01147069EA012980146800000392301046
B1328404550153N01147062EA012970146700000442691046
B1328414550158N01147057EA012970146800000443081046
B1328424550164N01147056EA012980147000000413341056
B1328434550170N01147058EA013010147300000410001056
B1328444550175N01147063EA013030147500000410191056
B1328454550179N01147070EA013050147600000410381056
B1328464550182N01147080EA013050147600000480561056
B1328474550181N01147090EA013050147500000480741056
B1328484550178N01147099EA013040147500000450981056
B1328494550173N01147103EA013040147500000451241056
B1328504550168N01147104EA013040147600000321541056
B1328514550165N01147101EA013060147700000321841056
B1328524550163N01147096EA013070147900000252211056
B1328534550164N01147090EA013070147900000252581056
B1328544550166N01147084EA013080147800000332811056
B1328554550171N01147080EA013080147800000333041056
B1328564550177N01147077EA013080147900000433251056
B1328574550184N01147077EA013080147900000433461056
B1328584550191N01147079EA013080147900000470001056
B1328594550197N01147082EA013080148100000470141056
B1329004550204N01147084EA013100148200000420151056
B1329014550210N01147087EA013110148300000420161090
B1329024550216N01147090EA013110148300000460141090
B1329034550223N01147093EA013110148200000460161090
B1329044550230N01147099EA013100148100000530241090
B1329054550235N01147106EA013100148200000530321090
B1329064550238N01147114EA013110148400000410501095
B1329074550239N01147122EA013120148500000410681095
B1329084550237N01147130EA013130148500000370921095
B1329094550233N01147136EA013120148300000371161095
B1329104550228N01147140EA013110148100000401341095
B1329114550222N01147142EA013100148000000401521095
B1329124550217N01147141EA013100148000000321741095
B1329134550213N01147138EA013100148000000321961095
B1329144550211N01147132EA013090148000000292181095
B1329154550209N01147127EA013100148000000292401095
B1329164550207N01147122EA013100148000000282421058
B1329174550206N01147116EA013100148000000282441058
B1329184550204N01147111EA013100148100000252461058
B1329194550203N01147106EA013110148100000252481056
B1329204550201N01147102EA013110148200000232441056
B1329214550200N01147097EA013120148200000232401056
B1329224550200N01147091EA013120148200000272591056
B1329234550202N01147086EA013110148100000272781056
B1329244550208N01147081EA013100148000000423071056
B1329254550214N01147080EA013090147900000423361090
B1329264550221N01147082EA013090148000000463581090
B1329274550226N01147088EA013100148200000460201090
B1329284550230N01147096EA013110148300000450401090
B1329294550232N01147105EA013120148300000470601090
B1329304550233N01147116EA013130148300000500741095
B1329314550234N01147126EA013120148300000510821095
B1329324550235N01147137EA013120148400000460821095
B1329334550237N01147145EA013140148600000460781095
B1329344550238N01147154EA013150148800000370761095
B1329354550239N01147161EA013160148800000370781098
B1329364550238N01147170EA013160148600000410841098
B1329374550237N01147179EA013150148400000450921098
B1329384550236N01147189EA013130148300000481001098
B1329394550234N01147199EA013110148200000471041098
B1329404550232N01147208EA013110148200000411061098
B1329414550230N01147215EA013120148300000411081094
B1329424550227N01147223EA013130148300000371101094
B1329434550225N01147231EA013120148200000371121094
B1329444550223N01147241EA013090147900000471101094
B1329454550220N01147251EA013070147700000491081094
B1329464550218N01147260EA013050147600000481081094
B1329474550215N01147270EA013030147500000471101077
B1329484550213N01147279EA013020147300000451101077
B1329494550211N01147288EA013020147200000451081077
B1329504550209N01147298EA013000147000000471061077
B1329514550207N01147308EA012970146700000501041030
B1329524550205N01147318EA012950146500000511041004
B1329534550203N01147328EA012930146300000501061004
B1329544550201N01147338EA012920146200000471061004
B1329554550199N01147348EA012910146200000461061004
B1329564550197N01147357EA012910146100000471021004
B1329574550196N01147368EA012890145900000511000982
B1329584550195N01147379EA012860145600000560980982
B1329594550193N01147392EA012830145300000590980982
B1330004550192N01147405EA012800145100000600980982
B1330014550190N01147417EA012770144900000601000968
B1330024550188N01147430EA012750144700000591020968
B1330034550186N01147442EA012740144600000581020968
B1330044550184N01147454EA012730144400000571020968
B1330054550182N01147466EA012710144300000571000956
B1330064550181N01147478EA012700144100000581000956
B1330074550179N01147491EA012670143800000591000956
B1330084550177N01147503EA012650143600000591000956
B1330094550175N01147516EA012630143400000591000945
B1330104550173N01147528EA012600143100000591020945
B1330114550171N01147540EA012580143000000581020945
B1330124550170N01147552EA012560142900000571020945
B1330134550168N01147564EA012550142700000551000926
B1330144550168N01147576EA012540142500000550960926
B1330154550167N01147588EA012530142300000560940926
B1330164550165N01147600EA012510142200000550960926
B1330174550163N01147611EA012490142000000551000911
B1330184550161N01147622EA012480141800000541040911
B1330194550160N01147634EA012460141500000551040911
B1330204550158N01147646EA012440141300000571000886
B1330214550157N01147659EA012410141000000590980886
B1330224550155N01147671EA012380140700000590980867
B1330234550153N01147684EA012360140500000591000867
B1330244550151N01147696EA012340140300000581020867
B1330254550149N01147708EA012320140200000571020867
B1330264550147N01147720EA012310140000000571040852
B1330274550145N01147732EA012290139800000581040852
B1330284550143N01147744EA012270139600000591020852
B1330294550142N01147757EA012250139400000611000852
B1330304550140N01147770EA012220139100000611000839
B1330314550138N01147783EA012190138800000601020839
B1330324550136N01147795EA012170138600000581020839
B1330334550135N01147807EA012150138400000571000839
B1330344550133N01147820EA012130138200000570980810
B1330354550132N01147832EA012110138000000570960810
B1330364550131N01147844EA012090137800000570980810
B1330374550129N01147856EA012070137600000570980810
B1330384550128N01147868EA012060137500000561000759
B1330394550126N01147880EA012050137400000540980759
B1330404550125N01147891EA012040137300000520980759
B1330414550123N01147902EA012030137200000501000759
B1330424550122N01147913EA012030137100000501000701
B1330434550121N01147923EA012020137000000471000701
B1330444550120N01147932EA012030137100000420980701
B1330454550119N01147941EA012040137200000400960701
B1330464550118N01147950EA012050137200000390960701
B1330474550117N01147958EA012050137200000390980701
B1330484550117N01147967EA012040137200000410980665
B1330494550115N01147976EA012030137000000440980665
B1330504550114N01147986EA012010136700000471000665
B1330514550112N01147996EA011980136500000491020665
B1330524550111N01148007EA011960136200000501020665
B1330534550109N01148018EA011940136000000521020639
B1330544550107N01148029EA011910135800000521020636
B1330554550105N01148039EA011890135700000511020636
B1330564550103N01148050EA011880135500000501040636
B1330574550102N01148061EA011870135400000501020587
B1330584550100N01148072EA011850135200000511020587
B1330594550099N01148083EA011830135000000531000587
B1331004550097N01148094EA011810134700000541000587
B1331014550095N01148106EA011780134500000541000587
B1331024550094N01148117EA011760134200000541000565
B1331034550092N01148129EA011740134000000541000565
B1331044550090N01148140EA011710133700000561000565
B1331054550089N01148152EA011690133500000571020565
B1331064550087N01148164EA011670133400000561020573
B1331074550085N01148175EA011660133200000531020573
B1331084550083N01148186EA011660133200000521000573
B1331094550082N01148198EA011650133100000531000573
B1331104550080N01148209EA011650133000000541000573
B1331114550079N01148220EA011640133000000531000586
B1331124550077N01148231EA011640133000000520980586
B1331134550076N01148242EA011630132900000531000586
B1331144550074N01148254EA011620132800000541000586
B1331154550073N01148265EA011600132600000550980585
B1331164550072N01148277EA011580132400000570980585
B1331174550071N01148290EA011570132200000580980585
B1331184550069N01148303EA011550132100000600960585
B1331194550068N01148315EA011530132000000590960560
B1331204550067N01148327EA011520131900000570960560
B1331214550066N01148339EA011520131900000550960560
B1331224550065N01148351EA011510131800000530960560
B1331234550065N01148362EA011510131700000510960524
B1331244550064N01148373EA011510131600000490940524
B1331254550064N01148384EA011500131500000510900524
B1331264550065N01148395EA011490131300000540880524
B1331274550065N01148407EA011470131000000560860524
B1331284550066N01148420EA011440130800000570860494
B1331294550066N01148432EA011420130600000590860494
B1331304550067N01148445EA011400130400000590840494
B1331314550068N01148458EA011380130200000590840494
B1331324550068N01148470EA011360130000000580840474
B1331334550068N01148483EA011350129800000580860474
B1331344550068N01148496EA011330129600000580900474
B1331354550067N01148508EA011310129400000600940474
B1331364550066N01148521EA011290129200000610960477
B1331374550065N01148535EA011270129000000630940477
B1331384550064N01148548EA011250128800000610940477
B1331394550064N01148561EA011230128700000590920465
B1331404550063N01148573EA011220128600000550940465
B1331414550062N01148585EA011210128400000540960465
B1331424550060N01148597EA011190128200000560960465
B1331434550059N01148609EA011170128000000580960465
B1331444550059N01148621EA011140127700000590960470
B1331454550058N01148634EA011130127600000580940451
B1331464550057N01148646EA011110127400000570940451
B1331474550057N01148658EA011100127300000570920451
B1331484550056N01148671EA011080127100000570940447
B1331494550055N01148683EA011060126900000580940447
B1331504550055N01148696EA011040126700000590920447
B1331514550054N01148708EA011020126500000590920447
B1331524550054N01148721EA011000126300000570920448
B1331534550053N01148733EA010990126200000560940448
B1331544550052N01148745EA010980126000000550940448
B1331554550051N01148757EA010960125900000560960448
B1331564550050N01148769EA010950125800000550940442
B1331574550050N01148780EA010940125800000540940442
B1331584550049N01148792EA010940125800000500940442
B1331594550049N01148801EA010960126000000420940442
B1332004550049N01148809EA010990126300000350910442
B1332014550049N01148816EA011020126500000350880437
B1332024550049N01148823EA011040126600000320870437
B1332034550049N01148831EA011060126500000320860437
B1332044550050N01148840EA011050126300000420880437
B1332054550050N01148850EA011030126100000480880437
B1332064550050N01148860EA011000126000000500880430
B1332074550049N01148871EA010980125800000510900430
B1332084550049N01148882EA010960125700000510920430
B1332094550048N01148893EA010950125600000520920430
B1332104550048N01148905EA010930125400000540940430
B1332114550047N01148917EA010910125200000570940424
B1332124550046N01148930EA010890125000000590940424
B1332134550045N01148943EA010870124900000600940424
B1332144550044N01148955EA010860124900000600940424
B1332154550044N01148968EA010860124900000580940417
B1332164550043N01148981EA010850124900000580920417
B1332174550042N01148993EA010850124900000570920417
B1332184550042N01149005EA010850124900000560940417
B1332194550041N01149017EA010850124800000570920409
B1332204550041N01149030EA010840124700000570920409
B1332214550041N01149042EA010840124600000580920409
B1332224550040N01149055EA010830124500000580940409
B1332234550039N01149067EA010820124400000600940400
B1332244550038N01149080EA010810124300000600940400
B1332254550037N01149093EA010800124300000580940400
B1332264550037N01149105EA010800124300000550940400
B1332274550036N01149116EA010800124200000520960397
B1332284550034N01149127EA010800124200000510980397
B1332294550033N01149138EA010790124000000521000397
B1332304550031N01149149EA010770123800000531000397
B1332314550030N01149161EA010750123500000541000404
B1332324550028N01149172EA010720123200000551000404
B1332334550026N01149184EA010700123000000551000404
B1332344550024N01149196EA010680122800000551020404
B1332354550022N01149207EA010660122600000541020404
B1332364550020N01149218EA010640122500000531020400
B1332374550019N01149229EA010610122300000531020400
B1332384550017N01149240EA010590122000000511020400
B1332394550016N01149251EA010570121900000501000400
B1332404550014N01149262EA010560121700000481000398
B1332414550013N01149272EA010540121600000461000398
B1332424550012N01149281EA010530121400000451000398
B1332434550011N01149290EA010510121200000431000398
B1332444550010N01149299EA010500121000000380980398
B1332454550009N01149306EA010500120900000380980398
B1332464550008N01149313EA010500120800000330970389
B1332474550007N01149321EA010480120500000330960389
B1332484550006N01149330EA010440120100000430980389
B1332494550005N01149339EA010410119800000471020389
B1332504550003N01149349EA010380119500000471020389
B1332514550002N01149359EA010360119500000461000381
B1332524550002N01149369EA010350119500000450940381
B1332534550002N01149379EA010350119500000450900381
B1332544550001N01149389EA010340119400000460900381
B1332554550000N01149399EA010330119300000470940381
B1332564549999N01149409EA010320119200000480980377
B1332574549998N01149419EA010310119100000470980377
B1332584549998N01149429EA010310119100000460960377
B1332594549997N01149439EA010310119100000450940377
B1333004549996N01149449EA010310119100000440940377
B1333014549996N01149458EA010310119100000440940377
B1333024549995N01149468EA010310119100000460940376
B1333034549995N01149479EA010310119100000500940376
B1333044549994N01149490EA010300119000000510940376
B1333054549993N01149500EA010300119000000490960376
B1333064549992N01149510EA010300119100000460960368
B1333074549992N01149520EA010320119300000420920368
B1333084549993N01149528EA010340119500000390890368
B1333094549993N01149536EA010360119600000390860368
B1333104549993N01149545EA010370119700000410860368
B1333114549993N01149554EA010370119800000430880368
B1333124549993N01149564EA010370119800000450900368
B1333134549993N01149574EA010380119900000440920368
B1333144549993N01149583EA010390120000000420900368
B1333154549993N01149592EA010400120200000420880368
B1333164549992N01149601EA010420120400000410880368
B1333174549992N01149609EA010440120600000410900362
B1333184549992N01149618EA010460120900000400920362
B1333194549992N01149627EA010490121100000390900362
B1333204549992N01149635EA010500121300000380890362
B1333214549992N01149643EA010520121500000380880362
B1333224549992N01149651EA010540121600000370900362
B1333234549992N01149659EA010550121700000370920350
B1333244549992N01149667EA010550121700000400920350
B1333254549991N01149676EA010540121600000410920350
B1333264549990N01149685EA010530121500000430940350
B1333274549989N01149695EA010510121400000430980350
B1333284549988N01149704EA010510121400000411000350
B1333294549987N01149712EA010520121500000410980354
B1333304549986N01149720EA010520121600000360970354
B1333314549986N01149728EA010530121500000360960354
B1333324549985N01149736EA010520121400000380980354
B1333334549983N01149744EA010510121300000381000354
B1333344549982N01149752EA010490121100000401020354
B1333354549980N01149761EA010480120900000401040351
B1333364549979N01149770EA010460120700000411040351
B1333374549978N01149778EA010450120600000411020351
B1333384549976N01149787EA010440120500000401020351
B1333394549975N01149795EA010430120400000401020351
B1333404549973N01149803EA010420120300000391060351
B1333414549971N01149812EA010410120200000401080351
B1333424549969N01149820EA010400120200000411050351
B1333434549968N01149828EA010400120200000411020351
B1333444549965N01149833EA010410120200000291200351
B1333454549961N01149834EA010400120100000291380351
B1333464549956N01149831EA010390119900000361770340
B1333474549952N01149825EA010360119600000362160340
B1333484549950N01149818EA010360119600000362290340
B1333494549948N01149812EA010360119700000362420340
B1333504549947N01149805EA010370119700000292470344
B1333514549945N01149799EA010370119700000292520344
B1333524549942N01149793EA010350119400000352450344
B1333534549939N01149786EA010320119100000352380344
B1333544549935N01149779EA010290118800000432350344
B1333554549931N01149771EA010250118400000442320344
B1333564549928N01149763EA010220118100000442340344
B1333574549924N01149755EA010200117800000452380343
B1333584549920N01149747EA010180117600000462380343
B1333594549916N01149739EA010180117500000462340343
B1334004549912N01149731EA010170117500000462300343
B1334014549907N01149724EA010170117500000462280335
B1334024549904N01149716EA010180117700000382320335
B1334034549901N01149710EA010220118100000382360335
B1334044549900N01149705EA010260118400000222430342
B1334054549899N01149701EA010290118600000222500342
B1334064549898N01149696EA010300118500000262460342
B1334074549895N01149690EA010290118300000262420342
B1334084549891N01149683EA010260118000000422360342
B1334094549887N01149676EA010240117800000422300342
B1334104549882N01149669EA010220117700000482290342
B1334114549877N01149660EA010200117700000522280342
B1334124549872N01149652EA010180117700000542280345
B1334134549867N01149643EA010180117800000522280345
B1334144549863N01149635EA010190118000000432280345
B1334154549860N01149629EA010230118400000432340345
B1334164549858N01149625EA010290118900000172370338
B1334174549857N01149622EA010330119200000172400338
B1334184549856N01149619EA010360119300000212390338
B1334194549853N01149614EA010370119300000212380338
B1334204549850N01149607EA010360119300000402350339
B1334214549846N01149600EA010350119200000402320339
B1334224549842N01149592EA010340119200000482320339
B1334234549838N01149583EA010330119300000502340339
B1334244549833N01149574EA010320119400000502360339
B1334254549829N01149565EA010330119500000472360339
B1334264549825N01149558EA010340119700000432340343
B1334274549821N01149551EA010360119900000432320343
B1334284549817N01149544EA010380120100000402300343
B1334294549813N01149537EA010400120100000402280343
B1334304549810N01149529EA010400120100000432320343
B1334314549807N01149521EA010400120200000422400336
B1334324549804N01149514EA010420120300000402400336
B1334334549800N01149507EA010430120400000372340341
B1334344549796N01149502EA010450120600000342300341
B1334354549793N01149496EA010470120700000342260341
B1334364549789N01149490EA010480120800000402270341
B1334374549785N01149483EA010470120700000402280341
B1334384549780N01149475EA010450120500000492280341
B1334394549775N01149466EA010430120300000512280341
B1334404549770N01149457EA010420120200000522300342
B1334414549766N01149448EA010410120200000512320342
B1334424549762N01149439EA010400120200000492360342
B1334434549758N01149430EA010400120200000462380333
B1334444549754N01149423EA010410120200000432360333
B1334454549751N01149415EA010410120200000412340333
B1334464549747N01149408EA010410120200000422320331
B1334474549743N01149401EA010400120100000422300331
B1334484549739N01149393EA010390119900000442320331
B1334494549735N01149386EA010380119700000442340331
B1334504549731N01149378EA010360119500000442340331
B1334514549727N01149370EA010340119300000462320331
B1334524549723N01149362EA010320119100000462340331
B1334534549719N01149353EA010300118900000462340332
B1334544549715N01149345EA010280118800000462360332
B1334554549711N01149337EA010270118600000462320332
B1334564549706N01149330EA010250118500000462300322
B1334574549702N01149322EA010240118300000452280322
B1334584549697N01149315EA010230118200000442270322
B1334594549693N01149308EA010210118100000442260324
B1335004549689N01149301EA010200117900000432270324
B1335014549684N01149294EA010190117700000432280324
B1335024549680N01149288EA010170117500000422280324
B1335034549676N01149281EA010150117200000422280324
B1335044549671N01149273EA010120116900000452280324
B1335054549666N01149266EA010080116500000452260324
B1335064549662N01149258EA010050116200000492260321
B1335074549657N01149250EA010020115900000492300313
B1335084549653N01149241EA010000115700000482320313
B1335094549648N01149233EA009980115500000482320313
B1335104549644N01149225EA009960115300000492320313
B1335114549639N01149217EA009930115000000502300313
B1335124549634N01149209EA009910114800000502280313
B1335134549629N01149201EA009890114500000492260307
B1335144549624N01149193EA009870114400000482280307
B1335154549620N01149184EA009850114200000462320307
B1335164549616N01149176EA009840114000000452340307
B1335174549612N01149169EA009820113900000452320307
B1335184549607N01149161EA009810113700000462300300
B1335194549603N01149153EA009790113500000462300303
B1335204549599N01149146EA009760113300000472300303
B1335214549594N01149138EA009740113000000472300303
B1335224549590N01149130EA009730112800000462300303
B1335234549585N01149122EA009700112600000462300303
B1335244549581N01149115EA009690112400000462300303
B1335254549576N01149107EA009670112200000472300307
B1335264549572N01149098EA009640112000000472320307
B1335274549568N01149090EA009620111700000472360307
B1335284549564N01149082EA009600111500000462360307
B1335294549560N01149074EA009580111300000452340307
B1335304549556N01149066EA009560111100000442320298
B1335314549552N01149059EA009540110900000442300301
B1335324549548N01149051EA009520110700000442300301
B1335334549543N01149044EA009500110400000442280301
B1335344549539N01149037EA009470110200000462280301
B1335354549534N01149029EA009440109900000472280301
B1335364549530N01149021EA009410109600000472300301
B1335374549525N01149013EA009390109300000472300301
B1335384549520N01149006EA009360109100000452270301
B1335394549516N01149000EA009340109000000452240301
B1335404549511N01148993EA009330108800000392250301
B1335414549507N01148987EA009320108700000392260291
B1335424549504N01148981EA009310108600000362270291
B1335434549500N01148975EA009300108400000362280291
B1335444549496N01148969EA009280108100000402270291
B1335454549492N01148963EA009250107800000402260291
B1335464549487N01148956EA009220107500000442250289
B1335474549482N01148949EA009190107200000442240289
B1335484549478N01148941EA009160107000000452280289
B1335494549474N01148934EA009140106800000452300289
B1335504549469N01148927EA009120106600000422280289
B1335514549465N01148920EA009110106400000422260289
B1335524549461N01148914EA009090106300000422270289
B1335534549456N01148906EA009070106000000442280282
B1335544549452N01148898EA009040105700000462320282
B1335554549448N01148891EA009020105400000462300282
B1335564549443N01148883EA008990105200000472280282
B1335574549438N01148876EA008970105000000472260282
B1335584549434N01148868EA008950104800000462280282
B1335594549430N01148860EA008940104600000452300282
B1336004549425N01148852EA008920104400000452320283
B1336014549421N01148844EA008900104200000462320283
B1336024549417N01148837EA008870103900000462300283
B1336034549412N01148829EA008850103700000472280283
B1336044549408N01148821EA008820103400000482300275
B1336054549403N01148813EA008790103100000472300275
B1336064549399N01148804EA008770102800000472320276
B1336074549395N01148796EA008750102600000472320276
B1336084549390N01148788EA008720102400000482320276
B1336094549386N01148780EA008700102100000482320276
B1336104549381N01148772EA008680101900000482300276
B1336114549376N01148764EA008650101700000472280276
B1336124549372N01148757EA008640101400000462260278
B1336134549366N01148750EA008610101200000462240278
B1336144549361N01148743EA008590100900000482230278
B1336154549356N01148736EA008560100600000482220268
B1336164549351N01148728EA008530100400000482240268
B1336174549346N01148720EA008500100100000472280268
B1336184549342N01148712EA008480100000000452300268
B1336194549338N01148705EA008470099800000452300269
B1336204549333N01148698EA008460099600000432280269
B1336214549329N01148691EA008440099400000432260269
B1336224549324N01148684EA008410099200000452250269
B1336234549319N01148677EA008400099000000452240269
B1336244549314N01148670EA008380098900000442250269
B1336254549310N01148663EA008360098700000442260269
B1336264549306N01148656EA008350098500000432260257
B1336274549301N01148649EA008320098200000432260257
B1336284549296N01148643EA008300098000000442250257
B1336294549291N01148636EA008280097700000442240257
B1336304549286N01148630EA008250097400000442210257
B1336314549281N01148624EA008230097200000442180257
B1336324549276N01148618EA008200096900000442180257
B1336334549271N01148612EA008180096600000442180257
B1336344549266N01148606EA008150096400000442190261
B1336354549261N01148599EA008130096100000442200261
B1336364549256N01148593EA008100095800000442220250
B1336374549251N01148586EA008080095600000442240250
B1336384549247N01148579EA008050095300000422260250
B1336394549243N01148573EA008030095000000422240250
B1336404549238N01148567EA008000094800000412240250
B1336414549234N01148560EA007980094500000412240250
B1336424549229N01148553EA007950094200000432250252
B1336434549225N01148547EA007920093900000432260252
B1336444549220N01148539EA007880093600000442260252
B1336454549216N01148532EA007860093300000442280252
B1336464549211N01148525EA007840093100000432270252
B1336474549207N01148519EA007820092900000432260241
B1336484549203N01148512EA007800092800000402280241
B1336494549200N01148505EA007780092600000402300244
B1336504549196N01148498EA007760092400000392330244
B1336514549193N01148491EA007750092200000392360244
B1336524549190N01148484EA007740092100000382370244
B1336534549187N01148477EA007730092000000382380244
B1336544549183N01148471EA007720091900000382330244
B1336554549180N01148465EA007700091700000382280244
B1336564549176N01148458EA007690091600000382330243
B1336574549173N01148451EA007680091500000382380243
B1336584549170N01148444EA007670091400000372350243
B1336594549167N01148437EA007660091300000372320243
B1337004549163N01148431EA007640091000000392300243
B1337014549158N01148425EA007620090800000392280233
B1337024549154N01148418EA007590090500000442250233
B1337034549149N01148412EA007570090300000442220233
B1337044549144N01148405EA007550090100000432240232
B1337054549140N01148398EA007540090100000432260232
B1337064549137N01148391EA007540090000000402300232
B1337074549133N01148384EA007530090000000402340232
B1337084549129N01148378EA007530089900000392320232
B1337094549125N01148371EA007520089800000392300232
B1337104549121N01148365EA007520089800000412280232
B1337114549117N01148358EA007510089700000412260229
B1337124549113N01148350EA007500089700000432280229
B1337134549109N01148343EA007500089600000432320222
B1337144549105N01148336EA007490089600000422320222
B1337154549101N01148329EA007500089600000422320222
B1337164549097N01148322EA007500089700000402300222
B1337174549093N01148315EA007500089600000402280222
B1337184549089N01148309EA007490089500000432270220
B1337194549084N01148302EA007490089400000432260220
B1337204549080N01148294EA007480089300000462260220
B1337214549075N01148287EA007470089300000462280220
B1337224549070N01148279EA007460089200000462260220
B1337234549065N01148272EA007450089200000462260220
B1337244549061N01148265EA007450089200000442270220
B1337254549056N01148258EA007460089300000442280207
B1337264549052N01148251EA007470089300000422270207
B1337274549048N01148244EA007470089400000422260207
B1337284549044N01148237EA007480089400000432280207
B1337294549040N01148230EA007480089400000432300207
B1337304549036N01148223EA007480089400000442300207
B1337314549031N01148215EA007470089300000462300207
B1337324549027N01148207EA007470089200000482300207
B1337334549022N01148198EA007460089100000492300207
B1337344549018N01148190EA007450089000000512300207
B1337354549013N01148181EA007440089000000522320207
B1337364549009N01148171EA007430089000000522340208
B1337374549004N01148162EA007430089000000492360208
B1337384549000N01148154EA007440089200000472340202
B1337394548996N01148146EA007460089300000452320202
B1337404548992N01148139EA007470089400000442290202
B1337414548987N01148132EA007470089300000442260202
B1337424548982N01148124EA007470089300000482260202
B1337434548978N01148116EA007460089200000492280202
B1337444548973N01148107EA007450089100000482320203
B1337454548969N01148099EA007450089100000462340203
B1337464548965N01148091EA007450089100000452340203
B1337474548960N01148084EA007450089000000452300203
B1337484548955N01148077EA007440088900000462270198
B1337494548950N01148070EA007430088900000462240198
B1337504548946N01148062EA007430088900000452240198
B1337514548941N01148055EA007430088800000452280197
B1337524548938N01148047EA007430088800000442320197
B1337534548934N01148040EA007420088800000432340197
B1337544548930N01148032EA007410088600000432340197
B1337554548926N01148025EA007400088500000432320197
B1337564548922N01148017EA007380088300000442300197
B1337574548918N01148009EA007370088200000432320193
B1337584548915N01148002EA007360088100000422340193
B1337594548911N01147995EA007360088000000422360193
B1338004548907N01147987EA007350087800000412340191
B1338014548903N01147980EA007320087500000412300191
B1338024548899N01147972EA007300087300000452300191
B1338034548895N01147965EA007280087100000452320191
B1338044548891N01147958EA007260086900000412300191
B1338054548887N01147952EA007250086800000412280191
B1338064548883N01147945EA007230086600000402290191
B1338074548879N01147938EA007200086300000402300191
B1338084548875N01147931EA007180086000000432310191
B1338094548871N01147924EA007150085700000432320191
B1338104548866N01147916EA007120085400000462300191
B1338114548862N01147909EA007090085100000462260184
B1338124548857N01147903EA007070084800000432250178
B1338134548853N01147896EA007040084600000432240178
B1338144548849N01147889EA007020084300000432270178
B1338154548844N01147881EA006990084000000452300178
B1338164548840N01147874EA006960083700000452280178
B1338174548835N01147867EA006940083400000452260178
B1338184548830N01147860EA006910083100000452270176
B1338194548826N01147852EA006880082900000462280176
B1338204548822N01147844EA006860082600000462320176
B1338214548818N01147836EA006840082400000452360176
B1338224548814N01147828EA006820082200000432340176
B1338234548810N01147820EA006810081900000432320176
B1338244548806N01147813EA006790081700000442320173
B1338254548802N01147805EA006760081400000472320173
B1338264548797N01147797EA006730081100000482300173
B1338274548792N01147789EA006700080800000492280173
B1338284548788N01147781EA006670080600000492280173
B1338294548783N01147773EA006650080400000482300173
B1338304548779N01147765EA006630080200000472320173
B1338314548775N01147757EA006600080000000462320173
B1338324548770N01147750EA006580079700000452320173
B1338334548765N01147743EA006560079500000452240173
B1338344548760N01147737EA006540079200000452230173
B1338354548755N01147730EA006510079000000452220171
B1338364548750N01147723EA006480078600000472240171
B1338374548745N01147715EA006450078300000482260171
B1338384548740N01147707EA006420078000000492280170
B1338394548736N01147699EA006390077800000482280170
B1338404548731N01147691EA006370077500000472280170
B1338414548727N01147684EA006360077300000472280170
B1338424548722N01147677EA006340077100000442290170
B1338434548718N01147669EA006320076800000442300170
B1338444548714N01147661EA006290076500000462300170
B1338454548709N01147654EA006250076100000462300166
B1338464548704N01147646EA006210075700000502280166
B1338474548699N01147638EA006180075400000512260166
B1338484548694N01147630EA006150075100000502260166
B1338494548689N01147622EA006120074900000482280166
B1338504548684N01147614EA006100074700000462300166
B1338514548680N01147607EA006080074500000462280165
B1338524548675N01147600EA006060074300000432270165
B1338534548671N01147593EA006040074000000432260165
B1338544548667N01147587EA006020073800000422250165
B1338554548662N01147580EA006000073500000422240165
B1338564548657N01147573EA005960073100000452230160
B1338574548652N01147566EA005930072700000452220160
B1338584548647N01147559EA005880072200000502230164
B1338594548641N01147552EA005840071900000502240164
B1339004548636N01147544EA005810071600000482220164
B1339014548631N01147537EA005790071400000482220164
B1339024548627N01147530EA005770071200000432240164
B1339034548622N01147523EA005750070900000432260164
B1339044548618N01147517EA005720070600000442260164
B1339054548613N01147509EA005690070200000482260163
B1339064548608N01147501EA005640069700000512260156
B1339074548603N01147493EA005600069300000522280156
B1339084548598N01147484EA005570069000000512280156
B1339094548593N01147476EA005540068800000482280156
B1339104548588N01147469EA005520068600000462260156
B1339114548583N01147462EA005510068400000462240156
B1339124548579N01147456EA005490068300000442240159
B1339134548574N01147449EA005470068000000442240159
B1339144548569N01147442EA005450067800000462250159
B1339154548565N01147434EA005420067400000472260159
B1339164548560N01147426EA005390067100000482300159
B1339174548555N01147418EA005360066800000492300158
B1339184548550N01147411EA005340066600000492270158
B1339194548545N01147403EA005310066300000472240161
B1339204548540N01147396EA005290066100000462250161
B1339214548536N01147389EA005280066000000462260161
B1339224548531N01147382EA005260065800000452270161
B1339234548526N01147374EA005240065500000472280161
B1339244548521N01147367EA005210065200000492260161
B1339254548516N01147359EA005170064900000502240164
B1339264548510N01147352EA005150064600000502240164
B1339274548505N01147344EA005130064400000492240158
B1339284548500N01147336EA005110064200000472260158
B1339294548495N01147329EA005100064100000472260158
B1339304548490N01147322EA005080063900000472230158
B1339314548485N01147316EA005060063600000472200158
B1339324548479N01147309EA005030063300000492200162
B1339334548474N01147302EA005000063000000492200162
B1339344548468N01147293EA004970062800000532220162
B1339354548463N01147285EA004940062600000502260162
B1339364548458N01147278EA004930062500000452280155
B1339374548454N01147271EA004940062700000452300155
B1339384548451N01147265EA004950062800000342300155
B1339394548448N01147260EA004970062900000342300157
B1339404548445N01147255EA004970062900000312270157
B1339414548441N01147249EA004960062700000312240157
B1339424548437N01147244EA004940062400000372250157
B1339434548434N01147239EA004930062200000372260157
B1339444548431N01147235EA004930062300000232220157
B1339454548429N01147233EA004950062400000232180157
B1339464548428N01147231EA004970062500000112180157
B1339474548426N01147229EA004970062400000112180157
B1339484548423N01147225EA004950062100000282210157
B1339494548420N01147220EA004910061700000282240157
B1339504548416N01147215EA004890061500000302240157
B1339514548414N01147211EA004890061600000302240157
B1339524548414N01147207EA004890061600000182430157
B1339534548414N01147203EA004890061600000182620157
B1339544548415N01147198EA004870061400000232700157
B1339554548414N01147193EA004850061200000232780157
B1339564548412N01147189EA004830060900000252510157
B1339574548409N01147186EA004800060600000252240158
B1339584548405N01147186EA004780060400000262030158
B1339594548401N01147186EA004770060300000261820158
B1340004548399N01147185EA004770060300000151870158
B1340014548397N01147184EA004760060200000151920158
B1340024548394N01147183EA004740060000000221950158
B1340034548390N01147181EA004710059700000221980158
B1340044548386N01147179EA004680059400000291960158
B1340054548382N01147178EA004670059300000291940158
B1340064548380N01147176EA004670059300000182020158
B1340074548378N01147174EA004670059300000182100158
B1340084548376N01147172EA004670059300000182090158
B1340094548373N01147170EA004660059200000182080158
B1340104548369N01147168EA004640059000000252030158
B1340114548366N01147166EA004630058900000251980158
B1340124548363N01147163EA004620058900000222100158
B1340134548361N01147160EA004620059000000222220157
B1340144548359N01147158EA004640059200000132140158
B1340154548357N01147158EA004650059200000132060158
B1340164548354N01147157EA004650059200000182000158
B1340174548352N01147155EA004640059000000181940158
B1340184548349N01147152EA004620058900000232050158
B1340194548346N01147150EA004620058900000232160158
B1340204548344N01147149EA004620059000000172030158
B1340214548341N01147148EA004640059100000171900158
B1340224548338N01147148EA004640059100000181880158
B1340234548335N01147147EA004640059100000181860158
B1340244548332N01147144EA004640059100000252010158
B1340254548329N01147140EA004630059100000252160158
B1340264548326N01147138EA004640059200000232110158
B1340274548323N01147136EA004660059400000232060158
B1340284548319N01147137EA004680059600000231900158
B1340294548316N01147138EA004690059700000231720158
B1340304548311N01147141EA004690059800000331620158
B1340314548307N01147145EA004700059800000331520160
B1340324548304N01147151EA004700059900000371370160
B1340334548301N01147159EA004710059900000371220160
B1340344548299N01147167EA004710059800000401170156
B1340354548296N01147174EA004710059800000401120156
B1340364548292N01147180EA004700059600000381220156
B1340374548288N01147186EA004690059500000381320156
B1340384548285N01147192EA004680059400000341320156
B1340394548282N01147197EA004680059500000341320156
B1340404548278N01147201EA004690059500000271360156
B1340414548275N01147204EA004680059400000271400156
B1340424548271N01147207EA004680059400000301450156
B1340434548267N01147211EA004670059300000301500153
B1340444548263N01147216EA004660059100000401410153
B1340454548260N01147225EA004650059100000441320153
B1340464548259N01147234EA004640059100000471100154
B1340474548259N01147244EA004640059200000460920154
B1340484548260N01147254EA004650059300000420820153
B1340494548260N01147262EA004670059500000420840154
B1340504548259N01147270EA004680059600000350930151
B1340514548257N01147276EA004690059700000351020151
B1340524548255N01147281EA004700059700000271190151
B1340534548251N01147283EA004700059700000271360151
B1340544548246N01147283EA004690059500000331610151
B1340554548241N01147280EA004680059400000331860151
B1340564548239N01147274EA004680059300000332190151
B1340574548239N01147267EA004670059300000332520151
B1340584548239N01147262EA004670059400000202590151
B1340594548238N01147260EA004690059500000202660154
B1341004548233N01147261EA004670059400000362120151
B1341014548227N01147266EA004620058800000361580151
B1341024548220N01147267EA004590058700000381740151
B1341034548217N01147262EA004600058800000381900151
B1341044548220N01147255EA004580058500000452510154
B1341054548226N01147247EA004530057900000553120154
B1341064548227N01147240EA004520058200000352870154
B1341074548224N01147235EA004530058400000352620154
B1341084548221N01147241EA004480058200000522200154
B1341094548216N01147254EA004410057200000671160154
B1341104548210N01147257EA004390057900000441470154
B1341114548205N01147255EA004380058000000441780161
B1341124548210N01147250EA004310057700000552560154
B1341134548219N01147244EA004230056200000743340154
B1341144548223N01147234EA004220056200000473320154
B1341154548221N01147228EA004230056000000472820154
B1341164548219N01147236EA004160055000000572280154
B1341174548216N01147250EA004070053500000750980154
B1341184548209N01147257EA004060053500000561320161
B1341194548205N01147253EA004060053400000561660161
B1341204548210N01147246EA003970052000000622380154
B1341214548217N01147236EA003900051000000723300154
B1341224548218N01147227EA003900050500000423080154
B1341234548218N01147227EA003880050200000422500154
B1341244548226N01147228EA003810048700000730640154
B1341254548235N01147224EA003760048600000663560154
B1341264548236N01147214EA003760049400000453200154
B1341274548231N01147210EA003770049600000452560161
B1341284548225N01147214EA003760049400000461980154
B1341294548221N01147222EA003760049400000461400154
B1341304548219N01147230EA003780049900000351190154
B1341314548217N01147235EA003820050300000350980154
B1341324548215N01147239EA003850050600000231110154
B1341334548212N01147244EA003860050700000231240154
B1341344548209N01147251EA003870050500000431190161
B1341354548208N01147260EA003860050400000451140161
B1341364548211N01147269EA003870050500000440900151
B1341374548217N01147274EA003860050400000440560151
B1341384548223N01147274EA003840050200000490200151
B1341394548228N01147268EA003820050100000493440151
B1341404548228N01147260EA003800050200000353060154
B1341414548225N01147255EA003800050200000352600154
B1341424548220N01147252EA003800050300000332260154
B1341434548217N01147249EA003820050500000331920154
B1341444548216N01147245EA003830050800000242300154
B1341454548220N01147240EA003820050700000242680154
B1341464548226N01147234EA003780050200000492980154
B1341474548228N01147228EA003760050100000493280154
B1341484548226N01147224EA003760050200000293280154
B1341494548220N01147226EA003710049700000522200154
B1341504548212N01147235EA003640048900000611480154
B1341514548206N01147234EA003620049300000611400161
B1341524548203N01147228EA003640049400000341940161
B1341534548209N01147225EA003580048600000342480161
B1341544548219N01147223EA003490047300000763560154
B1341554548224N01147216EA003450047800000763520154
B1341564548223N01147209EA003460047900000322920161
B1341574548218N01147215EA003390047000000632320154
B1341584548211N01147223EA003310045800000591300154
B1341594548204N01147222EA003310045700000591480161
B1342004548203N01147217EA003300045200000222150161
B1342014548210N01147223EA003200043800000752820154
B1342024548219N01147230EA003120042900000670360154
B1342034548225N01147228EA003140042200000670240154
B1342044548228N01147225EA003150041500000213430154
B1342054548231N01147232EA003070040300000613020154
B1342064548240N01147234EA003010039600000700660154
B1342074548247N01147229EA002990040200000700060154
B1342084548247N01147220EA002960039900000503180154
B1342094548240N01147221EA002890039000000602360154
B1342104548239N01147234EA002810038300000731520154
B1342114548247N01147241EA002740037900000700780154
B1342124548254N01147233EA002680037300000640080154
B1342134548252N01147224EA002620036600000403020154
B1342144548246N01147231EA002550036000000642150154
B1342154548248N01147245EA002490035300000691280154
B1342164548257N01147250EA002440035300000710720154
B1342174548263N01147241EA002410035100000620020153
B1342184548259N01147230EA002370034600000622940154
B1342194548250N01147229EA002330034200000622280154
B1342204548245N01147238EA002300034100000591660154
B1342214548247N01147250EA002280033900000561200154
B1342224548255N01147254EA002260033500000580580154
B1342234548262N01147249EA002230033300000580060153
B1342244548265N01147241EA002220033400000453220153
B1342254548265N01147234EA002230033700000312900153
B1342264548264N01147229EA002240033900000202650153
B1342274548263N01147226EA002260034100000202400153
B1342284548262N01147222EA002270034200000192500153
B1342294548262N01147217EA002280034000000192600153
B1342304548262N01147210EA002270033800000312620156
B1342314548261N01147203EA002250033600000312640156
B1342324548259N01147196EA002230033500000332590161
B1342334548258N01147190EA002220033600000332540161
B1342344548257N01147184EA002230033700000262550161
B1342354548256N01147179EA002240033900000262560161
B1342364548255N01147175EA002260034000000222550161
B1342374548254N01147169EA002260034000000222540161
B1342384548253N01147164EA002260033900000292520161
B1342394548251N01147158EA002250033900000292500161
B1342404548250N01147153EA002250033900000242430161
B1342414548247N01147150EA002260034000000242360161
B1342424548244N01147150EA002260034000000222080161
B1342434548240N01147152EA002260033900000221800161
B1342444548237N01147154EA002250033800000271630161
B1342454548233N01147158EA002250033700000271460161
B1342464548230N01147164EA002240033600000341360161
B1342474548228N01147171EA002230033500000341260161
B1342484548226N01147179EA002220033300000411140161
B1342494548225N01147188EA002210033300000421020161
B1342504548225N01147197EA002200033200000410960161
B1342514548225N01147206EA002200033200000410920161
B1342524548225N01147215EA002200033200000420880154
B1342534548226N01147224EA002200033300000420840154
B1342544548227N01147233EA002200033400000410800154
B1342554548229N01147241EA002210033500000410760154
B1342564548230N01147249EA002220033600000370780154
B1342574548230N01147257EA002220033700000370800154
B1342584548231N01147264EA002230033600000320790151
B1342594548232N01147271EA002230033600000320780151
B1343004548234N01147278EA002230033500000360760151
B1343014548235N01147286EA002210033300000360740151
B1343024548237N01147295EA002190033100000420740151
B1343034548238N01147304EA002180032900000410760151
B1343044548240N01147312EA002170032800000390760151
B1343054548241N01147320EA002170032800000390760151
B1343064548243N01147329EA002170032800000400760151
B1343074548244N01147337EA002170032800000400740151
B1343084548246N01147344EA002170033000000350710151
B1343094548249N01147351EA002190033200000350680151
B1343104548252N01147357EA002200033300000350550151
B1343114548257N01147361EA002200033200000350420152
B1343124548263N01147364EA002200033100000460280150
B1343134548270N01147366EA002190033100000460140150
B1343144548276N01147368EA002190033300000400150150
B1343154548281N01147371EA002210033600000400160150
B1343164548285N01147375EA002240033900000320240150
B1343174548289N01147379EA002270034100000320340150
B1343184548294N01147383EA002290034200000350320150
B1343194548299N01147387EA002290034300000350300150
B1343204548304N01147389EA002300034300000390230150
B1343214548310N01147392EA002300034300000390160151
B1343224548316N01147394EA002300034400000400160151
B1343234548321N01147396EA002320034500000400160151
B1343244548327N01147397EA002350034700000350110151
B1343254548332N01147398EA002370034900000350060151
B1343264548337N01147398EA002390035000000360040151
B1343274548343N01147399EA002400035100000360020151
B1343284548349N01147400EA002400035200000400040151
B1343294548355N01147401EA002400035200000400060151
B1343304548361N01147402EA002410035400000390070152
B1343314548367N01147403EA002420035500000390080152
B1343324548372N01147404EA002430035500000390050152
B1343334548379N01147404EA002430035500000390020152
B1343344548385N01147404EA002420035400000450000152
B1343354548392N01147403EA002420035300000453580152
B1343364548398N01147402EA002410035200000403540152
B1343374548404N01147400EA002410035300000403500152
B1343384548409N01147397EA002410035200000343430152
B1343394548413N01147393EA002410035200000343360154
B1343404548416N01147388EA002400035100000333220154
B1343414548419N01147382EA002390035000000333080154
B1343424548420N01147374EA002380034900000342900154
B1343434548420N01147368EA002380034800000342760154
B1343444548419N01147362EA002370034800000252670154
B1343454548418N01147357EA002370034800000252580154
B1343464548417N01147352EA002360034700000252580154
B1343474548417N01147346EA002350034500000252580154
B1343484548415N01147341EA002350034400000262470154
B1343494548411N01147339EA002340034400000262360154
B1343504548407N01147341EA002320034200000351910151
B1343514548404N01147350EA002280033800000471460151
B1343524548407N01147360EA002250033400000571020151
B1343534548414N01147367EA002230033100000570620154
B1343544548421N01147365EA002200033000000540200154
B1343554548426N01147357EA002170032700000503380154
B1343564548426N01147348EA002150032400000432960154
B1343574548423N01147341EA002140032500000432540154
B1343584548419N01147338EA002150032800000232320154
B1343594548417N01147335EA002170033000000232100154
B1344004548416N01147332EA002190033100000182260154
B1344014548414N01147327EA002180033000000182420154
B1344024548412N01147321EA002160032800000342390154
B1344034548408N01147316EA002150032600000342360151
B1344044548404N01147314EA002140032700000302100151
B1344054548400N01147317EA002150032700000301840151
B1344064548398N01147324EA002150032700000411430151
B1344074548399N01147334EA002140032400000481020151
B1344084548405N01147341EA002120032200000500670151
B1344094548412N01147342EA002110032100000500320154
B1344104548417N01147337EA002100032000000453530154
B1344114548418N01147329EA002080031800000423140154
B1344124548414N01147323EA002060031500000442610154
B1344134548407N01147326EA002020031200000442080151
B1344144548403N01147335EA001980030900000551520151
B1344154548405N01147346EA001960030900000501040151
B1344164548411N01147351EA001940031000000520620154
B1344174548418N01147350EA001930030800000520200154
B1344184548423N01147343EA001910030600000483410154
B1344194548424N01147335EA001900030600000383020154
B1344204548421N01147329EA001910030800000322580154
B1344214548417N01147329EA001910030900000322140154
B1344224548412N01147330EA001920030800000311850154
B1344234548408N01147332EA001930030900000311560151
B1344244548404N01147330EA001930030800000281800151
B1344254548402N01147325EA001910030700000282040151
B1344264548402N01147317EA001890030400000392440151
B1344274548405N01147310EA001870030200000392780155
B1344284548410N01147306EA001870030200000383070155
B1344294548414N01147303EA001880030400000383360155
B1344304548418N01147301EA001910030600000243370155
B1344314548422N01147299EA001920030800000243380155
B1344324548426N01147297EA001930030800000313390155
B1344334548431N01147295EA001920030600000313400155
B1344344548437N01147293EA001900030400000433410155
B1344354548443N01147290EA001900030300000433420155
B1344364548448N01147287EA001900030300000333380155
B1344374548452N01147284EA001910030400000333340155
B1344384548457N01147281EA001920030400000313340155
B1344394548461N01147277EA001920030400000313340162
B1344404548466N01147273EA001910030300000393280162
B1344414548470N01147267EA001900030200000393220162
B1344424548475N01147261EA001890030100000403170162
B1344434548478N01147254EA001890030200000403120162
B1344444548481N01147246EA001900030200000383060162
B1344454548483N01147239EA001900030300000382940162
B1344464548483N01147232EA001900030300000332940162
B1344474548481N01147226EA001900030300000272640162
B1344484548477N01147224EA001900030300000282250162
B1344494548473N01147227EA001880030100000281860162
B1344504548470N01147234EA001860029900000421500162
B1344514548468N01147243EA001840029700000431140162
B1344524548469N01147252EA001830029600000400940162
B1344534548468N01147259EA001830029600000400860162
B1344544548467N01147266EA001830029600000301000162
B1344554548464N01147270EA001830029500000301140162
B1344564548461N01147272EA001820029400000241400162
B1344574548457N01147270EA001810029300000241660155
B1344584548456N01147265EA001790029100000312090155
B1344594548456N01147257EA001770028800000372520157
B1345004548459N01147250EA001750028600000382800157
B1345014548463N01147246EA001740028600000383080162
B1345024548468N01147243EA001750028600000313240162
B1345034548472N01147241EA001740028600000313400162
B1345044548477N01147238EA001740028500000343350162
B1345054548481N01147233EA001730028300000343300162
B1345064548485N01147227EA001710028000000393200162
B1345074548489N01147220EA001690027900000393100162
B1345084548490N01147214EA001680027800000322980162
B1345094548491N01147207EA001680027800000322860166
B1345104548491N01147201EA001680027800000272770166
B1345114548491N01147195EA001680027800000272680166
B1345124548492N01147189EA001680027700000282710166
B1345134548492N01147183EA001670027700000282740166
B1345144548491N01147176EA001670027600000292680166
B1345154548491N01147170EA001670027600000292620166
B1345164548490N01147163EA001670027600000302600166
B1345174548488N01147158EA001670027600000302580168
B1345184548486N01147155EA001670027600000212310168
B1345194548482N01147157EA001650027400000212040168
B1345204548478N01147163EA001630027000000441600166
B1345214548479N01147174EA001590026700000531160166
B1345224548484N01147182EA001550026400000580770166
B1345234548492N01147184EA001520026100000560380166
B1345244548498N01147178EA001490025900000513570166
B1345254548500N01147169EA001490025800000423160166
B1345264548499N01147162EA001500026200000293160166
B1345274548498N01147158EA001520026500000172520168
B1345284548498N01147155EA001540026700000142580168
B1345294548498N01147150EA001550026700000142640168
B1345304548497N01147144EA001530026500000332580168
B1345314548494N01147136EA001500026100000402520168
B1345324548490N01147131EA001490025900000342350168
B1345334548486N01147128EA001480026000000342180168
B1345344548484N01147128EA001490026200000171990168
B1345354548481N01147128EA001510026400000171800168
B1345364548478N01147128EA001510026400000211790168
B1345374548474N01147127EA001500026200000211780168
B1345384548469N01147125EA001470025900000351860168
B1345394548464N01147124EA001450025700000351940168
B1345404548460N01147124EA001450025800000251840168
B1345414548457N01147126EA001460025900000251740159
B1345424548456N01147129EA001460025900000201490159
B1345434548454N01147133EA001460025700000201240159
B1345444548453N01147139EA001440025400000321140159
B1345454548453N01147147EA001420025200000321040159
B1345464548455N01147157EA001390024800000500880159
B1345474548460N01147165EA001360024400000500620166
B1345484548468N01147168EA001330024100000520360166
B1345494548475N01147165EA001300023800000520060166
B1345504548479N01147158EA001270023600000413330168
B1345514548480N01147151EA001260023500000413000168
B1345524548478N01147146EA001250023400000262670168
B1345534548475N01147142EA001250023400000262340168
B1345544548474N01147138EA001250023400000202360168
B1345554548473N01147133EA001240023300000202380168
B1345564548472N01147128EA001230023000000282490168
B1345574548471N01147122EA001210022800000282600168
B1345584548470N01147116EA001190022600000282580168
B1345594548469N01147110EA001170022500000282560168
B1346004548469N01147104EA001160022400000252630168
B1346014548469N01147098EA001140022300000252700168
B1346024548469N01147093EA001130022100000272690168
B1346034548469N01147086EA001110021900000272680168
B1346044548468N01147081EA001100021800000262630168
B1346054548467N01147076EA001090021800000262580168
B1346064548466N01147073EA001100021800000182420168
B1346074548463N01147071EA001100021800000182260168
B1346084548459N01147071EA001090021800000261990164
B1346094548455N01147074EA001090021700000261720164
B1346104548453N01147079EA001080021700000341430164
B1346114548452N01147087EA001080021600000341140164
B1346124548453N01147096EA001070021500000440900164
B1346134548455N01147105EA001070021500000400740164
B1346144548458N01147112EA001070021600000360680159
B1346154548460N01147119EA001080021600000360620168
B1346164548462N01147126EA001080021700000330620168
B1346174548463N01147133EA001080021700000330680168
B1346184548461N01147140EA001070021500000350900168
B1346194548458N01147145EA001050021300000351120159
B1346204548453N01147147EA001040021100000331420159
B1346214548449N01147146EA001030021100000331720159
B1346224548446N01147142EA001020021100000262040159
B1346234548446N01147137EA001020021100000262360159
B1346244548447N01147132EA001030021100000232620159
B1346254548448N01147127EA001040021100000232880159
B1346264548449N01147123EA001050021100000222900159
B1346274548450N01147118EA001040021000000222920159
B1346284548450N01147111EA001030020900000302780159
B1346294548449N01147105EA001020020700000302640164
B1346304548448N01147100EA001020020700000242560164
B1346314548446N01147096EA001020020700000242480164
B1346324548445N01147093EA001020020800000142350164
B1346334548443N01147091EA001030020800000142220164
B1346344548442N01147089EA001030020800000142240164
B1346354548440N01147087EA001030020800000142260164
B1346364548437N01147088EA001020020700000191980164
B1346374548435N01147091EA001010020500000191700164
B1346384548432N01147097EA000990020300000341430164
B1346394548431N01147104EA000970020100000341160164
B1346404548432N01147112EA000960020000000380940159
B1346414548435N01147119EA000950019900000380720159
B1346424548439N01147125EA000940019800000400540159
B1346434548444N01147131EA000930019700000400360159
B1346444548446N01147137EA000930019800000340520159
B1346454548446N01147144EA000910019700000340680159
B1346464548442N01147149EA000900019300000381080159
B1346474548436N01147150EA000870019100000381480159
B1346484548432N01147147EA000860019000000301830159
B1346494548430N01147143EA000860019100000302180159
B1346504548428N01147139EA000870019200000152250159
B1346514548426N01147138EA000870019200000152320159
B1346524548423N01147136EA000860019100000252130159
B1346534548419N01147134EA000840018900000251940159
B1346544548415N01147132EA000830018800000251960159
B1346554548412N01147132EA000830018800000251980159
B1346564548409N01147133EA000830018700000201980157
B1346574548407N01147136EA000820018600000231540157
B1346584548403N01147138EA000810018500000251540157
B1346594548400N01147139EA000800018300000251540157
B1347004548397N01147139EA000790018300000191710157
B1347014548394N01147138EA000790018300000191880157
B1347024548392N01147138EA000780018200000151830157
B1347034548389N01147139EA000780018100000151780157
B1347044548387N01147140EA000770018000000191670157
B1347054548384N01147141EA000750017800000191560157
B1347064548381N01147142EA000730017600000201630157
B1347074548377N01147142EA000710017400000201700157
B1347084548373N01147141EA000680017200000311800157
B1347094548368N01147140EA000660017000000311900157
B1347104548364N01147139EA000650016900000271910157
B1347114548361N01147138EA000640016900000271920157
B1347124548358N01147137EA000650016900000141950158
B1347134548357N01147135EA000650016900000141980158
B1347144548357N01147134EA000650016900000042080158
B1347154548357N01147134EA000640016700000042180158
B1347164548357N01147134EA000640016700000042180158
B1347174548356N01147134EA000640016700000042140158
B1347184548356N01147133EA000640016700000032220158
B1347194548357N01147133EA000640016700000032300158
B1347204548357N01147134EA000640016700000012950158
B1347214548357N01147134EA000650016700000010000158
B1347224548357N01147134EA000650016700000010000158
B1347234548357N01147134EA000650016700000010000158
B1347244548357N01147134EA000650016700000010000158
B1347254548357N01147134EA000650016700000010000158
B1347264548358N01147134EA000650016700000010000158
B1347274548358N01147134EA000650016700000010000158
B1347284548357N01147134EA000650016700000000000158
B1347294548357N01147134EA000650016600000000000158
B1347304548357N01147134EA000650016600000000000158
B1347314548357N01147133EA000650016600000000000158
B1347324548357N01147133EA000650016600000000000158
B1347334548357N01147133EA000650016600000000000158
B1347344548357N01147133EA000650016600000000000158
B1347354548357N01147133EA000650016600000000000158
B1347364548357N01147133EA000650016600000000000158
B1347374548357N01147133EA000650016600000000000158
B1347384548357N01147133EA000650016600000000000158
B1347394548357N01147133EA000650016600000000000158
B1347404548357N01147133EA000650016600000000000158
B1347414548357N01147133EA000650016600000000000158
B1347424548357N01147132EA000650016600000000000158
B1347434548357N01147132EA000650016600000000000158
B1347444548357N01147132EA000650016600000000000158
B1347454548357N01147132EA000650016600000000000158
B1347464548357N01147132EA000650016500000000000158
B1347474548357N01147132EA000650016600000000000158
B1347484548358N01147132EA000650016500000000000158
B1347494548357N01147133EA000650016500000000000158
B1347504548357N01147133EA000650016500000000000158
B1347514548357N01147133EA000650016500000000000158
B1347524548358N01147133EA000650016400000010000158
B1347534548358N01147133EA000650016400000010000158
B1347544548358N01147133EA000650016400000010000158
B1347554548358N01147133EA000650016200000010000158
B1347564548358N01147132EA000650016200000000000158
B1347574548358N01147133EA000650016200000000000158
B1347584548358N01147133EA000650016200000000000158
B1347594548358N01147132EA000650016200000000000158
B1348004548358N01147132EA000650016200000000000158
B1348014548359N01147132EA000650016200000000000158
B1348024548359N01147131EA000650016200000020000158
B1348034548359N01147131EA000650016200000020000158
B1348044548359N01147131EA000650016200000020000158
B1348054548360N01147131EA000650016200000020000157
B1348064548360N01147131EA000650016200000020000157
B1348074548360N01147131EA000650016200000020000157
B1348084548359N01147131EA000650016200000033120158
B1348094548359N01147130EA000650016200000032640158
B1348104548359N01147130EA000650016200000032640158
B1348114548358N01147130EA000650016200000030000158
B1348124548357N01147129EA000650016200000052860158
B1348134548356N01147129EA000650016100000052120158
B1348144548356N01147128EA000650016100000052100158
B1348154548355N01147128EA000650016100000052080158
B1348164548355N01147127EA000650016000000032080158
B1348174548354N01147127EA000650016100000032080158
B1348184548354N01147127EA000650016100000032080158
G70B6A53C3977CC9C2ABBFAC6B31B2389
