AXCCXXXCompCheck-4.7
HFDTEDATE:260526
HFFXA010
HFPLTPILOT:Walter GOMEZ
HPGTYGLIDERTYPE:Ozone Photon
HPGIDGLIDERID:NA
HFDTM100GPSDATUM:WGS-1984
HFRFWFIRMWAREVERSION:
HFRHWHARDWAREVERSION:NA
HFFTYFRTYPE:NA
HFGPS:NA
HFPRSPRESSALTSENSOR:NA
HFTZN:2.0
HFTZOTimezone:2
HFCIDCOMPETITIONID:0189
HFCCLCOMPETITIONCLASS:NA
I063637LAD3839LOD4040TDS4142WSP4345WDI4649GND
E105108PEV
B1051084547753N01140085EA007100086000000181800852
B1051094547750N01140084EA007090085800000181820852
B1051104547747N01140084EA007080085700000211820852
B1051114547743N01140085EA007070085600000211820852
B1051124547740N01140087EA007060085500000251670852
B1051134547737N01140089EA007050085500000251520852
B1051144547735N01140092EA007050085500000161480852
B1051154547733N01140094EA007050085500000161440852
B1051164547731N01140098EA007050085400000221350852
B1051174547730N01140101EA007040085400000221260852
B1051184547728N01140104EA007040085500000141330852
B1051194547725N01140104EA007040085600000141400852
B1051204547721N01140102EA007040085500000271730852
B1051214547718N01140099EA007030085400000272060852
B1051224547714N01140096EA007030085400000252090852
B1051234547711N01140093EA007040085500000252120852
B1051244547708N01140091EA007040085500000232040812
B1051254547704N01140090EA007040085500000231960812
B1051264547700N01140088EA007030085400000271980812
B1051274547696N01140085EA007030085400000272000812
B1051284547692N01140082EA007030085400000262030812
B1051294547689N01140080EA007030085500000262060812
B1051304547685N01140079EA007030085500000231980812
B1051314547682N01140078EA007030085400000231900812
B1051324547678N01140077EA007020085200000261900812
B1051334547673N01140077EA007010085100000261900812
B1051344547669N01140075EA007000085000000291900812
B1051354547665N01140075EA007000085100000291900812
B1051364547661N01140074EA007000085200000251860812
B1051374547657N01140074EA007010085200000251820786
B1051384547653N01140074EA007000085200000231810786
B1051394547649N01140074EA007000085100000231800786
B1051404547645N01140073EA006990085000000291820786
B1051414547640N01140073EA006980084900000291840786
B1051424547636N01140073EA006970084700000281820786
B1051434547632N01140073EA006960084700000281800786
B1051444547628N01140072EA006960084600000231820786
B1051454547625N01140072EA006950084500000231840786
B1051464547620N01140071EA006940084400000271890786
B1051474547616N01140069EA006930084200000271940786
B1051484547611N01140066EA006920084100000331950806
B1051494547606N01140065EA006910084000000331960796
B1051504547602N01140064EA006900084000000301920796
B1051514547598N01140063EA006910084100000301880796
B1051524547594N01140061EA006910084200000261900796
B1051534547590N01140060EA006910084100000261920796
B1051544547585N01140059EA006900084000000291920796
B1051554547581N01140057EA006890083800000291920796
B1051564547575N01140055EA006880083600000341940796
B1051574547570N01140053EA006860083400000341960796
B1051584547565N01140050EA006850083300000341980796
B1051594547561N01140048EA006850083300000342000796
B1052004547555N01140045EA006850083300000302040770
B1052014547551N01140042EA006850083100000302080770
B1052024547547N01140039EA006840083000000322050770
B1052034547542N01140038EA006830082900000322020770
B1052044547537N01140037EA006820082800000321930770
B1052054547532N01140036EA006810082700000321840770
B1052064547528N01140036EA006810082600000281840770
B1052074547524N01140035EA006800082600000281840770
B1052084547519N01140035EA006790082500000311840770
B1052094547514N01140034EA006780082300000341840770
B1052104547509N01140032EA006770082200000361880750
B1052114547503N01140028EA006760082000000361980750
B1052124547499N01140023EA006750082000000372100750
B1052134547495N01140017EA006740081900000372220750
B1052144547491N01140012EA006740081800000362250771
B1052154547487N01140005EA006730081700000362280771
B1052164547484N01139998EA006730081600000392320771
B1052174547481N01139991EA006720081500000392360771
B1052184547478N01139984EA006710081400000402380771
B1052194547475N01139976EA006700081400000402400771
B1052204547472N01139969EA006700081300000402400771
B1052214547469N01139961EA006690081300000402400788
B1052224547466N01139953EA006690081300000412420788
B1052234547464N01139945EA006690081300000422420788
B1052244547461N01139938EA006690081500000402410788
B1052254547459N01139931EA006700081700000402400757
B1052264547457N01139925EA006730082000000292430757
B1052274547455N01139920EA006750082200000292460757
B1052284547454N01139915EA006770082400000272420769
B1052294547450N01139910EA006780082500000272380769
B1052304547446N01139905EA006780082500000352280769
B1052314547442N01139900EA006780082400000352180769
B1052324547440N01139893EA006780082500000332330769
B1052334547440N01139886EA006790082600000332480769
B1052344547441N01139878EA006790082600000402720769
B1052354547445N01139870EA006790082600000442900769
B1052364547450N01139864EA006790082500000453070782
B1052374547456N01139860EA006790082500000453240782
B1052384547463N01139859EA006790082500000473400811
B1052394547470N01139860EA006790082500000473560811
B1052404547476N01139862EA006790082600000420070811
B1052414547482N01139867EA006790082700000420180798
B1052424547486N01139871EA006790082700000360290798
B1052434547489N01139877EA006800082700000360400798
B1052444547491N01139883EA006800082800000290530798
B1052454547492N01139888EA006810082900000290660798
B1052464547492N01139892EA006830083100000200760798
B1052474547492N01139896EA006840083200000200860798
B1052484547491N01139900EA006850083300000180960798
B1052494547490N01139903EA006850083300000181060798
B1052504547487N01139906EA006850083200000211220798
B1052514547485N01139909EA006850083200000211380798
B1052524547481N01139910EA006860083300000211510798
B1052534547478N01139910EA006860083400000211640798
B1052544547474N01139909EA006870083600000271810798
B1052554547469N01139907EA006870083500000271980798
B1052564547465N01139903EA006880083500000322060798
B1052574547462N01139898EA006890083600000322140798
B1052584547460N01139892EA006910083900000302350769
B1052594547460N01139886EA006920084100000302560769
B1053004547462N01139880EA006930084200000352800798
B1053014547466N01139874EA006930084000000353040798
B1053024547472N01139869EA006920083900000443170798
B1053034547478N01139865EA006910083800000443300811
B1053044547485N01139865EA006900083800000483450811
B1053054547492N01139867EA006900083800000480000798
B1053064547498N01139872EA006900083900000450160798
B1053074547503N01139878EA006900084000000450320798
B1053084547505N01139884EA006910084100000330460798
B1053094547507N01139889EA006920084300000330600798
B1053104547508N01139895EA006930084500000270600798
B1053114547509N01139901EA006950084700000270720798
B1053124547510N01139906EA006960084700000270750798
B1053134547510N01139912EA006960084800000270780798
B1053144547509N01139918EA006970084700000270950788
B1053154547506N01139922EA006960084600000271120788
B1053164547503N01139926EA006960084700000261270788
B1053174547500N01139928EA006970084700000261420788
B1053184547497N01139930EA006970084700000231520788
B1053194547493N01139931EA006970084800000231620788
B1053204547489N01139930EA006970084800000291760788
B1053214547485N01139927EA006980084800000291900788
B1053224547482N01139921EA006980084900000342110788
B1053234547480N01139915EA006990085000000342320798
B1053244547480N01139908EA007000085200000322520798
B1053254547481N01139901EA007020085400000322720798
B1053264547483N01139895EA007030085400000352890798
B1053274547487N01139890EA007040085500000353060798
B1053284547492N01139885EA007040085500000413160798
B1053294547497N01139881EA007050085600000413260798
B1053304547503N01139880EA007050085600000413410798
B1053314547509N01139881EA007050085600000413560798
B1053324547515N01139885EA007060085600000400110824
B1053334547519N01139890EA007060085700000400260824
B1053344547523N01139897EA007060085700000390430824
B1053354547524N01139904EA007060085700000390600824
B1053364547524N01139910EA007070085800000260770824
B1053374547522N01139914EA007070086000000260940824
B1053384547520N01139917EA007080086000000221180810
B1053394547516N01139919EA007080085900000221420810
B1053404547513N01139919EA007070085900000251630810
B1053414547508N01139917EA007070085700000251840788
B1053424547505N01139913EA007070085600000342030798
B1053434547502N01139907EA007060085500000342220798
B1053444547500N01139899EA007070085600000342380798
B1053454547501N01139892EA007080085800000342600798
B1053464547503N01139885EA007090085900000362760798
B1053474547505N01139878EA007110086000000362920798
B1053484547509N01139873EA007110086100000393050798
B1053494547515N01139868EA007120086200000393180824
B1053504547521N01139866EA007120086100000463340836
B1053514547528N01139866EA007110085900000463500836
B1053524547534N01139870EA007110085900000420080824
B1053534547538N01139875EA007110086000000420260824
B1053544547542N01139881EA007110086000000340380824
B1053554547545N01139886EA007120086100000340500824
B1053564547546N01139891EA007120086200000260570824
B1053574547547N01139896EA007130086200000260640824
B1053584547548N01139902EA007120086100000260770824
B1053594547547N01139908EA007120086000000260900824
B1054004547545N01139913EA007110085800000261070824
B1054014547542N01139916EA007100085800000261240824
B1054024547539N01139917EA007100085700000221440810
B1054034547535N01139917EA007090085700000221640810
B1054044547531N01139916EA007090085600000291780824
B1054054547527N01139914EA007080085600000291920824
B1054064547523N01139912EA007080085600000291990824
B1054074547519N01139909EA007090085700000292060824
B1054084547516N01139905EA007100085900000272110824
B1054094547513N01139902EA007110086000000272160824
B1054104547510N01139898EA007120086200000282200798
B1054114547507N01139893EA007140086300000282240798
B1054124547505N01139888EA007150086400000282320798
B1054134547504N01139882EA007160086400000282420798
B1054144547504N01139875EA007160086500000332590798
B1054154547505N01139868EA007160086400000332760798
B1054164547509N01139860EA007160086400000452940811
B1054174547514N01139854EA007160086400000453080836
B1054184547521N01139850EA007160086500000463230836
B1054194547527N01139848EA007170086600000463380836
B1054204547533N01139848EA007170086700000423520836
B1054214547539N01139850EA007180086700000420060836
B1054224547544N01139854EA007190086800000380180836
B1054234547548N01139860EA007190086900000380300836
B1054244547551N01139866EA007200086900000340440836
B1054254547553N01139872EA007200087000000340580824
B1054264547555N01139877EA007210087100000250620824
B1054274547556N01139881EA007210087200000250660824
B1054284547557N01139887EA007210087200000250680824
B1054294547558N01139893EA007210087100000250700824
B1054304547559N01139899EA007200087000000300780824
B1054314547559N01139906EA007190086800000300860824
B1054324547562N01139913EA007180086800000350740844
B1054334547565N01139918EA007180086700000350620841
B1054344547570N01139923EA007180086700000390470841
B1054354547575N01139927EA007170086700000390320841
B1054364547579N01139932EA007180086700000350350841
B1054374547582N01139937EA007180086800000350380841
B1054384547586N01139942EA007170086800000320430841
B1054394547589N01139947EA007170086700000320480841
B1054404547592N01139952EA007160086600000310490841
B1054414547595N01139958EA007140086400000310500841
B1054424547599N01139964EA007130086300000410470841
B1054434547604N01139970EA007120086300000410440818
B1054444547608N01139975EA007130086400000350430818
B1054454547610N01139980EA007140086600000350420818
B1054464547613N01139984EA007150086800000260500828
B1054474547615N01139990EA007160086700000260580828
B1054484547617N01139997EA007150086500000380620828
B1054494547620N01140005EA007150086500000380660828
B1054504547623N01140011EA007150086600000340580828
B1054514547626N01140015EA007170086900000340500828
B1054524547628N01140020EA007180087000000230490806
B1054534547631N01140024EA007180086800000230480806
B1054544547634N01140031EA007170086600000370520806
B1054554547637N01140039EA007150086400000370560806
B1054564547639N01140046EA007130086300000390630806
B1054574547641N01140053EA007120086300000390700806
B1054584547643N01140060EA007120086300000320670806
B1054594547646N01140066EA007120086300000320640806
B1055004547649N01140073EA007120086200000360600786
B1055014547652N01140079EA007110086200000360560786
B1055024547654N01140086EA007110086200000340620786
B1055034547655N01140093EA007110086200000340680786
B1055044547658N01140099EA007110086200000350660786
B1055054547660N01140106EA007110086200000350640786
B1055064547663N01140113EA007120086200000360630812
B1055074547665N01140121EA007110086200000360620810
B1055084547667N01140128EA007110086100000340680810
B1055094547668N01140135EA007110086100000340740810
B1055104547669N01140142EA007110086100000320740810
B1055114547671N01140148EA007100086000000320740810
B1055124547673N01140155EA007100086000000340740810
B1055134547675N01140162EA007100086000000320680810
B1055144547676N01140168EA007100086000000300680797
B1055154547678N01140174EA007100085900000300680797
B1055164547679N01140181EA007100085900000300740797
B1055174547679N01140188EA007090085700000300800797
B1055184547679N01140195EA007080085600000340850797
B1055194547680N01140202EA007070085500000340900797
B1055204547680N01140209EA007070085500000290890797
B1055214547680N01140215EA007070085600000290880797
B1055224547680N01140220EA007080085700000250880783
B1055234547680N01140226EA007080085700000250880783
B1055244547679N01140231EA007080085700000250990783
B1055254547676N01140235EA007080085700000251100783
B1055264547672N01140238EA007080085700000301380783
B1055274547667N01140238EA007080085700000301660783
B1055284547663N01140237EA007090085800000281780783
B1055294547660N01140236EA007110086100000281900753
B1055304547656N01140234EA007130086300000231970753
B1055314547652N01140232EA007150086400000232040753
B1055324547648N01140226EA007150086200000362160753
B1055334547645N01140219EA007160086200000362280753
B1055344547644N01140210EA007160086300000432460774
B1055354547645N01140201EA007180086500000412660774
B1055364547649N01140194EA007190086700000412900774
B1055374547654N01140190EA007210086900000413120774
B1055384547660N01140186EA007220087000000443260774
B1055394547667N01140184EA007230086900000443400797
B1055404547673N01140184EA007240087000000443520797
B1055414547680N01140187EA007250087000000440040797
B1055424547685N01140191EA007250087000000420170797
B1055434547690N01140197EA007250087100000420300797
B1055444547693N01140203EA007260087200000340450797
B1055454547694N01140209EA007280087400000340600797
B1055464547695N01140214EA007290087600000240700797
B1055474547695N01140219EA007310087700000240800783
B1055484547694N01140223EA007320087800000200940783
B1055494547691N01140226EA007330087900000201080783
B1055504547688N01140227EA007330087900000241370783
B1055514547684N01140228EA007330087900000241660783
B1055524547679N01140227EA007330087900000291750783
B1055534547675N01140227EA007330088000000291840783
B1055544547671N01140226EA007340088000000291860783
B1055554547667N01140225EA007340088100000291880783
B1055564547662N01140224EA007350088200000261900783
B1055574547659N01140222EA007360088300000261920753
B1055584547655N01140220EA007370088400000262000753
B1055594547652N01140216EA007380088500000262080774
B1056004547648N01140211EA007380088500000332200774
B1056014547646N01140204EA007380088500000332320774
B1056024547645N01140195EA007380088500000442480774
B1056034547646N01140185EA007380088500000472640774
B1056044547649N01140176EA007390088700000462820774
B1056054547654N01140170EA007410089000000463020774
B1056064547660N01140166EA007430089100000413200772
B1056074547666N01140164EA007450089300000413380810
B1056084547671N01140164EA007470089500000393500810
B1056094547677N01140166EA007490089700000390020810
B1056104547681N01140171EA007500089900000350230797
B1056114547683N01140177EA007520090100000350440797
B1056124547684N01140184EA007530090200000310670797
B1056134547683N01140190EA007550090400000310900797
B1056144547680N01140193EA007570090700000251150797
B1056154547677N01140195EA007590090900000251400797
B1056164547673N01140194EA007600091100000221660797
B1056174547670N01140192EA007620091300000221920797
B1056184547667N01140189EA007630091400000262060797
B1056194547664N01140184EA007640091300000262200797
B1056204547661N01140178EA007640091200000352290797
B1056214547659N01140170EA007630091200000422380774
B1056224547658N01140160EA007630091200000482520772
B1056234547660N01140150EA007630091100000502680772
B1056244547665N01140141EA007630091100000512880810
B1056254547671N01140136EA007630091200000513140810
B1056264547678N01140133EA007640091300000473300810
B1056274547684N01140131EA007640091400000473460810
B1056284547690N01140131EA007660091500000393550810
B1056294547696N01140133EA007670091600000390040810
B1056304547702N01140137EA007670091700000410150810
B1056314547706N01140142EA007690091800000410260810
B1056324547709N01140149EA007700092000000360450810
B1056334547710N01140155EA007720092200000360640810
B1056344547709N01140160EA007740092400000250820810
B1056354547708N01140165EA007760092600000251000810
B1056364547706N01140167EA007770092800000161160797
B1056374547703N01140169EA007780092800000161300797
B1056384547700N01140171EA007790092900000251440797
B1056394547696N01140173EA007790092900000251580797
B1056404547692N01140174EA007810093000000251610797
B1056414547689N01140175EA007820093300000251640797
B1056424547686N01140174EA007840093500000201790797
B1056434547683N01140171EA007850093600000201940797
B1056444547680N01140167EA007860093700000302120797
B1056454547677N01140160EA007870093600000302300810
B1056464547675N01140153EA007870093600000392400810
B1056474547675N01140143EA007880093800000452500810
B1056484547676N01140133EA007900093900000472660810
B1056494547678N01140124EA007910094100000482800810
B1056504547683N01140116EA007920094100000482980812
B1056514547688N01140110EA007930094100000483120812
B1056524547695N01140106EA007930094100000453260812
B1056534547701N01140104EA007930094100000453400812
B1056544547707N01140105EA007930094100000423530812
B1056554547713N01140108EA007930094100000420060852
B1056564547719N01140112EA007930094100000410180852
B1056574547723N01140117EA007940094200000410300846
B1056584547726N01140123EA007950094400000340450846
B1056594547727N01140129EA007960094600000340600846
B1057004547727N01140135EA007980094800000250760846
B1057014547726N01140139EA008000095100000250920846
B1057024547725N01140141EA008030095400000121060846
B1057034547724N01140142EA008050095600000121200846
B1057044547722N01140144EA008060095700000141390846
B1057054547719N01140144EA008070095800000141580846
B1057064547715N01140143EA008070095800000261750846
B1057074547711N01140141EA008070095700000261920846
B1057084547707N01140138EA008070095800000312040810
B1057094547704N01140133EA008080096000000312160810
B1057104547703N01140126EA008100096100000332390810
B1057114547703N01140118EA008100096200000402620810
B1057124547704N01140109EA008110096200000442700812
B1057134547705N01140099EA008110096300000472720812
B1057144547708N01140090EA008120096500000472820812
B1057154547713N01140083EA008140096700000473020852
B1057164547720N01140080EA008140096700000473220852
B1057174547727N01140078EA008150096700000473420852
B1057184547733N01140078EA008150096700000443510852
B1057194547740N01140079EA008160096800000440000852
B1057204547746N01140082EA008160096900000400120852
B1057214547750N01140087EA008170097000000400240852
B1057224547754N01140092EA008180097100000340400852
B1057234547755N01140098EA008190097200000340560852
B1057244547756N01140104EA008210097400000260670852
B1057254547756N01140109EA008220097600000260780852
B1057264547756N01140113EA008240097800000200850852
B1057274547755N01140117EA008250098000000200920846
B1057284547754N01140120EA008260098100000141050846
B1057294547752N01140122EA008270098000000141180846
B1057304547750N01140123EA008260097900000161440846
B1057314547747N01140123EA008260097800000161700846
B1057324547743N01140122EA008240097700000251820846
B1057334547739N01140119EA008230097600000251940846
B1057344547734N01140117EA008220097400000321990846
B1057354547730N01140113EA008210097300000322040852
B1057364547726N01140110EA008200097200000342040852
B1057374547721N01140106EA008200097300000342080852
B1057384547717N01140102EA008200097300000322110852
B1057394547713N01140098EA008200097300000322140852
B1057404547709N01140094EA008200097300000322140812
B1057414547705N01140090EA008200097300000322140812
B1057424547701N01140086EA008200097300000312170812
B1057434547698N01140081EA008190097200000312200812
B1057444547695N01140076EA008190097100000282260812
B1057454547692N01140071EA008180096900000282320812
B1057464547689N01140066EA008150096600000332290821
B1057474547685N01140061EA008130096300000332260821
B1057484547682N01140056EA008110096100000322220821
B1057494547678N01140052EA008090095900000322180821
B1057504547674N01140048EA008060095700000332160821
B1057514547670N01140044EA008040095400000332140821
B1057524547665N01140039EA008020095200000342140821
B1057534547661N01140036EA008000095000000342140821
B1057544547657N01140033EA007980094800000302100806
B1057554547653N01140029EA007960094600000302060806
B1057564547650N01140025EA007950094500000302140806
B1057574547646N01140020EA007930094300000302220806
B1057584547642N01140015EA007910094100000342230828
B1057594547639N01140010EA007900093900000342240828
B1058004547635N01140005EA007880093700000342230828
B1058014547631N01140000EA007870093600000342220828
B1058024547628N01139995EA007860093500000332240828
B1058034547624N01139990EA007840093400000332260828
B1058044547620N01139986EA007830093200000322200828
B1058054547616N01139981EA007810092900000322140828
B1058064547611N01139976EA007780092600000372170828
B1058074547607N01139971EA007760092400000372200818
B1058084547603N01139965EA007750092300000362210841
B1058094547599N01139960EA007750092300000362220841
B1058104547596N01139955EA007750092400000322220841
B1058114547592N01139951EA007750092400000322220841
B1058124547589N01139945EA007740092300000352250841
B1058134547585N01139939EA007740092300000352280841
B1058144547581N01139932EA007740092300000402270841
B1058154547577N01139927EA007740092300000402260841
B1058164547573N01139921EA007740092400000342250841
B1058174547570N01139916EA007750092400000342240844
B1058184547567N01139910EA007750092400000352260844
B1058194547563N01139904EA007750092400000352280844
B1058204547560N01139898EA007750092400000342310824
B1058214547557N01139892EA007750092500000342340824
B1058224547555N01139887EA007760092600000302370824
B1058234547553N01139881EA007770092600000302400824
B1058244547550N01139876EA007770092700000292340824
B1058254547547N01139871EA007780092700000292280824
B1058264547545N01139865EA007780092700000342350836
B1058274547543N01139858EA007780092700000342420836
B1058284547541N01139851EA007780092700000362450836
B1058294547539N01139844EA007780092800000362480836
B1058304547537N01139837EA007780092800000342480836
B1058314547536N01139830EA007780092800000342480836
B1058324547534N01139823EA007780092700000352500836
B1058334547532N01139815EA007780092700000372520846
B1058344547529N01139809EA007780092800000372440846
B1058354547526N01139803EA007780092900000372360846
B1058374547521N01139792EA007810093300000342300846
B1058384547520N01139784EA007820093500000392460846
B1058394547520N01139775EA007830093600000412640846
B1058404547520N01139766EA007840093700000392720850
B1058414547520N01139758EA007850093800000372720850
B1058424547520N01139750EA007860093900000362700850
B1058434547520N01139742EA007870093900000382680850
B1058444547519N01139734EA007870093900000382660850
B1058454547517N01139727EA007880094100000382580850
B1058464547514N01139722EA007890094200000292400850
B1058474547510N01139719EA007900094300000292220821
B1058484547506N01139717EA007910094400000272100821
B1058494547502N01139715EA007920094500000271980808
B1058504547499N01139712EA007930094600000282060808
B1058514547496N01139707EA007930094500000282140808
B1058524547495N01139701EA007940094600000312350808
B1058534547494N01139694EA007940094600000312560808
B1058544547495N01139685EA007940094700000412660808
B1058554547498N01139676EA007950094800000452820808
B1058564547502N01139668EA007950094900000472940808
B1058574547507N01139662EA007970095000000473080794
B1058584547514N01139660EA007980095200000463290829
B1058594547521N01139661EA007990095300000463500829
B1059004547527N01139664EA008000095400000430090829
B1059014547531N01139670EA008000095400000430280842
B1059024547533N01139676EA008010095400000330470842
B1059034547533N01139682EA008010095600000330660842
B1059044547532N01139687EA008020095700000230940842
B1059054547529N01139689EA008030095900000231220842
B1059064547525N01139688EA008050096000000251570842
B1059074547521N01139685EA008050096100000251920842
B1059084547518N01139679EA008060096100000332130842
B1059094547517N01139672EA008080096200000332340842
B1059104547517N01139664EA008080096400000392560829
B1059114547520N01139656EA008090096500000442780829
B1059124547525N01139649EA008100096500000482990829
B1059134547531N01139644EA008100096500000483200829
B1059144547537N01139642EA008100096500000443340829
B1059154547544N01139641EA008100096400000443480829
B1059164547550N01139644EA008090096200000430050829
B1059174547556N01139650EA008080096000000430220829
B1059184547560N01139657EA008070096000000460370829
B1059194547563N01139665EA008060095900000460520848
B1059204547564N01139673EA008070096000000360650861
B1059214547564N01139679EA008070096100000360780861
B1059224547563N01139684EA008080096300000260960861
B1059234547560N01139688EA008090096400000261140842
B1059244547557N01139690EA008100096500000221370842
B1059254547554N01139690EA008110096600000221600842
B1059264547550N01139689EA008120096600000271790842
B1059274547546N01139685EA008130096600000271980842
B1059284547543N01139680EA008130096700000362140842
B1059294547540N01139673EA008140096700000362300842
B1059304547538N01139665EA008150096800000372420829
B1059314547537N01139658EA008160097000000372540829
B1059324547538N01139650EA008170097100000372680829
B1059334547540N01139643EA008180097200000372820829
B1059344547544N01139635EA008190097200000442960829
B1059354547550N01139629EA008190097200000443100829
B1059364547556N01139624EA008190097200000473100829
B1059374547563N01139622EA008180097100000493380848
B1059384547570N01139623EA008170096900000513530848
B1059394547577N01139628EA008160096800000510080848
B1059404547583N01139634EA008150096700000460270848
B1059414547586N01139642EA008130096500000460460848
B1059424547587N01139650EA008120096300000360640848
B1059434547587N01139657EA008110096200000360820848
B1059444547585N01139663EA008100096200000301040848
B1059454547581N01139667EA008090096200000301260861
B1059464547577N01139671EA008090096200000331360861
B1059474547574N01139675EA008100096400000331460861
B1059484547570N01139679EA008120096600000301420861
B1059494547567N01139683EA008130096800000301380861
B1059504547564N01139687EA008150097000000271370861
B1059514547561N01139691EA008160097100000271360861
B1059524547558N01139694EA008170097100000251380842
B1059534547555N01139696EA008180097300000251400842
B1059544547552N01139696EA008190097400000221610842
B1059554547548N01139695EA008200097500000221820842
B1059564547545N01139692EA008210097700000261990842
B1059574547542N01139687EA008220097700000262160842
B1059584547541N01139680EA008230097800000352350842
B1059594547541N01139672EA008230097900000402540842
B1100004547543N01139664EA008230097800000442780829
B1100014547548N01139656EA008230097800000482960829
B1100024547553N01139650EA008230097800000483120829
B1100034547560N01139646EA008230097800000483280829
B1100044547567N01139645EA008230097800000473420848
B1100054547574N01139646EA008230097800000473560848
B1100064547580N01139650EA008230097800000430100848
B1100074547585N01139655EA008220097700000430240848
B1100084547588N01139661EA008220097700000340400848
B1100094547590N01139667EA008220097700000340560861
B1100104547591N01139674EA008220097700000330660861
B1100114547592N01139681EA008230097900000330760861
B1100124547592N01139687EA008240098000000290820861
B1100134547592N01139693EA008250098100000290880861
B1100144547593N01139700EA008260098200000290880861
B1100154547593N01139706EA008270098300000290880861
B1100164547592N01139713EA008270098300000330910861
B1100174547592N01139720EA008280098400000330940878
B1100184547591N01139727EA008290098500000330970878
B1100194547590N01139734EA008300098700000331000878
B1100204547589N01139740EA008310098800000271020878
B1100214547587N01139745EA008320098900000271060878
B1100224547586N01139749EA008330098900000221040878
B1100234547586N01139754EA008330098900000221020878
B1100244547586N01139760EA008320098700000280940878
B1100254547586N01139767EA008310098500000280860866
B1100264547586N01139774EA008300098300000340870866
B1100274547586N01139782EA008290098300000340880866
B1100284547587N01139789EA008290098300000320880866
B1100294547587N01139796EA008290098300000320880866
B1100304547587N01139803EA008290098400000320860866
B1100314547588N01139810EA008290098400000320840866
B1100324547588N01139817EA008290098400000350860854
B1100334547588N01139825EA008300098500000350880854
B1100344547589N01139832EA008300098700000310860854
B1100354547589N01139838EA008310098800000310840854
B1100364547589N01139844EA008320098900000270880854
B1100374547588N01139850EA008320098800000270920854
B1100384547587N01139856EA008320098700000290970854
B1100394547586N01139863EA008320098600000291020854
B1100404547585N01139870EA008310098600000371000844
B1100414547584N01139878EA008310098600000370980844
B1100424547582N01139884EA008330098900000311070844
B1100434547580N01139889EA008350099300000311160844
B1100444547577N01139894EA008380099600000261210844
B1100454547575N01139898EA008410099900000261260844
B1100464547572N01139903EA008430100200000301280844
B1100474547568N01139907EA008460100500000301300844
B1100484547564N01139909EA008490100800000331490844
B1100494547559N01139909EA008520101100000331680824
B1100504547554N01139907EA008550101400000351840824
B1100514547549N01139904EA008580101700000352000824
B1100524547545N01139899EA008600102100000322090824
B1100534547542N01139894EA008640102400000322180824
B1100544547539N01139888EA008660102600000342180824
B1100554547537N01139880EA008690102900000392460824
B1100564547537N01139871EA008710103100000432560824
B1100574547537N01139861EA008720103300000462660836
B1100584547539N01139852EA008740103500000472760836
B1100594547543N01139844EA008770103700000452880836
B1101004547548N01139838EA008790103900000413080836
B1101014547553N01139836EA008800104100000413280836
B1101024547558N01139836EA008810104100000363480836
B1101034547563N01139838EA008820104100000360080854
B1101044547568N01139842EA008820104000000340180854
B1101054547572N01139846EA008820104000000340280854
B1101064547576N01139853EA008810104000000380400854
B1101074547578N01139860EA008810104100000380520854
B1101084547579N01139867EA008830104400000320700844
B1101094547579N01139873EA008860104800000320880844
B1101104547578N01139878EA008890105200000250900844
B1101114547578N01139883EA008930105600000250920844
B1101124547577N01139887EA008960106000000181020844
B1101134547575N01139890EA008990106300000181120844
B1101144547571N01139891EA009020106400000231390844
B1101154547567N01139891EA009030106500000231660844
B1101164547562N01139890EA009040106500000341810844
B1101174547558N01139886EA009060106700000341960824
B1101184547555N01139879EA009080107000000372180824
B1101194547553N01139872EA009100107300000372400824
B1101204547554N01139863EA009120107500000392640836
B1101214547557N01139855EA009140107700000432800836
B1101224547560N01139847EA009160107900000472960836
B1101234547566N01139840EA009170108000000473060854
B1101244547571N01139836EA009190108200000393200854
B1101254547577N01139835EA009210108400000393400854
B1101264547582N01139838EA009220108600000360000854
B1101274547587N01139842EA009240108800000360200854
B1101284547590N01139846EA009270109100000310340854
B1101294547593N01139852EA009290109400000310480854
B1101304547594N01139857EA009320109700000240630854
B1101314547594N01139861EA009340110000000240780854
B1101324547593N01139866EA009370110300000200940854
B1101334547591N01139869EA009390110500000201100844
B1101344547587N01139873EA009400110500000261280844
B1101354547583N01139875EA009410110500000261460844
B1101364547578N01139876EA009410110500000341600844
B1101374547573N01139875EA009420110600000341740844
B1101384547568N01139871EA009440110900000371930844
B1101394547564N01139866EA009460111200000372120854
B1101404547563N01139859EA009490111500000342390854
B1101414547564N01139851EA009510111800000372660854
B1101424547566N01139843EA009520111800000422820854
B1101434547569N01139834EA009520111900000472920854
B1101444547573N01139825EA009530111900000512960854
B1101454547578N01139817EA009530111900000493040854
B1101464547584N01139812EA009530111900000463170866
B1101474547591N01139809EA009530111900000463300866
B1101484547597N01139808EA009530111900000453450866
B1101494547604N01139809EA009540112000000450000866
B1101504547609N01139812EA009550112200000360090866
B1101514547614N01139814EA009570112500000360180877
B1101524547618N01139818EA009590112700000290260869
B1101534547620N01139822EA009610112800000290340869
B1101544547623N01139827EA009620112900000290480869
B1101554547625N01139833EA009630112900000290620869
B1101564547627N01139840EA009640113100000320640869
B1101574547628N01139846EA009660113400000320680869
B1101584547628N01139851EA009690113700000260780869
B1101594547627N01139857EA009710113900000260880869
B1102004547626N01139861EA009730114000000241030869
B1102014547623N01139866EA009750114200000241180869
B1102024547620N01139869EA009760114300000251330856
B1102034547617N01139870EA009780114500000251480856
B1102044547613N01139869EA009790114700000271740856
B1102054547610N01139865EA009810114800000272000854
B1102064547607N01139859EA009820115000000322250854
B1102074547607N01139851EA009840115100000382500854
B1102084547608N01139843EA009850115200000412720854
B1102094547611N01139834EA009870115400000422820869
B1102104547615N01139827EA009890115700000402950869
B1102114547619N01139822EA009910115900000403080869
B1102124547624N01139820EA009930116100000353290869
B1102134547630N01139822EA009940116100000353500869
B1102144547635N01139826EA009950116200000380130869
B1102154547639N01139832EA009960116400000380360869
B1102164547640N01139839EA009980116700000330550869
B1102174547640N01139845EA010010117000000330740869
B1102184547638N01139849EA010040117200000231000869
B1102194547635N01139852EA010060117400000231260869
B1102204547632N01139853EA010080117600000231470869
B1102214547628N01139852EA010090117700000231680869
B1102224547624N01139849EA010110117800000301900869
B1102234547621N01139844EA010120117900000302120869
B1102244547619N01139836EA010140118000000392340869
B1102254547618N01139828EA010160118200000412500869
B1102264547618N01139819EA010180118500000392600869
B1102274547619N01139812EA010200118700000392700877
B1102284547622N01139805EA010220118900000382880877
B1102294547626N01139798EA010230118900000383060877
B1102304547631N01139791EA010240119100000503120877
B1102314547638N01139785EA010240119100000503180877
B1102324547644N01139781EA010250119200000473290877
B1102334547651N01139779EA010270119400000473400877
B1102344547657N01139780EA010290119700000403540877
B1102354547662N01139782EA010310119900000400080862
B1102364547667N01139787EA010340120100000350210862
B1102374547671N01139791EA010360120400000350340862
B1102384547674N01139797EA010380120600000310440862
B1102394547676N01139803EA010400120800000310540862
B1102404547677N01139809EA010420121000000300680862
B1102414547676N01139815EA010440121100000300820862
B1102424547674N01139820EA010450121200000281030866
B1102434547670N01139824EA010460121300000281240866
B1102444547666N01139824EA010470121400000331530866
B1102454547661N01139821EA010480121500000331820866
B1102464547657N01139815EA010500121700000382100877
B1102474547656N01139807EA010510121800000422380877
B1102484547655N01139798EA010520121900000442560877
B1102494547657N01139788EA010530122100000462720877
B1102504547660N01139779EA010550122300000472860877
B1102514547665N01139772EA010560122400000473020862
B1102524547671N01139767EA010570122400000473180862
B1102534547678N01139765EA010580122500000473340859
B1102544547685N01139767EA010590122700000433550862
B1102554547690N01139772EA010610122900000430160862
B1102564547692N01139777EA010630123100000310380862
B1102574547693N01139783EA010650123300000310600862
B1102584547693N01139788EA010670123500000250760862
B1102594547692N01139794EA010680123600000250960862
B1103004547689N01139799EA010690123600000311120862
B1103014547685N01139804EA010700123600000311280862
B1103024547681N01139807EA010710123700000321420862
B1103034547677N01139808EA010720123900000321560862
B1103044547673N01139807EA010740124200000251760862
B1103054547670N01139805EA010760124500000251960862
B1103064547667N01139803EA010780124700000222000862
B1103074547664N01139801EA010810124900000222040862
B1103084547661N01139796EA010830125100000302190862
B1103094547658N01139789EA010850125300000302340877
B1103104547657N01139780EA010860125400000422480877
B1103114547657N01139771EA010880125600000432620877
B1103124547660N01139763EA010890125800000422740872
B1103134547665N01139757EA010910126000000423000859
B1103144547671N01139753EA010920126100000453190859
B1103154547677N01139751EA010930126100000453380859
B1103164547684N01139753EA010940126200000433560859
B1103174547689N01139757EA010950126200000430140859
B1103184547694N01139762EA010960126400000360280859
B1103194547696N01139767EA010970126600000360420862
B1103204547697N01139772EA010990126800000240590862
B1103214547697N01139777EA011000126900000240760862
B1103224547696N01139782EA011010126900000230970862
B1103234547694N01139786EA011020127000000231180862
B1103244547691N01139790EA011030127100000231240862
B1103254547689N01139793EA011050127300000231300862
B1103264547686N01139795EA011070127500000231450862
B1103274547682N01139794EA011090127900000231600862
B1103284547679N01139791EA011110128000000261940862
B1103294547677N01139785EA011110128000000262280862
B1103304547675N01139778EA011120128000000372390862
B1103314547674N01139769EA011130128100000412500862
B1103324547674N01139760EA011150128400000402580859
B1103334547675N01139752EA011170128700000382700859
B1103344547679N01139746EA011190128900000382900859
B1103354547683N01139741EA011210129100000383100859
B1103364547689N01139737EA011230129300000413230859
B1103374547695N01139734EA011250129400000413360859
B1103384547701N01139733EA011260129500000423360859
B1103394547707N01139734EA011270129600000403560859
B1103404547713N01139736EA011280129700000400070860
B1103414547719N01139740EA011290129800000400180860
B1103424547723N01139743EA011310130000000330230860
B1103434547727N01139747EA011320130100000330280860
B1103444547730N01139751EA011330130200000290370860
B1103454547733N01139757EA011340130300000290460860
B1103464547734N01139763EA011350130400000310620860
B1103474547735N01139770EA011360130500000310780874
B1103484547735N01139775EA011370130600000240840874
B1103494547734N01139781EA011380130600000240900874
B1103504547733N01139786EA011380130700000280960874
B1103514547732N01139793EA011390130700000281020874
B1103524547731N01139799EA011390130800000301030874
B1103534547730N01139805EA011410131000000301040874
B1103544547729N01139811EA011420131200000261020874
B1103554547729N01139816EA011440131400000261000874
B1103564547728N01139822EA011450131500000260990887
B1103574547727N01139828EA011460131500000260980887
B1103584547726N01139834EA011460131500000311000887
B1103594547725N01139841EA011460131500000311020887
B1104004547724N01139848EA011460131500000331040887
B1104014547723N01139854EA011460131500000331060887
B1104024547722N01139861EA011470131600000311030887
B1104034547721N01139868EA011470131700000311000886
B1104044547720N01139874EA011480131900000321010886
B1104054547718N01139881EA011490132000000321020886
B1104064547717N01139888EA011500132100000341030886
B1104074547716N01139896EA011510132200000341040886
B1104084547715N01139903EA011530132400000331010886
B1104094547714N01139910EA011540132500000330980886
B1104104547712N01139916EA011550132600000320980886
B1104114547710N01139922EA011560132700000331140858
B1104124547708N01139929EA011570132700000331150858
B1104134547706N01139935EA011580132800000331160858
B1104144547704N01139941EA011590132900000311140858
B1104154547702N01139947EA011600133000000311120858
B1104164547700N01139954EA011610133100000321140858
B1104174547698N01139960EA011620133300000321160858
B1104184547695N01139967EA011640133500000351140840
B1104194547693N01139973EA011660133800000351120840
B1104204547690N01139977EA011690134200000231270840
B1104214547687N01139979EA011730134600000231420840
B1104224547683N01139979EA011750134800000271570840
B1104234547678N01139980EA011780135000000271720840
B1104244547674N01139978EA011810135200000311830840
B1104254547670N01139975EA011840135600000311940840
B1104264547668N01139969EA011870135900000322250840
B1104274547669N01139961EA011890136200000362560858
B1104284547672N01139953EA011920136400000422820858
B1104294547677N01139947EA011940136700000423040858
B1104304547682N01139944EA011970137100000403230858
B1104314547688N01139943EA012010137500000403420858
B1104324547693N01139944EA012040137800000333570858
B1104334547698N01139947EA012070138000000330120858
B1104344547703N01139950EA012090138200000400170858
B1104354547709N01139954EA012110138300000400220858
B1104364547714N01139960EA012130138500000420320874
B1104374547717N01139967EA012160138900000420420853
B1104384547719N01139974EA012180139100000340610853
B1104394547718N01139981EA012210139300000340800853
B1104404547716N01139986EA012230139600000291050853
B1104414547712N01139989EA012250139800000291300853
B1104424547707N01139988EA012270140000000301660840
B1104434547704N01139982EA012280140000000302020840
B1104444547701N01139974EA012280140100000412320840
B1104454547701N01139966EA012310140500000382480858
B1104464547703N01139959EA012340140900000342740858
B1104474547707N01139954EA012380141200000343000858
B1104484547712N01139950EA012400141500000413180874
B1104494547718N01139948EA012430141700000413360874
B1104504547725N01139947EA012460142000000423460874
B1104514547731N01139950EA012480142300000420020874
B1104524547736N01139955EA012510142500000390200874
B1104534547739N01139962EA012530142600000390380874
B1104544547741N01139969EA012540142800000380560853
B1104554547741N01139977EA012560143000000380740853
B1104564547739N01139983EA012590143300000300940853
B1104574547737N01139987EA012610143600000301140853
B1104584547733N01139990EA012630143900000261360853
B1104594547729N01139991EA012650144000000261580853
B1105004547725N01139990EA012670144200000271760853
B1105014547721N01139987EA012690144400000271940853
B1105024547719N01139982EA012710144600000322180853
B1105034547718N01139974EA012730144800000362420853
B1105044547720N01139966EA012750145000000382660874
B1105054547724N01139960EA012780145300000382940874
B1105064547729N01139956EA012810145700000393150874
B1105074547734N01139954EA012840145900000393360874
B1105084547740N01139954EA012870146200000393470874
B1105094547746N01139955EA012900146500000393580874
B1105104547751N01139957EA012920146800000350110874
B1105114547755N01139962EA012950147000000350240874
B1105124547759N01139969EA012970147100000410400853
B1105134547761N01139976EA012990147300000410560890
B1105144547762N01139982EA013010147700000270710890
B1105154547761N01139988EA013040148000000270860890
B1105164547759N01139994EA013060148000000291020853
B1105174547757N01140000EA013060147900000291180853
B1105184547753N01140007EA013060147800000391190853
B1105194547750N01140013EA013060147900000391200853
B1105204547746N01140017EA013070148000000311370850
B1105214547741N01140018EA013070148100000311540850
B1105224547737N01140018EA013070148100000311720850
B1105234547732N01140014EA013070148000000311900853
B1105244547728N01140009EA013070148000000381900853
B1105254547725N01140002EA013070148200000382300853
B1105264547724N01139995EA013090148400000342460853
B1105274547725N01139988EA013120148800000342620853
B1105284547726N01139982EA013150149200000292790853
B1105294547729N01139978EA013190149600000292960853
B1105304547733N01139974EA013220149900000323090853
B1105314547737N01139970EA013250150200000323220853
B1105324547743N01139968EA013280150500000363350853
B1105334547748N01139969EA013300150700000363480853
B1105344547754N01139972EA013320150900000400090853
B1105354547758N01139979EA013340151000000400300853
B1105364547762N01139987EA013350151100000460430890
B1105374547765N01139995EA013380151400000460560890
B1105384547766N01140002EA013400151700000330680890
B1105394547766N01140009EA013420151900000330800890
B1105404547765N01140014EA013430151900000261000890
B1105414547761N01140019EA013430151800000261200884
B1105424547757N01140022EA013430151600000371390850
B1105434547751N01140024EA013420151600000371580850
B1105444547745N01140022EA013410151600000371760850
B1105454547741N01140019EA013420151900000371940850
B1105464547738N01140014EA013440152200000252120853
B1105474547737N01140010EA013460152500000252300853
B1105484547737N01140006EA013480152700000202490853
B1105494547737N01140001EA013490152900000202680853
B1105504547739N01139996EA013510152900000272780853
B1105514547741N01139990EA013520153000000272880853
B1105524547744N01139986EA013530153200000313030853
B1105534547748N01139983EA013540153300000313180853
B1105544547754N01139981EA013550153400000363350853
B1105554547760N01139982EA013560153500000363520853
B1105564547766N01139984EA013570153500000450030890
B1105574547772N01139988EA013570153600000450140890
B1105584547777N01139994EA013590153800000450310890
B1105594547781N01140003EA013600153900000450480890
B1106004547783N01140012EA013620154200000420620890
B1106014547784N01140020EA013640154400000420740884
B1106024547783N01140028EA013660154600000350820884
B1106034547782N01140035EA013670154700000350940884
B1106044547779N01140039EA013680154700000281140884
B1106054547775N01140043EA013680154600000281340884
B1106064547770N01140046EA013670154600000371470884
B1106074547765N01140047EA013670154500000371600884
B1106084547759N01140047EA013670154600000321730850
B1106094547755N01140045EA013670154700000321860850
B1106104547752N01140042EA013680154800000262020850
B1106114547749N01140038EA013680154800000262180850
B1106124547747N01140034EA013690154800000252280850
B1106134547745N01140028EA013680154700000252380850
B1106144547744N01140021EA013680154700000342460850
B1106154547743N01140013EA013680154700000392540853
B1106164547744N01140005EA013680154700000412680853
B1106174547746N01139997EA013690154800000412800853
B1106184547749N01139989EA013700155000000392900853
B1106194547752N01139983EA013720155200000393000853
B1106204547756N01139978EA013740155400000353100853
B1106214547761N01139975EA013750155600000353200890
B1106224547766N01139973EA013770155700000383370890
B1106234547773N01139974EA013780155700000383540890
B1106244547778N01139978EA013780155700000430090890
B1106254547784N01139982EA013780155700000430240890
B1106264547789N01139988EA013790155700000420320890
B1106274547793N01139995EA013780155600000420400890
B1106284547799N01140002EA013780155500000490400890
B1106294547804N01140008EA013770155400000490400890
B1106304547810N01140014EA013770155400000470380890
B1106314547815N01140020EA013770155500000470360910
B1106324547821N01140026EA013780155600000430370910
B1106334547826N01140032EA013780155600000430380910
B1106344547831N01140038EA013780155600000460380910
B1106354547837N01140044EA013790155700000460380910
B1106364547842N01140050EA013800155800000460370910
B1106374547848N01140056EA013800155900000460360910
B1106384547852N01140061EA013810156000000400370910
B1106394547857N01140067EA013820156100000400380908
B1106404547861N01140074EA013830156100000400420928
B1106414547866N01140079EA013830156000000400460928
B1106424547871N01140085EA013820156000000410390928
B1106434547876N01140089EA013820155800000410320928
B1106444547882N01140092EA013800155700000440250928
B1106454547889N01140096EA013790155400000440180928
B1106464547895N01140099EA013770155200000440190928
B1106474547901N01140103EA013750155000000440200928
B1106484547906N01140109EA013730154700000420200928
B1106494547911N01140115EA013710154500000420380944
B1106504547917N01140120EA013690154200000440350954
B1106514547923N01140125EA013660153900000440320954
B1106524547929N01140130EA013640153600000490300954
B1106534547935N01140136EA013610153400000490280954
B1106544547942N01140141EA013590153200000490290954
B1106554547948N01140146EA013570153000000490300954
B1106564547955N01140151EA013550152800000500280954
B1106574547962N01140156EA013530152600000500260966
B1106584547968N01140161EA013510152500000490270966
B1106594547975N01140166EA013500152300000490280966
B1107004547980N01140171EA013480152100000440270974
B1107014547987N01140175EA013460151800000440260974
B1107024547994N01140179EA013430151500000510240974
B1107034548001N01140183EA013410151200000510220974
B1107044548009N01140186EA013380150900000510180974
B1107054548016N01140189EA013360150700000510140994
B1107064548023N01140191EA013340150500000470140994
B1107074548030N01140194EA013320150400000470140994
B1107084548036N01140198EA013310150200000470160994
B1107094548043N01140201EA013290150100000470180994
B1107104548050N01140204EA013270149800000450160994
B1107114548056N01140206EA013250149600000450140994
B1107124548062N01140207EA013230149400000410121001
B1107134548068N01140210EA013210149100000410101001
B1107144548074N01140212EA013180148800000430121001
B1107154548081N01140215EA013160148500000430141001
B1107164548087N01140219EA013130148200000450181010
B1107174548093N01140223EA013100148000000450221010
B1107194548104N01140231EA013080147800000400281010
B1107204548110N01140233EA013070147700000430201038
B1107214548117N01140235EA013060147600000430121038
B1107224548124N01140236EA013050147500000470081038
B1107234548131N01140236EA013050147600000470041038
B1107244548137N01140235EA013050147600000393581038
B1107254548142N01140234EA013060147700000393521038
B1107264548148N01140232EA013060147700000403491038
B1107274548155N01140230EA013050147500000403461038
B1107284548162N01140228EA013030147200000483461043
B1107294548169N01140225EA013010147000000483461043
B1107304548176N01140222EA013000146900000513441043
B1107314548183N01140218EA012990146800000513421043
B1107324548190N01140214EA012990146900000473391038
B1107334548196N01140210EA013000147100000473361038
B1107344548202N01140208EA013010147300000393421038
B1107354548208N01140209EA013020147200000393481038
B1107364548213N01140211EA013010147100000400021034
B1107374548219N01140214EA013010147000000400161034
B1107384548226N01140218EA013000146900000460191034
B1107394548232N01140222EA013000146900000460221034
B1107404548239N01140227EA012990146900000510251034
B1107414548245N01140232EA013000147100000510281034
B1107424548251N01140236EA013030147500000410281034
B1107434548256N01140240EA013060147900000410281034
B1107444548260N01140244EA013090148300000360281014
B1107454548266N01140249EA013120148500000360281014
B1107464548271N01140253EA013140148700000420281014
B1107474548276N01140258EA013160148800000420281014
B1107484548281N01140264EA013170149000000410351014
B1107494548285N01140270EA013190149200000410421024
B1107504548288N01140277EA013210149400000330531024
B1107514548289N01140283EA013240149700000330641024
B1107524548290N01140289EA013260149900000270741024
B1107534548289N01140294EA013280150100000270841024
B1107544548286N01140298EA013300150200000271101024
B1107554548282N01140300EA013310150400000271361024
B1107564548277N01140300EA013330150600000331631024
B1107574548273N01140295EA013340150800000331901024
B1107584548270N01140288EA013370151100000392201024
B1107594548269N01140280EA013390151400000432461024
B1108004548269N01140270EA013410151600000442641024
B1108014548272N01140261EA013430151800000452781014
B1108024548276N01140253EA013450152000000472921014
B1108034548281N01140245EA013460152200000503081014
B1108044548287N01140240EA013480152400000513191014
B1108054548294N01140236EA013490152500000513301014
B1108064548301N01140233EA013510152700000463401014
B1108074548308N01140233EA013520152900000463481014
B1108084548314N01140235EA013540153100000410011002
B1108094548320N01140238EA013560153200000410141002
B1108104548326N01140243EA013580153500000420221002
B1108114548331N01140249EA013600153700000420301002
B1108124548335N01140256EA013610153900000420411002
B1108134548338N01140263EA013630154100000420521002
B1108144548339N01140271EA013660154400000350680999
B1108154548337N01140277EA013680154700000350840999
B1108164548334N01140281EA013710154900000261150999
B1108174548330N01140282EA013730155100000261460999
B1108184548327N01140280EA013750155400000271760999
B1108194548323N01140276EA013780155600000272060999
B1108204548321N01140270EA013800155800000332280999
B1108214548321N01140263EA013810155800000332501002
B1108224548323N01140254EA013820155900000432721002
B1108234548328N01140247EA013820155900000432961002
B1108244548335N01140242EA013830155900000523171002
B1108254548342N01140241EA013840156100000523381002
B1108264548349N01140244EA013850156400000460001002
B1108274548354N01140250EA013870156600000460221002
B1108284548357N01140257EA013890156800000370431002
B1108294548358N01140264EA013910157100000370641002
B1108304548359N01140269EA013930157300000240750999
B1108314548358N01140274EA013960157500000240860999
B1108324548357N01140279EA013980157700000250980999
B1108334548355N01140284EA013990157800000251100999
B1108344548351N01140287EA014010157900000301300999
B1108354548347N01140290EA014020158100000301500999
B1108364548342N01140290EA014040158400000311620999
B1108374548338N01140290EA014060158600000311740999
B1108384548334N01140288EA014080158800000281870999
B1108394548330N01140285EA014110159100000282000999
B1108404548326N01140280EA014130159200000332110999
B1108414548323N01140274EA014140159400000332220999
B1108424548321N01140266EA014160159600000412401002
B1108434548321N01140256EA014180159800000442581002
B1108444548323N01140247EA014200160000000452741002
B1108454548326N01140238EA014220160200000442881002
B1108464548330N01140231EA014240160400000442981002
B1108474548334N01140225EA014260160600000443081002
B1108484548340N01140221EA014270160700000423211002
B1108494548346N01140218EA014270160700000423341002
B1108504548353N01140217EA014280160700000463451002
B1108514548360N01140218EA014280160800000463560980
B1108524548366N01140220EA014290160800000430070980
B1108534548372N01140224EA014290160900000430180980
B1108544548377N01140230EA014300161000000420280980
B1108554548382N01140236EA014310161100000420380980
B1108564548385N01140243EA014320161200000420460980
B1108574548388N01140251EA014330161300000420540980
B1108584548390N01140259EA014340161500000370650980
B1108594548390N01140266EA014360161700000370760980
B1109004548389N01140273EA014370161900000310930984
B1109014548386N01140278EA014390162100000311100984
B1109024548383N01140281EA014410162400000261280984
B1109034548379N01140283EA014440162700000261460984
B1109044548376N01140284EA014470163000000231590984
B1109054548372N01140284EA014490163200000231720984
B1109064548368N01140282EA014500163300000301860984
B1109074548364N01140278EA014520163400000302000984
B1109084548362N01140272EA014530163500000322240984
B1109094548362N01140265EA014540163600000322480980
B1109104548363N01140258EA014550163600000362690980
B1109114548366N01140251EA014560163600000362900980
B1109124548370N01140245EA014560163700000403020980
B1109134548375N01140240EA014570163800000403140980
B1109144548380N01140236EA014570163800000403260980
B1109154548386N01140234EA014570163800000403380980
B1109164548393N01140234EA014580163800000453500980
B1109174548400N01140235EA014580163900000450020980
B1109184548406N01140238EA014590164000000440090980
B1109194548412N01140241EA014600164100000440160972
B1109204548418N01140244EA014620164300000400190972
B1109214548423N01140248EA014630164400000400220972
B1109224548428N01140252EA014640164500000380290972
B1109234548432N01140258EA014650164600000380360972
B1109244548435N01140266EA014660164600000390490972
B1109254548437N01140273EA014660164700000390620988
B1109264548438N01140281EA014670164700000340740988
B1109274548436N01140287EA014670164700000340860988
B1109284548434N01140293EA014680164800000330860988
B1109294548430N01140299EA014680164900000331220988
B1109304548427N01140303EA014690165100000291330988
B1109314548423N01140305EA014710165300000291440988
B1109324548420N01140306EA014730165600000271590988
B1109334548415N01140305EA014750165800000271740988
B1109344548411N01140302EA014780166000000301930988
B1109354548408N01140297EA014800166300000302120984
B1109364548406N01140291EA014820166500000312300984
B1109374548405N01140285EA014840166700000312480984
B1109384548405N01140278EA014860167000000342590984
B1109394548406N01140271EA014880167200000342700984
B1109404548408N01140264EA014900167300000342850980
B1109414548412N01140259EA014910167400000343000972
B1109424548417N01140254EA014920167500000403150972
B1109434548423N01140251EA014920167500000403300972
B1109444548430N01140250EA014920167500000463430972
B1109454548436N01140251EA014930167600000463560972
B1109464548442N01140254EA014940167600000410090972
B1109474548447N01140259EA014940167700000410220972
B1109484548450N01140265EA014940167700000360400972
B1109494548452N01140273EA014940167700000360580988
B1109504548453N01140281EA014940167600000370720988
B1109514548453N01140288EA014940167600000370860988
B1109524548451N01140296EA014940167600000370970988
B1109534548449N01140303EA014950167700000371080988
B1109544548445N01140308EA014960167800000341200988
B1109554548441N01140313EA014960167800000341320988
B1109564548436N01140314EA014950167700000351520988
B1109574548431N01140313EA014950167600000351720988
B1109584548427N01140309EA014950167700000321970988
B1109594548425N01140303EA014950167800000322220988
B1110004548424N01140298EA014960167800000262400988
B1110014548424N01140292EA014960167900000262580988
B1110024548425N01140286EA014970167900000302730988
B1110034548427N01140280EA014970167900000302880988
B1110044548430N01140274EA014960167800000323000988
B1110054548434N01140269EA014960167800000323080988
B1110064548437N01140263EA014960167800000333070972
B1110074548440N01140257EA014960167800000333060972
B1110084548444N01140251EA014960167800000383100972
B1110094548448N01140246EA014960167800000383140972
B1110104548453N01140240EA014950167700000413150972
B1110114548457N01140233EA014950167700000413160972
B1110124548462N01140228EA014940167600000433180961
B1110134548468N01140222EA014940167500000433200961
B1110144548473N01140216EA014930167500000463220955
B1110154548479N01140210EA014930167400000463240955
B1110164548484N01140203EA014920167400000473210955
B1110174548489N01140197EA014920167400000473180955
B1110184548494N01140192EA014920167400000403200955
B1110194548499N01140187EA014930167500000403220955
B1110204548504N01140182EA014940167600000403240955
B1110214548510N01140178EA014940167700000403260948
B1110224548516N01140174EA014960167900000433330948
B1110234548522N01140172EA014970168000000433400948
B1110244548528N01140173EA014990168200000403530948
B1110254548534N01140175EA015000168300000400060948
B1110264548539N01140180EA015010168500000390220948
B1110274548543N01140187EA015020168500000390380948
B1110284548546N01140194EA015030168600000410510948
B1110294548547N01140202EA015050168800000410640948
B1110304548547N01140209EA015060169000000330810948
B1110314548545N01140215EA015080169100000330980948
B1110324548542N01140219EA015090169200000281210955
B1110334548538N01140221EA015090169200000281440955
B1110344548533N01140221EA015100169200000311680955
B1110354548529N01140217EA015100169300000311920955
B1110364548526N01140211EA015100169300000352160948
B1110374548525N01140204EA015100169300000352400948
B1110384548525N01140195EA015100169300000412600948
B1110394548527N01140186EA015100169300000422760948
B1110404548530N01140178EA015110169300000432900948
B1110414548535N01140172EA015110169400000433020948
B1110424548540N01140167EA015120169500000433160948
B1110434548546N01140164EA015130169600000433300952
B1110444548552N01140162EA015140169700000413410952
B1110454548558N01140163EA015150169900000413520952
B1110464548564N01140165EA015160170000000400050948
B1110474548570N01140168EA015170170000000400180939
B1110484548574N01140173EA015180170100000400280939
B1110494548579N01140180EA015180170200000400380939
B1110504548583N01140187EA015190170300000410470939
B1110514548585N01140195EA015200170300000410560939
B1110524548585N01140202EA015200170400000340750939
B1110534548583N01140208EA015210170400000340940939
B1110544548580N01140214EA015210170400000311130939
B1110554548577N01140218EA015210170400000311320946
B1110564548573N01140220EA015220170500000291460946
B1110574548568N01140221EA015230170600000291600946
B1110584548565N01140218EA015230170700000291870946
B1110594548562N01140213EA015240170700000292140939
B1111004548560N01140205EA015240170700000372380939
B1111014548561N01140197EA015240170700000422600939
B1111024548564N01140188EA015240170700000452780939
B1111034548569N01140181EA015240170800000453000939
B1111044548575N01140176EA015250170900000443140939
B1111054548580N01140173EA015260171100000443280939
B1111064548585N01140170EA015270171300000363360939
B1111074548591N01140169EA015280171300000363440939
B1111084548597N01140170EA015280171200000463550939
B1111094548604N01140173EA015280171100000460060939
B1111104548610N01140178EA015280171100000470210940
B1111114548614N01140185EA015280171300000470360940
B1111124548616N01140193EA015290171400000370550940
B1111134548617N01140200EA015300171400000370740940
B1111144548615N01140206EA015310171500000300910940
B1111154548613N01140211EA015320171500000301080940
B1111164548609N01140214EA015320171600000281310939
B1111174548605N01140215EA015320171600000281540939
B1111184548601N01140214EA015320171600000281740939
B1111194548597N01140211EA015330171700000281940939
B1111204548594N01140206EA015330171800000322170939
B1111214548593N01140198EA015340171700000372400939
B1111224548593N01140190EA015330171700000412620939
B1111234548595N01140181EA015340171700000432780939
B1111244548599N01140173EA015340171700000442900939
B1111254548603N01140166EA015350171900000443020948
B1111264548609N01140161EA015360172100000463140948
B1111274548615N01140157EA015370172200000463260941
B1111284548622N01140156EA015380172200000443410941
B1111294548628N01140157EA015390172300000443560941
B1111304548634N01140161EA015400172400000420110941
B1111314548639N01140166EA015400172500000420260941
B1111324548643N01140172EA015410172600000390420940
B1111334548645N01140180EA015420172700000390580940
B1111344548645N01140187EA015430172800000330760940
B1111354548643N01140193EA015440172900000330940940
B1111364548640N01140198EA015440172800000300940940
B1111374548637N01140202EA015440172900000281340940
B1111384548633N01140203EA015450172900000271530940
B1111394548629N01140202EA015460173100000271720940
B1111404548626N01140198EA015470173200000281980940
B1111414548623N01140193EA015480173300000282240940
B1111424548622N01140187EA015490173300000312380940
B1111434548621N01140180EA015500173400000312520940
B1111444548622N01140172EA015510173500000392620940
B1111454548624N01140164EA015510173600000412800941
B1111464548629N01140157EA015520173600000452980941
B1111474548635N01140152EA015520173600000453160941
B1111484548641N01140149EA015520173700000433300941
B1111494548647N01140148EA015530173700000433440941
B1111504548653N01140148EA015530173600000443550941
B1111514548660N01140151EA015520173500000440060937
B1111524548665N01140156EA015520173500000440200937
B1111534548670N01140162EA015520173600000440340937
B1111544548674N01140168EA015530173700000380430938
B1111554548677N01140174EA015540173900000380520938
B1111564548679N01140181EA015550173900000320610938
B1111574548680N01140188EA015560174000000320700938
B1111584548679N01140196EA015560173900000380830938
B1111594548678N01140204EA015560173900000380960938
B1112004548675N01140211EA015570173900000361110938
B1112014548671N01140215EA015580174100000361260938
B1112024548667N01140217EA015590174300000281460950
B1112034548664N01140217EA015610174500000281660950
B1112044548661N01140216EA015620174700000191810938
B1112054548658N01140214EA015630174800000191960940
B1112064548655N01140211EA015640174800000242090940
B1112074548652N01140206EA015630174500000242220940
B1112084548650N01140199EA015620174400000362350940
B1112094548649N01140190EA015610174200000412480940
B1112104548650N01140181EA015600174200000422640940
B1112114548652N01140173EA015600174200000422780940
B1112124548656N01140166EA015610174400000402960941
B1112134548661N01140162EA015620174500000403140937
B1112144548666N01140159EA015630174700000383270937
B1112154548672N01140156EA015640174800000383400937
B1112164548677N01140156EA015650174700000373470937
B1112174548683N01140156EA015650174700000373540937
B1112184548689N01140158EA015650174600000380050937
B1112194548694N01140162EA015640174500000380160937
B1112204548700N01140168EA015640174500000470280938
B1112214548704N01140176EA015640174500000470400938
B1112224548707N01140185EA015640174600000460560938
B1112234548709N01140194EA015650174800000400680938
B1112244548709N01140201EA015670175000000350770938
B1112254548709N01140209EA015680175200000350860938
B1112264548707N01140216EA015700175200000350980938
B1112274548705N01140223EA015700175200000351100950
B1112284548702N01140228EA015710175300000301220950
B1112294548698N01140231EA015720175400000301340950
B1112304548695N01140233EA015730175500000231490950
B1112314548691N01140233EA015740175600000231640950
B1112324548687N01140232EA015740175500000271790950
B1112334548683N01140229EA015740175400000271940950
B1112344548679N01140224EA015730175300000332090950
B1112354548677N01140218EA015720175200000332240950
B1112364548675N01140211EA015720175200000362430938
B1112374548677N01140203EA015710175100000382620938
B1112384548681N01140196EA015710175100000422900938
B1112394548687N01140192EA015700175100000423160938
B1112404548693N01140191EA015710175200000423370938
B1112414548699N01140191EA015710175400000423580938
B1112424548704N01140194EA015720175400000360090938
B1112434548709N01140198EA015720175500000360200938
B1112444548714N01140204EA015720175400000430320939
B1112454548718N01140212EA015710175200000430440939
B1112464548720N01140220EA015700175100000430580950
B1112474548721N01140229EA015700175200000380720950
B1112484548722N01140236EA015700175300000350780950
B1112494548723N01140244EA015710175400000350840950
B1112504548724N01140252EA015720175500000400770950
B1112514548727N01140261EA015720175400000440700950
B1112524548729N01140269EA015720175400000430720970
B1112534548729N01140278EA015720175500000400740970
B1112544548730N01140286EA015720175500000380800970
B1112554548731N01140295EA015730175600000380860970
B1112564548732N01140303EA015720175500000410790970
B1112574548735N01140312EA015710175300000440720970
B1112584548737N01140321EA015690175000000460660988
B1112594548739N01140331EA015670174800000460680988
B1113004548741N01140340EA015650174500000450720988
B1113014548742N01140350EA015630174300000460760988
B1113024548744N01140360EA015600174000000490780988
B1113034548747N01140371EA015580173700000520741012
B1113044548749N01140381EA015560173500000510701012
B1113054548750N01140391EA015540173400000480721012
B1113064548751N01140402EA015530173300000460781012
B1113074548751N01140412EA015520173200000460881012
B1113084548751N01140422EA015500173000000470921033
B1113094548752N01140433EA015480172800000510881033
B1113104548753N01140443EA015470172600000510821033
B1113114548755N01140454EA015460172600000470781033
B1113124548755N01140463EA015460172700000410801033
B1113134548756N01140471EA015460172800000410841055
B1113144548756N01140480EA015450172700000400881055
B1113154548757N01140489EA015450172600000440841055
B1113164548759N01140499EA015430172300000460781055
B1113174548760N01140509EA015420172200000460781054
B1113184548760N01140518EA015410172100000440821068
B1113194548760N01140527EA015400172000000410861068
B1113204548759N01140536EA015390171900000400941070
B1113214548759N01140544EA015380171800000400961070
B1113224548758N01140553EA015370171700000400941070
B1113234548758N01140562EA015360171600000420941070
B1113244548756N01140571EA015350171400000430941076
B1113254548755N01140580EA015330171300000431001076
B1113264548753N01140589EA015320171200000431061076
B1113274548751N01140597EA015310171100000431081076
B1113284548749N01140606EA015300171000000411061076
B1113294548748N01140615EA015290171000000411041076
B1113304548746N01140623EA015280170800000421041084
B1113314548744N01140632EA015260170700000431041084
B1113324548742N01140641EA015250170500000431081084
B1113334548740N01140650EA015230170400000421101084
B1113344548738N01140658EA015220170200000411081084
B1113354548736N01140666EA015210170100000411061084
B1113364548734N01140675EA015200170000000421061092
B1113374548732N01140684EA015180169800000431061092
B1113384548730N01140693EA015160169600000441081092
B1113394548727N01140701EA015150169400000441101092
B1113404548725N01140710EA015130169200000421121092
B1113414548723N01140718EA015120169100000421121081
B1113424548720N01140726EA015100168900000421111081
B1113434548718N01140735EA015080168800000431101081
B1113444548715N01140743EA015070168700000421111081
B1113454548713N01140751EA015060168600000421121081
B1113464548711N01140759EA015040168500000391111081
B1113474548708N01140767EA015030168400000391101057
B1113484548706N01140776EA015020168200000421101057
B1113494548704N01140785EA015000168100000441081057
B1113504548703N01140794EA014990167900000441061057
B1113514548702N01140803EA014980167800000431001057
B1113524548701N01140812EA014970167700000430981057
B1113534548700N01140821EA014950167600000430961033
B1113544548699N01140830EA014940167500000420981033
B1113554548697N01140839EA014930167400000431001033
B1113564548696N01140848EA014920167300000431001033
B1113574548696N01140858EA014910167200000440981033
B1113584548695N01140867EA014900167100000450941012
B1113594548695N01140877EA014890166900000450921012
B1114004548695N01140887EA014870166800000450921012
B1114014548694N01140897EA014860166700000460921012
B1114024548694N01140907EA014850166500000450941012
B1114034548694N01140916EA014840166400000450921004
B1114044548694N01140926EA014820166200000440901004
B1114054548693N01140935EA014810166100000430901004
B1114064548693N01140944EA014790165900000420901004
B1114074548692N01140953EA014770165700000430941004
B1114084548692N01140963EA014750165500000440941004
B1114094548692N01140972EA014730165200000450940994
B1114104548691N01140982EA014710165000000460920994
B1114114548691N01140992EA014690164800000450900994
B1114124548691N01141001EA014680164700000430920994
B1114134548690N01141011EA014660164500000430920994
B1114144548689N01141020EA014640164300000440940992
B1114154548689N01141030EA014620164100000450940992
B1114164548688N01141040EA014600163900000450940992
B1114174548688N01141049EA014580163700000450940992
B1114184548687N01141059EA014570163600000440940992
B1114194548687N01141068EA014560163500000430940996
B1114204548686N01141077EA014550163400000430940996
B1114214548686N01141087EA014530163300000440940996
B1114224548685N01141096EA014520163200000440940996
B1114234548685N01141106EA014510163100000450940996
B1114244548684N01141116EA014500163000000440921001
B1114254548684N01141125EA014490163000000430901001
B1114264548684N01141134EA014490162900000430881001
B1114274548684N01141144EA014480162900000420901001
B1114284548684N01141153EA014480162800000410901001
B1114294548684N01141161EA014470162800000410901001
B1114304548684N01141170EA014470162800000410901004
B1114314548684N01141179EA014470162800000410881004
B1114324548684N01141188EA014460162800000400881004
B1114334548685N01141196EA014470162800000400881004
B1114344548685N01141204EA014470162900000350861004
B1114354548686N01141212EA014470162900000350841004
B1114364548686N01141219EA014470162900000350840997
B1114374548687N01141227EA014470162800000350840997
B1114384548687N01141235EA014460162600000380840997
B1114394548688N01141244EA014450162500000400840997
B1114404548689N01141252EA014440162300000400820997
B1114414548690N01141260EA014430162300000400800997
B1114424548691N01141268EA014420162200000370800994
B1114434548692N01141276EA014410162100000370800994
B1114444548692N01141285EA014390161900000420800994
B1114454548694N01141295EA014370161600000440820994
B1114464548695N01141304EA014350161400000430780994
B1114474548698N01141312EA014340161300000430700994
B1114484548701N01141318EA014330161200000360600983
B1114494548705N01141324EA014320161100000360500983
B1114504548708N01141331EA014320161100000370520983
B1114514548711N01141338EA014300160900000370540995
B1114524548715N01141345EA014290160800000410540995
B1114534548719N01141352EA014290160700000410540995
B1114544548722N01141358EA014280160700000370500995
B1114554548726N01141364EA014290160700000370460995
B1114564548729N01141369EA014280160700000340460995
B1114574548733N01141375EA014280160600000360480995
B1114584548737N01141381EA014260160400000390460995
B1114594548742N01141385EA014250160300000390400995
B1115004548748N01141386EA014240160200000380210995
B1115014548754N01141385EA014230160000000380020995
B1115024548759N01141381EA014210159700000443450995
B1115034548764N01141374EA014190159500000443280986
B1115044548768N01141366EA014170159300000433140986
B1115054548769N01141358EA014160159200000422960990
B1115064548769N01141349EA014140159100000392780990
B1115074548767N01141341EA014130159000000372620990
B1115084548765N01141334EA014120158900000372530990
B1115094548763N01141327EA014110158800000372440990
B1115104548762N01141319EA014100158700000372500990
B1115114548761N01141311EA014090158600000382581010
B1115124548761N01141302EA014080158500000402661010
B1115134548761N01141293EA014070158400000412701010
B1115144548762N01141285EA014060158300000392701010
B1115154548762N01141276EA014050158200000382701010
B1115164548762N01141268EA014040158100000362701010
B1115174548764N01141260EA014030158000000392781034
B1115184548765N01141251EA014010157700000432821034
B1115194548767N01141242EA013990157500000442821034
B1115204548768N01141233EA013980157300000432821034
B1115214548770N01141225EA013970157300000382861034
B1115224548772N01141218EA013970157400000302891034
B1115234548774N01141213EA013970157400000302921050
B1115244548777N01141207EA013960157200000362981050
B1115254548781N01141200EA013940156900000363041050
B1115264548786N01141193EA013920156600000453111050
B1115274548791N01141188EA013890156400000453181050
B1115284548796N01141183EA013880156200000393231050
B1115294548801N01141178EA013870156100000393281050
B1115304548806N01141174EA013860156000000383281050
B1115314548811N01141171EA013850155900000383281048
B1115324548817N01141168EA013830155600000423371048
B1115334548824N01141167EA013810155300000423461048
B1115344548831N01141167EA013790155100000433541048
B1115354548836N01141168EA013770154900000430021048
B1115364548842N01141168EA013760154700000350011048
B1115374548847N01141169EA013740154500000350001048
B1115384548853N01141169EA013720154200000400031048
B1115394548860N01141171EA013690153800000400061042
B1115404548867N01141173EA013660153500000480101042
B1115414548873N01141176EA013630153200000480141042
B1115424548880N01141179EA013610153100000450161042
B1115434548886N01141182EA013600153100000450181042
B1115444548892N01141186EA013590153000000400211042
B1115454548897N01141190EA013580152900000400241042
B1115464548903N01141195EA013570152800000440291042
B1115474548908N01141201EA013550152600000440341042
B1115484548913N01141208EA013540152500000450411033
B1115494548916N01141216EA013520152400000450480999
B1115504548919N01141224EA013510152300000420570999
B1115514548921N01141233EA013500152200000400660999
B1115534548923N01141250EA013480152100000410800999
B1115544548923N01141259EA013480152000000420820999
B1115554548924N01141267EA013470151900000420820947
B1115564548925N01141276EA013470152000000390820947
B1115574548926N01141284EA013470152000000390820947
B1115584548926N01141292EA013470152100000350820947
B1115594548927N01141299EA013470152100000350820947
B1116004548927N01141307EA013470152000000350840947
B1116014548928N01141314EA013460152000000350860947
B1116024548928N01141322EA013460151900000330870900
B1116034548928N01141329EA013450151900000330880900
B1116044548928N01141336EA013450151800000340840900
B1116054548929N01141343EA013450151800000340800900
B1116064548931N01141351EA013440151700000360780900
B1116074548932N01141359EA013420151500000360760900
B1116084548933N01141367EA013410151400000370770856
B1116094548934N01141375EA013390151200000370780856
B1116104548936N01141383EA013380151000000390750856
B1116114548938N01141391EA013360150900000390720856
B1116124548940N01141399EA013350150800000390710856
B1116134548942N01141407EA013340150700000390700856
B1116144548944N01141416EA013330150600000450700828
B1116154548946N01141426EA013310150500000450700828
B1116164548948N01141435EA013310150500000430700828
B1116174548950N01141443EA013300150500000430700828
B1116184548952N01141451EA013300150500000380710828
B1116194548953N01141459EA013290150400000380720828
B1116204548955N01141468EA013270150100000470740789
B1116214548957N01141479EA013250149800000510740789
B1116224548959N01141489EA013230149600000510720789
B1116234548962N01141499EA013220149600000470720741
B1116244548964N01141508EA013220149600000420700741
B1116254548967N01141516EA013230149700000420660711
B1116264548969N01141523EA013230149700000380640711
B1116274548972N01141531EA013220149600000380620711
B1116284548974N01141540EA013200149300000450640711
B1116294548977N01141549EA013180149000000470660711
B1116304548979N01141559EA013160148800000460700711
B1116314548980N01141568EA013150148700000410740667
B1116324548981N01141575EA013140148600000350770667
B1116334548982N01141582EA013130148500000350800667
B1116344548982N01141590EA013120148400000350800667
B1116364548982N01141606EA013100148200000370880667
B1116374548982N01141613EA013100148200000370880667
B1116384548982N01141622EA013090148200000380900674
B1116394548983N01141630EA013090148100000380840674
B1116404548984N01141639EA013080148100000410800674
B1116414548985N01141647EA013080148100000410780674
B1116424548987N01141656EA013080148100000420760674
B1116434548989N01141665EA013070148000000440740674
B1116444548991N01141674EA013070148000000420720697
B1116454548993N01141682EA013060147900000420700697
B1116464548995N01141690EA013060147900000390690697
B1116474548997N01141698EA013050147800000390680697
B1116484548998N01141707EA013040147600000390740697
B1116494548999N01141715EA013020147400000390780697
B1116504549001N01141724EA013000147200000420780694
B1116514549002N01141733EA012990147100000430740694
B1116524549004N01141742EA012970146900000450760694
B1116534549005N01141752EA012950146700000450780694
B1116544549006N01141761EA012940146600000440800694
B1116554549007N01141770EA012930146500000410780702
B1116564549009N01141778EA012920146400000390760702
B1116574549011N01141786EA012910146300000390740629
B1116584549012N01141794EA012890146200000390770629
B1116594549012N01141803EA012870145900000400800629
B1117004549013N01141812EA012860145700000420860629
B1117014549013N01141821EA012840145500000410860629
B1117024549013N01141830EA012830145500000410860629
B1117034549014N01141838EA012820145400000410860629
B1117044549015N01141847EA012810145300000400820629
B1117054549016N01141855EA012800145300000400800629
B1117064549018N01141864EA012790145200000400760629
B1117074549019N01141872EA012780145100000400740627
B1117084549020N01141880EA012780145100000390760627
B1117094549021N01141889EA012770145000000380780627
B1117104549023N01141897EA012760144900000410750627
B1117114549025N01141906EA012750144900000420720627
B1117124549027N01141914EA012740144800000400710627
B1117134549029N01141922EA012740144800000400700641
B1117144549029N01141930EA012730144600000330770641
B1117154549029N01141937EA012720144500000330840641
B1117164549029N01141944EA012700144300000360890641
B1117174549028N01141953EA012680144000000380940641
B1117184549028N01141961EA012660143800000370940641
B1117194549027N01141968EA012650143700000370940616
B1117204549027N01141975EA012640143700000310940616
B1117214549027N01141982EA012640143600000310940616
B1117224549026N01141989EA012630143500000320930616
B1117234549026N01141996EA012620143300000320920616
B1117244549026N01142005EA012600143100000400920616
B1117254549026N01142013EA012580142900000390920616
B1117264549027N01142021EA012570142900000360840567
B1117274549028N01142028EA012570142900000360760567
B1117284549031N01142035EA012560142800000350670567
B1117294549034N01142042EA012550142700000350580567
B1117304549037N01142049EA012540142500000390570567
B1117314549041N01142056EA012530142400000390560567
B1117324549045N01142063EA012510142200000410520567
B1117334549049N01142069EA012500142000000410480527
B1117344549054N01142075EA012480141900000430410527
B1117354549060N01142080EA012470141800000430340488
B1117364549065N01142084EA012460141600000420310488
B1117374549071N01142088EA012450141500000420280488
B1117384549077N01142092EA012430141400000420260488
B1117394549083N01142095EA012420141200000420240488
B1117404549089N01142098EA012410141100000430200488
B1117414549095N01142100EA012390140900000430160488
B1117424549101N01142102EA012380140800000420110488
B1117434549107N01142103EA012370140700000420060488
B1117444549113N01142103EA012360140600000390030436
B1117454549119N01142103EA012340140400000390000436
B1117464549126N01142103EA012320140100000443570436
B1117474549133N01142102EA012290139700000443540436
B1117484549140N01142102EA012260139300000513580436
B1117494549148N01142104EA012230139000000520020436
B1117504549154N01142110EA012200138700000500190436
B1117514549159N01142117EA012180138500000500360405
B1117524549161N01142125EA012170138400000380530350
B1117534549163N01142133EA012160138400000380700350
B1117544549163N01142139EA012150138300000310760350
B1117554549164N01142146EA012140138100000310820350
B1117564549164N01142153EA012120138000000330830350
B1117574549165N01142160EA012100137700000330840350
B1117584549165N01142168EA012080137500000370870329
B1117594549165N01142177EA012060137200000370900329
B1118004549165N01142184EA012030137000000360890329
B1118014549165N01142192EA012010136800000360880329
B1118024549165N01142199EA011990136600000320870329
B1118034549165N01142206EA011970136300000320860329
B1118044549165N01142213EA011950136000000330900329
B1118054549164N01142221EA011910135700000330940319
B1118064549163N01142229EA011880135300000400960319
B1118074549162N01142238EA011850135000000420980319
B1118084549161N01142247EA011830134800000410980319
B1118094549160N01142255EA011810134700000410980319
B1118104549160N01142263EA011800134700000340970319
B1118114549159N01142270EA011790134600000340960316
B1118124549158N01142277EA011780134500000330960316
B1118134549158N01142284EA011760134300000330960316
B1118144549157N01142292EA011740134000000390980316
B1118154549155N01142301EA011710133800000401000316
B1118164549154N01142309EA011700133600000391010316
B1118174549153N01142317EA011690133500000391020320
B1118184549152N01142325EA011680133500000361010320
B1118194549150N01142332EA011660133400000361000320
B1118204549149N01142340EA011650133100000381010320
B1118214549148N01142349EA011620132900000391020320
B1118224549146N01142357EA011600132600000391050320
B1118234549144N01142365EA011570132300000391080328
B1118244549142N01142372EA011550132100000381090328
B1118254549139N01142380EA011530132000000381100328
B1118264549137N01142387EA011510131800000341140328
B1118274549136N01142393EA011490131600000341100328
B1118284549134N01142400EA011470131400000311090328
B1118294549133N01142406EA011450131200000311080328
B1118304549132N01142413EA011440131000000301040328
B1118314549131N01142419EA011420130800000301000316
B1118324549131N01142426EA011400130700000300980316
B1118334549130N01142432EA011380130500000300960316
B1118344549130N01142439EA011370130300000310950316
B1118354549129N01142446EA011350130100000310940316
B1118364549129N01142453EA011330129900000320960316
B1118374549128N01142459EA011320129800000320980316
B1118384549128N01142466EA011300129700000310970302
B1118394549127N01142473EA011290129600000310960302
B1118404549127N01142480EA011270129400000340950302
B1118414549126N01142488EA011260129200000340940302
B1118424549125N01142495EA011240129000000350960302
B1118434549124N01142503EA011220128800000350980302
B1118444549123N01142511EA011210128700000351000302
B1118454549122N01142518EA011200128700000351020266
B1118464549121N01142524EA011200128700000311020266
B1118474549120N01142531EA011200128700000311020266
B1118484549119N01142537EA011190128600000291020266
B1118494549118N01142543EA011190128500000291020266
B1118504549117N01142549EA011180128400000281010266
B1118514549116N01142555EA011170128300000281000266
B1118524549115N01142562EA011150128100000311010266
B1118534549114N01142569EA011140128000000311020226
B1118544549113N01142576EA011120127800000331020226
B1118554549112N01142583EA011110127700000331020226
B1118564549111N01142589EA011100127600000321030226
B1118574549109N01142596EA011090127500000321040273
B1118584549108N01142603EA011080127300000341030273
B1118594549107N01142610EA011070127300000341020273
B1119004549106N01142618EA011060127200000331020234
B1119014549105N01142624EA011050127100000331020234
B1119024549104N01142631EA011050127100000300990234
B1119034549104N01142637EA011040127000000300960234
B1119044549104N01142643EA011030126900000280950234
B1119054549103N01142649EA011020126700000280940234
B1119064549102N01142655EA011000126600000270990234
B1119074549101N01142661EA010990126500000271040234
B1119084549100N01142666EA010980126400000261060199
B1119094549098N01142672EA010970126300000261080199
B1119104549098N01142679EA010950126100000331000199
B1119114549098N01142687EA010930125800000330920199
B1119124549098N01142695EA010910125600000370900199
B1119134549098N01142703EA010900125500000370880199
B1119144549097N01142711EA010880125300000380920199
B1119154549096N01142719EA010870125300000380960152
B1119164549095N01142727EA010860125200000360980152
B1119174549094N01142735EA010850125100000361000152
B1119184549094N01142743EA010840124900000370980152
B1119194549093N01142751EA010820124800000370960152
B1119204549092N01142759EA010800124600000410970152
B1119214549091N01142768EA010780124300000430980130
B1119224549089N01142778EA010750124000000461000130
B1119234549087N01142787EA010720123700000451020130
B1119244549085N01142796EA010700123500000421060130
B1119254549084N01142804EA010700123500000421060130
B1119264549083N01142812EA010690123400000331020130
B1119274549082N01142819EA010690123400000330980121
B1119284549082N01142826EA010680123300000340970121
B1119294549081N01142833EA010670123100000340960121
B1119304549080N01142841EA010650122900000341000121
B1119314549078N01142848EA010630122600000341040121
B1119324549076N01142855EA010600122400000361090121
B1119334549074N01142862EA010580122100000361140121
B1119344549071N01142869EA010550121800000361130126
B1119354549069N01142876EA010530121600000361120126
B1119364549067N01142883EA010510121300000341120126
B1119374549064N01142889EA010480121100000341180126
B1119384549062N01142895EA010460120800000341180126
B1119394549059N01142902EA010430120500000341180125
B1119404549057N01142909EA010400120200000361150125
B1119414549055N01142916EA010370119900000361120125
B1119424549053N01142924EA010340119600000371130125
B1119434549051N01142931EA010310119300000371140125
B1119444549048N01142938EA010280118900000371140125
B1119454549046N01142945EA010250118600000371140125
B1119464549043N01142953EA010210118200000361150125
B1119474549041N01142959EA010180117900000361160125
B1119484549038N01142966EA010150117600000351180130
B1119494549035N01142972EA010120117300000351200130
B1119504549033N01142979EA010090117000000321200130
B1119514549030N01142984EA010070116700000321200130
B1119524549028N01142989EA010040116400000271200130
B1119534549026N01142995EA010000116100000271200130
B1119544549024N01143000EA009970115700000291210130
B1119554549021N01143005EA009940115400000291220130
B1119564549018N01143010EA009910115100000311260130
B1119574549015N01143016EA009880114900000311300134
B1119584549012N01143021EA009860114700000341290134
B1119594549008N01143027EA009840114500000341280130
B1120004549005N01143033EA009830114400000351280130
B1120014549001N01143038EA009810114300000351300130
B1120024548998N01143044EA009810114300000351300130
B1120034548995N01143050EA009800114300000351300130
B1120044548992N01143055EA009800114300000311260130
B1120054548990N01143061EA009800114300000311220130
B1120064548987N01143066EA009800114300000301240132
B1120074548984N01143071EA009800114300000301260132
B1120084548981N01143077EA009800114200000311250132
B1120094548979N01143083EA009790114100000311240132
B1120104548976N01143089EA009780114000000351220132
B1120114548973N01143095EA009770113900000351200132
B1120124548970N01143102EA009770113900000331210132
B1120134548968N01143108EA009760113800000331220132
B1120144548965N01143114EA009760113800000331220132
B1120154548962N01143120EA009760113800000331220133
B1120164548960N01143127EA009760113800000361200133
B1120174548957N01143134EA009750113700000361180132
B1120184548954N01143140EA009750113700000361190132
B1120194548951N01143147EA009750113800000361200132
B1120204548948N01143154EA009760113800000351200132
B1120214548946N01143160EA009760113800000351200132
B1120224548943N01143166EA009760113900000331200135
B1120234548941N01143173EA009760113800000331200135
B1120244548939N01143179EA009750113800000341170135
B1120254548937N01143187EA009740113600000341140135
B1120264548935N01143194EA009730113500000381120135
B1120274548932N01143202EA009720113300000381100135
B1120284548930N01143209EA009710113200000351120135
B1120294548928N01143216EA009700113100000351140137
B1120304548925N01143221EA009690113000000321210137
B1120314548921N01143227EA009680112900000321280137
B1120324548918N01143232EA009660112800000331300137
B1120334548915N01143237EA009650112600000331320137
B1120344548911N01143243EA009630112500000351320137
B1120354548908N01143249EA009620112300000351280134
B1120364548905N01143255EA009600112200000361270134
B1120374548901N01143262EA009590112000000361260134
B1120384548898N01143268EA009570111800000381260133
B1120394548894N01143275EA009550111600000381260133
B1120404548890N01143281EA009530111400000401270133
B1120414548886N01143288EA009520111300000401280133
B1120424548882N01143294EA009500111100000391300133
B1120434548878N01143300EA009490111000000391320133
B1120444548874N01143307EA009470110800000401320133
B1120454548870N01143313EA009460110600000401320133
B1120464548866N01143319EA009450110500000391320137
B1120474548862N01143326EA009440110500000391320137
B1120484548858N01143332EA009430110500000381280134
B1120494548855N01143339EA009430110400000381240134
B1120504548852N01143345EA009430110400000361250134
B1120514548848N01143351EA009430110400000361260134
B1120524548845N01143358EA009430110400000361260134
B1120534548842N01143364EA009420110300000361260160
B1120544548839N01143371EA009420110300000371240160
B1120554548835N01143378EA009420110200000371220160
B1120564548831N01143384EA009410110200000391260160
B1120574548827N01143390EA009400110100000391300160
B1120584548824N01143397EA009400110100000381290160
B1120594548820N01143403EA009390110000000381280160
B1121004548817N01143409EA009390110000000341270160
B1121014548814N01143415EA009380109900000341260198
B1121024548810N01143422EA009370109800000371250198
B1121034548807N01143428EA009360109600000371240206
B1121044548804N01143433EA009350109600000341260206
B1121054548801N01143439EA009350109600000341280206
B1121064548798N01143444EA009350109600000291270206
B1121074548795N01143449EA009340109500000291260206
B1121084548793N01143454EA009340109500000291250206
B1121094548790N01143460EA009340109500000291240206
B1121104548787N01143465EA009340109500000321250252
B1121114548784N01143471EA009340109500000321260252
B1121124548781N01143476EA009350109600000331260252
B1121134548778N01143482EA009350109600000331260252
B1121144548775N01143488EA009350109600000351260252
B1121154548772N01143494EA009360109700000351260252
B1121164548769N01143500EA009370109800000351250252
B1121174548766N01143506EA009380110000000351240252
B1121184548763N01143512EA009390110200000341240252
B1121194548761N01143518EA009400110300000301220315
B1121204548758N01143523EA009420110500000271210309
B1121214548756N01143528EA009430110700000271200309
B1121224548754N01143532EA009440110700000241210309
B1121234548753N01143537EA009450110800000241220309
B1121244548751N01143542EA009460110800000261200309
B1121254548749N01143547EA009460110800000261180309
B1121264548746N01143552EA009460110700000251190309
B1121274548745N01143556EA009460110800000251200309
B1121284548743N01143560EA009470110800000211230309
B1121294548741N01143564EA009470110800000211260368
B1121304548739N01143568EA009460110700000221220368
B1121314548737N01143571EA009460110600000221240368
B1121364548729N01143591EA009400109900000211140368
B1121374548728N01143595EA009380109700000211120368
B1121384548726N01143599EA009360109400000221130368
B1121394548724N01143604EA009330109100000221140368
B1121404548722N01143610EA009310108800000291170368
B1121414548720N01143615EA009290108600000291200405
B1121424548718N01143620EA009270108500000271200405
B1121434548716N01143626EA009250108300000271200405
B1121444548714N01143632EA009230108100000301140405
B1121454548713N01143638EA009210107800000301080405
B1121464548711N01143644EA009180107500000301080405
B1121474548709N01143650EA009160107200000301080410
B1121484548707N01143655EA009130107000000281180410
B1121494548704N01143660EA009100106700000281280410
B1121504548702N01143665EA009070106400000321250446
B1121514548699N01143672EA009050106100000321220446
B1121524548696N01143680EA009020105900000401190446
B1121534548694N01143687EA009000105700000401160446
B1121544548691N01143694EA008980105600000361160446
B1121554548689N01143701EA008970105500000361160446
B1121564548686N01143708EA008950105300000351160446
B1121574548684N01143715EA008930105000000351160482
B1121584548682N01143722EA008910104800000381130482
B1121594548680N01143731EA008880104600000411100482
B1122004548678N01143740EA008870104400000441040482
B1122014548677N01143749EA008840104100000451020482
B1122024548676N01143759EA008820103900000451000482
B1122034548674N01143768EA008800103700000451000530
B1122044548673N01143778EA008780103500000441000530
B1122054548672N01143787EA008750103200000450980530
B1122064548671N01143797EA008730102900000450980530
B1122074548670N01143807EA008700102700000460960530
B1122084548669N01143817EA008680102400000460960572
B1122094548669N01143826EA008650102100000440960572
B1122104548668N01143836EA008620101800000420960572
B1122114548667N01143844EA008600101600000420980572
B1122124548665N01143853EA008570101300000401000572
B1122134548664N01143862EA008540101000000411000572
B1122144548663N01143871EA008510100600000441000616
B1122154548661N01143880EA008470100100000461020616
B1122164548660N01143890EA008430099700000481020616
B1122174548658N01143901EA008390099200000491020618
B1122184548656N01143911EA008350098800000501040618
B1122194548654N01143921EA008310098400000491020615
B1122204548653N01143932EA008280098200000501020615
B1122214548651N01143943EA008250097900000511020615
B1122224548650N01143953EA008230097700000501000615
B1122234548649N01143964EA008200097500000500960646
B1122244548648N01143975EA008180097200000490940646
B1122254548647N01143985EA008150096900000480960646
B1122264548646N01143995EA008130096600000481000646
B1122274548644N01144005EA008100096300000501020646
B1122284548641N01144016EA008070096100000501040682
B1122294548639N01144025EA008050095900000471060682
B1122304548636N01144034EA008040095900000441120682
B1122314548632N01144041EA008030095900000441200682
B1122324548629N01144048EA008030095900000361210682
B1122334548627N01144054EA008030095900000361220682
B1122344548625N01144061EA008030096000000341160682
B1122354548623N01144068EA008030095900000341100698
B1122364548621N01144075EA008030095800000351130698
B1122374548618N01144082EA008020095600000351160698
B1122384548615N01144089EA008010095500000401170698
B1122394548612N01144097EA008000095300000401180698
B1122404548609N01144105EA007990095300000431200622
B1122414548604N01144113EA007980095200000431220622
B1122424548600N01144120EA007970095100000451280625
B1122434548595N01144127EA007970095100000451340625
B1122444548590N01144134EA007960095000000451340625
B1122454548585N01144140EA007960095000000451340625
B1122464548581N01144147EA007960095100000421340625
B1122474548577N01144153EA007970095200000421340625
B1122484548572N01144159EA007970095200000391340625
B1122494548569N01144165EA007980095300000391340640
B1122504548565N01144171EA007980095400000341310640
B1122514548562N01144176EA007980095400000341280640
B1122524548560N01144182EA007980095300000291250640
B1122534548557N01144187EA007970095200000291220579
B1122544548554N01144193EA007960095000000321230579
B1122554548551N01144198EA007930094700000321240579
B1122564548548N01144204EA007910094500000331260579
B1122574548545N01144210EA007890094300000331260579
B1122584548541N01144215EA007870094100000331310622
B1122594548537N01144219EA007850093900000331360622
B1123004548533N01144224EA007830093700000331390622
B1123014548529N01144228EA007800093500000331420622
B1123024548525N01144233EA007780093200000351410622
B1123034548521N01144237EA007750093000000351400622
B1123044548517N01144242EA007730092700000361410622
B1123054548512N01144247EA007710092400000361420622
B1123064548507N01144251EA007690092200000371450571
B1123074548503N01144255EA007670092100000371480571
B1123084548498N01144258EA007660092000000321510571
B1123094548494N01144261EA007650091800000321540571
B1123104548489N01144265EA007640091600000361520612
B1123114548484N01144269EA007620091500000361500612
B1123124548479N01144272EA007620091500000371510612
B1123134548475N01144276EA007610091500000371520612
B1123144548470N01144278EA007620091700000291570612
B1123154548467N01144279EA007630091900000291620612
B1123164548463N01144280EA007650092100000241650612
B1123174548459N01144282EA007670092200000241680584
B1123184548455N01144284EA007680092400000271620584
B1123194548451N01144286EA007700092500000271560584
B1123204548448N01144288EA007710092600000261580584
B1123214548444N01144290EA007720092800000261600584
B1123224548440N01144292EA007740093000000251580584
B1123234548437N01144294EA007750093100000251560584
B1123244548434N01144297EA007770093300000221530584
B1123254548431N01144299EA007780093400000221500584
B1123264548428N01144300EA007800093600000221570584
B1123274548424N01144301EA007810093700000221640584
B1123284548421N01144300EA007830093800000251820584
B1123294548418N01144296EA007840093900000252000584
B1123304548416N01144291EA007840093900000312230584
B1123314548415N01144283EA007850094000000372460584
B1123324548416N01144275EA007850094100000402640584
B1123334548420N01144268EA007860094100000402880584
B1123344548425N01144262EA007860094100000453080541
B1123354548432N01144259EA007870094200000453280541
B1123364548438N01144259EA007880094400000443460541
B1123374548444N01144262EA007900094500000440040541
B1123384548450N01144266EA007910094700000430190584
B1123394548455N01144273EA007930094800000430340584
B1123404548458N01144280EA007940094900000400460584
B1123414548461N01144287EA007950095000000400580612
B1123424548462N01144294EA007960095100000320680612
B1123434548462N01144301EA007970095200000320780612
B1123444548461N01144308EA007980095300000350910612
B1123454548458N01144315EA007990095400000351040641
B1123464548455N01144321EA008000095600000351200641
B1123474548451N01144324EA008030095900000351360641
B1123484548447N01144324EA008060096400000261580641
B1123494548443N01144323EA008100096900000261800641
B1123504548441N01144318EA008130097200000272090641
B1123514548440N01144312EA008160097600000272380584
B1123524548441N01144304EA008190097800000392640584
B1123534548445N01144297EA008210098000000392860584
B1123544548451N01144293EA008230098300000473130584
B1123554548458N01144293EA008250098500000473400584
B1123564548464N01144298EA008270098600000440100612
B1123574548468N01144305EA008290098800000440340612
B1123584548469N01144313EA008320099100000360570612
B1123594548468N01144319EA008350099500000360800654
B1124004548466N01144323EA008380099900000251080654
B1124014548462N01144325EA008410100200000251360654
B1124024548459N01144325EA008450100600000241610641
B1124034548455N01144322EA008490101000000241860641
B1124044548452N01144317EA008520101300000362130641
B1124054548451N01144308EA008550101400000402400584
B1124064548453N01144300EA008580101700000422680584
B1124074548458N01144293EA008600101900000422920584
B1124084548464N01144291EA008630102200000463220612
B1124094548471N01144293EA008660102500000463520612
B1124104548476N01144299EA008680102700000430200612
B1124114548478N01144307EA008710103000000430480612
B1124124548478N01144315EA008740103400000330740654
B1124134548475N01144319EA008780103900000331000654
B1124144548471N01144321EA008830104400000281340654
B1124154548467N01144321EA008870104800000281680654
B1124164548464N01144319EA008920105300000261880654
B1124174548461N01144315EA008960105700000262080654
B1124184548460N01144309EA009000106100000302330612
B1124194548460N01144302EA009030106300000302580612
B1124204548463N01144294EA009050106500000422780612
B1124214548468N01144287EA009080106800000423000612
B1124224548474N01144284EA009110107100000453230612
B1124234548481N01144285EA009140107500000453460612
B1124244548486N01144289EA009170107800000380110612
B1124254548489N01144295EA009210108200000380360612
B1124264548490N01144302EA009240108500000300600612
B1124274548489N01144307EA009280109100000300840612
B1124284548487N01144311EA009330109600000221070612
B1124294548484N01144314EA009370110000000221300654
B1124304548481N01144317EA009410110300000231380654
B1124314548478N01144318EA009450110700000231460654
B1124324548474N01144318EA009490111100000251680654
B1124334548471N01144315EA009520111500000251900654
B1124344548469N01144309EA009560111900000342180612
B1124354548468N01144301EA009590112300000412460612
B1124364548470N01144292EA009620112600000472700612
B1124374548475N01144284EA009650112900000492940612
B1124384548482N01144279EA009690113300000503170612
B1124394548488N01144280EA009720113800000503400612
B1124404548494N01144284EA009760114100000400080612
B1124414548498N01144290EA009800114400000400360612
B1124424548500N01144297EA009830114600000360520612
B1124434548501N01144304EA009860115000000360680612
B1124444548501N01144310EA009910115500000260810612
B1124454548500N01144314EA009950116000000260940654
B1124464548498N01144318EA009990116400000201130654
B1124474548495N01144320EA010020116700000201320654
B1124484548492N01144321EA010060117100000231540654
B1124494548488N01144319EA010090117500000231760654
B1124504548485N01144316EA010130117800000292000654
B1124514548483N01144309EA010160118200000292240612
B1124524548482N01144300EA010200118500000432480612
B1124534548484N01144291EA010230118900000452700612
B1124544548488N01144283EA010260119300000492900612
B1124554548494N01144277EA010290119600000493120612
B1124564548501N01144275EA010320119900000473120612
B1124574548508N01144277EA010360120100000453520612
B1124584548513N01144282EA010390120400000440150649
B1124594548517N01144289EA010410120700000440380649
B1125004548518N01144296EA010450121000000340580649
B1125014548518N01144302EA010480121500000340780649
B1125024548517N01144306EA010520122000000210960649
B1125034548515N01144310EA010560122400000211140649
B1125044548513N01144312EA010600122800000201300649
B1125054548510N01144314EA010640123200000201460678
B1125064548507N01144314EA010670123500000211650654
B1125074548503N01144312EA010710123900000211840612
B1125084548501N01144307EA010740124200000272090612
B1125094548499N01144301EA010770124600000272340612
B1125104548500N01144293EA010810124900000382580612
B1125114548502N01144285EA010840125300000422780612
B1125124548506N01144278EA010880125700000442970612
B1125134548512N01144274EA010910126100000443160649
B1125144548519N01144272EA010950126400000443370649
B1125154548525N01144274EA010980126600000443580649
B1125164548530N01144279EA011010126900000420180649
B1125174548534N01144286EA011040127200000420380649
B1125184548534N01144293EA011070127500000310640649
B1125194548533N01144299EA011100127900000310900649
B1125204548531N01144303EA011140128300000231120649
B1125214548528N01144305EA011180128700000231340649
B1125224548525N01144305EA011210129100000221590649
B1125234548521N01144303EA011240129400000221840649
B1125244548518N01144301EA011270129700000241960649
B1125254548515N01144297EA011300130000000242080649
B1125264548513N01144292EA011330130200000292290649
B1125274548513N01144285EA011350130400000292500649
B1125284548515N01144278EA011370130700000352730649
B1125294548519N01144272EA011400131000000352960649
B1125304548523N01144266EA011430131400000393100649
B1125314548529N01144264EA011470131800000393240649
B1125324548535N01144263EA011500132100000403420622
B1125334548541N01144265EA011530132400000400000649
B1125344548545N01144270EA011560132700000390190649
B1125354548549N01144277EA011590133000000390380649
B1125364548550N01144284EA011620133300000350600649
B1125374548549N01144291EA011660133600000350820649
B1125384548548N01144297EA011690134100000280980649
B1125394548546N01144301EA011730134400000281140649
B1125404548543N01144305EA011750134600000241290649
B1125414548539N01144307EA011770134700000241440649
B1125424548535N01144308EA011790134800000271580649
B1125434548531N01144307EA011790134700000271720649
B1125444548527N01144304EA011780134600000312000649
B1125454548524N01144297EA011760134200000312280649
B1125464548523N01144288EA011730133800000442460649
B1125474548523N01144279EA011720133700000432580649
B1125484548524N01144270EA011720133700000382700649
B1125494548527N01144264EA011730133800000382860649
B1125504548531N01144259EA011730134000000393030622
B1125514548537N01144253EA011740134000000393200622
B1125524548542N01144247EA011750134200000493220622
B1125534548549N01144242EA011770134500000493240622
B1125544548555N01144239EA011800135000000413350622
B1125554548561N01144239EA011840135400000413460677
B1125564548566N01144242EA011870135700000370060677
B1125574548570N01144248EA011890135900000370260677
B1125584548573N01144255EA011920136100000400460677
B1125594548573N01144263EA011940136400000400660677
B1126004548572N01144270EA011960136700000350920703
B1126014548568N01144275EA011990137100000351180703
B1126024548564N01144277EA012030137400000311410703
B1126034548559N01144277EA012070137800000311640649
B1126044548556N01144274EA012100138300000281640649
B1126054548554N01144269EA012140138500000312180649
B1126064548554N01144262EA012160138700000332450622
B1126074548554N01144254EA012170138800000342720622
B1126084548556N01144248EA012190139000000322790622
B1126094548558N01144242EA012210139200000322860622
B1126104548562N01144237EA012230139300000353020677
B1126114548567N01144232EA012240139500000353180677
B1126124548574N01144230EA012260139600000473330677
B1126134548581N01144229EA012270139800000473480677
B1126144548588N01144232EA012290140100000460040677
B1126154548593N01144237EA012310140500000460200677
B1126164548596N01144244EA012340140800000380400677
B1126174548598N01144251EA012370141000000380600677
B1126184548596N01144258EA012390141200000330850677
B1126194548593N01144263EA012410141500000331100677
B1126204548589N01144266EA012440141800000311380703
B1126214548584N01144265EA012460142100000311660703
B1126224548581N01144260EA012490142400000341980677
B1126234548579N01144253EA012520142700000342300677
B1126244548580N01144245EA012540143000000392600677
B1126254548584N01144237EA012560143300000422860677
B1126264548589N01144232EA012590143500000433080677
B1126274548595N01144230EA012610143700000433300677
B1126284548602N01144230EA012630143800000443480677
B1126294548608N01144234EA012650143900000440060677
B1126304548612N01144240EA012670144100000400280721
B1126314548614N01144247EA012690144300000400500721
B1126324548614N01144255EA012710144600000340740721
B1126334548612N01144261EA012730144800000340980721
B1126344548609N01144266EA012760145000000311170703
B1126354548605N01144269EA012780145200000311360703
B1126364548600N01144270EA012800145400000321570703
B1126374548596N01144268EA012820145600000321780703
B1126384548592N01144263EA012830145800000332020677
B1126394548590N01144257EA012850146000000332260677
B1126404548591N01144251EA012880146300000322570677
B1126414548594N01144245EA012900146600000322880677
B1126424548598N01144240EA012920146700000383090677
B1126434548604N01144237EA012940146800000383300677
B1126444548610N01144237EA012950146800000383460721
B1126454548615N01144240EA012970147000000380020721
B1126464548619N01144246EA012980147100000380260721
B1126474548621N01144253EA012990147200000380500721
B1126484548622N01144261EA013000147300000370690721
B1126494548621N01144268EA013020147500000370880751
B1126504548618N01144275EA013040147700000351050751
B1126514548615N01144280EA013050147900000351220751
B1126524548611N01144285EA013070148100000351330751
B1126534548606N01144289EA013090148300000351440703
B1126544548602N01144292EA013110148500000301460703
B1126554548598N01144296EA013130148700000301480703
B1126564548595N01144301EA013130148700000331400703
B1126574548591N01144307EA013130148500000331320703
B1126584548588N01144314EA013110148300000381300717
B1126594548584N01144320EA013100148200000381280717
B1127004548579N01144326EA013090148100000371330717
B1127014548576N01144331EA013080148000000371380717
B1127024548572N01144336EA013070147900000321360717
B1127034548569N01144341EA013060147800000321340717
B1127044548565N01144345EA013050147700000301340717
B1127054548562N01144350EA013040147600000301340717
B1127064548558N01144355EA013030147400000331320678
B1127074548554N01144360EA013010147200000331360678
B1127084548550N01144365EA013000147000000401380706
B1127094548545N01144371EA012980146800000401400706
B1127104548539N01144377EA012970146700000441420706
B1127114548533N01144382EA012960146600000441440706
B1127124548528N01144386EA012940146400000411470706
B1127134548522N01144390EA012930146300000411500706
B1127144548517N01144394EA012920146100000381520706
B1127154548512N01144397EA012900145900000381540706
B1127164548507N01144399EA012880145700000361580692
B1127174548501N01144402EA012860145400000361620692
B1127184548496N01144404EA012830145100000371610692
B1127194548491N01144407EA012810144800000371600692
B1127204548485N01144410EA012780144600000411580692
B1127214548479N01144414EA012750144300000411560717
B1127224548473N01144418EA012730144000000411550717
B1127234548468N01144421EA012700143700000411540717
B1127244548461N01144424EA012670143300000431580717
B1127254548455N01144426EA012640143000000431620691
B1127264548449N01144428EA012620142900000401650691
B1127274548444N01144429EA012600142800000401680691
B1127284548439N01144431EA012600142900000301680691
B1127294548435N01144431EA012600142900000301680691
B1127304548431N01144431EA012600142900000271750691
B1127314548427N01144431EA012590142800000271820691
B1127324548422N01144432EA012580142600000291790691
B1127334548418N01144431EA012570142400000291760691
B1127344548413N01144430EA012550142200000321870691
B1127354548409N01144426EA012540142000000321980674
B1127364548406N01144421EA012520141800000282170674
B1127374548404N01144416EA012500141700000282360674
B1127384548402N01144411EA012490141600000262350671
B1127394548400N01144407EA012480141500000262340671
B1127404548397N01144403EA012470141400000262270671
B1127414548394N01144399EA012460141300000262200671
B1127424548391N01144394EA012440141100000302250671
B1127434548388N01144389EA012430140900000302300671
B1127444548385N01144384EA012420140800000332300671
B1127454548382N01144378EA012410140700000332300671
B1127464548379N01144373EA012400140700000292310671
B1127474548376N01144368EA012400140700000292320671
B1127484548374N01144363EA012390140600000312340613
B1127494548371N01144357EA012380140500000312360613
B1127504548369N01144351EA012370140400000342380613
B1127514548366N01144345EA012360140300000342400613
B1127524548363N01144340EA012350140100000312310613
B1127534548359N01144336EA012340140000000312220612
B1127544548355N01144334EA012330139800000312110612
B1127554548351N01144331EA012310139700000312000612
B1127564548346N01144328EA012300139500000292000612
B1127574548342N01144326EA012290139400000282060612
B1127584548339N01144325EA012280139300000261980612
B1127594548334N01144324EA012270139200000261900612
B1128004548330N01144325EA012260139100000301810612
B1128014548326N01144326EA012240139000000301720612
B1128024548321N01144327EA012230138900000291700612
B1128034548317N01144328EA012230138800000291680612
B1128044548312N01144329EA012220138700000301700612
B1128054548308N01144330EA012210138600000301720576
B1128064548304N01144330EA012210138600000271760576
B1128074548300N01144330EA012200138500000271800576
B1128084548296N01144330EA012200138500000251790576
B1128094548292N01144330EA012190138400000251780576
B1128104548289N01144331EA012190138400000191720576
B1128114548287N01144332EA012180138300000191660576
B1128124548284N01144334EA012180138300000191580576
B1128134548282N01144336EA012170138200000191500576
B1128144548279N01144338EA012160138100000211530576
B1128154548276N01144340EA012160138100000211560576
B1128164548272N01144341EA012160138100000241610576
B1128174548268N01144342EA012160138100000241660576
B1128184548265N01144342EA012160138200000251710576
B1128194548261N01144342EA012160138200000251760576
B1128204548257N01144343EA012170138300000251750525
B1128214548253N01144343EA012170138400000251740525
B1128224548250N01144344EA012180138500000241730525
B1128234548246N01144344EA012190138600000241720525
B1128244548242N01144344EA012200138600000271770525
B1128254548238N01144344EA012210138700000271820525
B1128264548233N01144343EA012210138700000311840525
B1128274548228N01144342EA012220138800000311860525
B1128284548224N01144341EA012240139100000281900525
B1128294548220N01144338EA012260139400000281940525
B1128304548218N01144334EA012290139700000242150525
B1128314548217N01144329EA012310139900000242360525
B1128324548217N01144322EA012330140200000312540525
B1128334548219N01144315EA012350140400000312720525
B1128344548222N01144308EA012370140600000382720482
B1128354548227N01144303EA012390140900000403060482
B1128364548233N01144301EA012420141200000423300482
B1128374548239N01144304EA012440141400000423540482
B1128384548244N01144309EA012460141500000440180482
B1128394548248N01144317EA012480141700000440420525
B1128404548250N01144326EA012490141900000410620525
B1128414548250N01144334EA012510142000000410760525
B1128424548249N01144342EA012520142200000380920525
B1128434548246N01144349EA012530142200000381080525
B1128444548243N01144355EA012540142400000321210525
B1128454548239N01144358EA012560142500000321340525
B1128464548236N01144360EA012570142700000251470525
B1128474548232N01144360EA012580142800000251600525
B1128484548228N01144358EA012590142900000251830525
B1128494548225N01144355EA012610143100000252060525
B1128504548223N01144350EA012620143300000272240525
B1128514548223N01144344EA012640143500000272420525
B1128524548224N01144338EA012660143700000322680525
B1128534548228N01144332EA012680143900000322940525
B1128544548234N01144328EA012690144100000453160525
B1128554548240N01144327EA012710144200000453380525
B1128564548247N01144331EA012730144400000440020525
B1128574548252N01144337EA012740144500000440260525
B1128584548254N01144345EA012760144700000410460525
B1128594548256N01144354EA012770144800000390660525
B1129004548256N01144362EA012780144900000390800525
B1129014548254N01144371EA012790144900000400940557
B1129024548252N01144379EA012790144900000401030557
B1129034548249N01144386EA012790144900000401120557
B1129044548246N01144393EA012790144900000401210557
B1129054548241N01144399EA012800145000000401300557
B1129064548237N01144403EA012810145100000341410557
B1129074548232N01144404EA012820145300000341520557
B1129084548228N01144404EA012830145500000241700557
B1129094548225N01144403EA012850145700000241880557
B1129104548223N01144400EA012860145700000222020557
B1129114548220N01144396EA012860145600000222160557
B1129124548217N01144391EA012850145400000302230557
B1129134548213N01144387EA012830145200000302300557
B1129144548208N01144385EA012810145000000342090535
B1129154548203N01144385EA012800144900000341880535
B1129164548198N01144387EA012780144700000361750535
B1129174548193N01144389EA012780144700000361620535
B1129184548189N01144391EA012770144600000281620535
B1129194548185N01144393EA012760144600000281620535
B1129204548181N01144394EA012750144400000271630535
B1129214548176N01144396EA012740144300000271640535
B1129224548171N01144398EA012710144000000331610535
B1129234548166N01144401EA012690143800000331580535
B1129244548162N01144405EA012670143600000351540535
B1129254548157N01144409EA012650143400000351500525
B1129264548152N01144412EA012630143200000331520525
B1129274548148N01144415EA012600142900000331540563
B1129284548143N01144418EA012580142600000361540563
B1129294548138N01144421EA012550142300000361540563
B1129304548133N01144424EA012520142000000371540563
B1129314548128N01144428EA012500141800000371540563
B1129324548122N01144431EA012480141600000381530563
B1129334548117N01144435EA012460141400000381520563
B1129344548113N01144438EA012440141300000351520563
B1129354548108N01144441EA012420141100000351560564
B1129364548103N01144443EA012400140800000361570564
B1129374548097N01144446EA012380140600000361580564
B1129384548092N01144449EA012360140400000391590564
B1129394548086N01144452EA012330140200000391600564
B1129404548081N01144455EA012310139900000371580564
B1129414548076N01144459EA012300139700000371560564
B1129424548071N01144462EA012270139500000391540564
B1129434548065N01144466EA012260139300000391520577
B1129444548060N01144469EA012240139200000381560538
B1129454548055N01144471EA012220139000000381600538
B1129464548049N01144472EA012200138900000381640538
B1129474548043N01144474EA012190138800000381680538
B1129484548038N01144475EA012170138700000361670538
B1129494548033N01144478EA012160138600000361660538
B1129504548027N01144480EA012150138500000371620538
B1129514548022N01144483EA012140138400000371580538
B1129524548017N01144486EA012130138300000381590538
B1129534548011N01144488EA012130138200000381600538
B1129544548006N01144491EA012120138200000351600467
B1129554548001N01144494EA012110138100000351600467
B1129564547996N01144497EA012100137900000401590467
B1129574547990N01144499EA012080137800000401580467
B1129584547983N01144502EA012060137600000441600467
B1129594547977N01144505EA012050137500000441620467
B1130004547971N01144508EA012040137400000431610467
B1130014547965N01144511EA012020137200000431600467
B1130024547958N01144515EA012010137000000451590423
B1130034547952N01144518EA012000136900000451580423
B1130044547945N01144521EA011980136800000451590423
B1130054547939N01144524EA011970136600000451600423
B1130064547933N01144528EA011960136500000451590423
B1130074547927N01144532EA011950136400000451580423
B1130084547920N01144536EA011940136300000451570423
B1130094547914N01144540EA011930136200000451560423
B1130104547908N01144543EA011920136100000451560386
B1130114547901N01144547EA011910136000000451560386
B1130124547895N01144551EA011900135900000451560386
B1130134547888N01144555EA011890135700000451560386
B1130144547881N01144558EA011880135500000471580386
B1130154547875N01144562EA011860135400000471600386
B1130164547868N01144565EA011850135300000481590376
B1130174547861N01144569EA011850135300000481580376
B1130184547854N01144572EA011850135200000461580310
B1130194547848N01144576EA011850135200000461580310
B1130204547842N01144580EA011850135300000441570310
B1130214547836N01144584EA011840135200000441560310
B1130254547810N01144598EA011820134900000471600253
B1130264547803N01144600EA011810134700000461650253
B1130274547796N01144601EA011810134700000461700253
B1130284547790N01144602EA011800134600000431720253
B1130294547783N01144603EA011790134600000431740253
B1130304547777N01144604EA011790134400000441720253
B1130314547770N01144606EA011780134300000441700253
B1130324547763N01144606EA011770134200000431730253
B1130334547757N01144607EA011750134100000431760195
B1130344547751N01144607EA011740133900000431770195
B1130354547744N01144607EA011730133800000431780195
B1130364547738N01144607EA011720133700000371770195
B1130374547733N01144606EA011720133800000371760195
B1130384547730N01144604EA011720133900000251920195
B1130394547727N01144600EA011730133900000252080195
B1130404547724N01144596EA011720133800000282170195
B1130414547721N01144593EA011710133700000282260195
B1130424547716N01144592EA011700133600000302030195
B1130434547711N01144593EA011690133400000301800195
B1130444547706N01144595EA011670133200000321710169
B1130454547702N01144597EA011660133100000321620169
B1130464547697N01144599EA011660133000000321620169
B1130474547692N01144601EA011650132900000331620169
B1130504547676N01144608EA011600132400000411620169
B1130514547670N01144611EA011590132200000411600169
B1130524547664N01144614EA011580132100000421610169
B1130534547658N01144616EA011570132000000421620165
B1130544547652N01144618EA011560131900000391620165
B1130554547647N01144621EA011550131800000391620165
B1130564547642N01144624EA011540131800000371570165
B1130574547637N01144628EA011540131800000371520165
B1130584547632N01144630EA011530131700000331590165
B1130594547628N01144631EA011530131700000331660165
B1131004547623N01144633EA011520131500000301620165
B1131014547619N01144636EA011510131400000301580165
B1131024547616N01144639EA011490131100000281560165
B1131034547611N01144641EA011480130900000281540165
B1131044547607N01144642EA011450130600000321630160
B1131054547601N01144642EA011420130200000321720160
B1131064547596N01144642EA011390129800000361760160
B1131074547591N01144642EA011370129600000361800160
B1131084547585N01144641EA011340129300000351800160
B1131094547580N01144641EA011320129100000351800160
B1131104547575N01144642EA011300128900000341770160
B1131114547570N01144643EA011280128600000341740160
B1131124547565N01144645EA011250128300000341680160
B1131134547560N01144647EA011230128100000341620162
B1131144547556N01144649EA011210128000000281610162
B1131154547552N01144651EA011200128000000281600162
B1131164547549N01144652EA011190127900000201610162
B1131174547547N01144653EA011180127600000201620162
B1131184547543N01144655EA011160127400000261640162
B1131194547538N01144656EA011130127000000261660162
B1131204547532N01144657EA011090126700000401660162
B1131214547526N01144659EA011060126400000421700162
B1131224547520N01144660EA011050126400000411710162
B1131234547515N01144660EA011030126300000411720162
B1131244547509N01144661EA011030126300000361720156
B1131254547504N01144662EA011020126300000361720156
B1131264547499N01144663EA011020126300000361720158
B1131274547493N01144664EA011020126300000361720158
B1131284547488N01144664EA011030126400000341750158
B1131294547483N01144664EA011030126400000341780158
B1131304547478N01144664EA011040126500000331780158
B1131314547473N01144664EA011040126400000331780158
B1131324547468N01144665EA011030126400000321770158
B1131334547463N01144665EA011030126300000321760158
B1131344547458N01144666EA011020126200000331750154
B1131354547453N01144666EA011010126100000331740154
B1131364547447N01144667EA011000126000000361750154
B1131374547442N01144667EA011000126000000361760154
B1131384547437N01144666EA011000126000000321810154
B1131394547433N01144665EA011000126100000321860154
B1131404547428N01144665EA011000126100000301820154
B1131414547424N01144666EA011000126000000301780154
B1131424547419N01144667EA011000125900000321730154
B1131434547414N01144668EA010980125800000321680154
B1131444547409N01144670EA010970125700000331680148
B1131454547404N01144671EA010970125700000331680148
B1131464547399N01144672EA010970125700000321680148
B1131474547395N01144673EA010970125700000321680148
B1131484547390N01144675EA010970125700000311640148
B1131494547386N01144678EA010980125700000311600148
B1131504547382N01144681EA010980125700000291540148
B1131514547378N01144684EA010980125700000291480148
B1131524547374N01144687EA010980125600000291520148
B1131534547370N01144689EA010970125500000291560148
B1131544547365N01144691EA010960125400000331590148
B1131554547360N01144694EA010960125300000331620151
B1131564547354N01144696EA010950125300000381600151
B1131574547349N01144699EA010950125300000381580151
B1131584547343N01144702EA010940125300000381580151
B1131594547338N01144706EA010940125300000381580151
B1132004547333N01144708EA010950125300000381590151
B1132014547327N01144711EA010950125400000381600151
B1132024547321N01144713EA010950125500000371630150
B1132034547317N01144714EA010960125600000371660150
B1132044547312N01144715EA010980125800000281680150
B1132054547308N01144716EA010990125900000281700149
B1132064547304N01144716EA011000125900000281720149
B1132074547299N01144717EA011000125800000281740149
B1132084547294N01144718EA011000125800000341720149
B1132094547289N01144719EA010990125700000341700149
B1132104547284N01144721EA010990125600000351690149
B1132114547279N01144722EA010990125600000351680149
B1132124547274N01144724EA010990125600000341680149
B1132134547269N01144725EA010990125700000341680149
B1132144547263N01144726EA011000125700000371690149
B1132154547257N01144727EA011000125800000371700148
B1132164547252N01144728EA011010125900000351710148
B1132174547247N01144729EA011030126200000351720148
B1132184547243N01144729EA011050126500000291730148
B1132194547239N01144730EA011080126700000291740148
B1132204547235N01144732EA011100127000000261690148
B1132214547231N01144733EA011120127200000261640148
B1132224547228N01144735EA011150127500000271580148
B1132234547224N01144737EA011170127700000271600148
B1132244547219N01144739EA011190127900000281620148
B1132254547215N01144740EA011210128100000281640148
B1132264547212N01144743EA011230128200000271590148
B1132274547208N01144745EA011240128200000271540149
B1132284547204N01144748EA011240128200000281550149
B1132294547200N01144750EA011250128300000281560149
B1132304547196N01144753EA011250128300000311570149
B1132314547191N01144755EA011260128500000311580149
B1132324547187N01144758EA011270128600000331570149
B1132334547182N01144761EA011280128800000331560149
B1132344547178N01144765EA011300129000000321500149
B1132354547175N01144770EA011320129300000321440149
B1132364547173N01144776EA011340129500000321250149
B1132374547173N01144783EA011360129700000321060149
B1132384547175N01144791EA011370129800000420830149
B1132394547180N01144799EA011380129800000420600149
B1132404547186N01144806EA011390129800000520480149
B1132414547193N01144811EA011400130000000520360149
B1132424547200N01144816EA011420130300000480290149
B1132434547207N01144819EA011440130700000480220149
B1132444547213N01144820EA011470131000000410150147
B1132454547220N01144822EA011490131200000410080147
B1132464547226N01144823EA011510131400000420070147
B1132474547233N01144824EA011510131500000420060147
B1132484547239N01144826EA011520131500000430070147
B1132494547246N01144828EA011520131500000430080147
B1132504547253N01144830EA011520131600000450120147
B1132514547259N01144833EA011530131700000450160147
B1132524547265N01144835EA011530131800000390140150
B1132534547271N01144837EA011540131900000390120150
B1132544547277N01144839EA011540131900000410140150
B1132554547283N01144842EA011540131900000410160150
B1132564547289N01144846EA011540131800000470180150
B1132574547296N01144850EA011540131800000470200150
B1132584547303N01144854EA011540131800000490220150
B1132594547310N01144859EA011540131800000490240150
B1133004547316N01144863EA011540131900000470240149
B1133014547323N01144867EA011540131900000470240149
B1133024547329N01144872EA011540131900000450240149
B1133034547335N01144876EA011540131900000450240149
B1133044547342N01144880EA011540131800000470220149
B1133054547349N01144883EA011520131700000470200149
B1133064547356N01144887EA011510131500000530180149
B1133074547364N01144891EA011490131300000560160154
B1133084547372N01144895EA011480131100000580180154
B1133094547380N01144900EA011460131000000580200154
B1133104547388N01144905EA011450130900000560220154
B1133114547396N01144910EA011440130800000540240154
B1133124547403N01144914EA011430130800000530230155
B1133134547410N01144919EA011430130700000530220155
B1133144547418N01144924EA011420130600000560220157
B1133154547426N01144929EA011410130500000570220157
B1133164547434N01144933EA011400130300000590220157
B1133174547443N01144938EA011390130200000590200157
B1133184547451N01144942EA011380130100000580200157
B1133194547459N01144946EA011370130100000570200157
B1133204547467N01144950EA011360130000000570180159
B1133214547476N01144954EA011350129900000590160159
B1133224547484N01144958EA011340129800000590180159
B1133234547492N01144963EA011330129600000560180160
B1133244547500N01144967EA011320129500000560200160
B1133254547508N01144970EA011300129300000560180160
B1133264547517N01144973EA011280129000000570140160
B1133274547525N01144977EA011260128700000580140160
B1133284547533N01144981EA011240128500000580160160
B1133294547542N01144985EA011210128200000580180160
B1133304547550N01144990EA011190127900000570200160
B1133314547558N01144994EA011160127500000570200160
B1133324547566N01144999EA011130127200000590200157
B1133334547575N01145003EA011090126800000600180157
B1133344547583N01145007EA011060126400000610160157
B1133354547592N01145011EA011020126000000630160157
B1133364547601N01145016EA010980125700000630180159
B1133374547610N01145021EA010950125300000630200159
B1133384547619N01145027EA010920125100000620240161
B1133394547627N01145033EA010900124900000590280161
B1133404547634N01145039EA010880124700000590280161
B1133414547642N01145045EA010860124500000590280161
B1133424547650N01145050EA010840124400000590240161
B1133434547659N01145055EA010820124300000580220161
B1133444547667N01145059EA010810124100000580200161
B1133454547675N01145064EA010800124000000580200162
B1133464547683N01145068EA010790123900000570200162
B1133474547691N01145074EA010780123800000550240162
B1133484547698N01145079EA010770123700000530250162
B1133494547705N01145085EA010760123600000530260162
B1133504547712N01145090EA010740123300000540260160
B1133514547720N01145096EA010720123100000580260160
B1133524547728N01145101EA010700122800000600240160
B1133534547736N01145106EA010680122600000590240160
B1133544547744N01145111EA010660122500000550240160
B1133554547751N01145116EA010650122500000550240164
B1133564547758N01145121EA010650122500000500240164
B1133574547765N01145125EA010640122400000500240172
B1133584547772N01145129EA010630122200000510220172
B1133594547780N01145133EA010610122100000520200172
B1134004547787N01145137EA010600122000000520200172
B1134014547795N01145142EA010590121900000520200172
B1134024547802N01145146EA010580121800000510220172
B1134034547809N01145151EA010570121700000510240172
B1134044547816N01145155EA010570121600000510210178
B1134054547823N01145158EA010560121500000510180178
B1134064547831N01145162EA010550121400000530180178
B1134074547838N01145167EA010530121200000530200175
B1134084547846N01145172EA010520121000000550240175
B1134094547854N01145177EA010500120800000570240175
B1134104547862N01145181EA010480120700000580220181
B1134114547870N01145185EA010480120600000560200181
B1134124547877N01145189EA010470120600000540200181
B1134134547885N01145193EA010460120600000520200181
B1134144547892N01145197EA010460120600000510200181
B1134154547900N01145201EA010460120500000520200181
B1134164547907N01145205EA010450120400000540190181
B1134174547915N01145209EA010440120300000540180191
B1134184547923N01145214EA010430120200000540200188
B1134194547930N01145218EA010420120100000540220188
B1134204547938N01145223EA010410120000000540220188
B1134214547945N01145228EA010400119900000540220188
B1134224547953N01145232EA010390119800000550240188
B1134234547961N01145237EA010380119700000560220194
B1134244547968N01145242EA010370119600000560220194
B1134254547976N01145247EA010360119500000560220194
B1134264547984N01145252EA010350119400000560220194
B1134274547992N01145257EA010340119300000570220194
B1134284547999N01145263EA010340119300000580250196
B1134294548007N01145269EA010340119300000580280196
B1134304548014N01145276EA010330119300000570320197
B1134314548021N01145284EA010330119300000570360197
B1134324548028N01145291EA010330119300000570340197
B1134334548035N01145297EA010340119400000570320197
B1134344548042N01145304EA010340119400000550340197
B1134354548048N01145311EA010340119500000550360197
B1134364548055N01145318EA010350119600000530350195
B1134374548062N01145325EA010350119600000530340190
B1134384548068N01145331EA010350119600000550340190
B1134394548075N01145338EA010350119500000550340190
B1134404548083N01145343EA010340119400000560280190
B1134414548091N01145348EA010330119300000560240190
B1134424548098N01145353EA010320119100000550240190
B1134434548106N01145359EA010310119000000540240190
B1134444548113N01145365EA010290118800000550270191
B1134454548120N01145371EA010270118600000550300191
B1134464548128N01145378EA010250118400000600300191
B1134474548136N01145384EA010230118200000620280191
B1134484548144N01145390EA010200117900000620260191
B1134494548153N01145396EA010180117700000630260191
B1134504548161N01145402EA010170117500000630260197
B1134514548170N01145408EA010150117300000610260197
B1134524548178N01145413EA010130117100000600240193
B1134534548186N01145418EA010120117000000600240193
B1134544548195N01145423EA010100116800000600220193
B1134554548203N01145429EA010080116500000600240193
B1134564548211N01145435EA010060116300000610260193
B1134574548219N01145441EA010030116000000620260193
B1134584548228N01145446EA010010115800000620240193
B1134594548236N01145452EA009990115600000610240193
B1135004548244N01145457EA009970115400000600240193
B1135014548252N01145463EA009950115100000580240194
B1135024548260N01145469EA009930114900000570260196
B1135034548267N01145475EA009900114600000560280196
B1135044548275N01145480EA009870114200000570260196
B1135054548283N01145485EA009830113700000590240196
B1135064548292N01145490EA009780113200000620220196
B1135074548301N01145496EA009730112700000640220196
B1135084548309N01145502EA009690112300000650240196
B1135094548317N01145509EA009650112000000620260204
B1135104548325N01145515EA009630111800000590280203
B1135114548333N01145520EA009600111600000570280203
B1135124548341N01145525EA009580111400000570240203
B1135134548349N01145529EA009560111100000570200203
B1135144548357N01145534EA009530110800000580180203
B1135154548365N01145539EA009510110500000580200208
B1135164548373N01145544EA009480110200000570240208
B1135174548381N01145550EA009460110000000550260208
B1135184548388N01145555EA009440109800000540260208
B1135194548395N01145560EA009420109500000540260208
B1135204548403N01145564EA009390109200000540240207
B1135214548411N01145568EA009360108900000550200215
B1135224548419N01145572EA009330108500000560180215
B1135234548427N01145576EA009290108100000570180215
B1135244548435N01145580EA009260107700000570180215
B1135254548443N01145584EA009220107400000570180215
B1135264548451N01145588EA009190107000000570180215
B1135274548460N01145592EA009160106700000570180215
B1135284548468N01145596EA009130106500000570160215
B1135294548476N01145600EA009100106200000560160215
B1135304548484N01145604EA009080106100000550180215
B1135314548491N01145608EA009060105900000550220215
B1135324548499N01145613EA009040105700000530220211
B1135334548506N01145617EA009020105500000530220211
B1135344548514N01145621EA009000105300000530200214
B1135354548521N01145626EA008980105100000530200214
B1135364548528N01145630EA008970104900000520220214
B1135374548535N01145635EA008950104700000520240214
B1135384548543N01145640EA008930104500000520240214
B1135394548550N01145644EA008910104300000520220214
B1135404548558N01145648EA008890104100000550200214
B1135414548566N01145653EA008870103900000560200218
B1135424548574N01145658EA008850103700000560220218
B1135434548581N01145663EA008830103500000560240218
B1135444548589N01145667EA008820103400000550240218
B1135454548596N01145672EA008810103300000550220218
B1135464548604N01145676EA008800103200000510200218
B1135474548611N01145681EA008790103100000510220256
B1135484548617N01145685EA008780103000000500230256
B1135494548624N01145690EA008770102900000500240256
B1135504548631N01145695EA008750102700000520240256
B1135514548639N01145700EA008740102500000530240256
B1135524548646N01145705EA008720102300000530250256
B1135534548653N01145710EA008700102100000530260256
B1135544548660N01145714EA008680101900000510240323
B1135554548667N01145719EA008670101800000510220323
B1135564548674N01145723EA008650101600000500220323
B1135574548681N01145727EA008630101400000500220323
B1135584548688N01145732EA008610101100000510220323
B1135594548695N01145737EA008590100900000510220323
B1136004548703N01145741EA008570100600000530220323
B1136014548710N01145746EA008540100300000530220381
B1136024548718N01145750EA008520100100000540220381
B1136034548725N01145755EA008500099900000540220381
B1136044548732N01145760EA008480099700000530230381
B1136054548740N01145765EA008460099500000530240360
B1136064548747N01145770EA008440099300000530250360
B1136074548754N01145775EA008430099100000530260360
B1136084548761N01145780EA008410098900000540260410
B1136094548769N01145786EA008390098700000540260410
B1136104548776N01145791EA008360098500000540260410
B1136114548783N01145796EA008340098300000540260410
B1136124548790N01145801EA008330098100000530260410
B1136134548797N01145806EA008310097900000530260410
B1136144548804N01145812EA008290097700000530270382
B1136154548811N01145818EA008270097500000530280438
B1136164548818N01145823EA008250097200000530280438
B1136174548825N01145829EA008230097000000530280438
B1136184548832N01145834EA008210096800000530280438
B1136194548839N01145839EA008190096700000530280438
B1136204548846N01145845EA008170096500000530280438
B1136214548853N01145851EA008160096400000530280438
B1136224548860N01145857EA008140096200000520290484
B1136234548867N01145863EA008130096000000520300463
B1136244548874N01145869EA008110095800000550310463
B1136254548881N01145875EA008080095500000550320463
B1136264548888N01145882EA008060095200000560300463
B1136274548895N01145887EA008030094900000560280463
B1136284548903N01145893EA008010094600000550280463
B1136294548910N01145899EA007980094400000550280492
B1136304548917N01145906EA007950094100000560300492
B1136314548924N01145912EA007920093800000560320472
B1136324548931N01145919EA007890093500000570310472
B1136334548939N01145925EA007870093200000560300472
B1136344548946N01145931EA007840093000000540300472
B1136354548953N01145937EA007830092900000540300472
B1136364548959N01145944EA007810092700000550330472
B1136374548966N01145951EA007790092600000550360532
B1136384548972N01145958EA007770092400000530360532
B1136394548978N01145966EA007760092300000530360530
B1136404548985N01145973EA007750092100000540370530
B1136414548991N01145980EA007730092000000540380530
B1136424548997N01145988EA007720091900000550390530
B1136434549004N01145996EA007710091900000550400530
B1136444549010N01146003EA007700091800000530390593
B1136454549016N01146010EA007700091800000530380593
B1136464549023N01146016EA007690091700000540350590
B1136474549030N01146022EA007680091600000540320590
B1136484549037N01146028EA007680091600000520310590
B1136494549043N01146033EA007680091600000520300590
B1136504549050N01146039EA007680091600000510290590
B1136514549057N01146044EA007680091500000510280590
B1136524549064N01146050EA007670091400000530280643
B1136534549071N01146056EA007660091300000560300643
B1136544549078N01146064EA007640091100000580320631
B1136554549085N01146071EA007630090900000580340631
B1136564549092N01146078EA007610090800000580330631
B1136574549099N01146085EA007600090800000580320631
B1136584549107N01146091EA007600090700000560320631
B1136594549114N01146097EA007600090700000560300672
B1137004549122N01146102EA007600090700000550280672
B1137014549130N01146106EA007590090600000550220672
B1137024549138N01146109EA007590090600000550180672
B1137034549146N01146112EA007590090500000560120644
B1137044549154N01146115EA007580090500000560120644
B1137054549162N01146119EA007580090500000550140689
B1137064549170N01146122EA007570090400000550160689
B1137074549178N01146126EA007570090300000550160689
B1137084549186N01146130EA007570090300000560180689
B1137094549194N01146133EA007560090200000570160689
B1137104549202N01146137EA007550090200000590160689
B1137114549211N01146141EA007550090100000610160719
B1137124549220N01146146EA007540090000000610180719
B1137134549228N01146150EA007530089900000590180719
B1137144549236N01146153EA007530090000000510160719
B1137154549242N01146156EA007550090300000510180719
B1137164549248N01146159EA007570090500000370160719
B1137174549253N01146161EA007580090600000370140719
B1137184549260N01146163EA007590090600000430140716
B1137194549266N01146165EA007600090500000430140716
B1137204549274N01146167EA007590090400000510080716
B1137214549281N01146168EA007600090500000510040716
B1137224549288N01146169EA007610090700000450070716
B1137234549295N01146171EA007630091000000450100716
B1137244549301N01146172EA007650091200000420070716
B1137254549308N01146172EA007680091400000420040716
B1137264549315N01146171EA007690091600000503590758
B1137274549323N01146170EA007710091800000513540758
B1137284549330N01146171EA007730092000000463590758
B1137294549336N01146173EA007760092400000460040758
B1137304549341N01146176EA007790092600000360120758
B1137314549347N01146178EA007810092700000360200758
B1137324549354N01146180EA007820092700000490130758
B1137334549362N01146181EA007820092800000570060808
B1137344549370N01146182EA007830092900000530020808
B1137354549377N01146184EA007850093200000530040808
B1137364549382N01146187EA007880093700000380170808
B1137374549386N01146192EA007910093900000380300808
B1137384549389N01146196EA007940094300000270400808
B1137394549391N01146201EA007960094600000270500808
B1137404549390N01146206EA007990094800000230750808
B1137414549388N01146210EA008000094900000231000808
B1137424549384N01146209EA008020095000000291480808
B1137434549381N01146204EA008020095100000291960808
B1137444549380N01146195EA008030095200000462340808
B1137464549388N01146177EA008070095800000552980808
B1137474549396N01146173EA008090096000000533240808
B1137484549404N01146172EA008110096200000503440808
B1137494549411N01146173EA008140096500000503580857
B1137504549416N01146176EA008180096800000390090857
B1137514549421N01146180EA008210097200000390200857
B1137524549424N01146186EA008230097400000310390857
B1137534549425N01146192EA008250097500000310580857
B1137544549422N01146198EA008260097500000320910857
B1137554549419N01146201EA008280097800000321240857
B1137564549415N01146198EA008290098100000341700857
B1137574549412N01146191EA008320098400000342160857
B1137584549413N01146182EA008340098700000392540857
B1137594549415N01146175EA008370099000000392800857
B1138004549419N01146168EA008400099400000432980857
B1138014549425N01146163EA008430099600000433160857
B1138024549432N01146159EA008450099800000483290865
B1138034549439N01146157EA008470100000000483420865
B1138044549446N01146158EA008490100200000493560865
B1138054549453N01146162EA008520100500000490100857
B1138064549458N01146168EA008540100700000420250857
B1138074549462N01146173EA008570101000000420400888
B1138084549465N01146179EA008590101300000320430888
B1138094549469N01146183EA008620101500000320460888
B1138104549473N01146187EA008640101700000360380888
B1138114549478N01146192EA008660101800000360300888
B1138124549482N01146197EA008670102000000360370888
B1138134549486N01146203EA008680102100000360440888
B1138144549489N01146210EA008690102200000390480888
B1138154549493N01146216EA008710102300000390520880
B1138164549495N01146223EA008720102500000350600880
B1138174549496N01146230EA008740102700000350680880
B1138184549497N01146236EA008760102900000310720880
B1138194549499N01146243EA008770103000000310760880
B1138204549501N01146251EA008780103000000410700880
B1138214549504N01146260EA008780103100000450640880
B1138224549508N01146268EA008790103200000450610874
B1138234549511N01146276EA008810103400000450580888
B1138244549513N01146284EA008830103600000360640888
B1138254549514N01146290EA008850103900000360700888
B1138264549512N01146296EA008870104000000280920888
B1138274549509N01146301EA008870103900000281140888
B1138284549505N01146304EA008870103900000341360874
B1138294549500N01146304EA008870103800000341580874
B1138304549496N01146300EA008880104000000341920874
B1138314549494N01146293EA008890104100000342260874
B1138324549496N01146285EA008900104200000402640874
B1138334549500N01146278EA008910104400000402920874
B1138344549506N01146273EA008930104500000463130874
B1138354549512N01146271EA008950104800000463340888
B1138364549518N01146272EA008970105000000433510888
B1138374549525N01146275EA009000105200000430080888
B1138384549530N01146280EA009010105300000420230888
B1138394549534N01146287EA009020105500000420380888
B1138404549535N01146297EA009040105500000430600888
B1138414549534N01146305EA009050105600000430800888
B1138424549532N01146310EA009070105800000291080888
B1138434549528N01146313EA009070106000000291360816
B1138444549524N01146312EA009080106000000291660816
B1138454549520N01146308EA009090106100000291960888
B1138464549517N01146304EA009100106300000291960888
B1138484549515N01146292EA009130106600000282540888
B1138494549516N01146286EA009150106800000282700888
B1138504549519N01146279EA009170106900000352840888
B1138514549522N01146273EA009180106900000352980888
B1138524549528N01146267EA009190107100000453130888
B1138534549534N01146264EA009200107200000453280888
B1138544549542N01146263EA009220107400000483440888
B1138554549548N01146265EA009240107600000450000888
B1138564549554N01146270EA009260107800000410190888
B1138574549557N01146277EA009280108000000410380888
B1138584549558N01146285EA009290108200000360620888
B1138594549557N01146292EA009300108200000360860888
B1139004549554N01146297EA009310108400000291130888
B1139014549550N01146298EA009320108500000291400888
B1139024549546N01146296EA009330108600000261720888
B1139034549543N01146293EA009340108800000262040888
B1139044549541N01146287EA009360109000000292270888
B1139054549541N01146280EA009370109100000292500888
B1139064549542N01146273EA009390109300000362670888
B1139074549544N01146265EA009400109400000412840888
B1139084549549N01146259EA009410109600000433020903
B1139094549555N01146255EA009430109700000433200903
B1139104549561N01146253EA009440109900000443350917
B1139114549568N01146252EA009460110000000443500917
B1139124549574N01146252EA009480110300000383560917
B1139134549579N01146253EA009500110400000380020917
B1139144549584N01146254EA009510110500000330090917
B1139154549588N01146258EA009510110400000330160917
B1139164549593N01146262EA009510110300000360270852
B1139174549597N01146268EA009500110100000360380852
B1139184549601N01146275EA009480109900000420440852
B1139194549605N01146282EA009470109800000420500852
B1139204549609N01146289EA009450109700000430510894
B1139214549613N01146297EA009440109600000430520894
B1139224549617N01146304EA009430109500000430510894
B1139234549621N01146311EA009420109400000430500894
B1139244549625N01146318EA009410109300000430480805
B1139254549629N01146324EA009400109200000430460805
B1139264549633N01146331EA009390109200000390490805
B1139274549636N01146338EA009390109200000390520805
B1139284549640N01146345EA009390109200000390540805
B1139294549643N01146352EA009390109300000390560805
B1139304549645N01146359EA009400109400000360590805
B1139314549647N01146366EA009400109400000360620776
B1139324549649N01146373EA009400109300000340640776
B1139334549652N01146380EA009390109200000340660776
B1139344549655N01146387EA009370109000000400610776
B1139354549659N01146395EA009350108700000400560801
B1139364549663N01146402EA009340108600000410520801
B1139374549667N01146408EA009320108500000410480801
B1139384549671N01146414EA009310108400000410440778
B1139394549676N01146420EA009300108200000410400778
B1139404549681N01146426EA009280108000000440390778
B1139414549686N01146432EA009260107800000440380778
B1139424549691N01146439EA009250107600000430410778
B1139434549695N01146446EA009230107400000430440778
B1139444549699N01146453EA009200107200000420510778
B1139454549701N01146462EA009180106900000410580729
B1139464549703N01146470EA009160106600000430660729
B1139474549705N01146479EA009130106400000410740729
B1139484549706N01146487EA009110106200000390720729
B1139494549708N01146495EA009090106000000390700729
B1139504549710N01146504EA009070105800000390720783
B1139514549711N01146512EA009040105500000390740757
B1139524549713N01146520EA009020105200000380730757
B1139534549715N01146528EA008990104900000380720757
B1139544549716N01146536EA008960104600000400710757
B1139554549718N01146545EA008930104200000400700757
B1139564549720N01146553EA008900103900000390720757
B1139574549721N01146560EA008870103600000390740757
B1139584549722N01146568EA008850103400000350750736
B1139594549723N01146576EA008820103100000350760736
B1140004549725N01146584EA008790102700000390760736
B1140014549726N01146592EA008750102300000390760736
B1140024549727N01146601EA008720101900000420780736
B1140034549728N01146610EA008680101500000430780736
B1140044549730N01146619EA008640101100000440800735
B1140054549730N01146629EA008590100600000460780735
B1140064549731N01146639EA008550100300000470840735
B1140074549732N01146648EA008520100000000440860735
B1140084549733N01146658EA008500099900000430820735
B1140094549734N01146667EA008470099700000420800771
B1140104549735N01146675EA008460099600000410800771
B1140114549736N01146684EA008450099500000400800771
B1140124549737N01146692EA008430099300000400790771
B1140134549738N01146701EA008420099100000400780771
B1140144549739N01146710EA008400098800000420800771
B1140154549739N01146719EA008370098500000430820796
B1140164549740N01146729EA008350098300000440840796
B1140174549740N01146738EA008330098000000450860796
B1140184549740N01146748EA008300097800000450880796
B1140194549740N01146758EA008290097600000470900796
B1140204549739N01146768EA008270097500000490920821
B1140214549739N01146779EA008270097500000500940821
B1140224549738N01146789EA008270097600000450940821
B1140234549739N01146798EA008280097900000410920821
B1140244549739N01146806EA008300098200000400860821
B1140254549741N01146815EA008320098300000400800873
B1140264549742N01146823EA008340098500000380780873
B1140274549743N01146831EA008350098600000380760873
B1140284549744N01146839EA008360098700000380800873
B1140294549744N01146847EA008370098700000380840873
B1140304549744N01146855EA008380098900000390860873
B1140314549744N01146863EA008390099100000390880885
B1140324549743N01146869EA008410099300000300880885
B1140344549739N01146880EA008450099700000261140885
B1140394549717N01146888EA008510100400000281760885
B1140404549713N01146885EA008530100700000261970885
B1140414549711N01146880EA008550100900000262180885
B1140424549711N01146873EA008570101000000332460885
B1140434549713N01146866EA008580101200000332740885
B1140444549718N01146861EA008600101300000423020885
B1140454549724N01146859EA008610101400000423300873
B1140464549730N01146861EA008630101600000423560885
B1140474549735N01146866EA008640101800000420220885
B1140484549738N01146873EA008660102000000360410885
B1140494549740N01146880EA008680102200000360600885
B1140504549741N01146887EA008710102500000330710885
B1140514549741N01146894EA008730102800000330820885
B1140524549740N01146901EA008750103000000320920885
B1140534549739N01146907EA008770103200000321020885
B1140544549737N01146912EA008790103400000281110864
B1140554549734N01146917EA008810103600000281200864
B1140564549731N01146920EA008830103800000281350864
B1140574549726N01146922EA008840104000000281500864
B1140584549722N01146925EA008860104100000301530864
B1140594549718N01146928EA008880104400000301560864
B1141004549715N01146931EA008900104700000281540864
B1141014549711N01146933EA008930105000000281520864
B1141024549707N01146934EA008960105400000281610828
B1141034549702N01146934EA008990105700000281700828
B1141044549698N01146933EA009010105900000311840828
B1141054549694N01146929EA009030106100000311980828
B1141064549690N01146923EA009050106400000382190828
B1141074549689N01146914EA009080106700000422400828
B1141084549690N01146905EA009100107000000442620832
B1141094549695N01146898EA009130107200000442900832
B1141104549701N01146893EA009160107500000473130832
B1141114549707N01146892EA009180107700000473360832
B1141124549712N01146896EA009210108100000340080885
B1141134549714N01146902EA009240108400000340400885
B1141144549714N01146908EA009260108600000300670885
B1141154549712N01146913EA009290108900000300940864
B1141164549708N01146916EA009320109200000271290828
B1141174549704N01146915EA009340109400000271640828
B1141184549700N01146910EA009370109700000361940832
B1141194549698N01146903EA009400110000000362240832
B1141204549698N01146895EA009420110300000382540832
B1141214549701N01146887EA009450110500000412820832
B1141224549704N01146880EA009480110800000392950832
B1141234549708N01146874EA009510111200000393080832
B1141244549712N01146870EA009540111500000313160885
B1141254549716N01146867EA009580111800000313240885
B1141264549720N01146864EA009600112000000323300885
B1141274549725N01146863EA009630112200000323400885
B1141284549731N01146864EA009640112300000363560885
B1141294549735N01146868EA009660112400000360120885
B1141304549738N01146875EA009680112600000380430885
B1141314549737N01146883EA009700112800000380740885
B1141324549733N01146889EA009720113100000351060885
B1141334549729N01146891EA009750113400000351380885
B1141344549724N01146889EA009780113800000311730885
B1141354549721N01146884EA009810114200000312080885
B1141364549719N01146878EA009850114400000342280885
B1141374549718N01146871EA009870114700000342480885
B1141384549718N01146864EA009890114900000302650885
B1141394549720N01146858EA009920115200000302820873
B1141404549724N01146854EA009940115400000313000873
B1141414549728N01146850EA009960115500000313180873
B1141424549732N01146847EA009970115600000353260873
B1141434549738N01146844EA009980115600000353340873
B1141444549743N01146842EA010000115800000363390873
B1141454549748N01146841EA010010115900000363440873
B1141464549753N01146840EA010030116100000363510873
B1141474549759N01146841EA010050116300000363580909
B1141484549763N01146844EA010070116500000340130909
B1141494549767N01146850EA010090116700000340280909
B1141504549770N01146856EA010120117000000350450909
B1141514549771N01146863EA010140117200000350620922
B1141524549770N01146869EA010160117500000270840922
B1141534549768N01146874EA010180117700000271060922
B1141544549765N01146877EA010200117800000301280922
B1141554549760N01146879EA010220117900000301500922
B1141564549756N01146878EA010240118200000301750885
B1141574549753N01146873EA010260118500000302000885
B1141584549751N01146866EA010280118700000382310885
B1141594549753N01146857EA010290118800000432620873
B1142004549758N01146851EA010310119000000462940873
B1142014549764N01146849EA010320119200000463260909
B1142024549770N01146852EA010350119500000383560909
B1142034549774N01146857EA010380119800000380240909
B1142044549775N01146863EA010400120100000310520922
B1142054549774N01146869EA010430120300000310800922
B1142064549771N01146874EA010450120600000301120922
B1142074549766N01146875EA010470120700000301440922
B1142084549762N01146872EA010490121000000331790922
B1142094549759N01146866EA010510121200000332140922
B1142104549758N01146857EA010530121400000392400873
B1142114549761N01146850EA010550121700000392700909
B1142124549765N01146845EA010570121900000393000909
B1142134549771N01146843EA010590122100000393300909
B1142144549776N01146845EA010620122400000363540909
B1142154549780N01146849EA010640122600000360180909
B1142164549783N01146854EA010660122900000300390909
B1142174549784N01146860EA010690123200000300600909
B1142184549786N01146866EA010710123300000310650922
B1142194549789N01146873EA010730123600000310700922
B1142204549794N01146879EA010740123700000430520922
B1142214549799N01146883EA010750123700000430340922
B1142224549806N01146888EA010760123900000460290922
B1142234549812N01146891EA010780124100000460240966
B1142244549818N01146894EA010810124500000400210966
B1142254549823N01146896EA010840124800000400180966
B1142264549829N01146898EA010870125100000390150966
B1142274549835N01146901EA010900125400000390120966
B1142284549841N01146905EA010920125600000410210966
B1142294549845N01146911EA010950125900000410300936
B1142304549847N01146917EA010980126300000330480936
B1142314549848N01146923EA011020126600000330660936
B1142324549846N01146928EA011050126900000260890936
B1142334549844N01146932EA011070127200000261120936
B1142344549841N01146934EA011100127500000241400936
B1142354549837N01146932EA011130127700000241680936
B1142364549833N01146927EA011140127900000362010936
B1142374549832N01146919EA011160128100000422340936
B1142384549832N01146909EA011190128500000462560966
B1142394549836N01146901EA011220128800000442820966
B1142404549841N01146897EA011250129200000413100966
B1142414549847N01146896EA011290129600000413380966
B1142424549852N01146899EA011320129900000383590966
B1142434549857N01146903EA011360130200000380200966
B1142444549859N01146909EA011390130600000330431004
B1142454549859N01146916EA011430131000000330660976
B1142464549857N01146922EA011460131400000320960936
B1142474549853N01146926EA011490131700000321260936
B1142484549849N01146926EA011520132000000281560936
B1142494549845N01146923EA011560132300000281860936
B1142504549842N01146918EA011590132700000332110936
B1142514549841N01146911EA011630133100000332360936
B1142524549842N01146904EA011660133500000352600966
B1142534549845N01146897EA011700133900000352840966
B1142544549849N01146893EA011730134200000383090966
B1142554549855N01146892EA011770134500000383340966
B1142564549861N01146894EA011800134900000403581004
B1142574549866N01146899EA011830135100000400221004
B1142584549870N01146906EA011860135400000420371004
B1142594549873N01146913EA011900135900000420520976
B1143004549875N01146920EA011940136400000360600976
B1143014549876N01146927EA011980136800000360680976
B1143024549876N01146934EA012010137100000290680976
B1143034549875N01146940EA012040137200000280960976
B1143044549871N01146944EA012050137300000311210976
B1143054549867N01146945EA012070137500000311460976
B1143064549863N01146942EA012090137700000331840976
B1143074549861N01146934EA012110138000000382220976
B1143084549862N01146926EA012130138300000442600976
B1143094549866N01146918EA012160138500000472860976
B1143104549872N01146912EA012190138800000483090976
B1143114549879N01146911EA012220139200000483320976
B1143124549885N01146913EA012250139400000433560976
B1143134549890N01146918EA012270139600000430200976
B1143144549896N01146924EA012300139900000460290976
B1143154549901N01146930EA012320140200000460380976
B1143164549907N01146935EA012350140500000450320976
B1143174549913N01146939EA012380140900000450261011
B1143184549918N01146944EA012420141300000400281011
B1143194549923N01146949EA012440141600000400301011
B1143204549929N01146954EA012470141800000460321011
B1143214549935N01146960EA012490142000000460341011
B1143224549941N01146967EA012500142200000490340982
B1143234549947N01146973EA012520142300000490340982
B1143244549953N01146979EA012530142400000480340982
B1143254549959N01146985EA012540142400000480341025
B1143264549966N01146990EA012530142300000510311025
B1143274549972N01146996EA012520142000000510281025
B1143284549979N01147002EA012500141800000550301025
B1143294549986N01147009EA012470141400000550321025
B1143304549994N01147016EA012440141000000600321003
B1143314550002N01147024EA012400140600000620321003
B1143324550009N01147032EA012370140200000650331039
B1143334550018N01147040EA012330139800000670341039
B1143344550026N01147048EA012300139600000680341039
B1143354550035N01147055EA012270139400000660321039
B1143364550043N01147063EA012260139300000620321017
B1143374550050N01147070EA012240139200000620341017
B1143384550057N01147078EA012230139100000570361017
B1143394550064N01147086EA012210138900000570381053
B1143404550070N01147094EA012200138700000540381053
B1143414550076N01147101EA012180138500000540381053
B1143424550083N01147107EA012160138200000520351053
B1143434550089N01147113EA012130137900000520321029
B1143444550096N01147119EA012110137600000530311029
B1143454550103N01147125EA012090137400000530301029
B1143464550110N01147131EA012070137300000510311037
B1143474550116N01147137EA012050137100000510321037
B1143484550122N01147143EA012040137000000480321037
B1143494550128N01147148EA012030136800000480321037
B1143504550134N01147154EA012010136700000470321037
B1143514550140N01147159EA011990136400000470321037
B1143524550147N01147165EA011960136000000490311034
B1143534550153N01147171EA011930135600000490301034
B1143544550160N01147176EA011890135200000550281060
B1143554550168N01147183EA011850134800000590261060
B1143564550176N01147189EA011820134500000610301060
B1143574550183N01147196EA011790134200000610321060
B1143584550191N01147203EA011760134000000560321060
B1143594550197N01147210EA011750133900000560341060
B1144004550204N01147216EA011730133700000530331051
B1144014550211N01147222EA011710133500000530321094
B1144024550219N01147228EA011700133400000580301094
B1144034550227N01147233EA011680133200000600261094
B1144044550235N01147239EA011670133000000620241094
B1144054550243N01147245EA011650132900000620261094
B1144064550251N01147252EA011640133000000590281094
B1144074550258N01147257EA011650133200000590281094
B1144084550265N01147263EA011660133300000510291123
B1144094550272N01147268EA011670133400000510301123
B1144104550279N01147273EA011680133500000490271123
B1144114550285N01147277EA011680133400000490241123
B1144124550292N01147282EA011680133400000500231123
B1144134550299N01147286EA011670133200000500221123
B1144144550306N01147291EA011650133000000510241123
B1144154550313N01147297EA011640132800000510261171
B1144164550320N01147302EA011610132500000510281171
B1144174550326N01147308EA011590132300000510301171
B1144184550334N01147313EA011570132100000530281153
B1144194550341N01147317EA011550131800000530241153
B1144204550348N01147322EA011530131600000540231153
B1144214550356N01147327EA011500131400000540221153
B1144224550363N01147332EA011480131100000540241193
B1144234550371N01147338EA011450130900000550261193
B1144244550378N01147344EA011430130600000580281193
B1144254550386N01147351EA011400130300000600301193
B1144264550393N01147358EA011380130100000610331193
B1144274550401N01147366EA011360130000000610361178
B1144284550408N01147374EA011340129900000590371230
B1144294550415N01147382EA011340129900000590381230
B1144304550421N01147389EA011330129900000550391230
B1144314550427N01147397EA011340130000000550401230
B1144324550433N01147404EA011340130100000480401230
B1144334550438N01147410EA011350130200000480401230
B1144344550443N01147415EA011360130400000420381200
B1144354550448N01147420EA011380130600000420361200
B1144364550453N01147425EA011390130700000410341200
B1144374550459N01147430EA011400130800000410321237
B1144384550464N01147436EA011400130700000430331237
B1144394550469N01147441EA011400130600000430341237
B1144404550475N01147446EA011390130400000440331237
B1144414550480N01147452EA011370130200000440321237
B1144424550486N01147458EA011350129900000450361237
B1144434550491N01147465EA011330129700000450401210
B1144444550495N01147471EA011310129600000440421210
B1144454550500N01147478EA011300129500000440441210
B1144464550505N01147484EA011290129400000420441210
B1144474550509N01147490EA011270129200000420441251
B1144484550513N01147497EA011250129000000420461251
B1144494550517N01147505EA011240128700000420481251
B1144504550521N01147513EA011220128600000480511225
B1144514550525N01147521EA011210128700000480541225
B1144524550529N01147528EA011220128900000420531225
B1144534550533N01147535EA011230129100000420521225
B1144544550536N01147540EA011240129100000330511225
B1144554550539N01147546EA011250129100000330501225
B1144564550543N01147554EA011250129000000420501225
B1144574550548N01147561EA011240128800000420501198
B1144584550553N01147570EA011230128700000550461198
B1144594550560N01147578EA011220128600000550441239
B1145004550566N01147585EA011220128700000540401239
B1145014550572N01147591EA011230128900000540361239
B1145024550578N01147595EA011260129200000430331239
B1145034550583N01147600EA011290129600000430301239
B1145044550588N01147603EA011300129700000330291239
B1145054550592N01147607EA011310129600000330281239
B1145064550598N01147611EA011300129500000430271189
B1145074550605N01147617EA011290129400000430261189
B1145084550612N01147622EA011280129300000560261217
B1145094550619N01147628EA011280129400000560261217
B1145104550626N01147633EA011290129600000530271217
B1145114550632N01147638EA011310130000000530281217
B1145124550637N01147641EA011350130500000360281217
B1145134550642N01147645EA011380130900000360281217
B1145144550647N01147648EA011410131100000350241217
B1145154550652N01147651EA011440131200000350201217
B1145164550659N01147654EA011450131200000470161251
B1145174550667N01147656EA011460131200000510121251
B1145184550675N01147657EA011470131300000530081251
B1145194550682N01147659EA011480131500000530081251
B1145204550690N01147660EA011490131600000490081251
B1145214550697N01147662EA011510131800000490081215
B1145224550704N01147663EA011520131900000490061215
B1145234550712N01147663EA011530131900000510041239
B1145244550720N01147664EA011550132100000520021239
B1145254550728N01147665EA011560132300000540021239
B1145264550736N01147666EA011580132400000530021239
B1145274550743N01147667EA011600132700000510061239
B1145284550750N01147669EA011610132900000480081239
B1145294550757N01147670EA011630133100000480101239
B1145304550764N01147672EA011650133200000450091256
B1145314550770N01147673EA011660133300000450081256
B1145324550777N01147675EA011680133400000460081256
B1145334550784N01147677EA011690133600000460081256
B1145344550791N01147679EA011710133900000440121256
B1145354550796N01147682EA011740134200000440161256
B1145364550802N01147685EA011760134500000420171256
B1145374550809N01147688EA011780134500000420181274
B1145384550815N01147690EA011790134500000450141274
B1145394550822N01147692EA011790134500000450101274
B1145404550829N01147693EA011800134500000440111274
B1145414550835N01147695EA011810134700000440121274
B1145424550841N01147697EA011830134800000400111274
B1145434550847N01147699EA011840134900000400101274
B1145444550854N01147700EA011840134900000440091274
B1145454550861N01147702EA011840134900000440081290
B1145464550868N01147704EA011840135000000490101290
B1145474550875N01147707EA011840135000000490121290
B1145484550882N01147710EA011850135100000480141290
B1145494550889N01147713EA011860135200000480161248
B1145504550895N01147717EA011870135300000460181248
B1145514550901N01147720EA011880135500000460201248
B1145524550907N01147724EA011900135600000390221248
B1145534550912N01147728EA011910135700000390241283
B1145544550918N01147732EA011910135700000400241283
B1145554550924N01147736EA011910135700000400241283
B1145564550930N01147741EA011910135500000470241283
B1145574550936N01147745EA011910135500000470241283
B1145584550942N01147750EA011910135500000450271283
B1145594550948N01147755EA011910135600000450301283
B1146004550953N01147760EA011910135600000400301283
B1146014550958N01147764EA011910135600000400301252
B1146024550964N01147769EA011910135500000420281252
B1146034550970N01147773EA011900135500000420261252
B1146044550976N01147778EA011890135400000440271252
B1146054550981N01147782EA011880135300000440281252
B1146064550987N01147787EA011880135300000420291252
B1146074550992N01147792EA011870135300000420301252
B1146084550997N01147797EA011860135100000430321252
B1146094551003N01147803EA011860135200000430341252
B1146104551008N01147809EA011860135200000430371273
B1146114551013N01147815EA011870135400000430401221
B1146124551017N01147820EA011870135400000420391221
B1146134551023N01147826EA011880135500000420381221
B1146144551028N01147833EA011880135400000480381221
B1146154551034N01147840EA011880135400000480381221
B1146164551040N01147847EA011870135400000480391221
B1146174551045N01147853EA011880135400000480401221
B1146184551050N01147859EA011880135500000410401221
B1146194551054N01147865EA011880135500000410401205
B1146204551059N01147870EA011880135400000420391268
B1146214551064N01147876EA011880135400000420381268
B1146224551070N01147883EA011870135300000460381268
B1146234551075N01147889EA011870135300000460381268
B1146244551080N01147896EA011870135400000450391268
B1146254551085N01147902EA011870135400000450401268
B1146264551090N01147908EA011870135400000420411268
B1146274551094N01147915EA011870135400000420421227
B1146284551099N01147922EA011870135400000470441227
B1146294551105N01147929EA011870135400000470441227
B1146304551110N01147937EA011870135500000500451302
B1146314551115N01147945EA011880135500000500461302
B1146324551120N01147952EA011890135600000500461302
B1146334551126N01147960EA011900135700000500461302
B1146344551131N01147968EA011910135800000520461250
B1146354551136N01147976EA011930136000000520461250
B1146364551140N01147983EA011960136300000450491250
B1146374551143N01147988EA012010136800000450521250
B1146384551146N01147991EA012060137200000280471250
B1146394551150N01147993EA012100137500000280421250
B1146404551153N01147996EA012130137700000280361250
B1146414551157N01148000EA012160137900000280301250
B1146424551161N01148005EA012180138000000350361334
B1146434551164N01148012EA012200138200000350421280
B1146444551167N01148019EA012220138400000380521280
B1146454551170N01148025EA012250138600000380621280
B1146464551172N01148031EA012270138800000340591280
B1146474551176N01148036EA012300139100000340561280
B1146484551179N01148042EA012320139200000350501280
B1146494551183N01148047EA012330139300000350441280
B1146504551187N01148053EA012350139500000380431280
B1146514551192N01148058EA012360139600000380421280
B1146524551196N01148064EA012370139700000390411248
B1146534551201N01148070EA012380139800000390401248
B1146544551205N01148075EA012390140000000380411248
B1146554551208N01148081EA012400140000000380421286
B1146564551212N01148087EA012400140200000350461286
B1146574551215N01148093EA012410140200000350501286
B1146584551219N01148099EA012420140400000350491286
B1146594551222N01148105EA012420140400000350481286
B1147004551225N01148112EA012430140500000360521258
B1147014551228N01148118EA012430140500000360561258
B1147024551231N01148124EA012430140600000330571258
B1147034551234N01148131EA012440140700000330581258
B1147044551236N01148137EA012450140800000330581258
B1147054551239N01148143EA012450140800000330581258
B1147064551241N01148150EA012450140800000350591258
B1147074551244N01148156EA012450140700000350601258
B1147084551247N01148163EA012440140700000340591226
B1147094551249N01148169EA012430140600000340581226
B1147104551252N01148176EA012420140500000360591226
B1147114551255N01148183EA012410140400000360601226
B1147124551257N01148190EA012400140300000360591226
B1147134551260N01148197EA012390140300000360581284
B1147144551264N01148203EA012390140200000380551284
B1147154551267N01148210EA012380140100000380521286
B1147164551271N01148217EA012370140100000430501286
B1147174551276N01148224EA012370140000000430481286
B1147184551280N01148232EA012360140000000440491286
B1147194551284N01148239EA012360140100000440501286
B1147204551288N01148247EA012370140100000430521286
B1147214551291N01148254EA012380140300000430541286
B1147224551295N01148261EA012390140400000370521285
B1147234551299N01148266EA012400140600000370501285
B1147244551303N01148272EA012410140700000370461285
B1147254551306N01148277EA012420140800000370421285
B1147264551310N01148284EA012430140900000360481359
B1147274551313N01148291EA012430140900000360541359
B1147284551317N01148298EA012440141000000410541359
B1147294551321N01148305EA012450141100000410521359
B1147304551324N01148312EA012460141300000400501359
B1147314551328N01148318EA012480141600000400481359
B1147324551333N01148324EA012500141800000410461359
B1147334551337N01148331EA012520142000000410441359
B1147344551341N01148337EA012540142200000400461359
B1147354551345N01148345EA012550142300000400481359
B1147364551348N01148352EA012560142400000390521359
B1147374551351N01148359EA012570142500000390561359
B1147384551355N01148366EA012580142500000400561336
B1147394551358N01148373EA012580142500000400561355
B1147404551362N01148381EA012580142600000460531355
B1147414551367N01148389EA012590142600000460501355
B1147424551372N01148396EA012590142700000470461355
B1147434551378N01148403EA012600142800000470421355
B1147444551384N01148409EA012600142900000500391355
B1147454551390N01148416EA012610143000000500361312
B1147464551397N01148423EA012610143000000540371312
B1147474551403N01148431EA012610143100000540381312
B1147484551410N01148439EA012620143100000560391293
B1147494551416N01148447EA012620143200000560401293
B1147504551422N01148455EA012620143200000530421293
B1147514551427N01148463EA012630143300000530441209
B1147524551432N01148471EA012640143500000480441209
B1147534551437N01148478EA012650143500000480441209
B1147544551442N01148485EA012660143500000450441209
B1147554551447N01148492EA012660143400000450441209
B1147564551452N01148499EA012650143300000480441209
B1147574551458N01148507EA012640143200000480441242
B1147584551463N01148516EA012620143000000540461201
B1147594551467N01148526EA012610142900000540501201
B1148004551471N01148536EA012600142800000530561201
B1148014551475N01148545EA012600142800000510601201
B1148024551480N01148554EA012590142700000490581201
B1148034551484N01148563EA012590142700000490541173
B1148044551488N01148571EA012580142600000480541173
B1148054551492N01148580EA012580142500000480541173
B1148064551497N01148589EA012570142500000490561173
B1148074551501N01148597EA012560142300000490541173
B1148084551505N01148606EA012550142300000480541173
B1148094551509N01148615EA012550142200000470561179
B1148104551513N01148623EA012550142200000450551179
B1148114551517N01148630EA012550142200000450541179
B1148124551522N01148638EA012550142100000450511179
B1148134551526N01148645EA012540142100000450481179
B1148144551531N01148653EA012540142100000470491179
B1148154551536N01148661EA012540142100000470501153
B1148164551540N01148669EA012540142100000470481153
B1148174551546N01148676EA012540142200000470461153
B1148184551551N01148683EA012530142100000480421153
B1148194551556N01148690EA012530142000000480421153
B1148204551562N01148698EA012520141900000490431205
B1148214551567N01148706EA012510141800000490441205
B1148224551572N01148714EA012500141600000500471202
B1148234551576N01148723EA012480141500000500501202
B1148244551581N01148732EA012470141200000500521202
B1148254551585N01148741EA012450141000000500541202
B1148264551590N01148750EA012430140900000500521202
B1148274551594N01148759EA012420140700000510541202
B1148284551597N01148769EA012410140600000510581190
B1148294551601N01148778EA012400140500000510621190
B1148304551604N01148788EA012390140400000520641190
B1148314551608N01148799EA012370140300000520621244
B1148324551611N01148809EA012360140100000540621244
B1148334551615N01148819EA012340139900000550621216
B1148344551619N01148830EA012320139700000540621216
B1148354551622N01148841EA012310139700000530641216
B1148364551626N01148850EA012310139700000510641216
B1148374551630N01148859EA012300139700000500601216
B1148384551634N01148867EA012300139700000450551208
B1148394551637N01148874EA012300139700000450501208
B1148404551640N01148882EA012300139700000380561208
B1148414551643N01148889EA012290139600000380621208
B1148424551645N01148897EA012280139400000410631208
B1148434551648N01148905EA012270139200000410641208
B1148444551650N01148914EA012250139000000450641206
B1148454551653N01148923EA012230138700000470641206
B1148464551657N01148933EA012210138500000480641268
B1148474551661N01148942EA012180138300000490601268
B1148484551665N01148951EA012160138100000500581268
B1148494551669N01148960EA012140137900000490561274
B1148504551673N01148969EA012120137700000480561274
B1148514551676N01148978EA012100137500000490561274
B1148524551681N01148987EA012080137300000490561274
B1148534551685N01148996EA012070137100000490561274
B1148544551689N01149005EA012050137000000510561274
B1148554551693N01149013EA012040137000000510541277
B1148564551698N01149021EA012040137000000500511277
B1148574551703N01149029EA012040137000000500481277
B1148584551708N01149037EA012040137100000480501259
B1148594551711N01149045EA012050137300000480521259
B1149004551714N01149053EA012070137500000400571259
B1149014551717N01149060EA012080137600000400621200
B1149024551720N01149067EA012090137700000390621200
B1149034551724N01149075EA012100137600000420561200
B1149044551728N01149083EA012100137600000460531200
B1149054551733N01149091EA012090137500000460501200
B1149064551738N01149098EA012090137500000520471200
B1149074551744N01149106EA012090137600000520441200
B1149084551750N01149114EA012100137700000530421161
B1149094551757N01149121EA012120137900000530401130
B1149104551763N01149126EA012140138300000510331130
B1149114551769N01149129EA012190138900000510261130
B1149124551774N01149132EA012240139700000290181130
B1149134551777N01149134EA012310140300000290221130
B1149144551779N01149139EA012360140800000250391130
B1149154551781N01149145EA012400141100000250561130
B1149164551781N01149153EA012420141300000380741130
B1149174551781N01149161EA012450141600000380921090
B1149184551782N01149168EA012500142200000360821090
B1149194551785N01149174EA012560142900000360721090
B1149204551789N01149178EA012610143400000350471090
B1149214551795N01149183EA012650143500000350221090
B1149224551802N01149190EA012670143500000540291090
B1149234551808N01149198EA012670143500000540361060
B1149244551815N01149205EA012670143600000570361060
B1149254551822N01149211EA012690143800000570361056
B1149264551828N01149216EA012710144100000450321056
B1149274551834N01149221EA012740144300000450281056
B1149284551841N01149226EA012750144500000480271056
B1149294551848N01149232EA012740144300000480261056
B1149304551855N01149238EA012730144100000590271056
B1149314551863N01149245EA012720144000000620280997
B1149324551871N01149253EA012710143900000630320997
B1149334551878N01149261EA012710143900000630361020
B1149344551885N01149270EA012720144200000590421020
B1149354551891N01149278EA012740144500000590421020
B1149364551897N01149284EA012770144900000470401020
B1149374551902N01149290EA012800145300000470381020
B1149384551907N01149295EA012820145400000410330951
B1149394551913N01149299EA012840145400000410280951
B1149404551919N01149304EA012830145300000460280951
B1149414551926N01149310EA012820145100000460280971
B1149424551932N01149317EA012800144700000570330971
B1149434551939N01149326EA012770144400000610380971
B1149444551946N01149335EA012740144200000630420971
B1149454551952N01149345EA012720144000000630440971
B1149464551959N01149355EA012710143900000610440900
B1149474551965N01149364EA012700143800000580440919
B1149484551971N01149373EA012690143800000550460919
B1149494551976N01149381EA012680143600000550480919
B1149504551981N01149390EA012670143400000540480919
B1149514551987N01149400EA012650143100000580480919
B1149524551993N01149410EA012630142900000610480904
B1149534551999N01149420EA012610142700000630480904
B1149544552005N01149430EA012590142500000620480904
B1149554552011N01149440EA012570142300000610480856
B1149564552017N01149450EA012550142200000580480856
B1149574552023N01149459EA012540142100000550500835
B1149584552028N01149468EA012540142100000540480835
B1149594552033N01149476EA012530142100000540480835
B1150004552038N01149485EA012520142000000500480835
B1150014552042N01149493EA012510141800000500520835
B1150024552047N01149502EA012500141600000480520835
B1150034552051N01149511EA012480141300000510520805
B1150044552055N01149521EA012450141000000530540805
B1150054552060N01149531EA012420140700000540580759
B1150064552064N01149540EA012400140500000540580759
B1150074552069N01149550EA012380140300000530560759
B1150084552073N01149559EA012360140100000510520731
B1150094552076N01149569EA012350140000000460560731
B1150104552076N01149578EA012340139900000420720731
B1150114552072N01149585EA012310139500000421000731
B1150124552066N01149590EA012280139000000471290731
B1150134552059N01149591EA012240138500000471580731
B1150144552051N01149589EA012200138200000531760779
B1150154552044N01149584EA012170138000000531940779
B1150164552038N01149579EA012150137900000452030779
B1150174552033N01149573EA012140137800000452120779
B1150184552028N01149567EA012120137600000432170779
B1150194552023N01149560EA012110137400000432220779
B1150204552018N01149553EA012090137200000452240805
B1150214552014N01149546EA012060137000000452260805
B1150224552009N01149539EA012040136800000442260805
B1150234552005N01149532EA012020136600000442260862
B1150244552000N01149526EA012010136400000412240862
B1150254551996N01149520EA011990136300000412220862
B1150264551991N01149514EA011970136100000382220862
B1150274551987N01149508EA011950135900000382220888
B1150284551984N01149503EA011940135600000362240888
B1150294551980N01149497EA011920135400000362260888
B1150304551976N01149491EA011900135200000362260888
B1150314551972N01149486EA011890135000000382240888
B1150334551963N01149474EA011850134700000402220888
B1150344551959N01149470EA011830134400000332170888
B1150354551955N01149467EA011830134400000332120963
B1150364551953N01149465EA011830134500000172120963
B1150374551951N01149462EA011830134500000172120963
B1150384551950N01149459EA011820134200000192240963
B1150394551947N01149454EA011780133700000192360982
B1150404551943N01149449EA011740133200000392300982
B1150414551938N01149443EA011700132700000392240982
B1150424551933N01149437EA011660132300000432200982
B1150434551928N01149432EA011620132000000432160982
B1150444551923N01149426EA011590131800000392160982
B1150454551919N01149421EA011570131600000392180982
B1150464551915N01149416EA011550131400000342180982
B1150474551911N01149412EA011530131200000342180982
B1150484551907N01149407EA011510131000000322180984
B1150494551903N01149402EA011490130700000322181064
B1150504551899N01149398EA011460130400000342171064
B1150514551895N01149394EA011440130200000342161064
B1150524551890N01149390EA011420130100000352091064
B1150534551885N01149388EA011410129900000352021064
B1150544551880N01149386EA011400129900000331981064
B1150554551876N01149384EA011390130000000331941064
B1150564551871N01149381EA011390130000000332001064
B1150574551867N01149377EA011380130000000332061064
B1150584551863N01149372EA011380130000000352111064
B1150594551858N01149367EA011390130000000352161064
B1151004551855N01149363EA011390130200000322171055
B1151014551851N01149359EA011410130300000322181055
B1151024551848N01149355EA011420130400000272181067
B1151034551844N01149352EA011420130500000272181067
B1151044551841N01149348EA011420130400000282201067
B1151054551838N01149343EA011420130400000282221067
B1151064551835N01149339EA011420130400000292231067
B1151074551831N01149335EA011420130400000292241067
B1151084551828N01149331EA011420130300000292181067
B1151094551824N01149327EA011410130200000292121067
B1151104551820N01149323EA011410130200000292141067
B1151114551817N01149320EA011400130200000292161067
B1151124551814N01149317EA011400130200000242151067
B1151134551811N01149314EA011390130000000242141067
B1151144551808N01149310EA011380129800000262201067
B1151154551806N01149305EA011370129600000262261039
B1151164551803N01149301EA011350129400000292251039
B1151174551799N01149297EA011330129200000292241039
B1151184551795N01149294EA011310129100000302171039
B1151194551792N01149290EA011300129000000302101039
B1151204551789N01149287EA011300129000000262151039
B1151214551786N01149283EA011300129000000262201039
B1151224551784N01149279EA011290128900000232261039
B1151234551782N01149275EA011290128800000232321039
B1151244551778N01149272EA011270128600000272181039
B1151254551774N01149271EA011250128400000272041039
B1151264551770N01149269EA011230128200000301971039
B1151274551766N01149268EA011220128200000301901039
B1151284551763N01149267EA011220128200000221931039
B1151294551759N01149265EA011210128100000221961039
B1151304551756N01149263EA011210128000000221971060
B1151314551753N01149262EA011190127800000221981060
B1151324551749N01149260EA011180127600000251991060
B1151334551746N01149258EA011170127500000252001083
B1151344551742N01149257EA011150127500000231981083
B1151354551739N01149255EA011150127500000231961083
B1151364551736N01149252EA011140127400000232041083
B1151374551733N01149249EA011140127400000232121083
B1151384551730N01149244EA011140127500000282191083
B1151394551727N01149240EA011150127600000282261083
B1151404551724N01149235EA011160127700000292261083
B1151414551721N01149231EA011170127800000292261083
B1151424551718N01149228EA011180128000000282171083
B1151434551714N01149226EA011190128100000282081083
B1151444551710N01149223EA011200128200000282081083
B1151454551706N01149220EA011220128400000282041138
B1151464551703N01149216EA011230128500000292121138
B1151474551700N01149212EA011250128700000292201138
B1151484551695N01149208EA011260128800000322151159
B1151494551691N01149205EA011280129000000322101159
B1151504551687N01149203EA011300129200000301991159
B1151514551682N01149203EA011320129400000301881159
B1151524551678N01149205EA011340129700000251751159
B1151534551676N01149207EA011360129900000251621159
B1151544551673N01149207EA011390130200000141631159
B1151554551671N01149208EA011410130400000141641159
B1151564551669N01149208EA011420130500000151701159
B1151574551666N01149208EA011430130400000151761159
B1151584551662N01149208EA011430130400000231781159
B1151594551659N01149207EA011420130300000231801159
B1152004551655N01149206EA011420130300000251871216
B1152014551652N01149204EA011420130200000251941216
B1152024551648N01149202EA011420130300000251971216
B1152034551645N01149200EA011420130400000252001216
B1152044551642N01149198EA011430130500000222041216
B1152054551639N01149196EA011440130500000222081216
B1152064551636N01149195EA011440130500000211961216
B1152074551632N01149196EA011440130600000211841216
B1152084551629N01149199EA011440130600000281661216
B1152094551626N01149203EA011450130700000281481216
B1152104551623N01149208EA011460130900000281361216
B1152114551621N01149213EA011470131100000281241195
B1152124551619N01149217EA011490131400000231281195
B1152134551617N01149220EA011510131700000231321195
B1152144551614N01149222EA011530131900000211421195
B1152154551610N01149223EA011550132100000211521195
B1152164551607N01149220EA011560132300000301851190
B1152174551605N01149213EA011570132400000302181190
B1152184551605N01149205EA011590132500000412521206
B1152194551609N01149197EA011600132700000442821216
B1152204551615N01149192EA011620133000000503091216
B1152214551623N01149191EA011630133200000513361216
B1152224551630N01149194EA011640133200000503581216
B1152234551636N01149200EA011650133300000500201216
B1152244551641N01149207EA011670133600000420361216
B1152254551643N01149214EA011690133700000420521195
B1152264551644N01149222EA011700133800000350691195
B1152274551643N01149229EA011710133900000350861195
B1152284551640N01149233EA011730134200000261101195
B1152294551637N01149235EA011750134400000261341195
B1152304551633N01149234EA011770134600000271611195
B1152314551629N01149232EA011790134900000271881195
B1152324551626N01149230EA011820135100000222001195
B1152334551624N01149226EA011850135400000222121195
B1152344551623N01149221EA011860135400000262321195
B1152354551622N01149215EA011870135300000262521195
B1152364551621N01149208EA011860135200000342561216
B1152374551620N01149200EA011860135100000382601216
B1152384551620N01149192EA011850135100000382621216
B1152394551621N01149185EA011860135200000382741216
B1152404551623N01149178EA011870135400000312821216
B1152414551624N01149172EA011890135600000312901216
B1152424551626N01149166EA011900135600000332901216
B1152434551628N01149158EA011900135600000382901242
B1152444551630N01149150EA011910135600000392901242
B1152454551631N01149142EA011910135700000372861242
B1152464551632N01149135EA011920135800000342821242
B1152474551632N01149128EA011930135900000342781242
B1152484551633N01149120EA011940136000000392761242
B1152494551635N01149111EA011950136000000442801242
B1152504551636N01149101EA011960136100000462841259
B1152514551637N01149091EA011980136300000462801259
B1152524551638N01149082EA012000136600000432761259
B1152534551638N01149074EA012030137000000392761259
B1152544551637N01149065EA012070137400000392661259
B1152554551636N01149058EA012110137700000392601247
B1152564551635N01149051EA012150138000000312591247
B1152574551635N01149044EA012180138300000312581247
B1152584551636N01149037EA012200138400000352731247
B1152594551640N01149030EA012220138400000352881247
B1153004551646N01149026EA012220138400000433131247
B1153014551652N01149025EA012230138400000433381247
B1153024551658N01149028EA012240138600000423591277
B1153034551663N01149032EA012270139000000420201277
B1153044551665N01149038EA012300139300000300411277
B1153054551666N01149043EA012330139600000300621277
B1153064551666N01149049EA012350139900000270771277
B1153074551666N01149055EA012380140200000270921277
B1153084551664N01149062EA012400140400000331031237
B1153094551660N01149068EA012430140700000331141237
B1153104551656N01149071EA012450141000000351391259
B1153114551650N01149068EA012470141300000351641259
B1153124551646N01149061EA012500141600000452021259
B1153134551645N01149051EA012530142000000452401247
B1153144551648N01149043EA012570142400000422681247
B1153154551653N01149038EA012600142700000423021247
B1153164551659N01149035EA012630143000000423251277
B1153174551665N01149036EA012650143100000423481277
B1153184551670N01149039EA012680143400000380111277
B1153194551674N01149046EA012700143700000380341277
B1153204551674N01149052EA012720143900000330611277
B1153214551673N01149059EA012750144200000330881277
B1153224551668N01149063EA012770144400000371191237
B1153234551663N01149064EA012790144700000371501237
B1153244551658N01149061EA012820145200000391801237
B1153254551654N01149055EA012860145600000392101247
B1153264551652N01149046EA012900146000000412381247
B1153274551652N01149037EA012930146300000442561247
B1153284551653N01149028EA012960146600000432721247
B1153294551657N01149020EA012990146800000412881277
B1153304551661N01149015EA013020147100000393071277
B1153314551666N01149012EA013050147400000393261277
B1153324551672N01149011EA013070147500000403401277
B1153334551678N01149012EA013070147400000403541277
B1153344551685N01149014EA013080147500000470051277
B1153354551691N01149018EA013100147700000470161277
B1153364551695N01149023EA013120148100000320331277
B1153374551697N01149028EA013150148400000320501277
B1153384551698N01149035EA013170148700000300661277
B1153394551697N01149042EA013200148900000300821277
B1153404551695N01149048EA013220149200000351001277
B1153414551691N01149053EA013240149400000351201277
B1153424551686N01149055EA013270149800000341451277
B1153434551681N01149054EA013290150100000341701277
B1153444551676N01149051EA013320150400000381911277
B1153454551672N01149044EA013360150800000382121277
B1153464551669N01149035EA013390151200000462301277
B1153474551668N01149025EA013420151600000492481277
B1153484551669N01149015EA013460151800000452661277
B1153494551671N01149007EA013490152200000382821274
B1153504551674N01149002EA013530152600000302981274
B1153514551678N01148998EA013560152900000303141274
B1153524551682N01148995EA013580152800000353241274
B1153534551688N01148992EA013580152800000353341274
B1153544551695N01148989EA013580152600000523401274
B1153554551703N01148988EA013570152600000533461274
B1153564551710N01148990EA013570152700000463591300
B1153574551716N01148994EA013590153100000460121300
B1153584551718N01149000EA013610153500000330381300
B1153594551719N01149007EA013640153700000330641300
B1154004551720N01149014EA013660154000000320761259
B1154014551720N01149021EA013680154300000320881259
B1154024551719N01149028EA013710154500000340911259
B1154034551718N01149036EA013730154700000340941259
B1154044551716N01149042EA013750155000000341041259
B1154054551714N01149049EA013780155300000341141259
B1154064551710N01149055EA013810155800000361231259
B1154074551706N01149058EA013850156300000361321277
B1154084551701N01149061EA013900156700000301481237
B1154094551697N01149062EA013940157100000301641237
B1154104551692N01149062EA013970157300000331721237
B1154114551686N01149061EA013990157600000331801237
B1154124551679N01149058EA014010157800000451901277
B1154134551673N01149053EA014040158000000452001277
B1154144551670N01149046EA014060158300000422181277
B1154154551668N01149038EA014100158700000402361277
B1154164551669N01149030EA014130159100000382621277
B1154174551673N01149023EA014160159300000382861277
B1154184551678N01149018EA014190159600000433081277
B1154194551684N01149015EA014210159800000433301277
B1154204551691N01149013EA014230159900000453411277
B1154214551697N01149013EA014250160100000453521277
B1154224551704N01149014EA014260160400000410011277
B1154234551709N01149017EA014290160600000410101259
B1154244551714N01149022EA014310160700000380251259
B1154254551717N01149028EA014330161100000380401259
B1154264551717N01149035EA014360161500000320671259
B1154274551715N01149041EA014400162000000320941259
B1154284551712N01149047EA014440162600000321141259
B1154294551709N01149051EA014490163200000321341259
B1154304551705N01149055EA014530163700000321391277
B1154314551700N01149059EA014590164200000321441277
B1154324551695N01149061EA014630164700000361561237
B1154334551690N01149062EA014660164900000361681237
B1154344551685N01149063EA014690165100000321661237
B1154354551680N01149066EA014710165300000321641237
B1154364551675N01149071EA014730165400000401531237
B1154374551670N01149077EA014740165500000401421237
B1154384551665N01149081EA014760165800000401461237
B1154394551660N01149085EA014790166300000401501237
B1154404551657N01149088EA014820166700000251521237
B1154414551654N01149091EA014860167100000251441259
B1154424551651N01149095EA014890167200000241381259
B1154434551648N01149099EA014900167300000241321259
B1154444551643N01149103EA014900167100000341421259
B1154454551638N01149106EA014890166800000341521259
B1154464551632N01149109EA014880166800000391551259
B1154474551627N01149113EA014880166800000391581242
B1154484551622N01149116EA014890166800000361551242
B1154494551618N01149119EA014890166900000361521242
B1154504551613N01149122EA014900167000000311541242
B1154514551609N01149124EA014900167000000311561242
B1154524551604N01149127EA014900166900000311541226
B1154534551600N01149131EA014890166600000311521226
B1154544551595N01149135EA014870166300000391501226
B1154554551589N01149139EA014840166000000391481226
B1154564551583N01149144EA014810165600000451511226
B1154574551577N01149148EA014780165300000451541226
B1154584551570N01149152EA014750165100000491561226
B1154594551563N01149156EA014730164900000491581226
B1155004551557N01149159EA014710164800000461591165
B1155014551550N01149163EA014690164600000461601147
B1155024551544N01149166EA014670164300000461581147
B1155034551537N01149171EA014650164100000461561147
B1155044551530N01149175EA014620163800000501551147
B1155054551523N01149180EA014590163500000501541147
B1155064551516N01149184EA014570163200000511541147
B1155074551509N01149189EA014540163000000511541147
B1155084551502N01149194EA014520162800000521531074
B1155094551495N01149199EA014500162700000521521074
B1155104551488N01149203EA014490162600000511531074
B1155114551482N01149208EA014490162600000511541074
B1155124551475N01149213EA014490162700000481531045
B1155134551468N01149217EA014500162700000481521045
B1155144551462N01149221EA014500162700000481541045
B1155154551455N01149225EA014490162600000481560982
B1155164551448N01149230EA014480162400000511560982
B1155174551440N01149234EA014460162200000511560982
B1155184551432N01149239EA014440162000000571560982
B1155194551424N01149243EA014420161800000571560982
B1155204551416N01149248EA014400161700000551580982
B1155214551409N01149251EA014390161600000551600982
B1155224551402N01149255EA014380161600000511600928
B1155234551394N01149259EA014380161500000511600919
B1155244551387N01149263EA014370161300000511580919
B1155254551380N01149267EA014350161200000511560919
B1155264551372N01149272EA014330160900000551570919
B1155274551364N01149276EA014310160600000551580919
B1155284551356N01149281EA014280160500000571570851
B1155294551349N01149285EA014270160300000571560851
B1155304551341N01149290EA014260160200000551570851
B1155314551333N01149294EA014250160200000551580851
B1155324551326N01149298EA014240160100000531570851
B1155334551318N01149303EA014230159900000531560851
B1155344551310N01149307EA014210159700000561560851
B1155354551302N01149312EA014180159500000561560841
B1155364551294N01149317EA014160159200000601570841
B1155374551285N01149321EA014140159000000601580841
B1155384551277N01149326EA014120158900000571570841
B1155394551269N01149330EA014110158800000571560841
B1155404551262N01149334EA014100158600000521560841
B1155414551255N01149338EA014090158500000521580799
B1155424551247N01149342EA014070158200000531580799
B1155434551240N01149347EA014050158000000531580799
B1155444551232N01149351EA014030157800000561580799
B1155454551224N01149355EA014010157600000561580799
B1155464551216N01149359EA013990157400000551590832
B1155474551208N01149363EA013970157200000551600832
B1155484551200N01149366EA013960157000000541610781
B1155494551192N01149370EA013930156800000541620781
B1155504551185N01149374EA013910156600000561600781
B1155514551177N01149379EA013890156400000561580781
B1155524551169N01149384EA013860156100000571580781
B1155534551161N01149387EA013840155900000571580781
B1155544551153N01149391EA013820155700000551610735
B1155554551144N01149394EA013800155600000561640735
B1155564551137N01149398EA013790155400000551610735
B1155574551129N01149402EA013770155200000551580735
B1155584551121N01149407EA013750155100000551560735
B1155594551114N01149412EA013740154900000551540730
B1156004551106N01149417EA013730154800000561550682
B1156014551098N01149421EA013710154500000561560682
B1156024551090N01149426EA013690154300000581560682
B1156034551082N01149431EA013670154000000581560682
B1156044551074N01149436EA013650153800000571560682
B1156054551066N01149440EA013630153700000571560682
B1156064551058N01149444EA013610153500000561590682
B1156074551050N01149448EA013590153300000561620647
B1156084551043N01149452EA013580153100000551600647
B1156094551035N01149456EA013560153000000551580647
B1156104551027N01149460EA013550152800000551590642
B1156114551019N01149464EA013530152600000551600642
B1156124551011N01149468EA013510152400000561600642
B1156134551003N01149472EA013500152200000561600624
B1156144550995N01149478EA013480152100000581560624
B1156154550988N01149483EA013470151900000581520624
B1156164550980N01149489EA013450151900000521520624
B1156174550974N01149493EA013450151900000521520624
B1156184550967N01149497EA013450151900000461540624
B1156194550961N01149502EA013450151900000461560624
B1156204550955N01149506EA013450151800000471530606
B1156214550948N01149511EA013440151700000471500601
B1156224550941N01149516EA013440151700000521530601
B1156234550934N01149520EA013430151600000521560601
B1156244550926N01149525EA013430151600000551550601
B1156254550919N01149530EA013430151600000551540601
B1156264550911N01149535EA013430151600000531530601
B1156274550904N01149541EA013430151600000531520591
B1156284550898N01149546EA013420151600000501510591
B1156294550891N01149551EA013420151400000501500591
B1156304550884N01149557EA013410151200000521510591
B1156314550877N01149561EA013390151000000521520585
B1156324550868N01149566EA013360150700000571560585
B1156334550860N01149569EA013330150400000571600585
B1156344550851N01149572EA013310150000000571640572
B1156354550843N01149574EA013270149800000571660572
B1156364550835N01149575EA013250149600000491690572
B1156374550829N01149577EA013250149700000491720572
B1156384550822N01149579EA013240149700000421680572
B1156394550816N01149581EA013240149700000421640572
B1156404550811N01149584EA013240149700000401640572
B1156414550804N01149587EA013240149600000441600555
B1156424550798N01149589EA013230149500000471620555
B1156434550791N01149592EA013220149300000471640555
B1156444550784N01149595EA013200149200000481640555
B1156454550776N01149597EA013190149000000481640555
B1156464550769N01149600EA013180148900000491630555
B1156474550762N01149604EA013170148700000491620555
B1156484550755N01149607EA013160148600000481600537
B1156494550749N01149611EA013140148500000481580541
B1156504550742N01149615EA013130148300000461570541
B1156514550736N01149619EA013110148100000461560541
B1156524550729N01149623EA013090147800000491560541
B1156534550722N01149627EA013070147500000491560541
B1156544550715N01149631EA013050147200000511560541
B1156554550708N01149635EA013020147000000511560541
B1156564550701N01149639EA013000146800000471550517
B1156574550695N01149644EA012980146500000471540517
B1156584550689N01149648EA012950146200000461530517
B1156594550683N01149653EA012930145900000461520517
B1157004550676N01149658EA012890145400000481520517
B1157014550669N01149662EA012850144900000481520516
B1157024550662N01149667EA012800144400000511540516
B1157034550655N01149671EA012750143900000511560501
B1157044550647N01149676EA012700143400000551560501
B1157054550640N01149681EA012650142900000551560501
B1157064550632N01149685EA012610142500000561570501
B1157074550624N01149690EA012570142000000561580501
B1157084550616N01149694EA012520141700000551570501
B1157094550609N01149699EA012490141500000551560501
B1157104550603N01149702EA012460141200000461580484
B1157114550596N01149705EA012430140900000461600484
B1157124550590N01149708EA012400140600000451620484
B1157134550583N01149710EA012370140200000451640482
B1157144550576N01149712EA012330139800000481680482
B1157154550569N01149713EA012290139400000481720482
B1157164550561N01149715EA012260139100000501710482
B1157174550554N01149717EA012230138800000501700471
B1157184550547N01149719EA012200138600000481690471
B1157194550540N01149720EA012190138600000481680471
B1157204550534N01149722EA012180138700000391690471
B1157214550529N01149723EA012190138700000391700471
B1157224550524N01149725EA012190138700000341680471
B1157234550518N01149727EA012180138600000341660471
B1157244550513N01149729EA012170138400000361650471
B1157254550507N01149731EA012150138100000361640460
B1157264550501N01149732EA012130137800000451670460
B1157274550494N01149734EA012100137500000451700460
B1157284550487N01149736EA012070137200000481680460
B1157294550480N01149739EA012040137000000481660460
B1157304550473N01149741EA012020136700000461680460
B1157314550466N01149742EA011990136400000461700460
B1157324550459N01149743EA011960136100000461710460
B1157334550453N01149744EA011940135800000461720445
B1157344550446N01149746EA011910135500000461690445
B1157354550439N01149749EA011880135200000461660445
B1157364550432N01149751EA011850135000000451660445
B1157374550425N01149753EA011830134900000451660445
B1157384550418N01149755EA011820134700000471690445
B1157394550411N01149756EA011800134500000471720445
B1157404550404N01149758EA011790134400000511700431
B1157414550396N01149760EA011780134400000511680430
B1157424550389N01149763EA011780134400000511660430
B1157434550381N01149764EA011780134400000511680430
B1157444550374N01149766EA011780134400000501680430
B1157454550366N01149768EA011770134300000501680430
B1157464550359N01149771EA011760134200000531680430
B1157474550350N01149773EA011760134100000551680417
B1157484550342N01149775EA011740133900000581680417
B1157494550333N01149778EA011730133700000581680417
B1157504550325N01149781EA011720133600000561670417
B1157514550317N01149783EA011710133500000561660417
B1157524550309N01149786EA011700133500000511650417
B1157534550302N01149789EA011700133400000511640408
B1157544550295N01149792EA011690133300000481640408
B1157554550288N01149794EA011670133100000481640408
B1157564550280N01149797EA011650132800000521640408
B1157574550272N01149800EA011630132500000521640408
B1157584550265N01149803EA011610132300000531650408
B1157594550257N01149805EA011590132100000531660402
B1158004550249N01149808EA011570131900000551660402
B1158014550241N01149811EA011540131700000551660395
B1158024550233N01149813EA011530131500000541660395
B1158034550225N01149816EA011510131300000541660395
B1158044550217N01149817EA011490131200000521680395
B1158054550209N01149819EA011480131100000521700395
B1158064550202N01149821EA011460130900000521690390
B1158074550194N01149824EA011450130700000521680390
B1158084550186N01149826EA011420130400000531680390
B1158094550178N01149828EA011400130200000531680390
B1158104550170N01149832EA011390130100000531640390
B1158114550162N01149836EA011370129900000531600390
B1158124550155N01149840EA011360129800000511590377
B1158134550148N01149844EA011350129600000511580377
B1158144550141N01149847EA011330129500000511590377
B1158154550133N01149851EA011320129300000511600377
B1158164550126N01149855EA011300129200000521590377
B1158174550119N01149859EA011290129000000521580371
B1158184550111N01149863EA011270128800000521570371
B1158194550104N01149868EA011260128700000521560362
B1158204550097N01149872EA011240128500000521560362
B1158214550090N01149877EA011230128300000521560362
B1158224550082N01149883EA011210128100000551520362
B1158234550075N01149889EA011190128000000551480362
B1158244550069N01149895EA011180127800000521460362
B1158254550063N01149902EA011170127800000521440362
B1158264550057N01149908EA011170127700000471410358
B1158274550052N01149915EA011160127600000471380348
B1158284550046N01149920EA011150127500000451420348
B1158294550040N01149925EA011130127200000451460348
B1158304550033N01149929EA011110127000000481520348
B1158314550026N01149932EA011090126700000481580348
B1158324550018N01149936EA011060126400000511600348
B1158334550011N01149938EA011040126200000511620348
B1158344550004N01149941EA011020126100000471650343
B1158354549997N01149942EA011010126000000471680343
B1158364549990N01149942EA011000125900000451750343
B1158374549984N01149939EA010990125800000451820343
B1158384549979N01149934EA010980125600000452020343
B1158394549975N01149925EA010960125400000472220343
B1158404549972N01149916EA010940125200000482380343
B1158414549970N01149906EA010920125000000482460349
B1158424549967N01149896EA010910124800000482500349
B1158434549965N01149886EA010890124700000482520349
B1158444549963N01149876EA010870124500000482540349
B1158454549962N01149866EA010850124300000492540349
B1158464549959N01149856EA010830124100000482540351
B1158474549957N01149847EA010810123900000472500340
B1158484549955N01149837EA010800123800000462500340
B1158494549953N01149828EA010780123600000442500340
B1158504549951N01149819EA010770123500000452500340
B1158514549949N01149809EA010750123200000462520340
B1158524549946N01149799EA010720122900000492520344
B1158534549944N01149789EA010690122500000502500344
B1158544549942N01149779EA010660122200000512500344
B1158554549939N01149768EA010630121800000512500344
B1158564549936N01149758EA010600121600000502480343
B1158574549934N01149748EA010580121400000482500343
B1158584549932N01149738EA010560121200000462520343
B1158594549930N01149728EA010540121000000462520343
B1159004549928N01149719EA010520120700000462540343
B1159014549926N01149709EA010500120500000472520343
B1159024549924N01149700EA010470120200000472500350
B1159034549922N01149690EA010450120000000462500350
B1159044549920N01149681EA010430119800000442500350
B1159054549917N01149672EA010410119600000412500350
B1159064549915N01149664EA010400119400000402480350
B1159074549913N01149656EA010370119100000412460358
B1159084549910N01149647EA010340118700000442460358
B1159094549908N01149638EA010310118400000462480345
B1159104549906N01149628EA010270118000000462500345
B1159114549904N01149619EA010250117800000442520345
B1159124549902N01149610EA010220117600000432520345
B1159134549901N01149601EA010200117300000422520348
B1159144549899N01149592EA010170117000000422540348
B1159154549897N01149583EA010140116700000442540348
B1159164549896N01149574EA010110116400000462540348
B1159174549894N01149564EA010080116000000462540348
B1159184549893N01149554EA010060115700000442560350
B1159194549892N01149545EA010030115500000412580350
B1159204549891N01149537EA010010115300000402620350
B1159214549891N01149528EA009980115000000412660350
B1159224549892N01149519EA009950114600000422700350
B1159234549893N01149510EA009920114300000442760350
B1159244549895N01149500EA009890114000000462820356
B1159254549897N01149490EA009860113600000472860356
B1159264549900N01149481EA009830113300000472880356
B1159274549902N01149472EA009800113000000462900356
B1159284549905N01149462EA009770112700000472920356
B1159294549908N01149453EA009740112400000482920359
B1159304549911N01149443EA009720112100000482920369
B1159314549914N01149434EA009690111900000492940369
B1159324549917N01149424EA009670111600000492920369
B1159334549920N01149415EA009650111500000492940369
B1159344549923N01149405EA009630111300000502940375
B1159354549926N01149395EA009610111100000492940375
B1159364549928N01149386EA009600111000000482920375
B1159374549931N01149376EA009590110900000482900375
B1159384549933N01149367EA009580110800000472880375
B1159394549935N01149357EA009560110700000472880377
B1159404549937N01149347EA009550110500000472860377
B1159414549939N01149337EA009530110300000472840377
B1159424549940N01149327EA009520110200000482800377
B1159434549941N01149317EA009500110000000492780377
B1159444549942N01149306EA009480109800000492760379
B1159454549943N01149295EA009470109700000502760379
B1159464549944N01149285EA009450109600000502760379
B1159474549945N01149274EA009440109500000502780379
B1159484549946N01149264EA009440109400000492780379
B1159494549948N01149254EA009430109400000462800378
B1159504549949N01149244EA009430109400000452800378
B1159514549950N01149235EA009430109300000442780378
B1159524549951N01149225EA009420109300000432780378
B1159534549952N01149216EA009410109100000412760378
B1159544549952N01149207EA009400109000000402760377
B1159554549952N01149199EA009390108900000402740377
B1159564549952N01149190EA009380108700000402680377
B1159574549951N01149181EA009370108600000402660377
B1159584549951N01149172EA009350108400000412640377
B1159594549950N01149164EA009340108300000412600377
B1200004549949N01149155EA009330108200000402600369
B1200014549948N01149146EA009320108100000402620369
B1200024549947N01149138EA009300108000000402600369
B1200034549946N01149129EA009290107800000402580369
B1200044549944N01149121EA009270107600000412560369
B1200054549943N01149112EA009250107500000432560369
B1200064549942N01149102EA009230107300000452580382
B1200074549941N01149092EA009220107100000452580382
B1200084549940N01149083EA009200107000000432600382
B1200094549939N01149074EA009190107000000402580382
B1200104549937N01149066EA009180106900000392580382
B1200114549936N01149058EA009170106800000392580392
B1200124549935N01149049EA009160106600000392580392
B1200134549935N01149041EA009150106500000402620392
B1200144549934N01149032EA009130106300000412660392
B1200154549934N01149023EA009120106100000412660392
B1200164549933N01149015EA009100105900000402620392
B1200174549932N01149006EA009080105700000402620394
B1200184549931N01148997EA009060105400000412600394
B1200194549930N01148988EA009040105200000422600394
B1200204549928N01148979EA009020105000000432560394
B1200214549926N01148970EA009000104700000442540394
B1200224549924N01148961EA008970104500000452520394
B1200234549922N01148952EA008950104300000452500399
B1200244549920N01148942EA008930104100000442540399
B1200254549919N01148933EA008910103900000432560399
B1200264549917N01148925EA008900103800000422540399
B1200274549915N01148916EA008880103600000422500399
B1200284549912N01148908EA008870103300000422460404
B1200294549909N01148900EA008840103100000432420404
B1200304549906N01148892EA008820102900000442400389
B1200314549903N01148883EA008800102700000442420389
B1200324549900N01148874EA008780102500000452440389
B1200334549898N01148865EA008750102200000462480389
B1200344549896N01148855EA008730102000000472500393
B1200354549893N01148845EA008700101700000482520393
B1200364549890N01148836EA008680101500000482500393
B1200374549887N01148827EA008660101400000462440393
B1200384549885N01148818EA008640101400000442440393
B1200394549883N01148809EA008640101300000402500399
B1200404549881N01148801EA008630101300000382520399
B1200414549880N01148794EA008630101200000382500399
B1200424549878N01148786EA008620101100000372500399
B1200434549877N01148778EA008610101000000382540399
B1200444549875N01148770EA008600100800000402560399
B1200454549874N01148760EA008590100800000432560399
B1200464549872N01148751EA008590100800000442560397
B1200474549870N01148742EA008590100800000442540397
B1200484549868N01148733EA008590100800000452520397
B1200494549866N01148724EA008580100700000452540397
B1200504549865N01148714EA008580100700000462540397
B1200514549862N01148705EA008570100500000462520399
B1200524549860N01148695EA008560100400000472480399
B1200534549856N01148686EA008540100200000472440391
B1200544549853N01148677EA008530100100000452420391
B1200554549850N01148669EA008520100000000452420391
B1200564549848N01148660EA008520100000000452460391
B1200574549845N01148651EA008510099900000462480392
B1200584549842N01148642EA008510099900000462460392
B1200594549839N01148632EA008500099800000472440392
B1201004549836N01148623EA008500099800000482420392
B1201014549833N01148614EA008500099900000482440392
B1201024549830N01148605EA008500099900000472440387
B1201034549827N01148596EA008510099900000462420387
B1201044549823N01148587EA008510099900000442400387
B1201054549820N01148579EA008510099900000442380387
B1201064549817N01148571EA008510099900000432380387
B1201074549814N01148562EA008510099900000432400387
B1201084549811N01148554EA008510099900000442420382
B1201094549808N01148546EA008510099900000432420373
B1201104549805N01148537EA008510100000000432420373
B1201114549802N01148529EA008520100000000422440373
B1201124549800N01148521EA008520100100000422420373
B1201134549797N01148513EA008530100200000412420373
B1201144549794N01148505EA008530100300000402400374
B1201154549790N01148498EA008540100300000402380374
B1201164549787N01148490EA008540100300000412360374
B1201174549784N01148482EA008540100300000422380374
B1201184549781N01148474EA008540100200000422420374
B1201194549778N01148466EA008540100200000402440374
B1201204549775N01148459EA008540100200000402380383
B1201214549771N01148453EA008540100200000402320383
B1201224549767N01148446EA008530100100000392320383
B1201234549763N01148440EA008530100000000402260383
B1201244549759N01148433EA008520099900000412270383
B1201254549755N01148426EA008510099900000412280369
B1201264549750N01148419EA008510099800000452280369
B1201274549746N01148411EA008500099700000462280369
B1201284549742N01148403EA008490099700000482300364
B1201294549737N01148395EA008490099700000482320364
B1201304549733N01148387EA008490099800000422320364
B1201314549730N01148381EA008510100100000422320364
B1201324549728N01148376EA008530100500000232390364
B1201334549728N01148373EA008570100800000232460364
B1201344549727N01148370EA008590100900000122490364
B1201354549726N01148367EA008600100800000122520364
B1201364549724N01148362EA008580100400000302460364
B1201374549721N01148354EA008550099900000412400365
B1201384549719N01148345EA008510099400000472440365
B1201394549715N01148336EA008480099000000492440365
B1201404549712N01148326EA008440098800000492440365
B1201414549709N01148317EA008410098600000462440365
B1201424549707N01148308EA008400098400000442440358
B1201434549704N01148300EA008380098300000412480358
B1201444549702N01148292EA008360098000000402480358
B1201454549700N01148283EA008340097700000422480358
B1201464549698N01148274EA008310097300000442500358
B1201474549696N01148265EA008280097000000452520358
B1201484549694N01148256EA008250096700000452520369
B1201494549692N01148247EA008220096500000432520369
B1201504549691N01148238EA008200096200000422540369
B1201514549689N01148229EA008170095900000422580369
B1201524549688N01148220EA008150095700000432580369
B1201534549687N01148211EA008120095400000442580369
B1201544549685N01148201EA008100095200000452560384
B1201554549683N01148192EA008070094900000452540384
B1201564549682N01148183EA008050094700000432560384
B1201574549680N01148174EA008030094500000422560384
B1201584549678N01148165EA008010094300000432540384
B1201594549676N01148156EA007990094000000452520404
B1202004549674N01148146EA007970093800000462540404
B1202014549672N01148137EA007940093500000452520404
B1202024549670N01148128EA007930093300000442500404
B1202034549668N01148119EA007910093100000432500404
B1202044549666N01148110EA007890092900000432500404
B1202054549664N01148101EA007870092700000432520401
B1202064549662N01148092EA007850092500000432520401
B1202074549660N01148083EA007830092200000452520401
B1202084549658N01148073EA007810092000000462500363
B1202094549655N01148064EA007790091800000452480363
B1202104549652N01148056EA007770091700000432460369
B1202114549650N01148047EA007760091600000422440369
B1202124549647N01148039EA007750091500000422440369
B1202134549645N01148031EA007730091400000422460369
B1202144549642N01148022EA007720091200000422480369
B1202154549640N01148013EA007700091000000442460369
B1202164549637N01148005EA007680090800000452440393
B1202174549634N01147996EA007660090500000452460393
B1202184549632N01147986EA007650090300000452460393
B1202194549629N01147977EA007630090100000462480393
B1202204549627N01147968EA007610090000000452480393
B1202214549623N01147959EA007590089900000452440419
B1202224549620N01147951EA007580089700000462420419
B1202234549617N01147942EA007570089700000472400419
B1202244549614N01147932EA007560089600000482420419
B1202254549611N01147923EA007560089600000492440419
B1202264549608N01147913EA007550089600000492440386
B1202274549605N01147903EA007550089600000502460396
B1202284549601N01147894EA007560089700000502440396
B1202294549598N01147884EA007560089800000502440396
B1202304549596N01147874EA007560089800000492460396
B1202314549593N01147864EA007570089900000482460396
B1202324549590N01147855EA007580090000000462480385
B1202334549587N01147846EA007580090100000452460385
B1202344549583N01147838EA007590090100000442400385
B1202354549579N01147830EA007590090100000452340385
B1202364549576N01147822EA007580090100000452340385
B1202374549572N01147814EA007590090200000442360385
B1202384549568N01147807EA007600090300000422340383
B1202394549564N01147800EA007600090300000422320383
B1202404549560N01147792EA007610090400000442320383
B1202414549556N01147784EA007620090500000472340352
B1202424549552N01147775EA007620090600000492360352
B1202434549548N01147766EA007640090700000492360352
B1202444549544N01147757EA007650090900000482360366
B1202454549540N01147749EA007670091100000482360366
B1202464549536N01147740EA007680091200000482360366
B1202474549532N01147731EA007700091400000482360366
B1202484549528N01147723EA007710091500000472380366
B1202494549524N01147715EA007720091700000472340366
B1202504549519N01147707EA007740091800000482300398
B1202514549515N01147698EA007750091900000492300398
B1202524549512N01147690EA007770092300000402360398
B1202534549509N01147685EA007810092900000402400398
B1202544549506N01147682EA007860093400000242220380
B1202554549502N01147681EA007900093800000242040380
B1202564549498N01147679EA007930094000000312010380
B1202574549492N01147676EA007950094100000311980380
B1202584549487N01147673EA007960094200000391960380
B1202594549481N01147673EA007980094500000391940380
B1203004549477N01147676EA008000094800000331710380
B1203014549473N01147682EA008020095000000331480380
B1203024549472N01147690EA008030095100000401210380
B1203034549474N01147698EA008030095100000400940380
B1203044549478N01147704EA008040095100000420650380
B1203054549484N01147707EA008050095200000420360380
B1203064549489N01147705EA008060095500000330080380
B1203074549492N01147701EA008090095700000333400380
B1203084549495N01147697EA008110096000000253200380
B1203094549497N01147693EA008130096300000253080380
B1203104549499N01147687EA008150096400000282990380
B1203114549500N01147681EA008170096600000282900380
B1203124549500N01147674EA008180096700000332800380
B1203134549500N01147666EA008200096900000352700380
B1203144549500N01147659EA008210097000000352710407
B1203154549500N01147651EA008230097200000342720407
B1203164549499N01147644EA008250097500000332620407
B1203174549497N01147638EA008270097700000332520407
B1203184549494N01147631EA008290097900000342450407
B1203194549492N01147625EA008310098100000342380407
B1203204549489N01147619EA008330098300000322390407
B1203214549487N01147613EA008340098500000322400407
B1203224549485N01147606EA008350098500000342430429
B1203234549484N01147599EA008350098400000342460429
B1203244549483N01147590EA008350098400000392560429
B1203254549482N01147582EA008350098400000412600429
B1203264549481N01147573EA008350098400000412620429
B1203274549481N01147564EA008360098500000392640429
B1203284549480N01147556EA008370098600000382640455
B1203294549480N01147548EA008380098800000362640455
B1203304549479N01147540EA008400099000000372640455
B1203314549479N01147532EA008410099100000372680455
B1203324549480N01147524EA008420099100000362700455
B1203334549481N01147516EA008420099100000372760455
B1203344549482N01147508EA008420098900000412800470
B1203354549484N01147498EA008410098800000452840470
B1203364549486N01147489EA008390098700000442840470
B1203374549488N01147481EA008380098600000412860470
B1203384549490N01147473EA008380098600000392880470
B1203394549493N01147465EA008370098500000412920470
B1203404549496N01147457EA008360098300000432960484
B1203414549500N01147449EA008350098200000453020484
B1203424549503N01147440EA008330098100000463020484
B1203434549507N01147432EA008320098000000463000484
B1203444549510N01147423EA008310097900000473000543
B1203454549514N01147414EA008300097800000482980543
B1203464549518N01147404EA008280097600000492980538
B1203474549521N01147395EA008270097400000502980538
B1203484549525N01147386EA008250097300000502960538
B1203494549528N01147376EA008240097200000492980538
B1203504549532N01147367EA008230097100000482980538
B1203514549535N01147358EA008220097100000472980578
B1203524549538N01147349EA008220097000000482960578
B1203534549541N01147339EA008200096800000502960578
B1203544549545N01147329EA008190096700000532920578
B1203554549548N01147319EA008170096500000542920578
B1203564549552N01147308EA008170096500000522940607
B1203574549555N01147299EA008160096500000502960607
B1203584549559N01147290EA008160096500000482980653
B1203594549562N01147281EA008160096500000472980653
B1204004549566N01147271EA008160096500000492960653
B1204014549570N01147262EA008150096300000512980653
B1204024549573N01147252EA008140096200000512980673
B1204034549576N01147242EA008140096200000512960673
B1204044549579N01147231EA008140096200000502900673
B1204054549581N01147222EA008140096300000482880673
B1204064549584N01147213EA008140096300000442880673
B1204074549586N01147205EA008150096400000402920676
B1204084549589N01147197EA008150096500000382940676
B1204094549591N01147189EA008150096400000392940676
B1204104549594N01147181EA008150096300000442940676
B1204114549596N01147172EA008140096100000452920676
B1204124549598N01147162EA008130096100000452880676
B1204154549602N01147138EA008140096200000352800667
B1204164549603N01147130EA008150096200000342800667
B1204174549604N01147123EA008140096100000342800667
B1204184549605N01147114EA008130096000000402800667
B1204194549606N01147105EA008120095800000422820674
B1204204549607N01147096EA008110095700000432780674
B1204214549608N01147087EA008100095500000442780674
B1204224549609N01147077EA008090095400000432760731
B1204234549609N01147069EA008080095300000412760731
B1204244549610N01147060EA008070095200000412760741
B1204254549611N01147051EA008060095100000412740741
B1204264549611N01147042EA008050095000000412760741
B1204274549612N01147033EA008040094800000422780741
B1204284549613N01147024EA008030094700000422740741
B1204294549613N01147014EA008010094400000442720741
B1204304549613N01147005EA007990094200000462700746
B1204314549612N01146994EA007970093900000492680746
B1204324549612N01146983EA007950093700000502660746
B1204334549611N01146972EA007930093500000502640746
B1204344549610N01146962EA007910093300000502640746
B1204354549609N01146951EA007890093100000492640770
B1204364549608N01146941EA007870092800000482620726
B1204374549607N01146930EA007850092600000492580726
B1204384549605N01146920EA007830092400000502560726
B1204394549602N01146910EA007810092200000512540731
B1204404549600N01146900EA007790092000000512520731
B1204414549597N01146889EA007770091800000522500731
B1204424549594N01146879EA007750091700000522460731
B1204434549590N01146869EA007740091600000522440731
B1204444549587N01146859EA007730091400000522420694
B1204454549584N01146849EA007720091400000512460694
B1204464549581N01146838EA007710091300000512480694
B1204474549579N01146828EA007710091200000502500694
B1204484549577N01146818EA007700091100000512500694
B1204494549575N01146807EA007690091000000512520681
B1204504549573N01146796EA007680091000000512540681
B1204514549571N01146786EA007680090900000502540681
B1204524549569N01146775EA007670090900000502540681
B1204534549566N01146765EA007670090900000492540681
B1204544549564N01146755EA007670090900000482520666
B1204554549562N01146746EA007670090900000472500666
B1204564549559N01146737EA007660090800000462500666
B1204574549556N01146728EA007660090700000462460600
B1204584549553N01146719EA007650090500000472420600
B1204594549549N01146710EA007640090400000482400564
B1205004549545N01146701EA007630090400000502400564
B1205014549542N01146691EA007620090300000492400564
B1205024549538N01146682EA007620090300000482400564
B1205034549534N01146674EA007620090300000472380564
B1205044549531N01146665EA007620090400000462360564
B1205054549527N01146657EA007630090500000452360541
B1205064549524N01146649EA007640090600000432380541
B1205074549522N01146640EA007660090900000402460541
B1205084549520N01146633EA007680091200000362520541
B1205094549519N01146626EA007700091500000362540541
B1205104549518N01146620EA007730091800000272560541
B1205114549518N01146614EA007750091900000272580541
B1205124549517N01146607EA007770092100000322600541
B1205134549516N01146601EA007790092300000322620541
B1205144549515N01146595EA007800092600000282540541
B1205154549512N01146591EA007830092900000282460541
B1205164549510N01146590EA007850093100000202160541
B1205174549507N01146592EA007860093300000201860549
B1205184549505N01146597EA007870093400000291480549
B1205194549504N01146604EA007880093500000291100549
B1205204549507N01146611EA007900093700000380800549
B1205214549512N01146615EA007920094000000380500541
B1205224549518N01146617EA007940094300000410280541
B1205234549524N01146616EA007970094500000410060541
B1205244549529N01146613EA007990094700000383500541
B1205254549534N01146609EA008010094900000383340541
B1205264549538N01146603EA008020094900000423240541
B1205274549542N01146595EA008030094900000453140541
B1205284549544N01146586EA008040095100000443000541
B1205294549543N01146578EA008060095300000342800541
B1205304549541N01146573EA008080095600000272580541
B1205314549539N01146570EA008100095900000272360541
B1205324549536N01146570EA008110096100000192060541
B1205334549533N01146573EA008130096200000191760541
B1205344549532N01146578EA008140096300000301380541
B1205354549532N01146586EA008140096300000301000541
B1205364549535N01146593EA008150096400000400790541
B1205374549540N01146599EA008160096600000400580541
B1205384549546N01146603EA008180096800000450370541
B1205394549552N01146603EA008200097000000450160541
B1205404549559N01146600EA008220097200000443560576
B1205414549564N01146595EA008240097400000443360576
B1205424549568N01146587EA008250097500000463180576
B1205434549571N01146578EA008270097700000433040576
B1205444549571N01146570EA008280097900000362860576
B1205454549569N01146564EA008300098100000362640576
B1205464549566N01146561EA008310098200000242350594
B1205474549562N01146562EA008320098300000242060576
B1205484549560N01146566EA008330098300000291660576
B1205494549558N01146573EA008330098400000291260541
B1205504549559N01146580EA008340098600000360980576
B1205514549563N01146587EA008360098800000360700576
B1205524549569N01146591EA008370098900000480450576
B1205534549576N01146592EA008380099100000480200576
B1205544549583N01146589EA008390099200000483590576
B1205554549589N01146583EA008410099400000483380576
B1205564549592N01146575EA008420099500000463160576
B1205574549594N01146566EA008430099600000402960576
B1205584549592N01146559EA008450099800000312690594
B1205594549589N01146557EA008460099900000312420594
B1206004549585N01146559EA008460099900000261970594
B1206014549583N01146564EA008460099900000261520576
B1206024549582N01146571EA008460100000000361230576
B1206034549583N01146579EA008470100100000360940576
B1206044549587N01146586EA008480100300000430680576
B1206054549593N01146590EA008490100500000430420576
B1206064549599N01146591EA008510100600000420210576
B1206074549605N01146589EA008520100800000420000576
B1206084549611N01146584EA008530100900000450000612
B1206094549616N01146578EA008540100900000433280612
B1206104549620N01146571EA008550101100000413140612
B1206114549622N01146563EA008560101100000373000612
B1206124549622N01146556EA008580101300000342860637
B1206134549622N01146550EA008590101400000342720637
B1206144549620N01146544EA008600101600000242580637
B1206154549619N01146540EA008620101700000242440637
B1206164549617N01146535EA008630101800000242450637
B1206174549616N01146529EA008630101800000242460637
B1206184549615N01146524EA008640101700000272500637
B1206194549614N01146518EA008640101800000272540637
B1206204549613N01146513EA008650101900000252550637
B1206214549612N01146508EA008660102100000252560681
B1206224549611N01146503EA008680102200000232560681
B1206234549610N01146498EA008690102400000232560681
B1206244549610N01146492EA008700102400000262560681
B1206254549608N01146486EA008700102300000262560641
B1206264549606N01146480EA008700102200000322500641
B1206274549604N01146473EA008680102000000322440641
B1206284549602N01146467EA008670101800000352440641
B1206294549600N01146460EA008660101700000352440696
B1206304549598N01146455EA008660101700000292430696
B1206314549596N01146449EA008650101600000292420696
B1206324549594N01146443EA008640101500000302420696
B1206334549591N01146437EA008620101300000302420696
B1206344549588N01146431EA008610101100000352390696
B1206354549586N01146424EA008590100900000352360696
B1206364549583N01146418EA008580100900000352380696
B1206374549581N01146411EA008570100800000352400705
B1206384549579N01146404EA008570100800000352430705
B1206394549576N01146397EA008570100800000352460705
B1206404549574N01146390EA008560100700000362460705
B1206414549572N01146383EA008550100600000362460705
B1206424549570N01146375EA008540100500000372440705
B1206434549568N01146368EA008540100500000372460705
B1206444549566N01146361EA008530100400000362470783
B1206454549564N01146354EA008520100300000362480783
B1206464549562N01146346EA008510100200000362480783
B1206474549560N01146339EA008500100100000362480783
B1206484549557N01146332EA008490099900000372460816
B1206494549555N01146325EA008470099700000372440816
B1206504549552N01146317EA008460099600000382440816
B1206514549550N01146310EA008450099500000382420888
B1206524549547N01146302EA008440099400000382420888
B1206534549545N01146295EA008430099400000382440888
B1206544549543N01146288EA008430099400000362440888
B1206554549540N01146281EA008430099300000362440888
B1206564549538N01146274EA008420099300000372440888
B1206574549536N01146266EA008410099200000372440888
B1206584549534N01146259EA008400099000000372450903
B1206594549531N01146251EA008390098900000382460903
B1207004549530N01146244EA008390098900000372500903
B1207014549528N01146236EA008380098900000382540903
B1207024549527N01146228EA008380098900000372560903
B1207034549526N01146220EA008390099100000362540903
B1207044549524N01146214EA008390099100000322520903
B1207054549523N01146207EA008390099100000322500911
B1207064549522N01146201EA008400099100000282550911
B1207074549521N01146195EA008400099100000282600911
B1207084549520N01146190EA008400099000000302500911
B1207094549517N01146184EA008400099100000302400911
B1207104549514N01146178EA008400099200000342340911
B1207114549512N01146172EA008410099300000342400911
B1207124549510N01146166EA008420099300000312400911
B1207134549508N01146160EA008430099400000312400902
B1207144549505N01146154EA008430099500000332400902
B1207154549503N01146148EA008440099500000332400902
B1207164549501N01146141EA008440099600000352420902
B1207174549498N01146134EA008450099600000352440902
B1207184549496N01146127EA008440099500000362410902
B1207194549493N01146121EA008430099300000362380902
B1207204549489N01146114EA008420099200000382340902
B1207214549485N01146107EA008400098900000382300910
B1207224549482N01146099EA008380098700000432340910
B1207234549479N01146091EA008360098600000442380910
B1207244549475N01146083EA008350098500000442380910
B1207254549472N01146075EA008340098400000442380910
B1207264549468N01146067EA008340098400000422380910
B1207274549465N01146060EA008340098600000422380909
B1207284549462N01146053EA008350098800000362380909
B1207294549459N01146047EA008360098900000352360909
B1207304549457N01146040EA008380099000000362380875
B1207314549454N01146033EA008380099000000362400875
B1207324549451N01146026EA008380099000000382390875
B1207334549448N01146019EA008390099100000382380875
B1207344549445N01146012EA008400099200000352380875
B1207354549442N01146006EA008400099300000352380872
B1207364549440N01146000EA008410099300000322370872
B1207374549437N01145994EA008420099300000322360872
B1207384549434N01145988EA008420099300000352360872
B1207394549431N01145981EA008430099400000352360872
B1207404549428N01145975EA008430099400000352360872
B1207414549425N01145968EA008430099400000352360872
B1207424549423N01145962EA008440099400000342360872
B1207434549420N01145956EA008440099500000342360863
B1207444549417N01145950EA008440099500000342350863
B1207454549414N01145944EA008440099400000342340863
B1207464549411N01145938EA008430099400000352330863
B1207474549407N01145932EA008430099200000352320829
B1207484549404N01145926EA008410099100000372310829
B1207494549400N01145920EA008400098900000372300829
B1207504549396N01145913EA008380098700000392280829
B1207514549392N01145907EA008370098500000392260830
B1207524549388N01145900EA008350098400000392280830
B1207534549385N01145894EA008340098300000392300830
B1207544549381N01145887EA008330098200000382320830
B1207554549378N01145880EA008320098100000382340830
B1207564549375N01145873EA008310098000000382340830
B1207574549372N01145866EA008300097800000382340830
B1207584549368N01145859EA008280097600000392340823
B1207594549365N01145852EA008250097300000392340823
B1208004549361N01145845EA008230097000000442330823
B1208014549357N01145836EA008200096700000462320794
B1208024549353N01145827EA008170096400000482360794
B1208034549350N01145819EA008150096200000442400794
B1208044549346N01145812EA008130096200000402360794
B1208054549342N01145805EA008120096100000402320784
B1208064549339N01145799EA008100096000000362300784
B1208074549335N01145793EA008090095800000362280784
B1208084549331N01145787EA008070095500000402270784
B1208094549327N01145780EA008040095200000402260784
B1208104549322N01145773EA008010094800000442260784
B1208114549318N01145766EA007980094500000442260784
B1208124549313N01145759EA007960094300000422270783
B1208134549309N01145752EA007940094200000422280783
B1208144549305N01145746EA007920094000000402270755
B1208154549301N01145739EA007910093800000402260755
B1208164549297N01145733EA007880093500000412250755
B1208174549292N01145726EA007860093300000412240755
B1208184549287N01145720EA007840093000000442240755
B1208194549283N01145713EA007810092700000442240755
B1208204549278N01145706EA007790092500000442240753
B1208214549273N01145699EA007770092300000442240753
B1208224549269N01145692EA007750092100000422250753
B1208234549265N01145686EA007730091900000422260753
B1208244549261N01145679EA007710091600000402260753
B1208254549256N01145673EA007680091400000402260748
B1208264549251N01145666EA007660091100000432240748
B1208274549247N01145660EA007630090800000432220729
B1208284549242N01145653EA007610090500000452220729
B1208294549237N01145647EA007580090200000452220729
B1208304549232N01145640EA007560090000000432220729
B1208314549227N01145634EA007530089800000432220729
B1208324549222N01145628EA007510089600000432200729
B1208334549217N01145622EA007490089300000432180729
B1208344549212N01145616EA007470089200000422190729
B1208354549207N01145611EA007460089000000422200672
B1208364549202N01145605EA007440088900000402180672
B1208374549197N01145600EA007430088800000402160672
B1208384549193N01145594EA007420088600000412170672
B1208394549188N01145589EA007400088400000412180672
B1208404549183N01145583EA007380088200000422190672
B1208414549178N01145577EA007360087900000422200672
B1208424549173N01145571EA007340087600000432200672
B1208434549168N01145564EA007320087400000432200672
B1208444549163N01145557EA007290087100000452210614
B1208454549158N01145550EA007270086900000452220601
B1208464549153N01145544EA007240086600000452230601
B1208474549149N01145537EA007220086400000452240601
B1208484549144N01145530EA007210086300000432240601
B1208494549139N01145524EA007190086100000432240601
B1208504549135N01145518EA007170085900000412220601
B1208514549130N01145513EA007150085700000412200601
B1208524549125N01145507EA007130085500000422200535
B1208534549120N01145501EA007110085200000422200535
B1208544549115N01145495EA007090085000000422180535
B1208554549110N01145490EA007070084800000422160535
B1208564549105N01145485EA007050084500000422150532
B1208574549100N01145480EA007020084200000422140532
B1208584549095N01145473EA007000084000000442180532
B1208594549090N01145467EA006970083700000442220532
B1209004549085N01145460EA006950083400000422230487
B1209014549081N01145454EA006930083200000422240487
B1209024549076N01145447EA006900082900000422240487
B1209034549071N01145441EA006880082700000422240487
B1209044549066N01145435EA006850082400000432210487
B1209054549061N01145430EA006830082100000432180487
B1209064549056N01145424EA006800081900000442180492
B1209074549051N01145417EA006780081700000442180492
B1209084549045N01145411EA006760081400000462190450
B1209094549040N01145404EA006740081200000462200450
B1209104549035N01145397EA006710080900000472210450
B1209114549030N01145390EA006690080700000472220450
B1209124549025N01145383EA006670080400000462220450
B1209134549020N01145377EA006640080200000462220450
B1209144549015N01145370EA006620080000000462230450
B1209154549010N01145362EA006600079800000462240416
B1209164549005N01145356EA006580079600000452240416
B1209174549000N01145349EA006560079300000452240416
B1209184548994N01145342EA006530079100000472210416
B1209194548988N01145336EA006510078900000472180416
B1209204548983N01145331EA006490078800000422170416
B1209214548979N01145325EA006490078800000422160416
B1209224548975N01145320EA006490078800000322180416
B1209234548971N01145316EA006490078800000322200416
B1209244548967N01145313EA006490078800000322160416
B1209254548963N01145308EA006480078700000322120381
B1209264548958N01145304EA006460078400000402130343
B1209274548953N01145299EA006440078200000402140343
B1209284548947N01145294EA006430078000000462120343
B1209294548941N01145288EA006410077900000462100343
B1209304548935N01145282EA006390077700000452100343
B1209314548930N01145276EA006380077600000442160343
B1209324548925N01145270EA006370077500000432180343
B1209334548920N01145264EA006350077300000432200343
B1209344548915N01145258EA006340077200000442180315
B1209354548909N01145253EA006320077000000442160273
B1209364548903N01145247EA006310076900000462140273
B1209374548897N01145242EA006290076700000462120273
B1209384548892N01145236EA006270076500000462130273
B1209394548886N01145230EA006260076300000462140273
B1209404548880N01145225EA006240076100000452150273
B1209414548875N01145219EA006220075900000452160273
B1209424548869N01145214EA006190075600000472130273
B1209434548862N01145208EA006170075300000472100281
B1209444548856N01145203EA006140075100000512100294
B1209454548849N01145197EA006120074800000512100294
B1209464548843N01145191EA006090074600000512110294
B1209474548836N01145185EA006070074300000512120294
B1209484548830N01145180EA006050074100000482110294
B1209494548824N01145175EA006030073900000482100294
B1209504548818N01145170EA006020073800000442090294
B1209514548812N01145166EA006000073600000442080294
B1209524548806N01145161EA005970073200000452070356
B1209534548800N01145157EA005940072900000452060356
B1209544548794N01145152EA005920072600000462050356
B1209554548788N01145148EA005890072400000462040356
B1209564548781N01145144EA005870072200000452040356
B1209574548775N01145140EA005850072000000452040356
B1209584548769N01145136EA005830071800000452050356
B1209594548763N01145132EA005820071600000452060356
B1210004548758N01145127EA005800071500000432060379
B1210014548752N01145123EA005790071400000432060379
B1210024548746N01145119EA005780071300000432060379
B1210034548740N01145115EA005760071100000432060379
B1210044548734N01145111EA005750070900000432060421
B1210054548729N01145107EA005730070700000432060421
B1210064548723N01145102EA005710070600000432060421
B1210074548717N01145098EA005700070400000432060421
B1210084548711N01145094EA005680070200000422050421
B1210094548706N01145090EA005670070000000422040420
B1210104548700N01145086EA005650069800000432030420
B1210114548694N01145083EA005630069600000432020420
B1210124548687N01145079EA005610069400000452010420
B1210134548681N01145076EA005590069200000452000420
B1210144548674N01145072EA005570068900000482000420
B1210154548667N01145068EA005550068700000482000420
B1210164548660N01145065EA005530068600000502000420
B1210174548653N01145061EA005520068500000502000491
B1210184548646N01145057EA005510068500000482000491
B1210194548640N01145054EA005510068400000461980491
B1210204548633N01145051EA005500068400000461970491
B1210214548627N01145048EA005500068400000461960491
B1210224548620N01145045EA005490068200000451970491
B1210234548613N01145042EA005480068100000451980491
B1210244548607N01145039EA005460068000000481970526
B1210254548600N01145036EA005450067800000481960526
B1210264548593N01145033EA005440067700000481970526
B1210274548586N01145030EA005430067600000481980526
B1210284548579N01145027EA005420067500000481970526
B1210294548572N01145024EA005400067300000481960526
B1210304548565N01145020EA005390067100000481960526
B1210314548558N01145017EA005380067000000481960582
B1210324548551N01145014EA005370066900000481970582
B1210334548545N01145011EA005350066800000481980610
B1210344548538N01145007EA005340066700000471980610
B1210354548531N01145004EA005330066500000471980610
B1210364548524N01145000EA005320066400000481990610
B1210374548517N01144997EA005310066300000482000610
B1210384548511N01144994EA005300066300000441970610
B1210394548504N01144992EA005300066300000441940604
B1210404548498N01144990EA005300066400000421930604
B1210414548492N01144987EA005310066500000421920604
B1210424548486N01144985EA005320066700000421950604
B1210434548480N01144982EA005330066800000421980604
B1210444548474N01144978EA005340066900000441990604
B1210454548468N01144975EA005340066900000442000604
B1210464548461N01144972EA005350067000000462000604
B1210474548455N01144967EA005360067200000462000568
B1210484548448N01144963EA005370067300000472040568
B1210494548443N01144958EA005380067300000472080583
B1210504548437N01144952EA005380067300000452110583
B1210514548431N01144946EA005380067200000452140583
B1210524548425N01144940EA005380067100000482150583
B1210534548420N01144933EA005370067000000482160583
B1210544548414N01144927EA005350066800000502170583
B1210554548408N01144920EA005350066700000502180580
B1210564548402N01144913EA005340066700000502180580
B1210574548396N01144906EA005340066700000502180601
B1210584548390N01144900EA005340066900000462160601
B1210594548385N01144895EA005350067000000462140601
B1211004548380N01144889EA005360067100000402140601
B1211014548375N01144884EA005370067200000392160601
B1211024548370N01144879EA005390067400000392170601
B1211034548366N01144873EA005400067600000392180601
B1211044548361N01144868EA005420067800000392180601
B1211054548357N01144863EA005440068000000392180577
B1211064548353N01144858EA005460068300000322190599
B1211074548349N01144854EA005490068500000322200599
B1211084548346N01144849EA005500068500000332210599
B1211094548342N01144844EA005510068500000332220599
B1211104548338N01144838EA005510068500000412240599
B1211114548333N01144831EA005500068400000412260599
B1211124548328N01144824EA005500068400000442230599
B1211134548323N01144818EA005500068400000442200599
B1211144548318N01144812EA005500068400000422210617
B1211154548314N01144806EA005500068400000422220617
B1211164548309N01144800EA005490068300000402230573
B1211174548305N01144794EA005480068200000402240573
B1211184548301N01144788EA005470068000000402220573
B1211194548296N01144782EA005460067800000402200573
B1211204548291N01144777EA005450067700000432180573
B1211214548285N01144771EA005430067600000432160573
B1211224548280N01144765EA005420067500000462180573
B1211234548275N01144758EA005420067600000462200588
B1211244548270N01144752EA005420067600000412200588
B1211254548265N01144747EA005430067700000412200588
B1211264548260N01144741EA005440067800000402180588
B1211274548256N01144736EA005450067900000402160549
B1211284548252N01144730EA005460068000000372230549
B1211294548249N01144723EA005460068100000372300549
B1211304548246N01144716EA005460068000000382360549
B1211314548243N01144708EA005460068000000392420557
B1211324548241N01144700EA005450067800000412440557
B1211334548239N01144691EA005430067600000442460557
B1211344548237N01144682EA005420067500000452500557
B1211354548236N01144673EA005410067400000442540557
B1211364548234N01144664EA005410067500000422540557
B1211374548232N01144655EA005420067600000412520562
B1211384548231N01144647EA005420067700000382520562
B1211394548230N01144639EA005430067700000372560562
B1211404548229N01144631EA005430067700000372620562
B1211414548229N01144623EA005430067700000372640562
B1211424548227N01144616EA005430067700000352590562
B1211434548226N01144609EA005420067700000352540581
B1211444548225N01144602EA005420067600000342560581
B1211454548225N01144594EA005410067500000372580581
B1211464548224N01144586EA005400067400000372640581
B1211474548225N01144577EA005400067300000382680581
B1211484548225N01144569EA005390067200000382720581
B1211494548226N01144561EA005380067100000392780616
B1211504548228N01144553EA005380067000000412820616
B1211514548229N01144544EA005370067000000402820616
B1211524548230N01144536EA005380067100000412800616
B1211534548231N01144527EA005390067300000382820616
B1211544548232N01144521EA005410067600000282800616
B1211554548232N01144517EA005440068000000282780616
B1211564548233N01144513EA005460068200000162800616
B1211574548234N01144509EA005470068200000162820628
B1211584548235N01144504EA005480068100000252880628
B1211594548237N01144498EA005470067900000252940628
B1212004548241N01144492EA005450067800000382990628
B1212014548244N01144485EA005440067800000383040628
B1212024548247N01144479EA005440067900000363070628
B1212034548251N01144474EA005450068000000363100628
B1212044548255N01144469EA005450068100000363150628
B1212054548259N01144464EA005460068100000363200628
B1212064548264N01144459EA005460068100000403230641
B1212074548270N01144454EA005460068100000403260641
B1212084548275N01144448EA005460068200000423230641
B1212094548279N01144442EA005470068400000423200641
B1212104548280N01144436EA005480068500000292980641
B1212114548280N01144430EA005490068600000292760641
B1212124548278N01144425EA005500068600000262760641
B1212134548275N01144421EA005500068600000252400641
B1212144548272N01144419EA005500068500000262160641
B1212154548268N01144419EA005500068600000261920641
B1212164548264N01144420EA005500068600000251740641
B1212174548261N01144424EA005510068600000251560641
B1212184548260N01144429EA005500068500000261330641
B1212194548259N01144435EA005500068400000261100599
B1212204548257N01144441EA005490068200000331110599
B1212214548254N01144446EA005480068100000331120599
B1212224548250N01144450EA005460068000000331310599
B1212234548246N01144453EA005460068100000331500599
B1212244548242N01144455EA005470068200000261550599
B1212254548239N01144456EA005490068300000261600599
B1212264548236N01144457EA005500068400000221630599
B1212274548232N01144458EA005510068500000221660599
B1212284548228N01144457EA005510068500000301770599
B1212294548224N01144454EA005520068600000301880599
B1212304548221N01144448EA005530068800000332120599
B1212314548219N01144442EA005550069000000332360599
B1212324548219N01144436EA005560069300000292560599
B1212334548221N01144430EA005580069400000292760599
B1212344548224N01144424EA005590069500000352950599
B1212354548229N01144420EA005580069300000353140599
B1212364548235N01144418EA005580069200000473320599
B1212374548242N01144420EA005570069100000473520599
B1212384548248N01144425EA005570069000000460170599
B1212394548251N01144433EA005560069000000460420599
B1212404548252N01144442EA005560069000000410660599
B1212414548251N01144449EA005570069200000410880599
B1212424548250N01144455EA005580069500000290990599
B1212434548248N01144460EA005610069900000291100599
B1212444548247N01144464EA005630070100000201140628
B1212454548245N01144468EA005650070200000201180628
B1212464548241N01144471EA005660070300000261320628
B1212474548238N01144472EA005670070300000261460628
B1212484548233N01144470EA005670070500000291760628
B1212494548230N01144464EA005670070400000292060628
B1212504548230N01144457EA005670070200000352350599
B1212514548230N01144450EA005660070100000352640599
B1212524548233N01144443EA005660070000000332830599
B1212534548236N01144438EA005650069900000333020599
B1212544548242N01144434EA005630069700000433200599
B1212554548249N01144433EA005620069500000433380599
B1212564548256N01144434EA005600069300000513550599
B1212574548263N01144439EA005600069300000510120641
B1212584548269N01144446EA005600069400000480280641
B1212594548273N01144453EA005600069400000480440641
B1213004548277N01144462EA005600069500000460540641
B1213014548280N01144470EA005610069700000460560641
B1213024548284N01144478EA005620069800000430590641
B1213034548286N01144486EA005630069900000430620641
B1213044548287N01144495EA005640070000000420700641
B1213054548288N01144503EA005650070100000420780641
B1213064548287N01144511EA005670070300000350910641
B1213074548285N01144517EA005690070500000351040616
B1213084548282N01144522EA005700070700000301180616
B1213094548279N01144525EA005720070900000301320616
B1213104548276N01144527EA005740071200000211460616
B1213114548273N01144526EA005760071300000211600616
B1213124548271N01144523EA005760071300000261930616
B1213134548270N01144516EA005760071200000262260616
B1213144548272N01144508EA005760071100000442700641
B1213154548278N01144502EA005750071100000443020641
B1213164548285N01144499EA005760071200000503260641
B1213174548292N01144500EA005770071300000503500641
B1213184548298N01144504EA005790071400000470090641
B1213194548303N01144510EA005800071600000470280641
B1213204548307N01144519EA005810071700000480480616
B1213214548308N01144529EA005810071700000470660616
B1213224548306N01144538EA005820071800000400900616
B1213234548303N01144542EA005830072100000401120616
B1213244548299N01144544EA005850072300000211440616
B1213254548297N01144542EA005860072400000211760616
B1213264548295N01144538EA005870072500000212100616
B1213274548295N01144533EA005880072500000212440616
B1213284548296N01144526EA005880072500000312670616
B1213294548299N01144520EA005880072500000312900616
B1213304548303N01144514EA005890072500000393050616
B1213314548308N01144510EA005900072600000393200641
B1213324548315N01144508EA005910072700000453350650
B1213334548322N01144508EA005920072800000453500650
B1213344548329N01144511EA005930072900000490040650
B1213354548336N01144516EA005940073100000490180632
B1213364548341N01144523EA005950073200000480330632
B1213374548345N01144531EA005960073400000480480632
B1213384548347N01144540EA005970073400000440620632
B1213394548347N01144548EA005980073400000440720632
B1213404548346N01144556EA005980073500000350900632
B1213414548344N01144562EA005980073500000351080632
B1213424548341N01144566EA005980073400000261230631
B1213434548338N01144568EA005980073500000261380631
B1213444548335N01144569EA005990073500000171380631
B1213454548333N01144567EA005990073600000151800631
B1213464548332N01144564EA005990073600000162080631
B1213474548332N01144560EA006000073700000162360632
B1213484548333N01144555EA006000073700000262620632
B1213494548335N01144549EA006010073700000262880632
B1213504548339N01144544EA006010073800000343020632
B1213514548343N01144539EA006020073800000343160632
B1213524548347N01144534EA006020074000000383190632
B1213534548352N01144531EA006040074100000383220632
B1213544548358N01144529EA006060074300000363350632
B1213554548364N01144528EA006070074400000363480666
B1213564548371N01144529EA006080074400000493560666
B1213574548378N01144530EA006070074300000490040666
B1213584548385N01144532EA006070074200000450050666
B1213594548391N01144532EA006080074400000450060666
B1214004548396N01144531EA006090074400000333560666
B1214014548401N01144528EA006090074400000333460666
B1214024548405N01144523EA006080074300000363320666
B1214034548409N01144518EA006070074200000363180666
B1214044548412N01144512EA006070074200000353130697
B1214054548416N01144506EA006070074200000353080697
B1214064548419N01144501EA006070074200000303100697
B1214074548422N01144496EA006060074200000303120697
B1214084548426N01144490EA006050074000000363110697
B1214094548429N01144483EA006040073800000363100697
B1214104548433N01144476EA006020073600000413070697
B1214114548436N01144469EA006010073500000413040697
B1214124548440N01144463EA006000073500000383050697
B1214134548443N01144457EA005990073500000383060691
B1214144548445N01144451EA005990073600000323060691
B1214154548448N01144446EA006000073700000323060691
B1214164548451N01144441EA006010073900000303100691
B1214174548455N01144437EA006020074000000303140691
B1214184548459N01144433EA006030074000000333210691
B1214194548463N01144430EA006040074200000333280717
B1214204548467N01144426EA006040074200000323260717
B1214214548471N01144422EA006050074300000323240717
B1214224548475N01144418EA006060074500000303250717
B1214234548479N01144415EA006070074600000303260717
B1214244548484N01144413EA006080074600000373340692
B1214254548490N01144410EA006080074600000373420692
B1214264548497N01144408EA006080074700000453460692
B1214274548503N01144407EA006090074900000453500692
B1214284548509N01144406EA006110075100000383540692
B1214294548515N01144404EA006130075300000383520706
B1214304548520N01144403EA006140075200000353490706
B1214314548526N01144401EA006140075200000353460706
B1214324548532N01144399EA006130075100000463470706
B1214334548539N01144397EA006130075100000463480706
B1214344548545N01144396EA006130075100000413460706
B1214354548551N01144393EA006130075200000413440706
B1214364548556N01144389EA006130075200000373370706
B1214374548561N01144385EA006130075300000373300741
B1214384548565N01144380EA006140075300000383260741
B1214394548570N01144375EA006140075400000383220741
B1214404548574N01144370EA006150075600000373190741
B1214414548578N01144364EA006160075700000373160741
B1214424548581N01144359EA006170075800000353140717
B1214434548585N01144353EA006180076000000353120717
B1214444548588N01144347EA006190076200000383110717
B1214454548592N01144341EA006210076400000383100717
B1214464548595N01144336EA006220076700000303080717
B1214474548597N01144331EA006240076900000303060717
B1214484548600N01144325EA006260077000000313050717
B1214494548603N01144319EA006260077000000313040717
B1214504548607N01144313EA006270077000000423070703
B1214514548611N01144305EA006270077200000433100751
B1214524548614N01144299EA006290077400000343010751
B1214534548615N01144294EA006310077800000342920751
B1214544548614N01144290EA006330078100000142800751
B1214554548613N01144287EA006350078200000142680751
B1214564548612N01144286EA006370078200000122290751
B1214574548610N01144286EA006380078300000121900751
B1214584548607N01144288EA006390078200000221680703
B1214594548606N01144292EA006400078300000221460703
B1215004548605N01144297EA006420078300000271220703
B1215014548606N01144303EA006430078300000270980703
B1215024548608N01144309EA006430078300000360790703
B1215034548611N01144316EA006430078300000360600758
B1215044548616N01144322EA006440078300000410520758
B1215054548620N01144328EA006440078300000410440758
B1215064548623N01144335EA006440078300000400510758
B1215074548626N01144343EA006440078300000400580758
B1215084548627N01144353EA006440078300000480700758
B1215094548627N01144363EA006440078200000470820758
B1215104548625N01144370EA006450078400000370990769
B1215114548622N01144374EA006460078700000371160769
B1215124548620N01144375EA006480078900000131420769
B1215134548619N01144373EA006490079100000131780769
B1215144548619N01144369EA006510079300000202280769
B1215154548621N01144364EA006520079400000202780769
B1215164548624N01144359EA006530079400000362960758
B1215174548628N01144353EA006530079500000363140758
B1215184548633N01144348EA006540079500000423190758
B1215194548638N01144343EA006550079700000423240758
B1215204548642N01144339EA006560079800000343220758
B1215214548646N01144334EA006570079900000343200758
B1215224548649N01144329EA006580080000000313170758
B1215234548652N01144324EA006600080100000313140758
B1215244548655N01144319EA006610080300000323100758
B1215254548658N01144313EA006620080400000323060751
B1215264548660N01144308EA006630080500000293010799
B1215274548662N01144302EA006640080600000292960799
B1215284548663N01144296EA006640080700000272890799
B1215294548664N01144291EA006650080800000272820799
B1215304548665N01144285EA006670080900000262810799
B1215314548665N01144280EA006680081000000262800799
B1215324548664N01144276EA006690081100000172620799
B1215334548662N01144274EA006700081300000172440799
B1215344548659N01144274EA006710081400000172440751
B1215364548656N01144282EA006740081900000291460751
B1215374548656N01144289EA006760082100000291080751
B1215384548656N01144298EA006770082300000400900751
B1215394548657N01144306EA006790082400000400820751
B1215404548657N01144313EA006810082600000350860751
B1215414548656N01144320EA006830082800000350900758
B1215424548655N01144326EA006840083000000261030758
B1215434548652N01144330EA006860083200000261160758
B1215444548650N01144332EA006870083300000191360758
B1215454548647N01144332EA006890083400000191560758
B1215464548644N01144330EA006900083500000211800758
B1215474548641N01144327EA006910083600000212040758
B1215484548639N01144323EA006920083800000232180758
B1215494548638N01144318EA006940084000000232320758
B1215504548638N01144312EA006950084100000302530751
B1215514548639N01144305EA006960084100000302740751
B1215524548642N01144298EA006960084100000382880751
B1215534548646N01144291EA006970084100000383020751
B1215544548652N01144285EA006970084100000503160751
B1215554548659N01144282EA006980084200000503300751
B1215564548666N01144281EA007000084500000463440799
B1215574548672N01144282EA007020084800000463580799
B1215584548678N01144284EA007050085100000390060799
B1215594548684N01144288EA007070085400000390160799
B1216004548689N01144296EA007090085500000480320799
B1216014548693N01144304EA007100085600000480480799
B1216024548694N01144313EA007120085800000400640799
B1216034548693N01144320EA007130086000000400840808
B1216054548689N01144327EA007170086400000171160808
B1216064548687N01144326EA007180086600000171570808
B1216074548684N01144323EA007190086600000171980808
B1216084548683N01144318EA007200086700000282240808
B1216094548683N01144311EA007210086800000282500799
B1216104548685N01144304EA007220087000000392740799
B1216114548690N01144297EA007240087100000392980799
B1216124548696N01144294EA007260087300000503210799
B1216134548704N01144293EA007280087600000533440799
B1216144548711N01144296EA007300087900000490040794
B1216154548716N01144303EA007320088000000490240794
B1216164548719N01144310EA007340088200000420440794
B1216174548720N01144318EA007360088500000420640807
B1216184548719N01144325EA007370088500000320850807
B1216194548717N01144331EA007380088700000321060807
B1216204548714N01144334EA007400088900000241270807
B1216214548711N01144334EA007430089300000241480807
B1216224548710N01144331EA007460089600000161830807
B1216234548709N01144327EA007480089700000162180808
B1216244548708N01144322EA007490089500000282380808
B1216254548707N01144315EA007490089400000282580808
B1216264548708N01144307EA007490089300000392640799
B1216274548710N01144299EA007490089200000402740794
B1216284548713N01144292EA007490089300000462910794
B1216294548719N01144285EA007500089400000463080794
B1216304548725N01144282EA007500089500000483270794
B1216314548733N01144281EA007510089500000493460794
B1216324548740N01144283EA007520089700000503580794
B1216334548747N01144286EA007540089900000500100794
B1216344548752N01144291EA007550090100000430220794
B1216354548757N01144297EA007570090200000430340794
B1216364548760N01144305EA007590090400000420470762
B1216374548762N01144312EA007600090600000420600762
B1216384548762N01144320EA007620090800000340780790
B1216394548760N01144325EA007630090900000340960790
B1216404548757N01144329EA007650091100000281230807
B1216414548753N01144329EA007660091300000281500807
B1216424548750N01144326EA007680091500000281870807
B1216434548749N01144320EA007700091700000282240807
B1216444548749N01144312EA007720091900000402540794
B1216454548752N01144304EA007730092000000502820794
B1216464548759N01144297EA007740092100000563050794
B1216474548767N01144293EA007760092200000573280762
B1216484548775N01144295EA007770092500000563500762
B1216494548782N01144300EA007780092700000560120762
B1216504548787N01144308EA007800092800000480340762
B1216514548790N01144316EA007810093000000480560790
B1216524548791N01144325EA007830093300000390720790
B1216534548790N01144332EA007850093500000390840790
B1216544548789N01144338EA007860093600000281010790
B1216554548786N01144342EA007870093700000281180790
B1216564548782N01144344EA007880093800000271400790
B1216574548778N01144343EA007890093900000271620790
B1216584548776N01144339EA007910094100000292000790
B1216594548776N01144332EA007930094400000292380790
B1217004548778N01144326EA007960094800000372700790
B1217014548782N01144320EA007980095000000373020790
B1217024548787N01144315EA008010095200000453180790
B1217034548794N01144312EA008030095400000453340762
B1217044548802N01144312EA008040095600000483460762
B1217054548808N01144314EA008060095800000480000790
B1217074548817N01144328EA008110096300000480440783
B1217084548819N01144338EA008120096400000460580783
B1217094548819N01144346EA008130096500000460780783
B1217104548816N01144351EA008150096600000301060783
B1217114548812N01144354EA008160096700000301340783
B1217124548808N01144355EA008170096800000231560790
B1217134548805N01144354EA008180097000000231780790
B1217144548802N01144351EA008190097100000241950790
B1217154548800N01144348EA008200097300000242120790
B1217164548798N01144344EA008220097500000192240790
B1217174548797N01144341EA008250097800000192360790
B1217184548798N01144336EA008270098100000222560790
B1217194548798N01144331EA008290098200000222760790
B1217204548800N01144324EA008300098400000352850790
B1217214548804N01144317EA008310098400000352940790
B1217224548810N01144311EA008320098500000483100749
B1217234548817N01144308EA008330098600000483260749
B1217244548825N01144307EA008330098700000523460749
B1217254548832N01144311EA008340098800000520020749
B1217264548837N01144316EA008360099100000410210783
B1217274548840N01144322EA008380099400000410400783
B1217284548841N01144327EA008400099500000250590783
B1217294548840N01144332EA008410099600000250780783
B1217304548838N01144337EA008420099600000261020783
B1217314548835N01144340EA008430099600000261260783
B1217324548832N01144342EA008440099700000241430783
B1217334548828N01144343EA008450099900000241600783
B1217344548825N01144342EA008470100100000221800783
B1217354548822N01144338EA008480100200000222000783
B1217364548821N01144331EA008490100200000342280783
B1217374548821N01144324EA008500100400000342560783
B1217384548825N01144317EA008520100700000422840783
B1217394548830N01144311EA008530100800000423120749
B1217404548837N01144308EA008540100800000483280749
B1217414548844N01144307EA008550100900000483440749
B1217424548851N01144308EA008560101000000483560749
B1217434548858N01144311EA008580101200000480080749
B1217444548864N01144317EA008590101300000470240790
B1217454548868N01144325EA008590101400000470400790
B1217464548869N01144334EA008610101700000430580790
B1217474548868N01144343EA008630101900000440820790
B1217484548865N01144351EA008640101900000451030790
B1217494548861N01144357EA008660102100000451240790
B1217504548857N01144361EA008680102400000281380783
B1217514548854N01144364EA008710102700000281440801
B1217524548851N01144366EA008750103100000231510801
B1217534548847N01144367EA008770103300000231580801
B1217544548843N01144366EA008790103500000271760801
B1217554548840N01144362EA008820103800000271940783
B1217564548838N01144356EA008840104000000322230783
B1217574548838N01144349EA008850104100000322520783
B1217584548841N01144341EA008870104300000422760783
B1217594548847N01144336EA008890104500000423060783
B1218004548854N01144336EA008910104700000533340783
B1218014548862N01144339EA008920104800000540020790
B1218024548869N01144346EA008940105100000510200790
B1218034548873N01144354EA008960105300000510380790
B1218044548876N01144363EA008990105600000480580790
B1218054548876N01144373EA009010105900000460740787
B1218064548874N01144382EA009030106200000440900787
B1218074548871N01144390EA009050106300000441080787
B1218084548867N01144396EA009070106500000391250787
B1218094548862N01144399EA009100106900000391420787
B1218104548859N01144401EA009130107300000221550801
B1218114548856N01144400EA009170107700000221680801
B1218124548853N01144400EA009210108000000211770801
B1218134548849N01144399EA009230108300000211860801
B1218144548846N01144398EA009260108600000251890801
B1218154548842N01144396EA009290108800000251920801
B1218164548839N01144393EA009320109000000262020801
B1218174548836N01144390EA009340109400000262120801
B1218184548832N01144386EA009370109700000312110801
B1218194548828N01144383EA009400110000000312100801
B1218204548826N01144378EA009440110400000272260801
B1218214548824N01144372EA009470110700000272420801
B1218224548823N01144365EA009490110900000332460801
B1218234548820N01144358EA009510111000000332500783
B1218244548816N01144352EA009520111100000392360783
B1218254548811N01144347EA009520111100000392220783
B1218264548807N01144341EA009530111400000402240790
B1218274548805N01144333EA009550111600000392260790
B1218284548808N01144325EA009540111300000422700790
B1218294548810N01144320EA009540111200000423060783
B1218304548809N01144315EA009550111200000212810790
B1218314548805N01144313EA009530110500000212560762
B1218324548799N01144313EA009490110100000432110762
B1218334548795N01144315EA009480110100000431660790
B1218344548792N01144315EA009490110300000151740790
B1218354548790N01144313EA009500110400000151820762
B1218364548788N01144310EA009500110200000192060762
B1218374548785N01144306EA009480109700000192300762
B1218384548781N01144300EA009440109100000402270762
B1218394548777N01144294EA009400108600000402240762
B1218404548772N01144287EA009360108300000422260762
B1218414548769N01144280EA009340108200000422280762
B1218424548766N01144274EA009330108200000332320762
B1218434548763N01144268EA009320108200000332360762
B1218444548761N01144261EA009310108000000362380749
B1218454548758N01144254EA009300107800000362400782
B1218464548755N01144246EA009280107600000422400782
B1218474548751N01144238EA009260107500000422360782
B1218484548748N01144231EA009240107400000412350782
B1218494548744N01144224EA009230107300000412340782
B1218504548741N01144217EA009230107300000382340782
B1218514548738N01144210EA009220107300000382340767
B1218524548735N01144203EA009210107100000402360767
B1218534548731N01144195EA009200107000000412380767
B1218544548728N01144188EA009180106700000422350767
B1218554548724N01144181EA009160106500000422320767
B1218564548720N01144173EA009140106300000412340767
B1218574548718N01144166EA009120106200000412380767
B1218584548715N01144158EA009110106100000372420748
B1218594548714N01144151EA009100106100000372500748
B1219004548714N01144144EA009090106100000322550748
B1219014548713N01144137EA009090106100000322600748
B1219024548711N01144131EA009090106000000302550748
B1219034548709N01144125EA009080105900000302500739
B1219044548707N01144118EA009060105700000362440739
B1219054548703N01144111EA009040105400000362380737
B1219064548699N01144104EA009020105200000412340737
B1219074548696N01144098EA009000105000000412300737
B1219084548692N01144091EA008990105000000352320737
B1219094548690N01144085EA008990105000000352340737
B1219104548688N01144079EA008990105000000312400737
B1219114548686N01144073EA008990105000000312460737
B1219124548685N01144068EA008990105000000232490737
B1219134548684N01144064EA008990105000000232520737
B1219144548682N01144060EA008980104900000212420716
B1219154548680N01144055EA008970104700000212320716
B1219164548678N01144049EA008960104500000342380716
B1219174548675N01144042EA008930104300000342440716
B1219184548673N01144033EA008910104000000452460716
B1219194548670N01144024EA008890103900000462460716
B1219204548667N01144015EA008880103900000442440716
B1219214548665N01144007EA008870104000000412440703
B1219224548662N01143999EA008880104100000362460703
B1219234548660N01143993EA008890104200000362440703
B1219244548659N01143986EA008900104400000322460646
B1219254548657N01143979EA008910104500000322480646
B1219264548655N01143973EA008920104500000332480646
B1219274548653N01143966EA008920104500000332480646
B1219284548651N01143959EA008920104400000352450615
B1219294548648N01143952EA008910104300000352420615
B1219304548645N01143944EA008900104200000412400615
B1219314548642N01143936EA008890104100000422380615
B1219324548639N01143929EA008880104000000432380615
B1219334548635N01143921EA008870104000000432380615
B1219344548632N01143912EA008870104000000432400618
B1219354548629N01143905EA008860104000000432400618
B1219364548626N01143897EA008860103900000402380618
B1219374548622N01143890EA008860103900000402360618
B1219384548619N01143883EA008850103900000392360618
B1219394548616N01143875EA008850103900000402360618
B1219404548614N01143867EA008860103900000392440618
B1219414548612N01143860EA008870104000000392480581
B1219424548609N01143853EA008870104000000362440573
B1219434548606N01143846EA008870104000000362400573
B1219444548604N01143838EA008870103900000402400573
B1219454548601N01143830EA008860103800000412420573
B1219464548598N01143822EA008860103700000422440573
B1219474548595N01143814EA008850103700000422420573
B1219484548592N01143806EA008840103600000432400550
B1219494548588N01143798EA008840103500000432400550
B1219504548585N01143789EA008830103400000452400550
B1219514548581N01143781EA008820103300000472380550
B1219524548577N01143772EA008800103200000492380550
B1219534548573N01143763EA008790103000000512360522
B1219544548569N01143753EA008770102900000542360522
B1219554548565N01143743EA008760102800000552360522
B1219564548560N01143733EA008760102800000552380522
B1219574548556N01143722EA008750102800000542400476
B1219584548552N01143712EA008750102800000542400456
B1219594548548N01143702EA008750102800000542400456
B1220004548544N01143692EA008750102800000562380456
B1220014548539N01143681EA008750102800000562380456
B1220024548535N01143671EA008740102800000562380456
B1220034548531N01143661EA008750102800000552380434
B1220044548526N01143651EA008740102800000542380434
B1220054548522N01143641EA008740102800000532380434
B1220064548518N01143631EA008740102700000532380434
B1220074548514N01143621EA008740102700000532380434
B1220084548510N01143612EA008740102600000532400415
B1220094548506N01143602EA008730102500000522400356
B1220104548502N01143592EA008720102400000502380356
B1220114548499N01143584EA008710102400000462380356
B1220124548496N01143575EA008710102300000442420356
B1220134548494N01143566EA008710102200000432460356
B1220144548491N01143557EA008700102100000412500358
B1220154548489N01143549EA008680101800000422480358
B1220164548486N01143541EA008660101600000432440358
B1220174548483N01143532EA008630101300000442420358
B1220184548480N01143524EA008600101000000432420358
B1220194548477N01143516EA008580100800000402420358
B1220204548474N01143508EA008560100600000402420372
B1220214548471N01143501EA008540100400000402400372
B1220224548468N01143494EA008520100200000402400372
B1220234548464N01143487EA008500100000000412340372
B1220244548460N01143480EA008480099800000412320372
B1220254548456N01143473EA008470099600000412300308
B1220264548452N01143466EA008450099500000422290308
B1220274548448N01143459EA008430099300000422280330
B1220284548444N01143452EA008410099200000422300330
B1220294548440N01143445EA008400099000000422320330
B1220304548436N01143437EA008380098800000432340330
B1220314548433N01143429EA008370098700000432360330
B1220324548430N01143421EA008360098500000422380330
B1220334548427N01143413EA008350098500000392400351
B1220344548424N01143406EA008350098600000362420351
B1220354548422N01143399EA008350098600000362440351
B1220364548420N01143393EA008340098400000322420351
B1220374548418N01143387EA008330098200000322400351
B1220384548415N01143380EA008310097900000352410351
B1220394548412N01143373EA008290097600000352420351
B1220404548410N01143365EA008260097300000402420351
B1220414548407N01143358EA008240097000000402420315
B1220424548404N01143350EA008210096700000422400315
B1220434548400N01143342EA008180096400000442380315
B1220444548396N01143333EA008150096100000462360315
B1220454548392N01143325EA008120095800000482360315
B1220464548389N01143316EA008100095600000472360315
B1220474548385N01143308EA008080095500000452380305
B1220484548382N01143300EA008060095300000412400305
B1220494548379N01143293EA008040095100000412380305
B1220504548375N01143286EA008020094900000372340305
B1220514548372N01143280EA008000094600000372300305
B1220524548368N01143273EA007970094200000402300305
B1220534548364N01143266EA007940093800000402320305
B1220544548360N01143258EA007900093400000442320270
B1220554548356N01143251EA007860093000000442320247
B1220564548352N01143242EA007830092600000472320247
B1220574548347N01143234EA007790092200000492320247
B1220584548343N01143226EA007750091900000482320247
B1220594548338N01143218EA007720091600000472300247
B1221004548334N01143210EA007690091300000452280214
B1221014548330N01143203EA007670091100000452300214
B1221024548326N01143195EA007650091000000422340214
B1221034548323N01143188EA007630090700000422360214
B1221044548319N01143180EA007600090400000422360214
B1221054548315N01143173EA007570090000000422320214
B1221064548311N01143165EA007530089500000472320214
B1221074548306N01143156EA007490089100000502320159
B1221084548302N01143147EA007440088600000522320159
B1221094548297N01143138EA007410088200000522340159
B1221104548293N01143128EA007370087900000522360159
B1221114548289N01143119EA007340087600000502360159
B1221124548285N01143111EA007310087300000482360127
B1221134548281N01143102EA007280087000000482360127
B1221154548273N01143085EA007220086400000462360127
B1221164548269N01143077EA007190086000000442360127
B1221174548265N01143069EA007160085700000442340127
B1221184548261N01143061EA007130085400000442320120
B1221194548257N01143054EA007100085000000442340121
B1221204548253N01143046EA007070084700000432340121
B1221214548250N01143039EA007040084400000432320121
B1221224548246N01143032EA007010084100000422310121
B1221234548242N01143024EA006980083800000432300121
B1221244548238N01143017EA006950083500000442300121
B1221254548233N01143009EA006920083100000462300118
B1221264548229N01143002EA006890082800000462300118
B1221274548224N01142995EA006850082400000462300118
B1221284548220N01142988EA006830082200000432280118
B1221294548216N01142981EA006800082000000432260118
B1221304548212N01142973EA006780081800000422320118
B1221314548209N01142965EA006760081500000422360119
B1221324548205N01142958EA006740081300000432360119
B1221334548202N01142950EA006710080900000452360119
B1221344548198N01142941EA006680080600000472360119
B1221354548194N01142933EA006650080300000482360119
B1221364548189N01142924EA006620079900000482340119
B1221374548185N01142916EA006580079600000492320119
B1221384548180N01142908EA006550079200000492320122
B1221394548175N01142900EA006520078900000482300122
B1221404548171N01142892EA006490078600000472280122
B1221414548166N01142885EA006450078200000472260122
B1221424548161N01142877EA006420077900000462260122
B1221434548156N01142870EA006390077500000462280119
B1221444548152N01142862EA006350077100000472280118
B1221454548147N01142854EA006310076700000472280118
B1221464548142N01142847EA006280076300000472270118
B1221474548137N01142840EA006240076000000472260118
B1221484548132N01142832EA006200075500000472240118
B1221494548127N01142825EA006170075200000472240118
B1221504548122N01142818EA006130074800000482230118
B1221514548116N01142811EA006090074400000482220123
B1221524548111N01142804EA006060074100000502220123
B1221534548105N01142797EA006030073700000502220121
B1221544548100N01142789EA006000073400000492220121
B1221554548094N01142782EA005970073100000492220121
B1221564548089N01142775EA005940072800000482210121
B1221574548083N01142769EA005910072500000482200121
B1221584548077N01142762EA005880072200000482190126
B1221594548072N01142755EA005850071900000482180126
B1222004548066N01142749EA005820071600000482190126
B1222014548060N01142742EA005790071200000482200124
B1222024548055N01142735EA005760070900000482210124
B1222034548050N01142727EA005730070600000462220124
B1222044548045N01142720EA005700070400000452230124
B1222054548040N01142714EA005670070100000452240128
B1222064548036N01142707EA005640069700000452240128
B1222074548031N01142700EA005610069400000452240128
B1222084548026N01142692EA005580069000000482240128
B1222094548020N01142685EA005540068600000482240128
B1222104548015N01142678EA005510068300000472230128
B1222114548010N01142671EA005480068000000472220128
B1222124548005N01142665EA005460067800000452210126
B1222134548000N01142659EA005430067500000452200125
B1222144547994N01142652EA005400067200000452190125
B1222154547989N01142646EA005370066800000452180125
B1222164547984N01142639EA005340066500000472180125
B1222174547978N01142633EA005320066300000472180125
B1222184547972N01142628EA005290066000000452150125
B1222194547967N01142622EA005270065700000452120125
B1222204547961N01142617EA005240065400000432140125
B1222214547956N01142611EA005210065100000432160143
B1222224547951N01142605EA005180064800000442170143
B1222234547946N01142599EA005150064500000442180143
B1222244547940N01142593EA005120064200000462190143
B1222254547935N01142587EA005090063900000462200143
B1222264547930N01142580EA005060063600000452200143
B1222274547925N01142574EA005040063300000452200143
B1222284547920N01142568EA005010063100000422190143
B1222294547915N01142562EA004990062800000422180166
B1222304547910N01142557EA004960062500000402180230
B1222314547905N01142551EA004940062300000402180230
B1222324547901N01142546EA004910062000000392170230
B1222334547896N01142541EA004890061800000392160230
B1222344547891N01142535EA004870061600000402180230
B1222354547887N01142530EA004850061400000402200230
B1222364547883N01142524EA004830061300000392210230
B1222374547878N01142518EA004820061100000392220230
B1222384547874N01142512EA004810061000000372230260
B1222394547870N01142507EA004790060900000372240260
B1222404547866N01142501EA004780060800000382220260
B1222414547862N01142496EA004770060600000382200260
B1222424547857N01142490EA004750060300000402190317
B1222434547852N01142484EA004730060100000402180317
B1222444547848N01142478EA004700059900000412200317
B1222454547843N01142473EA004680059700000412220317
B1222464547839N01142467EA004660059500000382210317
B1222474547834N01142462EA004640059300000382200343
B1222484547830N01142456EA004620059000000402210343
B1222494547826N01142450EA004600058700000402220343
B1222504547821N01142444EA004570058400000412230343
B1222514547817N01142437EA004550058200000412240343
B1222524547812N01142431EA004520057900000422260343
B1222534547808N01142424EA004500057700000422280391
B1222544547804N01142417EA004480057600000402280391
B1222554547801N01142411EA004470057500000402280420
B1222564547797N01142405EA004460057300000372290420
B1222574547793N01142398EA004440057200000372300420
B1222584547790N01142392EA004430057000000362290420
B1222594547786N01142386EA004410056800000362280420
B1223004547782N01142380EA004390056600000392270420
B1223014547778N01142374EA004370056400000392260420
B1223024547775N01142367EA004350056200000392280420
B1223034547771N01142361EA004340056100000392300458
B1223044547767N01142355EA004320055900000372280458
B1223054547763N01142349EA004300055700000372260458
B1223064547759N01142343EA004290055600000382240471
B1223074547755N01142338EA004270055400000382220471
B1223084547750N01142332EA004260055200000382220471
B1223094547746N01142327EA004240055200000382220471
B1223104547741N01142322EA004230055000000372180471
B1223114547737N01142317EA004220054900000372140471
B1223124547732N01142312EA004210054800000382150497
B1223134547728N01142307EA004200054700000382160497
B1223144547723N01142302EA004190054600000392180497
B1223154547719N01142296EA004180054400000392200497
B1223164547714N01142291EA004160054300000402180497
B1223174547709N01142286EA004150054200000402160445
B1223184547704N01142281EA004140054100000402140445
B1223194547698N01142276EA004130054000000402120445
B1223204547693N01142272EA004120053800000402120445
B1223214547688N01142267EA004110053700000402120445
B1223224547683N01142262EA004100053600000412120473
B1223234547678N01142257EA004090053600000412120473
B1223244547673N01142252EA004080053500000402130473
B1223254547668N01142247EA004080053500000402140473
B1223264547663N01142242EA004070053500000382140473
B1223274547658N01142238EA004070053400000382140420
B1223284547654N01142233EA004060053400000382150420
B1223294547649N01142228EA004060053200000382160420
B1223304547644N01142223EA004050053100000392150420
B1223314547639N01142218EA004030052900000392140420
B1223324547634N01142213EA004020052700000412140449
B1223334547629N01142208EA004000052500000412140449
B1223344547624N01142203EA003990052400000412140449
B1223354547619N01142198EA003970052200000412140449
B1223364547614N01142193EA003960052100000412130449
B1223374547609N01142188EA003950052000000412120425
B1223384547603N01142183EA003940051900000392120425
B1223394547598N01142179EA003930051800000392120425
B1223404547593N01142174EA003910051600000402120425
B1223414547588N01142170EA003900051500000402120425
B1223424547583N01142165EA003900051500000402120425
B1223434547578N01142160EA003890051400000402120457
B1223444547573N01142156EA003880051400000402100457
B1223454547567N01142152EA003870051200000402080457
B1223464547562N01142148EA003860051100000402070457
B1223474547556N01142144EA003850051000000402060432
B1223484547551N01142140EA003840050900000402070432
B1223494547545N01142136EA003840050800000402080432
B1223504547540N01142131EA003830050800000422100432
B1223514547535N01142125EA003820050700000422120432
B1223524547530N01142120EA003810050600000432120432
B1223534547525N01142114EA003800050500000432160470
B1223544547520N01142107EA003790050400000422200470
B1223554547516N01142101EA003780050200000422240470
B1223564547512N01142094EA003770050200000422270470
B1223574547508N01142086EA003760050100000422300444
B1223584547505N01142079EA003750050100000422340444
B1223594547502N01142071EA003750050000000422380444
B1224004547500N01142062EA003740049900000432440460
B1224014547499N01142053EA003730049800000432520460
B1224024547498N01142043EA003720049700000422580460
B1224034547498N01142034EA003710049600000442640460
B1224044547498N01142024EA003700049400000462680460
B1224054547498N01142013EA003680049300000472680451
B1224064547498N01142003EA003670049200000462680451
B1224074547498N01141993EA003660049000000462680451
B1224084547497N01141983EA003640048900000482680451
B1224094547497N01141972EA003630048700000482660451
B1224104547497N01141962EA003620048600000492660438
B1224114547497N01141951EA003600048500000502680438
B1224124547496N01141940EA003580048300000502680438
B1224134547495N01141929EA003570048000000512640438
B1224144547493N01141918EA003550047900000512600438
B1224154547492N01141908EA003530047800000492580419
B1224164547491N01141897EA003520047600000512580419
B1224174547490N01141886EA003510047600000502600419
B1224184547489N01141877EA003510047600000442620419
B1224194547489N01141870EA003520047600000442660419
B1224204547488N01141862EA003520047600000342660395
B1224214547488N01141854EA003510047400000362680395
B1224224547488N01141846EA003490047100000392680395
B1224234547488N01141836EA003470046800000432680395
B1224244547489N01141826EA003440046600000452700395
B1224254547489N01141816EA003420046500000462720395
B1224264547489N01141806EA003410046400000462720378
B1224274547489N01141796EA003400046200000462720378
B1224284547489N01141787EA003390046100000462700378
B1224294547489N01141777EA003370046000000462660378
B1224304547489N01141767EA003360045900000452660378
B1224314547489N01141757EA003350045700000452700402
B1224324547490N01141747EA003350045600000462740402
B1224334547492N01141737EA003340045500000462780402
B1224344547493N01141728EA003340045400000462800402
B1224354547494N01141719EA003340045400000432800402
B1224364547496N01141711EA003340045300000422820414
B1224374547498N01141702EA003340045200000432860414
B1224384547500N01141693EA003340045200000452880414
B1224394547502N01141683EA003340045100000462860414
B1224404547504N01141673EA003340045000000482860414
B1224414547507N01141664EA003340045000000472860404
B1224424547509N01141655EA003350045000000472880404
B1224434547511N01141645EA003360044900000442880468
B1224444547512N01141638EA003370044900000392840468
B1224454547512N01141631EA003380044800000392800468
B1224464547511N01141625EA003380044800000312690468
B1224474547508N01141620EA003380044800000312580404
B1224484547505N01141618EA003370044700000232340404
B1224494547501N01141620EA003370044700000232100404
B1224504547499N01141624EA003360044700000241760404
B1224514547499N01141630EA003360044800000241420404
B1224524547500N01141635EA003360044900000231100404
B1224534547503N01141640EA003360044900000230780404
B1224544547507N01141644EA003360044900000310570404
B1224554547510N01141648EA003360044900000310360404
B1224564547513N01141652EA003370044800000280410468
B1224574547515N01141657EA003360044800000280460468
B1224584547515N01141662EA003360044800000260620468
B1224594547514N01141667EA003360044800000260780474
B1225004547512N01141669EA003360044900000201110474
B1225014547509N01141669EA003360044900000201440414
B1225024547504N01141666EA003350044900000331840414
B1225034547501N01141661EA003350044900000332120404
B1225044547498N01141653EA003350045000000402320404
B1225054547495N01141645EA003360045000000412480404
B1225064547493N01141637EA003360045200000382500404
B1225074547489N01141631EA003370045400000382420404
B1225084547486N01141626EA003370045400000302360404
B1225094547483N01141620EA003380045500000302300404
B1225104547482N01141613EA003390045600000322500392
B1225114547484N01141606EA003380045500000322700392
B1225124547488N01141599EA003370045400000452960392
B1225134547495N01141595EA003350045200000453220392
B1225144547501N01141596EA003350045100000463440392
B1225154547506N01141600EA003350045100000460060392
B1225164547509N01141606EA003350045100000330340392
B1225174547510N01141612EA003350045100000330620392
B1225184547510N01141618EA003350045000000270800404
B1225194547508N01141624EA003340044900000270980404
B1225204547506N01141629EA003340044800000251090404
B1225214547504N01141633EA003340044800000251200404
B1225224547500N01141635EA003340044900000241410404
B1225234547497N01141635EA003340045000000241620404
B1225244547492N01141634EA003340045200000301780404
B1225254547488N01141632EA003340045100000301940404
B1225264547483N01141630EA003340045100000331960404
B1225274547479N01141628EA003340045200000331980404
B1225284547475N01141626EA003340045100000271990404
B1225294547471N01141623EA003340045000000272000404
B1225304547466N01141620EA003330044900000322050404
B1225314547462N01141616EA003320044800000322100404
B1225324547458N01141611EA003300044700000352160342
B1225334547454N01141605EA003290044600000352220342
B1225344547450N01141598EA003290044700000372300342
B1225354547448N01141591EA003280044700000372380342
B1225364547445N01141584EA003270044700000372450342
B1225374547444N01141576EA003270044600000382520342
B1225384547442N01141568EA003260044500000382540342
B1225394547441N01141560EA003250044500000382560331
B1225404547439N01141552EA003250044400000392580331
B1225414547438N01141544EA003250044400000402580331
B1225424547437N01141535EA003250044400000402560331
B1225434547436N01141527EA003250044400000412580331
B1225444547434N01141518EA003250044400000402580331
B1225454547433N01141510EA003260044500000382580308
B1225464547432N01141502EA003260044500000372580308
B1225474547431N01141494EA003260044500000372600308
B1225484547430N01141486EA003270044500000382580308
B1225494547428N01141479EA003260044500000382540308
B1225504547425N01141472EA003270044500000352480308
B1225514547422N01141466EA003270044600000352420308
B1225524547420N01141461EA003280044700000292350314
B1225534547417N01141456EA003290044900000292280314
B1225544547415N01141450EA003300045000000282370314
B1225554547414N01141445EA003300045000000282460314
B1225564547411N01141441EA003310045000000232370314
B1225574547409N01141437EA003300044900000232280297
B1225584547407N01141433EA003300044700000252310297
B1225594547405N01141428EA003280044500000252340297
B1226004547402N01141423EA003270044400000292360297
B1226014547400N01141418EA003260044300000292380297
B1226024547397N01141413EA003250044200000282310311
B1226034547393N01141409EA003230044100000282240311
B1226044547390N01141405EA003230044000000282220311
B1226054547387N01141401EA003220044000000282200311
B1226064547385N01141397EA003230044000000222250311
B1226074547383N01141393EA003230044000000222300311
B1226084547381N01141389EA003220044000000252330311
B1226094547379N01141384EA003210043700000252360311
B1226104547377N01141378EA003190043500000302380311
B1226114547374N01141372EA003170043300000302400311
B1226124547372N01141366EA003150043100000292430311
B1226134547371N01141361EA003140042900000292460330
B1226144547369N01141355EA003120042700000282440330
B1226154547367N01141350EA003090042400000282420330
B1226164547365N01141343EA003070042100000332440330
B1226174547363N01141337EA003050041900000332460330
B1226184547361N01141331EA003030041800000292450330
B1226194547359N01141326EA003020041800000292440309
B1226204547357N01141321EA003010041700000262420309
B1226214547355N01141315EA003000041600000262400331
B1226224547353N01141310EA002990041500000302390331
B1226234547350N01141305EA002980041400000302380331
B1226244547348N01141300EA002970041300000282350331
B1226254547345N01141295EA002960041300000282320331
B1226264547342N01141291EA002960041300000292280331
B1226274547339N01141286EA002950041200000292240331
B1226284547336N01141280EA002950041200000342280331
B1226294547333N01141274EA002950041200000342320331
B1226304547331N01141268EA002950041300000282400331
B1226314547330N01141263EA002960041400000282480363
B1226324547329N01141259EA002970041500000212500363
B1226334547328N01141254EA002970041500000212520363
B1226344547327N01141249EA002970041500000252500363
B1226354547325N01141244EA002970041500000252480363
B1226364547324N01141238EA002970041500000282530363
B1226374547324N01141232EA002970041500000282580363
B1226384547324N01141226EA002970041500000262670363
B1226394547325N01141221EA002970041500000262760363
B1226404547325N01141215EA002970041500000282760396
B1226414547326N01141208EA002960041500000282760396
B1226424547326N01141201EA002960041500000312730396
B1226434547326N01141195EA002960041500000312700396
B1226444547325N01141190EA002960041600000222630396
B1226454547324N01141186EA002970041700000222560396
B1226464547323N01141181EA002970041700000232570396
B1226474547323N01141175EA002970041700000232580396
B1226484547324N01141169EA002970041700000272580396
B1226494547324N01141164EA002980041800000252780407
B1226504547323N01141159EA002980041900000232690407
B1226514547322N01141154EA002980041900000232600407
B1226524547321N01141150EA002990042000000222490407
B1226534547318N01141146EA002990042000000222380407
B1226544547315N01141143EA002990042000000272230407
B1226554547310N01141142EA002990042000000272080363
B1226564547306N01141143EA002990042200000291840363
B1226574547303N01141147EA003010042400000291600363
B1226584547301N01141152EA003020042600000291350363
B1226594547300N01141158EA003030042700000291100363
B1227004547298N01141164EA003040042700000331120363
B1227014547295N01141169EA003040042600000331140368
B1227024547291N01141174EA003030042500000321260368
B1227034547288N01141178EA003030042600000321380368
B1227044547285N01141180EA003030042700000231470368
B1227054547281N01141181EA003030042700000231560368
B1227064547278N01141182EA003030042600000211620368
B1227074547274N01141183EA003030042500000211680368
B1227084547271N01141182EA003020042400000231770368
B1227094547267N01141182EA003010042300000231860368
B1227104547264N01141181EA003000042200000211860368
B1227114547261N01141181EA002990042100000211860368
B1227124547257N01141181EA002980041900000231810349
B1227134547253N01141182EA002960041700000231760349
B1227144547249N01141182EA002940041500000291770349
B1227154547244N01141182EA002930041300000291780349
B1227164547240N01141181EA002910041100000301810349
B1227174547235N01141181EA002890041000000301840349
B1227184547231N01141180EA002880040800000301860349
B1227194547226N01141179EA002870040700000301880349
B1227204547221N01141178EA002860040500000311890349
B1227214547217N01141176EA002850040400000311900349
B1227224547212N01141175EA002830040300000301890349
B1227234547207N01141175EA002820040100000301880330
B1227244547203N01141174EA002810040000000301880330
B1227254547198N01141173EA002790039800000301880330
B1227264547194N01141171EA002780039600000301880330
B1227274547189N01141170EA002760039400000301880330
B1227284547184N01141169EA002740039200000321890330
B1227294547179N01141168EA002720039000000321900330
B1227304547174N01141167EA002710038800000311880330
B1227314547170N01141166EA002690038600000311860330
B1227324547165N01141165EA002670038500000311850311
B1227334547160N01141165EA002660038300000311840281
B1227344547155N01141164EA002640038000000321840281
B1227354547150N01141164EA002610037700000321820281
B1227364547145N01141164EA002590037500000351800281
B1227374547140N01141164EA002570037300000351780281
B1227384547134N01141163EA002550037100000331800281
B1227394547130N01141163EA002530036900000331820281
B1227404547125N01141162EA002510036600000321850281
B1227414547120N01141160EA002490036400000321880281
B1227424547115N01141159EA002470036100000351900281
B1227434547109N01141157EA002440035800000351920275
B1227444547104N01141155EA002420035700000341930275
B1227454547099N01141153EA002410035500000341940275
B1227464547095N01141151EA002400035400000301960275
B1227474547091N01141149EA002380035300000301980275
B1227484547086N01141146EA002370035100000312000275
B1227494547082N01141143EA002360035000000312020275
B1227504547077N01141141EA002350034900000312010275
B1227514547073N01141139EA002340034900000312000275
B1227524547068N01141138EA002340034800000311940275
B1227534547063N01141137EA002330034800000311880275
B1227544547059N01141135EA002320034700000301900307
B1227554547055N01141134EA002310034500000301920307
B1227564547050N01141133EA002300034400000281890307
B1227574547046N01141133EA002290034200000281860307
B1227584547041N01141132EA002280034100000311870307
B1227594547036N01141131EA002270034000000311880307
B1228004547031N01141131EA002260034000000331820307
B1228014547026N01141132EA002260034000000331760307
B1228024547022N01141134EA002260034100000321690307
B1228034547017N01141136EA002270034100000321620307
B1228044547013N01141139EA002270034100000311580307
B1228054547009N01141142EA002270034200000311540311
B1228064547005N01141146EA002270034200000311470311
B1228074547001N01141151EA002280034200000311400311
B1228084546997N01141155EA002280034300000351420311
B1228094546992N01141159EA002280034400000351440311
B1228104546988N01141163EA002290034500000351450311
B1228114546984N01141167EA002290034700000351460328
B1228124546980N01141171EA002310034800000321460328
B1228134546976N01141175EA002320035000000321460328
B1228144546972N01141178EA002320035000000291480328
B1228154546967N01141179EA002330035100000291560328
B1228164546962N01141179EA002330035100000311700328
B1228174546958N01141178EA002330035100000311840274
B1228184546954N01141174EA002340035100000312010274
B1228194546951N01141168EA002340035100000312180274
B1228204546948N01141162EA002340035100000332330247
B1228214546948N01141155EA002340035000000332480247
B1228224546948N01141147EA002330035000000342640247
B1228234546951N01141140EA002330035000000342760247
B1228244546956N01141136EA002340035100000403040247
B1228254546961N01141134EA002340035100000403320311
B1228264546967N01141137EA002350035300000413580311
B1228274546972N01141143EA002370035500000410240311
B1228284546974N01141151EA002380035600000400500311
B1228294546974N01141158EA002390035800000400760311
B1228304546973N01141164EA002410036000000280950311
B1228314546970N01141169EA002420036300000281140328
B1228324546968N01141171EA002440036400000211300328
B1228334546965N01141173EA002440036400000211460328
B1228344546960N01141172EA002440036400000311670274
B1228354546955N01141169EA002430036300000311880274
B1228364546952N01141164EA002430036300000382100247
B1228374546950N01141156EA002440036500000372320247
B1228384546951N01141149EA002450036600000362630247
B1228394546955N01141143EA002450036600000362940247
B1228404546960N01141140EA002450036600000403200247
B1228414546966N01141140EA002450036500000403460311
B1228424546971N01141143EA002460036600000380050311
B1228434546976N01141148EA002470036700000380240311
B1228444546979N01141154EA002470036800000360390311
B1228454546981N01141161EA002480036900000360540311
B1228464546983N01141168EA002490036900000320670328
B1228474546983N01141174EA002490037000000320800328
B1228484546984N01141181EA002500037100000310820328
B1228494546984N01141188EA002500037100000310840328
B1228504546985N01141194EA002510037200000300820328
B1228514546986N01141201EA002510037200000300800328
B1228524546986N01141207EA002520037200000300840328
B1228534546986N01141213EA002520037300000300880328
B1228544546984N01141218EA002520037300000251010344
B1228554546982N01141222EA002520037400000251140344
B1228564546980N01141225EA002530037400000211340344
B1228574546976N01141225EA002540037500000211540344
B1228584546973N01141224EA002540037600000241720344
B1228594546969N01141222EA002550037700000241900344
B1229004546967N01141219EA002560037800000242070344
B1229014546965N01141214EA002580038100000242240328
B1229024546964N01141207EA002590038300000322480328
B1229034546966N01141200EA002600038400000322720328
B1229044546970N01141193EA002610038500000432720328
B1229054546976N01141189EA002630038600000433140328
B1229064546982N01141189EA002640038700000413390328
B1229074546987N01141192EA002650038900000410040328
B1229084546991N01141198EA002660038900000340280328
B1229094546993N01141204EA002670039000000340520328
B1229104546993N01141211EA002680039000000320690328
B1229114546993N01141218EA002690039100000320860344
B1229124546992N01141224EA002700039300000270970344
B1229134546990N01141228EA002710039400000271080344
B1229144546987N01141231EA002730039600000201300344
B1229154546984N01141230EA002730039700000201520344
B1229164546980N01141226EA002740039700000311880344
B1229174546978N01141220EA002740039700000312240344
B1229184546978N01141212EA002750039800000392520328
B1229194546981N01141204EA002760039800000422780328
B1229204546986N01141198EA002770040000000443030328
B1229214546992N01141196EA002780040000000443280328
B1229224546998N01141198EA002780040100000423520328
B1229234547003N01141203EA002790040200000420160328
B1229244547006N01141210EA002800040300000370420328
B1229254547007N01141217EA002810040400000370680344
B1229264547006N01141224EA002810040500000310840344
B1229274547004N01141230EA002830040600000311000344
B1229284547001N01141234EA002830040600000281220344
B1229294546997N01141235EA002840040700000281440344
B1229304546993N01141232EA002850040800000271770344
B1229314546991N01141228EA002860040900000272100344
B1229324546990N01141221EA002870041000000332350344
B1229334546990N01141214EA002880041100000332600328
B1229344546993N01141207EA002890041200000402810328
B1229354546997N01141201EA002890041300000403020328
B1229364547003N01141197EA002900041400000453230328
B1229374547010N01141197EA002900041400000453440328
B1229384547015N01141201EA002910041500000410070318
B1229394547019N01141207EA002910041500000410300318
B1229404547021N01141215EA002910041500000370510318
B1229414547022N01141222EA002910041500000370720322
B1229424547022N01141230EA002910041500000380840322
B1229434547021N01141238EA002920041500000380960322
B1229444547019N01141245EA002920041600000330960322
B1229454547016N01141250EA002930041800000261160322
B1229464547013N01141252EA002940041900000251390322
B1229474547009N01141252EA002960042100000251620344
B1229484547005N01141249EA002970042200000261860344
B1229494547003N01141245EA002980042300000262100344
B1229504547001N01141238EA002990042300000342350344
B1229514547002N01141230EA003000042400000382600344
B1229524547005N01141223EA003000042400000412830344
B1229534547010N01141217EA003010042500000413060344
B1229544547016N01141214EA003010042500000463260318
B1229554547023N01141213EA003020042600000463460318
B1229564547030N01141216EA003020042700000470040322
B1229574547035N01141222EA003030042800000470220322
B1229584547038N01141230EA003040042800000380440322
B1229594547038N01141237EA003040042900000380660322
B1230004547037N01141243EA003040042900000320880322
B1230014547035N01141249EA003050042900000321100322
B1230024547032N01141254EA003050043000000281220322
B1230034547029N01141258EA003060043000000281340322
B1230044547026N01141261EA003070043100000271430322
B1230054547022N01141263EA003070043200000271520322
B1230064547018N01141265EA003080043300000291600322
B1230074547013N01141265EA003090043400000291680322
B1230084547008N01141264EA003100043400000331810344
B1230094547004N01141261EA003100043500000331940344
B1230104547001N01141256EA003120043700000312140344
B1230114547000N01141249EA003140043900000312340344
B1230124547000N01141242EA003160044100000382590344
B1230134547003N01141234EA003170044300000412840344
B1230144547008N01141228EA003190044400000433030344
B1230154547014N01141225EA003200044600000433220322
B1230164547020N01141225EA003210044600000433430322
B1230174547026N01141228EA003220044700000430040322
B1230184547029N01141234EA003230044700000370300322
B1230194547030N01141241EA003240044900000370560322
B1230204547029N01141248EA003240045000000310860322
B1230214547026N01141252EA003260045200000311160322
B1230224547022N01141254EA003270045300000301440322
B1230234547017N01141253EA003280045400000301720322
B1230244547013N01141249EA003290045600000301940322
B1230254547011N01141244EA003310045800000302160322
B1230264547010N01141238EA003340046100000322360344
B1230274547009N01141231EA003360046300000322560344
B1230284547010N01141223EA003380046500000362660344
B1230294547011N01141216EA003400046700000362780322
B1230304547015N01141210EA003420046900000382940318
B1230314547019N01141204EA003430047000000383100318
B1230324547025N01141202EA003440047000000423290318
B1230334547031N01141202EA003440047000000423480318
B1230344547037N01141206EA003440047000000430090318
B1230354547041N01141213EA003440047000000430300318
B1230364547044N01141221EA003440047000000390520322
B1230374547044N01141228EA003450047100000390740322
B1230384547042N01141234EA003460047400000270950322
B1230394547040N01141238EA003480047600000271160322
B1230404547036N01141240EA003500047800000271380322
B1230414547032N01141241EA003510047900000271600322
B1230424547027N01141239EA003520048000000311780322
B1230434547023N01141235EA003540048300000311960322
B1230444547021N01141228EA003560048600000362230322
B1230454547021N01141220EA003580048700000402500322
B1230464547022N01141212EA003590048800000412720318
B1230474547025N01141204EA003610049000000402880318
B1230484547029N01141198EA003630049200000383010318
B1230494547034N01141193EA003640049300000383140318
B1230504547039N01141190EA003650049400000353280318
B1230514547044N01141189EA003660049500000353420318
B1230524547050N01141191EA003660049500000403580318
B1230534547055N01141195EA003660049500000400140318
B1230544547058N01141202EA003650049400000390390318
B1230554547059N01141210EA003650049300000390640318
B1230564547057N01141216EA003650049400000310920322
B1230574547054N01141220EA003660049600000311200322
B1230584547050N01141222EA003670049800000261430322
B1230594547046N01141223EA003680049900000261660322
B1231004547042N01141223EA003700050100000291720322
B1231014547038N01141223EA003720050300000291780322
B1231024547033N01141224EA003730050500000271730322
B1231034547030N01141226EA003750050600000271680322
B1231044547027N01141230EA003760050700000241490322
B1231054547026N01141235EA003770050700000241300322
B1231064547025N01141242EA003770050700000301110322
B1231074547025N01141248EA003770050700000300920322
B1231084547027N01141253EA003780050700000250750322
B1231094547030N01141257EA003780050700000250580322
B1231104547034N01141261EA003770050500000360410322
B1231114547041N01141263EA003750050300000360240322
B1231124547048N01141262EA003740050100000480080322
B1231134547055N01141258EA003730050000000483520322
B1231144547060N01141251EA003730050100000493310322
B1231154547063N01141242EA003740050300000453100291
B1231164547063N01141234EA003750050500000382880291
B1231174547060N01141228EA003760050600000382600322
B1231184547057N01141225EA003770050600000272300322
B1231194547053N01141226EA003780050700000272000322
B1231204547051N01141230EA003780050700000251630322
B1231214547050N01141236EA003780050600000251260322
B1231224547051N01141243EA003770050500000380970322
B1231234547055N01141250EA003760050400000380680322
B1231244547061N01141256EA003760050400000460460291
B1231254547067N01141256EA003760050400000460240291
B1231264547074N01141253EA003760050400000483580291
B1231274547079N01141246EA003770050600000483320291
B1231284547082N01141238EA003780050800000433120291
B1231294547082N01141230EA003800051000000362860291
B1231304547081N01141223EA003810051100000302660291
B1231314547078N01141219EA003820051200000302460291
B1231324547075N01141216EA003830051200000232270291
B1231334547072N01141216EA003840051300000232080291
B1231344547069N01141217EA003840051300000211860291
B1231354547065N01141218EA003840051200000211640291
B1231364547061N01141220EA003840051000000281640291
B1231374547056N01141221EA003820050900000281640322
B1231384547052N01141223EA003810050800000321630322
B1231394547048N01141226EA003810050800000321620322
B1231404547044N01141230EA003810050800000291490322
B1231414547041N01141235EA003810050800000291360322
B1231424547039N01141241EA003810050800000331270322
B1231434547036N01141248EA003810050700000331180322
B1231444547034N01141256EA003800050600000401120322
B1231454547034N01141265EA003800050600000401060322
B1231464547035N01141272EA003800050700000371060321
B1231474547038N01141279EA003800050700000370700321
B1231484547043N01141284EA003800050700000380480321
B1231494547049N01141285EA003790050600000380260321
B1231504547055N01141283EA003780050400000430030321
B1231514547060N01141278EA003780050300000433400321
B1231524547064N01141270EA003770050200000433200289
B1231534547066N01141262EA003760050200000402980291
B1231544547066N01141254EA003760050100000372820291
B1231554547064N01141246EA003750050000000362660291
B1231564547062N01141240EA003740049900000332540291
B1231574547060N01141235EA003740050000000332420322
B1231584547057N01141231EA003750050100000222360322
B1231594547056N01141227EA003760050200000222300322
B1232004547054N01141224EA003770050300000192280322
B1232014547051N01141222EA003770050400000192260322
B1232024547049N01141220EA003780050400000202140322
B1232034547046N01141219EA003780050300000202020322
B1232044547042N01141218EA003780050300000231930322
B1232054547038N01141218EA003780050300000231840322
B1232064547035N01141219EA003780050300000261750322
B1232074547031N01141221EA003780050300000261660322
B1232084547027N01141222EA003780050300000271650322
B1232094547023N01141224EA003780050300000271640322
B1232104547019N01141227EA003780050300000271600322
B1232114547015N01141229EA003770050300000271560322
B1232124547012N01141232EA003770050200000291530322
B1232134547007N01141235EA003770050200000291500344
B1232144547003N01141237EA003760050100000311570344
B1232154546998N01141238EA003760050100000311640344
B1232164546994N01141238EA003760050100000301720344
B1232174546989N01141238EA003760050100000301800344
B1232184546985N01141236EA003760050100000301880344
B1232194546980N01141233EA003760050100000301960344
B1232204546976N01141229EA003760050100000342060344
B1232214546972N01141225EA003760050100000342160344
B1232224546968N01141220EA003770050200000302170344
B1232234546965N01141217EA003780050400000302180344
B1232244546961N01141215EA003790050500000262060328
B1232254546958N01141215EA003800050600000261940274
B1232264546954N01141217EA003800050600000291730292
B1232274546950N01141221EA003800050500000291520292
B1232284546947N01141227EA003790050400000301340292
B1232294546947N01141233EA003790050400000301160292
B1232304546948N01141238EA003790050400000280900292
B1232314546951N01141243EA003790050400000280640292
B1232324546957N01141246EA003770050200000380390292
B1232334546962N01141246EA003770050100000380140344
B1232344546968N01141242EA003760050100000403510344
B1232354546972N01141237EA003760050100000403280344
B1232364546975N01141229EA003750050000000393080344
B1232374546977N01141221EA003750050000000402960344
B1232384546978N01141213EA003750050100000382860328
B1232394546978N01141205EA003760050200000362760328
B1232404546976N01141198EA003760050200000342630328
B1232414546974N01141193EA003770050300000342500328
B1232424546971N01141189EA003770050300000272300328
B1232434546967N01141188EA003770050300000272100328
B1232444546963N01141190EA003770050200000251840328
B1232454546960N01141194EA003760050100000251580274
B1232464546958N01141199EA003750050000000311320274
B1232474546958N01141207EA003740049800000311060274
B1232484546960N01141215EA003730049700000410880274
B1232494546962N01141223EA003720049600000410700344
B1232504546965N01141231EA003720049700000360670344
B1232514546967N01141237EA003720049800000360640344
B1232524546969N01141244EA003730050000000320650344
B1232534546971N01141250EA003730050000000320660344
B1232544546972N01141256EA003730050000000310660344
B1232554546974N01141263EA003730049900000310660344
B1232564546974N01141271EA003720049800000370760335
B1232574546975N01141279EA003710049700000370800335
B1232584546976N01141286EA003710049700000340800335
B1232594546977N01141293EA003710049700000340800335
B1233004546978N01141299EA003710049800000310760335
B1233014546980N01141306EA003710049800000310720335
B1233024546982N01141313EA003710049700000340670335
B1233034546984N01141319EA003710049700000340620335
B1233044546986N01141326EA003700049600000350660335
B1233054546987N01141333EA003700049600000350700335
B1233064546987N01141340EA003690049600000290830335
B1233074546986N01141346EA003680049400000290960335
B1233084546982N01141350EA003670049200000301200335
B1233094546978N01141352EA003650049100000301440335
B1233104546973N01141350EA003640048900000361730335
B1233114546969N01141345EA003630048900000362020335
B1233124546967N01141337EA003630048900000402300335
B1233134546967N01141329EA003630049000000372560335
B1233144546967N01141323EA003630049100000292660335
B1233154546968N01141317EA003640049200000292760335
B1233164546968N01141312EA003650049100000252760335
B1233174546968N01141306EA003650049100000252760335
B1233184546969N01141299EA003640048900000342750335
B1233194546969N01141291EA003620048700000362740335
B1233204546969N01141284EA003610048500000352730335
B1233214546969N01141276EA003600048400000342720335
B1233224546970N01141269EA003590048300000362730335
B1233234546970N01141261EA003580048100000372740344
B1233244546970N01141253EA003570048000000372720344
B1233254546970N01141245EA003560047900000362700344
B1233264546970N01141238EA003540047800000342700344
B1233274546970N01141230EA003540047700000332700344
B1233284546971N01141224EA003530047700000302730344
B1233294546971N01141218EA003530047700000302760344
B1233304546971N01141211EA003530047700000302740328
B1233314546971N01141204EA003530047700000302720328
B1233324546971N01141198EA003520047600000312660328
B1233334546970N01141191EA003520047600000312600328
B1233344546969N01141186EA003520047600000272600328
B1233354546968N01141180EA003520047600000252560328
B1233364546967N01141175EA003520047600000262580328
B1233374546967N01141169EA003520047600000262600328
B1233384546966N01141163EA003510047500000282600311
B1233394546965N01141157EA003510047400000282600311
B1233404546964N01141150EA003500047300000312600311
B1233414546964N01141143EA003490047200000312600311
B1233424546964N01141137EA003480047100000322630311
B1233434546963N01141130EA003470047000000322660311
B1233444546963N01141123EA003460046900000302660311
B1233454546963N01141117EA003450046700000302660311
B1233464546962N01141110EA003430046600000312650267
B1233474546962N01141103EA003420046400000312640267
B1233484546961N01141096EA003400046300000342630267
B1233494546961N01141089EA003390046100000342620267
B1233504546960N01141081EA003380046000000332620223
B1233514546960N01141074EA003370045900000332620223
B1233524546959N01141067EA003350045800000342600223
B1233534546957N01141060EA003340045600000342580208
B1233544546956N01141053EA003330045500000332570208
B1233554546955N01141046EA003320045400000332560208
B1233564546954N01141040EA003300045200000322580208
B1233574546953N01141032EA003290045000000342600208
B1233584546953N01141025EA003260044800000382610208
B1233594546952N01141016EA003240044500000402620208
B1234004546952N01141008EA003220044400000362660238
B1234014546953N01141001EA003210044300000362720238
B1234024546954N01140995EA003210044300000292760238
B1234034546954N01140988EA003200044300000292800238
B1234044546954N01140981EA003190044000000342730238
B1234054546954N01140973EA003170043800000382660238
B1234064546953N01140965EA003160043700000392640276
B1234074546953N01140956EA003150043700000382640276
B1234084546952N01140949EA003150043700000342640276
B1234094546952N01140942EA003150043800000342640276
B1234104546951N01140936EA003160043900000302610276
B1234114546950N01140929EA003160043900000302580276
B1234124546950N01140922EA003160043900000352620276
B1234134546950N01140913EA003150043800000392660311
B1234144546950N01140905EA003150043700000412700311
B1234154546951N01140896EA003150043700000412740311
B1234164546952N01140888EA003150043700000372760311
B1234174546953N01140880EA003150043800000362780311
B1234184546954N01140873EA003150043800000322830311
B1234194546956N01140867EA003150043700000322880311
B1234204546956N01140861EA003140043600000282780341
B1234214546955N01140854EA003130043300000282680341
B1234224546953N01140847EA003110043100000372560341
B1234234546952N01140839EA003090042800000382520341
B1234244546951N01140831EA003070042700000372560341
B1234254546950N01140823EA003050042500000352600341
B1234264546950N01140816EA003040042400000352600373
B1234274546949N01140808EA003030042300000362600373
B1234284546948N01140800EA003010042100000372580373
B1234294546946N01140793EA003000041900000372560373
B1234304546944N01140785EA002980041700000382540373
B1234314546942N01140777EA002970041600000382500373
B1234324546940N01140770EA002950041500000372480373
B1234334546938N01140762EA002940041400000362460389
B1234344546936N01140755EA002930041300000372460389
B1234354546933N01140748EA002920041100000372460389
B1234364546931N01140740EA002910041000000392460389
B1234374546928N01140732EA002890040800000412440389
B1234384546926N01140724EA002880040700000402420389
B1234394546923N01140716EA002870040700000392440395
B1234404546921N01140708EA002870040700000402480395
B1234414546920N01140700EA002870040700000392520395
B1234424546919N01140692EA002860040700000382560395
B1234434546918N01140683EA002860040600000392580395
B1234444546918N01140675EA002850040500000402620395
B1234454546917N01140666EA002840040400000412660401
B1234464546917N01140657EA002830040300000392660401
B1234474546916N01140649EA002830040200000372640401
B1234484546915N01140642EA002820040200000372590401
B1234494546913N01140634EA002820040100000372540401
B1234504546911N01140626EA002810040000000392500401
B1234514546909N01140618EA002800039900000392500335
B1234524546907N01140610EA002800039900000402520343
B1234534546905N01140601EA002800039900000402500343
B1234544546904N01140594EA002800040000000372510343
B1234554546902N01140586EA002800040000000362520343
B1234564546901N01140579EA002800040000000332540343
B1234574546900N01140572EA002800039800000332560343
B1234584546899N01140564EA002790039700000352560355
B1234594546897N01140557EA002780039600000352520355
B1235004546895N01140550EA002770039500000362490355
B1235014546893N01140542EA002770039400000352460355
B1235024546891N01140535EA002760039400000362460355
B1235034546889N01140528EA002760039300000362460355
B1235044546887N01140521EA002750039200000362460355
B1235054546885N01140513EA002750039200000352460375
B1235064546884N01140506EA002740039100000332510375
B1235074546883N01140499EA002740039100000332560375
B1235084546883N01140493EA002740039100000302620375
B1235094546882N01140486EA002740039100000302680375
B1235104546882N01140480EA002740039100000272660375
B1235114546882N01140474EA002740039100000272640375
B1235124546881N01140468EA002740039100000282620375
B1235134546880N01140462EA002740039000000282600387
B1235144546880N01140456EA002730039000000302640387
B1235154546880N01140449EA002730038900000302680387
B1235164546880N01140442EA002730038900000302650387
B1235174546879N01140436EA002730038900000302620387
B1235184546877N01140432EA002740039000000202530387
B1235194546876N01140429EA002760039200000202440387
B1235204546875N01140426EA002770039200000172440387
B1235214546874N01140422EA002780039300000172440387
B1235224546873N01140419EA002790039300000202420387
B1235234546870N01140415EA002790039300000202400388
B1235244546867N01140412EA002800039300000242250388
B1235254546864N01140411EA002800039400000242100388
B1235264546861N01140412EA002810039500000241860388
B1235274546858N01140415EA002820039600000241620330
B1235284546855N01140421EA002830039600000291390325
B1235294546854N01140428EA002840039800000291160325
B1235304546855N01140435EA002840039900000340960325
B1235314546858N01140442EA002850039900000340760325
B1235324546862N01140447EA002860039900000420530387
B1235334546869N01140451EA002860039800000420300387
B1235344546875N01140455EA002860040000000470280387
B1235354546880N01140461EA002870040200000470260387
B1235364546882N01140469EA002890040500000410480375
B1235374546881N01140478EA002890040600000390800375
B1235384546878N01140484EA002890040500000341070375
B1235394546874N01140487EA002890040500000341340375
B1235404546869N01140487EA002900040600000311610375
B1235414546865N01140485EA002910040800000311880375
B1235424546862N01140483EA002920041000000201950375
B1235434546859N01140481EA002940041100000202020331
B1235444546857N01140479EA002940041200000212070331
B1235454546854N01140476EA002950041200000212120331
B1235464546851N01140471EA002950041300000272190331
B1235474546848N01140467EA002950041400000272260331
B1235484546846N01140463EA002960041500000232290325
B1235494546844N01140459EA002970041600000232320325
B1235504546843N01140454EA002980041700000242450325
B1235514546843N01140449EA002990041800000242580325
B1235524546844N01140443EA003000041800000282740325
B1235534546847N01140438EA003010041900000282900325
B1235544546851N01140435EA003010042000000343150325
B1235554546857N01140435EA003020042000000343400325
B1235564546863N01140437EA003020042000000460000387
B1235574546869N01140443EA003030042100000460200387
B1235584546873N01140450EA003030042200000440390387
B1235594546874N01140459EA003040042300000410580387
B1236004546874N01140466EA003060042500000350800387
B1236014546872N01140472EA003070042700000351020375
B1236024546869N01140476EA003080042800000271210375
B1236034546865N01140478EA003080042900000271400375
B1236044546862N01140479EA003090043000000221590375
B1236054546859N01140478EA003100043100000221780331
B1236064546856N01140475EA003100043100000211970331
B1236074546854N01140471EA003100043100000212160331
B1236084546853N01140466EA003110043100000252360325
B1236094546853N01140461EA003110043200000252560325
B1236104546855N01140455EA003120043300000312810325
B1236114546859N01140451EA003120043300000313060325
B1236124546865N01140450EA003130043400000433320387
B1236134546872N01140452EA003130043400000433580387
B1236144546877N01140458EA003130043300000480200387
B1236154546881N01140467EA003130043300000480420375
B1236164546882N01140477EA003130043400000480640375
B1236174546881N01140486EA003140043600000400840375
B1236184546879N01140491EA003150043800000301080375
B1236194546876N01140494EA003170044100000301320375
B1236204546873N01140495EA003190044300000171530375
B1236214546870N01140494EA003200044400000171740375
B1236224546867N01140492EA003210044500000231880375
B1236234546864N01140489EA003220044500000232020375
B1236244546863N01140483EA003230044600000272290375
B1236254546863N01140477EA003240044600000272560375
B1236264546866N01140472EA003250044700000342830375
B1236274546870N01140467EA003260044800000343100375
B1236284546875N01140465EA003260044900000383290387
B1236294546881N01140465EA003270044900000383480387
B1236304546888N01140469EA003260044800000480050375
B1236314546894N01140475EA003250044700000480220375
B1236324546898N01140484EA003250044700000490400375
B1236334546900N01140493EA003250044700000460620375
B1236344546899N01140503EA003250044800000420820375
B1236354546897N01140510EA003260044900000421000375
B1236364546894N01140515EA003270045200000271150375
B1236374546892N01140518EA003290045500000271300355
B1236384546889N01140520EA003310045600000191450355
B1236394546886N01140520EA003320045700000191600355
B1236404546883N01140519EA003320045700000231780355
B1236414546879N01140516EA003320045700000231960375
B1236424546877N01140512EA003330045700000272110375
B1236434546875N01140507EA003330045700000272260375
B1236444546873N01140502EA003330045900000262380375
B1236454546872N01140497EA003340046000000262500375
B1236464546872N01140491EA003350046100000232500375
B1236474546872N01140486EA003360046100000242660375
B1236484546872N01140481EA003360046100000262720375
B1236494546873N01140475EA003360046000000262780375
B1236504546876N01140470EA003360046000000292940375
B1236514546880N01140467EA003360046000000293100375
B1236524546885N01140465EA003360046000000403320387
B1236534546892N01140467EA003360045900000403540375
B1236544546898N01140471EA003360045800000490130375
B1236554546903N01140479EA003350045700000490320375
B1236564546908N01140487EA003350045700000490430375
B1236574546911N01140495EA003350045800000490540432
B1236584546914N01140503EA003360046000000410620432
B1236594546915N01140511EA003370046100000410700432
B1237004546916N01140519EA003380046200000370780414
B1237014546915N01140527EA003380046300000370860414
B1237024546914N01140534EA003380046300000330990414
B1237034546910N01140539EA003390046300000331120355
B1237044546906N01140542EA003390046400000291360355
B1237054546902N01140542EA003390046500000291600355
B1237064546899N01140540EA003400046500000231840355
B1237074546898N01140537EA003410046700000232080355
B1237084546897N01140532EA003420046800000212390355
B1237094546899N01140527EA003420046800000212700355
B1237104546901N01140523EA003430046900000272900355
B1237114546904N01140520EA003430046900000273100355
B1237124546909N01140517EA003440046900000353270355
B1237134546915N01140517EA003440046900000353440414
B1237144546921N01140519EA003440046900000440020414
B1237154546926N01140526EA003440046800000440200414
B1237164546930N01140535EA003440046900000530420414
B1237174546932N01140545EA003440047000000450620414
B1237184546930N01140553EA003450047300000360850414
B1237194546928N01140558EA003470047400000361080414
B1237204546924N01140559EA003480047500000241430414
B1237214546921N01140557EA003490047600000241780414
B1237224546919N01140552EA003500047700000252080414
B1237234546918N01140547EA003510047800000252380414
B1237244546919N01140542EA003530048000000252590414
B1237254546921N01140538EA003540048200000252800414
B1237264546924N01140535EA003550048200000293090414
B1237274546929N01140534EA003560048200000293380414
B1237284546936N01140535EA003560048100000443530414
B1237294546942N01140539EA003560048100000440080414
B1237304546947N01140546EA003560048100000480260414
B1237314546950N01140555EA003560048200000450480414
B1237324546950N01140563EA003570048300000390750414
B1237334546947N01140569EA003570048400000391020406
B1237344546943N01140570EA003590048600000271350406
B1237354546940N01140569EA003600048800000271680406
B1237364546937N01140566EA003620048900000221980414
B1237374546936N01140562EA003630049100000222280414
B1237384546934N01140558EA003650049300000202360414
B1237394546933N01140554EA003660049400000202440414
B1237404546934N01140550EA003670049400000192590414
B1237414546935N01140546EA003680049500000192740414
B1237424546938N01140541EA003680049500000312950414
B1237434546943N01140537EA003680049400000313160414
B1237444546948N01140535EA003680049400000403310414
B1237454546954N01140535EA003690049500000403460414
B1237464546961N01140538EA003690049500000440060469
B1237474546965N01140545EA003690049500000440260469
B1237484546968N01140553EA003690049500000410460469
B1237494546970N01140560EA003700049600000410660469
B1237504546970N01140567EA003710049800000300800460
B1237514546969N01140573EA003730050000000300940460
B1237524546967N01140577EA003740050200000221090460
B1237534546964N01140580EA003760050300000221240460
B1237544546961N01140580EA003760050400000241520460
B1237554546957N01140579EA003770050400000241800406
B1237564546954N01140578EA003770050500000211880406
B1237574546952N01140576EA003780050700000211960406
B1237584546951N01140573EA003800050800000162220406
B1237594546951N01140568EA003810050900000162480406
B1238004546951N01140564EA003810050900000242650414
B1238014546953N01140559EA003820050900000242820414
B1238024546956N01140554EA003830051000000293000414
B1238034546960N01140551EA003830051100000293180414
B1238044546965N01140548EA003840051000000373320469
B1238054546971N01140548EA003840051000000373460469
B1238064546978N01140549EA003840051000000453570469
B1238074546984N01140552EA003840051000000450080469
B1238084546990N01140557EA003840050900000480220469
B1238094546995N01140564EA003830050900000480360469
B1238104546998N01140572EA003830050900000410520460
B1238114546998N01140579EA003840051000000410680460
B1238124546997N01140585EA003850051200000240860460
B1238134546996N01140589EA003860051300000241040460
B1238144546993N01140592EA003860051300000211260460
B1238154546990N01140593EA003860051200000211480460
B1238164546986N01140592EA003850051100000261670460
B1238174546982N01140590EA003850051200000261860460
B1238184546979N01140587EA003850051300000262020460
B1238194546976N01140583EA003860051300000262180460
B1238204546974N01140579EA003870051600000242280460
B1238214546973N01140575EA003880051700000242380460
B1238224546972N01140571EA003900051900000182480460
B1238234546973N01140566EA003910051900000182600469
B1238244546975N01140562EA003910051900000262830469
B1238254546978N01140558EA003910051800000263060469
B1238264546983N01140554EA003900051600000413190469
B1238274546989N01140551EA003900051500000413320469
B1238284546996N01140551EA003900051500000453480469
B1238294547002N01140554EA003900051500000450040469
B1238304547007N01140559EA003900051500000390220469
B1238314547010N01140565EA003900051600000390400469
B1238324547012N01140571EA003910051700000310560433
B1238334547013N01140577EA003910051800000310720433
B1238344547012N01140583EA003920051800000260900433
B1238354547010N01140587EA003920051900000261080460
B1238364547007N01140590EA003930052000000211300460
B1238374547004N01140590EA003940052100000211520460
B1238384547001N01140588EA003940052200000181800460
B1238394546999N01140585EA003950052200000182080460
B1238404546998N01140581EA003950052200000212260460
B1238414546997N01140576EA003950052200000212440460
B1238424546997N01140571EA003950052100000282600460
B1238434546999N01140565EA003960052100000282760469
B1238444547002N01140559EA003960052200000342960469
B1238454547007N01140555EA003970052300000343160469
B1238464547013N01140551EA003970052300000443290431
B1238474547019N01140550EA003980052400000443420431
B1238484547025N01140551EA003980052400000453550431
B1238494547032N01140554EA003990052400000450080431
B1238504547037N01140559EA003990052500000400210431
B1238514547041N01140565EA003990052600000400340431
B1238524547042N01140571EA004000052700000300570433
B1238534547041N01140577EA004010052700000300800433
B1238544547040N01140581EA004010052700000231000433
B1238554547037N01140585EA004010052700000231200433
B1238564547035N01140586EA004010052700000181360433
B1238574547032N01140587EA004010052600000181520433
B1238584547029N01140586EA004000052500000201690433
B1238594547026N01140585EA003990052300000201860433
B1239004547022N01140583EA003980052200000251940433
B1239014547019N01140581EA003970052100000252020433
B1239024547015N01140578EA003980052200000272060433
B1239034547012N01140576EA003980052300000272100433
B1239044547009N01140573EA004000052500000222080460
B1239054547006N01140572EA004010052700000222060460
B1239064547002N01140572EA004020052800000231940460
B1239074546999N01140572EA004030052900000231820460
B1239084546995N01140572EA004040052900000211810460
B1239094546992N01140571EA004050053000000211800460
B1239104546990N01140569EA004060053100000201960460
B1239114546988N01140566EA004070053200000202120469
B1239124546988N01140563EA004080053300000152360469
B1239134546989N01140560EA004080053300000152600469
B1239144546992N01140557EA004090053300000262930469
B1239154546996N01140554EA004080053300000263260469
B1239164547002N01140554EA004080053200000443450469
B1239174547009N01140557EA004070053200000440040469
B1239184547014N01140564EA004070053200000480260431
B1239194547017N01140573EA004070053200000490480433
B1239204547018N01140583EA004060053200000410720433
B1239214547017N01140589EA004080053400000410880433
B1239224547016N01140593EA004100053700000150880433
B1239234547015N01140595EA004110053900000131120433
B1239244547013N01140598EA004120053800000161240433
B1239254547010N01140600EA004110053600000161360460
B1239264547007N01140601EA004100053500000251510460
B1239274547003N01140601EA004090053300000251660460
B1239284547000N01140599EA004090053300000211860460
B1239294546998N01140596EA004080053300000212060460
B1239304546997N01140592EA004080053300000232230460
B1239314546995N01140587EA004080053300000232400460
B1239324546993N01140583EA004090053400000232400460
B1239334546992N01140579EA004100053500000232400460
B1239344546991N01140575EA004110053700000182510460
B1239354546991N01140571EA004110053700000182620460
B1239364546992N01140567EA004120053700000212760460
B1239374546995N01140563EA004110053600000212900469
B1239384546999N01140560EA004110053600000353130469
B1239394547005N01140558EA004100053500000353360469
B1239404547011N01140559EA004090053400000453530431
B1239414547018N01140563EA004080053300000450100431
B1239424547022N01140570EA004080053300000430310433
B1239434547023N01140578EA004080053400000430520433
B1239444547022N01140585EA004080053400000350810433
B1239454547019N01140591EA004090053500000351100433
B1239464547016N01140594EA004100053700000251280433
B1239474547013N01140596EA004120053900000251460433
B1239484547010N01140597EA004140054100000211590460
B1239494547007N01140597EA004150054200000211720460
B1239504547004N01140596EA004160054200000181790460
B1239514547001N01140595EA004160054200000181860460
B1239524546999N01140592EA004160054200000212050460
B1239534546998N01140588EA004160054100000212240460
B1239544546997N01140584EA004160054100000202470460
B1239554546999N01140579EA004160054100000202700460
B1239564547002N01140575EA004160054100000302960460
B1239574547006N01140572EA004150054000000303220460
B1239584547012N01140570EA004140053800000433360433
B1239594547019N01140571EA004130053600000433500433
B1240004547026N01140575EA004120053600000480090433
B1240014547031N01140582EA004110053500000480280433
B1240024547034N01140591EA004100053300000480480433
B1240034547034N01140601EA004090053300000410700433
B1240044547032N01140608EA004090053500000370940433
B1240054547029N01140613EA004100053700000371180433
B1240064547026N01140617EA004120054000000241260429
B1240074547024N01140621EA004140054300000241340429
B1240084547022N01140626EA004150054400000261280429
B1240094547019N01140631EA004160054400000261240429
B1240104547016N01140636EA004160054300000301280429
B1240114547012N01140640EA004160054200000301320429
B1240124547008N01140643EA004150054000000321430451
B1240134547004N01140645EA004140054000000321540451
B1240144546999N01140646EA004140054000000291630451
B1240154546995N01140646EA004140054100000291720451
B1240164546992N01140646EA004150054200000221770451
B1240174546988N01140646EA004160054300000221820451
B1240184546984N01140644EA004160054300000261870451
B1240194546980N01140643EA004160054200000261920451
B1240204546975N01140641EA004150054100000341910451
B1240214546970N01140641EA004150054000000341900451
B1240224546965N01140641EA004150054000000331830451
B1240234546961N01140641EA004160054200000331760451
B1240244546957N01140641EA004170054400000241800401
B1240254546953N01140640EA004180054500000241840401
B1240264546950N01140639EA004190054600000231860401
B1240274546946N01140638EA004190054600000231880401
B1240284546942N01140637EA004200054600000281890401
B1240294546937N01140636EA004200054600000281900401
B1240304546933N01140633EA004200054600000281950401
B1240314546930N01140631EA004200054600000282000401
B1240324546926N01140628EA004200054600000282020401
B1240334546922N01140626EA004200054700000282040401
B1240344546917N01140623EA004200054700000322010401
B1240354546912N01140622EA004210054800000321980401
B1240364546908N01140621EA004210054900000301920335
B1240374546903N01140620EA004220055000000301860335
B1240384546898N01140619EA004230055100000311860335
B1240394546894N01140618EA004240055200000311860335
B1240404546889N01140616EA004250055300000291860343
B1240414546885N01140614EA004260055400000301960343
B1240424546881N01140610EA004270055500000302040343
B1240434546878N01140606EA004270055600000302120343
B1240444546876N01140600EA004290055600000312270343
B1240454546875N01140594EA004300055800000312420343
B1240464546877N01140588EA004310055900000302730343
B1240474546881N01140584EA004320056000000303040343
B1240484546886N01140583EA004330056000000393290343
B1240494546893N01140584EA004320056000000393540343
B1240504546899N01140588EA004320055900000440110343
B1240514546903N01140594EA004320055900000440280343
B1240524546906N01140603EA004320055900000430480343
B1240534546906N01140611EA004320055900000430740343
B1240544546903N01140618EA004320056100000361030335
B1240554546898N01140621EA004330056200000361320335
B1240564546894N01140621EA004340056300000281560335
B1240574546890N01140621EA004350056500000281800335
B1240584546886N01140621EA004360056600000281810335
B1240594546881N01140620EA004360056600000281820335
B1241004546876N01140619EA004360056500000341860335
B1241014546871N01140617EA004360056500000341900335
B1241024546867N01140612EA004360056500000332070343
B1241034546864N01140606EA004370056600000332240343
B1241044546864N01140600EA004370056700000292490343
B1241054546866N01140594EA004380056800000292740343
B1241064546869N01140588EA004380056700000362940343
B1241074546874N01140584EA004380056700000363140343
B1241084546880N01140583EA004370056600000433350343
B1241094546887N01140585EA004370056600000433560343
B1241104546892N01140590EA004370056600000440170343
B1241114546896N01140597EA004370056500000440380343
B1241124546898N01140606EA004370056500000420600343
B1241134546897N01140615EA004360056400000410780343
B1241144546895N01140623EA004350056400000390980335
B1241154546891N01140629EA004350056400000391180335
B1241164546887N01140632EA004350056500000311340335
B1241174546883N01140635EA004360056600000311500335
B1241184546879N01140636EA004360056600000301590335
B1241194546874N01140637EA004370056800000301680335
B1241204546869N01140638EA004370056800000311700335
B1241214546865N01140638EA004380057000000311720335
B1241224546860N01140639EA004400057100000301730296
B1241234546856N01140640EA004410057300000301740296
B1241244546851N01140642EA004420057400000291740296
B1241254546847N01140644EA004430057400000291620296
B1241264546843N01140645EA004440057400000301650296
B1241274546838N01140645EA004430057400000301680296
B1241284546833N01140644EA004430057300000341780296
B1241294546827N01140643EA004430057300000341880296
B1241304546822N01140641EA004430057300000371910296
B1241314546817N01140639EA004440057400000371940296
B1241324546811N01140637EA004450057600000341910282
B1241334546807N01140636EA004460057700000341880282
B1241344546804N01140633EA004480057900000232030282
B1241354546802N01140629EA004490058000000232180282
B1241364546802N01140625EA004500058100000212410282
B1241374546802N01140620EA004510058100000212640282
B1241384546804N01140614EA004510058000000292810292
B1241394546807N01140609EA004510058000000292980292
B1241404546812N01140605EA004500057800000363160306
B1241414546817N01140603EA004490057700000363340306
B1241424546824N01140604EA004470057500000433500306
B1241434546830N01140606EA004450057300000430060306
B1241444546836N01140611EA004440057200000460190306
B1241454546841N01140618EA004430057100000460320296
B1241464546844N01140625EA004420057200000380490296
B1241474546845N01140633EA004430057300000380660296
B1241484546844N01140640EA004430057300000340850296
B1241494546842N01140646EA004430057400000341040296
B1241504546838N01140651EA004440057400000301220296
B1241514546834N01140654EA004440057500000301400296
B1241524546829N01140654EA004450057500000331610296
B1241534546824N01140653EA004450057500000331820296
B1241544546819N01140652EA004450057500000321840296
B1241554546814N01140652EA004450057500000321860296
B1241564546810N01140653EA004450057600000291750282
B1241574546806N01140654EA004460057600000291640282
B1241584546801N01140654EA004470057700000301760282
B1241594546797N01140652EA004480057900000301880282
B1242004546793N01140651EA004490058000000241900282
B1242014546790N01140651EA004500058100000241920282
B1242024546786N01140651EA004510058200000221850282
B1242034546782N01140650EA004510058100000221780282
B1242044546778N01140649EA004510058000000301840282
B1242054546773N01140648EA004500057800000301900282
B1242064546768N01140647EA004490057700000341890282
B1242074546763N01140646EA004480057600000341880282
B1242084546758N01140645EA004470057500000301890256
B1242094546754N01140643EA004470057500000301900256
B1242104546750N01140641EA004460057400000291920256
B1242114546745N01140640EA004450057300000291940256
B1242124546739N01140640EA004440057100000371870256
B1242134546733N01140640EA004430057000000371800256
B1242144546728N01140640EA004430057000000371800256
B1242154546722N01140639EA004430057100000371800256
B1242164546717N01140639EA004440057300000371810256
B1242174546711N01140638EA004450057400000371820233
B1242184546705N01140638EA004450057500000371820233
B1242194546700N01140638EA004460057600000371820233
B1242204546695N01140638EA004470057700000311790233
B1242214546691N01140638EA004480057700000311760233
B1242224546686N01140637EA004490057700000321810233
B1242234546681N01140636EA004490057600000321860233
B1242244546676N01140634EA004480057600000361930233
B1242254546670N01140630EA004470057400000362000233
B1242264546666N01140625EA004470057300000392080233
B1242274546661N01140620EA004460057300000392140212
B1242284546656N01140616EA004460057400000402140207
B1242294546651N01140611EA004470057500000402140207
B1242304546646N01140607EA004480057600000382120207
B1242314546641N01140602EA004490057800000382100207
B1242324546637N01140598EA004500057800000352130207
B1242334546633N01140594EA004500057900000352160207
B1242344546629N01140591EA004510057900000272120207
B1242354546626N01140588EA004510057900000272080207
B1242364546622N01140585EA004510057900000262090207
B1242374546619N01140582EA004510057800000262100207
B1242384546615N01140578EA004500057600000302130207
B1242394546611N01140574EA004480057400000302160193
B1242404546607N01140570EA004470057200000332150193
B1242414546603N01140566EA004460057100000332140185
B1242424546599N01140563EA004450057100000302100185
B1242434546595N01140560EA004440057000000302060185
B1242444546591N01140557EA004430056900000302080185
B1242454546587N01140553EA004420056800000302100185
B1242464546583N01140549EA004410056700000322140185
B1242474546579N01140544EA004410056600000322180185
B1242484546575N01140540EA004400056600000342160185
B1242494546570N01140537EA004390056500000342140185
B1242504546565N01140534EA004390056500000342050185
B1242514546560N01140532EA004380056500000341960173
B1242524546556N01140530EA004380056400000331970173
B1242534546551N01140527EA004370056400000331980173
B1242544546546N01140525EA004370056400000311980173
B1242554546542N01140523EA004370056400000311980173
B1242564546537N01140520EA004370056400000342010173
B1242574546533N01140517EA004370056300000342040173
B1242584546529N01140514EA004370056400000282030171
B1242594546525N01140512EA004380056500000282020171
B1243004546521N01140509EA004380056500000282030171
B1243014546517N01140506EA004380056600000282040171
B1243024546513N01140503EA004380056500000302060171
B1243034546509N01140500EA004380056500000302080171
B1243044546505N01140496EA004380056500000302090171
B1243054546501N01140493EA004380056400000302100171
B1243064546497N01140491EA004370056400000302070171
B1243074546493N01140488EA004370056300000302040171
B1243084546489N01140486EA004360056300000282030171
B1243094546485N01140483EA004360056300000282020171
B1243104546482N01140480EA004360056200000262080171
B1243114546479N01140476EA004350056200000262140171
B1243124546476N01140473EA004350056100000282160171
B1243134546472N01140469EA004340056100000282180171
B1243144546469N01140465EA004330055900000282160178
B1243154546465N01140462EA004330055900000282140178
B1243164546461N01140458EA004320055800000312110194
B1243174546457N01140456EA004310055800000312080194
B1243184546453N01140453EA004310055800000292060194
B1243194546449N01140450EA004310055800000292040194
B1243204546445N01140447EA004310055900000282050194
B1243214546441N01140445EA004310055800000282060194
B1243224546437N01140442EA004310055800000302040194
B1243234546433N01140439EA004300055600000302020194
B1243244546428N01140437EA004290055600000312000194
B1243254546424N01140435EA004290055400000311980194
B1243264546420N01140433EA004270055300000251980194
B1243274546417N01140431EA004260055100000261980194
B1243284546413N01140429EA004240054900000302000194
B1243294546408N01140426EA004210054500000302020202
B1243304546403N01140424EA004190054300000351990202
B1243314546398N01140422EA004160054000000351960202
B1243324546393N01140420EA004150053900000301970202
B1243334546389N01140418EA004130053800000301980202
B1243344546385N01140416EA004120053700000301970208
B1243354546380N01140413EA004100053500000301960208
B1243364546375N01140411EA004080053200000351960208
B1243374546370N01140409EA004060053000000351960208
B1243384546365N01140408EA004040052900000341930208
B1243394546360N01140407EA004030052900000341900202
B1243404546356N01140408EA004030052900000281830202
B1243414546351N01140408EA004030052900000281760202
B1243424546347N01140408EA004020052800000311780202
B1243434546342N01140407EA004020052700000311800202
B1243444546337N01140406EA004010052700000301840202
B1243454546333N01140405EA004010052800000301880202
B1243464546329N01140404EA004010052800000261920202
B1243474546325N01140402EA004010052700000261960202
B1243484546321N01140399EA004000052600000352000202
B1243494546316N01140395EA004000052500000352040202
B1243504546312N01140391EA003990052500000302110202
B1243514546309N01140387EA004000052700000302180212
B1243524546307N01140384EA004010052800000222210212
B1243534546304N01140380EA004010052800000222240212
B1243544546301N01140375EA004010052800000292280212
B1243554546300N01140369EA004010052600000292320212
B1243564546299N01140362EA004000052600000342500224
B1243574546300N01140355EA004000052700000342680224
B1243584546303N01140351EA004010052800000262890224
B1243594546305N01140347EA004020052900000263100224
B1244004546309N01140345EA004030053000000263200224
B1244014546313N01140342EA004030053000000263300213
B1244024546318N01140341EA004020052900000333420213
B1244034546323N01140342EA004020052800000333540213
B1244044546328N01140344EA004010052700000360060213
B1244054546333N01140348EA004010052700000360180213
B1244064546337N01140353EA004010052700000360310213
B1244074546341N01140359EA004010052700000360440213
B1244084546343N01140367EA004000052600000420550202
B1244094546345N01140376EA003990052500000400660202
B1244104546344N01140384EA003980052500000370830202
B1244114546342N01140391EA003980052400000371000202
B1244124546339N01140396EA003970052300000311150202
B1244134546336N01140401EA003970052400000311300202
B1244144546332N01140404EA003970052400000281370202
B1244154546328N01140407EA003970052400000281440202
B1244164546324N01140407EA003970052400000271630202
B1244174546320N01140405EA003970052300000271820202
B1244184546315N01140402EA003960052300000351940202
B1244194546311N01140398EA003960052300000352060212
B1244204546307N01140394EA003960052400000302090212
B1244214546304N01140391EA003970052500000302120212
B1244224546300N01140387EA003980052600000282160212
B1244234546298N01140383EA003990052600000282200212
B1244244546296N01140377EA003990052600000272320212
B1244254546295N01140372EA004000052600000272440212
B1244264546296N01140366EA004000052600000292690224
B1244274546300N01140361EA004000052700000292940224
B1244284546305N01140359EA004000052700000353220224
B1244294546310N01140359EA004000052700000353480224
B1244304546315N01140361EA004000052700000360050213
B1244314546320N01140366EA004000052800000360220213
B1244324546323N01140373EA004010052800000390420202
B1244334546324N01140381EA004010052800000390620202
B1244344546325N01140389EA004000052700000390750202
B1244354546324N01140398EA004000052600000390880202
B1244364546322N01140405EA004000052600000381000202
B1244374546319N01140412EA003990052600000381120202
B1244384546315N01140418EA003990052600000371260200
B1244394546310N01140421EA003990052700000371400212
B1244404546306N01140423EA004000052700000321550212
B1244414546301N01140423EA004000052800000321700212
B1244424546297N01140421EA004010052800000281830212
B1244434546293N01140419EA004010052800000281960212
B1244444546290N01140415EA004010052700000262080212
B1244454546287N01140411EA004010052700000262200212
B1244464546285N01140406EA004000052500000272270212
B1244474546282N01140401EA003990052400000272340212
B1244484546280N01140396EA003980052300000272370212
B1244494546279N01140390EA003980052200000272400212
B1244504546278N01140384EA003970052100000312480212
B1244514546277N01140377EA003950051900000312560212
B1244524546276N01140370EA003940051800000332590212
B1244534546276N01140363EA003940051800000332620224
B1244544546276N01140357EA003940051900000262700224
B1244554546277N01140352EA003940051900000262780224
B1244564546278N01140347EA003940051900000242840224
B1244574546280N01140342EA003940051900000242900224
B1244584546282N01140336EA003930051800000322930224
B1244594546284N01140329EA003920051600000322960224
B1245004546287N01140323EA003900051500000332950224
B1245014546289N01140317EA003900051400000332940224
B1245024546291N01140311EA003890051400000292950228
B1245034546293N01140305EA003890051400000292960228
B1245044546295N01140300EA003880051300000282970228
B1245054546297N01140295EA003870051200000282980228
B1245064546298N01140289EA003860051000000272960228
B1245074546300N01140284EA003840050800000272940228
B1245084546302N01140278EA003830050600000292920228
B1245094546303N01140272EA003810050300000292900228
B1245104546304N01140265EA003780050100000312860239
B1245114546305N01140259EA003760049900000312820239
B1245124546305N01140253EA003740049700000292750239
B1245134546305N01140247EA003720049400000292680239
B1245144546303N01140241EA003700049200000302550239
B1245154546300N01140235EA003670048900000302420239
B1245164546296N01140229EA003650048600000362320239
B1245174546292N01140225EA003620048300000362220239
B1245184546287N01140221EA003590048000000362220239
B1245194546282N01140218EA003570047900000342060239
B1245204546278N01140217EA003560047700000321990239
B1245214546273N01140216EA003540047600000321920252
B1245224546268N01140217EA003520047400000351790239
B1245234546263N01140220EA003510047300000351660239
B1245244546258N01140226EA003490047000000401500242
B1245254546255N01140233EA003460046800000401340242
B1245264546252N01140242EA003440046600000421200242
B1245274546250N01140250EA003420046400000421120242
B1245284546250N01140259EA003410046300000401020242
B1245294546250N01140267EA003390046100000400920242
B1245304546251N01140276EA003380045900000400820242
B1245314546253N01140284EA003360045700000400760242
B1245324546255N01140293EA003340045500000430720242
B1245334546258N01140301EA003320045300000430680242
B1245344546261N01140310EA003310045100000440620242
B1245354546265N01140318EA003290044900000440580224
B1245364546268N01140326EA003280044800000430590224
B1245374546271N01140334EA003260044600000430600224
B1245384546274N01140342EA003240044500000430600224
B1245394546277N01140350EA003230044300000430600224
B1245404546281N01140359EA003210044100000470580224
B1245414546285N01140368EA003200044000000490560212
B1245424546290N01140377EA003190043900000510560212
B1245434546294N01140386EA003180043800000490560212
B1245444546298N01140394EA003180043800000480550212
B1245454546302N01140403EA003170043800000480540212
B1245464546307N01140411EA003170043800000490520212
B1245474546311N01140419EA003170043800000490500212
B1245484546316N01140429EA003160043800000510520200
B1245494546320N01140437EA003160043800000510560200
B1245504546323N01140446EA003160043800000440580200
B1245514546326N01140455EA003170043900000450620200
B1245524546328N01140464EA003160043700000460660200
B1245534546331N01140473EA003140043500000450660204
B1245544546335N01140481EA003130043300000440660204
B1245554546339N01140489EA003120043200000450560204
B1245564546343N01140497EA003100043000000470570204
B1245574546346N01140506EA003080042800000470580204
B1245584546348N01140516EA003070042700000460640204
B1245594546351N01140525EA003060042700000440680197
B1246004546354N01140533EA003050042700000420660197
B1246014546356N01140541EA003050042600000420640197
B1246024546359N01140549EA003050042600000400650197
B1246034546361N01140557EA003040042500000400660197
B1246044546364N01140567EA003030042300000460660172
B1246054546366N01140576EA003020042100000450680172
B1246064546369N01140584EA003010042000000450650172
B1246074546373N01140593EA002990041900000440620172
B1246084546376N01140601EA002980041800000440620172
B1246094546378N01140610EA002970041700000450620172
B1246104546381N01140620EA002960041600000470660164
B1246114546384N01140629EA002950041400000490680164
B1246124546387N01140639EA002940041300000500660164
B1246134546392N01140647EA002930041200000500600164
B1246144546397N01140655EA002920041200000470510164
B1246154546402N01140660EA002920041200000470420164
B1246164546408N01140664EA002910041100000440330164
B1246174546414N01140668EA002900041000000440240155
B1246184546420N01140673EA002900041000000420260155
B1246194546425N01140677EA002890040900000420280155
B1246204546430N01140681EA002880040800000380270155
B1246214546435N01140685EA002880040800000380260155
B1246224546440N01140689EA002870040700000380280155
B1246234546445N01140694EA002860040600000380300155
B1246244546450N01140700EA002850040500000400370155
B1246254546453N01140706EA002850040400000400440155
B1246264546457N01140713EA002840040400000380500155
B1246274546460N01140720EA002840040300000380560156
B1246284546463N01140727EA002830040200000390570158
B1246294546466N01140735EA002820040100000390580158
B1246304546469N01140743EA002810040000000420610158
B1246314546471N01140751EA002800040000000420640158
B1246324546471N01140760EA002790039900000390760158
B1246334546470N01140768EA002790039900000390900151
B1246344546469N01140776EA002780039900000380980151
B1246354546467N01140784EA002780039800000381060151
B1246364546465N01140791EA002770039700000341100151
B1246374546462N01140797EA002760039500000341140151
B1246384546459N01140803EA002750039300000361220158
B1246394546455N01140809EA002730039200000361300158
B1246404546451N01140813EA002710039000000311300158
B1246414546447N01140816EA002700039000000301440158
B1246424546443N01140820EA002690038800000311450158
B1246434546439N01140823EA002680038600000311460158
B1246444546435N01140827EA002660038400000341500158
B1246454546430N01140830EA002640038200000341540158
B1246464546425N01140832EA002620038000000321570158
B1246474546421N01140834EA002610037900000321600158
B1246484546417N01140837EA002600037800000281580158
B1246494546413N01140839EA002590037600000281560158
B1246504546409N01140842EA002570037400000311530158
B1246514546404N01140846EA002550037100000311500158
B1246524546400N01140850EA002530036800000371490158
B1246534546395N01140854EA002500036600000371480158
B1246544546391N01140859EA002490036500000351440158
B1246554546387N01140864EA002480036500000351400158
B1246564546385N01140870EA002480036500000321310145
B1246574546382N01140876EA002470036400000321220145
B1246584546380N01140883EA002470036300000361180145
B1246594546377N01140890EA002460036200000361140145
B1247004546375N01140897EA002450036100000371150145
B1247014546372N01140905EA002430035900000371160145
B1247024546369N01140911EA002430035800000361170145
B1247034546367N01140919EA002420035700000361180142
B1247044546365N01140926EA002410035700000371140142
B1247054546363N01140934EA002400035500000371100142
B1247064546361N01140942EA002390035400000391070129
B1247074546360N01140950EA002380035300000391040129
B1247084546359N01140959EA002370035200000421020129
B1247094546358N01140968EA002360035100000421000137
B1247104546357N01140977EA002350035100000400980137
B1247114546357N01140985EA002350035100000400940137
B1247124546356N01140994EA002340035000000390920137
B1247134546355N01141002EA002330034800000400940137
B1247144546354N01141011EA002310034600000420960137
B1247154546353N01141020EA002300034500000420980127
B1247164546353N01141029EA002280034300000400980127
B1247174546352N01141037EA002270034200000400960127
B1247184546351N01141045EA002260034100000370980127
B1247194546350N01141053EA002250034000000371000127
B1247204546349N01141062EA002230033800000421000127
B1247214546348N01141071EA002220033600000430980131
B1247224546347N01141080EA002200033500000390960131
B1247234546347N01141088EA002190033500000390920131
B1247244546348N01141094EA002190033400000300870131
B1247254546348N01141101EA002180033300000300820131
B1247264546347N01141107EA002170033100000300890131
B1247274546346N01141114EA002140032700000300960131
B1247284546344N01141121EA002110032300000371010143
B1247294546343N01141129EA002080031900000371060143
B1247304546341N01141137EA002050031600000371070143
B1247314546339N01141144EA002020031300000371080143
B1247324546337N01141151EA001990031100000351100143
B1247334546335N01141159EA001960030800000351120143
B1247344546332N01141166EA001930030500000381110156
B1247354546330N01141174EA001900030100000381100156
B1247364546329N01141182EA001870029800000391090156
B1247374546327N01141190EA001840029500000391080156
B1247384546325N01141198EA001810029200000391080156
B1247394546323N01141206EA001790029000000391080156
B1247404546321N01141214EA001770028800000371080156
B1247414546319N01141221EA001750028600000371080166
B1247424546317N01141229EA001720028300000391080166
B1247434546316N01141237EA001700028000000391080166
B1247444546314N01141245EA001670027800000401080166
B1247454546312N01141253EA001650027600000401080166
B1247464546309N01141261EA001630027400000361100132
B1247474546307N01141268EA001610027200000361120128
B1247484546305N01141276EA001590027100000381120128
B1247494546303N01141283EA001580027000000381120128
B1247504546300N01141291EA001570026900000391150128
B1247514546297N01141298EA001560026800000391180128
B1247524546293N01141304EA001550026700000371230128
B1247534546290N01141310EA001540026600000371280128
B1247544546286N01141316EA001530026500000381310123
B1247554546282N01141322EA001520026400000381340123
B1247564546277N01141328EA001510026200000401330123
B1247574546273N01141335EA001500026100000401320123
B1247584546269N01141342EA001490026000000431310123
B1247594546264N01141349EA001470025800000431300123
B1248004546260N01141357EA001460025700000451280122
B1248014546257N01141365EA001460025700000451260122
B1248024546254N01141372EA001450025600000401260123
B1248034546250N01141379EA001450025500000401200123
B1248044546246N01141386EA001440025300000421240123
B1248054546242N01141394EA001420025100000421280123
B1248064546238N01141401EA001400024900000451270123
B1248074546234N01141409EA001390024700000451260123
B1248084546230N01141417EA001380024600000431230125
B1248094546227N01141425EA001370024400000431200125
B1248104546224N01141433EA001360024300000431200125
B1248114546220N01141441EA001340024100000431200125
B1248124546216N01141449EA001330023900000481220125
B1248134546212N01141458EA001320023900000461240125
B1248144546209N01141465EA001320023900000401260124
B1248154546205N01141471EA001320023900000401280124
B1248164546201N01141478EA001310023800000391280124
B1248174546198N01141485EA001300023600000391280124
B1248184546195N01141493EA001290023500000421220124
B1248194546192N01141501EA001280023400000421160124
B1248204546190N01141508EA001270023400000371140124
B1248214546187N01141516EA001270023300000371120124
B1248224546185N01141523EA001260023100000371110124
B1248234546183N01141531EA001240022800000371100124
B1248244546181N01141539EA001220022600000431100124
B1248254546178N01141548EA001190022300000441100124
B1248264546176N01141557EA001180022200000431100124
B1248274546173N01141565EA001160022100000431120124
B1248284546170N01141572EA001150022000000381150122
B1248294546167N01141580EA001140021900000381180122
B1248304546165N01141587EA001130021700000381140122
B1248314546163N01141595EA001110021500000381100122
B1248324546161N01141603EA001090021300000411110155
B1248334546158N01141611EA001070021100000411120155
B1248344546156N01141619EA001060021000000391130151
B1248354546153N01141627EA001050020900000391140151
B1248364546150N01141634EA001040020800000391150151
B1248374546148N01141642EA001030020800000391160151
B1248384546145N01141650EA001020020700000401170151
B1248394546142N01141657EA001010020600000401180151
B1248404546138N01141665EA001000020500000411220151
B1248414546134N01141671EA000990020400000411260141
B1248424546129N01141677EA000980020400000431260141
B1248434546124N01141682EA000980020300000401420141
B1248444546119N01141684EA000980020400000331530141
B1248454546114N01141685EA000980020500000331640141
B1248464546110N01141684EA000990020600000271760155
B1248474546106N01141683EA000990020500000271880155
B1248484546101N01141682EA000980020300000321890155
B1248494546096N01141680EA000970020200000321900155
B1248504546092N01141678EA000970020200000321950155
B1248514546087N01141675EA000960020200000322000155
B1248524546083N01141672EA000960020200000312040155
B1248534546079N01141669EA000960020200000312080155
B1248544546074N01141666EA000960020200000342080155
B1248554546070N01141661EA000950020100000342080190
B1248564546066N01141657EA000950020100000352100190
B1248574546061N01141654EA000950020100000352120177
B1248584546057N01141651EA000950020200000332090177
B1248594546053N01141647EA000960020300000332060177
B1249004546049N01141643EA000960020300000282140177
B1249014546046N01141638EA000970020300000282220177
B1249024546044N01141634EA000960020200000282260177
B1249034546041N01141629EA000960020200000282300177
B1249044546037N01141625EA000950020100000312230177
B1249054546033N01141621EA000940019900000312160177
B1249064546029N01141617EA000930019800000332140177
B1249074546024N01141613EA000920019700000332120200
B1249084546020N01141609EA000910019700000352140200
B1249094546016N01141604EA000900019600000352160200
B1249104546012N01141600EA000900019600000352170200
B1249114546008N01141595EA000900019600000352180166
B1249124546004N01141591EA000900019700000332170166
B1249134546000N01141587EA000900019700000332160166
B1249144545997N01141582EA000900019700000312190166
B1249154545993N01141578EA000900019700000312220166
B1249164545990N01141573EA000890019600000322230166
B1249174545986N01141568EA000890019500000322240166
B1249184545982N01141563EA000880019500000352200196
B1249194545977N01141559EA000880019500000352160196
B1249204545973N01141555EA000870019500000322150196
B1249214545970N01141552EA000880019600000322140196
B1249224545967N01141548EA000880019700000262180196
B1249234545964N01141544EA000890019700000262220196
B1249244545961N01141539EA000890019700000272230160
B1249254545958N01141535EA000890019700000272240160
B1249264545955N01141531EA000890019700000282220160
B1249274545952N01141527EA000890019800000282200160
B1249284545949N01141523EA000890019800000252210160
B1249294545947N01141519EA000890019900000252220160
B1249304545944N01141515EA000890019900000262250200
B1249314545941N01141511EA000890019800000262280200
B1249324545938N01141507EA000890019800000282260200
B1249334545935N01141502EA000890019800000282240200
B1249344545931N01141498EA000880019700000312220200
B1249354545928N01141494EA000880019800000312180200
B1249364545925N01141490EA000880019800000252220200
B1249374545923N01141486EA000890019800000252260200
B1249384545921N01141482EA000890019900000222310200
B1249394545919N01141478EA000890019900000222360200
B1249404545917N01141474EA000890019900000242330200
B1249414545915N01141470EA000880019900000242300200
B1249424545912N01141465EA000880019800000262330220
B1249434545910N01141460EA000870019800000262360170
B1249444545909N01141456EA000870019800000202370170
B1249454545907N01141453EA000880019900000202380170
B1249464545906N01141449EA000880020000000172410170
B1249474545905N01141446EA000880020000000172440170
B1249484545904N01141442EA000870019900000212410170
B1249494545902N01141438EA000860019800000212380170
B1249504545899N01141434EA000850019600000242320170
B1249514545897N01141431EA000840019600000242260170
B1249524545894N01141429EA000830019600000202160170
B1249534545891N01141429EA000830019600000202060170
B1249544545887N01141431EA000820019600000291780170
B1249554545883N01141436EA000800019400000291520170
B1249564545881N01141443EA000790019200000391320170
B1249574545881N01141451EA000770019100000391120170
B1249584545882N01141460EA000760018900000440880170
B1249594545885N01141468EA000740018700000440700146
B1250004545889N01141476EA000740018700000420620146
B1250014545893N01141483EA000730018600000420540146
B1250024545898N01141489EA000720018600000450480146
B1250034545903N01141496EA000720018600000450420146
B1250044545908N01141503EA000710018600000460420146
B1250054545913N01141509EA000710018600000460420200
B1250064545918N01141513EA000720018700000390370200
B1250074545924N01141518EA000720018700000390320160
B1250084545928N01141522EA000730018600000370320160
B1250094545933N01141526EA000730018600000370320160
B1250104545938N01141530EA000720018500000390320160
B1250114545943N01141536EA000720018500000390320160
B1250124545946N01141542EA000710018500000380400160
B1250134545950N01141548EA000710018500000380480160
B1250144545953N01141554EA000700018400000310550160
B1250154545954N01141560EA000700018200000310620160
B1250164545954N01141566EA000700018100000280770129
B1250174545953N01141572EA000690018000000280920129
B1250184545951N01141578EA000680017900000311040129
B1250194545949N01141584EA000670017800000311160129
B1250204545946N01141588EA000670017700000251250129
B1250214545943N01141591EA000660017500000251340129
B1250224545939N01141593EA000650017400000281480129
B1250234545935N01141594EA000640017200000281620129
B1250244545931N01141594EA000640017100000221700129
B1250254545928N01141593EA000630017100000221780129
B1250264545926N01141590EA000630017000000201950129
B1250274545923N01141587EA000620016900000202120129
B1250284545920N01141583EA000600016700000262180129
B1250294545917N01141579EA000580016500000262240129
B1250304545913N01141576EA000560016300000302150129
B1250314545909N01141573EA000540016100000302060119
B1250324545904N01141571EA000530016000000302020119
B1250334545900N01141570EA000520016000000301980119
B1250344545897N01141569EA000520016100000211970119
B1250354545894N01141567EA000520016100000211960119
B1250364545891N01141564EA000520016000000212080129
B1250374545889N01141561EA000510015900000212200129
B1250384545886N01141558EA000500015800000202170129
B1250394545883N01141557EA000490015600000202140129
B1250404545880N01141557EA000480015500000201980129
B1250414545877N01141557EA000470015400000201820129
B1250424545874N01141557EA000460015400000231800129
B1250434545870N01141559EA000440015400000231780129
B1250444545867N01141563EA000430015200000311510129
B1250454545865N01141570EA000410015000000311240119
B1250464545865N01141578EA000400014800000381060119
B1250474545868N01141586EA000380014600000380820119
B1250484545870N01141593EA000360014400000390720119
B1250494545872N01141600EA000350014300000390620119
B1250504545874N01141606EA000340014300000300670119
B1250514545874N01141613EA000340014200000300720119
B1250524545874N01141619EA000340014200000300790118
B1250534545874N01141625EA000330014100000300860118
B1250544545874N01141632EA000330013900000340880118
B1250554545873N01141640EA000310013600000340900118
B1250564545872N01141647EA000300013400000350980118
B1250574545870N01141653EA000290013300000351060118
B1250584545866N01141658EA000280013200000311240118
B1250594545862N01141660EA000260012900000311420118
B1251004545858N01141660EA000250012800000271660116
B1251014545855N01141657EA000240012700000271900116
B1251024545852N01141652EA000230012600000272110116
B1251034545850N01141648EA000220012500000272320116
B1251044545847N01141644EA000210012500000252280116
B1251054545844N01141640EA000200012300000252240116
B1251064545841N01141637EA000190012100000252190116
B1251074545839N01141634EA000180012100000252140116
B1251084545838N01141631EA000170012000000122270116
B1251094545838N01141630EA000160012000000122400116
B1251104545838N01141629EA000170012000000002400116
B1251114545838N01141629EA000170012000000002400116
B1251124545838N01141629EA000170012000000002400116
B1251134545837N01141629EA000170012000000000000116
B1251144545837N01141629EA000160012100000000000116
B1251154545837N01141629EA000160012000000000000116
B1251164545837N01141630EA000160012000000013270116
B1251174545837N01141630EA000170012100000012940116
B1251184545837N01141630EA000170012100000012940116
B1251194545837N01141630EA000170012100000012940116
B1251204545837N01141630EA000180012100000012530116
B1251214545837N01141630EA000180012000000012120116
B1251224545837N01141631EA000180012000000002120116
B1251234545837N01141631EA000180012000000002120116
B1251244545837N01141631EA000180012100000002860116
B1251254545837N01141630EA000180012100000000000116
B1251264545837N01141630EA000180012100000000000116
B1251274545837N01141630EA000180012100000000000116
B1251284545837N01141630EA000180012000000000000116
B1251294545837N01141630EA000180012000000000000116
B1251304545837N01141630EA000180012000000000000116
B1251314545837N01141630EA000180012000000000000116
B1251324545837N01141630EA000180012000000000000116
B1251334545837N01141630EA000180012000000000000116
B1251344545837N01141630EA000180012000000000000116
B1251354545837N01141630EA000180012000000000000116
B1251364545837N01141630EA000180012000000000000116
B1251374545837N01141630EA000180012000000000000116
B1251384545837N01141630EA000180012000000000000116
B1251394545837N01141630EA000180012000000000000116
B1251404545837N01141630EA000180012000000000000116
B1251414545837N01141630EA000180012000000000000116
B1251424545837N01141630EA000180012000000000000116
B1251434545837N01141630EA000180012000000000000116
B1251444545837N01141630EA000180012000000000000116
B1251454545837N01141630EA000180012000000000000116
B1251464545837N01141630EA000180012100000000000116
B1251474545837N01141630EA000180012100000000000116
B1251484545837N01141630EA000180012000000000000116
B1251494545837N01141630EA000180012100000000000116
B1251504545837N01141630EA000180012000000000000116
B1251514545837N01141630EA000180012000000000000116
B1251524545837N01141630EA000180012000000000000116
B1251534545837N01141630EA000180012000000000000116
B1251544545837N01141630EA000180012000000000000116
B1251554545837N01141630EA000180012000000000000116
B1251564545837N01141630EA000180012000000000000116
B1251574545837N01141630EA000180012000000000000116
B1251584545837N01141630EA000180012000000000000116
B1251594545837N01141630EA000180012000000000000116
B1252004545837N01141630EA000180012000000000000116
B1252014545837N01141630EA000180012000000000000116
B1252024545837N01141630EA000180012000000000000116
B1252034545837N01141630EA000180012000000000000116
B1252044545837N01141630EA000180012000000000000116
B1252054545837N01141630EA000180012000000000000116
B1252064545837N01141630EA000180012000000000000116
B1252074545837N01141630EA000180012000000000000116
B1252084545837N01141630EA000180012000000000000116
B1252094545837N01141630EA000180011900000000000116
B1252104545837N01141630EA000180011900000000000116
B1252114545837N01141630EA000180011900000000000116
B1252124545837N01141630EA000180011900000000000116
B1252134545837N01141630EA000190011900000000000116
B1252144545837N01141630EA000190011900000000000116
B1252154545837N01141630EA000190011900000000000116
B1252164545837N01141630EA000190011900000000000116
B1252174545837N01141630EA000190011900000000000116
GE5D39B0CEE989D937E3D5372CA7CE505
