AXCCXXXCompCheck-4.7
HFDTEDATE:260526
HFFXA010
HFPLTPILOT:Nelson CARVALHO
HPGTYGLIDERTYPE:Gin GTO 3
HPGIDGLIDERID:NA
HFDTM100GPSDATUM:WGS-1984
HFRFWFIRMWAREVERSION:
HFRHWHARDWAREVERSION:NA
HFFTYFRTYPE:NA
HFGPS:NA
HFPRSPRESSALTSENSOR:NA
HFTZN:2.0
HFTZOTimezone:2
HFCIDCOMPETITIONID:0314
HFCCLCOMPETITIONCLASS:NA
I063637LAD3839LOD4040TDS4142WSP4345WDI4649GND
E104638PEV
B1046384547762N01140132EA007090085600000142320879
B1046394547759N01140131EA007080085500000142180846
B1046404547757N01140133EA007070085400000161970846
B1046414547755N01140135EA007080085400000161760846
B1046424547752N01140136EA007070085300000191690846
B1046434547747N01140137EA007060085100000191620846
B1046444547744N01140140EA007050085300000221530846
B1046454547742N01140143EA007030085000000221440846
B1046464547739N01140148EA007020084900000271370846
B1046474547736N01140151EA007000084900000271300846
B1046484547734N01140154EA007000085000000181370846
B1046494547731N01140154EA006990085000000181440846
B1046504547728N01140154EA006990084800000201600846
B1046514547725N01140154EA006970084500000201760846
B1046524547720N01140154EA006950084100000301780846
B1046534547715N01140154EA006930083700000301800846
B1046544547710N01140155EA006900083400000361760810
B1046554547705N01140156EA006880083100000361720810
B1046564547700N01140157EA006860082900000281700810
B1046574547696N01140157EA006850082700000281680810
B1046584547691N01140158EA006830082500000291730810
B1046594547687N01140158EA006820082400000291780810
B1047004547682N01140159EA006800082100000301730810
B1047014547678N01140160EA006790081900000301680810
B1047024547673N01140162EA006770081700000331660810
B1047034547667N01140164EA006750081500000331640810
B1047044547661N01140166EA006740081300000411670810
B1047054547655N01140167EA006710081100000411700774
B1047064547648N01140169EA006700081000000421700774
B1047074547642N01140171EA006690081000000421700774
B1047084547636N01140172EA006670081000000381690774
B1047094547630N01140174EA006660081100000381680774
B1047104547625N01140174EA006670081300000361750774
B1047114547619N01140173EA006670081400000361820774
B1047124547614N01140170EA006680081400000351920774
B1047134547609N01140168EA006680081400000352020721
B1047144547604N01140166EA006670081300000341970745
B1047154547599N01140164EA006670081300000341920745
B1047164547594N01140161EA006670081200000371980745
B1047174547590N01140157EA006670081200000372040745
B1047184547586N01140153EA006670081200000302110745
B1047194547582N01140149EA006670081300000302180745
B1047204547579N01140145EA006680081400000272190745
B1047214547576N01140141EA006680081500000272200745
B1047224547572N01140137EA006680081300000362180745
B1047234547567N01140132EA006670081200000362160745
B1047244547562N01140127EA006660081100000412120745
B1047254547556N01140124EA006660081100000412080729
B1047264547551N01140122EA006660081300000331990729
B1047274547546N01140121EA006670081500000331900729
B1047284547541N01140120EA006680081700000291900729
B1047294547537N01140118EA006690081800000291900729
B1047304547532N01140116EA006700081800000321940757
B1047314547527N01140114EA006710081900000321980757
B1047324547522N01140113EA006720082000000331910757
B1047334547517N01140112EA006720082100000331840757
B1047344547513N01140112EA006720082200000291840757
B1047354547508N01140111EA006730082300000291840730
B1047364547504N01140109EA006740082300000311890730
B1047374547499N01140107EA006740082300000311940730
B1047384547494N01140104EA006730082200000391970730
B1047394547488N01140101EA006730082200000392000730
B1047404547483N01140098EA006740082300000322000730
B1047414547480N01140096EA006750082500000322000730
B1047424547476N01140093EA006750082500000252050730
B1047434547473N01140090EA006750082400000252100730
B1047444547470N01140085EA006750082300000342190730
B1047454547467N01140078EA006750082200000342280730
B1047464547463N01140072EA006750082200000352310730
B1047474547460N01140066EA006740082200000352340724
B1047484547457N01140061EA006750082300000312320724
B1047494547454N01140055EA006750082300000312300724
B1047504547451N01140049EA006760082400000342300724
B1047514547448N01140043EA006760082300000342300724
B1047524547444N01140036EA006760082300000372310724
B1047534547441N01140030EA006760082300000372320724
B1047544547437N01140024EA006760082300000382290724
B1047554547433N01140018EA006750082300000382260724
B1047564547429N01140012EA006750082400000362270746
B1047574547426N01140006EA006760082400000362280746
B1047584547423N01139999EA006760082400000372300746
B1047594547420N01139993EA006760082400000372320746
B1048004547417N01139986EA006750082400000372380746
B1048014547415N01139978EA006760082500000382440746
B1048024547415N01139970EA006760082500000392540746
B1048034547415N01139962EA006770082500000392640757
B1048044547416N01139953EA006770082400000402720757
B1048054547418N01139945EA006770082500000402800757
B1048064547421N01139937EA006780082500000412900757
B1048074547424N01139930EA006780082500000413000757
B1048084547429N01139923EA006780082500000433090757
B1048094547435N01139919EA006780082500000433180757
B1048104547441N01139917EA006780082500000423350757
B1048114547448N01139918EA006780082500000423520757
B1048124547454N01139919EA006790082500000410020757
B1048134547460N01139921EA006790082500000410120757
B1048144547465N01139924EA006790082600000390130788
B1048154547471N01139926EA006790082600000390140788
B1048164547476N01139930EA006800082600000370220788
B1048174547480N01139935EA006800082500000370300788
B1048184547484N01139940EA006800082500000350340788
B1048194547488N01139944EA006800082500000350380788
B1048204547492N01139949EA006800082500000320380788
B1048214547496N01139953EA006800082500000320380788
B1048224547499N01139958EA006800082400000310440788
B1048234547502N01139963EA006800082400000310500788
B1048244547505N01139968EA006800082300000310480771
B1048254547509N01139974EA006790082200000310460771
B1048264547513N01139979EA006790082100000360440801
B1048274547516N01139984EA006790082200000360420801
B1048284547519N01139990EA006790082300000320480801
B1048294547522N01139995EA006800082400000320540801
B1048304547525N01140000EA006810082500000280490801
B1048314547529N01140003EA006830082600000280440801
B1048324547532N01140007EA006830082700000290370801
B1048334547536N01140010EA006840082700000290300801
B1048344547539N01140015EA006840082600000300400801
B1048354547541N01140021EA006830082400000300500770
B1048364547541N01140026EA006820082300000250700770
B1048374547540N01140030EA006810082200000250900770
B1048384547537N01140033EA006800082000000231150770
B1048394547534N01140036EA006790082000000231400770
B1048404547530N01140038EA006790082100000251400770
B1048414547528N01140042EA006780082000000251440770
B1048424547527N01140047EA006770081900000251260770
B1048434547526N01140053EA006770081900000251080770
B1048444547524N01140058EA006770081900000241100770
B1048454547522N01140062EA006770081900000241120770
B1048464547521N01140067EA006760081900000241140757
B1048474547519N01140072EA006760081800000241160757
B1048484547518N01140077EA006750081800000251120757
B1048494547517N01140082EA006760081800000251080757
B1048504547516N01140088EA006760081800000261050757
B1048514547515N01140094EA006760081900000261020757
B1048524547515N01140099EA006760082000000241010757
B1048534547514N01140104EA006760082000000241000757
B1048544547513N01140110EA006770082100000261020757
B1048554547512N01140116EA006770082100000261040757
B1048564547511N01140122EA006780082200000281030729
B1048574547510N01140127EA006780082300000281020701
B1048584547509N01140132EA006790082400000201070701
B1048594547506N01140134EA006800082500000201120701
B1049004547503N01140136EA006800082400000221340701
B1049014547500N01140134EA006810082300000221560701
B1049024547496N01140130EA006810082300000331910701
B1049034547494N01140123EA006800082200000332260701
B1049044547493N01140114EA006800082100000432460730
B1049054547495N01140105EA006800082000000462640730
B1049064547499N01140096EA006790081900000462860730
B1049074547505N01140091EA006790081800000463080730
B1049084547511N01140088EA006780081700000443290757
B1049094547517N01140088EA006780081600000443500757
B1049104547522N01140090EA006770081600000340040757
B1049114547526N01140094EA006770081500000340180757
B1049124547529N01140099EA006760081400000290370757
B1049134547531N01140105EA006750081200000290560757
B1049144547532N01140111EA006750081200000300650757
B1049154547533N01140117EA006750081300000300740729
B1049164547535N01140123EA006760081400000290730729
B1049174547536N01140128EA006770081500000290720729
B1049184547538N01140133EA006780081600000220680729
B1049194547538N01140137EA006780081600000220640729
B1049204547538N01140140EA006780081400000170820729
B1049214547536N01140144EA006780081300000171000729
B1049224547534N01140147EA006770081100000241200729
B1049234547530N01140149EA006760081000000241400729
B1049244547527N01140149EA006760080900000221590729
B1049254547523N01140147EA006750080900000221780729
B1049264547520N01140145EA006750080900000251960729
B1049274547517N01140141EA006750081000000252140729
B1049284547515N01140136EA006740080900000302240729
B1049294547512N01140130EA006730080800000302340729
B1049304547510N01140124EA006730080700000362420701
B1049314547509N01140116EA006720080800000372500730
B1049324547510N01140108EA006720080800000372640730
B1049334547511N01140101EA006720080800000372760757
B1049344547515N01140093EA006710080700000432900757
B1049354547520N01140087EA006710080600000433080757
B1049364547527N01140082EA006700080600000473210757
B1049374547533N01140080EA006700080600000473340757
B1049384547540N01140079EA006710080800000443440757
B1049394547546N01140078EA006710080900000443540757
B1049404547553N01140078EA006720081100000443570757
B1049414547559N01140079EA006740081200000440000757
B1049424547564N01140081EA006750081500000340040774
B1049444547571N01140087EA006780081700000240260774
B1049454547573N01140091EA006780081700000240380774
B1049464547573N01140095EA006790081700000200650774
B1049474547571N01140100EA006790081600000200920774
B1049484547569N01140103EA006780081600000251140774
B1049494547566N01140107EA006780081600000251360774
B1049504547565N01140112EA006770081600000241190774
B1049514547566N01140118EA006770081600000241020745
B1049524547569N01140124EA006770081500000340800745
B1049534547572N01140131EA006770081400000340580745
B1049544547576N01140136EA006760081400000360520745
B1049554547579N01140142EA006760081400000360460745
B1049564547583N01140147EA006750081300000340440745
B1049574547587N01140153EA006750081300000340420745
B1049584547590N01140158EA006740081200000350460745
B1049594547594N01140165EA006730081100000350500745
B1050004547597N01140171EA006730081100000370510721
B1050014547600N01140177EA006730081000000370520721
B1050024547604N01140184EA006730081100000380500721
B1050034547608N01140190EA006730081200000380480721
B1050044547610N01140195EA006740081400000310510721
B1050054547612N01140200EA006750081500000310540774
B1050064547612N01140205EA006760081600000200680774
B1050074547611N01140209EA006760081600000200820774
B1050084547609N01140209EA006760081600000161090721
B1050094547606N01140208EA006750081500000161360721
B1050104547602N01140204EA006750081500000291790721
B1050114547600N01140198EA006750081400000292220721
B1050124547599N01140192EA006740081200000352400721
B1050134547599N01140184EA006730081100000402580721
B1050144547601N01140176EA006720081000000412740721
B1050154547605N01140168EA006710080800000432880721
B1050164547610N01140162EA006700080700000433050745
B1050174547615N01140159EA006700080600000433220772
B1050184547621N01140157EA006690080600000403350772
B1050194547627N01140156EA006690080600000403480772
B1050204547632N01140156EA006680080700000373570772
B1050214547637N01140158EA006680080600000370060772
B1050224547641N01140162EA006670080300000330220772
B1050234547644N01140167EA006670080200000330380774
B1050244547647N01140173EA006660080200000320480774
B1050254547649N01140179EA006670080300000320580774
B1050264547651N01140185EA006670080500000280590774
B1050274547653N01140190EA006680080600000280600774
B1050284547655N01140196EA006680080700000290610774
B1050294547656N01140202EA006680080700000290620774
B1050304547658N01140208EA006690080700000320670774
B1050314547659N01140215EA006690080700000320720774
B1050324547661N01140221EA006690080700000310680783
B1050334547663N01140227EA006700080800000310640783
B1050344547666N01140233EA006700080800000300610783
B1050354547668N01140239EA006710080900000300580783
B1050364547669N01140245EA006720080900000290640783
B1050374547671N01140250EA006730081000000290700783
B1050384547672N01140255EA006730081200000250650783
B1050394547674N01140260EA006740081200000250600783
B1050404547674N01140265EA006740081300000220700783
B1050414547674N01140270EA006750081200000220800777
B1050424547674N01140276EA006740081100000290870777
B1050434547673N01140282EA006730081100000290940777
B1050444547673N01140288EA006730081100000280940777
B1050454547672N01140294EA006730081200000280940777
B1050464547671N01140300EA006740081200000240960777
B1050474547671N01140305EA006740081300000240980777
B1050484547671N01140312EA006740081300000280910777
B1050494547672N01140318EA006740081300000280840787
B1050504547672N01140324EA006740081300000270860787
B1050514547671N01140330EA006740081400000270880787
B1050524547671N01140335EA006740081400000250920787
B1050534547670N01140341EA006740081300000250960787
B1050544547670N01140348EA006740081300000300920787
B1050554547671N01140355EA006740081300000300880787
B1050564547671N01140361EA006730081300000310840787
B1050574547672N01140368EA006730081200000310800795
B1050584547672N01140375EA006720081200000340850795
B1050594547672N01140382EA006720081200000340900795
B1051004547672N01140389EA006720081300000310850795
B1051014547673N01140395EA006720081300000310800795
B1051024547675N01140401EA006730081300000280730795
B1051034547677N01140407EA006730081300000280660795
B1051044547679N01140413EA006730081400000300630795
B1051054547681N01140418EA006730081400000300600794
B1051064547682N01140424EA006740081500000280640794
B1051074547683N01140430EA006750081600000280680794
B1051084547684N01140436EA006750081600000280710794
B1051094547685N01140441EA006750081700000280740794
B1051104547686N01140447EA006760081900000230760794
B1051114547686N01140452EA006770082000000230780794
B1051124547686N01140456EA006770082000000210880794
B1051134547684N01140460EA006770082000000210980794
B1051144547683N01140464EA006770082000000211060794
B1051154547681N01140469EA006770082000000211140780
B1051164547680N01140474EA006760082000000271120780
B1051174547679N01140480EA006760082000000271100780
B1051184547678N01140486EA006760082000000261030780
B1051194547678N01140491EA006750081900000260960780
B1051204547678N01140497EA006740081700000290950780
B1051214547677N01140504EA006720081400000290940780
B1051224547676N01140511EA006710081200000331010780
B1051234547674N01140518EA006690081100000331080775
B1051244547672N01140525EA006670081000000361080775
B1051254547670N01140533EA006660080900000381060775
B1051264547669N01140541EA006660081000000421060775
B1051274547668N01140549EA006670081100000421060775
B1051284547667N01140554EA006700081300000231040775
B1051294547666N01140556EA006720081700000231020775
B1051304547665N01140556EA006750081800000091190775
B1051314547663N01140556EA006760081500000091360775
B1051324547660N01140552EA006770081500000241750730
B1051334547658N01140546EA006780081300000242140730
B1051344547657N01140538EA006790081400000382480730
B1051354547659N01140530EA006800081500000382680730
B1051364547664N01140525EA006810081600000382940775
B1051374547669N01140523EA006810081700000383200775
B1051384547675N01140525EA006830081800000363460775
B1051394547680N01140527EA006840082000000360120775
B1051404547684N01140529EA006860082300000330150775
B1051414547689N01140532EA006870082400000330180775
B1051424547693N01140536EA006880082500000310310775
B1051434547695N01140541EA006890082500000310440775
B1051444547696N01140547EA006890082500000280620775
B1051454547696N01140553EA006900082600000280800775
B1051464547694N01140558EA006900082700000280950775
B1051474547692N01140564EA006910082700000281100775
B1051484547690N01140570EA006920082900000301100792
B1051494547689N01140574EA006940083300000301100792
B1051504547688N01140576EA006970083500000081130792
B1051514547686N01140576EA006990083800000081160792
B1051524547684N01140575EA007010083900000211550792
B1051534547681N01140572EA007010084000000211940792
B1051544547679N01140566EA007020084100000342210775
B1051554547679N01140557EA007030084100000432480775
B1051564547682N01140547EA007040084200000492720775
B1051574547688N01140540EA007050084400000492960775
B1051584547696N01140535EA007060084500000553220775
B1051594547703N01140535EA007070084600000553420775
B1052004547710N01140538EA007080084600000440020775
B1052014547715N01140544EA007090084600000440220811
B1052024547718N01140550EA007110084700000340410811
B1052034547719N01140556EA007120084800000340600811
B1052044547720N01140560EA007140084900000180670811
B1052054547720N01140563EA007150085100000180740811
B1052064547719N01140565EA007160085100000130960811
B1052074547717N01140567EA007160085000000131180817
B1052084547713N01140569EA007150084800000271410817
B1052094547709N01140569EA007140084800000271640792
B1052104547705N01140569EA007140084900000261700792
B1052114547700N01140569EA007150085100000261760792
B1052124547697N01140568EA007160085400000231780792
B1052134547693N01140568EA007170085700000231800792
B1052144547690N01140567EA007180085900000221850792
B1052154547686N01140565EA007190086000000221900775
B1052164547683N01140563EA007200086000000291990775
B1052174547679N01140558EA007210086100000292080775
B1052184547675N01140553EA007220086300000362200775
B1052194547672N01140546EA007230086400000362320775
B1052204547672N01140538EA007250086800000362460775
B1052214547673N01140531EA007270087100000362660775
B1052224547676N01140524EA007290087300000382880775
B1052234547682N01140519EA007310087400000383100775
B1052244547688N01140516EA007320087600000463260780
B1052254547695N01140514EA007330087700000463420780
B1052264547701N01140517EA007340087800000413560775
B1052274547706N01140521EA007350087900000410160775
B1052284547710N01140528EA007350088100000400390775
B1052294547710N01140535EA007360088100000400620775
B1052304547709N01140540EA007370088400000250890775
B1052314547706N01140543EA007390088600000251160775
B1052324547704N01140542EA007400088700000201540775
B1052334547700N01140540EA007410088600000201920775
B1052344547697N01140536EA007420088800000302080775
B1052354547695N01140531EA007440089000000302240775
B1052364547693N01140525EA007460089300000292370775
B1052374547693N01140519EA007480089400000292500775
B1052384547694N01140513EA007490089500000342690780
B1052394547698N01140506EA007510089500000342880780
B1052404547703N01140499EA007520089500000453030780
B1052414547709N01140494EA007530089600000453180780
B1052424547716N01140492EA007540089800000483350812
B1052434547723N01140493EA007560089900000483520812
B1052444547729N01140497EA007570090000000430110812
B1052454547733N01140503EA007580090100000430300812
B1052464547736N01140509EA007600090200000330460812
B1052474547737N01140515EA007610090300000330620812
B1052484547736N01140520EA007620090400000230820811
B1052494547734N01140524EA007640090600000231020811
B1052504547732N01140527EA007650090800000211190811
B1052514547729N01140530EA007660090900000211360811
B1052524547726N01140531EA007660091000000241480811
B1052534547723N01140532EA007670091000000241600811
B1052544547718N01140532EA007680091000000281700811
B1052554547714N01140532EA007680091100000281800811
B1052564547710N01140532EA007690091100000291770775
B1052574547706N01140532EA007690091100000291740775
B1052584547701N01140531EA007700091100000301830775
B1052594547697N01140528EA007700091200000301920775
B1053004547693N01140525EA007710091400000342020775
B1053014547688N01140521EA007730091500000342120775
B1053024547684N01140519EA007740091700000312040775
B1053034547679N01140518EA007760091900000311960775
B1053044547675N01140516EA007780092100000301940780
B1053054547671N01140514EA007800092400000301920780
B1053064547667N01140512EA007820092700000262010780
B1053074547665N01140507EA007850092900000262100780
B1053084547664N01140501EA007870093100000342350780
B1053094547664N01140493EA007880093200000432600780
B1053104547668N01140484EA007890093200000492820780
B1053114547673N01140477EA007900093300000493020780
B1053124547679N01140473EA007910093600000473220780
B1053134547686N01140472EA007930093800000473420780
B1053144547691N01140474EA007950094000000383570780
B1053154547696N01140476EA007970094300000380120780
B1053164547699N01140480EA007990094500000280260780
B1053174547701N01140484EA008010094800000280400780
B1053184547701N01140490EA008030095000000260680780
B1053194547699N01140495EA008050095200000260960780
B1053204547696N01140498EA008060095300000281230780
B1053214547691N01140499EA008080095600000281500780
B1053224547687N01140497EA008100095800000301740780
B1053234547683N01140494EA008120096100000301980780
B1053244547680N01140490EA008150096400000302130780
B1053254547678N01140484EA008170096600000302280780
B1053264547676N01140478EA008190096900000322280780
B1053274547676N01140470EA008210097100000372540780
B1053284547678N01140462EA008220097100000422700794
B1053294547681N01140454EA008230097200000462860794
B1053304547687N01140448EA008240097300000483070794
B1053314547693N01140446EA008260097400000483280794
B1053324547699N01140448EA008270097400000433550794
B1053334547704N01140453EA008280097600000430220794
B1053344547705N01140459EA008290097800000320470794
B1053354547705N01140465EA008310098000000320720794
B1053364547704N01140470EA008330098200000250970780
B1053374547700N01140473EA008350098300000251220780
B1053384547696N01140474EA008370098500000261490780
B1053394547693N01140471EA008390098700000261760780
B1053404547690N01140466EA008400098900000322080794
B1053414547689N01140458EA008420099000000372400794
B1053424547689N01140450EA008430099100000412600794
B1053434547692N01140442EA008440099300000432780794
B1053444547696N01140435EA008450099500000452980794
B1053454547702N01140431EA008470099700000453180794
B1053464547709N01140430EA008480099800000443380794
B1053474547715N01140431EA008500100100000443580825
B1053484547721N01140436EA008510100200000400160825
B1053494547724N01140442EA008530100300000400340825
B1053504547727N01140448EA008540100500000330500825
B1053514547728N01140454EA008560100800000330660825
B1053524547727N01140459EA008590101000000240820825
B1053534547725N01140464EA008610101200000240980825
B1053544547722N01140466EA008620101400000241240825
B1053554547718N01140465EA008630101500000241500825
B1053564547714N01140459EA008640101700000361890825
B1053574547712N01140452EA008650101800000362280825
B1053584547713N01140443EA008670102000000422580825
B1053594547717N01140436EA008680102100000422860825
B1054004547723N01140430EA008680102200000463070825
B1054014547729N01140428EA008690102300000463280825
B1054024547736N01140428EA008700102400000473480825
B1054034547743N01140431EA008720102600000470080825
B1054044547748N01140436EA008730102800000420200825
B1054054547752N01140441EA008760103100000420320825
B1054064547754N01140447EA008780103400000270480825
B1054074547755N01140452EA008800103600000270640825
B1054084547755N01140457EA008820103800000220840825
B1054094547752N01140461EA008830103700000221040825
B1054104547748N01140464EA008830103700000301310825
B1054114547743N01140464EA008840103800000301580825
B1054124547739N01140461EA008850103800000321860825
B1054134547736N01140456EA008860104000000322120825
B1054144547734N01140449EA008880104300000322320825
B1054154547734N01140443EA008890104500000322520825
B1054164547735N01140436EA008900104600000342680825
B1054174547737N01140428EA008910104800000382840825
B1054184547740N01140421EA008930104900000422930825
B1054194547744N01140414EA008940105100000423020834
B1054204547750N01140408EA008960105300000453110834
B1054214547755N01140402EA008970105400000453200834
B1054224547761N01140399EA009000105700000413270871
B1054234547767N01140396EA009020106000000413340871
B1054244547773N01140395EA009040106200000383470871
B1054254547779N01140398EA009060106400000380000871
B1054264547784N01140402EA009070106400000410170871
B1054274547788N01140408EA009090106500000410340871
B1054284547791N01140415EA009100106700000310500871
B1054294547791N01140420EA009120106900000310660868
B1054304547789N01140425EA009140107000000250930868
B1054314547786N01140429EA009150107000000251200868
B1054324547781N01140431EA009150107200000291440868
B1054334547777N01140430EA009160107300000291680868
B1054344547773N01140425EA009160107200000361950868
B1054354547770N01140418EA009170107200000362220868
B1054364547769N01140410EA009170107200000412460871
B1054374547769N01140401EA009180107300000392620871
B1054384547771N01140393EA009190107400000402780871
B1054394547774N01140386EA009200107600000402920871
B1054404547778N01140380EA009220107800000383010871
B1054414547782N01140374EA009230107900000383100871
B1054424547788N01140371EA009250108000000403230871
B1054434547794N01140368EA009260108100000403360871
B1054444547801N01140367EA009270108100000453460871
B1054454547807N01140368EA009280108200000453560871
B1054464547813N01140369EA009290108400000380060912
B1054474547818N01140373EA009300108500000380160912
B1054484547822N01140378EA009300108500000340310912
B1054494547824N01140384EA009310108500000340460912
B1054504547824N01140391EA009310108600000280670912
B1054514547823N01140396EA009320108600000280880912
B1054524547820N01140401EA009320108600000281090912
B1054534547817N01140405EA009330108600000281300912
B1054544547814N01140407EA009330108700000241380912
B1054554547811N01140410EA009340108900000241460912
B1054564547807N01140411EA009350109000000271560871
B1054574547802N01140411EA009360109000000271660871
B1054584547797N01140409EA009360109000000371660871
B1054594547792N01140405EA009360109000000401980871
B1055004547787N01140399EA009370109000000392100871
B1055014547784N01140393EA009370109200000392220871
B1055024547782N01140387EA009380109300000312350871
B1055034547781N01140380EA009390109400000312480871
B1055044547780N01140372EA009390109400000372540871
B1055054547779N01140364EA009400109500000392600873
B1055064547780N01140355EA009400109500000412700873
B1055074547781N01140347EA009410109600000412760873
B1055084547783N01140338EA009420109700000422820873
B1055094547785N01140329EA009430109900000422880873
B1055104547787N01140321EA009450110100000392920873
B1055114547790N01140314EA009460110300000392940869
B1055124547792N01140307EA009480110400000352950869
B1055134547796N01140300EA009490110400000352960869
B1055144547801N01140295EA009500110400000413080869
B1055154547807N01140291EA009500110400000413200869
B1055164547814N01140290EA009500110400000483390913
B1055174547820N01140292EA009500110400000483580913
B1055184547825N01140296EA009520110600000370170913
B1055194547827N01140302EA009530111000000370360913
B1055204547827N01140308EA009550111100000260660913
B1055214547826N01140313EA009560111100000260960913
B1055224547822N01140316EA009570111200000271180913
B1055234547819N01140317EA009580111300000271400912
B1055244547815N01140316EA009590111400000271670913
B1055254547811N01140311EA009600111500000271940913
B1055264547809N01140306EA009610111700000322160869
B1055274547807N01140299EA009620111800000322380869
B1055284547807N01140293EA009630111900000322540869
B1055294547808N01140285EA009640112000000372700869
B1055304547810N01140277EA009650112100000412800869
B1055314547814N01140270EA009670112200000412940913
B1055324547820N01140265EA009680112300000443120907
B1055334547826N01140262EA009690112500000443300907
B1055344547833N01140263EA009700112500000453490907
B1055354547839N01140267EA009710112500000450080913
B1055364547843N01140272EA009710112500000370250913
B1055374547845N01140278EA009720112500000370420913
B1055384547846N01140284EA009730112500000280660913
B1055394547844N01140290EA009730112600000280900913
B1055404547841N01140293EA009730112600000271160913
B1055414547837N01140294EA009730112600000271420913
B1055424547833N01140292EA009730112700000291700913
B1055434547829N01140288EA009730112700000291980913
B1055444547827N01140281EA009740112700000362210913
B1055454547826N01140274EA009740112900000362440913
B1055464547826N01140265EA009750113000000382580907
B1055474547828N01140257EA009760113200000402740907
B1055484547831N01140250EA009780113300000402900907
B1055494547835N01140245EA009790113600000403080907
B1055504547841N01140241EA009810113700000403240907
B1055514547848N01140240EA009820113800000403400907
B1055524547854N01140242EA009830113800000463570907
B1055534547860N01140246EA009850113900000460140907
B1055544547863N01140252EA009860114100000340360946
B1055554547863N01140259EA009870114200000340580946
B1055564547862N01140265EA009870114200000300900946
B1055574547858N01140268EA009870114200000301220913
B1055584547853N01140268EA009870114300000301540913
B1055594547850N01140264EA009880114300000301860907
B1056004547847N01140257EA009890114400000362160907
B1056014547846N01140250EA009890114500000362460907
B1056024547846N01140241EA009900114600000392600907
B1056034547846N01140233EA009900114700000402680907
B1056044547847N01140224EA009910114800000422760907
B1056054547850N01140216EA009920114900000402820906
B1056064547852N01140208EA009930115000000402900906
B1056074547856N01140201EA009940115100000402980906
B1056084547861N01140194EA009950115200000443070944
B1056094547866N01140188EA009950115300000443160944
B1056104547872N01140183EA009960115300000453230944
B1056114547879N01140179EA009970115400000453300944
B1056124547885N01140176EA009980115500000453360944
B1056134547892N01140175EA009990115600000453420944
B1056144547898N01140175EA009990115700000413550944
B1056154547904N01140179EA010000115700000410080944
B1056164547909N01140184EA010000115700000440260944
B1056174547912N01140191EA010010115800000440400967
B1056184547914N01140199EA010020115900000370600967
B1056194547913N01140205EA010030116000000370800967
B1056204547910N01140209EA010040116200000231120944
B1056214547906N01140209EA010050116300000231440944
B1056224547901N01140205EA010050116200000341760944
B1056234547898N01140199EA010050116300000342080944
B1056244547896N01140192EA010050116500000362330944
B1056254547896N01140184EA010060116600000402580944
B1056264547898N01140175EA010070116600000442760944
B1056274547901N01140167EA010070116700000442880944
B1056284547906N01140159EA010080116900000433000936
B1056294547911N01140154EA010100117000000433140954
B1056304547918N01140152EA010110117200000453320954
B1056314547925N01140152EA010120117200000453500954
B1056324547931N01140155EA010130117300000460040954
B1056334547937N01140159EA010140117400000460180954
B1056344547943N01140163EA010150117600000420240954
B1056354547947N01140168EA010160117800000420300967
B1056364547950N01140173EA010180118000000300420967
B1056374547951N01140179EA010190118100000300540967
B1056384547949N01140185EA010210118100000270850967
B1056394547946N01140188EA010210118100000271160967
B1056404547941N01140187EA010220118200000301530967
B1056414547938N01140183EA010240118300000301900967
B1056424547936N01140175EA010250118400000342160967
B1056434547936N01140168EA010260118300000372440967
B1056444547937N01140159EA010260118500000402620954
B1056454547940N01140151EA010260118500000422760954
B1056464547944N01140144EA010270118600000422890954
B1056474547949N01140139EA010270118800000423020954
B1056484547956N01140137EA010280118800000403220954
B1056494547963N01140137EA010290118500000403420966
B1056504547969N01140139EA010300118700000443560966
B1056514547974N01140141EA010310118900000440100966
B1056524547978N01140145EA010320119000000360200966
B1056534547982N01140151EA010330119100000360300966
B1056544547984N01140156EA010330119100000340420966
B1056554547986N01140163EA010340119100000340540966
B1056564547988N01140169EA010350119100000320620974
B1056574547989N01140176EA010360119300000320700974
B1056584547989N01140181EA010360119300000280790974
B1056594547988N01140186EA010370119400000280880974
B1057004547986N01140190EA010380119600000221020974
B1057014547985N01140193EA010390119700000221160974
B1057024547983N01140197EA010400119800000211200974
B1057034547981N01140200EA010410119800000211240974
B1057044547979N01140201EA010420119900000201370974
B1057054547975N01140199EA010420120000000201500974
B1057064547972N01140195EA010410119500000291810974
B1057074547969N01140187EA010400119100000382120974
B1057084547968N01140178EA010390118900000452400974
B1057094547970N01140169EA010380118800000462600974
B1057104547974N01140161EA010360118800000472820966
B1057114547979N01140155EA010350118800000473020966
B1057124547985N01140150EA010340118800000453140966
B1057134547991N01140149EA010330118800000453260966
B1057144547998N01140147EA010330118800000433380966
B1057154548005N01140147EA010320118800000433500966
B1057164548012N01140147EA010310118800000453540983
B1057174548019N01140148EA010310118800000453580983
B1057184548027N01140150EA010320118800000510040983
B1057194548035N01140154EA010330118900000520120983
B1057204548041N01140158EA010340119100000490170983
B1057214548045N01140161EA010360119300000490220983
B1057224548050N01140166EA010380119600000360260983
B1057234548053N01140171EA010390119800000360300994
B1057244548055N01140177EA010410119700000310470994
B1057254548055N01140184EA010410119500000310640994
B1057264548054N01140189EA010420119400000310910994
B1057274548050N01140191EA010430119400000311180994
B1057284548047N01140187EA010440119500000261550994
B1057294548045N01140179EA010460119400000351920994
B1057304548046N01140171EA010470119400000402460994
B1057314548049N01140162EA010490119500000472700983
B1057324548055N01140157EA010510119600000432910983
B1057334548062N01140155EA010520119800000433120991
B1057344548069N01140155EA010540119900000463350991
B1057354548076N01140157EA010550120100000463580991
B1057364548082N01140162EA010560120200000480120991
B1057374548087N01140167EA010570120300000480261001
B1057384548089N01140174EA010570120300000370401001
B1057394548090N01140181EA010580120300000370541001
B1057404548090N01140187EA010580120300000280701001
B1057414548089N01140192EA010590120300000280861001
B1057424548086N01140196EA010590120300000271051001
B1057434548084N01140200EA010600120400000271241001
B1057444548081N01140204EA010610120500000271291001
B1057454548079N01140207EA010630120700000271341001
B1057464548076N01140207EA010640120800000221431001
B1057474548073N01140205EA010660120900000221521001
B1057484548071N01140200EA010680120900000261821001
B1057494548069N01140194EA010680120900000262121001
B1057504548070N01140187EA010700121100000362411001
B1057514548071N01140180EA010710121200000362701001
B1057524548074N01140173EA010720121400000402831001
B1057534548079N01140169EA010730121400000402961001
B1057544548085N01140166EA010730121400000412960991
B1057554548092N01140165EA010740121500000463340991
B1057564548099N01140167EA010750121500000473531001
B1057574548104N01140172EA010760121800000470121001
B1057584548107N01140179EA010780122000000440281001
B1057594548108N01140186EA010790122100000440441001
B1058004548109N01140192EA010810122100000290591001
B1058014548109N01140198EA010820122200000290741001
B1058024548109N01140204EA010830122300000280811001
B1058034548109N01140210EA010840122400000280881001
B1058044548109N01140216EA010850122500000280931001
B1058054548107N01140221EA010860122700000280981010
B1058064548105N01140225EA010880122900000251081010
B1058074548103N01140229EA010890123000000251181010
B1058084548101N01140232EA010900123100000231241010
B1058094548099N01140235EA010910123200000231301010
B1058104548097N01140236EA010920123300000211381010
B1058114548094N01140236EA010930123400000211461010
B1058124548090N01140234EA010940123600000241631010
B1058134548087N01140231EA010950123700000241801010
B1058144548083N01140227EA010960123800000311931010
B1058154548079N01140222EA010970124000000312061010
B1058164548075N01140215EA011000124100000382161001
B1058174548074N01140209EA011020124300000382261001
B1058184548074N01140203EA011040124500000322421001
B1058194548075N01140197EA011060124700000322581001
B1058204548077N01140192EA011070124700000332711001
B1058214548080N01140188EA011070125000000332841001
B1058224548084N01140183EA011070125300000383001001
B1058234548091N01140180EA011070125400000383161001
B1058244548097N01140181EA011070125600000423371001
B1058254548103N01140184EA011070125600000423581001
B1058264548107N01140188EA011080125700000420121001
B1058274548111N01140193EA011090125900000420261025
B1058284548115N01140198EA011100126200000360341025
B1058294548116N01140204EA011110126300000360421025
B1058304548118N01140210EA011130126400000290551025
B1058314548118N01140216EA011140126600000290681025
B1058324548117N01140220EA011150126600000250851038
B1058334548115N01140225EA011160126700000251021038
B1058344548111N01140229EA011170126800000301201038
B1058354548108N01140232EA011190127000000301361010
B1058364548104N01140236EA011200127100000321411010
B1058374548099N01140239EA011220127300000321461010
B1058384548095N01140239EA011240127600000321571010
B1058394548090N01140237EA011270127800000321681010
B1058404548086N01140232EA011290127800000351881010
B1058414548083N01140226EA011290127900000352081010
B1058424548082N01140220EA011300128000000352301010
B1058434548084N01140215EA011330128300000352521001
B1058444548088N01140211EA011340128600000332811001
B1058454548093N01140208EA011350128700000333101001
B1058464548099N01140208EA011360128800000393331001
B1058474548105N01140210EA011370128800000393561001
B1058484548111N01140214EA011380128900000430111025
B1058494548113N01140221EA011390129100000430261038
B1058504548115N01140228EA011410129300000380441038
B1058514548115N01140235EA011440129500000380621038
B1058524548115N01140241EA011460129700000270741038
B1058534548114N01140245EA011490129900000270861038
B1058544548112N01140249EA011520130100000221051038
B1058554548109N01140250EA011540130300000221241010
B1058564548107N01140249EA011560130500000201461010
B1058574548104N01140248EA011570130600000201681010
B1058584548101N01140245EA011580130700000221861010
B1058594548099N01140241EA011590130800000222041010
B1059004548099N01140235EA011600130800000332321010
B1059014548100N01140228EA011600130900000332601010
B1059024548103N01140221EA011600131100000352781010
B1059034548107N01140217EA011610131200000352961010
B1059044548112N01140215EA011630131400000343171025
B1059054548117N01140216EA011640131400000343381025
B1059064548123N01140218EA011640131400000373551038
B1059074548128N01140220EA011650131500000370121038
B1059084548132N01140225EA011660131700000370211038
B1059094548136N01140229EA011680131800000370301038
B1059104548140N01140235EA011700132000000360371038
B1059114548142N01140240EA011710132100000360441038
B1059124548144N01140246EA011720132300000310501038
B1059134548144N01140252EA011730132400000310561038
B1059144548144N01140258EA011740132500000280721038
B1059154548142N01140264EA011740132700000280881038
B1059164548140N01140265EA011750132800000251081038
B1059174548137N01140267EA011760132900000251281045
B1059184548134N01140268EA011770133000000221401045
B1059194548132N01140269EA011770133100000221521045
B1059204548129N01140269EA011770133300000201601045
B1059214548126N01140269EA011770133300000201681045
B1059224548122N01140266EA011760133400000261801038
B1059234548118N01140261EA011760133500000261921038
B1059244548115N01140256EA011760133700000332051038
B1059254548112N01140251EA011760133800000332181038
B1059264548109N01140245EA011760133900000312251010
B1059274548107N01140237EA011760133900000372321010
B1059284548106N01140229EA011750133800000392441010
B1059294548106N01140221EA011730133800000392521010
B1059304548109N01140215EA011720133800000342711001
B1059314548112N01140210EA011710133700000342901025
B1059324548117N01140206EA011700133700000323061025
B1059334548122N01140203EA011690133700000323221025
B1059344548128N01140200EA011680133600000383281025
B1059354548133N01140196EA011680133700000383341025
B1059364548139N01140193EA011670133700000413351025
B1059374548145N01140190EA011670133800000413361025
B1059384548151N01140187EA011680133900000393361025
B1059404548162N01140185EA011690134100000393461038
B1059414548169N01140184EA011690134100000393501038
B1059424548175N01140183EA011700134100000423521038
B1059434548182N01140183EA011700134200000423541038
B1059444548189N01140184EA011710134200000470001038
B1059454548195N01140187EA011720134400000470061038
B1059464548201N01140191EA011740134500000470161038
B1059474548204N01140196EA011760134700000470261038
B1059484548206N01140202EA011780134900000330441038
B1059494548207N01140209EA011800135100000330621038
B1059504548207N01140215EA011820135100000290821038
B1059514548205N01140220EA011830135200000291021043
B1059524548202N01140222EA011840135300000231251043
B1059534548199N01140221EA011850135300000231481043
B1059544548196N01140217EA011860135200000311851043
B1059554548194N01140211EA011860135100000312221038
B1059564548193N01140204EA011860135300000342431038
B1059574548193N01140197EA011870135400000342641038
B1059584548194N01140189EA011880135500000362741038
B1059594548196N01140182EA011890135700000362801038
B1100004548200N01140175EA011900135900000412911038
B1100014548203N01140168EA011910136000000413021038
B1100024548208N01140161EA011930136200000423071033
B1100034548212N01140155EA011940136400000423121037
B1100044548217N01140149EA011960136600000383181037
B1100054548222N01140146EA011970136800000383241037
B1100064548228N01140146EA011980136900000373421037
B1100074548234N01140149EA011980136800000370001037
B1100084548239N01140154EA011980136600000430191037
B1100094548243N01140160EA011980136700000430381037
B1100104548245N01140168EA011990136800000360511034
B1100114548247N01140174EA012010137000000360641034
B1100124548247N01140181EA012020137200000300781034
B1100134548246N01140187EA012040137300000300921034
B1100144548243N01140191EA012060137400000271111034
B1100154548239N01140194EA012070137500000271301034
B1100164548235N01140193EA012080137600000261531034
B1100174548232N01140191EA012090137600000261761034
B1100184548229N01140187EA012100137800000302021034
B1100194548227N01140181EA012110137900000302281034
B1100204548225N01140173EA012110138000000382441034
B1100214548224N01140165EA012120138100000402541037
B1100224548225N01140157EA012130138200000412641037
B1100234548227N01140149EA012140138400000402781037
B1100244548230N01140141EA012150138600000362881037
B1100254548233N01140136EA012160138800000362981037
B1100264548237N01140131EA012180138900000323101037
B1100274548241N01140127EA012180139000000323221037
B1100284548247N01140125EA012190139100000393341037
B1100294548253N01140125EA012190139100000393461037
B1100304548259N01140126EA012200139100000393581037
B1100314548265N01140128EA012210139200000390101002
B1100324548270N01140131EA012220139300000410141002
B1100334548276N01140134EA012230139500000410181002
B1100344548281N01140138EA012240139700000410221002
B1100354548286N01140142EA012250139900000410261002
B1100364548290N01140148EA012270140100000370361002
B1100374548292N01140155EA012280140200000370461002
B1100384548293N01140162EA012300140200000320651002
B1100394548292N01140169EA012310140300000320841013
B1100404548289N01140174EA012320140400000311101013
B1100414548286N01140177EA012340140500000311361013
B1100424548282N01140177EA012350140600000261551013
B1100434548278N01140174EA012370140800000261741013
B1100444548276N01140169EA012390140900000332111013
B1100454548276N01140161EA012410141000000392481002
B1100464548278N01140152EA012410140900000442721002
B1100474548283N01140145EA012410140900000442961002
B1100484548289N01140140EA012420140900000473161002
B1100494548296N01140138EA012430141000000473361002
B1100504548303N01140138EA012440141100000453501002
B1100514548309N01140141EA012450141300000450041002
B1100524548315N01140145EA012460141500000430170989
B1100534548319N01140151EA012480141600000430300989
B1100544548322N01140158EA012490141700000330460989
B1100554548323N01140164EA012500141800000330620989
B1100564548322N01140170EA012510141900000280800993
B1100574548321N01140176EA012520142000000280980993
B1100584548318N01140179EA012530142100000240980993
B1100594548314N01140179EA012540142200000251440993
B1101004548311N01140175EA012550142200000301890993
B1101014548311N01140167EA012560142200000392340993
B1101024548313N01140158EA012560142300000462680989
B1101034548317N01140150EA012570142500000482920989
B1101044548323N01140145EA012590142700000463100989
B1101054548329N01140142EA012600142900000463280989
B1101064548336N01140143EA012620143100000423510989
B1101074548341N01140148EA012640143200000420140989
B1101084548345N01140154EA012640143100000400330989
B1101094548347N01140161EA012650143200000400520989
B1101104548349N01140169EA012660143300000330660993
B1101114548349N01140175EA012670143400000330800993
B1101124548347N01140181EA012680143500000280960993
B1101134548345N01140186EA012690143500000281120993
B1101144548342N01140189EA012700143600000251290993
B1101154548338N01140189EA012710143800000251460993
B1101164548335N01140188EA012720143900000241720993
B1101174548332N01140184EA012730144000000241980993
B1101184548331N01140178EA012740144100000332260993
B1101194548331N01140171EA012750144200000332540993
B1101204548334N01140164EA012760144300000382760989
B1101214548338N01140158EA012770144500000382980989
B1101224548344N01140154EA012780144700000443180989
B1101234548350N01140152EA012800144900000443380989
B1101244548357N01140154EA012810145100000433550989
B1101254548362N01140158EA012830145300000430120982
B1101264548367N01140164EA012850145400000420300982
B1101274548370N01140172EA012860145600000420480981
B1101284548371N01140180EA012870145700000370660981
B1101294548370N01140187EA012890145800000370840981
B1101304548367N01140192EA012910146000000291080981
B1101314548364N01140195EA012920146100000291320981
B1101324548360N01140193EA012930146200000251650981
B1101334548357N01140189EA012940146200000251980993
B1101344548355N01140184EA012940146200000321980993
B1101354548353N01140177EA012950146300000322400993
B1101364548351N01140171EA012960146400000302430993
B1101374548350N01140165EA012960146400000302460989
B1101384548348N01140159EA012970146500000332510989
B1101394548348N01140151EA012980146600000362560989
B1101404548348N01140144EA012980146700000362630989
B1101414548348N01140136EA012990146900000372700989
B1101424548349N01140128EA013010147000000362680989
B1101434548352N01140122EA013030147100000362740989
B1101444548355N01140116EA013040147300000322911010
B1101454548360N01140111EA013060147500000323081004
B1101464548365N01140108EA013070147600000363221004
B1101474548371N01140106EA013090147700000363361004
B1101484548378N01140106EA013100147800000413491004
B1101494548384N01140109EA013110147900000410021004
B1101504548390N01140112EA013120148000000410151004
B1101514548395N01140118EA013130148100000410280982
B1101524548399N01140124EA013150148200000410380982
B1101534548402N01140131EA013160148300000410480982
B1101544548405N01140138EA013170148500000370570982
B1101554548406N01140146EA013180148600000370660982
B1101564548406N01140154EA013190148600000370790982
B1101574548405N01140162EA013190148700000370920982
B1101584548403N01140170EA013200148700000381020981
B1101594548400N01140176EA013200148900000381120981
B1102004548397N01140179EA013210149000000251290981
B1102014548394N01140180EA013230149200000251460981
B1102024548391N01140179EA013240149300000181460981
B1102034548388N01140178EA013240149400000171780981
B1102044548385N01140176EA013250149400000221940981
B1102054548382N01140172EA013250149300000222100981
B1102064548380N01140165EA013240149200000352270982
B1102074548378N01140157EA013240149200000432440982
B1102084548377N01140147EA013230149200000492520982
B1102094548376N01140137EA013220149300000452560982
B1102104548379N01140129EA013230149300000432640982
B1102114548380N01140120EA013250149400000392840982
B1102124548382N01140113EA013260149500000362901004
B1102134548385N01140108EA013280149800000362961004
B1102144548389N01140103EA013300150000000293101004
B1102154548393N01140100EA013320150100000293241004
B1102164548398N01140097EA013330150200000343341004
B1102174548403N01140096EA013340150300000343441004
B1102184548409N01140096EA013350150300000403531004
B1102194548415N01140097EA013350150300000400020987
B1102204548420N01140103EA013360150500000430200987
B1102214548424N01140110EA013370150500000430380987
B1102224548426N01140118EA013370150600000390570975
B1102234548425N01140126EA013380150700000390760975
B1102244548423N01140132EA013390150800000341040975
B1102254548418N01140136EA013400150900000341320975
B1102264548413N01140136EA013410151000000351560975
B1102274548408N01140134EA013420151100000351800982
B1102284548405N01140129EA013430151400000312050982
B1102294548403N01140122EA013440151500000312300982
B1102304548403N01140115EA013450151500000362511004
B1102314548405N01140107EA013460151600000362721004
B1102324548407N01140101EA013470151700000342851004
B1102334548410N01140096EA013480151900000342980987
B1102344548414N01140092EA013500152100000303140987
B1102354548419N01140090EA013510152200000303300987
B1102364548424N01140090EA013520152400000353460987
B1102374548429N01140091EA013530152500000350020987
B1102384548435N01140096EA013550152700000420170987
B1102394548439N01140102EA013560152900000420320987
B1102404548441N01140109EA013580153200000390480987
B1102414548442N01140117EA013590153200000390640975
B1102424548441N01140125EA013600153200000360840975
B1102434548439N01140132EA013610153300000361040975
B1102444548436N01140138EA013610153300000371180975
B1102454548432N01140142EA013620153400000371320975
B1102464548428N01140144EA013630153600000251480975
B1102474548424N01140144EA013640153800000251640975
B1102484548421N01140142EA013650153800000211740975
B1102494548417N01140139EA013650153900000211940975
B1102504548413N01140133EA013650153900000372100975
B1102514548410N01140127EA013640153600000372260975
B1102524548407N01140119EA013630153700000392320982
B1102534548405N01140111EA013640153600000402441004
B1102544548405N01140103EA013640153800000372541004
B1102554548405N01140096EA013650153800000372701004
B1102564548406N01140090EA013650153900000272711004
B1102574548406N01140084EA013650153800000272721004
B1102584548409N01140079EA013640153700000312851004
B1102594548413N01140072EA013630153200000312980987
B1103004548418N01140065EA013600152900000513070997
B1103014548425N01140058EA013590152800000513160997
B1103024548431N01140055EA013580152900000483320997
B1103034548438N01140054EA013590153200000483480997
B1103044548443N01140056EA013600153400000380030997
B1103054548448N01140059EA013610153700000380180997
B1103064548452N01140065EA013630153900000360310997
B1103074548455N01140071EA013650154100000360440987
B1103084548458N01140077EA013670154300000340490987
B1103094548460N01140084EA013680154400000340540976
B1103104548462N01140092EA013700154500000390600976
B1103114548465N01140099EA013710154600000390660976
B1103124548468N01140107EA013720154600000370640976
B1103134548469N01140115EA013730154700000370620976
B1103144548471N01140124EA013730154600000420720965
B1103154548473N01140132EA013740154700000420760965
B1103164548475N01140141EA013750154800000420740965
B1103174548476N01140148EA013760155000000420760965
B1103184548476N01140153EA013770155100000220840965
B1103194548474N01140157EA013780155100000220920965
B1103204548472N01140159EA013770155000000221130965
B1103214548468N01140162EA013760154800000221340965
B1103224548465N01140166EA013750154700000291360965
B1103234548463N01140171EA013740154600000291380955
B1103244548461N01140175EA013720154500000261380955
B1103264548462N01140187EA013720154400000270920955
B1103274548464N01140193EA013710154300000270740955
B1103284548467N01140200EA013700154100000360650955
B1103294548470N01140207EA013680154000000360560955
B1103304548474N01140214EA013670153800000430550955
B1103314548477N01140221EA013660153700000430540961
B1103324548481N01140228EA013650153600000400550961
B1103334548484N01140236EA013640153600000400560961
B1103344548487N01140241EA013640153500000370560961
B1103354548490N01140248EA013630153400000370560961
B1103364548494N01140255EA013620153200000410520961
B1103374548498N01140261EA013610153100000410480961
B1103384548502N01140268EA013600152800000450490978
B1103394548506N01140276EA013590152700000450500978
B1103404548510N01140283EA013580152600000440520972
B1103414548515N01140291EA013580152700000440540972
B1103424548519N01140297EA013580152700000390500972
B1103434548523N01140302EA013570152600000390460972
B1103444548528N01140308EA013560152400000390420972
B1103454548533N01140314EA013550152200000390380972
B1103464548538N01140321EA013540152100000460410987
B1103474548542N01140328EA013520151800000460440987
B1103484548546N01140336EA013510151700000420480987
B1103494548549N01140343EA013490151600000420520987
B1103504548552N01140349EA013480151500000360530987
B1103514548555N01140355EA013480151400000360540987
B1103524548559N01140360EA013460151300000340470987
B1103534548562N01140365EA013440151100000340400982
B1103544548565N01140371EA013440151000000310490998
B1103554548567N01140377EA013420150800000310580998
B1103564548569N01140384EA013390150500000360600998
B1103574548572N01140391EA013370150100000360620998
B1103584548576N01140399EA013340149900000410590998
B1103594548579N01140406EA013320149600000410560998
B1104004548583N01140414EA013300149500000440550998
B1104014548588N01140421EA013280149400000440541008
B1104024548592N01140428EA013270149300000440501008
B1104034548597N01140435EA013270149400000440461008
B1104044548602N01140442EA013280149700000400441008
B1104054548606N01140447EA013280150000000400421008
B1104064548611N01140451EA013300150100000370351011
B1104074548616N01140456EA013310150300000370281011
B1104084548621N01140461EA013340150600000370311011
B1104094548626N01140465EA013360150900000370341011
B1104104548630N01140469EA013380151100000360291032
B1104114548636N01140472EA013400151300000360241032
B1104124548642N01140474EA013420151500000370191032
B1104134548648N01140477EA013430151700000370141032
B1104144548653N01140479EA013450151900000370161032
B1104154548658N01140482EA013460152000000370181032
B1104164548663N01140487EA013470152200000410241031
B1104174548668N01140493EA013490152200000410301031
B1104184548671N01140500EA013500152400000390301031
B1104194548673N01140507EA013510152600000350601031
B1104204548673N01140514EA013530152800000280771031
B1104214548672N01140519EA013550153000000280941039
B1104224548669N01140522EA013560153100000251191039
B1104234548665N01140524EA013580153100000251441039
B1104244548661N01140523EA013580153100000271641039
B1104254548658N01140519EA013590153200000271841051
B1104264548656N01140514EA013610153300000322171032
B1104274548656N01140507EA013630153500000322501032
B1104284548658N01140499EA013650153700000382721032
B1104294548661N01140492EA013660153900000382841031
B1104304548666N01140486EA013670153900000432991031
B1104314548672N01140482EA013680153900000433141031
B1104324548679N01140480EA013690154000000453321031
B1104334548686N01140481EA013700154300000453501031
B1104344548692N01140483EA013720154600000440041031
B1104354548698N01140487EA013750154800000440181031
B1104364548702N01140492EA013770155100000390261031
B1104374548706N01140498EA013790155200000390341031
B1104384548708N01140504EA013800155300000350471031
B1104394548710N01140512EA013810155300000350601055
B1104404548710N01140519EA013820155400000340751070
B1104414548708N01140525EA013830155400000340901039
B1104424548704N01140529EA013830155500000301151039
B1104434548700N01140529EA013840155700000301401039
B1104444548697N01140525EA013850155800000241661039
B1104454548695N01140520EA013860156000000241921039
B1104464548694N01140514EA013880156200000302211031
B1104474548693N01140507EA013900156400000302501031
B1104484548694N01140500EA013920156500000362631031
B1104494548696N01140493EA013930156700000362761031
B1104504548699N01140487EA013950156900000362901031
B1104514548704N01140482EA013970157100000363041031
B1104524548710N01140478EA013980157200000413181055
B1104534548716N01140476EA014000157300000413321055
B1104544548722N01140474EA014010157400000423411055
B1104554548728N01140474EA014030157600000423501055
B1104564548735N01140475EA014040157900000430011055
B1104574548740N01140479EA014060158000000430121055
B1104584548745N01140486EA014080158200000450281055
B1104594548747N01140494EA014100158400000450441055
B1105004548748N01140502EA014120158500000380641055
B1105014548746N01140509EA014140158700000380841055
B1105024548744N01140515EA014150158900000311041055
B1105034548741N01140518EA014160159000000311241070
B1105044548738N01140519EA014170159100000211361070
B1105054548735N01140518EA014190159300000211541070
B1105064548732N01140515EA014190159500000201791055
B1105074548730N01140512EA014200159500000202041055
B1105084548729N01140506EA014210159700000292271055
B1105094548729N01140499EA014210159800000292501055
B1105104548729N01140492EA014230160000000322581055
B1105114548730N01140485EA014240160200000322661055
B1105124548732N01140479EA014260160300000332751055
B1105134548737N01140475EA014280160500000332841055
B1105144548745N01140475EA014300160600000363021055
B1105154548752N01140473EA014310160500000363321055
B1105164548759N01140473EA014320160500000443471055
B1105174548765N01140476EA014330160600000440021054
B1105184548771N01140480EA014340160700000470161054
B1105194548775N01140487EA014350160800000470301054
B1105204548779N01140493EA014360161000000420401054
B1105214548782N01140500EA014380161200000420501054
B1105224548784N01140506EA014390161300000360551054
B1105234548786N01140513EA014410161600000360601054
B1105244548787N01140520EA014420161600000350661068
B1105254548788N01140528EA014430161700000350721068
B1105264548788N01140536EA014440161600000370811068
B1105274548786N01140543EA014440161700000370901068
B1105284548784N01140550EA014440161700000341041068
B1105294548781N01140554EA014430161700000341181068
B1105304548777N01140558EA014420161700000291301068
B1105314548774N01140560EA014400161700000291421068
B1105324548771N01140560EA014380161700000231521068
B1105334548767N01140556EA014370161800000231621068
B1105344548763N01140552EA014370161900000291871068
B1105354548760N01140548EA014360162000000292121068
B1105364548758N01140542EA014360162100000292231070
B1105374548757N01140536EA014360162100000292341070
B1105384548758N01140530EA014360162200000312501070
B1105394548758N01140523EA014360162200000312661070
B1105404548759N01140515EA014340162200000362701055
B1105414548762N01140507EA014330162300000412741054
B1105424548767N01140499EA014320162300000452881054
B1105434548772N01140493EA014320162300000453041054
B1105444548777N01140487EA014320162500000403151054
B1105454548782N01140483EA014340162600000403261054
B1105464548787N01140479EA014360162700000363321054
B1105474548793N01140477EA014380162900000363381054
B1105484548799N01140475EA014400163000000403471054
B1105494548805N01140477EA014420163200000403561054
B1105504548811N01140480EA014440163300000443561035
B1105514548817N01140485EA014450163400000450241035
B1105524548822N01140491EA014460163400000450321035
B1105534548826N01140498EA014490163600000450401035
B1105544548830N01140506EA014510163800000490501035
B1105554548833N01140516EA014530164000000470601035
B1105564548834N01140525EA014550164200000440701059
B1105574548832N01140533EA014560164300000440881059
B1105584548829N01140537EA014580164400000301181059
B1105594548825N01140537EA014580164300000301481059
B1106004548821N01140534EA014580164300000301841059
B1106014548818N01140528EA014570164400000302201059
B1106024548817N01140521EA014580164500000372371059
B1106034548817N01140513EA014590164700000352541035
B1106044548818N01140507EA014600164900000312691035
B1106054548820N01140501EA014610165100000312841035
B1106064548822N01140494EA014620165100000362921035
B1106074548826N01140487EA014620165200000363001035
B1106084548832N01140481EA014630165300000453111035
B1106094548838N01140477EA014640165400000453221035
B1106104548844N01140474EA014650165600000473351035
B1106114548851N01140473EA014660165700000473481035
B1106124548858N01140474EA014670165700000423581035
B1106134548864N01140477EA014670165600000420081042
B1106144548869N01140482EA014670165300000430201042
B1106154548875N01140489EA014660165000000430321042
B1106164548879N01140497EA014650164700000490421042
B1106174548883N01140506EA014640164600000500521042
B1106184548885N01140516EA014640164500000510641042
B1106194548887N01140527EA014640164500000490741064
B1106204548888N01140536EA014640164500000430781064
B1106214548888N01140545EA014640164600000370841064
B1106224548888N01140552EA014650164600000310911064
B1106234548887N01140558EA014650164600000310981064
B1106244548886N01140565EA014640164500000340971064
B1106254548885N01140573EA014630164300000340961084
B1106264548883N01140580EA014620164200000351021084
B1106274548881N01140588EA014600164000000351081084
B1106284548879N01140595EA014590163900000371111084
B1106294548877N01140602EA014580163700000371141084
B1106304548875N01140610EA014570163600000381121084
B1106314548873N01140618EA014560163500000381101103
B1106324548872N01140626EA014540163400000351071103
B1106334548870N01140633EA014530163300000351041103
B1106344548868N01140642EA014520163200000411081103
B1106354548865N01140650EA014500163000000441141103
B1106364548863N01140658EA014490162900000431121103
B1106374548861N01140667EA014470162700000441101110
B1106384548860N01140677EA014450162600000451021110
B1106394548858N01140685EA014440162500000451041097
B1106404548857N01140693EA014430162400000391051097
B1106414548855N01140701EA014410162200000391061097
B1106424548853N01140709EA014400162000000381051097
B1106434548852N01140718EA014380161700000401041112
B1106444548851N01140727EA014360161500000401021112
B1106454548849N01140735EA014340161300000401021112
B1106464548847N01140744EA014320161000000431061112
B1106474548846N01140753EA014290160600000461041112
B1106484548844N01140763EA014260160300000471041112
B1106494548842N01140773EA014240160100000461041115
B1106504548840N01140782EA014220159900000451061115
B1106514548837N01140791EA014200159700000451101115
B1106524548835N01140800EA014180159500000461081115
B1106534548833N01140810EA014160159300000471081115
B1106544548831N01140820EA014140159100000471041103
B1106554548830N01140829EA014120158900000451021103
B1106564548829N01140839EA014110158700000431001103
B1106574548828N01140848EA014100158600000431001103
B1106584548827N01140858EA014080158400000440981103
B1106594548825N01140867EA014060158200000460981090
B1107004548824N01140876EA014040157900000451001090
B1107014548822N01140885EA014030157700000421041090
B1107024548820N01140893EA014010157600000391051090
B1107034548819N01140901EA014000157400000391061090
B1107044548817N01140909EA013980157300000381061090
B1107054548815N01140917EA013960157000000381061079
B1107064548813N01140926EA013950156700000441081079
B1107074548811N01140935EA013930156500000461081079
B1107084548809N01140944EA013910156300000441061052
B1107094548807N01140953EA013890156100000411061052
B1107104548805N01140961EA013880156000000391071052
B1107114548802N01140968EA013860155800000391081048
B1107124548800N01140977EA013840155500000431101048
B1107134548798N01140986EA013820155200000471101048
B1107144548795N01140995EA013800155000000471101048
B1107154548793N01141005EA013780154900000471081048
B1107164548791N01141014EA013770154900000441061048
B1107174548790N01141023EA013760154800000421041040
B1107184548788N01141032EA013760154700000401021040
B1107194548787N01141040EA013750154600000401041040
B1107204548785N01141048EA013740154500000391051040
B1107214548783N01141056EA013740154400000391061040
B1107224548782N01141064EA013740154300000411031040
B1107234548781N01141073EA013740154300000411001053
B1107244548781N01141083EA013740154300000410941053
B1107254548781N01141091EA013740154200000410901053
B1107264548782N01141099EA013730154200000360841053
B1107274548783N01141107EA013720154000000360781053
B1107284548784N01141115EA013710153800000360791053
B1107294548784N01141123EA013690153600000360801059
B1107304548784N01141130EA013670153400000360881059
B1107314548783N01141138EA013660153200000360961059
B1107324548784N01141146EA013640153000000350901059
B1107334548784N01141153EA013630153000000350841059
B1107344548786N01141159EA013620152900000260781059
B1107354548787N01141164EA013610152800000260721059
B1107364548788N01141170EA013600152600000250731050
B1107374548789N01141175EA013580152400000250741050
B1107384548790N01141181EA013570152300000290741050
B1107394548791N01141188EA013550152100000290741050
B1107404548793N01141194EA013530152000000310721050
B1107414548794N01141200EA013520151900000310701050
B1107424548795N01141206EA013520151800000280721050
B1107434548796N01141212EA013510151700000280741050
B1107444548797N01141219EA013500151600000320741034
B1107454548799N01141226EA013490151500000320741034
B1107464548801N01141233EA013480151400000330681034
B1107474548804N01141240EA013470151200000330621034
B1107484548806N01141247EA013460151100000370631034
B1107494548809N01141255EA013440150900000370641034
B1107504548810N01141263EA013430150900000410711022
B1107514548811N01141272EA013420150800000420780996
B1107524548812N01141281EA013420150900000410820996
B1107534548812N01141289EA013430151000000410840996
B1107544548813N01141297EA013440151100000360810996
B1107554548815N01141304EA013440151300000360780996
B1107564548817N01141311EA013450151300000310720996
B1107574548819N01141318EA013450151300000310660969
B1107584548821N01141325EA013450151300000370640969
B1107594548823N01141332EA013440151100000370620969
B1108004548825N01141340EA013430151000000390660969
B1108014548827N01141348EA013420150900000390700969
B1108024548828N01141356EA013410150800000370700969
B1108034548829N01141364EA013400150800000350800969
B1108044548830N01141371EA013400150800000350790943
B1108054548831N01141379EA013390150700000350780943
B1108064548832N01141388EA013390150600000390800943
B1108074548832N01141396EA013380150600000390820943
B1108084548833N01141405EA013370150500000410840943
B1108094548832N01141413EA013370150600000410880943
B1108104548832N01141421EA013380150600000380890907
B1108114548832N01141428EA013380150600000380900907
B1108124548832N01141436EA013380150600000330890907
B1108134548832N01141443EA013380150600000330880907
B1108144548833N01141452EA013380150500000380900907
B1108154548833N01141459EA013380150500000380860907
B1108164548834N01141467EA013390150700000370850881
B1108174548835N01141474EA013400150800000370840881
B1108184548836N01141481EA013420151100000340800881
B1108194548837N01141489EA013430151300000340760881
B1108204548838N01141496EA013440151400000350760881
B1108214548840N01141504EA013450151400000350760881
B1108224548841N01141512EA013450151400000380760881
B1108234548842N01141520EA013450151300000380760870
B1108244548843N01141528EA013450151300000390770870
B1108254548844N01141537EA013450151300000420780870
B1108264548846N01141546EA013440151200000430780870
B1108274548847N01141556EA013440151100000440760870
B1108284548849N01141565EA013430151100000450740870
B1108294548851N01141574EA013430151100000430740883
B1108304548852N01141583EA013420151100000420760883
B1108314548853N01141591EA013420151000000420780883
B1108324548855N01141600EA013420151000000430780883
B1108334548856N01141609EA013410150900000430760883
B1108344548858N01141618EA013410150900000430760903
B1108354548859N01141628EA013400150900000440760903
B1108364548861N01141637EA013400150800000430760816
B1108374548863N01141645EA013390150800000430760816
B1108384548864N01141654EA013390150800000410720816
B1108394548866N01141662EA013380150800000410700816
B1108404548869N01141671EA013370150700000410680830
B1108414548870N01141680EA013360150500000440700830
B1108424548872N01141690EA013350150300000470740830
B1108434548873N01141700EA013330150100000490760830
B1108444548874N01141710EA013320149900000460800830
B1108454548876N01141719EA013300149800000430760842
B1108464548877N01141728EA013280149600000420760842
B1108474548879N01141737EA013270149300000450740842
B1108484548880N01141747EA013250149100000470760842
B1108494548882N01141756EA013230148900000460760842
B1108504548883N01141765EA013210148800000420780842
B1108514548884N01141774EA013200148600000390780832
B1108524548886N01141783EA013180148400000410760832
B1108534548887N01141792EA013160148200000450740832
B1108544548889N01141802EA013130147900000480740832
B1108554548891N01141812EA013110147600000500740832
B1108564548893N01141822EA013090147500000470740809
B1108574548894N01141831EA013070147400000430740809
B1108584548896N01141840EA013060147200000410760809
B1108594548897N01141849EA013030147000000410760809
B1109004548898N01141858EA013010146800000430780809
B1109014548899N01141867EA013000146500000450780787
B1109024548901N01141877EA012970146300000470800787
B1109034548902N01141887EA012950146000000460780787
B1109044548904N01141897EA012930145900000450760787
B1109054548905N01141906EA012910145700000430780787
B1109064548906N01141915EA012900145600000420800787
B1109074548907N01141924EA012880145400000420800762
B1109084548907N01141933EA012860145200000430820762
B1109094548907N01141942EA012840145100000410880762
B1109104548906N01141951EA012830145000000400900762
B1109114548905N01141959EA012810144800000400940762
B1109124548904N01141967EA012800144700000380980731
B1109134548903N01141975EA012780144500000381020731
B1109144548902N01141983EA012770144300000381030731
B1109154548900N01141992EA012750144100000421040731
B1109164548898N01142000EA012730143900000431030731
B1109174548898N01142009EA012710143700000401020731
B1109184548897N01142017EA012690143700000360980702
B1109194548897N01142024EA012690143600000360940702
B1109204548897N01142032EA012670143500000330910702
B1109214548896N01142040EA012660143200000330880702
B1109224548896N01142049EA012640143000000410920702
B1109234548896N01142058EA012620142700000440880702
B1109244548895N01142067EA012600142600000420900675
B1109254548894N01142074EA012590142400000420980675
B1109264548891N01142081EA012570142300000331070675
B1109274548889N01142088EA012550142100000331160675
B1109284548888N01142095EA012530141800000361120675
B1109294548888N01142103EA012510141500000360960675
B1109304548888N01142111EA012480141100000420950675
B1109314548886N01142119EA012470140900000420940660
B1109324548885N01142127EA012460140800000330990660
B1109334548885N01142135EA012450140700000331040660
B1109344548884N01142142EA012440140500000310980660
B1109354548884N01142150EA012420140300000310920660
B1109364548883N01142159EA012400140000000400920660
B1109374548883N01142168EA012380139800000410940642
B1109384548882N01142176EA012370139700000410960642
B1109394548881N01142184EA012350139500000410980642
B1109404548881N01142191EA012340139400000340930642
B1109414548881N01142199EA012330139100000340880642
B1109424548881N01142207EA012310138900000370880642
B1109434548881N01142216EA012290138600000410880608
B1109444548881N01142224EA012270138300000420870608
B1109454548882N01142232EA012250138100000420860608
B1109464548882N01142240EA012240137900000340830608
B1109474548884N01142250EA012220137700000360800608
B1109484548885N01142258EA012200137600000380810608
B1109494548885N01142268EA012180137300000410820575
B1109504548886N01142277EA012160137100000420840575
B1109514548887N01142286EA012140136900000430820575
B1109524548888N01142296EA012110136700000470820575
B1109534548888N01142307EA012090136400000480840575
B1109544548887N01142317EA012070136300000480900539
B1109554548887N01142327EA012060136100000440920539
B1109564548887N01142336EA012050136100000390920539
B1109574548888N01142344EA012040136100000390880539
B1109584548888N01142353EA012030136000000370880539
B1109594548887N01142362EA012020135800000410900539
B1110004548886N01142371EA012000135500000460920513
B1110014548886N01142381EA011970135300000490940513
B1110024548885N01142392EA011960135100000480940513
B1110034548885N01142400EA011950135100000480920513
B1110044548885N01142409EA011940135100000380900513
B1110054548886N01142418EA011940135100000360860460
B1110064548886N01142426EA011930134900000370860460
B1110074548886N01142434EA011920134700000370860460
B1110084548887N01142442EA011910134600000340850460
B1110094548887N01142449EA011900134500000340840460
B1110104548888N01142456EA011880134400000290840460
B1110134548891N01142477EA011830133800000380820395
B1110144548891N01142484EA011810133600000410860395
B1110154548890N01142492EA011790133500000410900395
B1110164548890N01142500EA011790133500000350930395
B1110174548889N01142507EA011780133600000350960395
B1110184548889N01142514EA011780133600000310930395
B1110194548889N01142521EA011770133500000310900356
B1110204548889N01142528EA011760133400000320890356
B1110214548889N01142535EA011760133300000320880356
B1110224548888N01142543EA011750133200000340930356
B1110234548888N01142550EA011740133100000340980356
B1110244548887N01142557EA011720133100000301000356
B1110254548885N01142564EA011720133000000301020356
B1110264548884N01142569EA011710132900000261030331
B1110274548883N01142575EA011700132800000261040331
B1110284548883N01142582EA011680132500000300980331
B1110294548883N01142589EA011660132200000300920331
B1110304548882N01142596EA011640131900000330950331
B1110314548881N01142604EA011620131700000330980331
B1110324548878N01142611EA011600131400000331060331
B1110334548876N01142618EA011580131200000331140300
B1110344548875N01142624EA011560131000000331100300
B1110354548874N01142631EA011540130800000331060300
B1110364548873N01142638EA011530130600000311040300
B1110374548872N01142645EA011520130500000311020300
B1110384548870N01142651EA011510130400000291030300
B1110394548869N01142658EA011500130200000291040300
B1110404548868N01142666EA011480130000000361020278
B1110414548867N01142674EA011470129900000361000278
B1110424548866N01142682EA011460129800000401010278
B1110434548865N01142690EA011470129900000401020278
B1110444548864N01142698EA011470130100000330980278
B1110454548864N01142706EA011480130200000330940278
B1110464548863N01142713EA011480130200000300990278
B1110474548861N01142719EA011480130300000301040225
B1110484548859N01142725EA011490130300000341130190
B1110494548856N01142732EA011490130300000341220190
B1110504548854N01142739EA011490130300000361160190
B1110514548852N01142746EA011500130500000361100190
B1110524548851N01142752EA011510130600000321080190
B1110534548849N01142757EA011530130800000321060190
B1110544548847N01142761EA011560131100000231130190
B1110554548845N01142765EA011590131300000231200165
B1110564548845N01142769EA011600131600000211100165
B1110574548846N01142775EA011630131700000211000165
B1110584548849N01142779EA011650131800000320730165
B1110594548853N01142785EA011670131700000320460165
B1111004548859N01142786EA011680131800000370360165
B1111014548865N01142785EA011690132000000370080195
B1111024548870N01142781EA011700132100000423490195
B1111034548875N01142777EA011710132100000423300195
B1111044548879N01142769EA011710132000000483160195
B1111054548883N01142758EA011710131800000542980225
B1111064548884N01142748EA011710132100000492860225
B1111074548883N01142739EA011720132400000422700225
B1111084548882N01142731EA011740132600000392560225
B1111094548880N01142726EA011760132700000392500225
B1111104548877N01142722EA011790132900000242400225
B1111114548875N01142719EA011800133100000242300225
B1111124548872N01142716EA011810133200000232220225
B1111134548869N01142714EA011830133400000232140278
B1111144548866N01142713EA011850133600000182010278
B1111154548863N01142715EA011870133700000181880225
B1111164548860N01142716EA011880133900000171710225
B1111174548858N01142719EA011900134100000171540190
B1111184548856N01142722EA011920134300000181420190
B1111194548855N01142725EA011940134600000181300190
B1111204548856N01142729EA011950135000000221020190
B1111214548859N01142732EA011970135100000220740190
B1111224548863N01142734EA011990135100000340490225
B1111234548868N01142737EA012010135200000340240225
B1111244548874N01142738EA012020135400000420100225
B1111254548879N01142738EA012030135600000423560225
B1111264548884N01142736EA012060135700000363440225
B1111274548889N01142732EA012070136000000363320225
B1111284548893N01142728EA012090136100000333240225
B1111294548896N01142723EA012100136300000333160225
B1111304548898N01142716EA012110136200000362990225
B1111314548899N01142708EA012110136200000382820278
B1111324548899N01142700EA012120136200000352720278
B1111334548897N01142694EA012120136400000352560278
B1111344548895N01142691EA012120136400000202400278
B1111354548892N01142690EA012140136400000202240278
B1111364548889N01142689EA012140136500000182040278
B1111374548886N01142688EA012150136600000181840278
B1111384548883N01142688EA012170136800000191800278
B1111394548880N01142689EA012170136900000191760278
B1111404548878N01142691EA012190137000000181650278
B1111414548876N01142693EA012200137100000181540278
B1111424548874N01142696EA012200137200000191420278
B1111434548872N01142700EA012220137300000191300278
B1111444548870N01142703EA012230137400000201260278
B1111454548869N01142707EA012240137700000201220278
B1111464548867N01142712EA012260137900000221150278
B1111474548867N01142717EA012280138200000221080225
B1111484548866N01142722EA012290138400000251010225
B1111494548866N01142728EA012300138600000250940225
B1111504548867N01142734EA012320138900000250820225
B1111514548869N01142739EA012330139100000250700225
B1111524548872N01142744EA012340139300000340530225
B1111534548877N01142747EA012360139500000340360225
B1111544548883N01142748EA012370139700000390190225
B1111554548888N01142747EA012380139900000390020225
B1111564548894N01142743EA012390139900000443460225
B1111574548900N01142737EA012390139800000443300225
B1111584548905N01142729EA012390139700000543200225
B1111594548909N01142719EA012390139700000563080225
B1112004548910N01142709EA012390139700000492940317
B1112014548909N01142699EA012390139700000432760278
B1112024548907N01142694EA012400139700000302540278
B1112034548903N01142690EA012410139500000302320278
B1112044548900N01142689EA012420139500000262320278
B1112054548897N01142689EA012430139500000211940278
B1112064548894N01142692EA012440139600000221740278
B1112074548892N01142696EA012450139600000221540278
B1112084548893N01142701EA012460139700000281150278
B1112094548895N01142707EA012460139700000280760278
B1112104548899N01142711EA012470139700000340540278
B1112114548904N01142712EA012480139900000340320278
B1112124548910N01142711EA012480139900000420070317
B1112134548916N01142707EA012480139700000423420317
B1112144548921N01142702EA012490139700000453300317
B1112154548926N01142695EA012490139800000453180317
B1112164548930N01142688EA012490139800000413100317
B1112174548933N01142680EA012490139800000433020317
B1112184548934N01142671EA012490139800000442880317
B1112194548934N01142662EA012480139700000402760349
B1112204548932N01142654EA012480139700000412620349
B1112214548928N01142649EA012480139700000412420349
B1112224548926N01142646EA012490139700000232250349
B1112234548924N01142645EA012510139900000232080349
B1112244548923N01142646EA012530140200000121860349
B1112254548921N01142649EA012540140300000121640349
B1112264548919N01142653EA012540140400000241410349
B1112274548917N01142658EA012540140500000241180349
B1112284548916N01142664EA012540140700000301100349
B1112294548914N01142669EA012550141000000301020317
B1112304548913N01142675EA012560141200000241040317
B1112314548912N01142680EA012570141300000241060317
B1112324548911N01142685EA012570141300000261040317
B1112334548910N01142691EA012570141200000261020317
B1112344548909N01142698EA012560141200000331000278
B1112354548908N01142706EA012550141200000330980278
B1112364548907N01142713EA012550141200000340990278
B1112374548907N01142719EA012550141300000341000225
B1112384548906N01142724EA012550141500000240980225
B1112394548906N01142729EA012560141600000240960225
B1112404548905N01142735EA012570141600000240970225
B1112414548905N01142741EA012560141600000240980225
B1112424548904N01142747EA012560141500000320950225
B1112434548904N01142755EA012560141500000320920225
B1112444548904N01142762EA012550141500000350910225
B1112454548904N01142769EA012550141500000350900195
B1112464548903N01142776EA012550141500000300930195
B1112474548903N01142782EA012550141400000300960195
B1112484548904N01142788EA012550141500000300890195
B1112494548904N01142795EA012550141500000300820195
B1112504548905N01142801EA012540141500000290850195
B1112514548905N01142807EA012550141600000290880195
B1112524548904N01142813EA012560141700000280890195
B1112534548905N01142819EA012570141800000280900150
B1112544548905N01142824EA012570141900000260850150
B1112554548905N01142831EA012570141900000260800150
B1112564548904N01142837EA012580141900000290920150
B1112574548903N01142843EA012580141900000291040150
B1112584548903N01142849EA012580141900000260970150
B1112594548903N01142855EA012570141800000260900150
B1113004548904N01142860EA012570141800000230890150
B1113014548903N01142866EA012560141700000230880129
B1113024548902N01142871EA012540141500000260980129
B1113034548900N01142877EA012520141400000261080129
B1113044548899N01142884EA012500141200000341080129
B1113054548898N01142892EA012480141000000341000129
B1113064548897N01142899EA012460140900000350990129
B1113074548897N01142906EA012450140800000350980129
B1113084548896N01142913EA012440140700000310970129
B1113094548896N01142920EA012430140500000310960127
B1113104548895N01142926EA012420140400000320970127
B1113114548894N01142934EA012410140200000320980127
B1113124548893N01142941EA012400140100000341010127
B1113134548891N01142948EA012380139900000341040127
B1113144548890N01142955EA012370139800000321030127
B1113154548889N01142961EA012350139700000321020127
B1113164548888N01142967EA012340139600000291030126
B1113174548886N01142974EA012330139400000291040126
B1113184548885N01142980EA012320139300000281050126
B1113194548884N01142987EA012310139100000281060126
B1113204548883N01142994EA012290138900000321030126
B1113214548882N01143001EA012270138800000321000126
B1113224548881N01143009EA012260138600000361000126
B1113234548880N01143017EA012250138500000361000123
B1113244548880N01143024EA012230138400000360980123
B1113254548879N01143031EA012220138300000360960123
B1113264548879N01143038EA012210138200000310950123
B1113274548879N01143046EA012200138100000310940123
B1113284548878N01143053EA012190138000000330930123
B1113294548878N01143060EA012180137800000330920123
B1113304548878N01143067EA012170137700000320920125
B1113314548878N01143074EA012150137600000320920125
B1113324548877N01143081EA012140137400000330920125
B1113334548877N01143089EA012130137300000330920125
B1113344548877N01143096EA012110137100000340920125
B1113354548877N01143104EA012100137000000350900125
B1113364548878N01143111EA012080136800000350870125
B1113374548878N01143119EA012070136700000350840133
B1113384548879N01143127EA012060136500000350830133
B1113394548879N01143134EA012040136300000350820133
B1113404548879N01143143EA012020136100000380860133
B1113414548879N01143151EA012000135900000380920133
B1113424548878N01143159EA011980135700000370920133
B1113434548878N01143167EA011960135500000370920132
B1113444548878N01143175EA011940135300000360920132
B1113454548877N01143183EA011930135100000360920132
B1113464548877N01143191EA011910134900000370940132
B1113474548876N01143199EA011890134700000370960132
B1113484548875N01143207EA011870134600000360980132
B1113494548874N01143215EA011860134400000361000134
B1113504548872N01143223EA011840134300000371020134
B1113514548871N01143231EA011820134000000371040134
B1113524548870N01143239EA011800133800000391030134
B1113534548868N01143247EA011780133700000391020134
B1113544548867N01143256EA011770133500000381000134
B1113554548867N01143264EA011760133400000380980133
B1113564548866N01143271EA011740133300000350950133
B1113574548866N01143278EA011730133100000350920133
B1113584548865N01143286EA011720133000000320960133
B1113594548864N01143293EA011710132900000321000133
B1114004548863N01143301EA011690132700000351000133
B1114014548862N01143308EA011670132500000351000133
B1114024548861N01143316EA011650132300000370980137
B1114034548861N01143324EA011630132200000370960137
B1114044548860N01143332EA011610132000000340970137
B1114054548859N01143339EA011600131800000340980134
B1114064548858N01143346EA011580131600000360980134
B1114074548857N01143354EA011560131400000360980134
B1114084548857N01143363EA011540131200000380960134
B1114094548857N01143371EA011520131100000380940160
B1114104548856N01143378EA011510130900000340930160
B1114114548856N01143386EA011490130700000340920160
B1114124548856N01143393EA011470130500000360890160
B1114134548857N01143401EA011460130300000360860160
B1114144548858N01143410EA011430130100000380820160
B1114154548858N01143418EA011410129900000380820198
B1114164548858N01143426EA011390129700000370860198
B1114174548858N01143434EA011370129400000370900198
B1114184548858N01143442EA011350129200000400900198
B1114194548858N01143450EA011320129000000400900198
B1114204548858N01143459EA011300128800000380880198
B1114214548857N01143467EA011290128700000380900254
B1114224548857N01143475EA011280128500000380920254
B1114234548857N01143484EA011260128400000390940254
B1114244548857N01143492EA011240128200000390920254
B1114254548856N01143501EA011230128000000380900254
B1114264548856N01143509EA011210127900000360920254
B1114274548855N01143517EA011200127800000360940308
B1114284548854N01143524EA011180127600000350980308
B1114294548853N01143532EA011170127400000351020308
B1114304548852N01143540EA011150127200000371000308
B1114314548851N01143548EA011120127000000370980308
B1114324548851N01143556EA011110126800000390960308
B1114334548851N01143564EA011090126600000390940354
B1114344548851N01143573EA011070126500000400880354
B1114354548852N01143581EA011060126300000390840354
B1114374548853N01143597EA011030126100000350840354
B1114384548853N01143605EA011020125900000350840354
B1114394548854N01143613EA011010125800000350840354
B1114404548854N01143621EA010990125700000350850397
B1114414548854N01143629EA010970125400000350860397
B1114424548854N01143638EA010950125200000400920397
B1114434548853N01143647EA010930124900000430940397
B1114444548853N01143656EA010900124600000420920397
B1114454548852N01143664EA010880124500000420940439
B1114464548852N01143671EA010870124400000310920439
B1114474548852N01143678EA010850124200000310900439
B1114484548853N01143685EA010830123900000340850439
B1114494548854N01143693EA010810123700000340800439
B1114504548854N01143701EA010780123400000380850439
B1114514548853N01143710EA010760123100000390900439
B1114524548853N01143718EA010730122800000410920479
B1114534548852N01143727EA010700122600000380940479
B1114544548851N01143734EA010680122300000351000479
B1114554548849N01143741EA010650122100000351060479
B1114564548847N01143749EA010630121800000371070479
B1114574548846N01143757EA010600121500000371080479
B1114584548845N01143766EA010570121300000441000517
B1114594548844N01143775EA010550121100000430960517
B1115004548843N01143784EA010540121000000410960517
B1115014548843N01143792EA010530120900000410960517
B1115024548842N01143800EA010520120900000340950517
B1115034548842N01143807EA010510120700000340940517
B1115044548842N01143816EA010500120500000360920556
B1115054548842N01143824EA010480120300000360920556
B1115064548841N01143834EA010460120000000440920556
B1115074548841N01143843EA010440119800000440940556
B1115084548841N01143852EA010430119700000400920556
B1115094548841N01143860EA010420119700000400900556
B1115104548841N01143868EA010400119600000330880591
B1115114548841N01143875EA010380119400000330860591
B1115124548841N01143883EA010360119100000360880591
B1115134548841N01143892EA010340118800000400900591
B1115144548841N01143900EA010310118500000420920591
B1115154548841N01143909EA010290118200000410940591
B1115164548841N01143917EA010280118200000360900630
B1115174548841N01143924EA010270118300000360860630
B1115184548842N01143929EA010270118300000250850630
B1115194548842N01143935EA010270118300000250840630
B1115204548842N01143939EA010250118200000220830630
B1115214548842N01143945EA010240118000000220820630
B1115224548843N01143951EA010220117800000280830630
B1115234548843N01143957EA010200117500000280840630
B1115244548843N01143964EA010180117300000320870657
B1115254548843N01143971EA010160117100000320900657
B1115264548843N01143978EA010140117000000290880657
B1115274548843N01143983EA010110116800000290860657
B1115284548843N01143989EA010100116600000250890657
B1115294548843N01143994EA010080116300000250920657
B1115304548842N01144001EA010060116200000300950657
B1115314548842N01144006EA010050116100000300980657
B1115324548841N01144011EA010050116100000241010657
B1115334548840N01144015EA010050116100000241040662
B1115374548839N01144034EA010020115700000290960662
B1115384548838N01144040EA010020115600000320970662
B1115394548838N01144046EA010020115700000320980662
B1115404548838N01144051EA010020115900000220910662
B1115414548839N01144055EA010030116000000220840662
B1115424548839N01144059EA010030116100000130850662
B1115434548838N01144062EA010030116000000130860662
B1115444548838N01144067EA010030116000000200960659
B1115454548837N01144072EA010020116000000201060659
B1115464548836N01144077EA010020116000000281030659
B1115474548835N01144083EA010020116000000281000659
B1115484548836N01144088EA010020116100000260930659
B1115494548836N01144093EA010030116100000260860659
B1115504548835N01144098EA010030116000000210890659
B1115514548835N01144103EA010030115900000210920659
B1115524548834N01144109EA010020115800000260970659
B1115534548832N01144114EA010010115600000261020660
B1115544548831N01144120EA010010115600000291030660
B1115554548830N01144126EA010010115700000291040660
B1115564548829N01144130EA010010115800000211060660
B1115574548828N01144134EA010010115800000211080660
B1115584548827N01144138EA010020115800000191100660
B1115594548826N01144143EA010020115800000191120660
B1116004548824N01144147EA010020115700000201130660
B1116014548823N01144151EA010020115700000201140660
B1116024548821N01144156EA010020115700000261160660
B1116034548820N01144162EA010020115700000261180660
B1116044548819N01144167EA010020115800000261100684
B1116054548818N01144173EA010020115800000261020684
B1116064548818N01144179EA010020115900000281000684
B1116074548817N01144184EA010040116000000280980684
B1116084548816N01144191EA010050116100000251040684
B1116094548815N01144196EA010060116200000251040684
B1116104548814N01144202EA010070116300000251020684
B1116114548813N01144207EA010070116300000251000684
B1116124548813N01144213EA010080116300000260970684
B1116134548813N01144219EA010090116400000260940711
B1116144548813N01144224EA010090116400000270900711
B1116154548813N01144230EA010090116400000270860711
B1116164548813N01144237EA010100116400000290850711
B1116174548814N01144243EA010100116400000290840711
B1116184548814N01144249EA010110116400000300820711
B1116194548815N01144256EA010110116500000300800711
B1116204548815N01144261EA010120116600000250840711
B1116214548815N01144267EA010130116600000250880749
B1116224548815N01144272EA010120116600000260910749
B1116234548814N01144278EA010130116600000260940749
B1116244548812N01144284EA010130116600000321010749
B1116254548811N01144291EA010130116600000321080749
B1116264548810N01144298EA010140116700000351040749
B1116274548809N01144305EA010150116900000351000762
B1116284548809N01144312EA010170117200000291000762
B1116294548807N01144318EA010190117400000291000790
B1116304548806N01144324EA010210117600000271080790
B1116314548804N01144329EA010230117700000271160790
B1116324548801N01144335EA010240117800000301180790
B1116334548799N01144340EA010250117900000301200790
B1116344548795N01144345EA010260117900000331320790
B1116354548791N01144347EA010270118000000331440790
B1116364548786N01144346EA010280118000000301700790
B1116374548783N01144342EA010290118100000301960790
B1116384548780N01144336EA010300118200000312200790
B1116394548779N01144330EA010310118400000312440790
B1116404548780N01144323EA010320118500000332630790
B1116414548782N01144316EA010320118500000332820790
B1116424548785N01144308EA010330118500000432940762
B1116434548790N01144301EA010320118500000433040762
B1116444548796N01144296EA010320118500000463200762
B1116454548803N01144295EA010330118500000463360762
B1116464548810N01144296EA010330118500000463540749
B1116474548816N01144300EA010340118700000460120749
B1116484548822N01144304EA010350118900000400200749
B1116494548827N01144308EA010360119100000400280749
B1116504548831N01144314EA010370119200000360370783
B1116514548833N01144320EA010380119400000360460783
B1116524548834N01144327EA010390119400000320640783
B1116534548834N01144334EA010390119300000320820783
B1116544548833N01144341EA010390119300000340920783
B1116554548832N01144348EA010400119500000341020783
B1116564548830N01144354EA010420119600000291070783
B1116574548828N01144359EA010440119800000291120783
B1116584548826N01144363EA010450119900000231260783
B1116594548822N01144364EA010460120000000231400801
B1117004548818N01144363EA010470120100000271640783
B1117014548815N01144360EA010480120100000271880783
B1117024548812N01144355EA010490120300000292110783
B1117034548810N01144349EA010500120400000292340783
B1117044548810N01144342EA010510120500000342510783
B1117054548811N01144334EA010520120600000392680783
B1117064548813N01144326EA010520120600000432840783
B1117074548818N01144318EA010520120700000442960783
B1117084548823N01144313EA010530120800000452960749
B1117094548830N01144310EA010550121000000453300749
B1117104548836N01144310EA010560121200000433470749
B1117114548842N01144313EA010580121400000430040749
B1117124548847N01144317EA010590121500000380210783
B1117134548850N01144324EA010610121700000380380783
B1117144548852N01144332EA010620121800000370560783
B1117154548853N01144339EA010640122000000370740783
B1117164548853N01144346EA010660122300000300840783
B1117174548852N01144352EA010680122500000300940783
B1117184548850N01144355EA010700122700000211130783
B1117194548847N01144357EA010710122800000211320783
B1117204548843N01144357EA010730122900000281590783
B1117214548839N01144354EA010730122900000281860783
B1117224548836N01144349EA010740122900000342100783
B1117234548834N01144342EA010750123100000342340783
B1117244548834N01144334EA010770123200000382560783
B1117254548836N01144326EA010780123400000392740783
B1117264548839N01144318EA010790123600000402900783
B1117274548844N01144312EA010800123700000403060749
B1117284548849N01144308EA010820123900000433210749
B1117294548856N01144306EA010840124100000433360749
B1117304548862N01144307EA010860124300000423510760
B1117314548868N01144310EA010870124500000420060760
B1117324548872N01144315EA010880124600000360280790
B1117334548874N01144322EA010890124700000360500790
B1117344548874N01144329EA010900124700000330700790
B1117354548873N01144336EA010920124900000330900790
B1117364548871N01144340EA010930125100000241080790
B1117374548868N01144343EA010950125200000241260790
B1117384548864N01144345EA010960125300000271460790
B1117394548860N01144344EA010960125300000271660790
B1117404548855N01144342EA010970125400000331870783
B1117414548852N01144336EA010990125600000332080783
B1117424548850N01144328EA011000125700000372360783
B1117434548851N01144320EA011020125900000372600783
B1117444548854N01144313EA011030126100000392810749
B1117454548858N01144307EA011050126200000393020749
B1117464548863N01144302EA011060126400000423150760
B1117474548869N01144299EA011070126500000423280760
B1117484548875N01144300EA011080126700000393480760
B1117494548880N01144303EA011090126900000390080760
B1117504548884N01144308EA011110127000000350270760
B1117514548887N01144314EA011120127200000350460790
B1117524548888N01144320EA011140127400000300600790
B1117534548888N01144326EA011160127600000300740790
B1117544548887N01144332EA011170127700000290930790
B1117554548884N01144338EA011180127700000291120790
B1117564548881N01144341EA011190127700000311300790
B1117574548876N01144343EA011190127800000311480790
B1117584548871N01144343EA011200127900000351680790
B1117594548866N01144340EA011220128000000351880790
B1118004548862N01144336EA011230128200000312030790
B1118014548859N01144331EA011250128400000312180783
B1118024548858N01144325EA011270128700000302360783
B1118034548858N01144318EA011290128900000302540783
B1118044548859N01144310EA011300128900000412720749
B1118054548863N01144303EA011320129100000412880760
B1118064548867N01144297EA011330129300000413080760
B1118074548873N01144295EA011340129500000413280760
B1118084548879N01144296EA011360129600000373510760
B1118094548884N01144299EA011380129800000370140760
B1118104548888N01144303EA011390130000000330260760
B1118114548891N01144308EA011410130200000330360760
B1118124548893N01144315EA011420130300000310530790
B1118134548894N01144322EA011440130400000310700790
B1118144548893N01144328EA011450130400000320870790
B1118154548891N01144334EA011460130600000321040790
B1118164548887N01144338EA011470130700000291230790
B1118174548883N01144341EA011480130800000291420790
B1118184548879N01144342EA011490130900000291580790
B1118194548875N01144341EA011510131100000291740790
B1118204548871N01144339EA011530131400000281910790
B1118214548868N01144334EA011550131600000282080790
B1118224548866N01144329EA011570131800000312290790
B1118234548866N01144321EA011580131900000352500790
B1118244548867N01144314EA011600132100000382670790
B1118254548869N01144306EA011620132300000402840760
B1118264548873N01144299EA011640132500000412970760
B1118274548878N01144293EA011660132800000413100760
B1118284548883N01144289EA011680133000000433230760
B1118294548890N01144287EA011700133300000433360760
B1118304548896N01144287EA011720133500000413510760
B1118314548902N01144290EA011740133700000410060760
B1118324548907N01144295EA011750133800000400220760
B1118334548910N01144301EA011770133900000400380748
B1118344548912N01144308EA011780134100000340560748
B1118354548912N01144315EA011790134200000340740789
B1118364548910N01144322EA011810134300000320950789
B1118374548907N01144327EA011820134500000321160790
B1118384548904N01144332EA011840134600000321290790
B1118394548900N01144334EA011860134800000321420790
B1118404548895N01144335EA011880135100000301570790
B1118414548891N01144335EA011900135300000301720790
B1118424548887N01144333EA011930135700000271890790
B1118434548884N01144329EA011950135900000272060790
B1118444548882N01144323EA011980136300000342300790
B1118454548882N01144315EA012000136500000382540790
B1118464548882N01144307EA012030136800000372680760
B1118474548884N01144299EA012050137100000352800760
B1118484548888N01144293EA012080137400000352960760
B1118494548892N01144289EA012110137700000353120760
B1118504548898N01144286EA012130137900000413270760
B1118514548904N01144284EA012150138000000413420760
B1118524548910N01144284EA012160138100000413540748
B1118534548916N01144287EA012180138400000410060748
B1118544548920N01144291EA012200138600000340240748
B1118554548923N01144297EA012230138800000340420748
B1118564548925N01144304EA012250139000000340580748
B1118574548925N01144311EA012270139200000340740748
B1118584548925N01144318EA012290139500000280880789
B1118594548923N01144323EA012310139700000281020789
B1119004548920N01144328EA012330139800000281160789
B1119014548917N01144332EA012340140000000281300789
B1119024548913N01144336EA012360140200000311390789
B1119034548909N01144337EA012390140500000311480790
B1119044548905N01144336EA012410140700000291730790
B1119054548901N01144332EA012430141000000291980790
B1119064548899N01144326EA012450141200000342240790
B1119074548898N01144318EA012480141600000362500790
B1119084548900N01144310EA012510141900000372700760
B1119094548902N01144303EA012540142200000372860760
B1119104548907N01144297EA012570142600000412860760
B1119114548912N01144293EA012600142900000433180748
B1119124548919N01144292EA012620143100000433370748
B1119134548925N01144293EA012640143300000433560748
B1119144548931N01144298EA012670143500000410140748
B1119154548935N01144303EA012690143700000410320748
B1119164548939N01144310EA012710143900000360420748
B1119174548941N01144316EA012730144200000360520789
B1119184548942N01144322EA012760144500000280650789
B1119194548942N01144328EA012780144700000280780789
B1119204548941N01144335EA012790144800000340910789
B1119214548939N01144341EA012810145000000341040789
B1119224548934N01144344EA012810145100000331320789
B1119234548929N01144344EA012830145300000331600789
B1119244548924N01144341EA012850145400000361800789
B1119254548920N01144337EA012870145600000362000789
B1119264548918N01144333EA012890145900000222140789
B1119274548916N01144329EA012920146200000222280789
B1119284548915N01144322EA012930146300000352420789
B1119294548914N01144314EA012950146300000372560789
B1119304548914N01144306EA012960146500000372620748
B1119314548916N01144298EA012990146900000402780748
B1119324548920N01144291EA013010147200000422950748
B1119334548925N01144285EA013040147600000423120748
B1119344548932N01144283EA013070147900000433320748
B1119354548938N01144285EA013100148200000433520748
B1119364548945N01144288EA013120148300000430090748
B1119374548949N01144294EA013140148500000430260748
B1119384548953N01144301EA013150148600000390410748
B1119394548955N01144308EA013170148800000390560748
B1119404548956N01144317EA013180148900000390700789
B1119414548956N01144325EA013200149100000390780789
B1119424548955N01144332EA013220149400000340970789
B1119434548951N01144337EA013240149600000341160789
B1119444548947N01144339EA013260149800000321410789
B1119454548942N01144338EA013280150200000321660789
B1119464548939N01144334EA013310150400000311980789
B1119474548937N01144327EA013330150600000312300789
B1119484548936N01144320EA013340150800000362440789
B1119494548935N01144313EA013360151000000362580748
B1119504548936N01144306EA013390151300000322690748
B1119514548938N01144299EA013420151600000322800748
B1119524548943N01144294EA013440151900000393000748
B1119534548948N01144290EA013470152000000393200748
B1119544548954N01144288EA013490152300000413370748
B1119554548960N01144289EA013510152600000413540742
B1119564548965N01144292EA013540152800000350110742
B1119574548970N01144296EA013550152900000350280742
B1119584548974N01144302EA013560153000000380370742
B1119594548977N01144310EA013570153000000380460742
B1120004548978N01144318EA013580153000000420610784
B1120014548979N01144328EA013590153000000440760784
B1120024548978N01144337EA013600153200000430880784
B1120034548978N01144346EA013630153500000390940784
B1120044548977N01144353EA013650153800000330970784
B1120054548976N01144359EA013680154200000331000784
B1120064548973N01144365EA013700154400000271110813
B1120074548971N01144369EA013720154500000271220813
B1120084548967N01144374EA013730154500000331320813
B1120094548963N01144377EA013740154600000331420813
B1120104548958N01144378EA013750154700000291560801
B1120114548954N01144378EA013760154800000291700801
B1120124548950N01144376EA013770154800000271840801
B1120134548946N01144373EA013780154800000272020801
B1120144548943N01144368EA013780154800000342120801
B1120154548939N01144363EA013790154900000342220789
B1120164548936N01144357EA013790154900000322280789
B1120174548934N01144351EA013800155000000322340789
B1120184548934N01144343EA013810155200000342520789
B1120194548934N01144336EA013810155300000342700789
B1120204548935N01144329EA013820155300000332770789
B1120214548937N01144322EA013820155400000332840789
B1120224548941N01144316EA013830155500000372960789
B1120234548946N01144310EA013840155500000373080748
B1120244548952N01144305EA013850155600000473200748
B1120254548958N01144302EA013860155900000473320748
B1120264548964N01144301EA013880156200000393460742
B1120274548970N01144302EA013900156400000390000742
B1120284548975N01144305EA013920156600000340120742
B1120294548979N01144309EA013940156700000340240742
B1120304548983N01144314EA013950156800000370340784
B1120314548986N01144321EA013960156800000370440784
B1120324548989N01144329EA013960156800000390560784
B1120334548990N01144337EA013970156900000390680784
B1120344548989N01144344EA013980157000000340860784
B1120354548986N01144350EA013990157100000341060784
B1120364548983N01144355EA014000157200000311230784
B1120374548979N01144358EA014010157300000311400784
B1120384548975N01144359EA014030157500000251530784
B1120394548971N01144359EA014040157600000251660784
B1120404548967N01144358EA014050157600000261800784
B1120414548964N01144355EA014050157600000261940784
B1120424548960N01144351EA014060157600000312070784
B1120434548957N01144346EA014060157600000312200789
B1120444548954N01144340EA014070157800000342320789
B1120454548953N01144332EA014080158000000342440789
B1120464548953N01144325EA014100158200000352590789
B1120474548954N01144317EA014110158400000362740789
B1120484548957N01144310EA014130158600000382860748
B1120494548961N01144303EA014150158700000382980742
B1120504548965N01144297EA014170158900000433080742
B1120514548971N01144291EA014180159000000433180742
B1120524548976N01144288EA014190159200000403290742
B1120534548982N01144287EA014210159400000403400742
B1120544548987N01144287EA014230159600000363550742
B1120554548992N01144290EA014240159800000360100742
B1120564548997N01144293EA014250159800000360200742
B1120574549001N01144298EA014260159900000360300742
B1120584549005N01144303EA014270160000000360400742
B1120594549007N01144310EA014270160100000360500742
B1121004549008N01144318EA014280160200000350660784
B1121014549008N01144325EA014290160200000350820784
B1121024549007N01144332EA014300160300000330940784
B1121034549005N01144339EA014310160400000331060784
B1121044549002N01144345EA014310160500000331150784
B1121054548999N01144350EA014320160500000331240784
B1121064548996N01144355EA014330160600000311310784
B1121074548992N01144359EA014330160700000311380784
B1121084548988N01144361EA014340160800000271490784
B1121094548984N01144362EA014350160800000271600784
B1121104548979N01144362EA014360160800000281700784
B1121114548975N01144361EA014360160900000281800784
B1121124548971N01144358EA014360160900000301930784
B1121134548967N01144355EA014370160900000302060784
B1121144548964N01144350EA014370161000000282180784
B1121154548962N01144345EA014380161000000282300784
B1121164548961N01144339EA014390161100000302420784
B1121174548960N01144332EA014390161100000302540784
B1121184548960N01144324EA014390161200000352620784
B1121194548961N01144317EA014400161300000352720784
B1121204548963N01144309EA014410161400000382820742
B1121214548966N01144301EA014420161600000392900742
B1121224548969N01144294EA014440161800000402960742
B1121234548972N01144287EA014460162000000403020742
B1121244548976N01144280EA014480162300000393080742
B1121254548981N01144275EA014510162700000393140742
B1121264548987N01144272EA014540162900000403280742
B1121274548993N01144272EA014570163200000403420742
B1121284548998N01144274EA014590163500000390010742
B1121294549003N01144279EA014610163700000390200742
B1121304549007N01144286EA014630163800000390380742
B1121314549009N01144293EA014640163900000390560742
B1121324549008N01144301EA014660164100000340770742
B1121334549006N01144307EA014670164200000340980742
B1121344549002N01144312EA014680164200000330980742
B1121354548998N01144315EA014690164300000331440784
B1121364548994N01144316EA014700164500000291580784
B1121374548990N01144315EA014720164600000291720784
B1121384548986N01144311EA014730164700000301980742
B1121394548983N01144306EA014740164700000302240742
B1121404548981N01144298EA014750164900000372380742
B1121414548980N01144290EA014760165000000382500742
B1121424548981N01144282EA014770165200000382640742
B1121434548984N01144274EA014790165500000402820742
B1121444548988N01144268EA014810165700000413000742
B1121454548993N01144263EA014830165900000413180688
B1121464548998N01144260EA014850166100000353290688
B1121474549003N01144258EA014870166500000353400688
B1121484549007N01144258EA014900166800000273510688
B1121494549012N01144260EA014920167000000270020682
B1121504549015N01144265EA014940167100000330230733
B1121514549019N01144271EA014950167000000330440733
B1121524549022N01144279EA014950167000000410530733
B1121534549024N01144287EA014960167100000410620733
B1121544549026N01144293EA014980167300000310670733
B1121554549026N01144299EA014990167500000310720733
B1121564549026N01144305EA015000167600000260820733
B1121574549025N01144311EA015010167700000260920733
B1121584549023N01144317EA015020167800000291050788
B1121594549020N01144321EA015020167800000291180788
B1122004549016N01144323EA015030167900000291410788
B1122014549012N01144324EA015040168000000291640788
B1122024549007N01144324EA015050168100000281720784
B1122034549003N01144323EA015060168300000281800784
B1122044548999N01144322EA015070168400000271890784
B1122054548995N01144320EA015080168400000271980784
B1122064548992N01144317EA015090168500000281980784
B1122074548988N01144315EA015090168500000281980784
B1122084548984N01144312EA015100168600000302060742
B1122094548980N01144307EA015110168700000302140742
B1122104548978N01144301EA015110168700000332290742
B1122114548976N01144293EA015120168800000362440742
B1122124548975N01144285EA015130168800000372560742
B1122134548975N01144277EA015130168900000372600742
B1122144548976N01144269EA015140169000000372660742
B1122154548978N01144262EA015150169100000372760688
B1122164548981N01144255EA015150169000000392880688
B1122174548984N01144248EA015150168900000393000688
B1122184548988N01144242EA015150168900000363060688
B1122194548992N01144237EA015150168900000363120688
B1122204548996N01144233EA015150168800000333200688
B1122214549001N01144230EA015140168800000333280688
B1122224549005N01144228EA015140168800000323350688
B1122234549010N01144227EA015130168700000323420682
B1122244549015N01144226EA015120168500000333500682
B1122254549020N01144226EA015110168400000333580682
B1122264549026N01144225EA015100168300000383560682
B1122274549032N01144226EA015100168300000383540682
B1122284549037N01144228EA015110168400000370050682
B1122294549042N01144231EA015120168500000370160682
B1122304549047N01144235EA015130168500000340280682
B1122314549050N01144240EA015130168700000340400682
B1122324549053N01144245EA015140168800000310430682
B1122334549057N01144250EA015150168900000310460682
B1122344549059N01144256EA015160169000000330510682
B1122354549062N01144263EA015160169000000330560680
B1122364549063N01144270EA015170169100000350680719
B1122374549064N01144277EA015180169200000350760719
B1122384549064N01144284EA015180169200000310810719
B1122394549064N01144290EA015180169200000310860719
B1122404549063N01144297EA015170169100000300930719
B1122414549062N01144304EA015170169000000301000719
B1122424549060N01144311EA015160168900000391060719
B1122434549058N01144318EA015160168900000391120788
B1122444549056N01144324EA015170169000000281110788
B1122454549055N01144329EA015170169000000281100788
B1122464549054N01144334EA015180169000000211090788
B1122474549052N01144339EA015180168900000211080788
B1122484549049N01144343EA015170168700000291190788
B1122494549046N01144348EA015150168400000291300788
B1122504549044N01144354EA015140168300000291250788
B1122514549042N01144359EA015130168300000291200788
B1122524549040N01144365EA015130168300000311170817
B1122534549037N01144371EA015130168300000311140817
B1122544549034N01144375EA015140168300000301260817
B1122554549030N01144378EA015150168400000301380817
B1122564549026N01144380EA015150168400000291510817
B1122574549021N01144381EA015150168400000291640817
B1122584549016N01144381EA015150168200000331730817
B1122594549012N01144379EA015160168400000331820817
B1123004549008N01144377EA015160168500000261920813
B1123014549004N01144374EA015170168700000262020813
B1123024549001N01144370EA015170168700000272120813
B1123034548998N01144365EA015170168700000272220813
B1123044548996N01144359EA015160168600000332290784
B1123054548993N01144353EA015150168400000332360784
B1123064548992N01144345EA015140168400000362420784
B1123074548990N01144338EA015130168300000362500784
B1123084548990N01144330EA015120168200000362560784
B1123094548990N01144322EA015120168200000352640784
B1123104548991N01144315EA015100168100000362710784
B1123114548992N01144307EA015100168100000372780742
B1123124548994N01144299EA015100168000000402860742
B1123134548996N01144290EA015090167900000402860742
B1123144548998N01144282EA015080167900000422840742
B1123154549000N01144274EA015090167800000402900742
B1123164549003N01144267EA015090168000000372960742
B1123174549006N01144260EA015100168100000373020688
B1123184549010N01144253EA015100168100000363030682
B1123194549013N01144248EA015090168100000363040682
B1123204549018N01144243EA015080167800000403130682
B1123214549023N01144238EA015060167600000403220682
B1123224549029N01144234EA015040167300000463300682
B1123234549036N01144231EA015010167000000463380682
B1123244549043N01144227EA014990166800000513410682
B1123254549051N01144225EA014970166700000493440682
B1123264549057N01144224EA014950166600000433480682
B1123274549063N01144223EA014950166700000433520680
B1123284549069N01144224EA014950166700000333580680
B1123294549074N01144224EA014960166700000330040680
B1123304549080N01144223EA014950166500000400000680
B1123314549086N01144223EA014940166400000403560680
B1123324549093N01144223EA014930166300000423570680
B1123334549099N01144222EA014930166400000423580680
B1123344549105N01144222EA014940166600000353590680
B1123354549110N01144223EA014950166700000350000696
B1123364549115N01144223EA014960166900000330000696
B1123374549120N01144225EA014970167000000340060696
B1123384549125N01144227EA014980167100000360120696
B1123394549131N01144230EA014990167100000360180696
B1123404549136N01144232EA014990167200000360150696
B1123414549142N01144233EA015000167300000360120696
B1123424549147N01144235EA015010167400000370120696
B1123434549152N01144238EA015020167500000370120696
B1123444549157N01144242EA015020167500000360240696
B1123454549161N01144247EA015030167500000360360732
B1123464549165N01144253EA015030167600000390390732
B1123474549169N01144258EA015040167700000390420732
B1123484549173N01144264EA015040167800000350440764
B1123494549177N01144270EA015050167900000350460764
B1123504549180N01144276EA015050167900000350490764
B1123514549183N01144282EA015050168000000350520764
B1123524549185N01144288EA015050168000000320570764
B1123534549188N01144295EA015060168100000320620764
B1123544549190N01144301EA015070168100000330610764
B1123554549192N01144308EA015080168200000330600764
B1123564549194N01144314EA015080168200000310670794
B1123574549194N01144321EA015080168300000310740794
B1123584549196N01144327EA015090168300000310720794
B1123594549198N01144334EA015090168200000310700794
B1124004549202N01144341EA015080168200000430590794
B1124014549206N01144348EA015080168200000430480794
B1124024549211N01144354EA015080168100000420470825
B1124034549215N01144362EA015070168100000420460825
B1124044549219N01144369EA015070168000000390520848
B1124054549221N01144376EA015060168000000390580848
B1124064549223N01144384EA015060168000000420640848
B1124074549226N01144392EA015060168000000420700848
B1124084549229N01144401EA015060168100000460620848
B1124094549234N01144408EA015060168100000460540848
B1124104549237N01144415EA015060168300000390550872
B1124114549239N01144423EA015070168400000390560872
B1124124549241N01144430EA015070168300000360660872
B1124134549242N01144438EA015070168100000360760872
B1124144549242N01144446EA015060167900000380810872
B1124154549242N01144455EA015050167700000390860872
B1124164549241N01144463EA015040167700000380940869
B1124174549239N01144470EA015030167600000381020869
B1124184549237N01144477EA015020167500000311080869
B1124194549235N01144483EA015010167400000311140869
B1124204549232N01144489EA015000167200000331190869
B1124214549229N01144494EA014980166900000331240869
B1124224549224N01144498EA014960166700000341350869
B1124234549220N01144501EA014950166500000341460869
B1124244549216N01144503EA014930166500000281570869
B1124254549212N01144503EA014920166500000281680869
B1124264549209N01144503EA014920166400000221720835
B1124274549205N01144504EA014910166300000221760835
B1124284549201N01144503EA014890166000000261790835
B1124294549197N01144502EA014880165800000261820835
B1124304549194N01144501EA014860165600000281870835
B1124314549189N01144499EA014840165400000281920835
B1124324549185N01144498EA014830165300000301880835
B1124334549180N01144498EA014830165200000301840835
B1124344549176N01144500EA014830165300000291690835
B1124354549173N01144504EA014820165300000291540835
B1124364549169N01144508EA014830165200000291490835
B1124374549165N01144512EA014830165200000291440835
B1124384549161N01144515EA014830165200000301480796
B1124394549157N01144519EA014820165100000301480778
B1124404549153N01144523EA014820165100000341480778
B1124414549149N01144526EA014820165000000341480778
B1124424549144N01144527EA014810164900000291590778
B1124434549140N01144526EA014820164900000291700778
B1124444549136N01144523EA014820164800000291950778
B1124454549133N01144518EA014810164600000292200778
B1124464549131N01144512EA014800164500000312290812
B1124474549129N01144506EA014780164300000312380812
B1124484549127N01144500EA014770164100000282390812
B1124494549125N01144496EA014760164100000282400812
B1124504549123N01144492EA014740163900000242350812
B1124514549120N01144488EA014730163700000242300812
B1124524549117N01144486EA014710163300000262200812
B1124534549114N01144484EA014690162900000262100812
B1124544549110N01144482EA014660162500000312040812
B1124554549105N01144480EA014620162200000311980822
B1124564549100N01144478EA014600162000000331960822
B1124574549096N01144476EA014580161800000331940822
B1124584549092N01144474EA014570161700000261950822
B1124594549088N01144473EA014570161600000261960822
B1125004549085N01144471EA014550161400000251960822
B1125014549081N01144469EA014550161200000251960822
B1125024549078N01144466EA014550161000000271990822
B1125034549075N01144462EA014540160900000272020833
B1125044549073N01144459EA014540160800000202060833
B1125054549070N01144458EA014550160700000202100833
B1125064549066N01144455EA014540160600000202090833
B1125074549063N01144453EA014550160700000202080833
B1125084549061N01144449EA014550160500000192140833
B1125094549059N01144446EA014560160500000192200829
B1125104549057N01144443EA014550160400000232240829
B1125114549053N01144439EA014550160300000232280829
B1125124549049N01144436EA014540160200000262220829
B1125134549046N01144433EA014560160300000262160829
B1125144549042N01144431EA014570160300000202150829
B1125154549039N01144428EA014580160400000202140829
B1125164549036N01144425EA014590160600000202160829
B1125174549033N01144421EA014610160700000202180829
B1125184549028N01144416EA014610160700000292190829
B1125194549024N01144412EA014620160900000292200817
B1125204549020N01144408EA014620160900000322190817
B1125214549015N01144403EA014630160900000322180817
B1125224549011N01144399EA014640160900000322170817
B1125234549008N01144395EA014650160900000322160813
B1125244549005N01144391EA014650160700000292170813
B1125254549002N01144387EA014660160600000292180813
B1125264549000N01144383EA014670160400000272200813
B1125274548996N01144383EA014670160200000272220813
B1125284548991N01144382EA014660159700000302060813
B1125294548986N01144383EA014640159500000301900813
B1125304548981N01144385EA014620159300000291790813
B1125314548977N01144387EA014600159200000291680813
B1125324548973N01144389EA014590159000000281650813
B1125334548968N01144394EA014570158900000281620813
B1125344548964N01144396EA014560158600000331580813
B1125354548960N01144399EA014540158400000331540813
B1125364548954N01144403EA014520158200000371530801
B1125374548948N01144407EA014500158100000371520801
B1125384548943N01144410EA014490158100000381520801
B1125394548937N01144414EA014480158100000381520806
B1125404548931N01144418EA014470158000000381510806
B1125414548926N01144422EA014470158000000381500806
B1125424548920N01144427EA014460157900000381490806
B1125434548914N01144432EA014450157900000381480806
B1125444548908N01144437EA014430157900000411460775
B1125454548903N01144443EA014420157900000411440775
B1125464548898N01144449EA014410157800000401410775
B1125474548893N01144455EA014400157800000401380775
B1125484548888N01144462EA014390157700000411350775
B1125494548883N01144469EA014380157700000411320770
B1125504548877N01144477EA014360157700000461330770
B1125514548871N01144483EA014340157600000461340770
B1125524548865N01144488EA014330157600000471410770
B1125534548858N01144492EA014320157500000471480771
B1125544548852N01144495EA014320157500000411530771
B1125554548846N01144497EA014310157400000411580771
B1125564548840N01144500EA014300157200000411610771
B1125574548833N01144503EA014280157000000411640771
B1125584548827N01144505EA014260156800000451640771
B1125594548820N01144508EA014240156700000451640771
B1126004548812N01144510EA014220156600000491660771
B1126014548805N01144511EA014200156400000491680773
B1126024548798N01144513EA014180156300000491680758
B1126034548791N01144515EA014170156300000491680758
B1126044548785N01144517EA014160156200000431670758
B1126054548779N01144519EA014150156100000431660758
B1126064548773N01144521EA014130155900000411670758
B1126074548767N01144522EA014120155700000411680758
B1126084548761N01144522EA014100155500000421720758
B1126094548754N01144523EA014080155300000421760775
B1126104548748N01144524EA014070155300000391760775
B1126114548742N01144524EA014060155200000391760775
B1126124548737N01144525EA014060155100000371760775
B1126134548731N01144526EA014050155000000371760775
B1126144548726N01144525EA014040154800000371770775
B1126154548720N01144525EA014030154700000371780775
B1126164548714N01144525EA014020154600000381790775
B1126174548708N01144525EA014010154500000381800771
B1126184548703N01144525EA014000154400000361810771
B1126194548697N01144524EA013990154400000361820771
B1126204548692N01144523EA013980154300000361840771
B1126214548686N01144523EA013970154200000361860771
B1126224548681N01144522EA013960154100000351850771
B1126234548676N01144522EA013940154000000351840771
B1126244548670N01144521EA013930153900000351850771
B1126254548665N01144521EA013920153800000351860771
B1126264548659N01144519EA013910153700000361870746
B1126274548654N01144519EA013900153600000361880746
B1126284548648N01144518EA013890153500000361870746
B1126294548643N01144517EA013880153400000361860746
B1126304548636N01144515EA013870153300000371880746
B1126314548630N01144515EA013860153200000371900746
B1126324548624N01144514EA013840153000000401880746
B1126334548618N01144513EA013830152900000401860746
B1126344548612N01144512EA013810152700000401860753
B1126354548606N01144511EA013790152600000401860740
B1126364548600N01144510EA013780152500000381860740
B1126374548595N01144509EA013770152400000381860740
B1126384548589N01144508EA013750152300000371870740
B1126394548583N01144507EA013730152100000371880740
B1126404548577N01144508EA013710152000000401860740
B1126414548571N01144509EA013690151900000401800740
B1126424548565N01144510EA013670151800000411750740
B1126434548559N01144511EA013650151600000411700731
B1126444548553N01144513EA013640151500000401700711
B1126454548547N01144514EA013620151400000401700711
B1126464548542N01144516EA013600151200000391690711
B1126474548536N01144519EA013590151100000391680711
B1126484548530N01144522EA013560150900000401640711
B1126494548524N01144526EA013550150800000401600711
B1126504548518N01144530EA013530150600000421580711
B1126514548512N01144534EA013510150500000421560711
B1126524548506N01144538EA013500150300000411550706
B1126534548500N01144542EA013480150200000411540706
B1126544548495N01144547EA013470150100000411510706
B1126554548490N01144552EA013450149900000411480706
B1126564548484N01144556EA013440149800000411480706
B1126574548479N01144560EA013420149600000411480706
B1126584548473N01144564EA013410149500000421490693
B1126594548468N01144569EA013400149400000421500693
B1127004548463N01144574EA013380149300000391480693
B1127014548458N01144577EA013380149200000391460681
B1127024548454N01144580EA013370149100000301510681
B1127034548450N01144581EA013350148900000301560681
B1127044548445N01144583EA013330148600000321610681
B1127054548440N01144585EA013310148300000321660681
B1127064548435N01144586EA013290148200000351670681
B1127074548430N01144587EA013270148000000351680681
B1127084548426N01144587EA013240147900000301720681
B1127094548422N01144586EA013230147700000301760681
B1127104548419N01144584EA013210147500000261840681
B1127114548414N01144582EA013180147300000261920681
B1127124548409N01144581EA013150147100000331910665
B1127134548404N01144581EA013110146900000331900665
B1127144548400N01144580EA013080146700000311880665
B1127154548396N01144580EA013060146500000311860665
B1127164548391N01144580EA013040146300000281840665
B1127174548387N01144579EA013010146100000281820665
B1127184548382N01144579EA012980145800000321830665
B1127194548377N01144579EA012960145600000321840665
B1127204548371N01144580EA012930145300000331820665
B1127214548365N01144583EA012900145000000331800665
B1127224548359N01144585EA012860144500000391760631
B1127234548353N01144586EA012820144100000391720631
B1127244548347N01144585EA012780143600000431760631
B1127254548341N01144585EA012750143400000431800631
B1127264548336N01144585EA012730143200000361790631
B1127274548331N01144586EA012700143000000361780631
B1127284548326N01144586EA012670142700000331760631
B1127294548321N01144586EA012640142400000331740631
B1127304548317N01144586EA012620142100000311770631
B1127314548313N01144585EA012590141800000311800631
B1127324548308N01144585EA012570141600000311810597
B1127334548303N01144585EA012550141400000311820597
B1127344548298N01144584EA012520141200000351830597
B1127354548293N01144584EA012510141000000351840597
B1127364548289N01144583EA012500140900000281840597
B1127374548285N01144582EA012490140700000281840597
B1127384548281N01144581EA012490140500000281850597
B1127394548276N01144581EA012470140200000281860597
B1127404548270N01144581EA012450140000000351860597
B1127414548265N01144581EA012440139800000351800597
B1127424548260N01144582EA012420139700000341770597
B1127434548255N01144582EA012410139500000341740581
B1127444548250N01144583EA012410139400000281750581
B1127454548246N01144584EA012400139200000281760581
B1127464548240N01144585EA012390139000000331750581
B1127474548235N01144586EA012370138800000331740581
B1127484548229N01144587EA012350138600000351730581
B1127494548224N01144587EA012340138500000351720581
B1127504548220N01144587EA012340138400000291740581
B1127514548215N01144588EA012340138300000291760581
B1127524548210N01144589EA012330138200000321750581
B1127534548205N01144590EA012320138000000321740576
B1127544548199N01144591EA012290137700000381720576
B1127554548193N01144593EA012270137500000381700576
B1127564548187N01144594EA012250137300000391690576
B1127574548181N01144595EA012220137200000391680576
B1127584548176N01144597EA012210137000000351660576
B1127594548171N01144598EA012190136900000351640576
B1128004548166N01144599EA012170136800000321670576
B1128014548162N01144599EA012160136600000321700576
B1128024548157N01144600EA012150136400000321730560
B1128034548152N01144600EA012130136200000321760560
B1128044548147N01144600EA012100135900000361770560
B1128054548141N01144601EA012070135600000361780560
B1128064548135N01144601EA012050135400000371780560
B1128074548130N01144600EA012030135200000371780560
B1128084548126N01144600EA012020135000000331790560
B1128094548122N01144599EA012010134900000331800560
B1128104548117N01144599EA012000134700000291810560
B1128114548113N01144598EA011990134500000291820560
B1128124548107N01144598EA011970134200000351830526
B1128134548102N01144597EA011960134000000351840526
B1128144548097N01144596EA011940133800000351860526
B1128154548092N01144594EA011930133800000351880526
B1128164548087N01144593EA011920133700000301890526
B1128174548083N01144591EA011910133700000301900526
B1128184548078N01144590EA011900133600000291920526
B1128194548074N01144588EA011890133500000291940526
B1128204548069N01144586EA011880133400000321940526
B1128214548064N01144584EA011860133200000321940526
B1128224548060N01144582EA011850133000000331950488
B1128234548055N01144580EA011840132900000331960488
B1128244548051N01144576EA011830132700000322000488
B1128254548047N01144574EA011820132500000322040488
B1128264548043N01144572EA011820132400000252020488
B1128274548040N01144570EA011810132300000252000488
B1128284548037N01144569EA011810132200000222010488
B1128294548033N01144567EA011810132000000222020488
B1128304548029N01144564EA011790131800000292020488
B1128314548025N01144562EA011780131600000292020521
B1128324548020N01144559EA011760131500000302020521
B1128334548017N01144556EA011750131300000302020521
B1128344548013N01144553EA011740131200000272030521
B1128354548009N01144551EA011730130900000272040471
B1128364548004N01144549EA011710130800000322010471
B1128374548000N01144546EA011690130500000321980471
B1128384547996N01144543EA011680130300000322000471
B1128394547991N01144541EA011670130200000322020471
B1128414547982N01144537EA011650129800000321960471
B1128424547977N01144535EA011630129700000321960471
B1128434547972N01144533EA011620129600000321960471
B1128444547967N01144531EA011620129500000331960471
B1128454547963N01144529EA011610129300000331960471
B1128464547958N01144527EA011600129200000301940423
B1128474547953N01144526EA011590129100000301920423
B1128484547948N01144524EA011580129000000321920423
B1128494547943N01144523EA011560128900000321920423
B1128504547939N01144521EA011550128800000321920423
B1128514547934N01144519EA011540128700000321920423
B1128524547929N01144517EA011530128500000321940423
B1128534547925N01144515EA011520128400000321960423
B1128544547920N01144512EA011510128300000311980414
B1128554547916N01144510EA011510128200000312000414
B1128564547912N01144507EA011510128100000302000414
B1128574547908N01144505EA011500128000000302000366
B1128584547904N01144502EA011490127800000302000366
B1128594547899N01144499EA011490127700000302000366
B1129004547894N01144496EA011480127700000302010366
B1129014547890N01144494EA011480127600000302020366
B1129024547887N01144490EA011470127500000262020366
B1129034547884N01144485EA011470127400000262100366
B1129044547883N01144478EA011460127300000282250366
B1129054547881N01144472EA011460127200000282400366
B1129064547880N01144465EA011450127100000312450366
B1129074547879N01144459EA011440126900000312500335
B1129084547878N01144452EA011430126800000322510335
B1129094547877N01144445EA011420126700000322520335
B1129104547877N01144439EA011410126600000312550335
B1129114547876N01144433EA011400126500000312580335
B1129124547875N01144427EA011400126300000292610335
B1129134547874N01144421EA011390126400000292640335
B1129144547873N01144415EA011380126300000292630335
B1129154547872N01144408EA011380126300000292620310
B1129164547872N01144402EA011380126300000292650310
B1129174547871N01144396EA011370126400000292680310
B1129184547870N01144390EA011360126300000282650310
B1129194547869N01144384EA011350126300000282620310
B1129204547868N01144378EA011350126200000272590310
B1129214547866N01144372EA011330126200000272560310
B1129224547864N01144366EA011320126100000302530310
B1129234547862N01144360EA011310126000000302500287
B1129244547859N01144356EA011300125900000302360254
B1129254547855N01144353EA011290125800000302220254
B1129264547850N01144352EA011280125700000312090254
B1129274547847N01144353EA011280125600000311960254
B1129284547843N01144353EA011270125500000241870254
B1129294547839N01144354EA011270125400000241780254
B1129304547834N01144355EA011270125400000251760254
B1129314547830N01144356EA011260125300000251740254
B1129324547824N01144358EA011250125200000311710254
B1129334547819N01144361EA011240125000000311680254
B1129344547814N01144363EA011220124800000331640254
B1129354547809N01144365EA011210124700000331600248
B1129364547804N01144367EA011200124600000331610248
B1129374547799N01144369EA011190124500000331620248
B1129384547794N01144371EA011180124400000311620248
B1129394547790N01144373EA011170124300000311620248
B1129404547786N01144375EA011170124200000291600248
B1129414547782N01144378EA011160124100000291580248
B1129424547779N01144382EA011150124100000261490248
B1129434547776N01144386EA011140124000000261400248
B1129444547774N01144391EA011130123800000271300248
B1129454547771N01144398EA011110123800000271200248
B1129464547770N01144405EA011090123700000351090248
B1129474547769N01144414EA011080123700000370980255
B1129484547769N01144422EA011060123600000380930255
B1129494547769N01144431EA011050123500000390880255
B1129504547769N01144440EA011030123400000390860255
B1129514547768N01144449EA011020123300000390860255
B1129524547768N01144459EA011010123400000400880255
B1129534547768N01144469EA010990123400000410860252
B1129544547769N01144477EA010980123400000400840252
B1129554547769N01144486EA010970123400000390820252
B1129564547770N01144495EA010960123300000400800252
B1129574547772N01144503EA010940123300000400760252
B1129584547774N01144511EA010930123300000410720252
B1129594547776N01144519EA010920123200000410680249
B1130004547779N01144527EA010900123100000420640249
B1130014547782N01144536EA010890123000000430600249
B1130024547785N01144544EA010870123000000440620249
B1130034547786N01144553EA010870122900000410640249
B1130044547786N01144561EA010860122900000380760249
B1130054547784N01144567EA010850122800000380880253
B1130064547781N01144571EA010830122700000311080253
B1130074547776N01144574EA010820122600000311280253
B1130084547772N01144577EA010800122500000311420253
B1130094547768N01144578EA010790122400000311560253
B1130104547764N01144580EA010770122300000291580253
B1130114547760N01144583EA010760122200000291600195
B1130124547756N01144586EA010740122000000311590195
B1130134547751N01144588EA010730121800000311580195
B1130144547746N01144589EA010720121700000331660195
B1130154547741N01144589EA010700121500000331740195
B1130164547735N01144589EA010680121200000371770195
B1130174547730N01144589EA010660121100000371800195
B1130184547724N01144590EA010650121000000381790195
B1130194547718N01144589EA010630121000000381780195
B1130204547713N01144589EA010620120900000361810195
B1130214547708N01144588EA010610120700000361840169
B1130224547702N01144587EA010590120600000351850169
B1130234547697N01144586EA010570120400000351860169
B1130244547692N01144584EA010560120200000361870169
B1130254547686N01144583EA010540120100000361880169
B1130264547681N01144581EA010520120000000371900169
B1130274547676N01144579EA010510119900000371920169
B1130284547671N01144577EA010510119800000351930169
B1130294547666N01144576EA010500119700000351940169
B1130304547661N01144574EA010490119500000321930169
B1130314547656N01144573EA010480119400000321920167
B1130324547651N01144571EA010460119200000321940167
B1130334547646N01144569EA010450119000000321960167
B1130344547641N01144569EA010420118800000361900167
B1130354547635N01144569EA010400118600000361840167
B1130364547630N01144569EA010380118500000371830167
B1130374547625N01144567EA010360118400000371820167
B1130384547620N01144565EA010350118300000331860167
B1130394547615N01144565EA010340118200000331900167
B1130414547605N01144566EA010300117800000311800163
B1130424547600N01144566EA010280117700000301800163
B1130434547596N01144564EA010260117600000301800163
B1130444547591N01144562EA010240117400000321870159
B1130454547587N01144560EA010220117200000321940159
B1130464547582N01144559EA010190116900000341910159
B1130474547577N01144559EA010160116700000341880159
B1130484547572N01144558EA010130116500000341850159
B1130494547567N01144557EA010100116200000341820159
B1130504547562N01144555EA010080116000000341870159
B1130514547557N01144553EA010060115700000341920156
B1130524547552N01144552EA010030115400000371910156
B1130534547547N01144551EA010000115200000371900156
B1130544547541N01144550EA009980115000000371880156
B1130554547536N01144549EA009950114800000371860156
B1130564547531N01144548EA009940114600000351870156
B1130574547526N01144546EA009920114400000351880156
B1130584547520N01144546EA009890114200000371860156
B1130594547515N01144546EA009870114000000371840156
B1131004547509N01144545EA009850113800000391820151
B1131014547504N01144545EA009830113500000391800151
B1131024547499N01144545EA009810113400000341800151
B1131034547494N01144544EA009800113300000341800151
B1131044547490N01144544EA009790113100000291800151
B1131054547485N01144545EA009780113000000291800151
B1131064547480N01144545EA009770112800000311800151
B1131074547475N01144545EA009750112600000311800151
B1131084547470N01144545EA009730112400000351800151
B1131094547465N01144545EA009700112200000351800151
B1131104547460N01144544EA009680112000000341810151
B1131114547455N01144543EA009660111800000341820151
B1131124547450N01144543EA009650111600000321840151
B1131134547445N01144542EA009630111400000321860151
B1131144547440N01144543EA009610111200000351820151
B1131154547434N01144544EA009600110900000351780151
B1131164547429N01144545EA009570110700000371750151
B1131174547423N01144546EA009560110600000371720151
B1131184547417N01144545EA009540110400000381760151
B1131194547412N01144545EA009530110200000381800151
B1131204547406N01144546EA009510110000000401780150
B1131214547400N01144547EA009490109800000401760150
B1131224547394N01144549EA009470109700000391720150
B1131234547389N01144550EA009470109600000391680150
B1131244547383N01144552EA009470109500000341660150
B1131254547378N01144555EA009470109400000341640150
B1131264547373N01144556EA009460109300000341650150
B1131274547367N01144558EA009460109100000341660150
B1131284547362N01144560EA009450109000000361660150
B1131294547357N01144562EA009440108800000361660150
B1131304547352N01144565EA009430108600000351630151
B1131314547347N01144567EA009420108600000351600151
B1131324547342N01144569EA009420108500000311620151
B1131334547337N01144570EA009420108400000311640151
B1131344547333N01144572EA009410108300000301640151
B1131354547328N01144574EA009410108200000301640151
B1131364547324N01144576EA009400108100000311650151
B1131374547319N01144577EA009400108100000311660151
B1131384547314N01144579EA009400108100000291660151
B1131394547310N01144580EA009400108100000291660145
B1131404547306N01144581EA009410108100000251680145
B1131414547302N01144581EA009420108100000251700145
B1131424547299N01144582EA009430108100000211740145
B1131434547295N01144581EA009440108200000211780145
B1131444547292N01144582EA009450108200000191790145
B1131454547288N01144582EA009460108200000191800145
B1131464547284N01144583EA009470108200000251780145
B1131474547280N01144584EA009480108200000251760145
B1131484547275N01144584EA009490108300000281770145
B1131494547270N01144583EA009500108300000281780145
B1131504547266N01144582EA009510108400000301840145
B1131514547261N01144581EA009520108400000301900145
B1131524547255N01144581EA009530108400000331890147
B1131534547250N01144580EA009530108400000331880147
B1131544547244N01144578EA009540108500000341890147
B1131554547240N01144577EA009550108600000341900147
B1131564547236N01144575EA009570108700000231920147
B1131574547233N01144575EA009600109000000231940147
B1131594547226N01144574EA009640109200000201900147
B1132004547222N01144573EA009660109300000231910147
B1132014547219N01144571EA009670109400000231920147
B1132024547215N01144570EA009680109300000241910147
B1132034547211N01144569EA009700109500000241900147
B1132044547207N01144568EA009710109600000231950143
B1132054547204N01144564EA009720109900000232000143
B1132064547202N01144558EA009740110100000322290141
B1132074547202N01144551EA009740110200000322580141
B1132084547204N01144544EA009740110300000382760141
B1132094547207N01144539EA009750110600000382940141
B1132104547211N01144536EA009760110900000363130145
B1132114547216N01144534EA009770111100000363320145
B1132124547222N01144535EA009770111200000393500145
B1132134547227N01144538EA009780111300000390080145
B1132144547232N01144542EA009780111400000400190145
B1132154547237N01144546EA009790111500000400300145
B1132164547242N01144550EA009800111500000390280145
B1132174547248N01144554EA009810111600000390260145
B1132184547254N01144557EA009810111600000430230145
B1132194547260N01144561EA009810111700000430200145
B1132204547266N01144566EA009820111700000450240145
B1132214547271N01144570EA009830111800000450280145
B1132224547276N01144574EA009840111900000390290145
B1132234547281N01144579EA009850112100000390300145
B1132244547285N01144583EA009870112300000360330145
B1132254547289N01144588EA009880112400000360360145
B1132264547293N01144594EA009900112400000350410145
B1132274547296N01144600EA009900112500000350460145
B1132284547300N01144607EA009900112500000410480145
B1132294547305N01144614EA009900112600000410500144
B1132304547311N01144621EA009890112600000450450146
B1132314547316N01144626EA009900112700000450400146
B1132324547322N01144632EA009910112700000440370146
B1132334547327N01144636EA009930112800000440340146
B1132344547333N01144641EA009940112800000420320146
B1132354547339N01144646EA009950112900000420300146
B1132364547346N01144651EA009950113000000460290146
B1132374547353N01144656EA009960113100000460280146
B1132384547359N01144661EA009970113200000470270146
B1132394547366N01144665EA009990113200000470260148
B1132404547373N01144669EA009990113300000470250148
B1132414547379N01144674EA010000113400000470240148
B1132424547386N01144680EA010010113500000490280148
B1132434547392N01144686EA010010113500000490320148
B1132444547399N01144692EA010010113600000520320148
B1132454547405N01144698EA010010113600000520320148
B1132464547411N01144703EA010020113700000460310154
B1132474547416N01144707EA010040113800000460300154
B1132484547421N01144712EA010050113900000410310154
B1132494547427N01144718EA010050113900000410320153
B1132504547433N01144724EA010050114000000460320153
B1132514547439N01144730EA010040114000000510340153
B1132524547446N01144737EA010010114000000540330153
B1132534547454N01144744EA009990114000000580320153
B1132544547460N01144750EA009980114000000560320153
B1132554547467N01144756EA009970114100000560320161
B1132564547473N01144762EA009970114100000480310161
B1132574547478N01144767EA009970114200000480300156
B1132584547484N01144772EA009970114100000480290156
B1132594547490N01144778EA009960114000000480280156
B1133004547497N01144784EA009950113800000530300156
B1133014547503N01144791EA009940113700000530320156
B1133024547510N01144798EA009940113700000550350156
B1133034547516N01144805EA009930113700000550380158
B1133044547523N01144812EA009920113700000540360158
B1133054547529N01144818EA009920113700000540340159
B1133064547536N01144824EA009920113700000500330159
B1133074547542N01144830EA009920113800000500320159
B1133084547547N01144836EA009920113800000480330159
B1133094547553N01144843EA009920113700000480340159
B1133104547559N01144850EA009910113500000530340159
B1133114547565N01144856EA009890113300000530340161
B1133124547572N01144863EA009870113100000550340159
B1133134547578N01144870EA009850113000000550340159
B1133144547585N01144878EA009830112900000550370159
B1133154547590N01144886EA009830112900000550400159
B1133164547595N01144893EA009820112900000480410159
B1133174547601N01144899EA009820112900000480420159
B1133184547607N01144904EA009810112900000460360159
B1133194547613N01144909EA009800112800000460300157
B1133204547620N01144914EA009790112800000490280161
B1133214547626N01144920EA009770112700000490260161
B1133224547633N01144925EA009760112600000500270161
B1133234547640N01144930EA009740112500000500280161
B1133244547646N01144935EA009720112400000500280161
B1133254547653N01144940EA009710112300000490240161
B1133264547659N01144944EA009690112200000490250161
B1133274547665N01144950EA009670112100000490260162
B1133284547672N01144955EA009650112000000500270162
B1133294547678N01144960EA009640111900000500280162
B1133304547685N01144965EA009620111800000490280163
B1133314547691N01144970EA009600111700000490280163
B1133324547697N01144976EA009580111600000500280163
B1133334547704N01144982EA009570111500000500280163
B1133344547710N01144987EA009550111400000520290163
B1133354547716N01144993EA009530111200000520300160
B1133364547722N01145000EA009520111100000500320160
B1133374547728N01145005EA009520111100000500340160
B1133384547733N01145010EA009520111100000440340160
B1133394547739N01145015EA009510111000000440300163
B1133404547746N01145019EA009500110900000460270163
B1133414547752N01145024EA009480110800000460240163
B1133424547758N01145029EA009460110600000480260163
B1133434547764N01145034EA009450110500000480280169
B1133444547769N01145039EA009430110400000460290169
B1133454547775N01145044EA009420110300000460300169
B1133464547781N01145049EA009410110200000450300169
B1133474547786N01145054EA009400110100000450300169
B1133484547792N01145059EA009390110000000450300169
B1133494547798N01145064EA009370109900000450300171
B1133504547804N01145068EA009360109800000450270171
B1133514547810N01145072EA009350109700000450240171
B1133524547816N01145077EA009350109700000440260181
B1133534547821N01145082EA009340109600000440280181
B1133544547826N01145089EA009330109500000450340181
B1133554547831N01145095EA009330109500000450400181
B1133564547836N01145101EA009320109400000430410181
B1133574547841N01145107EA009320109400000430420181
B1133584547846N01145113EA009310109300000430390178
B1133594547851N01145118EA009310109300000430360178
B1134004547856N01145124EA009310109200000430350178
B1134014547862N01145129EA009300109100000430340176
B1134024547867N01145135EA009300109000000440340176
B1134034547873N01145140EA009300109000000440340176
B1134044547878N01145146EA009290108900000440340176
B1134054547883N01145151EA009280108900000420360176
B1134064547889N01145156EA009280108800000410340176
B1134074547895N01145161EA009270108700000410320176
B1134084547901N01145165EA009260108500000460280181
B1134094547907N01145170EA009240108400000460240181
B1134104547913N01145174EA009240108300000460240191
B1134114547919N01145178EA009240108300000460240191
B1134124547925N01145182EA009240108400000420240191
B1134134547932N01145186EA009240108400000420240191
B1134144547938N01145191EA009240108400000460270191
B1134154547945N01145196EA009250108300000460300191
B1134164547952N01145201EA009250108300000490280191
B1134174547959N01145205EA009240108400000490260191
B1134184547966N01145210EA009250108500000450260199
B1134194547973N01145213EA009260108600000450260194
B1134204547979N01145216EA009270108800000390250194
B1134214547985N01145220EA009280109100000390240194
B1134224547991N01145224EA009290109200000400240194
B1134234547996N01145228EA009300109200000400240194
B1134244548002N01145232EA009300109000000470240194
B1134254548009N01145237EA009290108900000470240194
B1134264548016N01145241EA009280108800000500230202
B1134274548023N01145246EA009260108700000500220202
B1134284548029N01145251EA009260108700000480260202
B1134294548034N01145256EA009260108700000480300202
B1134304548041N01145261EA009250108600000470280202
B1134314548047N01145266EA009240108500000470260197
B1134324548054N01145271EA009240108400000500250197
B1134334548061N01145275EA009230108300000500240195
B1134344548068N01145279EA009220108300000500220195
B1134354548074N01145282EA009210108200000500200195
B1134364548081N01145286EA009200108100000480190195
B1134374548088N01145290EA009200108000000480180195
B1134384548095N01145294EA009180107900000510190195
B1134394548101N01145298EA009160107700000510200195
B1134404548108N01145304EA009160107600000510240195
B1134414548115N01145309EA009150107600000510280191
B1134424548122N01145313EA009150107500000500260193
B1134434548129N01145317EA009140107500000500240193
B1134444548136N01145322EA009120107400000520220193
B1134454548144N01145327EA009110107300000550200193
B1134464548152N01145332EA009090107200000580220193
B1134474548160N01145338EA009070107000000590240204
B1134494548175N01145351EA009050106900000560300175
B1134504548182N01145356EA009040106900000550290204
B1134514548189N01145362EA009030106800000550280204
B1134524548197N01145368EA009020106700000580260197
B1134534548205N01145374EA009000106500000610260197
B1134544548213N01145381EA008970106400000620260202
B1134554548221N01145387EA008950106300000600260202
B1134564548228N01145392EA008940106200000570260202
B1134574548235N01145397EA008920106100000570260202
B1134584548243N01145401EA008900106000000530220202
B1134594548250N01145406EA008890105900000530200202
B1135004548258N01145410EA008870105800000550200202
B1135014548265N01145416EA008840105600000550220200
B1135024548273N01145421EA008810105500000570240200
B1135034548280N01145426EA008780105400000570240200
B1135044548287N01145432EA008760105200000550250200
B1135054548294N01145437EA008740105100000550260200
B1135064548301N01145443EA008720104900000520270200
B1135074548307N01145448EA008700104800000520280200
B1135084548314N01145453EA008670104600000510260210
B1135094548322N01145458EA008650104500000540240210
B1135104548330N01145462EA008620104400000560220210
B1135114548338N01145466EA008590104200000570200204
B1135124548345N01145470EA008570104100000550190204
B1135134548352N01145474EA008540104000000550180204
B1135144548358N01145479EA008520103800000500200204
B1135154548365N01145483EA008500103600000500220211
B1135164548372N01145487EA008480103400000510210211
B1135174548379N01145491EA008450103200000510200211
B1135184548387N01145494EA008420103000000560180211
B1135194548395N01145499EA008390102800000550160211
B1135204548401N01145503EA008370102600000540190211
B1135214548408N01145508EA008340102400000540220211
B1135224548414N01145513EA008320102100000510220216
B1135234548421N01145517EA008290101900000510220216
B1135244548428N01145521EA008260101700000510210216
B1135254548436N01145525EA008240101500000530200216
B1135264548443N01145530EA008210101300000540220216
B1135274548450N01145535EA008180101100000540240216
B1135284548456N01145540EA008160101000000520250216
B1135294548463N01145545EA008140100800000520260217
B1135304548469N01145549EA008120100700000470250217
B1135314548475N01145553EA008110100500000470240217
B1135324548482N01145557EA008090100400000470230217
B1135334548489N01145561EA008070100200000470220217
B1135344548495N01145566EA008050100000000490230215
B1135354548501N01145570EA008040099900000490240215
B1135364548507N01145573EA008020099800000460230215
B1135374548514N01145577EA008000099600000460220216
B1135384548520N01145582EA007980099400000460220216
B1135394548526N01145587EA007960099200000480240216
B1135404548533N01145592EA007940099000000500260216
B1135414548540N01145597EA007920098800000500280216
B1135424548546N01145601EA007880098600000510250216
B1135434548553N01145605EA007860098500000510220216
B1135444548560N01145610EA007840098300000490230219
B1135454548566N01145614EA007820098100000490240218
B1135464548573N01145619EA007800097900000490250218
B1135474548579N01145624EA007770097700000490260218
B1135484548584N01145630EA007760097600000480290218
B1135494548590N01145636EA007740097400000480320218
B1135504548595N01145642EA007740097200000460350218
B1135514548600N01145647EA007730097000000460380218
B1135524548605N01145652EA007710096800000440330218
B1135534548611N01145657EA007690096500000440280254
B1135544548617N01145661EA007670096300000450280254
B1135554548623N01145666EA007660096100000450280256
B1135564548628N01145672EA007640095900000470300256
B1135574548632N01145677EA007630095600000470320256
B1135584548638N01145682EA007610095300000430310256
B1135594548643N01145687EA007600095200000430300256
B1136004548648N01145691EA007590095000000410300256
B1136014548654N01145696EA007580094800000410300256
B1136024548660N01145700EA007560094600000440280317
B1136034548666N01145705EA007550094400000440260317
B1136044548672N01145710EA007530094200000440280317
B1136054548677N01145715EA007520094000000440300323
B1136064548683N01145719EA007500093900000430300323
B1136074548688N01145724EA007490093700000430300323
B1136084548694N01145729EA007480093500000430300323
B1136094548700N01145734EA007460093400000430300323
B1136104548705N01145738EA007440093200000430300323
B1136114548711N01145743EA007430093000000430300381
B1136124548716N01145747EA007410092900000430290381
B1136134548722N01145752EA007390092700000430280381
B1136144548728N01145757EA007380092500000430280381
B1136154548733N01145761EA007360092300000430280381
B1136164548739N01145767EA007350092100000450290360
B1136174548745N01145771EA007340092000000450300360
B1136184548750N01145776EA007320091800000420300360
B1136194548755N01145781EA007310091700000420300360
B1136204548760N01145786EA007300091500000400310410
B1136214548765N01145791EA007280091300000400320410
B1136224548771N01145796EA007270091100000440320410
B1136234548777N01145801EA007250090900000440320410
B1136244548783N01145806EA007230090700000460310410
B1136254548788N01145811EA007210090500000460300410
B1136264548794N01145816EA007200090400000430300382
B1136274548799N01145821EA007180090200000430300382
B1136284548804N01145826EA007170090000000420310382
B1136294548810N01145831EA007150089800000420320438
B1136304548816N01145836EA007130089600000460310438
B1136314548821N01145841EA007110089300000460300438
B1136324548827N01145846EA007090089200000460300438
B1136334548833N01145851EA007070089000000460300438
B1136344548839N01145856EA007050088800000440290438
B1136354548844N01145861EA007030088600000440280438
B1136364548850N01145865EA007020088400000440280406
B1136374548856N01145870EA007000088200000440280406
B1136384548861N01145874EA006980088000000450270463
B1136394548867N01145879EA006960087800000450260463
B1136404548873N01145884EA006940087500000450280463
B1136414548878N01145889EA006930087400000450300463
B1136424548884N01145894EA006910087200000450290463
B1136434548890N01145899EA006900087000000450280463
B1136444548896N01145904EA006880086800000460280463
B1136454548901N01145909EA006860086600000460300463
B1136464548905N01145915EA006850086200000470320414
B1136474548911N01145921EA006830085800000470340472
B1136484548916N01145926EA006820085700000450320472
B1136494548921N01145931EA006810085500000450300472
B1136504548926N01145935EA006800085200000420290472
B1136514548931N01145940EA006780084900000420280472
B1136524548936N01145945EA006770084600000440290472
B1136534548942N01145951EA006760084300000440300472
B1136544548948N01145956EA006730084100000470310472
B1136554548953N01145961EA006720083900000470320472
B1136564548958N01145967EA006710083700000450310469
B1136574548964N01145971EA006700083500000450300530
B1136584548969N01145976EA006690083300000430290530
B1136594548974N01145980EA006680083000000430280530
B1137004548979N01145985EA006660082700000440270530
B1137014548984N01145990EA006650082300000440260530
B1137024548990N01145995EA006630082100000490290530
B1137034548996N01146001EA006620081900000490320530
B1137044549002N01146006EA006610081700000460320530
B1137054549007N01146011EA006600081600000460320530
B1137064549013N01146015EA006590081400000430300590
B1137074549019N01146020EA006580081200000430280590
B1137084549025N01146026EA006570081000000480280590
B1137094549031N01146032EA006550080800000490300590
B1137104549038N01146037EA006540080600000500300590
B1137114549044N01146042EA006520080400000500300590
B1137124549050N01146047EA006510080200000470290590
B1137134549056N01146052EA006510080100000470280590
B1137144549063N01146057EA006500079900000480270643
B1137154549069N01146062EA006490079700000480260631
B1137164549076N01146067EA006470079500000510270631
B1137174549082N01146073EA006460079400000510280631
B1137184549088N01146079EA006460079300000480330631
B1137194549094N01146085EA006460079200000480380631
B1137204549099N01146091EA006460079100000440380631
B1137214549104N01146097EA006460079000000440380631
B1137224549111N01146102EA006460078900000460350672
B1137234549117N01146107EA006460078700000460320672
B1137244549124N01146112EA006470078700000500300644
B1137254549131N01146117EA006480078600000500280644
B1137264549137N01146121EA006490078700000440280644
B1137274549143N01146124EA006500078600000440280644
B1137284549150N01146126EA006520078600000400200644
B1137294549156N01146128EA006530078700000400120644
B1137304549163N01146130EA006530078600000440130689
B1137314549170N01146134EA006530078500000440140689
B1137324549177N01146139EA006530078400000510220689
B1137334549185N01146144EA006530078400000500280689
B1137344549193N01146149EA006530078700000470320689
B1137354549199N01146153EA006530078900000470280689
B1137364549205N01146157EA006540079000000410260689
B1137374549211N01146161EA006550079000000410240719
B1137384549217N01146166EA006550078900000450260673
B1137394549224N01146171EA006550078800000450280673
B1137404549230N01146176EA006540078800000490280673
B1137414549237N01146182EA006540078700000490280673
B1137424549243N01146187EA006540078700000480290673
B1137434549249N01146192EA006540078700000480300673
B1137444549254N01146198EA006550078700000440320673
B1137454549261N01146203EA006570078700000440340716
B1137464549268N01146207EA006570078700000450310716
B1137474549275N01146212EA006580078800000450280678
B1137484549282N01146217EA006580078800000490280678
B1137494549289N01146223EA006580078800000490280678
B1137504549296N01146228EA006580078800000510290678
B1137514549303N01146234EA006580078900000510300678
B1137524549310N01146240EA006580079000000510300747
B1137544549322N01146251EA006620079200000450340747
B1137554549329N01146255EA006630079300000450320747
B1137564549336N01146259EA006640079300000460250747
B1137574549342N01146262EA006640079400000460180705
B1137584549348N01146267EA006660079400000450230705
B1137594549352N01146272EA006670079400000450280705
B1138004549357N01146279EA006670079400000420360705
B1138014549361N01146285EA006680079400000420440751
B1138024549366N01146292EA006670079400000420440751
B1138034549370N01146299EA006670079400000420440751
B1138044549375N01146306EA006670079400000450470751
B1138054549378N01146314EA006680079400000450500723
B1138064549381N01146321EA006690079500000400530723
B1138074549384N01146327EA006700079500000400560723
B1138084549387N01146333EA006720079600000330580723
B1138094549389N01146340EA006720079600000330600723
B1138104549392N01146346EA006730079600000340600723
B1138114549394N01146353EA006740079600000340600723
B1138124549397N01146360EA006740079600000380610723
B1138134549400N01146368EA006740079700000380620692
B1138144549403N01146374EA006750079700000380600692
B1138154549406N01146380EA006760079700000380580692
B1138164549409N01146387EA006780079900000360570739
B1138174549412N01146393EA006800080100000360560739
B1138184549414N01146399EA006820080300000280620739
B1138194549414N01146405EA006840080400000280680739
B1138204549413N01146411EA006860080600000280910739
B1138214549410N01146416EA006870080600000281140702
B1138224549407N01146419EA006870080500000301320668
B1138234549403N01146420EA006870080500000301500668
B1138244549400N01146419EA006860080600000261680668
B1138254549397N01146413EA006860080500000261860668
B1138264549396N01146405EA006840080300000362220692
B1138274549396N01146397EA006830080200000382480692
B1138284549397N01146390EA006810080200000372650692
B1138294549400N01146383EA006800080300000372820692
B1138304549405N01146379EA006790080200000383010692
B1138314549410N01146376EA006770080200000383200739
B1138324549415N01146376EA006770080100000343360739
B1138334549421N01146378EA006760080100000343520739
B1138344549427N01146381EA006760080000000400060739
B1138354549432N01146385EA006760080000000400200739
B1138364549436N01146391EA006760080000000390300739
B1138374549439N01146396EA006780080100000390400739
B1138384549441N01146401EA006790080300000250460739
B1138394549442N01146405EA006810080400000250520739
B1138404549443N01146410EA006830080600000230620739
B1138414549444N01146415EA006830080600000230720702
B1138424549446N01146422EA006840080500000340730702
B1138434549448N01146430EA006830080500000340740702
B1138444549450N01146438EA006820080400000390690702
B1138454549453N01146445EA006820080300000390640702
B1138464549457N01146453EA006820080300000400600702
B1138474549459N01146460EA006830080200000400560693
B1138484549461N01146464EA006840080200000290580643
B1138494549461N01146469EA006870080200000290600643
B1138504549460N01146473EA006890080300000220830643
B1138514549458N01146476EA006910080300000221060663
B1138524549454N01146478EA006920080000000291330663
B1138534549450N01146480EA006910079900000291600663
B1138544549447N01146480EA006900080000000251600663
B1138574549444N01146463EA006880080000000382440663
B1138584549445N01146455EA006860079900000412660702
B1138594549448N01146448EA006850080000000412820702
B1139004549451N01146442EA006850080100000372940702
B1139014549455N01146437EA006840080100000373060702
B1139024549460N01146433EA006840080000000363170693
B1139034549466N01146431EA006820079900000363280693
B1139044549472N01146430EA006810079600000433420693
B1139054549478N01146433EA006810079600000433560693
B1139064549484N01146437EA006810079700000430100693
B1139074549488N01146441EA006830079900000430240693
B1139084549490N01146445EA006850080000000260330693
B1139094549492N01146449EA006880080100000260420693
B1139104549493N01146452EA006900080300000200530693
B1139114549494N01146457EA006920080300000200640693
B1139124549494N01146463EA006920080300000260720643
B1139134549495N01146470EA006920080300000260800643
B1139144549496N01146477EA006920080200000340790643
B1139154549497N01146485EA006910080200000340780643
B1139164549498N01146493EA006920080200000360790643
B1139174549499N01146500EA006940080200000360800643
B1139184549500N01146507EA006950080200000340790643
B1139194549502N01146515EA006950080200000340780599
B1139204549503N01146522EA006950080200000360760599
B1139214549504N01146530EA006950080200000360740599
B1139224549505N01146536EA006960080200000310780599
B1139234549505N01146542EA006970080200000310820599
B1139244549507N01146546EA006970080200000250780599
B1139254549509N01146552EA006960080200000250740588
B1139264549511N01146561EA006930080100000330680588
B1139274549512N01146572EA006900080100000420700541
B1139284549514N01146582EA006870080100000450760541
B1139294549515N01146592EA006840080000000460780541
B1139304549517N01146600EA006820080100000420760541
B1139314549519N01146608EA006800080100000420740541
B1139324549521N01146617EA006790080100000410720541
B1139334549523N01146625EA006770080100000410700541
B1139344549525N01146634EA006750080000000440700541
B1139354549527N01146644EA006730080000000460700541
B1139364549529N01146654EA006730080000000450720541
B1139374549530N01146662EA006720080000000450740564
B1139384549532N01146670EA006720080000000390730564
B1139394549534N01146678EA006710080000000390720564
B1139404549536N01146687EA006690080000000420720564
B1139414549538N01146698EA006670079900000450720564
B1139424549539N01146707EA006650079900000460740564
B1139434549540N01146716EA006640079900000440800600
B1139444549541N01146723EA006650080000000400810600
B1139454549542N01146728EA006660080000000400820600
B1139464549543N01146734EA006670080100000280800600
B1139474549543N01146739EA006690080100000280780600
B1139484549542N01146745EA006690080100000270860600
B1139494549542N01146752EA006700080100000270940600
B1139504549542N01146759EA006690080100000330900600
B1139514549543N01146766EA006690080100000330860611
B1139524549545N01146772EA006700080000000330780611
B1139534549548N01146779EA006710080000000330700611
B1139544549550N01146786EA006720080000000360700611
B1139584549558N01146817EA006770080000000350700629
B1139594549559N01146825EA006780080000000350740694
B1140004549559N01146833EA006800080000000340800694
B1140014549558N01146840EA006810080100000340860629
B1140024549556N01146845EA006830080100000291080629
B1140034549552N01146847EA006840080100000291300629
B1140044549548N01146847EA006850080100000351580629
B1140054549544N01146844EA006860080400000351860629
B1140064549543N01146839EA006880080800000302180629
B1140074549544N01146834EA006900081400000302500629
B1140084549547N01146828EA006920081800000432770629
B1140094549553N01146822EA006940082100000433040629
B1140104549561N01146821EA006960082300000483240694
B1140114549567N01146822EA006980082700000483480694
B1140124549572N01146827EA007000082900000390120694
B1140134549575N01146834EA007020083100000390360694
B1140144549576N01146840EA007040083300000340520694
B1140154549576N01146847EA007050083400000340680694
B1140164549575N01146853EA007070083500000300850694
B1140174549572N01146859EA007090083600000301020694
B1140184549568N01146863EA007100083600000321240731
B1140194549563N01146865EA007110083700000321460731
B1140204549558N01146863EA007130083900000381650693
B1140214549555N01146858EA007150084100000381840629
B1140224549553N01146849EA007170084300000372120629
B1140234549556N01146840EA007190084600000452460629
B1140244549560N01146832EA007210084500000502820694
B1140254549567N01146828EA007230084600000503060694
B1140264549574N01146828EA007250084500000463310694
B1140274549579N01146831EA007270084700000463560694
B1140284549583N01146837EA007290085100000390200694
B1140294549585N01146843EA007310085300000390440694
B1140304549586N01146849EA007330085500000310630694
B1140314549585N01146855EA007350085700000310820694
B1140324549583N01146861EA007360085700000271000731
B1140334549580N01146865EA007380085900000271180731
B1140344549576N01146868EA007390086100000311340731
B1140354549572N01146869EA007420086300000311500731
B1140364549569N01146868EA007440086500000251650731
B1140374549566N01146864EA007460086700000251800731
B1140384549563N01146859EA007470086800000292050694
B1140394549561N01146853EA007480086800000292300694
B1140404549559N01146846EA007490086900000362420694
B1140414549559N01146839EA007490087000000362540694
B1140424549560N01146831EA007500087200000392680694
B1140434549563N01146823EA007510087300000432800694
B1140444549566N01146816EA007520087500000452930694
B1140454549572N01146811EA007540087700000453060694
B1140464549578N01146807EA007550087900000463220681
B1140474549584N01146806EA007570088200000463380681
B1140484549590N01146806EA007590088400000393520681
B1140494549595N01146809EA007600088600000390060681
B1140504549599N01146814EA007610088700000360230694
B1140514549603N01146820EA007620088900000360400694
B1140524549604N01146827EA007630089000000340540694
B1140534549604N01146833EA007650089200000340680694
B1140544549603N01146838EA007660089300000270850694
B1140554549601N01146843EA007680089400000271020694
B1140564549598N01146845EA007700089600000251270694
B1140574549594N01146844EA007710089700000251520694
B1140584549590N01146839EA007730089800000321850694
B1140594549587N01146833EA007740089800000322180694
B1141004549586N01146825EA007750089800000402400694
B1141014549587N01146816EA007760089900000432600694
B1141024549589N01146808EA007770090100000452780681
B1141034549593N01146801EA007780090300000452960681
B1141044549599N01146796EA007780090400000443130681
B1141054549605N01146794EA007790090600000443300681
B1141064549611N01146794EA007800090700000403480749
B1141074549616N01146797EA007810090900000400060749
B1141084549620N01146801EA007830091100000340220749
B1141094549624N01146806EA007840091300000340380749
B1141104549626N01146812EA007850091500000320470756
B1141114549628N01146818EA007870091700000320560756
B1141124549629N01146824EA007880091900000320700756
B1141134549629N01146831EA007890092000000320840756
B1141144549628N01146838EA007910092200000310940756
B1141154549626N01146844EA007920092400000311040756
B1141164549624N01146850EA007940092600000311110756
B1141174549622N01146855EA007960092800000311180756
B1141184549619N01146858EA007980093000000211300756
B1141194549617N01146860EA008000093300000211420756
B1141204549615N01146860EA008020093500000151600756
B1141214549612N01146858EA008040093500000151780756
B1141224549609N01146855EA008040093400000271980756
B1141234549606N01146849EA008040093300000272180694
B1141244549605N01146842EA008040093400000392410694
B1141254549606N01146833EA008040093500000422640694
B1141264549609N01146825EA008040093600000412840756
B1141274549614N01146819EA008050093800000413040756
B1141284549619N01146814EA008050093900000433140756
B1141294549624N01146809EA008060094000000433240749
B1141304549630N01146806EA008060094100000403330749
B1141314549636N01146805EA008070094300000403420749
B1141324549641N01146807EA008080094300000400010749
B1141334549647N01146812EA008090094500000400200756
B1141344549652N01146818EA008100094600000420320756
B1141354549655N01146825EA008120094800000420440756
B1141364549658N01146832EA008140095100000370530756
B1141374549660N01146839EA008160095400000370620819
B1141384549660N01146845EA008180095600000280760819
B1141394549658N01146850EA008190095800000280900756
B1141404549655N01146854EA008200095800000321200756
B1141414549650N01146856EA008200095800000321500756
B1141424549645N01146855EA008210095900000301740756
B1141434549642N01146850EA008220096100000301980756
B1141444549640N01146844EA008240096200000322250756
B1141454549640N01146836EA008240096200000382520756
B1141464549641N01146828EA008250096200000432680756
B1141474549643N01146819EA008250096300000442800756
B1141484549646N01146811EA008260096400000432900756
B1141494549652N01146805EA008260096500000433060749
B1141504549658N01146802EA008270096500000463260749
B1141514549665N01146802EA008290096700000463460782
B1141524549671N01146803EA008300096900000410010782
B1141534549676N01146807EA008320097200000410160782
B1141544549680N01146813EA008340097400000360320819
B1141554549683N01146819EA008360097600000360480819
B1141564549683N01146826EA008380097800000330710819
B1141574549681N01146832EA008390097900000330940819
B1141584549677N01146837EA008410098100000321220819
B1141594549672N01146837EA008420098300000321500819
B1142004549668N01146834EA008440098400000321500819
B1142014549665N01146828EA008450098500000362140819
B1142024549664N01146820EA008460098600000402420819
B1142034549665N01146811EA008470098600000422660819
B1142044549669N01146803EA008470098700000442860782
B1142054549674N01146798EA008480098700000443060782
B1142064549680N01146794EA008490098900000433220782
B1142074549686N01146792EA008510099100000433380782
B1142084549692N01146791EA008530099400000383480782
B1142094549698N01146793EA008540099600000383580782
B1142104549702N01146797EA008560099800000370180782
B1142114549706N01146804EA008580100000000370380782
B1142124549708N01146812EA008590100100000400570819
B1142134549707N01146819EA008610100400000400760819
B1142144549704N01146825EA008630100600000331050819
B1142154549700N01146828EA008650100800000331340819
B1142164549694N01146827EA008670100900000361640819
B1142174549690N01146822EA008680101100000361940819
B1142184549689N01146815EA008700101300000382270819
B1142194549690N01146806EA008720101500000412600782
B1142204549693N01146798EA008730101600000442860782
B1142214549698N01146793EA008750101700000443040782
B1142224549703N01146789EA008760101900000413230782
B1142234549710N01146788EA008780102100000413420821
B1142244549716N01146790EA008790102200000433590821
B1142254549722N01146794EA008810102400000430160821
B1142264549726N01146799EA008830102700000380300821
B1142274549729N01146806EA008850103000000380440821
B1142284549729N01146813EA008870103200000310670873
B1142294549728N01146819EA008880103300000310900873
B1142304549724N01146824EA008900103400000311150873
B1142314549720N01146826EA008910103500000311400873
B1142324549715N01146826EA008920103700000361660873
B1142334549711N01146821EA008930103900000361920873
B1142344549709N01146815EA008950104100000342230873
B1142354549709N01146807EA008970104300000392540821
B1142364549711N01146799EA008980104500000382780821
B1142374549714N01146792EA008990104700000382900821
B1142384549719N01146787EA009010104900000393090821
B1142394549724N01146784EA009020105000000393280821
B1142404549731N01146781EA009030105100000443370821
B1142414549737N01146780EA009040105200000443460821
B1142424549744N01146782EA009060105300000443590821
B1142434549750N01146785EA009070105500000440120821
B1142444549755N01146790EA009080105700000410240821
B1142454549759N01146796EA009100105900000410360871
B1142464549763N01146803EA009120106100000380490871
B1142474549764N01146811EA009140106300000380620909
B1142484549764N01146819EA009160106500000370790909
B1142494549762N01146826EA009180106700000370960909
B1142504549758N01146831EA009200106900000341200873
B1142514549753N01146833EA009210107100000341440873
B1142524549749N01146830EA009230107200000341780873
B1142534549746N01146824EA009240107300000342120873
B1142544549746N01146815EA009260107400000412440873
B1142554549749N01146807EA009270107600000442760821
B1142564549754N01146802EA009290107800000443020821
B1142574549760N01146799EA009310108100000443280871
B1142584549766N01146799EA009330108300000433470871
B1142594549772N01146802EA009360108600000430060871
B1143004549776N01146807EA009390108900000360260871
B1143014549779N01146814EA009410109200000360460909
B1143024549780N01146822EA009440109500000370660909
B1143034549779N01146829EA009470109800000370840909
B1143044549777N01146834EA009500110100000241050909
B1143054549774N01146836EA009530110400000241260909
B1143064549771N01146836EA009550110500000251510909
B1143074549767N01146834EA009570110700000251760909
B1143084549764N01146830EA009580110800000322040909
B1143094549762N01146823EA009590110900000322320909
B1143104549763N01146815EA009610111200000372620909
B1143114549767N01146808EA009640111400000372900871
B1143124549772N01146804EA009660111700000403100871
B1143134549778N01146801EA009680112000000403300871
B1143144549784N01146803EA009700112300000433510871
B1143154549790N01146807EA009730112400000430120871
B1143164549795N01146813EA009750112700000420290909
B1143174549798N01146820EA009780113100000420460909
B1143184549799N01146827EA009810113500000330670909
B1143194549798N01146834EA009840113800000330880909
B1143204549795N01146839EA009860114000000291080909
B1143214549792N01146842EA009890114300000291280909
B1143224549788N01146843EA009910114500000241550909
B1143234549785N01146839EA009930114700000241820909
B1143244549783N01146833EA009950114800000352150909
B1143254549782N01146825EA009980115000000372480909
B1143264549784N01146818EA010010115400000362710909
B1143274549787N01146812EA010040115800000362940909
B1143284549791N01146808EA010070116200000353120871
B1143294549797N01146805EA010100116500000353300871
B1143304549803N01146805EA010130116700000413460871
B1143314549809N01146808EA010160117000000410020916
B1143324549815N01146812EA010180117200000430180970
B1143334549819N01146819EA010200117500000430340970
B1143344549820N01146827EA010230117800000370570970
B1143354549819N01146834EA010250117900000370800970
B1143364549817N01146841EA010280118200000321000970
B1143374549814N01146845EA010300118500000321200970
B1143384549810N01146845EA010330118700000261490970
B1143394549806N01146843EA010350118900000261780909
B1143404549803N01146837EA010370119000000362100909
B1143414549803N01146828EA010390119200000412420909
B1143424549805N01146820EA010420119500000402700909
B1143434549809N01146814EA010450120000000402960970
B1143444549814N01146811EA010490120400000393200970
B1143454549820N01146811EA010520120700000393440970
B1143464549826N01146813EA010540121000000410020970
B1143474549831N01146818EA010570121200000410200970
B1143484549834N01146824EA010590121400000370390970
B1143494549836N01146831EA010620121600000370580970
B1143504549837N01146839EA010640121900000330720970
B1143514549836N01146845EA010670122200000330860970
B1143524549834N01146851EA010690122400000281040970
B1143534549831N01146854EA010720122700000281220970
B1143544549827N01146856EA010740122900000261460970
B1143554549823N01146854EA010770123200000261700970
B1143564549820N01146850EA010790123400000321980970
B1143574549817N01146844EA010820123700000322260970
B1143584549817N01146837EA010850124000000342460970
B1143594549818N01146829EA010880124300000372660970
B1144004549821N01146822EA010910124600000392870970
B1144014549826N01146817EA010940124900000393080970
B1144024549832N01146815EA010960125200000433080970
B1144034549838N01146816EA010990125500000453520970
B1144044549844N01146820EA011010125700000440110970
B1144054549849N01146826EA011040126000000440300970
B1144064549852N01146833EA011070126300000390440970
B1144074549854N01146841EA011100126600000390580970
B1144084549855N01146847EA011130127000000290710970
B1144094549854N01146853EA011160127300000290840970
B1144104549852N01146858EA011180127500000271070970
B1144114549849N01146861EA011210127700000271300966
B1144124549844N01146862EA011230128000000301540966
B1144134549840N01146860EA011260128300000301780970
B1144144549836N01146855EA011290128600000342040970
B1144154549834N01146848EA011320128900000342300970
B1144164549834N01146840EA011350129300000382520970
B1144174549837N01146832EA011380129600000422780970
B1144184549842N01146826EA011410129800000453020970
B1144194549848N01146823EA011440130100000453260970
B1144204549855N01146824EA011460130400000433490970
B1144214549861N01146828EA011490130700000430121005
B1144224549865N01146834EA011520130900000390281005
B1144234549868N01146840EA011540131200000390441005
B1144244549870N01146847EA011570131500000340611005
B1144254549869N01146854EA011590131700000340781005
B1144264549867N01146860EA011620132000000290991005
B1144274549864N01146864EA011650132300000291201004
B1144284549861N01146866EA011680132700000241421004
B1144294549857N01146866EA011700132900000241640966
B1144304549853N01146864EA011730133200000281830966
B1144314549849N01146861EA011750133400000282020966
B1144324549846N01146856EA011780133600000332140970
B1144334549842N01146849EA011810133900000332260970
B1144344549840N01146842EA011830134200000392390970
B1144354549841N01146834EA011850134500000372520970
B1144364549844N01146826EA011880134800000402800970
B1144374549849N01146822EA011900134900000403100970
B1144384549856N01146819EA011910134900000473270970
B1144394549863N01146818EA011930135100000473441005
B1144404549869N01146820EA011940135400000430011005
B1144414549875N01146825EA011960135600000430181005
B1144424549878N01146832EA011980135700000410381005
B1144434549880N01146840EA011990135900000410581005
B1144444549881N01146847EA012010136100000310721005
B1144454549881N01146853EA012040136400000310861005
B1144464549880N01146857EA012070136800000200971005
B1144474549878N01146861EA012100137000000201081004
B1144484549874N01146865EA012120137200000291291004
B1144494549870N01146867EA012140137300000291501004
B1144504549864N01146867EA012150137400000381661004
B1144514549859N01146864EA012170137700000381821004
B1144524549856N01146859EA012190137900000332060970
B1144534549855N01146853EA012220138200000332300970
B1144544549856N01146846EA012250138600000342630970
B1144554549860N01146840EA012270138600000342961005
B1144564549864N01146834EA012280138700000393091005
B1144574549870N01146830EA012290138800000393221005
B1144584549876N01146828EA012310139000000413361005
B1144594549882N01146828EA012320139100000413501005
B1145004549888N01146830EA012340139200000440031005
B1145014549894N01146834EA012350139400000440161005
B1145024549899N01146839EA012360139500000410261005
B1145034549904N01146845EA012380139700000410361005
B1145044549907N01146851EA012400140100000360481005
B1145054549909N01146858EA012430140500000360601057
B1145064549910N01146865EA012470140900000300741041
B1145074549908N01146870EA012500141400000300881004
B1145084549905N01146874EA012540141700000261141004
B1145094549901N01146876EA012570141800000261401004
B1145104549896N01146877EA012590142000000321611004
B1145114549892N01146873EA012610142300000321821004
B1145124549889N01146867EA012640142500000372131004
B1145134549889N01146859EA012660142600000402441005
B1145144549890N01146850EA012670142800000412661005
B1145154549894N01146843EA012690143100000412901005
B1145164549899N01146838EA012710143300000433121005
B1145174549906N01146837EA012730143400000433341005
B1145184549913N01146839EA012740143500000493561057
B1145194549919N01146845EA012750143500000490181057
B1145204549924N01146852EA012770143800000440341057
B1145214549927N01146859EA012800144100000440501057
B1145224549928N01146866EA012830144500000290681041
B1145234549927N01146871EA012860144900000290861041
B1145244549926N01146875EA012900145300000200991041
B1145254549924N01146879EA012930145600000201121041
B1145264549920N01146881EA012950145800000251341041
B1145274549916N01146882EA012970145800000251561041
B1145284549910N01146880EA012990146000000391741041
B1145294549905N01146876EA013020146200000391921004
B1145304549902N01146870EA013050146500000362161004
B1145314549902N01146862EA013070146900000382401004
B1145324549904N01146854EA013090147000000412721005
B1145334549908N01146847EA013100147100000412981005
B1145344549914N01146843EA013110147100000443151057
B1145354549920N01146840EA013120147200000443321057
B1145364549927N01146839EA013130147400000413461057
B1145374549932N01146840EA013150147600000410001057
B1145384549938N01146843EA013170147800000360081057
B1145394549943N01146845EA013200148100000360161057
B1145404549947N01146849EA013220148400000320241057
B1145414549950N01146853EA013240148600000320321057
B1145424549952N01146859EA013250148700000260481057
B1145434549954N01146864EA013260148700000260641041
B1145444549956N01146869EA013280148900000290601041
B1145454549959N01146874EA013280148900000290561071
B1145464549963N01146878EA013280149000000330451071
B1145474549968N01146882EA013280149000000330341071
B1145484549973N01146887EA013280148900000420301071
B1145494549979N01146890EA013270148900000420261071
B1145504549986N01146895EA013260148800000480251071
B1145514549992N01146900EA013240148600000480241071
B1145524549998N01146907EA013240148500000530311071
B1145534550005N01146915EA013240148600000530381047
B1145544550010N01146922EA013240148700000480401046
B1145554550016N01146928EA013250149100000480421046
B1145564550022N01146934EA013280149400000400401046
B1145574550026N01146939EA013310149800000400381046
B1145584550031N01146944EA013340150100000370361046
B1145594550036N01146948EA013360150300000370341046
B1146004550041N01146953EA013370150400000410341046
B1146014550046N01146959EA013390150500000450321046
B1146024550052N01146965EA013420150700000470341047
B1146034550057N01146970EA013430150800000470361047
B1146044550062N01146974EA013460151100000370321043
B1146054550067N01146978EA013480151400000370281043
B1146064550073N01146980EA013490151500000410221043
B1146074550078N01146983EA013500151500000410161043
B1146084550085N01146987EA013510151400000500171043
B1146094550092N01146990EA013500151400000500181043
B1146104550100N01146994EA013500151300000540201043
B1146114550107N01146998EA013500151300000540201043
B1146124550115N01147002EA013500151400000500181049
B1146134550121N01147007EA013500151400000500201049
B1146144550127N01147012EA013510151500000470261046
B1146154550133N01147018EA013510151500000470321046
B1146164550138N01147023EA013500151400000450321046
B1146174550144N01147028EA013490151200000450321046
B1146184550149N01147033EA013480151000000440311046
B1146194550154N01147039EA013450150700000440301046
B1146204550160N01147046EA013430150500000490371056
B1146214550164N01147055EA013400150200000520441056
B1146224550169N01147063EA013370149800000500451056
B1146234550174N01147069EA013340149500000500461056
B1146244550180N01147074EA013310149200000400371056
B1146254550185N01147078EA013270148900000400281056
B1146264550190N01147083EA013240148500000420291056
B1146274550195N01147088EA013190148000000420301056
B1146284550201N01147095EA013150147400000500331056
B1146294550207N01147101EA013100146900000500361056
B1146304550214N01147108EA013060146500000520351090
B1146314550220N01147114EA013020146300000520341095
B1146324550225N01147120EA013000146100000400371095
B1146334550229N01147124EA013000146000000400401095
B1146344550233N01147129EA012990145900000310391095
B1146354550237N01147133EA012980145700000310381095
B1146364550242N01147138EA012960145500000360361095
B1146374550246N01147142EA012950145200000360341095
B1146384550251N01147147EA012920145000000410331095
B1146394550257N01147152EA012890144700000410321095
B1146404550262N01147157EA012870144400000430331137
B1146414550268N01147163EA012850144300000430341143
B1146424550273N01147169EA012830144100000430361143
B1146434550278N01147174EA012820144000000430381143
B1146444550283N01147180EA012810144000000410381143
B1146454550288N01147185EA012800144000000410381143
B1146464550293N01147189EA012800144100000350341143
B1146474550298N01147192EA012800144100000350301143
B1146484550303N01147195EA012790144000000360241143
B1146494550308N01147198EA012780143900000360181143
B1146504550314N01147203EA012770143700000450221190
B1146514550320N01147207EA012750143500000450261190
B1146524550327N01147212EA012730143400000470271188
B1146534550333N01147217EA012720143400000470281188
B1146544550339N01147223EA012720143500000430311188
B1146554550345N01147228EA012730143500000430341188
B1146564550351N01147232EA012740143600000410301188
B1146574550357N01147234EA012760143800000410261188
B1146584550363N01147236EA012770144000000380161242
B1146594550369N01147236EA012780144100000380061242
B1147004550374N01147237EA012790144100000370051242
B1147014550380N01147239EA012790144000000370041242
B1147024550385N01147242EA012780143800000440121242
B1147034550392N01147246EA012770143500000440181242
B1147044550398N01147251EA012750143300000500221242
B1147054550405N01147255EA012740143100000500261242
B1147064550411N01147260EA012720143100000440271282
B1147074550417N01147264EA012710143100000440281265
B1147084550421N01147268EA012700143000000370291265
B1147094550426N01147273EA012690142700000370301265
B1147104550431N01147278EA012660142400000430331265
B1147114550436N01147285EA012630142000000430361265
B1147124550441N01147292EA012600141700000450421265
B1147134550445N01147299EA012580141500000450481265
B1147144550449N01147306EA012560141300000390471265
B1147154550454N01147311EA012540141300000390461241
B1147164550460N01147317EA012520141200000420401285
B1147174550465N01147322EA012500141200000420341285
B1147184550468N01147328EA012490141000000360411285
B1147194550472N01147334EA012480140900000360481285
B1147204550475N01147341EA012460140600000380501285
B1147214550479N01147348EA012430140400000380521285
B1147224550483N01147355EA012390140000000470481285
B1147234550488N01147362EA012360139700000470441266
B1147244550493N01147370EA012330139400000490461266
B1147254550498N01147378EA012300139100000490481266
B1147264550502N01147386EA012280138900000440481266
B1147274550507N01147393EA012260138600000440481266
B1147284550512N01147400EA012230138400000460461300
B1147294550516N01147407EA012200138200000460441300
B1147304550520N01147415EA012190138000000440521278
B1147314550523N01147423EA012190137900000440601278
B1147324550525N01147432EA012180137700000440661278
B1147334550529N01147440EA012170137700000440641278
B1147344550533N01147448EA012170137800000440601278
B1147354550536N01147455EA012170138100000440561278
B1147364550539N01147462EA012180138100000360571251
B1147374550542N01147469EA012190138200000360581251
B1147384550544N01147476EA012190138200000340601251
B1147394550547N01147483EA012190138000000340621251
B1147404550550N01147491EA012180137900000410621251
B1147414550552N01147500EA012170137700000460621251
B1147424550555N01147509EA012150137500000490641251
B1147434550558N01147519EA012130137400000480661269
B1147444550560N01147529EA012120137300000440701269
B1147454550562N01147537EA012110137300000440721269
B1147464550564N01147546EA012110137200000420701269
B1147474550567N01147554EA012100137000000420641269
B1147484550571N01147563EA012080136600000460581239
B1147494550575N01147572EA012060136400000500541239
B1147504550579N01147582EA012040136100000540561239
B1147514550583N01147591EA012020135800000550581239
B1147524550587N01147601EA012000135700000530581239
B1147534550592N01147610EA011990135800000510581239
B1147544550595N01147619EA011980135900000470581189
B1147554550598N01147628EA011980136000000420601189
B1147564550600N01147634EA011990136000000330621189
B1147574550603N01147641EA012000136100000330641189
B1147584550607N01147647EA011990136000000370641189
B1147594550612N01147653EA011990135900000420441217
B1148004550617N01147660EA012000135900000490431217
B1148014550622N01147668EA012000135900000490421169
B1148024550627N01147674EA012010136000000470441169
B1148034550631N01147681EA012030136400000470461169
B1148044550635N01147688EA012050136700000390491169
B1148054550639N01147695EA012090137000000390521169
B1148064550643N01147701EA012110137300000360541169
B1148074550645N01147708EA012140137500000360561169
B1148084550648N01147714EA012160137700000350551123
B1148094550651N01147720EA012180137900000350541123
B1148104550654N01147726EA012200138000000310511123
B1148114550658N01147731EA012210138000000310481176
B1148124550662N01147735EA012220138100000410401176
B1148134550668N01147739EA012220138100000410321176
B1148144550675N01147743EA012220138100000460261176
B1148154550681N01147747EA012230138200000460201176
B1148164550687N01147750EA012250138400000360211176
B1148174550692N01147753EA012270138600000360221176
B1148184550697N01147755EA012280138800000360191176
B1148194550703N01147757EA012300139000000360161176
B1148204550709N01147759EA012310139100000410131201
B1148214550715N01147761EA012320139300000410101167
B1148224550721N01147763EA012340139500000380111167
B1148234550727N01147764EA012360139700000380121167
B1148244550732N01147766EA012380139900000330131167
B1148254550737N01147768EA012390140100000330141167
B1148264550741N01147771EA012410140300000350181167
B1148274550747N01147775EA012420140300000350221167
B1148284550753N01147779EA012420140300000460241167
B1148294550760N01147784EA012420140400000460261143
B1148304550765N01147789EA012430140500000430281143
B1148314550770N01147793EA012440140600000430301143
B1148324550774N01147798EA012460140700000340331143
B1148334550779N01147803EA012470140800000340361143
B1148344550784N01147807EA012480140800000400311143
B1148354550790N01147810EA012480140800000400261143
B1148364550796N01147811EA012490140900000440171092
B1148374550802N01147812EA012490140900000440081092
B1148384550807N01147813EA012500141000000350071092
B1148394550812N01147814EA012510141200000350061096
B1148404550816N01147816EA012530141400000300101096
B1148414550822N01147817EA012540141300000300141096
B1148424550828N01147819EA012550141400000390121096
B1148434550834N01147821EA012560141600000390101096
B1148444550841N01147823EA012580141900000400121096
B1148454550846N01147825EA012590142200000400141096
B1148464550851N01147828EA012610142500000330181096
B1148474550856N01147831EA012630142600000330221096
B1148484550861N01147834EA012630142600000360221132
B1148494550866N01147838EA012630142500000360221132
B1148504550872N01147842EA012630142300000470231132
B1148514550878N01147846EA012620142200000470241132
B1148524550885N01147851EA012610142200000450261132
B1148534550890N01147855EA012610142300000450281132
B1148544550895N01147860EA012620142400000370301132
B1148554550900N01147864EA012620142400000370321097
B1148564550905N01147869EA012600142200000440311097
B1148574550911N01147874EA012590142000000440301124
B1148584550917N01147880EA012570141700000490311124
B1148594550923N01147885EA012560141600000490321124
B1149004550929N01147891EA012540141600000440321124
B1149014550934N01147895EA012530141500000440301124
B1149024550940N01147900EA012530141400000410311124
B1149034550945N01147905EA012520141300000410321124
B1149044550952N01147910EA012510141100000480301124
B1149054550958N01147915EA012490140900000480281132
B1149064550965N01147920EA012470140700000510281132
B1149074550971N01147925EA012460140600000510281132
B1149084550977N01147930EA012450140500000420291132
B1149094550982N01147935EA012440140400000420301132
B1149104550988N01147940EA012430140100000470281132
B1149114550995N01147945EA012410139800000470261132
B1149124551003N01147950EA012380139500000570241132
B1149134551010N01147956EA012360139400000570261169
B1149144551016N01147962EA012350139500000470331144
B1149154551021N01147968EA012360139600000470401144
B1149164551026N01147974EA012360139700000390381144
B1149174551031N01147978EA012360139600000390361144
B1149184551037N01147982EA012350139500000410301144
B1149194551042N01147986EA012340139400000410241144
B1149204551048N01147990EA012330139200000440271144
B1149214551054N01147996EA012310139000000440301144
B1149224551059N01148001EA012300138900000460331184
B1149234551065N01148007EA012300139100000460361184
B1149244551071N01148013EA012290139100000440361178
B1149254551076N01148019EA012290139300000440361178
B1149264551081N01148025EA012310139500000400421178
B1149274551085N01148032EA012330139600000400481178
B1149284551089N01148038EA012340139800000370471178
B1149294551093N01148044EA012350139800000370461178
B1149304551098N01148050EA012350139800000470421178
B1149314551104N01148057EA012350139800000470381178
B1149324551110N01148064EA012360139800000490401202
B1149334551115N01148071EA012370140000000490421202
B1149344551120N01148077EA012380140100000440401202
B1149354551125N01148083EA012390140300000440381202
B1149364551131N01148089EA012400140300000440371202
B1149374551136N01148095EA012410140400000440361202
B1149384551143N01148101EA012420140400000510331202
B1149394551149N01148106EA012420140400000510301202
B1149404551155N01148113EA012420140500000490341138
B1149414551161N01148120EA012420140600000490381192
B1149424551165N01148126EA012430140600000420411192
B1149434551170N01148133EA012440140700000420441192
B1149444551175N01148139EA012440140800000470391192
B1149454551181N01148144EA012450140900000470341192
B1149464551188N01148149EA012460140900000490311192
B1149474551195N01148155EA012460141000000490281192
B1149484551201N01148160EA012470141100000480301177
B1149494551207N01148166EA012490141200000480321177
B1149504551212N01148172EA012500141300000460331226
B1149514551218N01148178EA012500141300000460341226
B1149524551224N01148184EA012510141300000490351226
B1149534551230N01148191EA012510141300000490361226
B1149544551236N01148198EA012510141300000510361226
B1149554551242N01148204EA012510141300000510361226
B1149564551248N01148210EA012510141300000500351245
B1149574551254N01148216EA012510141400000500341245
B1149584551260N01148222EA012510141500000440371286
B1149594551265N01148229EA012520141600000440401286
B1150004551270N01148235EA012510141500000450401286
B1150014551275N01148242EA012510141400000490401286
B1150024551281N01148249EA012500141300000520401286
B1150034551287N01148257EA012490141300000520401286
B1150044551291N01148265EA012480141300000470461285
B1150054551295N01148273EA012480141300000470521285
B1150064551298N01148282EA012480141300000450581285
B1150074551302N01148290EA012490141300000450621285
B1150084551306N01148298EA012490141300000450531285
B1150094551311N01148303EA012490141300000450441359
B1150104551317N01148309EA012490141400000410401359
B1150114551321N01148314EA012500141500000410361359
B1150124551326N01148321EA012520141700000400441359
B1150134551329N01148328EA012540141900000400521359
B1150144551334N01148335EA012550142100000420481359
B1150154551338N01148340EA012560142100000420441359
B1150164551343N01148346EA012570142200000400391359
B1150174551348N01148351EA012570142200000400341359
B1150184551352N01148358EA012570142100000440411359
B1150194551356N01148366EA012570142000000440481336
B1150204551360N01148374EA012560141900000460511355
B1150214551364N01148382EA012560141800000460541355
B1150224551367N01148389EA012560141800000390541355
B1150234551371N01148396EA012560141800000390541355
B1150244551375N01148403EA012560141700000430541355
B1150254551378N01148412EA012550141700000450541312
B1150264551382N01148420EA012550141700000450541312
B1150274551387N01148427EA012550141800000450541312
B1150284551391N01148434EA012550141800000440501312
B1150294551396N01148441EA012540141700000440461312
B1150304551400N01148449EA012530141500000480461312
B1150314551405N01148457EA012510141200000480461312
B1150324551411N01148466EA012490140900000550481209
B1150334551416N01148475EA012480140800000540501209
B1150344551421N01148484EA012470140900000480521209
B1150354551425N01148491EA012470141100000480501209
B1150364551429N01148497EA012490141400000350501209
B1150374551433N01148503EA012510141800000350501209
B1150384551436N01148509EA012530142100000330521209
B1150394551439N01148515EA012550142300000330541175
B1150404551442N01148522EA012560142400000380551175
B1150414551445N01148529EA012570142500000380561175
B1150424551448N01148536EA012580142600000390571175
B1150434551450N01148543EA012590142700000390581175
B1150444551453N01148550EA012600142900000350591175
B1150454551456N01148556EA012600142900000350601175
B1150464551459N01148563EA012620143000000360591173
B1150474551462N01148570EA012620143000000360581173
B1150484551464N01148577EA012620142900000390581173
B1150494551467N01148584EA012620142900000390581173
B1150504551470N01148591EA012620142800000400571173
B1150514551474N01148599EA012620142900000400561173
B1150524551477N01148608EA012630142900000460581173
B1150534551480N01148615EA012640142900000460581131
B1150544551483N01148622EA012640143100000360551131
B1150554551486N01148627EA012660143200000360521131
B1150564551489N01148632EA012660143200000290501131
B1150574551492N01148638EA012670143000000290481131
B1150584551495N01148645EA012670142900000390511131
B1150594551498N01148652EA012660142600000390541131
B1151004551502N01148659EA012650142600000410531131
B1151014551506N01148665EA012650142600000410521110
B1151024551510N01148672EA012650142600000380481153
B1151034551513N01148678EA012640142500000380481153
B1151044551517N01148685EA012640142300000420501153
B1151054551521N01148694EA012620142100000470521153
B1151064551525N01148703EA012610141900000500561153
B1151074551528N01148712EA012590141900000490601151
B1151084551532N01148720EA012590141900000450591151
B1151094551536N01148727EA012590141900000450581151
B1151104551540N01148733EA012590142000000340511151
B1151114551543N01148738EA012590142100000340441151
B1151124551547N01148744EA012600142200000330471151
B1151134551549N01148750EA012600142100000330501151
B1151144551552N01148757EA012590141900000390551151
B1151154551554N01148765EA012580141600000390601133
B1151164551557N01148773EA012550141400000430621133
B1151174551559N01148781EA012530141200000430641190
B1151184551561N01148790EA012520141000000400661190
B1151194551564N01148798EA012500140800000400681190
B1151204551567N01148805EA012490140600000400621190
B1151214551571N01148812EA012470140400000400561156
B1151224551576N01148819EA012460140200000460491156
B1151234551582N01148826EA012430140000000460421156
B1151244551587N01148834EA012410139900000530451156
B1151254551592N01148842EA012410139900000530481156
B1151264551597N01148850EA012420140200000430531156
B1151274551600N01148857EA012440140800000430581156
B1151284551603N01148862EA012470141400000270551132
B1151294551606N01148867EA012500141800000270521132
B1151304551608N01148871EA012540142100000240521208
B1151314551610N01148876EA012560142400000240521208
B1151324551611N01148881EA012580142600000270601208
B1151334551613N01148888EA012590142600000270681208
B1151344551615N01148894EA012610142800000350671208
B1151354551617N01148903EA012620143000000420661208
B1151364551619N01148910EA012650143200000370661206
B1151374551620N01148916EA012670143500000370661206
B1151384551620N01148921EA012700144000000200811206
B1151394551618N01148924EA012730144300000200961206
B1151404551614N01148925EA012760144300000281361206
B1151414551610N01148924EA012770144300000281761206
B1151424551605N01148921EA012780144400000341931143
B1151434551602N01148914EA012790144500000342101143
B1151444551601N01148905EA012790144600000422441132
B1151454551602N01148896EA012800144600000442621132
B1151464551604N01148887EA012810144700000452801132
B1151474551609N01148880EA012820144800000452961208
B1151484551614N01148874EA012830145000000443131208
B1151494551620N01148871EA012840145200000443301208
B1151504551626N01148871EA012860145500000383441208
B1151514551631N01148872EA012880145700000383581208
B1151524551636N01148875EA012900145900000360141208
B1151534551640N01148881EA012920146100000360301208
B1151544551642N01148888EA012930146200000370511208
B1151554551642N01148896EA012940146200000370721208
B1151564551639N01148902EA012940146300000350991208
B1151574551635N01148906EA012950146400000351261208
B1151584551630N01148906EA012970146600000321541208
B1151594551626N01148904EA012980146700000321821208
B1152004551622N01148900EA012990146900000312051208
B1152014551620N01148893EA013010147000000312281208
B1152024551620N01148885EA013020147100000392501208
B1152034551620N01148877EA013030147100000422641208
B1152044551621N01148868EA013030147200000412721208
B1152054551625N01148861EA013040147400000412881208
B1152064551631N01148858EA013050147400000423141216
B1152074551637N01148856EA013060147500000423401216
B1152084551643N01148857EA013080147700000403531216
B1152094551649N01148858EA013090147900000400061216
B1152104551654N01148860EA013110148100000330101208
B1152114551659N01148863EA013120148200000330141274
B1152124551663N01148867EA013130148300000320231274
B1152134551667N01148872EA013140148400000320321274
B1152144551671N01148878EA013130148300000410381274
B1152154551676N01148885EA013120148300000410441274
B1152164551679N01148892EA013110148300000420471274
B1152174551683N01148899EA013100148200000420501274
B1152184551686N01148906EA013090148200000390541274
B1152194551689N01148914EA013090148200000390581268
B1152204551690N01148922EA013090148100000400641268
B1152214551692N01148930EA013080148000000400701268
B1152224551693N01148938EA013080147900000390711268
B1152234551695N01148945EA013070147900000390721268
B1152244551697N01148952EA013070147900000340691268
B1152254551699N01148960EA013070147900000340661274
B1152264551700N01148968EA013070148000000370741274
B1152274551700N01148976EA013080148000000370821274
B1152284551701N01148984EA013080148100000380841274
B1152294551702N01148992EA013090148300000380861274
B1152304551702N01149001EA013110148600000390861274
B1152314551703N01149009EA013120148800000390821274
B1152324551704N01149016EA013150149000000330831277
B1152334551704N01149023EA013180149400000330841277
B1152344551704N01149029EA013200149500000270851277
B1152354551704N01149035EA013220149600000270861277
B1152364551704N01149041EA013240149600000300861277
B1152374551704N01149048EA013260149700000300861277
B1152384551704N01149056EA013260149800000350861277
B1152394551704N01149064EA013270149800000350861237
B1152404551704N01149073EA013280149800000420901237
B1152414551703N01149081EA013290150000000420941237
B1152424551700N01149089EA013310150100000371041237
B1152434551697N01149095EA013320150200000371141237
B1152444551694N01149100EA013330150200000321251237
B1152454551691N01149106EA013340150200000321361237
B1152464551688N01149112EA013350150300000331251195
B1152474551686N01149119EA013360150500000331141195
B1152484551684N01149126EA013390150600000351121195
B1152494551682N01149133EA013400150700000351101195
B1152504551679N01149140EA013420150800000371151195
B1152514551676N01149147EA013440151000000371201195
B1152524551672N01149152EA013460151300000351341195
B1152534551667N01149153EA013490151600000351481195
B1152544551663N01149150EA013520151900000331811195
B1152554551660N01149145EA013540152200000332141195
B1152564551661N01149137EA013570152400000362521195
B1152574551664N01149131EA013590152800000362821195
B1152584551669N01149128EA013620153100000353131195
B1152594551674N01149128EA013650153400000353441195
B1153004551680N01149131EA013680153600000420041195
B1153014551685N01149137EA013700153900000420241195
B1153024551689N01149144EA013720154100000450391195
B1153034551692N01149153EA013750154400000450541195
B1153044551692N01149163EA013770154700000430741159
B1153054551689N01149171EA013800154900000430941159
B1153064551685N01149178EA013820155100000411151159
B1153074551680N01149181EA013840155400000411361159
B1153084551675N01149181EA013870155700000291641159
B1153094551672N01149177EA013900156000000291921159
B1153104551671N01149171EA013920156300000272291159
B1153114551673N01149166EA013950156600000272661159
B1153124551676N01149160EA013980156800000342921159
B1153134551681N01149157EA014000157000000343181195
B1153144551687N01149156EA014030157300000383391195
B1153154551692N01149159EA014060157600000380001195
B1153164551697N01149165EA014090158000000430211159
B1153174551701N01149173EA014120158300000430421159
B1153184551701N01149182EA014150158600000450641159
B1153194551700N01149191EA014180158800000430881159
B1153204551697N01149199EA014200159100000381061159
B1153214551693N01149204EA014230159500000381241159
B1153224551689N01149205EA014260159600000291491159
B1153234551685N01149203EA014270159700000291741159
B1153244551683N01149198EA014290159900000292091159
B1153254551683N01149191EA014310160000000292441159
B1153264551685N01149185EA014330160200000342721159
B1153274551689N01149181EA014350160500000343001159
B1153284551695N01149179EA014380160900000403271159
B1153294551701N01149181EA014410161200000403541159
B1153304551706N01149186EA014440161600000450161159
B1153314551710N01149194EA014470161900000450381118
B1153324551712N01149205EA014500162200000500621118
B1153334551712N01149215EA014520162500000470781083
B1153344551710N01149224EA014550162800000400941083
B1153354551707N01149230EA014580163000000401121083
B1153364551703N01149233EA014600163100000321351138
B1153374551698N01149234EA014610163100000321581138
B1153384551693N01149233EA014610163100000311781138
B1153394551690N01149229EA014620163200000311981138
B1153404551689N01149223EA014640163300000292271138
B1153414551689N01149216EA014650163300000292561138
B1153424551690N01149210EA014660163500000342741138
B1153434551693N01149204EA014670163800000342921159
B1153444551698N01149199EA014690164100000373101159
B1153454551703N01149196EA014720164400000373281159
B1153464551709N01149195EA014750164800000373431118
B1153474551714N01149196EA014790165300000373581118
B1153484551718N01149200EA014820165700000360181118
B1153494551722N01149207EA014860166100000360381118
B1153504551724N01149217EA014890166300000480581083
B1153514551724N01149227EA014920166500000470741083
B1153524551723N01149236EA014940166800000410901083
B1153534551719N01149242EA014970167200000411101083
B1153544551714N01149246EA014990167300000361341083
B1153554551709N01149247EA015010167400000361581083
B1153564551704N01149245EA015020167500000321801138
B1153574551701N01149240EA015040167600000322021138
B1153584551699N01149233EA015050167700000342291138
B1153594551699N01149226EA015060167800000342561138
B1154004551701N01149219EA015080168000000342761138
B1154014551705N01149214EA015100168300000342961138
B1154024551709N01149210EA015130168700000323161083
B1154034551714N01149209EA015160169100000323361083
B1154044551718N01149211EA015190169500000313361083
B1154054551722N01149215EA015230169800000350201083
B1154064551726N01149222EA015260170100000410371083
B1154074551728N01149231EA015280170300000480541083
B1154084551729N01149242EA015310170600000500721083
B1154094551726N01149251EA015330170900000490921083
B1154104551721N01149259EA015370171200000461151060
B1154114551715N01149263EA015390171400000461381060
B1154124551710N01149264EA015410171600000371581060
B1154134551705N01149262EA015430171800000371781103
B1154144551701N01149258EA015450171900000311991138
B1154154551699N01149253EA015460171900000312201138
B1154164551697N01149247EA015470172000000302371138
B1154174551696N01149241EA015480172100000302541138
B1154184551696N01149235EA015490172300000262591138
B1154194551696N01149229EA015500172500000262641138
B1154204551698N01149224EA015520172700000282811138
B1154214551701N01149219EA015530172800000282981138
B1154224551706N01149217EA015550173000000363231138
B1154234551711N01149217EA015580173500000363481083
B1154244551716N01149220EA015610173900000310081083
B1154254551719N01149225EA015650174300000310281083
B1154264551722N01149232EA015680174700000400461083
B1154274551724N01149241EA015710175100000420641083
B1154284551725N01149249EA015750175500000410761083
B1154294551724N01149258EA015790175900000410881083
B1154304551721N01149268EA015820176100000431001060
B1154314551717N01149276EA015840176100000431101060
B1154324551712N01149283EA015860176100000491261060
B1154334551706N01149288EA015870176100000491421103
B1154344551699N01149290EA015880176200000431571103
B1154354551694N01149289EA015880176300000431721103
B1154364551690N01149286EA015890176400000311931103
B1154374551687N01149281EA015890176300000312141103
B1154384551686N01149275EA015890176300000292401103
B1154394551687N01149269EA015890176200000292661103
B1154404551690N01149263EA015880176100000322891103
B1154414551694N01149260EA015870176100000323121103
B1154424551700N01149258EA015870176100000363331138
B1154434551705N01149260EA015870176100000363541103
B1154444551711N01149264EA015880176200000440131060
B1154454551716N01149271EA015880176300000440321060
B1154464551720N01149279EA015900176600000450441060
B1154474551723N01149287EA015920176800000450561060
B1154484551726N01149296EA015940177100000430621060
B1154494551728N01149304EA015960177400000430681060
B1154504551730N01149313EA015990177600000410701024
B1154514551732N01149322EA016010177800000410701024
B1154524551735N01149330EA016020178000000420701024
B1154534551737N01149339EA016030178100000430701024
B1154544551739N01149349EA016040178200000460701024
B1154554551741N01149359EA016040178200000490720975
B1154564551744N01149369EA016050178300000510700975
B1154574551747N01149380EA016040178300000540680975
B1154584551750N01149391EA016040178200000550660975
B1154594551754N01149402EA016030178000000540640975
B1155004551757N01149412EA016020177800000540620967
B1155014551761N01149422EA016010177600000540580967
B1155024551766N01149431EA015990177500000520560967
B1155034551769N01149440EA015990177500000480560967
B1155044551773N01149448EA015970177200000440560967
B1155054551776N01149456EA015960177100000440560967
B1155064551780N01149465EA015930176800000490580948
B1155074551784N01149475EA015910176400000550580948
B1155084551788N01149486EA015870176100000580580948
B1155094551792N01149497EA015840175800000600600948
B1155104551796N01149508EA015830175600000590620948
B1155114551801N01149518EA015810175500000540600925
B1155124551805N01149527EA015780175500000490560925
B1155134551808N01149537EA015770175400000470580965
B1155144551811N01149546EA015770175200000460640965
B1155154551814N01149555EA015760175100000450680965
B1155164551817N01149564EA015740175000000470640926
B1155174551821N01149573EA015720174700000510580926
B1155184551826N01149582EA015690174300000550520926
B1155194551831N01149592EA015660174000000580500926
B1155204551837N01149602EA015630173700000580500926
B1155214551841N01149611EA015620173600000510540851
B1155224551846N01149618EA015610173600000420530851
B1155234551850N01149626EA015590173500000420520851
B1155244551854N01149633EA015590173500000420540851
B1155254551857N01149641EA015580173400000420560852
B1155264551861N01149649EA015570173200000470540852
B1155274551865N01149658EA015550172900000510520852
B1155284551871N01149667EA015530172600000560480799
B1155294551876N01149676EA015500172300000580480799
B1155304551881N01149686EA015490172100000540520799
B1155314551885N01149695EA015470172200000490580799
B1155324551889N01149704EA015470172200000450580799
B1155334551893N01149712EA015460172200000450560757
B1155344551896N01149720EA015450172100000440570757
B1155354551900N01149729EA015430171900000480580757
B1155364551903N01149738EA015410171700000510600757
B1155374551906N01149749EA015400171400000540640757
B1155384551910N01149759EA015370171100000540640738
B1155394551914N01149769EA015350170900000520640738
B1155404551917N01149779EA015330170900000470620738
B1155414551920N01149787EA015320171000000470620738
B1155424551923N01149796EA015310171000000410660738
B1155434551924N01149804EA015310170900000410700738
B1155444551926N01149813EA015290170700000450720700
B1155454551928N01149823EA015270170400000500720700
B1155464551930N01149834EA015250170200000520700700
B1155474551931N01149845EA015240170100000510760700
B1155484551929N01149855EA015230170100000490900700
B1155494551925N01149864EA015220170000000491100668
B1155504551919N01149870EA015210169900000461290668
B1155514551913N01149874EA015200169800000461480668
B1155524551907N01149877EA015190169700000431540668
B1155534551900N01149880EA015180169600000431600681
B1155544551893N01149883EA015170169400000461630681
B1155554551886N01149884EA015160169200000461660681
B1155564551878N01149885EA015150169000000511710681
B1155574551871N01149884EA015130168800000511760681
B1155584551863N01149883EA015120168700000481810681
B1155594551857N01149881EA015110168700000481860681
B1156004551851N01149880EA015110168800000371860714
B1156014551845N01149881EA015110168700000371860714
B1156024551839N01149881EA015100168600000401800714
B1156034551833N01149881EA015090168500000401740714
B1156044551826N01149881EA015070168300000441740714
B1156054551819N01149880EA015060168100000471820714
B1156064551813N01149880EA015040167900000441820714
B1156074551806N01149879EA015020167900000441820775
B1156084551800N01149878EA015010167800000411840775
B1156094551793N01149876EA015000167700000411860775
B1156104551787N01149874EA014980167500000451900775
B1156114551780N01149871EA014960167400000451940775
B1156124551774N01149868EA014950167300000431960775
B1156134551769N01149865EA014940167200000431980775
B1156144551763N01149862EA014930167000000362010775
B1156154551759N01149859EA014920166900000362040775
B1156164551754N01149855EA014910166700000352050826
B1156174551749N01149851EA014890166300000352060826
B1156184551744N01149847EA014860165900000422070826
B1156194551738N01149842EA014840165700000422080826
B1156204551734N01149836EA014820165600000402140826
B1156214551730N01149831EA014810165500000402200826
B1156224551726N01149826EA014800165300000342210826
B1156234551722N01149821EA014780165100000342220826
B1156244551717N01149817EA014760164900000402140826
B1156254551711N01149814EA014740164700000402060826
B1156264551706N01149811EA014720164600000392020792
B1156274551700N01149808EA014710164400000391980792
B1156284551696N01149806EA014710164300000331980792
B1156294551690N01149803EA014690164200000331980792
B1156304551685N01149799EA014680163900000362010792
B1156314551680N01149797EA014660163700000362040792
B1156324551674N01149796EA014640163500000401950792
B1156334551669N01149796EA014620163200000401860792
B1156344551663N01149797EA014600162900000411780792
B1156354551657N01149799EA014570162600000411700792
B1156364551651N01149801EA014550162300000431690814
B1156374551645N01149802EA014530161900000431680814
B1156384551638N01149802EA014500161500000441720814
B1156394551632N01149802EA014480161300000441760814
B1156404551626N01149802EA014460161100000411790814
B1156414551620N01149801EA014430160900000411820814
B1156424551613N01149802EA014410160600000421790814
B1156434551607N01149802EA014370160300000421760853
B1156444551601N01149803EA014340159900000451750853
B1156454551594N01149803EA014310159500000451740853
B1156464551588N01149802EA014300159300000451800853
B1156474551581N01149801EA014290159200000451860853
B1156484551575N01149801EA014270159200000401830853
B1156494551569N01149801EA014260159100000401800853
B1156504551563N01149800EA014250159000000421820853
B1156514551556N01149800EA014250158800000421840858
B1156524551550N01149801EA014240158700000401780858
B1156534551544N01149803EA014220158600000401720858
B1156544551538N01149806EA014210158500000371670858
B1156554551533N01149807EA014200158400000371620858
B1156564551526N01149808EA014200158200000371670858
B1156574551521N01149809EA014180158100000371720812
B1156584551514N01149811EA014160158000000411710812
B1156594551508N01149812EA014150158000000411700812
B1157004551503N01149813EA014140158000000361710794
B1157014551497N01149814EA014130157900000361720794
B1157024551491N01149814EA014120157700000401750794
B1157034551484N01149815EA014100157500000401780794
B1157044551477N01149815EA014090157200000441760794
B1157054551471N01149816EA014070157000000441740794
B1157064551464N01149816EA014050156700000441760794
B1157074551457N01149816EA014030156500000441780773
B1157084551450N01149816EA014010156300000461810773
B1157094551443N01149816EA014000156100000461840773
B1157104551437N01149816EA013980156100000421810773
B1157114551430N01149817EA013970156100000421780773
B1157124551424N01149818EA013960156000000381740773
B1157134551418N01149819EA013950155800000381700773
B1157144551412N01149820EA013940155500000431730773
B1157154551404N01149821EA013920155200000431760759
B1157164551397N01149823EA013900155000000491730759
B1157174551391N01149825EA013890154900000491700759
B1157184551384N01149826EA013880154800000401700759
B1157194551378N01149827EA013870154700000401700759
B1157204551372N01149828EA013850154600000401750759
B1157214551365N01149828EA013840154500000401800759
B1157224551358N01149829EA013810154200000491780759
B1157234551350N01149829EA013780153900000491760752
B1157244551343N01149830EA013750153600000491760752
B1157254551336N01149830EA013730153300000491760752
B1157264551329N01149830EA013700153100000471760752
B1157274551322N01149831EA013680152900000471760752
B1157284551315N01149831EA013650152600000461760752
B1157294551308N01149831EA013630152400000461760752
B1157304551301N01149831EA013620152200000461780743
B1157314551294N01149832EA013600152000000461800743
B1157324551287N01149833EA013580151700000471750743
B1157334551281N01149835EA013560151500000471700743
B1157344551274N01149837EA013550151400000451700743
B1157354551267N01149838EA013540151300000451700743
B1157364551261N01149839EA013530151000000421720743
B1157374551254N01149840EA013520150900000421740722
B1157384551247N01149840EA013500150700000471750722
B1157394551240N01149841EA013490150600000471760722
B1157404551233N01149841EA013480150400000481770722
B1157414551226N01149842EA013470150300000481780722
B1157424551220N01149843EA013460150300000411760722
B1157434551213N01149843EA013450150200000411740722
B1157444551207N01149843EA013450150000000411770686
B1157454551200N01149842EA013440149800000411800686
B1157464551193N01149842EA013420149600000451790686
B1157474551187N01149843EA013400149400000451780686
B1157484551180N01149843EA013380149200000451770686
B1157494551173N01149844EA013370149000000451760686
B1157504551167N01149844EA013360148800000431770686
B1157514551160N01149845EA013350148700000431780686
B1157524551154N01149846EA013340148700000421760654
B1157534551148N01149847EA013320148400000421740654
B1157544551141N01149848EA013310148200000421740654
B1157554551134N01149848EA013290148000000421740654
B1157564551128N01149849EA013280147900000451740654
B1157574551121N01149850EA013260147700000451740654
B1157584551114N01149851EA013240147600000441740654
B1157594551107N01149852EA013230147400000441740623
B1158004551100N01149853EA013210147300000451740623
B1158014551093N01149854EA013200147200000451740623
B1158024551086N01149855EA013190147100000441740623
B1158034551080N01149856EA013180147000000441740623
B1158044551073N01149858EA013160146900000421710623
B1158054551067N01149860EA013150146700000421680597
B1158064551061N01149862EA013130146400000451680597
B1158074551054N01149864EA013110146100000461640571
B1158084551047N01149866EA013080145800000481670571
B1158094551039N01149867EA013050145500000481700571
B1158104551032N01149869EA013030145300000511710571
B1158114551024N01149871EA013010145200000511720571
B1158124551017N01149874EA013000145100000481680571
B1158134551011N01149876EA012980145000000481640571
B1158144551004N01149879EA012960144800000451640557
B1158154550997N01149881EA012950144700000451640557
B1158164550991N01149883EA012930144500000451680557
B1158174550984N01149884EA012920144500000451720557
B1158184550977N01149885EA012910144400000451730557
B1158194550971N01149885EA012900144300000451740557
B1158204550964N01149885EA012900144300000421760557
B1158214550958N01149885EA012900144300000421780557
B1158224550952N01149886EA012890144200000411760531
B1158234550945N01149886EA012880144000000411740531
B1158244550938N01149887EA012870143800000451740531
B1158254550931N01149888EA012850143600000451740531
B1158264550925N01149889EA012840143500000471730531
B1158274550918N01149891EA012830143300000471720531
B1158284550911N01149893EA012820143100000451670531
B1158294550905N01149896EA012790143000000451620520
B1158304550898N01149898EA012780142800000421650520
B1158314550891N01149899EA012760142400000421680520
B1158324550883N01149900EA012740142300000491710520
B1158334550876N01149901EA012710142100000491740520
B1158344550869N01149902EA012690141900000491730520
B1158354550862N01149903EA012670141700000491720520
B1158364550855N01149905EA012650141600000461720519
B1158374550848N01149906EA012630141400000461720519
B1158384550841N01149906EA012610141100000461750519
B1158394550834N01149905EA012590140900000461780519
B1158404550826N01149905EA012580140700000521790519
B1158414550819N01149906EA012560140700000521800519
B1158424550811N01149908EA012540140700000511750519
B1158434550804N01149910EA012530140800000511700506
B1158444550798N01149912EA012540140900000421700506
B1158454550792N01149913EA012530140900000421700506
B1158464550785N01149915EA012530140800000431700506
B1158474550778N01149916EA012520140800000431700506
B1158484550771N01149918EA012520140700000481700506
B1158494550764N01149920EA012500140600000481700506
B1158504550756N01149921EA012490140500000491730493
B1158514550749N01149921EA012480140600000491760493
B1158524550742N01149922EA012480140500000471740493
B1158534550735N01149924EA012460140500000471720493
B1158544550728N01149927EA012450140400000441690493
B1158554550721N01149928EA012430140300000441660493
B1158564550714N01149928EA012420140200000481710493
B1158574550707N01149929EA012400140100000481760484
B1158584550699N01149930EA012380140200000501760484
B1158594550691N01149931EA012360140200000501760484
B1159004550684N01149932EA012340140300000471740484
B1159014550677N01149933EA012330140000000471720484
B1159024550670N01149934EA012310139900000481730484
B1159034550662N01149935EA012290139600000481740484
B1159044550654N01149936EA012260139300000551730479
B1159054550647N01149937EA012240139100000551720479
B1159064550639N01149939EA012220139000000511720479
B1159074550632N01149940EA012200138900000511720479
B1159084550625N01149941EA012190138800000471720479
B1159094550618N01149942EA012170138500000471720479
B1159104550611N01149944EA012150138200000501710479
B1159114550603N01149946EA012120137900000501700467
B1159124550596N01149948EA012100137600000531700467
B1159134550588N01149949EA012070137400000531700467
B1159144550580N01149949EA012050137200000541720467
B1159154550571N01149951EA012030137000000541740467
B1159164550563N01149952EA012010137000000521730467
B1159174550555N01149954EA011990136900000521720453
B1159184550547N01149956EA011970136800000481720453
B1159194550539N01149956EA011950136700000481720453
B1159204550531N01149954EA011940136700000511780453
B1159214550523N01149955EA011920136500000511840453
B1159224550516N01149956EA011900136700000471800453
B1159234550509N01149958EA011890136800000471760453
B1159244550504N01149959EA011900136900000321750441
B1159254550499N01149959EA011890136800000321740441
B1159264550493N01149960EA011870136600000351750441
B1159274550488N01149960EA011850136400000351760441
B1159284550481N01149960EA011840136200000451760441
B1159294550474N01149960EA011840136100000451760441
B1159304550467N01149957EA011840136000000451800443
B1159314550463N01149955EA011850135900000451840443
B1159324550460N01149953EA011870136200000261900443
B1159334550456N01149951EA011900136200000261960435
B1159344550453N01149949EA011900136100000231990435
B1159354550449N01149947EA011910136000000232020435
B1159364550445N01149945EA011910135900000301990435
B1159374550439N01149943EA011910135800000301960435
B1159384550434N01149941EA011910135700000341940435
B1159394550430N01149939EA011930135600000341920435
B1159404550425N01149938EA011940135500000301930435
B1159414550420N01149936EA011960135500000301940435
B1159424550415N01149934EA011970135400000351940435
B1159434550409N01149932EA011980135500000351940435
B1159444550403N01149930EA011990135500000351940423
B1159454550398N01149928EA012010135500000351940423
B1159464550394N01149927EA012040135500000311940423
B1159474550389N01149926EA012050135500000311940423
B1159484550383N01149924EA012070135600000321930423
B1159494550378N01149923EA012080135600000321920423
B1159504550371N01149922EA012080135600000371900423
B1159514550365N01149921EA012080135600000371880423
B1159524550359N01149919EA012090135600000391890423
B1159534550354N01149918EA012090135700000391900408
B1159544550348N01149916EA012100135700000351910408
B1159554550343N01149916EA012110135900000351920408
B1159564550338N01149914EA012110136000000321910408
B1159574550333N01149912EA012100135900000321900408
B1159584550328N01149911EA012100135700000361900408
B1159594550322N01149909EA012080135600000361900408
B1200004550316N01149909EA012070135400000401880408
B1200014550311N01149908EA012050135400000401860413
B1200024550305N01149907EA012040135300000361860398
B1200034550300N01149905EA012040135200000361860398
B1200044550294N01149903EA012030135100000381880398
B1200054550288N01149902EA012010135000000381900398
B1200064550281N01149901EA011990134800000421880398
B1200074550275N01149900EA011980134800000421860398
B1200084550268N01149898EA011970134700000431860398
B1200094550262N01149897EA011960134700000421880398
B1200104550256N01149895EA011950134700000411880385
B1200114550250N01149895EA011940134600000411880385
B1200124550244N01149895EA011930134600000411840385
B1200134550237N01149895EA011930134500000411800385
B1200144550231N01149896EA011920134500000411770385
B1200154550225N01149898EA011920134400000411740385
B1200164550219N01149901EA011910134300000421690385
B1200174550212N01149905EA011900134200000421640385
B1200184550206N01149909EA011890134100000461610375
B1200194550200N01149912EA011870134100000461580375
B1200204550193N01149914EA011860134000000441600375
B1200214550187N01149916EA011860133900000441620375
B1200224550180N01149918EA011850133800000431640375
B1200234550174N01149921EA011840133700000431660375
B1200244550167N01149923EA011830133600000451660375
B1200254550160N01149925EA011810133500000451660375
B1200264550154N01149927EA011800133400000461670366
B1200274550147N01149928EA011790133300000461680366
B1200284550141N01149929EA011780133300000421690366
B1200294550135N01149930EA011770133200000421700366
B1200304550128N01149933EA011770133000000451690366
B1200314550121N01149935EA011750132800000451680366
B1200324550114N01149938EA011740132700000491670366
B1200334550107N01149940EA011730132600000491660354
B1200344550101N01149943EA011730132700000431630354
B1200354550095N01149947EA011730132600000431600354
B1200364550089N01149951EA011720132600000411580354
B1200374550083N01149955EA011710132600000411560354
B1200384550076N01149959EA011700132500000471570360
B1200394550069N01149962EA011690132300000471580360
B1200404550063N01149966EA011670132200000471580360
B1200414550056N01149969EA011660132100000471580351
B1200424550050N01149972EA011660132000000421590351
B1200434550044N01149975EA011650132000000421600351
B1200444550038N01149979EA011640132000000411590351
B1200454550032N01149983EA011640131900000411580351
B1200464550026N01149986EA011620131800000421580351
B1200474550020N01149987EA011610131700000421580351
B1200484550015N01149985EA011590131600000401730351
B1200494550010N01149978EA011570131300000401880351
B1200504550006N01149970EA011550130800000442140344
B1200514550002N01149963EA011530130600000442280344
B1200524549998N01149956EA011500130500000442300343
B1200534549994N01149948EA011480130500000432320343
B1200544549991N01149940EA011460130500000432360343
B1200554549988N01149932EA011450130400000432420343
B1200564549986N01149924EA011430130300000432480343
B1200574549983N01149915EA011410130300000432480343
B1200584549981N01149907EA011400130200000432480349
B1200594549978N01149898EA011390130000000422480349
B1201004549975N01149890EA011370129800000432460349
B1201014549972N01149881EA011350129700000442420349
B1201024549969N01149873EA011330129500000452400349
B1201034549966N01149864EA011300129300000452400349
B1201044549963N01149856EA011280129200000442400351
B1201054549960N01149848EA011260129000000432420351
B1201064549957N01149839EA011250128900000412440340
B1201074549955N01149831EA011230128800000402460340
B1201084549954N01149823EA011220128600000402480340
B1201094549952N01149815EA011200128400000402520340
B1201104549951N01149807EA011190128300000392560344
B1201114549950N01149799EA011170128100000372560344
B1201124549949N01149791EA011150127900000362560344
B1201134549948N01149784EA011130127700000362560344
B1201144549946N01149776EA011110127400000372560344
B1201154549945N01149768EA011100127200000382540344
B1201164549943N01149760EA011070127000000382540344
B1201174549941N01149753EA011060126800000382520343
B1201184549939N01149745EA011040126700000372500343
B1201194549937N01149738EA011010126400000372460343
B1201204549935N01149730EA010990126200000392480343
B1201214549934N01149721EA010960126000000432540343
B1201224549933N01149711EA010930125700000462560343
B1201234549932N01149701EA010900125400000462600350
B1201244549931N01149692EA010870125200000442600350
B1201254549930N01149683EA010850125000000422600350
B1201264549928N01149675EA010820124700000402540350
B1201274549926N01149667EA010790124500000402480350
B1201284549925N01149658EA010760124200000412500358
B1201294549924N01149649EA010740123900000442560358
B1201304549923N01149640EA010710123700000452600358
B1201314549922N01149630EA010670123400000452600358
B1201324549922N01149621EA010640123200000452600358
B1201334549921N01149611EA010610122900000462640358
B1201344549921N01149601EA010590122700000452680358
B1201354549921N01149592EA010570122400000442680358
B1201364549921N01149583EA010540122200000412660358
B1201374549921N01149574EA010520122000000392660358
B1201384549921N01149566EA010500121700000392700358
B1201394549922N01149557EA010480121500000412720361
B1201404549922N01149548EA010440121200000422720361
B1201414549922N01149538EA010410121000000442700361
B1201424549923N01149529EA010370120800000442700361
B1201434549923N01149519EA010350120500000442720361
B1201444549924N01149510EA010320120300000432740361
B1201454549925N01149502EA010290120100000412740365
B1201464549926N01149493EA010270119800000402780365
B1201474549927N01149485EA010250119600000402800365
B1201484549928N01149476EA010230119300000412800365
B1201494549929N01149467EA010200119100000432800365
B1201504549930N01149457EA010170118800000452760369
B1201514549931N01149448EA010140118500000472740369
B1201524549932N01149438EA010120118300000472760369
B1201534549933N01149428EA010100118000000452780369
B1201544549933N01149419EA010080117800000412760369
B1201554549934N01149411EA010070117600000392720369
B1201564549934N01149402EA010050117400000392700375
B1201574549935N01149394EA010040117200000392740375
B1201584549936N01149386EA010020117000000392780375
B1201594549937N01149378EA010000116700000412780375
B1202004549938N01149369EA009970116300000442800375
B1202014549940N01149359EA009950116000000482820375
B1202024549942N01149348EA009920115700000502840377
B1202034549944N01149338EA009890115400000492840377
B1202044549945N01149328EA009870115200000462820377
B1202054549946N01149320EA009860115100000412800377
B1202064549948N01149311EA009850115000000392800377
B1202074549949N01149303EA009850114900000382800379
B1202084549949N01149295EA009860114800000362800379
B1202094549950N01149287EA009860114700000352780379
B1202104549950N01149279EA009860114700000372740379
B1202114549951N01149270EA009850114600000402720379
B1202124549952N01149261EA009850114500000422740379
B1202134549953N01149251EA009860114400000442800378
B1202144549954N01149242EA009870114400000422820378
B1202154549954N01149233EA009870114300000402760378
B1202164549954N01149225EA009880114300000362720378
B1202174549954N01149217EA009890114300000342680378
B1202184549954N01149210EA009900114400000352710378
B1202194549955N01149201EA009900114300000392740377
B1202204549955N01149192EA009890114100000432700377
B1202214549954N01149182EA009880113900000452680377
B1202224549953N01149172EA009870113800000452660377
B1202234549952N01149163EA009860113800000442620377
B1202244549951N01149155EA009870113700000412580369
B1202254549949N01149147EA009880113600000382560369
B1202264549948N01149139EA009890113500000362560369
B1202274549947N01149131EA009890113500000382560369
B1202284549945N01149122EA009900113400000412560369
B1202294549944N01149113EA009900113300000422560369
B1202304549942N01149103EA009900113300000442580382
B1202314549941N01149094EA009900113300000442580382
B1202324549940N01149085EA009910113300000422580382
B1202334549939N01149077EA009930113300000392600382
B1202344549937N01149068EA009940113300000382580382
B1202354549936N01149061EA009940113200000382560382
B1202364549935N01149053EA009950113100000382560392
B1202374549933N01149044EA009950113000000402580392
B1202384549932N01149035EA009950113000000422560392
B1202394549930N01149026EA009950112900000422540392
B1202404549929N01149018EA009940112900000412540392
B1202414549928N01149009EA009950113000000402580394
B1202424549927N01149000EA009950113000000402620394
B1202434549926N01148991EA009950113000000402640394
B1202444549925N01148983EA009950112900000392620394
B1202454549924N01148975EA009940112800000392600394
B1202464549924N01148966EA009930112700000412600394
B1202474549923N01148957EA009920112600000452620399
B1202484549922N01148947EA009900112500000462620399
B1202494549920N01148937EA009880112400000462600399
B1202504549919N01148928EA009870112300000442600399
B1202514549918N01148919EA009850112200000412580399
B1202524549916N01148910EA009840112100000422560399
B1202534549915N01148901EA009820112000000432560404
B1202544549915N01148892EA009810111800000442600404
B1202554549914N01148882EA009800111700000442640404
B1202564549914N01148873EA009780111600000442640404
B1202574549913N01148864EA009760111400000432640404
B1202584549913N01148854EA009740111300000432660409
B1202594549913N01148845EA009730111200000452680409
B1203004549913N01148835EA009720111200000452680409
B1203014549912N01148825EA009710111100000452680409
B1203024549912N01148815EA009690111000000442660409
B1203034549911N01148806EA009690111000000422640416
B1203044549910N01148797EA009680111000000412640416
B1203054549910N01148788EA009680110900000412660416
B1203064549909N01148779EA009660110800000432660416
B1203074549909N01148769EA009640110600000452640416
B1203084549908N01148759EA009620110600000472660397
B1203094549908N01148749EA009600110500000482660397
B1203104549908N01148738EA009590110400000472680397
B1203114549907N01148729EA009570110300000462660397
B1203124549906N01148718EA009550110200000462660397
B1203134549906N01148708EA009540110100000482660399
B1203144549905N01148697EA009520109900000512660399
B1203154549904N01148686EA009490109700000522660399
B1203164549903N01148675EA009470109600000512620399
B1203174549901N01148665EA009450109400000482580399
B1203184549900N01148656EA009440109300000452560402
B1203194549899N01148647EA009430109200000432560402
B1203204549898N01148637EA009420109100000442600402
B1203214549897N01148627EA009400108900000462620402
B1203224549896N01148617EA009390108800000472620402
B1203234549895N01148607EA009370108600000462620400
B1203244549893N01148598EA009350108500000452580400
B1203254549891N01148589EA009340108400000432540400
B1203264549889N01148580EA009320108200000422520400
B1203274549888N01148572EA009320108200000412520400
B1203284549887N01148564EA009320108100000392560400
B1203294549886N01148555EA009310108000000392580402
B1203304549884N01148547EA009300107900000402580402
B1203314549882N01148537EA009290107700000442580402
B1203324549881N01148527EA009270107500000492580402
B1203334549879N01148516EA009260107400000512580402
B1203344549876N01148506EA009250107300000492540406
B1203354549874N01148497EA009240107200000462500406
B1203364549872N01148488EA009240107100000442480406
B1203374549870N01148479EA009250107100000432500406
B1203384549869N01148470EA009260107000000432540406
B1203394549867N01148461EA009280107000000422560406
B1203404549866N01148453EA009290107000000392560411
B1203414549864N01148447EA009300107000000392520411
B1203424549862N01148440EA009320107100000322480411
B1203434549859N01148434EA009320107100000322440411
B1203444549858N01148428EA009330107100000292460405
B1203454549857N01148421EA009350107100000292480405
B1203464549856N01148414EA009360107100000352560405
B1203474549855N01148405EA009350107000000382640404
B1203484549852N01148397EA009340106700000412580404
B1203494549850N01148389EA009320106600000402500404
B1203504549847N01148381EA009300106600000382460404
B1203514549846N01148374EA009300106600000382460404
B1203524549845N01148367EA009300106600000342460404
B1203534549844N01148360EA009290106500000332560404
B1203544549842N01148353EA009270106400000352530407
B1203554549840N01148345EA009240106200000372500407
B1203564549838N01148336EA009230106100000402520407
B1203574549837N01148328EA009210106000000412540407
B1203584549836N01148320EA009190105900000392560407
B1203594549834N01148312EA009170105900000362560407
B1204004549833N01148306EA009160105800000322540433
B1204014549831N01148299EA009150105700000322520433
B1204024549830N01148293EA009130105500000322550433
B1204034549830N01148285EA009110105300000372580433
B1204044549829N01148276EA009090105200000422640433
B1204054549829N01148267EA009060105100000412640433
B1204064549828N01148259EA009050105000000372660473
B1204074549827N01148251EA009030105000000352640473
B1204084549826N01148244EA009020104700000342590473
B1204094549825N01148237EA008990104400000342540473
B1204104549823N01148229EA008950104000000392500473
B1204114549822N01148220EA008920103700000432560473
B1204124549822N01148211EA008890103400000442620473
B1204134549821N01148202EA008870103200000412620495
B1204144549820N01148194EA008860103000000382600495
B1204154549818N01148187EA008840102800000382540495
B1204164549816N01148180EA008840102600000312510495
B1204174549814N01148174EA008830102500000312480495
B1204184549812N01148168EA008810102300000302460495
B1204194549810N01148161EA008800102100000302440495
B1204204549807N01148155EA008770101900000352440478
B1204214549804N01148147EA008750101600000392400478
B1204224549801N01148140EA008730101400000392390478
B1204234549798N01148133EA008720101300000392380478
B1204244549795N01148127EA008700101200000352360478
B1204254549792N01148121EA008680101000000352340478
B1204264549789N01148114EA008670100800000362350478
B1204274549785N01148107EA008650100700000362360482
B1204284549782N01148100EA008640100500000382360482
B1204294549779N01148094EA008620100300000382360482
B1204304549776N01148087EA008610100200000362350482
B1204314549773N01148081EA008590100100000362340482
B1204324549770N01148074EA008580099900000352370482
B1204334549768N01148067EA008560099600000352400482
B1204344549765N01148059EA008530099300000402420462
B1204354549762N01148051EA008510099100000422400462
B1204364549758N01148044EA008490099000000422380430
B1204374549755N01148037EA008480098900000422360430
B1204384549751N01148031EA008480098700000372340430
B1204394549747N01148025EA008480098600000372320430
B1204404549743N01148019EA008470098500000372290430
B1204414549740N01148013EA008460098400000372260430
B1204424549736N01148007EA008450098300000392270451
B1204434549731N01148000EA008440098300000392280451
B1204444549727N01147992EA008440098300000422300451
B1204454549724N01147986EA008450098200000422300451
B1204464549721N01147980EA008450098400000352310451
B1204474549718N01147975EA008460098500000352320451
B1204484549714N01147969EA008470098500000342300451
B1204494549711N01147964EA008470098500000342280451
B1204504549707N01147958EA008480098600000322280448
B1204514549704N01147954EA008500098600000322280448
B1204524549700N01147949EA008500098800000292260448
B1204534549697N01147944EA008500098700000292240448
B1204544549692N01147938EA008490098600000352230448
B1204554549688N01147932EA008480098500000352220448
B1204564549683N01147924EA008480098400000432260448
B1204574549680N01147917EA008480098500000432300448
B1204584549676N01147911EA008490098700000362300448
B1204594549673N01147906EA008500098800000362300480
B1205004549669N01147900EA008500098800000332310480
B1205014549666N01147894EA008510098800000332320480
B1205024549663N01147887EA008510098800000382330480
B1205034549659N01147880EA008510098700000382340480
B1205044549655N01147873EA008510098800000392340435
B1205054549651N01147867EA008510098800000392300435
B1205064549647N01147860EA008520098900000402290437
B1205074549643N01147853EA008530098900000402280437
B1205084549639N01147847EA008540099000000392290437
B1205094549635N01147840EA008550099100000392300437
B1205104549631N01147834EA008570099300000382310437
B1205114549627N01147827EA008590099400000382320437
B1205124549624N01147820EA008600099400000372320437
B1205134549619N01147813EA008610099400000372320437
B1205144549615N01147807EA008610099400000412290428
B1205154549610N01147800EA008600099400000412260428
B1205164549605N01147793EA008620099400000432250383
B1205174549601N01147787EA008630099600000432240383
B1205184549597N01147782EA008640099700000362240383
B1205194549593N01147776EA008640099700000362240383
B1205204549590N01147770EA008650099700000352270383
B1205214549586N01147763EA008650099600000352300383
B1205224549582N01147754EA008640099500000442340376
B1205234549578N01147747EA008640099500000442340376
B1205244549574N01147740EA008640099700000422330376
B1205254549571N01147733EA008650099800000422320376
B1205264549569N01147727EA008660099900000332350376
B1205274549566N01147721EA008680099900000332380376
B1205284549563N01147715EA008680099900000342370376
B1205294549559N01147708EA008670099800000342360404
B1205304549555N01147701EA008660099800000402340398
B1205314549552N01147694EA008670099700000402320398
B1205324549548N01147687EA008670099700000392310398
B1205334549543N01147681EA008670099800000392300398
B1205344549539N01147676EA008680099900000362260398
B1205354549536N01147669EA008670099800000362240398
B1205364549532N01147662EA008670099800000392300398
B1205374549529N01147655EA008660099700000392360429
B1205384549527N01147648EA008650099700000352390429
B1205394549525N01147642EA008650099800000352420429
B1205404549522N01147636EA008640099700000302430429
B1205414549521N01147630EA008630099700000302440429
B1205424549519N01147622EA008620099600000342480429
B1205434549517N01147615EA008600099500000342520429
B1205444549515N01147607EA008580099300000382500462
B1205454549513N01147599EA008550099200000392500462
B1205464549512N01147591EA008540099200000382520462
B1205474549512N01147583EA008520099200000382580462
B1205484549512N01147574EA008510099100000392640462
B1205494549512N01147565EA008500099100000402700462
B1205504549512N01147556EA008470099000000422700491
B1205514549512N01147547EA008450098900000432700491
B1205524549512N01147538EA008440098800000422680491
B1205534549511N01147529EA008420098700000412680491
B1205544549511N01147521EA008400098700000392660491
B1205554549511N01147512EA008400098600000392660491
B1205564549510N01147504EA008380098500000382660517
B1205574549510N01147495EA008370098400000392660517
B1205584549510N01147487EA008360098400000402660517
B1205594549509N01147478EA008350098300000392660517
B1206004549508N01147470EA008340098200000372640470
B1206014549507N01147463EA008330098100000372600470
B1206024549507N01147456EA008320098000000342610484
B1206034549506N01147448EA008310097900000362620484
B1206044549505N01147440EA008300097800000372620484
B1206054549504N01147432EA008290097700000372600484
B1206064549502N01147424EA008280097600000362580484
B1206074549501N01147417EA008270097600000362560484
B1206084549500N01147409EA008270097500000352560504
B1206094549499N01147401EA008270097400000372580504
B1206104549498N01147393EA008260097300000382580504
B1206114549497N01147385EA008250097200000382580504
B1206124549495N01147377EA008230097200000382560504
B1206134549494N01147369EA008220097100000372560504
B1206144549493N01147362EA008210097000000362560504
B1206154549492N01147354EA008200096900000362560523
B1206164549491N01147346EA008200096800000372580523
B1206174549490N01147338EA008190096700000382600523
B1206184549489N01147330EA008170096600000382600523
B1206194549486N01147322EA008160096500000382540523
B1206204549484N01147314EA008150096500000372500523
B1206214549482N01147307EA008140096400000372480547
B1206224549480N01147300EA008140096300000362470547
B1206234549477N01147293EA008130096200000362460547
B1206244549474N01147287EA008120096100000332390547
B1206254549471N01147281EA008100095900000332320547
B1206264549468N01147274EA008090095900000352350547
B1206274549464N01147266EA008080095800000382380547
B1206284549459N01147258EA008070095600000422400567
B1206294549456N01147250EA008050095500000412340513
B1206304549452N01147243EA008030095400000392340513
B1206314549448N01147236EA008020095300000392340513
B1206324549445N01147228EA008010095200000382360513
B1206334549442N01147220EA008000095000000392420513
B1206344549439N01147212EA007980094800000402440513
B1206354549437N01147205EA007950094700000402400510
B1206364549433N01147198EA007930094400000412360510
B1206374549429N01147190EA007920094300000422320510
B1206384549425N01147183EA007900094100000402310510
B1206394549422N01147177EA007890094000000402300510
B1206404549418N01147170EA007870094000000402280510
B1206414549414N01147164EA007860093700000402260510
B1206424549410N01147159EA007840093600000362230491
B1206434549406N01147155EA007830093300000362200424
B1206444549401N01147150EA007810093100000362170424
B1206454549397N01147145EA007790093000000362140424
B1206464549393N01147140EA007770092700000392180424
B1206474549389N01147134EA007750092400000392220424
B1206484549384N01147127EA007730092000000422230424
B1206494549380N01147121EA007710091800000422240424
B1206504549375N01147116EA007690091700000372240424
B1206514549371N01147110EA007670091700000372240450
B1206524549367N01147106EA007660091500000302220450
B1206534549363N01147101EA007640091100000302200450
B1206544549359N01147097EA007620090800000362180450
B1206554549354N01147092EA007600090500000362160413
B1206574549343N01147083EA007560090100000412100413
B1206584549338N01147079EA007540090100000392090413
B1206594549333N01147075EA007530090000000392080413
B1207004549328N01147070EA007530090000000382120413
B1207014549324N01147066EA007530089900000382160413
B1207024549318N01147061EA007530089800000402130413
B1207034549313N01147057EA007520089800000402100436
B1207044549309N01147053EA007520089800000382110436
B1207054549304N01147048EA007520089800000382120376
B1207064549300N01147044EA007530089900000362160376
B1207074549297N01147040EA007550090400000362200376
B1207084549294N01147037EA007570090800000232210376
B1207094549292N01147034EA007600091200000232220376
B1207104549289N01147031EA007620091400000192240376
B1207114549287N01147027EA007640091500000192260376
B1207124549284N01147023EA007650091600000242240376
B1207134549281N01147020EA007660091700000242220376
B1207144549277N01147018EA007670091900000292120376
B1207154549272N01147016EA007680092000000292020376
B1207164549268N01147015EA007700092200000281970376
B1207174549264N01147015EA007730092500000281920376
B1207184549261N01147014EA007760092800000221920376
B1207194549258N01147012EA007780093100000221920340
B1207204549256N01147007EA007810093400000242120352
B1207214549255N01147002EA007830093600000242320352
B1207224549256N01146995EA007860093900000342590352
B1207234549258N01146989EA007880094000000342860352
B1207244549262N01146984EA007890094300000373000394
B1207254549267N01146980EA007920094500000373140394
B1207264549274N01146978EA007940094600000473300394
B1207274549282N01146980EA007950094600000493460394
B1207284549288N01146984EA007970094600000500060394
B1207294549293N01146991EA007980094900000500260394
B1207304549296N01146998EA008010095200000420440394
B1207314549297N01147006EA008030095500000420620394
B1207324549296N01147013EA008050095600000310800376
B1207334549295N01147019EA008080095800000310980376
B1207344549292N01147024EA008100096000000291100376
B1207354549290N01147027EA008120096300000291220376
B1207364549287N01147028EA008150096500000191390376
B1207374549285N01147028EA008170096600000191560376
B1207384549281N01147027EA008180096700000221720376
B1207394549278N01147025EA008190096800000221880376
B1207404549275N01147021EA008210097000000261990376
B1207414549273N01147016EA008220097200000262100376
B1207424549272N01147010EA008250097500000302300394
B1207434549272N01147003EA008270097700000302500394
B1207444549274N01146997EA008300098000000312690394
B1207454549277N01146991EA008320098200000312880394
B1207464549281N01146987EA008350098300000383050394
B1207474549287N01146983EA008360098300000383220394
B1207484549294N01146982EA008370098200000493370394
B1207494549301N01146983EA008380098300000493520394
B1207504549308N01146988EA008390098400000490100394
B1207514549312N01146995EA008410098500000490280453
B1207524549314N01147002EA008420098800000410480453
B1207534549314N01147010EA008440099000000410680453
B1207544549312N01147016EA008460099100000290950436
B1207554549309N01147019EA008480099300000291220436
B1207564549305N01147021EA008500099500000261390376
B1207574549302N01147022EA008520099700000261560376
B1208014549288N01147019EA008590100500000251860376
B1208024549284N01147017EA008610100700000271920376
B1208034549280N01147014EA008630100900000271980376
B1208044549277N01147010EA008650101100000292040394
B1208054549273N01147007EA008680101300000292100394
B1208064549270N01147002EA008700101500000292190394
B1208074549268N01146996EA008730101800000292280394
B1208084549267N01146990EA008760102100000322470394
B1208094549268N01146983EA008790102300000322660394
B1208104549272N01146977EA008820102600000382870394
B1208114549277N01146971EA008840102800000383080394
B1208124549283N01146967EA008860103000000493250394
B1208134549291N01146966EA008870103300000503420394
B1208144549297N01146969EA008900103500000460030394
B1208154549302N01146976EA008920103800000460240394
B1208164549304N01146983EA008950104000000380500394
B1208174549303N01146990EA008970104300000380760394
B1208184549301N01146993EA008990104600000250760394
B1208194549297N01146994EA009020104800000261440394
B1208204549293N01146993EA009040105100000281720394
B1208214549289N01146989EA009060105300000282000394
B1208224549287N01146984EA009090105600000302210394
B1208234549286N01146977EA009110105900000302420394
B1208244549286N01146970EA009140106200000342570394
B1208254549287N01146963EA009170106600000342720394
B1208264549288N01146956EA009200106900000322800412
B1208274549290N01146950EA009240107300000322880412
B1208284549294N01146943EA009270107600000383010412
B1208294549299N01146938EA009300107800000383140412
B1208304549304N01146934EA009320108100000403250412
B1208314549310N01146933EA009340108400000403360460
B1208324549316N01146935EA009370108700000433570460
B1208334549322N01146940EA009400108900000430180460
B1208344549325N01146948EA009420109200000420420460
B1208354549325N01146956EA009440109400000420660460
B1208364549323N01146963EA009460109700000310940453
B1208374549320N01146966EA009490110100000311220453
B1208384549317N01146968EA009520110400000231440453
B1208394549314N01146968EA009550110700000231660453
B1208404549310N01146969EA009580111000000201700453
B1208414549307N01146968EA009610111200000201740394
B1208424549304N01146967EA009640111500000241870394
B1208434549301N01146963EA009660111700000242000394
B1208444549298N01146958EA009690112000000302160412
B1208454549296N01146953EA009720112400000302320412
B1208464549296N01146947EA009750112800000262540412
B1208474549298N01146941EA009790113200000262760412
B1208484549300N01146936EA009820113500000322900412
B1208494549304N01146930EA009850113800000323040412
B1208504549310N01146927EA009870114000000423230460
B1208514549317N01146927EA009900114200000423420460
B1208524549323N01146930EA009920114500000450020460
B1208534549328N01146935EA009950114800000450220460
B1208544549331N01146942EA009980115200000380410460
B1208554549333N01146950EA010010115500000380600460
B1208564549332N01146957EA010030115800000350810460
B1208574549329N01146963EA010060116000000351020453
B1208584549326N01146967EA010090116300000301280453
B1208594549321N01146968EA010120116600000301540453
B1209004549317N01146966EA010150117000000281790453
B1209014549314N01146962EA010180117400000282040453
B1209024549312N01146957EA010210117700000292250460
B1209034549312N01146950EA010240118000000292460460
B1209044549314N01146943EA010270118200000362730460
B1209054549318N01146938EA010290118400000363000460
B1209064549325N01146934EA010310118600000463200460
B1209074549331N01146933EA010340118900000463400460
B1209084549337N01146934EA010370119100000413570460
B1209094549343N01146938EA010400119500000410140460
B1209104549347N01146945EA010420119700000400340460
B1209114549349N01146953EA010440119900000400540460
B1209124549349N01146961EA010470120200000380730453
B1209134549347N01146968EA010490120400000380920453
B1209144549344N01146974EA010510120600000361150453
B1209154549339N01146978EA010540120800000361380453
B1209164549334N01146979EA010560121100000341560453
B1209174549329N01146978EA010590121400000341740453
B1209184549325N01146974EA010620121700000311990453
B1209194549323N01146968EA010640122000000312240453
B1209204549323N01146961EA010670122200000342500453
B1209214549326N01146953EA010690122500000382760460
B1209224549330N01146947EA010710122700000422970460
B1209234549336N01146943EA010740123000000423180460
B1209244549342N01146942EA010760123300000413380460
B1209254549348N01146944EA010790123600000413580460
B1209264549352N01146950EA010810123900000400220460
B1209274549355N01146957EA010840124000000400460460
B1209284549356N01146966EA010860124300000400660453
B1209294549354N01146974EA010880124500000400860453
B1209304549351N01146981EA010900124700000391090453
B1209314549346N01146985EA010920125000000391320453
B1209324549341N01146986EA010950125200000341570453
B1209334549337N01146983EA010970125500000341820453
B1209344549333N01146978EA010990125700000312070453
B1209354549332N01146972EA011010125900000312320453
B1209364549332N01146964EA011030126100000352580453
B1209374549335N01146957EA011050126200000352820460
B1209384549340N01146951EA011060126300000413030460
B1209394549346N01146948EA011080126600000413240460
B1209404549352N01146948EA011110126900000413440460
B1209414549358N01146951EA011130127200000410040460
B1209424549362N01146956EA011160127500000390230529
B1209434549366N01146963EA011190127800000390420511
B1209444549368N01146971EA011220128200000380590511
B1209454549367N01146979EA011250128400000380760511
B1209464549365N01146986EA011270128700000351000511
B1209474549361N01146991EA011290128900000351240511
B1209484549355N01146991EA011310129000000361510453
B1209494549350N01146989EA011330129200000361780453
B1209504549347N01146984EA011340129400000322050453
B1209514549346N01146977EA011360129600000322320453
B1209524549347N01146970EA011380129800000372600453
B1209534549350N01146963EA011410130100000372880453
B1209544549355N01146958EA011430130400000363050460
B1209554549360N01146955EA011460130700000363220529
B1209564549366N01146955EA011480131000000413420529
B1209574549372N01146957EA011510131200000410020529
B1209584549377N01146962EA011530131500000420210511
B1209594549381N01146970EA011560131900000420400511
B1210004549382N01146978EA011590132200000380620511
B1210014549381N01146985EA011620132400000380840511
B1210024549378N01146992EA011640132600000341040511
B1210034549375N01146996EA011660132900000341240511
B1210044549371N01146998EA011680133100000281470511
B1210054549366N01146997EA011700133200000281700511
B1210064549363N01146994EA011710133400000291930511
B1210074549360N01146989EA011730133500000292160511
B1210084549358N01146982EA011740133700000332340453
B1210094549357N01146975EA011760133900000332520453
B1210104549356N01146967EA011790134200000342580453
B1210114549357N01146960EA011820134500000342640460
B1210124549357N01146953EA011840134800000342730460
B1210134549359N01146946EA011870135100000342820529
B1210144549362N01146939EA011900135400000382920529
B1210154549366N01146933EA011940135700000383020529
B1210164549371N01146928EA011970136100000383160529
B1210174549376N01146926EA012010136600000383300529
B1210184549381N01146925EA012050137000000323460529
B1210194549386N01146928EA012080137400000320020529
B1210204549390N01146933EA012110137500000370020529
B1210214549393N01146940EA012130137700000400440529
B1210224549394N01146948EA012160137900000390620529
B1210234549393N01146955EA012180138100000390800529
B1210244549390N01146961EA012200138300000351080511
B1210254549386N01146964EA012220138500000351360511
B1210264549381N01146964EA012250138800000311620511
B1210274549377N01146961EA012270139100000311880511
B1210284549374N01146956EA012300139400000312110529
B1210294549372N01146950EA012320139600000312340529
B1210304549371N01146942EA012350140000000342500529
B1210314549371N01146935EA012380140300000342640529
B1210324549373N01146928EA012410140600000342780529
B1210334549376N01146922EA012440141000000342920529
B1210344549380N01146917EA012470141300000353090529
B1210354549385N01146915EA012500141600000353260529
B1210364549391N01146914EA012530141800000393430529
B1210374549397N01146916EA012550142000000390000529
B1210384549402N01146919EA012580142300000390150529
B1210394549406N01146925EA012610142700000390300529
B1210404549408N01146931EA012640143100000330510529
B1210414549408N01146938EA012670143300000330720529
B1210424549405N01146945EA012690143500000361010529
B1210434549400N01146948EA012700143600000361300529
B1210444549395N01146948EA012720143800000351590529
B1210454549391N01146945EA012750144000000351880529
B1210464549388N01146939EA012780144400000302120529
B1210474549386N01146934EA012810144700000302360529
B1210484549385N01146929EA012830145100000242460529
B1210494549385N01146923EA012860145400000242560529
B1210504549386N01146918EA012890145600000272730529
B1210514549389N01146913EA012910145700000272900529
B1210524549394N01146908EA012920145800000413120541
B1210534549401N01146906EA012930145900000413340541
B1210544549407N01146908EA012950146100000403540541
B1210554549412N01146911EA012970146300000400140590
B1210564549415N01146916EA012990146600000330300590
B1210574549418N01146922EA013010146800000330460590
B1210584549420N01146928EA013030147000000300610590
B1210594549419N01146935EA013040147200000300760590
B1211004549418N01146941EA013060147300000320900590
B1211014549416N01146948EA013070147400000321040590
B1211024549413N01146953EA013080147600000311190590
B1211034549409N01146957EA013100147700000311340590
B1211044549405N01146959EA013110147800000321470529
B1211054549400N01146961EA013130148000000321600511
B1211064549395N01146961EA013140148100000331690511
B1211074549390N01146961EA013160148300000331780511
B1211084549384N01146959EA013180148500000361870529
B1211094549379N01146955EA013190148700000361960529
B1211104549375N01146951EA013210148900000342070529
B1211114549372N01146946EA013240149200000342180529
B1211124549369N01146940EA013260149400000342280529
B1211134549367N01146933EA013290149700000342380529
B1211144549366N01146926EA013310150000000332540529
B1211154549368N01146919EA013340150200000332700529
B1211164549371N01146912EA013360150400000372870529
B1211174549375N01146907EA013380150600000373040541
B1211184549380N01146904EA013400150800000373230541
B1211194549385N01146904EA013410150900000373420541
B1211204549390N01146907EA013430151100000370060541
B1211214549394N01146913EA013450151300000370300529
B1211224549397N01146919EA013470151500000320480529
B1211234549398N01146925EA013490151800000320640529
B1211244549398N01146932EA013510152000000330790529
B1211254549396N01146939EA013530152200000330940529
B1211264549392N01146945EA013550152300000361180529
B1211274549386N01146947EA013560152400000361420529
B1211284549380N01146946EA013580152500000401680529
B1211294549375N01146943EA013590152700000401900529
B1211304549370N01146939EA013610152900000372000529
B1211314549366N01146935EA013630153100000372100529
B1211324549362N01146930EA013650153400000352190529
B1211334549359N01146923EA013670153600000352280529
B1211344549357N01146916EA013690153900000362420460
B1211354549357N01146908EA013710154100000352560476
B1211364549356N01146901EA013730154300000342590476
B1211374549355N01146894EA013750154500000342620476
B1211384549354N01146888EA013760154600000292570476
B1211394549353N01146881EA013770154800000292520476
B1211404549351N01146874EA013790154900000352530476
B1211414549349N01146865EA013790154900000402540476
B1211424549347N01146856EA013780154800000452520469
B1211434549344N01146847EA013780154700000492500469
B1211444549341N01146838EA013770154800000502440469
B1211454549338N01146829EA013780154800000442420469
B1211464549335N01146821EA013790154800000402420469
B1211474549333N01146813EA013800154900000382440469
B1211484549330N01146805EA013800154800000422460436
B1211494549327N01146795EA013790154700000462480436
B1211504549324N01146785EA013790154600000502500436
B1211514549322N01146775EA013770154400000532480436
B1211524549318N01146764EA013760154400000522460436
B1211534549315N01146755EA013760154400000482440423
B1211544549312N01146746EA013760154400000472460423
B1211554549309N01146736EA013760154300000472440423
B1211564549306N01146727EA013750154300000482440407
B1211574549303N01146718EA013740154200000492440407
B1211584549300N01146708EA013740154200000472440443
B1211594549298N01146699EA013730154100000492460443
B1212004549296N01146689EA013720154100000472480443
B1212014549293N01146679EA013720153900000472520443
B1212024549290N01146670EA013700153900000442480443
B1212034549287N01146662EA013700153800000432420443
B1212044549284N01146654EA013690153700000432400488
B1212054549281N01146646EA013680153600000412400488
B1212064549278N01146637EA013660153400000422420488
B1212074549275N01146628EA013650153100000442480488
B1212084549273N01146620EA013620152900000462460488
B1212094549270N01146611EA013590152600000472440532
B1212104549267N01146601EA013560152400000492440532
B1212114549265N01146591EA013540152200000502480532
B1212124549263N01146580EA013520152000000512540532
B1212134549260N01146570EA013500151700000502540532
B1212144549258N01146562EA013480151500000462480487
B1212154549254N01146554EA013460151400000432420482
B1212164549250N01146545EA013430151100000432340482
B1212174549247N01146537EA013410150900000442360482
B1212184549245N01146528EA013390150400000482440482
B1212194549243N01146518EA013360150200000512480482
B1212204549240N01146509EA013350150100000492460509
B1212214549238N01146501EA013330150200000412440509
B1212224549235N01146494EA013330150100000332420509
B1212234549233N01146488EA013320150000000332400509
B1212244549230N01146482EA013310149800000312400509
B1212254549226N01146474EA013290149400000402400509
B1212264549223N01146466EA013260149100000472380509
B1212274549219N01146457EA013240148900000502400537
B1212284549216N01146449EA013220148800000452400537
B1212294549214N01146442EA013210148900000452380537
B1212304549211N01146435EA013210148900000332390537
B1212314549208N01146429EA013210148900000332400492
B1212324549205N01146423EA013200148800000322360492
B1212334549202N01146417EA013190148700000322320492
B1212344549199N01146410EA013180148600000372360502
B1212354549196N01146403EA013170148400000372400502
B1212364549193N01146395EA013160148300000412440502
B1212374549191N01146387EA013150148300000392440502
B1212384549188N01146381EA013150148300000372400502
B1212394549185N01146374EA013140148200000372360502
B1212404549181N01146367EA013130148100000372370502
B1212414549178N01146359EA013120148000000402380520
B1212424549175N01146351EA013120147900000412420520
B1212434549172N01146345EA013110147800000412400520
B1212444549169N01146338EA013110147800000382360520
B1212454549166N01146332EA013110147800000382320520
B1212464549163N01146326EA013110147900000332350520
B1212474549161N01146320EA013110147800000332380520
B1212484549158N01146313EA013100147600000362390505
B1212494549155N01146306EA013090147500000362400540
B1212504549151N01146299EA013080147300000392370540
B1212514549148N01146292EA013070147300000392340540
B1212524549146N01146285EA013070147400000362360540
B1212534549143N01146278EA013070147400000362380540
B1212544549141N01146272EA013060147300000342390540
B1212554549138N01146266EA013060147300000342400540
B1212564549134N01146259EA013050147100000362370579
B1212574549131N01146253EA013040147100000362340579
B1212584549129N01146246EA013040147000000352360579
B1212594549126N01146240EA013030147000000352380579
B1213004549123N01146233EA013020146900000352390579
B1213014549120N01146226EA013020146800000352400579
B1213024549118N01146220EA013010146800000362400579
B1213034549115N01146213EA013000146600000362380579
B1213044549112N01146206EA012990146500000372370600
B1213054549109N01146199EA012990146400000372360562
B1213064549106N01146193EA012970146400000352380562
B1213074549104N01146186EA012970146300000352400562
B1213084549101N01146179EA012950146100000352400562
B1213094549098N01146172EA012940145900000352400562
B1213104549096N01146165EA012920145800000372400562
B1213114549093N01146158EA012910145600000372400598
B1213124549091N01146151EA012890145500000372420598
B1213134549088N01146143EA012880145300000372440598
B1213144549086N01146136EA012860145200000382440598
B1213154549083N01146128EA012840145100000382440598
B1213164549081N01146121EA012830144900000382440598
B1213174549078N01146113EA012820144800000392440598
B1213184549074N01146107EA012800144700000382400631
B1213194549071N01146100EA012780144600000382360631
B1213204549067N01146093EA012760144400000372350631
B1213214549064N01146086EA012740144200000372340631
B1213224549061N01146079EA012710143900000402340631
B1213234549057N01146071EA012680143700000422340567
B1213244549055N01146062EA012660143400000442400567
B1213254549052N01146054EA012640143200000442440590
B1213264549049N01146045EA012620143100000422460590
B1213274549047N01146038EA012610143000000422460590
B1213284549045N01146030EA012600142900000392460590
B1213294549042N01146022EA012590142700000392460590
B1213304549039N01146014EA012570142500000412440590
B1213314549037N01146006EA012550142300000422440593
B1213324549034N01145998EA012550142200000432440593
B1213334549030N01145990EA012530142100000422400593
B1213344549027N01145983EA012520142000000392390593
B1213354549024N01145976EA012520141900000392380593
B1213364549022N01145968EA012510141800000382400593
B1213374549019N01145960EA012510141600000392440594
B1213384549016N01145953EA012500141500000402420594
B1213394549013N01145945EA012480141400000412400594
B1213404549011N01145937EA012480141300000412400594
B1213414549008N01145929EA012470141200000402420532
B1213424549006N01145922EA012470141000000392420532
B1213434549002N01145914EA012460140900000392420532
B1213444549000N01145907EA012460140800000392420538
B1213454548997N01145899EA012450140700000402420538
B1213464548995N01145890EA012440140600000402420538
B1213474548993N01145881EA012430140500000422480538
B1213484548992N01145872EA012420140400000422540538
B1213494548990N01145863EA012410140300000422560538
B1213504548989N01145855EA012400140300000412580568
B1213514548987N01145847EA012390140200000402560568
B1213524548984N01145839EA012390140100000392500568
B1213534548981N01145831EA012370140000000392460568
B1213544548978N01145824EA012360139900000402420568
B1213554548974N01145815EA012340139700000422380568
B1213564548972N01145807EA012330139600000442420597
B1213574548969N01145798EA012320139500000452460597
B1213584548967N01145789EA012310139400000442460597
B1213594548964N01145780EA012300139300000422460597
B1214004548962N01145772EA012290139200000412460597
B1214014548959N01145763EA012280139100000412480564
B1214024548956N01145755EA012270139000000422460577
B1214034548954N01145746EA012260138900000432460577
B1214044548951N01145737EA012250138800000442460577
B1214054548949N01145729EA012230138800000432460577
B1214064548947N01145720EA012230138800000412480577
B1214074548946N01145712EA012230138700000392520577
B1214084548945N01145703EA012230138700000392600588
B1214094548944N01145695EA012220138600000392620588
B1214104548942N01145687EA012220138400000392580588
B1214114548940N01145679EA012200138300000402540588
B1214124548938N01145670EA012180138200000402480588
B1214134548936N01145662EA012170138100000402480588
B1214144548935N01145654EA012170138000000382520585
B1214154548933N01145646EA012160137900000372560585
B1214164548932N01145639EA012150137800000362530585
B1214174548930N01145632EA012130137600000362500585
B1214184548927N01145624EA012120137500000352460585
B1214194548926N01145617EA012120137400000352460585
B1214204548924N01145610EA012110137300000362480549
B1214214548922N01145603EA012110137200000362500549
B1214224548920N01145596EA012100137100000342480549
B1214234548917N01145589EA012090137000000342460549
B1214244548915N01145581EA012080136800000392420549
B1214254548912N01145574EA012060136600000392400549
B1214264548909N01145566EA012050136400000412420500
B1214274548907N01145558EA012040136300000382440453
B1214284548905N01145551EA012030136200000342450453
B1214294548903N01145545EA012020136000000342460453
B1214304548901N01145538EA012000135800000312460453
B1214314548898N01145531EA011980135600000312460453
B1214324548896N01145523EA011950135300000392460453
B1214334548894N01145515EA011930135100000422460453
B1214344548892N01145508EA011920135000000402450415
B1214354548889N01145502EA011910135000000402440415
B1214364548886N01145496EA011890134900000302400415
B1214374548884N01145490EA011880134700000302360415
B1214384548882N01145483EA011870134500000332440415
B1214394548881N01145475EA011850134300000372520415
B1214404548880N01145467EA011830134000000412580415
B1214414548878N01145458EA011800133900000422540389
B1214424548876N01145450EA011790133800000382500389
B1214434548874N01145443EA011780133800000382480389
B1214444548872N01145437EA011770133700000302480389
B1214454548870N01145430EA011760133600000302480389
B1214464548869N01145423EA011750133400000322520389
B1214474548867N01145416EA011730133200000322560389
B1214484548866N01145409EA011720133000000342540356
B1214494548864N01145402EA011700132800000342520356
B1214504548862N01145396EA011680132700000332460356
B1214514548860N01145389EA011660132500000332400356
B1214524548858N01145382EA011640132300000352490316
B1214534548857N01145374EA011620132100000392580316
B1214544548856N01145366EA011610131800000392600316
B1214554548854N01145359EA011580131700000392520282
B1214564548851N01145352EA011550131500000342460282
B1214574548849N01145346EA011530131200000342400282
B1214584548847N01145338EA011510130900000382460282
B1214594548845N01145329EA011490130600000442540282
B1215004548844N01145320EA011460130300000462540282
B1215014548842N01145311EA011440130200000402520266
B1215024548840N01145304EA011430130100000342510266
B1215034548839N01145298EA011420130100000342500266
B1215044548837N01145291EA011420129900000302520266
B1215054548836N01145284EA011400129700000302540266
B1215064548834N01145276EA011380129500000362540266
B1215074548832N01145268EA011360129300000392540266
B1215084548830N01145260EA011340129100000392520268
B1215094548828N01145253EA011310128900000392480268
B1215104548826N01145246EA011300128700000362490268
B1215114548825N01145238EA011280128500000402500268
B1215124548823N01145229EA011270128400000442520268
B1215134548823N01145220EA011260128500000412560268
B1215144548822N01145213EA011250128600000352590268
B1215154548821N01145206EA011250128700000352620294
B1215164548820N01145199EA011250128700000292640294
B1215174548820N01145191EA011240128500000342660294
B1215184548819N01145183EA011230128300000372640294
B1215194548819N01145175EA011210128100000392660294
B1215204548819N01145167EA011190128000000382640294
B1215214548818N01145159EA011180127900000342640330
B1215224548818N01145152EA011170127800000312660330
B1215234548818N01145145EA011170127600000312680330
B1215244548816N01145138EA011160127500000332580330
B1215254548813N01145132EA011140127400000332480330
B1215264548810N01145125EA011120127300000372410330
B1215274548807N01145118EA011120127200000372340356
B1215284548805N01145111EA011110127200000372410401
B1215294548804N01145104EA011120127200000372480401
B1215304548802N01145097EA011120127200000292540401
B1215314548801N01145090EA011110127100000292600401
B1215324548800N01145083EA011100126900000322580401
B1215334548798N01145076EA011080126700000322560401
B1215344548797N01145068EA011060126600000392540401
B1215354548796N01145060EA011040126400000392540448
B1215364548794N01145052EA011030126300000382560448
B1215374548793N01145044EA011020126200000352540448
B1215384548792N01145038EA011000126200000322540448
B1215394548791N01145031EA010990126000000322540448
B1215404548790N01145024EA010990125900000342560448
B1215414548789N01145017EA010970125700000342580448
B1215424548788N01145009EA010950125400000372540493
B1215434548786N01145002EA010930125300000372520493
B1215444548785N01144994EA010910125100000392540493
B1215454548784N01144986EA010900125000000392560493
B1215464548783N01144978EA010890124800000392560493
B1215474548782N01144969EA010870124800000382580493
B1215484548782N01144961EA010860124600000392640523
B1215494548781N01144952EA010850124500000392660523
B1215504548781N01144944EA010820124300000402660523
B1215514548779N01144935EA010800124000000402600523
B1215524548778N01144926EA010780123800000412560523
B1215534548777N01144918EA010760123700000412540523
B1215544548776N01144910EA010760123500000402560572
B1215554548774N01144901EA010750123400000402560572
B1215564548773N01144893EA010740123300000392560572
B1215574548772N01144886EA010740123300000392540572
B1215584548771N01144879EA010730123300000332540572
B1215594548770N01144872EA010730123300000332540572
B1216004548769N01144865EA010730123100000332590572
B1216014548769N01144857EA010730123000000332640637
B1216024548767N01144850EA010720122900000332590637
B1216034548765N01144843EA010700122800000332540637
B1216044548764N01144837EA010690122700000332540637
B1216054548763N01144830EA010680122500000332540637
B1216064548763N01144823EA010680122500000312560637
B1216074548761N01144816EA010670122300000312580637
B1216084548761N01144809EA010660122200000342580691
B1216094548759N01144801EA010650122000000392580690
B1216104548758N01144792EA010650121900000432580690
B1216114548756N01144783EA010650121900000422540690
B1216124548754N01144777EA010650121900000372480690
B1216134548751N01144770EA010650122300000372420690
B1216144548750N01144764EA010670122400000312450690
B1216154548748N01144757EA010680122400000312480728
B1216164548747N01144749EA010690122300000352560728
B1216174548745N01144741EA010690122300000372560728
B1216184548743N01144734EA010700122500000372500728
B1216194548741N01144727EA010710122700000372440728
B1216204548739N01144720EA010720123000000342470728
B1216214548738N01144712EA010740123200000362500754
B1216224548738N01144704EA010750123300000392600754
B1216234548738N01144694EA010760123400000422680754
B1216244548738N01144685EA010770123500000422680754
B1216254548736N01144676EA010780123700000422640754
B1216264548735N01144668EA010790123800000412580754
B1216274548734N01144660EA010810123900000382580772
B1216284548734N01144653EA010840124000000332610772
B1216294548734N01144646EA010860124400000332640772
B1216304548733N01144640EA010880124600000312630772
B1216314548733N01144632EA010900124700000322620772
B1216324548732N01144625EA010910124900000342650772
B1216334548733N01144617EA010930125000000362680772
B1216344548733N01144609EA010950125200000362700769
B1216354548732N01144602EA010970125300000362680769
B1216364548731N01144595EA010980125500000312650769
B1216374548730N01144588EA011000125700000312620769
B1216384548729N01144581EA011020125900000312620769
B1216394548728N01144574EA011030126100000312620769
B1216404548727N01144566EA011040126300000352640769
B1216414548726N01144557EA011040126300000372640775
B1216424548726N01144548EA011050126400000412640775
B1216434548726N01144539EA011050126400000432680775
B1216444548726N01144530EA011060126600000422700775
B1216454548725N01144521EA011070126700000402680775
B1216464548725N01144513EA011090126800000372640775
B1216474548724N01144505EA011110126900000372640788
B1216484548725N01144496EA011140127100000402680788
B1216494548726N01144488EA011160127400000392720788
B1216504548728N01144480EA011180127500000382800788
B1216514548729N01144473EA011210127700000382820788
B1216524548732N01144466EA011220128000000362870788
B1216534548736N01144460EA011260128400000362920794
B1216544548740N01144453EA011290128700000423020794
B1216554548746N01144448EA011320129300000423120794
B1216564548752N01144447EA011360130100000373240794
B1216574548757N01144449EA011400130500000373520794
B1217004548766N01144469EA011490131400000330620773
B1217014548763N01144474EA011530131700000330840773
B1217024548759N01144478EA011560131800000331180788
B1217034548755N01144476EA011590131900000331520788
B1217044548751N01144472EA011620132300000341810788
B1217054548749N01144465EA011660132800000342100788
B1217064548749N01144458EA011700133300000332430794
B1217074548752N01144451EA011740133700000332760794
B1217084548755N01144444EA011770134000000392880794
B1217094548758N01144437EA011810134300000393000794
B1217104548763N01144433EA011850134600000383110793
B1217114548768N01144431EA011890135000000383220793
B1217124548774N01144431EA011930135200000363430793
B1217134548779N01144434EA011960135500000360040793
B1217144548783N01144438EA011990135700000380220793
B1217154548786N01144445EA012010135900000380400793
B1217164548786N01144452EA012030136000000340610793
B1217174548782N01144457EA012050136200000340820793
B1217184548778N01144460EA012080136200000341180793
B1217194548774N01144460EA012100136500000341540793
B1217204548770N01144460EA012130137000000281690793
B1217214548767N01144457EA012170137400000281840793
B1217224548764N01144453EA012200137800000262020793
B1217234548762N01144448EA012240138100000262200793
B1217244548761N01144442EA012280138400000312340793
B1217254548760N01144434EA012310138800000342480793
B1217264548761N01144427EA012350139200000372640793
B1217274548763N01144419EA012380139500000422800793
B1217284548767N01144412EA012410139700000432940804
B1217294548773N01144408EA012430140000000433080804
B1217304548778N01144407EA012470140500000383320804
B1217314548783N01144409EA012500140800000383560804
B1217324548787N01144414EA012530141100000370200793
B1217334548789N01144420EA012560141400000370440793
B1217344548788N01144427EA012580141500000310740793
B1217354548785N01144432EA012610141600000311040793
B1217364548780N01144435EA012620141800000351300793
B1217374548775N01144436EA012640142100000351560793
B1217384548770N01144433EA012660142400000371750793
B1217394548766N01144428EA012690142700000371940793
B1217404548764N01144421EA012710142900000382190793
B1217414548762N01144412EA012730143200000412440804
B1217424548763N01144403EA012750143400000432620804
B1217434548765N01144395EA012770143700000452740804
B1217444548770N01144388EA012790143900000442920804
B1217454548775N01144382EA012810144100000443100804
B1217464548780N01144379EA012840144400000373220804
B1217474548785N01144377EA012870144700000373340804
B1217484548790N01144376EA012900145100000313430804
B1217494548794N01144376EA012930145400000313520804
B1217504548797N01144378EA012960145700000240050804
B1217514548800N01144381EA012990145900000240180804
B1217524548803N01144386EA013010146000000320370804
B1217534548805N01144393EA013030146200000320560804
B1217544548806N01144400EA013050146500000360680804
B1217554548805N01144408EA013080146800000360800804
B1217564548802N01144413EA013100147100000331030804
B1217574548798N01144417EA013130147200000331260793
B1217584548792N01144417EA013140147300000371540793
B1217594548787N01144414EA013150147300000371820793
B1218004548783N01144409EA013160147500000381820804
B1218024548779N01144393EA013180147900000412420804
B1218034548779N01144384EA013190147800000422600804
B1218044548779N01144375EA013190148000000452680804
B1218054548780N01144365EA013190148100000472760804
B1218064548782N01144354EA013190148300000502780790
B1218074548783N01144344EA013200148500000492780790
B1218084548786N01144335EA013220148700000462780790
B1218094548790N01144330EA013250148800000462860790
B1218104548795N01144329EA013270149000000333040790
B1218114548799N01144328EA013290149200000333220790
B1218124548804N01144330EA013310149400000283420790
B1218134548808N01144332EA013330149500000280020790
B1218144548811N01144335EA013340149700000250190783
B1218154548814N01144338EA013360149900000250360783
B1218164548817N01144339EA013380150200000230260783
B1218174548821N01144340EA013400150300000230160783
B1218184548826N01144340EA013410150500000300100783
B1218194548830N01144342EA013430150700000300040783
B1218204548834N01144346EA013450151000000320250783
B1218214548836N01144352EA013480151200000320460783
B1218224548836N01144359EA013500151300000320710783
B1218234548834N01144365EA013520151500000320960801
B1218244548831N01144369EA013550151900000311140801
B1218254548828N01144373EA013590152300000311320801
B1218264548825N01144374EA013630152700000251470801
B1218274548822N01144373EA013660153100000251620801
B1218284548818N01144371EA013700153400000301810801
B1218294548814N01144368EA013720153700000302000801
B1218304548810N01144364EA013750154000000342060801
B1218314548807N01144357EA013780154300000342120790
B1218324548805N01144349EA013810154500000392340790
B1218334548805N01144340EA013830154800000402500790
B1218344548805N01144332EA013860155200000392640790
B1218354548807N01144325EA013880155300000392780790
B1218364548809N01144318EA013890155500000332850790
B1218374548812N01144312EA013910155700000332920749
B1218384548815N01144307EA013920155800000333040749
B1218394548820N01144304EA013930155800000333160749
B1218404548825N01144302EA013930155700000353320749
B1218414548831N01144303EA013930155800000353480749
B1218424548836N01144305EA013930156000000370030749
B1218434548840N01144310EA013940156100000370180749
B1218444548843N01144316EA013950156200000360380783
B1218454548845N01144322EA013960156400000360540783
B1218464548846N01144328EA013970156700000290640783
B1218474548847N01144334EA013990156900000290740783
B1218484548847N01144340EA014010157100000250800783
B1218494548845N01144345EA014030157300000250860783
B1218504548842N01144351EA014050157400000321070783
B1218514548839N01144356EA014080157700000321280783
B1218524548835N01144359EA014100157900000301360783
B1218534548832N01144361EA014130158200000301440783
B1218544548827N01144361EA014160158500000331640783
B1218554548822N01144358EA014180158700000331840783
B1218564548818N01144353EA014200158800000371970783
B1218574548813N01144348EA014200159000000372100783
B1218584548810N01144342EA014230159200000352190783
B1218594548807N01144337EA014250159500000352280790
B1219004548804N01144331EA014270159700000312310790
B1219014548801N01144325EA014270159900000312340790
B1219024548798N01144319EA014280160000000362330790
B1219034548794N01144311EA014270160200000412320762
B1219044548791N01144304EA014290160400000392340762
B1219054548788N01144298EA014300160600000392360762
B1219064548785N01144292EA014310160800000342340762
B1219074548782N01144286EA014320160900000342320762
B1219084548778N01144279EA014330161100000372340762
B1219094548775N01144271EA014330161200000402360762
B1219104548772N01144263EA014320161300000412380749
B1219114548770N01144255EA014310161400000422420749
B1219124548767N01144246EA014300161400000442460749
B1219134548763N01144236EA014270161400000472440749
B1219144548760N01144226EA014240161400000492440749
B1219154548757N01144216EA014210161500000502440782
B1219164548753N01144207EA014180161500000512440767
B1219174548749N01144197EA014170161600000492420767
B1219184548746N01144189EA014150161600000472380767
B1219194548742N01144180EA014140161700000462380767
B1219204548738N01144174EA014120161800000442340767
B1219214548733N01144166EA014100161700000442300767
B1219224548729N01144158EA014080161600000462300748
B1219234548724N01144149EA014050161600000512320748
B1219244548719N01144140EA014010161600000532320748
B1219254548715N01144129EA014010161600000562300748
B1219264548712N01144120EA014010161700000502360748
B1219274548709N01144113EA014020161900000502400737
B1219284548707N01144106EA014030162000000372370737
B1219294548703N01144101EA014030161900000372340737
B1219304548700N01144094EA014020161800000352320737
B1219314548696N01144087EA014000161600000352300737
B1219324548692N01144077EA013980161500000482360737
B1219334548689N01144066EA013960161400000522400737
B1219344548686N01144056EA013940161400000512440716
B1219354548683N01144048EA013940161500000482440716
B1219364548680N01144039EA013940161500000462420716
B1219374548676N01144031EA013940161500000442400716
B1219384548672N01144024EA013940161400000432360716
B1219394548668N01144016EA013920161300000442320716
B1219404548663N01144009EA013890161100000442290703
B1219414548659N01144000EA013860161000000482260646
B1219424548654N01143991EA013850160800000492320646
B1219434548651N01143984EA013840160800000492340646
B1219444548647N01143976EA013820160800000442340646
B1219454548643N01143967EA013810160700000452340646
B1219464548639N01143959EA013790160500000482340615
B1219474548635N01143949EA013780160400000492360615
B1219484548631N01143940EA013770160400000472380615
B1219494548628N01143932EA013770160300000442380615
B1219504548624N01143926EA013760160200000402340615
B1219514548620N01143919EA013750160100000402300615
B1219524548615N01143913EA013730159900000412260618
B1219534548611N01143905EA013710159800000412220618
B1219544548607N01143897EA013700159600000432280574
B1219554548604N01143887EA013680159400000472380574
B1219564548601N01143878EA013670159300000482420574
B1219574548596N01143870EA013660159100000462400574
B1219584548592N01143862EA013640159000000452360573
B1219594548588N01143854EA013630158900000452320573
B1220004548584N01143846EA013630158800000442320573
B1220014548581N01143837EA013630158700000452360573
B1220024548577N01143829EA013610158500000462360573
B1220034548572N01143820EA013600158300000472360573
B1220044548568N01143811EA013580158100000482360550
B1220054548564N01143802EA013560158000000482360550
B1220064548560N01143794EA013540157900000462360550
B1220074548556N01143787EA013520157700000462340501
B1220084548551N01143780EA013490157400000452280501
B1220094548545N01143773EA013460157100000452220501
B1220104548541N01143765EA013440156900000472220501
B1220114548536N01143757EA013430156700000482260476
B1220124548531N01143750EA013410156500000472260476
B1220134548526N01143742EA013400156300000462260476
B1220144548520N01143735EA013380156100000462230476
B1220154548515N01143728EA013360155900000462200476
B1220164548510N01143721EA013340155700000482220476
B1220174548505N01143713EA013330155500000472240396
B1220184548501N01143705EA013320155300000462280396
B1220194548497N01143698EA013300155100000462280396
B1220204548492N01143691EA013290155000000452290396
B1220214548488N01143683EA013270154800000452300396
B1220224548483N01143675EA013250154600000462300396
B1220234548479N01143667EA013240154400000482300396
B1220244548474N01143659EA013220154200000472280374
B1220254548469N01143652EA013210154000000472280374
B1220264548465N01143645EA013200153800000422280374
B1220274548461N01143638EA013180153500000422280374
B1220284548456N01143631EA013160153100000422270326
B1220294548452N01143623EA013140152900000432260326
B1220304548447N01143615EA013110152600000452280326
B1220314548443N01143607EA013090152400000482300299
B1220324548439N01143599EA013080152200000472300299
B1220334548435N01143592EA013060152000000472300299
B1220344548431N01143586EA013050151800000412270299
B1220354548426N01143579EA013040151700000412240299
B1220364548421N01143572EA013020151400000432240299
B1220374548417N01143565EA013010151200000432240299
B1220384548414N01143557EA012990151000000452280301
B1220394548411N01143549EA012970150700000442320301
B1220404548408N01143541EA012960150500000422360241
B1220414548405N01143534EA012960150200000422360241
B1220424548401N01143527EA012960150000000392360241
B1220434548397N01143520EA012950149800000382320241
B1220444548394N01143513EA012940149500000382310243
B1220454548390N01143506EA012920149200000382300243
B1220464548386N01143499EA012910148900000412290243
B1220474548382N01143491EA012890148500000432280243
B1220484548378N01143484EA012870148300000432280243
B1220494548374N01143476EA012850148000000432280243
B1220504548370N01143468EA012840147800000432320243
B1220514548366N01143461EA012830147500000432340266
B1220524548362N01143453EA012810147300000432320266
B1220534548358N01143446EA012800147100000432320206
B1220544548355N01143439EA012790146800000402320206
B1220554548351N01143432EA012780146600000402320206
B1220564548347N01143425EA012760146400000402340206
B1220574548344N01143417EA012750146200000412360206
B1220584548340N01143409EA012720146000000422360228
B1220594548337N01143402EA012700145800000422340228
B1221004548333N01143394EA012680145600000432360228
B1221014548330N01143386EA012670145400000432380228
B1221024548327N01143377EA012650145200000432400228
B1221034548323N01143369EA012640145000000432380228
B1221044548320N01143362EA012630144900000422370243
B1221054548316N01143354EA012610144700000432360243
B1221064548313N01143345EA012600144500000452380243
B1221074548310N01143336EA012590144400000462380243
B1221084548306N01143327EA012570144200000472400182
B1221094548303N01143319EA012570144100000472400182
B1221104548300N01143310EA012570143900000452400185
B1221114548297N01143302EA012560143800000442420185
B1221124548294N01143294EA012560143700000432420185
B1221134548291N01143285EA012550143600000432420185
B1221144548287N01143277EA012550143500000422420185
B1221154548284N01143269EA012540143300000422400185
B1221164548280N01143261EA012530143200000422380191
B1221174548276N01143254EA012520143000000422360191
B1221184548273N01143246EA012510142900000412360191
B1221194548269N01143239EA012500142800000412360191
B1221204548266N01143232EA012480142600000392360191
B1221214548263N01143225EA012470142400000392360191
B1221224548259N01143217EA012450142200000412360164
B1221234548255N01143210EA012420142000000412340150
B1221244548252N01143203EA012400141800000412350150
B1221254548249N01143196EA012380141600000412360150
B1221264548246N01143188EA012360141400000402380150
B1221274548243N01143180EA012340141200000422380150
B1221284548239N01143172EA012320141000000442380150
B1221294548236N01143163EA012300140900000442380137
B1221304548234N01143155EA012280140700000432420137
B1221314548231N01143148EA012270140500000432440137
B1221324548228N01143141EA012250140400000372420137
B1221334548225N01143133EA012240140100000372400137
B1221344548222N01143126EA012220139900000392400137
B1221354548219N01143118EA012190139600000422400137
B1221364548216N01143109EA012170139400000442400126
B1221374548213N01143101EA012150139300000432400126
B1221384548211N01143094EA012140139200000412410126
B1221394548208N01143086EA012120139100000402420124
B1221404548205N01143078EA012110138900000392420124
B1221414548202N01143071EA012090138700000392400124
B1221424548199N01143063EA012070138500000402400123
B1221434548196N01143055EA012050138300000422420123
B1221444548193N01143046EA012030138200000432440123
B1221454548191N01143038EA012010138000000412440123
B1221464548188N01143030EA011990137900000402440123
B1221474548185N01143023EA011980137700000402440123
B1221484548182N01143016EA011970137500000382420123
B1221494548179N01143009EA011950137300000382400119
B1221504548176N01143002EA011940137100000392370119
B1221514548172N01142995EA011920136900000392340119
B1221524548168N01142988EA011900136600000402330119
B1221534548165N01142980EA011880136400000402320119
B1221544548161N01142973EA011860136100000402330119
B1221554548157N01142965EA011840135900000392340123
B1221564548154N01142958EA011810135600000402350116
B1221574548151N01142950EA011790135300000412360116
B1221584548148N01142941EA011770135000000422400116
B1221594548145N01142933EA011740134700000432420116
B1222004548141N01142924EA011720134500000442420116
B1222014548138N01142916EA011690134300000442400116
B1222024548135N01142908EA011680134100000432380119
B1222034548132N01142900EA011660133800000422380119
B1222044548129N01142892EA011640133600000422400119
B1222054548126N01142883EA011620133300000422420119
B1222064548123N01142875EA011600133000000422420119
B1222074548120N01142867EA011570132800000422420119
B1222084548118N01142860EA011550132500000402410118
B1222094548115N01142852EA011530132300000392400118
B1222104548112N01142845EA011500132000000392410118
B1222114548109N01142837EA011480131700000402420115
B1222124548107N01142828EA011450131500000422440115
B1222134548104N01142819EA011430131200000442460115
B1222144548101N01142811EA011410130900000442460121
B1222154548098N01142802EA011380130700000432440121
B1222164548095N01142794EA011360130500000432420121
B1222174548093N01142786EA011340130300000412420121
B1222184548090N01142778EA011330130100000412440121
B1222194548087N01142770EA011300129900000422440121
B1222204548084N01142761EA011280129600000442440126
B1222214548081N01142752EA011250129400000462440126
B1222224548078N01142744EA011230129200000462420126
B1222234548075N01142735EA011220129000000452400126
B1222244548072N01142727EA011210128800000432420126
B1222254548070N01142720EA011200128600000432420126
B1222264548067N01142712EA011190128400000392440129
B1222274548064N01142704EA011170128200000402440129
B1222284548061N01142696EA011160128000000422440129
B1222294548058N01142688EA011140127800000432400128
B1222304548056N01142680EA011130127600000422400128
B1222314548053N01142674EA011120127400000422400128
B1222324548051N01142667EA011120127300000362400128
B1222334548048N01142661EA011100127100000362400131
B1222344548045N01142654EA011090126900000342380131
B1222354548042N01142647EA011070126600000342360131
B1222364548039N01142639EA011040126400000412380131
B1222374548037N01142632EA011030126200000412400131
B1222384548036N01142624EA011020126100000382480131
B1222394548035N01142617EA011010126000000382560131
B1222404548034N01142609EA011000125900000332580129
B1222414548033N01142602EA010990125800000332600129
B1222424548032N01142594EA010980125600000342620129
B1222434548031N01142586EA010960125400000362620129
B1222444548030N01142578EA010930125100000382580129
B1222454548028N01142569EA010910125000000392560129
B1222464548027N01142561EA010900124800000392560127
B1222474548026N01142552EA010880124600000382580127
B1222484548025N01142544EA010870124400000372620127
B1222494548023N01142537EA010860124300000372600127
B1222504548022N01142529EA010840124100000352560127
B1222514548020N01142522EA010820123900000342540127
B1222524548018N01142515EA010800123800000352520127
B1222534548016N01142507EA010790123600000372500148
B1222544548013N01142499EA010760123400000372500148
B1222554548011N01142492EA010740123200000372480148
B1222564548009N01142484EA010720123100000362480193
B1222574548007N01142477EA010710122900000362500193
B1222584548005N01142470EA010690122700000352500193
B1222594548003N01142463EA010670122500000352500243
B1223004548001N01142456EA010650122400000362470243
B1223014547998N01142448EA010630122100000382440243
B1223024547996N01142440EA010620122000000402460243
B1223034547995N01142432EA010600121800000412520243
B1223044547994N01142424EA010590121600000412560243
B1223054547993N01142415EA010570121400000402560243
B1223064547991N01142407EA010550121300000382540280
B1223074547989N01142399EA010530121100000392500280
B1223084547987N01142391EA010510120900000392520280
B1223094547986N01142382EA010490120700000402560280
B1223104547986N01142374EA010470120500000392600280
B1223114547985N01142366EA010460120400000372600280
B1223124547983N01142359EA010440120100000352570320
B1223134547982N01142352EA010420120000000352540320
B1223144547980N01142344EA010400119700000372520320
B1223154547980N01142336EA010380119500000372560320
B1223164547979N01142328EA010360119300000362620320
B1223174547979N01142321EA010330119200000362640320
B1223184547978N01142314EA010310118900000322630355
B1223194547977N01142306EA010280118600000332620355
B1223204547976N01142299EA010240118300000342610355
B1223214547976N01142291EA010200118000000372600355
B1223224547975N01142282EA010170117700000382620355
B1223234547974N01142274EA010140117500000382600355
B1223244547972N01142267EA010120117300000362560355
B1223254547970N01142260EA010090117000000362520386
B1223264547968N01142254EA010070116800000352480386
B1223274547965N01142246EA010050116500000362440386
B1223284547963N01142238EA010020116300000382440386
B1223294547960N01142230EA010000116000000392460409
B1223304547958N01142223EA009970115800000382450409
B1223314547955N01142216EA009950115600000382440409
B1223324547953N01142210EA009930115400000342430449
B1223334547951N01142203EA009920115200000342420449
B1223344547949N01142197EA009900114900000342420449
B1223354547946N01142189EA009880114600000382420449
B1223364547943N01142181EA009850114400000402400449
B1223374547940N01142173EA009830114200000422400449
B1223384547938N01142166EA009810114000000402420449
B1223394547936N01142158EA009800113900000372440492
B1223404547933N01142151EA009780113700000352450492
B1223414547930N01142143EA009770113500000362460492
B1223424547926N01142136EA009750113300000382430492
B1223434547923N01142127EA009730113000000412400492
B1223444547920N01142119EA009730112900000422400492
B1223454547920N01142113EA009720112800000422440532
B1223464547918N01142106EA009710112700000342470532
B1223474547916N01142099EA009700112500000342500532
B1223484547914N01142092EA009690112300000322490532
B1223494547912N01142085EA009680112000000322480532
B1223504547909N01142077EA009650111700000392480570
B1223514547906N01142068EA009630111500000412460570
B1223524547904N01142060EA009620111400000402440609
B1223534547902N01142052EA009610111300000382480609
B1223544547900N01142044EA009600111300000372520609
B1223554547899N01142037EA009600111200000372560609
B1223564547897N01142029EA009600111100000362560609
B1223574547895N01142022EA009590110900000362520609
B1223584547893N01142015EA009580110800000352500672
B1223594547891N01142008EA009580110700000352480672
B1224004547890N01142001EA009570110500000352500672
B1224014547888N01141993EA009560110400000372520672
B1224024547887N01141984EA009550110300000402540672
B1224034547886N01141976EA009540110100000402560672
B1224044547885N01141968EA009530110100000382600672
B1224054547884N01141960EA009520110000000362600718
B1224064547883N01141953EA009510109900000352600718
B1224074547882N01141945EA009500109700000352600718
B1224084547881N01141937EA009480109500000372580718
B1224094547879N01141929EA009460109400000402580718
B1224104547877N01141920EA009450109200000412540718
B1224114547875N01141912EA009430109100000402520744
B1224124547874N01141904EA009420109000000392520744
B1224134547872N01141896EA009420108900000382540744
B1224144547870N01141888EA009420108800000382520744
B1224154547867N01141881EA009420108700000382500744
B1224164547865N01141876EA009430108700000322430744
B1224174547862N01141871EA009430108700000322360744
B1224184547861N01141865EA009440108600000282400758
B1224194547859N01141860EA009440108500000282440724
B1224204547857N01141854EA009440108400000282450724
B1224214547855N01141847EA009420108300000282460724
B1224224547854N01141840EA009420108300000342500724
B1224234547852N01141833EA009410108300000342540724
B1224244547851N01141826EA009420108300000322540724
B1224254547850N01141820EA009420108300000292560724
B1224264547849N01141814EA009430108400000282560713
B1224274547847N01141808EA009430108300000282560713
B1224284547846N01141801EA009420108200000302560713
B1224294547845N01141794EA009410108100000302560713
B1224304547844N01141786EA009390108000000362580713
B1224314547844N01141778EA009380107900000372620713
B1224324547844N01141770EA009380107800000372660713
B1224334547842N01141762EA009370107700000372660703
B1224344547841N01141755EA009360107700000362610703
B1224354547840N01141748EA009360107600000362560703
B1224364547840N01141741EA009370107500000342580703
B1224374547839N01141734EA009380107500000342600703
B1224384547838N01141727EA009380107500000312590703
B1224394547836N01141721EA009380107500000312580703
B1224404547835N01141714EA009370107400000332540687
B1224414547833N01141706EA009370107400000342500687
B1224424547831N01141699EA009370107400000352510687
B1224434547829N01141691EA009370107400000362520687
B1224444547828N01141684EA009370107400000352540687
B1224454547827N01141677EA009370107300000352560687
B1224464547826N01141671EA009370107300000312560687
B1224474547825N01141664EA009370107200000312560680
B1224484547824N01141658EA009370107200000282550680
B1224494547823N01141653EA009380107200000282540680
B1224504547823N01141647EA009390107200000272590680
B1224514547823N01141642EA009400107200000272640680
B1224524547823N01141636EA009400107200000252660680
B1224534547822N01141631EA009400107100000252680680
B1224544547821N01141625EA009400107100000292600680
B1224554547819N01141617EA009390107000000332520680
B1224564547818N01141611EA009400107200000342550667
B1224574547819N01141604EA009420107300000342580667
B1224584547818N01141598EA009440107500000302640667
B1224594547818N01141592EA009460107700000302700667
B1225004547818N01141587EA009470107800000242690667
B1225014547818N01141582EA009480107900000242680667
B1225024547818N01141577EA009490107900000242700667
B1225034547818N01141571EA009490107900000242720667
B1225044547818N01141564EA009490107800000302720634
B1225054547817N01141556EA009480107800000342720634
B1225064547817N01141548EA009460107800000372660634
B1225074547816N01141540EA009450107800000382640634
B1225084547815N01141531EA009450107800000392600634
B1225094547813N01141523EA009440107900000382580634
B1225104547813N01141515EA009450108000000372620598
B1225114547813N01141507EA009460108000000352660598
B1225124547812N01141500EA009460108000000352640598
B1225134547809N01141491EA009440107900000362620561
B1225144547807N01141484EA009430107800000372560561
B1225154547806N01141476EA009420107800000372500561
B1225164547804N01141469EA009420107900000352530561
B1225174547804N01141463EA009420107900000352560562
B1225184547803N01141455EA009420108000000332600562
B1225194547802N01141448EA009420108000000352620562
B1225204547802N01141439EA009410107900000382640562
B1225214547801N01141431EA009390107900000402640562
B1225224547801N01141422EA009380107800000402660562
B1225234547800N01141414EA009370107800000392660597
B1225244547797N01141406EA009360107700000372580597
B1225254547795N01141399EA009350107700000372480597
B1225264547794N01141390EA009340107600000392480597
B1225274547793N01141381EA009340107600000432520597
B1225284547793N01141372EA009340107700000452600597
B1225294547793N01141363EA009340107700000432680628
B1225304547793N01141355EA009340107800000392680628
B1225314547792N01141348EA009350107800000392660628
B1225324547791N01141341EA009350107800000322600628
B1225334547789N01141335EA009360107800000322540628
B1225344547788N01141328EA009370107800000312550628
B1225354547787N01141321EA009380107800000312560628
B1225364547785N01141313EA009370107800000362560660
B1225374547784N01141305EA009370107700000372560660
B1225384547782N01141297EA009360107700000382560660
B1225394547781N01141289EA009360107800000372560660
B1225404547779N01141282EA009370107800000362550660
B1225414547778N01141275EA009370107900000362540660
B1225424547776N01141267EA009370107800000362540660
B1225434547775N01141259EA009370107800000382540689
B1225444547773N01141251EA009370107800000392560689
B1225454547771N01141243EA009370107700000382540689
B1225464547769N01141235EA009350107700000382500689
B1225474547767N01141227EA009350107700000382480689
B1225484547765N01141219EA009330107600000392480689
B1225494547763N01141210EA009310107500000402480712
B1225504547761N01141202EA009290107400000412520712
B1225514547760N01141194EA009270107300000402540689
B1225524547758N01141186EA009250107300000382540689
B1225534547756N01141178EA009230107200000382520689
B1225544547754N01141170EA009200107100000382500689
B1225554547751N01141162EA009180107000000392480718
B1225564547749N01141155EA009150106900000372480718
B1225574547747N01141148EA009120106800000372480718
B1225584547745N01141141EA009090106700000352480718
B1225594547743N01141134EA009070106600000352480718
B1226004547741N01141126EA009050106400000362520718
B1226014547739N01141119EA009030106300000362500718
B1226024547737N01141113EA009000106200000332470739
B1226034547735N01141107EA008990106100000332440739
B1226044547733N01141100EA008970105900000312440739
B1226054547730N01141094EA008960105800000312440739
B1226064547727N01141088EA008940105700000332390739
B1226074547723N01141082EA008920105400000332340739
B1226084547719N01141077EA008900105300000362290739
B1226094547716N01141071EA008880105100000362240739
B1226104547712N01141065EA008870105000000342280755
B1226114547709N01141059EA008860104800000342320713
B1226124547706N01141053EA008850104600000332340713
B1226134547704N01141047EA008830104500000332360713
B1226144547701N01141041EA008810104300000352380713
B1226154547699N01141033EA008790104100000362400713
B1226164547697N01141026EA008770103900000372440713
B1226174547695N01141018EA008750103700000372480713
B1226184547694N01141011EA008730103600000362510722
B1226194547692N01141004EA008720103400000362540722
B1226204547691N01140997EA008690103100000342520722
B1226214547689N01140989EA008660102900000372500722
B1226224547687N01140980EA008640102700000412500722
B1226234547686N01140971EA008620102500000432520722
B1226244547684N01140963EA008600102400000422540731
B1226254547683N01140955EA008590102300000392540731
B1226264547681N01140948EA008570102100000362510731
B1226274547679N01140941EA008550102000000362480731
B1226284547678N01140934EA008540101800000342500731
B1226294547676N01140927EA008520101600000342520731
B1226304547675N01140919EA008500101400000362540731
B1226314547674N01140912EA008490101200000362540737
B1226324547672N01140905EA008460101000000362510737
B1226334547670N01140898EA008450100900000362480737
B1226344547669N01140891EA008440100700000352500737
B1226354547667N01140883EA008440100600000362520737
B1226364547666N01140875EA008430100400000372560737
B1226374547664N01140867EA008410100300000382540737
B1226384547663N01140860EA008400100200000372520757
B1226394547661N01140852EA008400100000000362500757
B1226404547659N01140845EA008390099900000362510724
B1226414547657N01140837EA008380099700000372520724
B1226424547656N01140829EA008380099600000392520724
B1226434547654N01140820EA008370099500000402540724
B1226444547651N01140812EA008370099400000412520726
B1226454547649N01140804EA008360099300000402480726
B1226464547646N01140796EA008340099100000402440726
B1226474547644N01140788EA008340099000000402440726
B1226484547642N01140780EA008340098900000402480726
B1226494547639N01140771EA008330098800000412500726
B1226504547637N01140763EA008320098700000422480735
B1226514547635N01140755EA008310098600000422460735
B1226524547632N01140747EA008310098500000412460735
B1226534547630N01140739EA008300098500000392480735
B1226544547628N01140731EA008300098400000372500735
B1226554547626N01140724EA008290098300000372500735
B1226564547624N01140717EA008280098200000332470735
B1226574547622N01140710EA008270098000000332440741
B1226584547619N01140702EA008250097800000392440741
B1226594547617N01140694EA008230097700000392460741
B1227004547617N01140687EA008220097600000362500741
B1227014547615N01140680EA008210097400000362540741
B1227024547614N01140675EA008190097200000282500741
B1227034547611N01140668EA008160097000000282460741
B1227044547608N01140661EA008130096800000332440685
B1227054547605N01140653EA008100096400000402420685
B1227064547602N01140645EA008070096200000402420685
B1227074547600N01140639EA008050096100000402400685
B1227084547597N01140634EA008030096000000302390685
B1227094547595N01140627EA008020095800000302380685
B1227104547593N01140620EA008000095400000322420685
B1227114547591N01140612EA007960095000000372460693
B1227124547589N01140603EA007920094600000422500693
B1227134547587N01140594EA007900094400000442520693
B1227144547585N01140586EA007880094100000412500693
B1227154547583N01140579EA007860094000000412460693
B1227164547582N01140572EA007850093800000362480693
B1227174547580N01140564EA007840093600000382500675
B1227184547578N01140555EA007830093400000412540675
B1227194547576N01140545EA007810093200000442540675
B1227204547574N01140536EA007790092900000452500675
B1227214547571N01140527EA007790092800000442480675
B1227224547569N01140519EA007800092600000412480675
B1227234547566N01140513EA007810092500000412460671
B1227244547564N01140508EA007820092200000342430671
B1227254547562N01140501EA007800091900000342400671
B1227264547559N01140493EA007780091600000372400611
B1227274547556N01140486EA007760091300000372440611
B1227284547553N01140477EA007740091100000412440611
B1227294547549N01140470EA007710090900000412400611
B1227304547545N01140464EA007700090800000392360613
B1227314547542N01140458EA007710090700000392320613
B1227324547540N01140452EA007730090600000362340613
B1227334547537N01140446EA007750090500000362360613
B1227344547534N01140440EA007760090400000332350613
B1227354547531N01140434EA007770090200000332340613
B1227364547527N01140426EA007780090100000382320613
B1227374547524N01140417EA007800090100000412320613
B1227384547521N01140411EA007820090200000382360638
B1227394547519N01140407EA007840090400000382400638
B1227404547517N01140402EA007860090500000272400638
B1227414547516N01140396EA007880090500000272380638
B1227424547514N01140391EA007890090500000282460638
B1227434547512N01140383EA007890090500000332540638
B1227444547510N01140376EA007890090500000352520572
B1227454547507N01140369EA007880090500000352500572
B1227464547504N01140363EA007900090500000332450585
B1227474547502N01140357EA007910090500000332400585
B1227484547501N01140353EA007920090500000262400585
B1227494547498N01140348EA007920090500000262400585
B1227504547496N01140342EA007900090400000282400585
B1227514547493N01140335EA007880090200000282400585
B1227524547489N01140328EA007850090100000352380585
B1227534547485N01140321EA007830090000000352360585
B1227544547482N01140315EA007820090000000362360602
B1227554547480N01140308EA007820089900000362360602
B1227564547477N01140302EA007820089900000342380602
B1227574547475N01140296EA007820089800000342400602
B1227584547472N01140289EA007820089800000362400602
B1227594547469N01140282EA007830089900000362400602
B1228004547467N01140276EA007830089900000362400602
B1228014547464N01140268EA007850090100000382400602
B1228024547461N01140261EA007870090200000382420641
B1228034547459N01140254EA007880090300000382440621
B1228044547456N01140247EA007890090400000362410621
B1228054547453N01140241EA007900090500000362380621
B1228064547450N01140235EA007910090600000342390621
B1228074547449N01140228EA007930090700000342400621
B1228084547448N01140223EA007950090900000312480621
B1228094547447N01140217EA007950091000000312560621
B1228104547445N01140212EA007960091100000252530650
B1228114547444N01140207EA007950091100000252500650
B1228124547441N01140199EA007940091000000332500650
B1228134547439N01140191EA007930091000000382520650
B1228144547437N01140182EA007920091000000402540650
B1228154547436N01140175EA007920091000000402520650
B1228164547434N01140169EA007930091100000322500650
B1228174547432N01140163EA007940091200000322480683
B1228184547430N01140157EA007950091200000292490683
B1228194547429N01140151EA007940091100000292500683
B1228204547426N01140144EA007930091000000302490683
B1228214547424N01140137EA007900090900000302480683
B1228224547420N01140129EA007880090900000372440683
B1228234547418N01140122EA007880091100000372440683
B1228244547416N01140115EA007900091200000352460702
B1228254547415N01140111EA007920091300000352480702
B1228264547414N01140108EA007920091400000222440702
B1228274547412N01140104EA007930091400000222400702
B1228284547409N01140099EA007930091400000242410679
B1228294547407N01140092EA007930091400000242420679
B1228304547404N01140084EA007930091500000332480679
B1228314547402N01140077EA007920091600000332480679
B1228324547400N01140071EA007930091800000312470679
B1228334547398N01140065EA007950092000000312460701
B1228344547396N01140061EA007950092100000232430701
B1228354547394N01140056EA007960092200000232400701
B1228364547392N01140051EA007970092200000242430701
B1228374547390N01140045EA007970092200000242460701
B1228384547388N01140038EA007960092200000302470701
B1228394547386N01140031EA007960092300000302480701
B1228404547385N01140024EA007960092400000332530701
B1228414547385N01140017EA007960092400000332580701
B1228424547386N01140009EA007960092400000362660719
B1228434547387N01140002EA007950092400000362740719
B1228444547388N01139994EA007950092400000402800719
B1228454547391N01139986EA007940092300000442880719
B1228464547394N01139977EA007930092300000462960719
B1228474547396N01139968EA007920092500000452960719
B1228484547399N01139961EA007930092600000412960726
B1228494547401N01139955EA007950092700000412960726
B1228504547403N01139950EA007960092800000282930726
B1228514547404N01139945EA007990093000000282900726
B1228524547404N01139940EA008010093000000242880726
B1228534547405N01139935EA008020093100000242860726
B1228544547407N01139929EA008030093200000272860726
B1228554547408N01139924EA008030093300000272860726
B1228564547408N01139919EA008040093400000252850726
B1228574547409N01139914EA008040093400000252840732
B1228584547408N01139908EA008050093500000232790732
B1228594547408N01139903EA008050093500000232740732
B1229004547408N01139897EA008050093600000252720732
B1229014547407N01139891EA008050093700000252700732
B1229024547406N01139885EA008040093800000282640732
B1229034547404N01139879EA008050093800000282580732
B1229044547403N01139873EA008060093900000302520732
B1229054547400N01139866EA008070094000000302460746
B1229064547398N01139860EA008080094100000312460746
B1229074547396N01139853EA008090094200000312460746
B1229084547395N01139846EA008110094400000302520746
B1229094547395N01139842EA008130094400000302580746
B1229104547393N01139837EA008140094600000252580746
B1229114547392N01139834EA008150094600000212500746
B1229124547390N01139834EA008160094500000182350746
B1229134547389N01139837EA008170094400000182200746
B1229144547387N01139839EA008170094300000182010746
B1229154547384N01139840EA008170094300000181820746
B1229164547382N01139844EA008170094400000241470746
B1229174547380N01139850EA008170094200000241120746
B1229184547380N01139855EA008180094100000300990746
B1229194547382N01139854EA008180094000000300860746
B1229204547386N01139854EA008180093900000240560746
B1229214547392N01139855EA008170093800000240260746
B1229224547398N01139856EA008170093700000370120746
B1229234547400N01139855EA008170093800000373580746
B1229244547399N01139851EA008180093800000243430746
B1229254547401N01139847EA008190093700000243280746
B1229264547403N01139843EA008190093900000283130746
B1229274547406N01139839EA008200093900000282980746
B1229284547409N01139834EA008210094000000302930746
B1229294547411N01139828EA008210094100000302880782
B1229304547412N01139823EA008220094200000282870782
B1229314547414N01139818EA008240094400000282860782
B1229324547415N01139813EA008250094600000282840792
B1229334547417N01139807EA008250094800000282820792
B1229344547417N01139800EA008250094800000302760792
B1229354547417N01139794EA008250094900000302700792
B1229364547416N01139789EA008260095100000262640792
B1229374547415N01139784EA008260095200000262580792
B1229384547415N01139779EA008270095300000232560792
B1229394547414N01139775EA008270095200000232540792
B1229404547413N01139771EA008270095200000202480792
B1229414547410N01139768EA008260095100000202420755
B1229424547409N01139766EA008250095000000192310760
B1229434547406N01139764EA008240094800000192200760
B1229444547404N01139761EA008230094700000212160760
B1229454547400N01139757EA008230094700000212120760
B1229464547396N01139754EA008230094700000252100760
B1229474547392N01139752EA008220094700000252080760
B1229484547388N01139749EA008220094600000302010760
B1229494547383N01139747EA008200094500000301940760
B1229504547377N01139745EA008190094300000341930760
B1229514547372N01139743EA008170094200000341920760
B1229524547367N01139742EA008150094100000351890760
B1229534547361N01139742EA008130094100000351860760
B1229544547356N01139743EA008110094000000341800733
B1229554547352N01139745EA008100093900000341740733
B1229564547347N01139746EA008090093800000311690733
B1229574547342N01139747EA008070093700000311640733
B1229584547338N01139748EA008060093600000291640733
B1229594547334N01139750EA008040093500000291640733
B1230004547329N01139750EA008020093400000301670733
B1230014547324N01139750EA008010093300000301700733
B1230024547320N01139748EA007990093200000331800733
B1230034547315N01139746EA007980093100000331900733
B1230044547310N01139743EA007970093000000321930697
B1230054547306N01139742EA007960093000000321960697
B1230064547301N01139741EA007950092900000321920697
B1230074547296N01139740EA007940092800000321880697
B1230084547291N01139740EA007920092600000341820697
B1230094547286N01139741EA007900092400000341760697
B1230104547280N01139741EA007890092200000351740697
B1230114547275N01139741EA007870092100000351720697
B1230124547270N01139740EA007850092000000341770697
B1230134547265N01139739EA007830091900000341820697
B1230144547259N01139738EA007810091900000341840664
B1230154547255N01139737EA007800091800000341860664
B1230164547250N01139736EA007780091700000311870664
B1230174547246N01139735EA007760091600000311880664
B1230184547241N01139734EA007750091500000301870664
B1230194547237N01139733EA007730091400000301860664
B1230204547231N01139732EA007710091300000351860664
B1230214547225N01139731EA007690091200000371840664
B1230224547220N01139729EA007680091100000361860664
B1230234547215N01139728EA007670091000000361880664
B1230244547210N01139726EA007660090900000351900621
B1230254547205N01139725EA007660090900000351920621
B1230264547201N01139724EA007650090800000341900621
B1230274547196N01139724EA007650090700000341880621
B1230284547191N01139724EA007650090600000311860621
B1230294547186N01139722EA007640090500000311840621
B1230304547180N01139721EA007640090500000341850621
B1230314547174N01139720EA007630090500000341860621
B1230324547168N01139719EA007620090500000391870621
B1230334547162N01139717EA007610090400000391880621
B1230344547157N01139716EA007610090400000351890559
B1230354547152N01139715EA007610090400000351900559
B1230364547147N01139713EA007600090300000311910559
B1230374547142N01139711EA007600090200000311920559
B1230384547138N01139710EA007580090200000331920559
B1230394547132N01139708EA007570090000000331920559
B1230404547128N01139706EA007570090000000341930559
B1230414547123N01139704EA007560089900000341940559
B1230424547117N01139702EA007550089800000341930559
B1230434547112N01139701EA007550089800000341920559
B1230444547107N01139699EA007540089700000341910561
B1230454547102N01139698EA007530089600000341900561
B1230464547097N01139696EA007510089500000331910561
B1230474547092N01139694EA007500089400000331920561
B1230484547087N01139692EA007490089300000341930561
B1230494547082N01139690EA007480089200000341940561
B1230504547078N01139690EA007470089100000331900561
B1230514547073N01139689EA007470089000000331860561
B1230524547068N01139689EA007460088900000321830561
B1230534547063N01139689EA007450088800000321800561
B1230544547058N01139689EA007450088700000331800584
B1230554547053N01139689EA007440088500000331800584
B1230564547048N01139688EA007420088400000341800584
B1230574547043N01139687EA007410088300000341800584
B1230584547039N01139687EA007400088200000311840584
B1230594547033N01139685EA007390088100000311860584
B1231004547029N01139683EA007380088000000301890584
B1231014547024N01139682EA007370087900000301920584
B1231024547019N01139680EA007350087800000321910584
B1231034547014N01139679EA007340087700000321900584
B1231044547009N01139678EA007330087600000351890564
B1231054547004N01139676EA007320087400000351880564
B1231064546999N01139675EA007310087300000351890564
B1231074546994N01139671EA007300087300000351900564
B1231084546990N01139669EA007290087100000331930564
B1231094546985N01139667EA007290087000000331960564
B1231104546980N01139665EA007280087000000311950545
B1231114546975N01139663EA007270087000000311940545
B1231124546971N01139661EA007260086900000321970545
B1231134546966N01139657EA007260086900000322000545
B1231144546962N01139654EA007260086900000312040545
B1231154546958N01139651EA007270086900000312080519
B1231164546954N01139649EA007270086900000272060519
B1231174546950N01139647EA007270086800000272040519
B1231184546945N01139645EA007260086700000281990519
B1231194546940N01139643EA007250086600000281940519
B1231204546935N01139640EA007230086400000341940519
B1231214546929N01139637EA007200086200000341940519
B1231224546923N01139634EA007180086000000391950519
B1231234546918N01139632EA007170085900000391960519
B1231244546913N01139630EA007150085800000351960519
B1231254546908N01139628EA007140085700000351960497
B1231264546903N01139626EA007130085500000341950497
B1231274546897N01139624EA007110085400000341940497
B1231284546892N01139622EA007090085200000371930497
B1231294546887N01139619EA007070085100000371920497
B1231304546882N01139617EA007060085000000361940497
B1231314546877N01139614EA007050084900000361960480
B1231324546871N01139613EA007040084700000351950480
B1231334546866N01139610EA007020084700000351940480
B1231344546861N01139608EA007010084500000361950480
B1231354546856N01139606EA007000084400000361960482
B1231364546851N01139605EA006980084200000351950482
B1231374546846N01139603EA006970084100000351940482
B1231384546841N01139602EA006960083900000351910482
B1231394546836N01139601EA006940083700000351880482
B1231404546830N01139599EA006930083600000371880482
B1231414546825N01139597EA006910083400000371880482
B1231424546820N01139595EA006900083300000331910482
B1231434546815N01139593EA006890083200000331940482
B1231444546810N01139591EA006870083100000321930416
B1231454546805N01139589EA006860083000000321920416
B1231464546800N01139587EA006850082900000331920416
B1231474546796N01139585EA006830082600000331920416
B1231484546790N01139584EA006820082500000351920416
B1231494546785N01139582EA006800082300000351920416
B1231504546780N01139580EA006790082200000341920416
B1231514546774N01139579EA006780082100000341920416
B1231524546769N01139578EA006760082000000331900416
B1231534546764N01139576EA006750081800000331880416
B1231544546758N01139576EA006730081700000351870341
B1231554546753N01139575EA006720081500000351860341
B1231564546747N01139574EA006700081400000361860341
B1231574546742N01139573EA006690081400000361860341
B1231584546737N01139572EA006690081300000341880341
B1231594546732N01139570EA006680081100000341900341
B1232004546727N01139569EA006670081000000321910341
B1232014546723N01139567EA006660080900000321920343
B1232024546719N01139566EA006650080700000301910343
B1232034546714N01139565EA006630080600000301900343
B1232044546710N01139564EA006620080400000301890287
B1232054546705N01139563EA006600080300000301880287
B1232064546701N01139561EA006590080100000301890287
B1232074546696N01139560EA006570080000000301900287
B1232084546691N01139558EA006550079800000351900287
B1232094546685N01139556EA006530079600000351900287
B1232104546681N01139555EA006520079500000351910287
B1232114546676N01139553EA006500079300000351920287
B1232124546671N01139551EA006490079200000331940287
B1232134546666N01139549EA006470079000000331960287
B1232144546661N01139546EA006460078800000321960250
B1232154546657N01139544EA006440078600000321960250
B1232164546652N01139542EA006420078400000321950250
B1232174546648N01139540EA006400078200000321940250
B1232184546643N01139538EA006390078000000321950250
B1232194546639N01139536EA006370077800000321960250
B1232204546635N01139534EA006360077600000291950250
B1232214546631N01139533EA006340077400000291940250
B1232224546626N01139531EA006320077200000311930250
B1232234546621N01139529EA006290077000000311920250
B1232244546616N01139527EA006280076900000321940250
B1232254546612N01139525EA006260076700000321960250
B1232264546606N01139523EA006240076500000361950233
B1232274546601N01139521EA006220076300000361940233
B1232284546596N01139520EA006210076200000341940233
B1232294546591N01139518EA006200076100000341940233
B1232304546587N01139516EA006180075900000321940228
B1232314546582N01139514EA006170075800000321940228
B1232324546577N01139513EA006150075600000341930228
B1232334546572N01139511EA006140075400000341920228
B1232344546567N01139509EA006130075200000341920228
B1232354546562N01139507EA006110075000000341920228
B1232364546557N01139505EA006100074900000331930201
B1232374546552N01139503EA006090074800000331940201
B1232384546547N01139500EA006070074600000361950201
B1232394546542N01139498EA006060074400000361960201
B1232404546537N01139497EA006050074300000331950201
B1232414546533N01139496EA006040074100000331940201
B1232424546529N01139495EA006030074000000281920201
B1232434546524N01139493EA006020073800000281900201
B1232444546518N01139492EA006000073600000341890201
B1232454546513N01139489EA005980073400000341880201
B1232464546508N01139487EA005960073200000381920178
B1232474546502N01139484EA005950073100000381960178
B1232484546498N01139482EA005940073000000332000178
B1232494546493N01139479EA005930072900000332040178
B1232504546489N01139477EA005920072800000292030178
B1232514546485N01139475EA005910072600000292020178
B1232524546480N01139472EA005890072400000312020178
B1232534546475N01139469EA005870072300000312020178
B1232544546471N01139465EA005860072100000332060193
B1232554546466N01139462EA005850072000000332100193
B1232564546462N01139459EA005830071900000322100193
B1232574546458N01139456EA005810071700000322100183
B1232584546454N01139454EA005800071500000292090183
B1232594546450N01139450EA005790071400000292080183
B1233004546446N01139447EA005780071200000302110183
B1233014546442N01139445EA005760071100000302140183
B1233024546438N01139442EA005750071000000282110183
B1233034546433N01139440EA005730070900000282080183
B1233044546428N01139437EA005710070700000322040183
B1233054546423N01139434EA005690070500000322000183
B1233064546418N01139431EA005660070300000362000183
B1233074546413N01139428EA005640070200000362000183
B1233084546409N01139426EA005620070000000332010170
B1233094546405N01139424EA005610069900000332020170
B1233104546401N01139422EA005590069700000292000170
B1233114546397N01139420EA005570069500000291980170
B1233124546391N01139417EA005540069300000331970181
B1233134546387N01139413EA005510069100000331960181
B1233144546383N01139410EA005490068900000341960181
B1233154546378N01139407EA005470068800000332020181
B1233164546375N01139405EA005450068600000312020181
B1233174546370N01139402EA005430068400000312020181
B1233184546365N01139400EA005410068100000342000181
B1233194546360N01139396EA005390067900000341980192
B1233204546355N01139393EA005360067700000391990192
B1233214546349N01139389EA005350067500000392000192
B1233224546344N01139385EA005340067400000402020192
B1233234546338N01139381EA005320067300000402040192
B1233244546334N01139378EA005310067100000362030192
B1233254546329N01139375EA005300066900000362020192
B1233264546324N01139373EA005280066500000361990192
B1233274546318N01139370EA005260066300000361960192
B1233284546312N01139368EA005240066100000411940192
B1233294546306N01139366EA005220065800000411920171
B1233304546301N01139365EA005190065600000361910171
B1233314546297N01139363EA005180065500000361900171
B1233324546292N01139363EA005160065300000331890171
B1233334546287N01139363EA005140065100000331880171
B1233344546281N01139362EA005110064900000391840171
B1233354546275N01139361EA005080064500000391800171
B1233364546271N01139361EA005060064300000351800171
B1233374546265N01139361EA005040064100000351800171
B1233384546260N01139360EA005010063900000331800158
B1233394546255N01139360EA004980063700000331800158
B1233404546251N01139359EA004950063400000351790158
B1233414546245N01139357EA004930063000000351780158
B1233424546240N01139355EA004910062900000381840158
B1233434546234N01139353EA004890062800000381900158
B1233444546229N01139352EA004870062700000351900158
B1233454546223N01139350EA004860062600000351900158
B1233464546219N01139347EA004840062400000331930158
B1233474546213N01139345EA004830062200000331960158
B1233484546208N01139344EA004810062000000371930142
B1233494546202N01139342EA004790061800000371900142
B1233504546196N01139341EA004770061600000381890142
B1233514546191N01139339EA004750061400000381880142
B1233524546185N01139337EA004740061300000361900142
B1233534546180N01139335EA004720061200000361920142
B1233544546175N01139333EA004700061000000341940142
B1233554546170N01139330EA004690060800000341960142
B1233564546165N01139326EA004670060600000361990142
B1233574546160N01139323EA004650060400000362020130
B1233584546155N01139320EA004630060200000382010130
B1233594546150N01139317EA004610060000000382000135
B1234004546145N01139314EA004600059800000352010135
B1234014546140N01139310EA004580059600000352020135
B1234024546136N01139307EA004570059300000322030135
B1234034546131N01139304EA004560059100000322040135
B1234044546126N01139301EA004550058800000352020135
B1234054546121N01139300EA004530058600000352000135
B1234064546116N01139298EA004510058400000351980135
B1234074546112N01139296EA004500058200000351960135
B1234084546107N01139294EA004490058000000331960132
B1234094546103N01139293EA004480057800000331960132
B1234104546099N01139292EA004480057700000301940132
B1234114546095N01139293EA004460057400000301920132
B1234124546091N01139295EA004440057200000271860132
B1234134546085N01139296EA004420057000000271800132
B1234144546079N01139297EA004380056600000361740132
B1234154546073N01139297EA004340056300000361680132
B1234164546068N01139295EA004310056100000391740132
B1234174546063N01139294EA004290055900000391800132
B1234184546058N01139293EA004270055800000341850128
B1234194546053N01139291EA004250055600000341900128
B1234204546049N01139290EA004240055500000301910128
B1234214546044N01139287EA004220055200000301920128
B1234224546039N01139285EA004200055000000321950128
B1234234546034N01139282EA004180054800000321980128
B1234244546029N01139280EA004160054600000341970128
B1234254546024N01139278EA004130054400000341960128
B1234264546020N01139276EA004110054100000321960128
B1234274546015N01139274EA004090054000000321960128
B1234284546010N01139271EA004070053800000321970127
B1234294546006N01139270EA004050053500000321980127
B1234304546001N01139268EA004030053300000331950127
B1234314545996N01139267EA004010053100000331920126
B1234324545991N01139266EA003990052900000331920126
B1234334545987N01139264EA003970052700000331920126
B1234344545982N01139262EA003960052500000311930126
B1234354545978N01139261EA003950052300000311940126
B1234364545972N01139259EA003940052100000331920126
B1234374545966N01139257EA003930052000000331900126
B1234384545961N01139256EA003910051800000341910135
B1234394545956N01139254EA003900051700000341920135
B1234404545951N01139252EA003890051500000311940135
B1234414545947N01139251EA003880051400000311960135
B1234424545942N01139249EA003860051300000291940135
B1234434545937N01139248EA003850051100000291920135
B1234444545932N01139245EA003830050800000321930135
B1234454545927N01139242EA003810050600000321940135
B1234464545922N01139240EA003790050500000361960135
B1234474545917N01139237EA003780050300000361980135
B1234484545912N01139234EA003760050200000331980135
B1234494545908N01139232EA003750050000000312020145
B1234504545903N01139230EA003730049800000322000145
B1234514545898N01139228EA003710049600000321980145
B1234524545892N01139225EA003690049400000361970145
B1234534545887N01139223EA003670049300000361960145
B1234544545881N01139221EA003660049100000351950145
B1234554545877N01139219EA003640049000000351940145
B1234564545872N01139218EA003630048800000311940145
B1234574545868N01139216EA003620048700000311940151
B1234584545864N01139215EA003610048500000281920151
B1234594545860N01139215EA003590048300000281900154
B1235004545856N01139215EA003570048100000251870154
B1235014545852N01139213EA003560048000000251840154
B1235024545848N01139210EA003540047800000271910154
B1235034545844N01139207EA003530047500000271980154
B1235044545839N01139204EA003510047300000312000154
B1235054545834N01139201EA003490047100000312020154
B1235064545829N01139199EA003470046800000341990154
B1235074545825N01139198EA003450046600000341960154
B1235084545820N01139196EA003440046600000291970154
B1235094545817N01139194EA003440046500000291980154
B1235104545813N01139193EA003430046300000231930154
B1235114545808N01139193EA003410046000000231880149
B1235124545803N01139192EA003380045700000281850149
B1235134545798N01139190EA003360045400000281820149
B1235144545794N01139188EA003340045200000321890149
B1235154545789N01139187EA003320045000000321960149
B1235164545784N01139185EA003310044900000301930149
B1235174545779N01139184EA003290044700000301900149
B1235184545775N01139183EA003270044600000301890149
B1235194545770N01139181EA003250044300000301880149
B1235204545765N01139180EA003230044000000331890149
B1235214545760N01139178EA003210043800000331900159
B1235224545756N01139177EA003190043600000331940159
B1235234545751N01139175EA003180043500000331980159
B1235244545747N01139173EA003160043400000271970159
B1235254545743N01139172EA003150043200000271960159
B1235264545738N01139170EA003130043000000301910159
B1235274545733N01139169EA003110042800000301860159
B1235284545728N01139167EA003090042600000361900169
B1235294545723N01139165EA003070042400000361940169
B1235304545718N01139164EA003060042300000311940169
B1235314545713N01139162EA003050042200000311940169
B1235324545708N01139161EA003030042000000331920187
B1235334545703N01139159EA003010041800000331900187
B1235344545697N01139157EA003000041600000431920187
B1235354545691N01139156EA002990041600000431940187
B1235364545686N01139154EA002990041800000321960187
B1235374545682N01139153EA003000042000000321980187
B1235384545678N01139151EA003000041900000251960187
B1235394545673N01139151EA002990041800000251940187
B1235404545668N01139150EA002970041600000321840187
B1235414545663N01139149EA002950041200000321800187
B1235424545658N01139147EA002930041000000401860222
B1235434545652N01139146EA002910040800000401920222
B1235444545647N01139146EA002900040800000301850222
B1235454545643N01139146EA002880040700000301780222
B1235464545639N01139145EA002870040500000251810222
B1235474545635N01139144EA002860040300000251840222
B1235484545630N01139143EA002840040100000301850222
B1235494545626N01139143EA002820039900000301860222
B1235504545621N01139142EA002800039700000291840222
B1235514545617N01139142EA002780039600000291820222
B1235524545612N01139140EA002770039400000311860222
B1235534545607N01139139EA002750039200000311900215
B1235544545602N01139137EA002740039100000341900215
B1235554545597N01139136EA002730039100000341900215
B1235564545593N01139134EA002730039100000251940215
B1235574545590N01139132EA002730039000000251980215
B1235584545586N01139131EA002720038900000261940215
B1235594545581N01139130EA002710038600000261900215
B1236004545577N01139129EA002690038300000311870215
B1236014545572N01139129EA002670038000000311840215
B1236024545567N01139128EA002650037900000311840215
B1236034545562N01139127EA002630037800000311840176
B1236044545557N01139125EA002610037600000321880176
B1236054545552N01139124EA002600037500000321920176
B1236064545548N01139122EA002590037400000281930176
B1236074545544N01139121EA002590037400000281940176
B1236084545540N01139119EA002580037400000271920176
B1236094545535N01139118EA002570037300000271900176
B1236104545531N01139116EA002560037200000341930172
B1236114545526N01139113EA002560037100000341960172
B1236124545521N01139111EA002560037100000311980172
B1236134545517N01139110EA002550037000000312000172
B1236144545512N01139108EA002550037000000301950132
B1236154545508N01139107EA002540036900000301900132
B1236164545503N01139105EA002540036900000291940132
B1236174545499N01139103EA002530036900000291980132
B1236184545495N01139101EA002530036800000241960132
B1236194545491N01139101EA002510036600000241940132
B1236204545486N01139100EA002490036300000311860132
B1236214545481N01139099EA002470036100000311800132
B1236224545476N01139098EA002440035800000371850132
B1236234545470N01139096EA002420035600000371900132
B1236244545466N01139095EA002410035500000281910132
B1236254545462N01139094EA002390035400000281920115
B1236264545457N01139094EA002370035100000281850115
B1236274545452N01139094EA002350034800000281780115
B1236284545447N01139094EA002320034400000371750115
B1236294545441N01139096EA002290034100000371720115
B1236304545435N01139098EA002260033900000391700115
B1236314545430N01139099EA002250033900000391680115
B1236324545424N01139101EA002240033900000331690115
B1236334545419N01139102EA002230033800000331700115
B1236344545414N01139103EA002220033800000371720115
B1236354545408N01139103EA002220033700000371740116
B1236364545401N01139105EA002220033700000441720116
B1236374545395N01139107EA002220033800000441700116
B1236384545390N01139110EA002230034000000341640116
B1236394545385N01139112EA002250034300000341580116
B1236404545380N01139113EA002270034500000301670116
B1236414545376N01139112EA002270034600000301760116
B1236424545371N01139108EA002280034700000341900116
B1236434545367N01139104EA002270034600000342040116
B1236444545364N01139097EA002260034500000322240116
B1236454545364N01139090EA002250034300000322440116
B1236464545367N01139083EA002240033900000332720116
B1236474545371N01139079EA002220033500000333000116
B1236484545376N01139080EA002190033300000353370116
B1236494545380N01139084EA002180033100000350140116
B1236504545384N01139091EA002160033100000400350116
B1236514545387N01139097EA002170033300000400560116
B1236524545388N01139103EA002180033600000260660116
B1236534545388N01139109EA002190033700000260760116
B1236544545387N01139115EA002200033700000290760116
B1236554545385N01139121EA002190033600000351000117
B1236564545382N01139127EA002190033500000351170117
B1236574545378N01139131EA002190033600000351340117
B1236584545373N01139132EA002190033600000321550117
B1236594545368N01139131EA002190033500000321760117
B1237004545363N01139129EA002180033300000311860117
B1237014545359N01139127EA002170033200000311960123
B1237024545353N01139126EA002160033100000351920123
B1237034545348N01139125EA002150033000000351880123
B1237044545343N01139126EA002140032900000371820123
B1237054545337N01139127EA002130032800000371760123
B1237064545332N01139128EA002130032700000341730123
B1237074545326N01139129EA002120032600000341700123
B1237084545321N01139129EA002110032500000371760123
B1237094545315N01139128EA002100032400000371820123
B1237104545309N01139128EA002090032300000381820119
B1237114545304N01139128EA002090032300000381820119
B1237124545298N01139129EA002090032400000341770119
B1237134545293N01139130EA002110032600000341720119
B1237144545289N01139131EA002120032700000251720119
B1237154545286N01139130EA002130032900000251720119
B1237164545284N01139128EA002140032900000201900119
B1237174545281N01139124EA002130032800000202080119
B1237184545279N01139118EA002120032700000352300119
B1237194545280N01139112EA002120032600000352520129
B1237204545283N01139108EA002120032700000312880129
B1237214545288N01139106EA002110032500000313240129
B1237224545294N01139107EA002100032300000413460129
B1237234545300N01139110EA002090032200000410080129
B1237244545304N01139116EA002090032300000400270129
B1237254545307N01139123EA002090032300000400460119
B1237264545308N01139132EA002090032300000400640119
B1237274545308N01139140EA002090032300000400820119
B1237284545306N01139146EA002090032400000330980119
B1237294545303N01139152EA002100032400000331140119
B1237304545300N01139156EA002100032300000281260119
B1237314545296N01139160EA002100032300000281380119
B1237324545292N01139162EA002090032200000301460119
B1237334545288N01139165EA002080032100000301540119
B1237344545283N01139167EA002070031900000351610119
B1237354545277N01139168EA002050031800000351680115
B1237364545271N01139168EA002040031700000391710115
B1237374545266N01139170EA002030031600000391740115
B1237384545262N01139173EA002030031600000301640111
B1237394545258N01139175EA002030031700000301540111
B1237404545254N01139176EA002040031700000231610111
B1237414545251N01139175EA002040031800000231680111
B1237424545248N01139173EA002040031700000191890111
B1237434545246N01139171EA002040031800000192100111
B1237444545245N01139168EA002040031700000172220111
B1237454545244N01139164EA002030031600000172320107
B1237464545244N01139159EA002020031400000242520107
B1237474545245N01139153EA002000031200000242720107
B1237484545248N01139148EA001980031000000332900107
B1237494545252N01139143EA001960030800000333080107
B1237504545257N01139140EA001950030700000343250107
B1237514545262N01139139EA001940030700000343420107
B1237524545267N01139143EA001930030500000400060119
B1237534545271N01139149EA001920030400000400300119
B1237544545274N01139158EA001900030200000440520119
B1237554545276N01139166EA001890030100000440660119
B1237564545277N01139175EA001880030000000400760115
B1237574545278N01139184EA001870029900000430800115
B1237584545280N01139193EA001860029700000470760115
B1237594545282N01139203EA001850029500000470700115
B1238004545285N01139212EA001840029400000430680115
B1238014545287N01139220EA001830029400000430680112
B1238024545289N01139229EA001830029300000410720112
B1238034545291N01139237EA001820029200000410720112
B1238044545294N01139246EA001810029100000440680112
B1238054545297N01139254EA001800029000000440640112
B1238064545301N01139263EA001800029000000470580112
B1238074545304N01139271EA001800028900000470560111
B1238084545308N01139279EA001800029000000420560111
B1238094545311N01139287EA001800029000000420560111
B1238104545315N01139294EA001800029000000380560112
B1238114545318N01139300EA001800029100000380560112
B1238124545321N01139307EA001800029100000370560112
B1238134545324N01139315EA001800028900000370560112
B1238144545328N01139323EA001790028700000470560109
B1238154545332N01139331EA001780028500000470560109
B1238164545336N01139339EA001770028400000450520109
B1238174545340N01139345EA001760028400000450480109
B1238184545344N01139351EA001760028400000350470109
B1238194545347N01139357EA001750028300000350460109
B1238204545350N01139363EA001740028100000380530109
B1238214545352N01139371EA001730027900000380600109
B1238224545355N01139379EA001720027800000410640109
B1238234545357N01139387EA001710027800000410680109
B1238244545359N01139395EA001710027900000380700109
B1238254545361N01139403EA001720028000000380700109
B1238264545360N01139410EA001740028200000320850109
B1238274545358N01139416EA001750028400000321000109
B1238284545354N01139421EA001760028400000361230110
B1238294545349N01139423EA001760028400000361460110
B1238304545344N01139423EA001760028500000321680110
B1238314545341N01139419EA001770028600000321900110
B1238324545342N01139414EA001770028700000262340109
B1238334545345N01139409EA001780028700000262780109
B1238344545349N01139405EA001770028600000363050109
B1238354545354N01139402EA001760028500000363320109
B1238364545360N01139401EA001750028400000383440109
B1238374545367N01139401EA001740028400000383560109
B1238384545373N01139402EA001740028400000420020109
B1238394545379N01139405EA001750028600000420080109
B1238404545385N01139409EA001760028700000410210109
B1238414545389N01139415EA001770028900000410340109
B1238424545392N01139421EA001790029100000340460111
B1238434545393N01139427EA001800029300000340580111
B1238444545393N01139434EA001820029400000300780111
B1238454545391N01139440EA001830029400000300980111
B1238464545388N01139445EA001840029400000321190111
B1238474545384N01139447EA001840029400000321400111
B1238484545380N01139448EA001850029500000261580111
B1238494545376N01139447EA001860029700000261760111
B1238504545375N01139444EA001870029800000202080111
B1238514545375N01139438EA001880030000000202400111
B1238524545377N01139433EA001880030000000342740111
B1238534545382N01139428EA001890030000000343080111
B1238544545388N01139424EA001890030100000413240111
B1238554545394N01139423EA001900030200000413400111
B1238564545399N01139423EA001920030400000343550111
B1238574545404N01139426EA001930030700000340100111
B1238584545407N01139431EA001940030800000320270111
B1238594545410N01139437EA001950030800000320440111
B1239004545411N01139444EA001950030700000330630111
B1239014545410N01139451EA001950030700000330820111
B1239024545408N01139457EA001950030600000301010111
B1239034545405N01139461EA001950030600000301200111
B1239044545401N01139464EA001950030600000261380111
B1239054545398N01139464EA001950030700000261560111
B1239064545395N01139463EA001950030700000201820111
B1239074545393N01139459EA001960030800000202080111
B1239084545392N01139455EA001960030800000202280111
B1239094545392N01139451EA001960030800000202480111
B1239104545392N01139446EA001950030800000252660111
B1239114545395N01139441EA001950030700000252840111
B1239124545399N01139436EA001940030600000353020111
B1239134545403N01139432EA001930030600000353200111
B1239144545408N01139428EA001930030500000383260111
B1239154545414N01139425EA001930030500000383320107
B1239164545420N01139422EA001930030500000433360107
B1239174545426N01139418EA001930030600000433400107
B1239184545431N01139417EA001940030700000333450108
B1239194545436N01139417EA001950030900000333500108
B1239204545441N01139419EA001960031000000310050107
B1239214545445N01139423EA001960031000000310200107
B1239224545448N01139430EA001960030800000360410107
B1239234545448N01139437EA001960030800000360620107
B1239244545446N01139443EA001960030800000310910107
B1239254545443N01139447EA001960030800000311200107
B1239264545439N01139449EA001960030900000271430107
B1239274545435N01139449EA001970031000000271660107
B1239284545433N01139447EA001980031100000161910107
B1239294545432N01139443EA001980031100000162160107
B1239304545432N01139439EA001980031000000242410107
B1239314545432N01139433EA001970031000000242660107
B1239324545434N01139427EA001970030900000312770107
B1239334545436N01139421EA001960030800000312880107
B1239344545440N01139415EA001950030800000353020108
B1239354545444N01139411EA001950030800000353160108
B1239364545449N01139408EA001950030800000343290108
B1239374545454N01139407EA001950030800000343420108
B1239384545460N01139408EA001950030800000373560108
B1239394545465N01139410EA001950030800000370100124
B1239404545471N01139414EA001950030800000410190124
B1239414545476N01139419EA001950030900000410280114
B1239424545479N01139424EA001960031000000320390114
B1239434545481N01139430EA001970031100000320500114
B1239444545482N01139435EA001980031200000250620114
B1239454545482N01139440EA001990031200000250740114
B1239464545481N01139444EA001990031200000210960114
B1239474545478N01139447EA001990031200000211180114
B1239484545475N01139449EA001990031100000251380114
B1239494545471N01139449EA001990031200000251580114
B1239504545467N01139448EA002000031200000251760114
B1239514545464N01139446EA002000031200000251940114
B1239524545461N01139443EA002000031200000222070107
B1239534545460N01139438EA002000031300000222200107
B1239544545459N01139431EA002000031200000332460107
B1239554545460N01139424EA001990031000000332640107
B1239564545462N01139417EA001980031000000372820108
B1239574545466N01139411EA001970030900000373000124
B1239584545471N01139408EA001970030900000363220124
B1239594545477N01139408EA001960030900000363440124
B1240004545482N01139410EA001950030800000370030124
B1240014545486N01139415EA001950030700000370220124
B1240024545489N01139421EA001950030700000310430114
B1240034545490N01139427EA001950030800000310640114
B1240044545489N01139432EA001950030800000270840114
B1240054545487N01139438EA001950030700000271040114
B1240064545486N01139443EA001950030700000271110114
B1240074545484N01139448EA001940030700000271180114
B1240084545482N01139454EA001940030700000301160114
B1240094545480N01139461EA001940030700000301140114
B1240104545479N01139467EA001940030700000321050114
B1240114545479N01139474EA001950030800000320960110
B1240124545479N01139481EA001950030800000300910110
B1240134545479N01139487EA001950030800000300860110
B1240144545479N01139494EA001960030900000290910110
B1240154545478N01139499EA001960030900000290960110
B1240164545476N01139505EA001960030900000281050110
B1240174545474N01139510EA001960030900000281140110
B1240184545471N01139514EA001960030900000251280110
B1240194545467N01139516EA001970030900000251420110
B1240204545464N01139516EA001970030900000231560110
B1240214545461N01139516EA001970030900000231700108
B1240224545458N01139514EA001970030900000201890108
B1240234545456N01139510EA001970030900000202080108
B1240244545456N01139505EA001970030800000262350108
B1240254545456N01139499EA001960030600000262620108
B1240264545460N01139492EA001950030500000402860108
B1240274545465N01139487EA001940030400000403100110
B1240284545472N01139484EA001940030400000483280110
B1240294545479N01139483EA001940030500000483460110
B1240304545486N01139485EA001950030600000473590110
B1240314545493N01139488EA001960030700000470120110
B1240324545499N01139493EA001960030800000450230110
B1240334545503N01139501EA001960030800000450340110
B1240344545506N01139509EA001960030700000440500110
B1240354545508N01139518EA001960030600000420660110
B1240364545508N01139527EA001950030500000380800110
B1240374545507N01139534EA001950030500000380900110
B1240384545506N01139542EA001950030500000340960110
B1240394545505N01139549EA001950030500000341020110
B1240404545502N01139555EA001950030500000341100110
B1240414545500N01139561EA001950030600000341180110
B1240424545497N01139567EA001960030700000311210110
B1240434545494N01139572EA001960030700000311240109
B1240444545491N01139576EA001970030800000261280109
B1240454545488N01139579EA001970030800000261380109
B1240464545485N01139578EA001970030800000221600109
B1240474545481N01139576EA001970030700000221820109
B1240484545478N01139572EA001960030500000302060109
B1240494545477N01139566EA001950030500000302300110
B1240504545477N01139559EA001950030500000332580110
B1240514545481N01139553EA001950030500000332860110
B1240524545487N01139550EA001950030500000453130110
B1240534545495N01139549EA001950030500000483400110
B1240544545502N01139552EA001960030700000480000110
B1240554545507N01139558EA001960030800000480200110
B1240564545512N01139567EA001960030600000480400110
B1240574545514N01139576EA001960030500000460580109
B1240584545515N01139585EA001950030400000410720109
B1240594545514N01139593EA001950030500000410860109
B1241004545511N01139598EA001950030500000321070109
B1241014545508N01139602EA001950030400000321280109
B1241024545504N01139604EA001940030400000281470109
B1241034545500N01139604EA001940030300000281660109
B1241044545497N01139602EA001930030300000231880109
B1241054545494N01139598EA001930030300000232100109
B1241064545493N01139593EA001930030200000262280109
B1241074545492N01139587EA001920030200000262460109
B1241084545493N01139582EA001920030200000282670109
B1241094545496N01139576EA001920030200000282880109
B1241104545501N01139570EA001910030100000413060109
B1241114545507N01139567EA001900030000000413240110
B1241124545513N01139566EA001900030100000433410109
B1241134545519N01139568EA001900030200000433580109
B1241144545525N01139571EA001900030200000420120109
B1241154545531N01139577EA001900030200000420260109
B1241164545536N01139584EA001900030200000460360109
B1241174545540N01139591EA001900030100000460460109
B1241184545542N01139600EA001890030100000400560109
B1241194545543N01139608EA001890029900000400700109
B1241204545542N01139616EA001870029800000360830109
B1241214545541N01139624EA001860029700000360960110
B1241224545538N01139630EA001850029500000341080110
B1241234545536N01139636EA001840029400000341200110
B1241244545533N01139642EA001830029300000311190110
B1241254545531N01139648EA001820029200000311180110
B1241264545528N01139653EA001810029000000291180110
B1241274545525N01139658EA001790028700000291280110
B1241284545520N01139662EA001760028400000371380110
B1241294545515N01139667EA001730028100000371480108
B1241304545510N01139671EA001700027900000371480108
B1241314545506N01139674EA001690027800000371480108
B1241324545501N01139677EA001680027700000311510108
B1241334545497N01139680EA001670027500000311540108
B1241344545493N01139683EA001650027300000261550108
B1241354545489N01139685EA001630027000000261560108
B1241364545485N01139688EA001600026600000321550108
B1241374545480N01139692EA001570026200000321540108
B1241384545476N01139696EA001540025800000361490108
B1241394545472N01139702EA001510025500000361440108
B1241404545469N01139709EA001470025200000351330108
B1241414545466N01139715EA001450025100000351220108
B1241424545463N01139720EA001430025000000321270106
B1241434545459N01139725EA001420024800000321320105
B1241444545456N01139731EA001400024500000331310105
B1241454545453N01139737EA001380024300000331300105
B1241464545450N01139744EA001360024000000351240105
B1241474545448N01139752EA001330023800000351180105
B1241484545444N01139759EA001320023700000391210105
B1241494545441N01139765EA001300023700000391240105
B1241504545437N01139770EA001290023600000321270110
B1241514545434N01139776EA001290023500000321300110
B1241524545431N01139781EA001280023400000321290110
B1241534545428N01139788EA001260023300000321280110
B1241544545425N01139795EA001240023100000371250110
B1241554545422N01139802EA001230023000000371220110
B1241564545420N01139808EA001220022900000331220110
B1241574545417N01139814EA001220022900000331220110
B1241584545415N01139821EA001210022800000321170120
B1241594545413N01139828EA001200022600000321120120
B1242004545411N01139835EA001180022400000331120119
B1242014545409N01139841EA001170022300000331120119
B1242024545407N01139847EA001160022200000311160119
B1242034545404N01139853EA001150022100000311200119
B1242044545402N01139859EA001140022100000291180119
B1242054545400N01139865EA001130022000000291160119
B1242064545398N01139871EA001120021900000301180147
B1242074545395N01139877EA001110021800000301200147
B1242084545393N01139882EA001110021700000251210147
B1242094545391N01139886EA001100021600000251220147
B1242104545388N01139891EA001080021400000261270147
B1242114545385N01139893EA001060021300000261320147
B1242124545381N01139894EA001060021200000261480147
B1242134545377N01139894EA001050021000000261640147
B1242144545373N01139895EA001040021100000281670147
B1242154545369N01139897EA001040021100000281700147
B1242164545366N01139901EA001040021100000261520147
B1242174545363N01139906EA001050021300000261360147
B1242184545361N01139910EA001060021400000211370162
B1242194545358N01139912EA001060021400000211380162
B1242204545354N01139914EA001060021200000241460162
B1242214545351N01139917EA001050021100000241540183
B1242224545347N01139920EA001040021000000271530183
B1242234545344N01139923EA001030021000000271520183
B1242244545340N01139925EA001020020900000271510183
B1242254545336N01139927EA001020020900000271500183
B1242264545333N01139929EA001010020800000261550183
B1242274545329N01139931EA001000020700000261600183
B1242284545326N01139932EA001000020700000211600183
B1242294545323N01139933EA000990020600000211600183
B1242304545320N01139934EA000990020600000181630183
B1242314545318N01139933EA000980020500000181660183
B1242324545317N01139929EA000970020400000181930183
B1242334545316N01139925EA000950020100000182200183
B1242344545316N01139918EA000940019900000312470183
B1242354545317N01139911EA000930019700000312740162
B1242364545320N01139904EA000920019700000352860162
B1242374545324N01139897EA000910019700000352980162
B1242384545329N01139893EA000900019600000403120162
B1242394545334N01139889EA000890019500000403260162
B1242404545341N01139886EA000880019300000453360162
B1242414545348N01139885EA000870019200000453460162
B1242424545354N01139885EA000860019100000433520162
B1242434545361N01139884EA000860019100000433580162
B1242444545368N01139883EA000840018900000473540147
B1242454545375N01139880EA000830018700000473500147
B1242464545382N01139877EA000810018600000503440147
B1242474545390N01139873EA000800018400000513380147
B1242484545396N01139869EA000790018300000483390147
B1242494545403N01139866EA000780018200000483400119
B1242504545409N01139861EA000780018100000443360119
B1242514545415N01139856EA000770018000000443320120
B1242524545420N01139850EA000760017700000503250120
B1242534545426N01139842EA000750017500000503180120
B1242544545430N01139836EA000750017500000443160120
B1242554545433N01139830EA000750017500000443140120
B1242564545437N01139825EA000760017700000273140120
B1242574545440N01139820EA000760017700000303120120
B1242584545444N01139816EA000760017600000343130110
B1242594545447N01139810EA000750017300000343140110
B1243004545451N01139805EA000730017200000363110110
B1243014545454N01139799EA000720017000000363080110
B1243024545458N01139793EA000710016800000383110110
B1243034545462N01139788EA000690016600000383140110
B1243044545466N01139782EA000670016400000363100104
B1243054545468N01139775EA000660016200000363060104
B1243064545470N01139768EA000650016000000352980104
B1243074545472N01139761EA000630015800000352900106
B1243084545475N01139753EA000610015600000382900106
B1243094545478N01139747EA000590015500000382960106
B1243104545481N01139741EA000580015300000353010106
B1243114545484N01139735EA000560015200000353060106
B1243124545487N01139729EA000550015200000313090106
B1243134545491N01139724EA000550015100000313120106
B1243144545494N01139719EA000530015000000333120106
B1243154545497N01139713EA000520014800000333120108
B1243164545499N01139707EA000500014500000373040108
B1243174545501N01139699EA000480014100000402960108
B1243184545503N01139690EA000460013900000382860108
B1243194545505N01139682EA000450013800000352860108
B1243204545506N01139673EA000440013800000342800108
B1243214545506N01139665EA000430013900000342780108
B1243224545507N01139657EA000420013800000342760108
B1243234545507N01139649EA000410013800000332700108
B1243244545506N01139642EA000400013700000322620108
B1243254545504N01139635EA000390013600000322540108
B1243264545501N01139631EA000380013600000282330108
B1243274545498N01139629EA000370013300000282120108
B1243284545493N01139627EA000350013200000301960108
B1243294545488N01139626EA000340013100000301800108
B1243304545484N01139628EA000330013000000271640108
B1243314545480N01139631EA000320013000000271480108
B1243324545476N01139632EA000310013000000241580108
B1243334545472N01139631EA000290012800000241680108
B1243344545467N01139629EA000270012500000331840108
B1243354545463N01139625EA000250012300000332000108
B1243364545459N01139622EA000230012200000272060109
B1243374545456N01139619EA000230012100000272120109
B1243384545452N01139617EA000220012000000212060109
B1243394545449N01139616EA000210011900000212000109
B1243404545446N01139616EA000200011800000211950109
B1243414545443N01139615EA000190011700000211900109
B1243424545440N01139615EA000180011600000181870109
B1243434545437N01139615EA000170011400000181840109
B1243444545434N01139615EA000140011200000201810109
B1243454545431N01139616EA000130011000000201780109
B1243464545429N01139616EA000130011000000141780109
B1243474545427N01139616EA000120011000000111800109
B1243484545425N01139616EA000120011000000121800109
B1243494545423N01139616EA000120011000000121800109
B1243504545421N01139616EA000120011000000111810109
B1243514545419N01139615EA000120011000000111820109
B1243524545417N01139615EA000120011100000101810109
B1243534545416N01139615EA000120011100000101800109
B1243544545414N01139615EA000120011100000081800109
B1243554545412N01139616EA000120011200000081800109
B1243564545411N01139616EA000120011200000091770109
B1243574545409N01139616EA000120011300000091740109
B1243584545407N01139616EA000120011300000081760109
B1243594545406N01139616EA000120011300000081780109
B1244004545404N01139616EA000120011400000101790109
B1244014545403N01139616EA000120011400000101800109
B1244024545401N01139616EA000120011400000061830109
B1244034545400N01139616EA000120011500000061860109
B1244044545399N01139615EA000120011600000071880109
B1244054545398N01139615EA000120011600000071900109
B1244064545396N01139615EA000120011700000081900109
B1244074545396N01139615EA000120011700000081900109
B1244084545396N01139615EA000120011700000081900109
B1244094545396N01139616EA000120011700000080000109
B1244104545395N01139616EA000120011700000000000109
B1244114545395N01139616EA000120011700000000000109
B1244124545395N01139616EA000120011700000000000109
B1244134545395N01139616EA000120011700000000000109
B1244144545395N01139616EA000120011700000000000109
B1244154545395N01139616EA000120011700000000000109
B1244164545394N01139616EA000120011700000000000109
B1244174545394N01139617EA000120011600000000000113
B1244184545394N01139617EA000120011600000000000113
B1244194545394N01139617EA000120011500000000000113
B1244204545394N01139617EA000120011500000000000113
B1244214545393N01139617EA000120011400000000000113
B1244224545393N01139618EA000120011400000030000113
B1244234545392N01139619EA000120011500000030000113
B1244244545392N01139620EA000120011300000050670113
B1244254545391N01139620EA000120011400000051340113
B1244264545391N01139621EA000120011300000031340113
B1244274545391N01139622EA000120011400000030000113
B1244284545392N01139622EA000120011400000030000113
B1244294545392N01139622EA000120011400000010000113
B1244304545392N01139622EA000120011400000010000113
B1244314545392N01139621EA000120011500000010000113
B1244324545392N01139621EA000120011300000000000113
B1244334545392N01139621EA000120011300000000000113
B1244344545392N01139621EA000120011400000020000113
B1244354545391N01139621EA000120011400000020000113
B1244364545391N01139621EA000120011300000030000113
B1244374545390N01139621EA000120011300000030000113
B1244384545389N01139621EA000120011200000030000113
B1244394545388N01139621EA000120011200000030000113
B1244404545388N01139621EA000120011000000040000113
B1244414545387N01139620EA000120010800000040000113
B1244424545386N01139621EA000120010700000040000113
B1244434545386N01139621EA000120010700000040000113
B1244444545386N01139620EA000120010700000020000113
B1244454545385N01139620EA000120010600000020000113
B1244464545385N01139620EA000120010700000030000113
B1244474545384N01139621EA000120010700000030000113
B1244484545384N01139622EA000120010800000040690113
B1244494545383N01139622EA000120010800000041380113
B1244504545383N01139622EA000120010900000021380113
B1244514545383N01139622EA000120010900000021380113
B1244524545383N01139622EA000120010900000021380113
B1244534545382N01139623EA000130010900000020000113
B1244544545382N01139624EA000120011100000030000113
B1244554545383N01139624EA000120011200000030000113
B1244564545383N01139623EA000120011200000030000113
B1244574545383N01139623EA000120011200000030000113
B1244584545383N01139622EA000120011300000030000113
B1244594545383N01139622EA000120011300000030000113
B1245004545383N01139621EA000120011300000033190113
B1245014545383N01139621EA000120011400000032780113
B1245024545383N01139621EA000120011400000032780113
B1245034545383N01139621EA000120011400000032780113
B1245044545383N01139622EA000120011400000002780113
B1245054545383N01139622EA000120011400000002780113
B1245064545382N01139622EA000120011400000012780113
B1245074545382N01139622EA000120011400000012780113
B1245084545382N01139622EA000120011400000012780113
B1245094545382N01139622EA000120011300000010000113
B1245104545382N01139622EA000120011300000010000113
B1245114545382N01139622EA000120011400000010000113
B1245124545382N01139623EA000120011400000000000113
B1245134545382N01139623EA000120011300000000000113
B1245144545382N01139623EA000120011400000000000113
B1245154545382N01139623EA000120011300000000000113
B1245164545382N01139623EA000120011400000000000113
B1245174545382N01139622EA000120011400000000000113
B1245184545382N01139622EA000120011400000000000113
B1245194545382N01139622EA000120011500000000000113
B1245204545382N01139622EA000120011500000000000113
B1245214545382N01139622EA000120011500000000000113
B1245224545382N01139623EA000120011500000000000113
B1245234545382N01139623EA000120011500000000000113
B1245244545382N01139623EA000120011400000000000113
B1245254545382N01139623EA000120011400000000000113
B1245264545382N01139623EA000120011400000000000113
B1245274545382N01139622EA000120011500000000000113
B1245284545382N01139623EA000120011500000010000113
B1245294545382N01139622EA000120011500000010000113
B1245304545382N01139622EA000120011500000010000113
B1245314545382N01139622EA000120011500000010000113
B1245324545382N01139622EA000120011500000010000113
B1245334545382N01139622EA000120011500000010000113
B1245344545382N01139622EA000120011500000010000113
B1245354545382N01139622EA000120011500000010000113
B1245364545382N01139622EA000120011500000010000113
B1245374545382N01139622EA000120011600000010000113
B1245384545383N01139621EA000120011600000000000113
B1245394545383N01139621EA000120011500000000000113
B1245404545383N01139621EA000120011600000000000113
B1245414545383N01139621EA000120011600000000000113
B1245424545382N01139621EA000120011600000000000113
B1245434545382N01139621EA000120011600000000000113
B1245444545383N01139621EA000120011600000010000113
B1245454545383N01139621EA000120011600000010000113
B1245464545383N01139621EA000120011600000010000113
B1245474545382N01139621EA000120011600000010000113
B1245484545382N01139622EA000120011600000000000113
B1245494545382N01139622EA000120011500000000000113
B1245504545382N01139622EA000120011500000000000113
B1245514545382N01139622EA000120011400000000000113
B1245524545382N01139622EA000120011400000000000113
B1245534545381N01139622EA000120011400000000000113
B1245544545381N01139622EA000120011300000010000113
B1245554545381N01139622EA000120011200000010000113
B1245564545380N01139623EA000120011200000010000113
B1245574545380N01139623EA000120011200000010000113
B1245584545380N01139623EA000120011300000010000113
B1245594545380N01139623EA000120011200000010000113
B1246004545379N01139623EA000120011200000010000113
B1246014545379N01139623EA000120011100000010000113
B1246024545379N01139623EA000120011100000010000113
B1246034545379N01139623EA000120011200000010000113
B1246044545379N01139623EA000120011200000010000113
B1246054545379N01139623EA000120011300000010000113
B1246064545379N01139623EA000130011300000010000113
B1246074545380N01139623EA000130011300000010000113
B1246084545380N01139623EA000120011300000010000113
B1246094545381N01139623EA000120011300000010000113
B1246104545381N01139623EA000120011500000010000113
B1246114545381N01139623EA000130011500000010000113
B1246124545381N01139623EA000130011400000000000113
B1246134545381N01139623EA000130011300000000000113
B1246144545381N01139624EA000120011300000020000113
B1246154545381N01139624EA000120011300000020000113
B1246164545381N01139624EA000120011300000020000113
B1246174545381N01139623EA000120011300000020000113
B1246184545381N01139624EA000120011400000020000113
B1246194545381N01139624EA000120011400000020000113
B1246204545382N01139624EA000120011400000000000113
B1246214545382N01139625EA000120011400000000000113
B1246224545382N01139625EA000120011400000000000113
B1246234545382N01139625EA000120011300000000000113
B1246244545382N01139626EA000120011300000010000113
B1246254545382N01139625EA000120011400000000000113
B1246264545382N01139625EA000120011400000000000113
B1246274545382N01139625EA000120011300000000000113
B1246284545382N01139625EA000120011300000000000113
B1246294545382N01139625EA000110011300000000000113
B1246304545382N01139625EA000110011300000000000113
B1246314545382N01139625EA000110011200000000000113
B1246324545382N01139625EA000110011200000000000113
B1246334545382N01139625EA000110011200000000000113
B1246344545381N01139625EA000110011200000000000113
B1246354545381N01139625EA000110011200000000000113
B1246364545382N01139625EA000110011200000000000113
E124637PEV
B1246374545382N01139625EA000120011200000000000113
B1246384545382N01139625EA000130011200000020000113
B1246394545382N01139625EA000130011200000020000113
B1246404545382N01139625EA000130011200000020000113
B1246414545382N01139625EA000130011100000020000113
B1246424545382N01139625EA000140011100000000000113
B1246434545382N01139625EA000140011100000000000113
B1246444545382N01139625EA000140011100000000000113
B1246454545381N01139625EA000140011100000000000113
B1246464545381N01139625EA000140011200000000000113
E124647PEV
B1246474545381N01139625EA000140011200000000000113
B1246484545381N01139624EA000140011200000000000113
B1246494545381N01139624EA000140011200000000000113
B1246504545381N01139625EA000140011200000000000113
B1246514545381N01139624EA000130011300000000000113
B1246524545381N01139625EA000130011300000020660113
B1246534545381N01139625EA000130011000000021320113
B1246544545382N01139625EA000130011200000051100113
B1246554545382N01139625EA000120011200000050880113
B1246564545382N01139625EA000120011300000000880113
B1246574545382N01139625EA000120011300000000880113
B1246584545382N01139625EA000120011300000000880113
B1246594545382N01139625EA000120011300000000880113
B1247004545382N01139625EA000130011300000000880113
B1247014545382N01139625EA000130011300000000880113
B1247024545381N01139625EA000120011300000000880113
B1247034545381N01139625EA000120011300000000880113
B1247044545381N01139625EA000120011400000000880113
B1247054545381N01139625EA000120011400000000880113
B1247064545381N01139625EA000120011400000000880113
B1247074545381N01139625EA000130011400000000000113
B1247084545382N01139625EA000130011500000000000113
B1247094545382N01139625EA000130011500000000000113
B1247104545382N01139626EA000120011500000000000113
B1247114545382N01139625EA000120011600000000000113
B1247124545381N01139625EA000120011500000000000113
B1247134545381N01139625EA000120011500000000000113
B1247144545381N01139625EA000120011500000000000113
B1247154545381N01139625EA000120011500000000000113
B1247164545380N01139625EA000120011500000000000113
B1247174545381N01139625EA000120011500000000000113
B1247184545380N01139625EA000120011400000000000113
B1247194545380N01139625EA000120011400000000000113
B1247204545380N01139625EA000120011400000000000113
B1247214545380N01139625EA000120011400000000000113
B1247224545380N01139625EA000120011400000000000113
B1247234545380N01139625EA000120011400000000000113
B1247244545380N01139625EA000120011400000000000113
B1247254545380N01139625EA000120011400000000000113
B1247264545380N01139624EA000120011400000000000113
B1247274545380N01139624EA000120011400000000000113
B1247284545380N01139625EA000120011400000000000113
B1247294545380N01139625EA000120011400000000000113
B1247304545381N01139625EA000120011400000020000113
B1247314545380N01139625EA000120011700000020000113
B1247324545380N01139625EA000120011700000020000113
B1247334545381N01139624EA000120011700000020000113
B1247344545381N01139625EA000120011700000010000113
B1247354545381N01139625EA000120011800000010000113
B1247364545381N01139625EA000120011800000010000113
B1247374545381N01139625EA000120011700000010000113
B1247384545381N01139625EA000120011700000010000113
B1247394545381N01139625EA000120011700000010000113
B1247404545381N01139625EA000120011800000010000113
B1247414545381N01139624EA000120011800000010000113
B1247424545381N01139624EA000120011800000010000113
B1247434545381N01139625EA000120011800000010000113
B1247444545381N01139624EA000120011900000010000113
B1247454545381N01139624EA000120011900000010000113
B1247464545381N01139624EA000120011800000000000113
B1247474545381N01139624EA000120011800000000000113
B1247484545381N01139624EA000120011800000000000113
B1247494545381N01139624EA000120011700000000000113
B1247504545380N01139624EA000120011700000030000113
B1247514545380N01139625EA000120011700000030000113
B1247524545380N01139625EA000120011700000030000113
B1247534545381N01139625EA000120011600000030000113
B1247544545381N01139625EA000120011500000020000113
B1247554545381N01139625EA000120011500000020000113
B1247564545381N01139625EA000120011500000020000113
B1247574545382N01139625EA000120011500000020000113
B1247584545382N01139625EA000120011600000010000113
B1247594545381N01139626EA000120011600000010000113
B1248004545381N01139626EA000120011500000010000113
B1248014545381N01139626EA000120011500000010000113
B1248024545382N01139626EA000120011500000020000113
B1248034545381N01139626EA000120011500000020000113
B1248044545382N01139626EA000120011500000010000113
B1248054545382N01139626EA000120011600000010000113
B1248064545382N01139626EA000120011700000010000113
B1248074545382N01139626EA000120011700000010000113
B1248084545382N01139625EA000120011600000020000113
B1248094545381N01139625EA000120011700000020000113
B1248104545381N01139625EA000120011700000020000113
B1248114545381N01139625EA000120011800000020000113
B1248124545382N01139625EA000120011800000020000113
B1248134545382N01139625EA000120011800000020000113
B1248144545382N01139625EA000120011900000000000113
B1248154545382N01139625EA000120011900000000000113
B1248164545382N01139625EA000120011800000020000113
B1248174545382N01139625EA000120011600000020000113
B1248184545382N01139625EA000120011500000000000113
B1248194545382N01139625EA000120011700000000000113
B1248204545382N01139624EA000120011600000000000113
B1248214545383N01139624EA000120011700000000000113
B1248224545382N01139624EA000120011700000000000113
B1248234545382N01139624EA000120011600000000000113
B1248244545383N01139623EA000120011600000010000113
B1248254545383N01139623EA000120011700000010000113
B1248264545383N01139623EA000120011800000000000113
B1248274545383N01139623EA000120011800000000000113
B1248284545384N01139623EA000120011800000000000113
B1248294545384N01139623EA000120011900000000000113
B1248304545384N01139623EA000120011900000000000113
B1248314545385N01139623EA000120011900000000000113
B1248324545385N01139623EA000120011900000000000113
B1248334545385N01139623EA000120011900000000000113
B1248344545385N01139623EA000120011900000000000113
B1248354545385N01139623EA000120011900000000000113
B1248364545384N01139622EA000120011800000030000113
B1248374545384N01139622EA000120011800000030000113
B1248384545384N01139622EA000120011700000020000113
B1248394545384N01139622EA000120011600000020000113
B1248404545384N01139622EA000120011500000030000113
B1248414545384N01139622EA000120011500000030000113
B1248424545384N01139622EA000120011500000030000113
B1248434545384N01139622EA000120011500000030000113
B1248444545384N01139622EA000120011600000010000113
B1248454545384N01139622EA000120011600000010000113
B1248464545384N01139622EA000120011600000010000113
B1248474545384N01139623EA000120011600000010000113
B1248484545384N01139623EA000120011600000010000113
B1248494545384N01139623EA000120011700000010000113
B1248504545384N01139623EA000120011700000010000113
B1248514545383N01139623EA000120011700000010000113
B1248524545383N01139623EA000120011700000010000113
B1248534545383N01139623EA000120011700000010000113
B1248544545383N01139623EA000120011700000010000113
B1248554545383N01139624EA000120011700000010000113
B1248564545383N01139624EA000120011700000010000113
B1248574545383N01139624EA000120011700000010000113
B1248584545383N01139625EA000120011800000030000113
B1248594545383N01139625EA000120011800000030000113
B1249004545383N01139625EA000120011800000030000113
B1249014545383N01139624EA000120011800000030000113
B1249024545383N01139624EA000120011800000030000113
B1249034545382N01139625EA000120011800000030000113
B1249044545382N01139625EA000120011800000030000113
B1249054545382N01139625EA000120011900000030000113
B1249064545382N01139625EA000120011900000030000113
B1249074545382N01139625EA000120011900000030000113
B1249084545381N01139625EA000120011900000020000113
B1249094545380N01139626EA000120011900000020000113
B1249104545381N01139626EA000120011700000000000113
B1249114545381N01139625EA000120011700000000000113
B1249124545381N01139625EA000120011700000000000113
B1249134545380N01139625EA000120011600000000000113
B1249144545380N01139624EA000120011600000000000113
B1249154545380N01139625EA000120011700000000000113
B1249164545380N01139625EA000120011600000020000113
B1249174545379N01139625EA000120011600000020000113
B1249184545379N01139625EA000120011600000020000113
B1249194545379N01139625EA000120011500000020000113
B1249204545378N01139625EA000120011600000010000113
B1249214545378N01139625EA000120011500000010000113
B1249224545378N01139625EA000120011400000010000113
B1249234545378N01139626EA000120011300000010000113
B1249244545378N01139626EA000120011400000000000113
B1249254545378N01139625EA000120011300000000000113
B1249264545378N01139625EA000120011300000000000113
B1249274545378N01139625EA000120011300000000000113
G78B4279CD3B08340E0145E5046348704
