AXCCXXXCompCheck-4.7
HFDTEDATE:260526
HFFXA010
HFPLTPILOT:Martin BASTOW
HPGTYGLIDERTYPE:Zoom X2C
HPGIDGLIDERID:NA
HFDTM100GPSDATUM:WGS-1984
HFRFWFIRMWAREVERSION:
HFRHWHARDWAREVERSION:NA
HFFTYFRTYPE:NA
HFGPS:NA
HFPRSPRESSALTSENSOR:NA
HFTZN:2.0
HFTZOTimezone:2
HFCIDCOMPETITIONID:1172
HFCCLCOMPETITIONCLASS:NA
I063637LAD3839LOD4040TDS4142WSP4345WDI4649GND
E105710PEV
B1057104547760N01140134EA007100084500000181620846
B1057114547757N01140136EA007100084400000181580846
B1057124547753N01140138EA007090084300000261560846
B1057134547749N01140141EA007080084300000261540846
B1057144547746N01140144EA007080084300000231500846
B1057154547743N01140147EA007080084300000231460846
B1057164547740N01140150EA007070084300000241430846
B1057174547737N01140153EA007070084400000241400846
B1057184547734N01140156EA007070084500000221420846
B1057194547731N01140159EA007070084500000221440846
B1057204547728N01140162EA007070084500000241390846
B1057214547726N01140166EA007070084500000241340846
B1057224547724N01140170EA007070084500000231310833
B1057234547722N01140174EA007070084600000231280833
B1057244547720N01140177EA007080084800000161260833
B1057254547719N01140180EA007080084900000161240833
B1057264547718N01140183EA007090085000000151200833
B1057274547717N01140187EA007090084900000151160833
B1057284547716N01140192EA007090084900000281100833
B1057294547714N01140199EA007080084800000281040833
B1057304547712N01140205EA007080084700000331090833
B1057314547710N01140211EA007070084700000331140797
B1057324547707N01140215EA007080084900000251250797
B1057334547704N01140217EA007090085100000251360783
B1057344547700N01140218EA007100085200000281560783
B1057354547695N01140218EA007110085300000281760783
B1057364547691N01140218EA007130085500000271780783
B1057374547687N01140217EA007140085700000271800783
B1057384547683N01140215EA007160085900000271920797
B1057394547680N01140212EA007170085900000272040797
B1057404547677N01140207EA007180086000000322170797
B1057414547674N01140201EA007180086000000322300797
B1057424547670N01140196EA007190086100000322290797
B1057434547667N01140191EA007190086100000322280797
B1057444547664N01140186EA007200086100000292280797
B1057454547661N01140182EA007190086100000292280797
B1057464547658N01140177EA007190086000000312290774
B1057474547655N01140171EA007180085900000312300774
B1057484547653N01140166EA007170085800000322330772
B1057494547650N01140159EA007160085600000322360772
B1057504547648N01140152EA007140085400000382410772
B1057514547645N01140144EA007120085100000402460772
B1057524547643N01140137EA007090084900000392440772
B1057534547640N01140129EA007070084700000392420772
B1057544547637N01140122EA007060084500000382400772
B1057554547634N01140115EA007040084300000382380786
B1057564547631N01140108EA007020084200000392360786
B1057574547627N01140102EA007000084000000392340786
B1057584547623N01140095EA006990083900000412330786
B1057594547620N01140087EA006970083700000412320786
B1058004547616N01140080EA006960083600000402340786
B1058014547613N01140073EA006950083500000402360786
B1058024547610N01140066EA006940083400000392380796
B1058034547607N01140059EA006930083300000392400796
B1058044547603N01140052EA006920083200000392350796
B1058054547599N01140046EA006910083100000392300796
B1058064547595N01140040EA006910083000000402250796
B1058074547590N01140034EA006900082900000402200796
B1058084547586N01140028EA006890082800000412220796
B1058094547581N01140022EA006880082800000412240796
B1058104547577N01140016EA006880082800000392240818
B1058114547573N01140010EA006880082800000372240818
B1058124547568N01140005EA006880082700000372200818
B1058134547564N01140000EA006880082700000372160818
B1058144547559N01139995EA006870082600000402170801
B1058154547554N01139989EA006860082500000402180801
B1058164547550N01139983EA006860082500000412200801
B1058174547545N01139977EA006850082400000412220801
B1058184547541N01139972EA006850082500000392210801
B1058194547537N01139966EA006860082600000392200810
B1058204547533N01139960EA006870082700000332270810
B1058214547531N01139955EA006880082900000332340810
B1058224547528N01139950EA006890082900000292310810
B1058234547524N01139945EA006890082800000292280810
B1058244547520N01139941EA006890082800000362220810
B1058254547516N01139936EA006880082700000362160810
B1058264547512N01139930EA006880082700000372210810
B1058274547508N01139924EA006880082800000372260788
B1058284547506N01139918EA006890082900000352320788
B1058294547503N01139911EA006890082900000352380798
B1058304547500N01139904EA006900083000000372370798
B1058314547496N01139898EA006900082900000372360798
B1058324547493N01139893EA006900083000000282310798
B1058334547491N01139889EA006910083200000282260798
B1058344547488N01139885EA006930083400000242270798
B1058354547486N01139881EA006940083500000242280798
B1058364547484N01139876EA006960083600000252310798
B1058374547481N01139872EA006970083700000252340798
B1058384547478N01139870EA006980083800000232190798
B1058394547475N01139870EA006990083900000232040798
B1058404547471N01139872EA007000084000000251740798
B1058414547469N01139876EA007000084100000251440798
B1058424547468N01139882EA007010084200000291220798
B1058434547468N01139888EA007010084200000291000798
B1058444547467N01139894EA007010084100000271010798
B1058454547465N01139899EA007000084100000271020798
B1058464547463N01139903EA007000084000000261210798
B1058474547459N01139905EA006990083900000261400769
B1058484547455N01139906EA006980083800000271600769
B1058494547451N01139904EA006980083800000271800769
B1058504547447N01139901EA006980083800000291970769
B1058514547444N01139896EA006980083800000292140769
B1058524547443N01139890EA006990083900000332370769
B1058534547444N01139882EA006990083900000382600769
B1058544547447N01139874EA006990083800000452820769
B1058554547452N01139867EA006980083600000453040769
B1058564547459N01139862EA006970083500000513220782
B1058574547467N01139861EA006960083400000503400811
B1058584547474N01139862EA006950083300000463560811
B1058594547480N01139866EA006940083300000460120811
B1059004547484N01139872EA006930083200000410290798
B1059014547487N01139879EA006920083100000410460798
B1059024547488N01139887EA006910083100000340650798
B1059034547487N01139894EA006910083000000340840798
B1059044547485N01139899EA006900083000000311060798
B1059054547482N01139904EA006900083100000311280798
B1059064547478N01139907EA006910083200000261350798
B1059074547475N01139910EA006910083300000261420798
B1059084547472N01139912EA006920083400000211470798
B1059094547470N01139913EA006920083400000211520798
B1059104547467N01139913EA006920083300000201690798
B1059114547463N01139911EA006910083200000201860798
B1059124547460N01139908EA006900083000000282040769
B1059134547457N01139903EA006890082800000282180769
B1059144547455N01139897EA006870082700000292300769
B1059154547453N01139892EA006860082600000292420769
B1059164547451N01139887EA006860082600000242390769
B1059174547448N01139885EA006850082500000242360769
B1059184547444N01139885EA006840082300000282020769
B1059194547440N01139888EA006830082000000281680769
B1059204547437N01139894EA006810081800000351440769
B1059214547436N01139901EA006790081700000351200769
B1059224547436N01139909EA006780081600000351010769
B1059234547437N01139916EA006770081600000350820769
B1059244547439N01139924EA006760081500000370730757
B1059254547442N01139931EA006760081400000370640757
B1059264547445N01139939EA006750081300000430610757
B1059274547448N01139947EA006740081200000430580757
B1059284547450N01139957EA006730081100000470660757
B1059294547452N01139967EA006720081100000460720746
B1059304547454N01139975EA006730081300000410710746
B1059314547457N01139983EA006750081600000410700746
B1059324547459N01139990EA006770081900000350630746
B1059334547462N01139996EA006780082000000350560771
B1059344547465N01140003EA006800082200000350580771
B1059354547467N01140010EA006810082300000350600771
B1059364547468N01140017EA006830082400000340720750
B1059374547467N01140024EA006840082500000340840750
B1059384547463N01140030EA006850082600000361090750
B1059394547458N01140033EA006860082600000361340724
B1059404547452N01140032EA006860082600000451650724
B1059414547447N01140025EA006870082600000451960724
B1059424547445N01140015EA006870082600000522300746
B1059434547447N01140004EA006870082700000532640746
B1059444547453N01139997EA006880082800000542960746
B1059454547461N01139994EA006880082800000543280771
B1059464547469N01139995EA006890082900000503520771
B1059474547476N01139997EA006900083100000500060771
B1059484547481N01140001EA006920083400000390190771
B1059494547485N01140007EA006930083600000390320771
B1059504547486N01140013EA006950083800000310560771
B1059514547485N01140020EA006960084000000310800750
B1059524547481N01140023EA006980084000000361180750
B1059534547475N01140023EA006980083800000361560750
B1059544547469N01140018EA006980083800000461880750
B1059554547466N01140010EA006980083900000432200771
B1059564547466N01140001EA006990084000000422500771
B1059574547469N01139993EA006990084100000452760771
B1059584547475N01139987EA007000084100000523040771
B1059594547483N01139985EA007000084000000543320771
B1100004547491N01139988EA007010084100000503580771
B1100014547495N01139994EA007020084300000500240771
B1100024547497N01140000EA007030084600000290470771
B1100034547498N01140006EA007050084900000290700771
B1100044547499N01140010EA007070085100000220720771
B1100054547500N01140015EA007090085200000220740771
B1100064547500N01140020EA007100085300000220820750
B1100074547499N01140024EA007110085400000220900750
B1100084547496N01140028EA007120085300000271160750
B1100094547492N01140030EA007120085300000271420750
B1100104547487N01140029EA007120085200000331690750
B1100114547482N01140025EA007120085200000331960750
B1100124547479N01140017EA007120085200000422200750
B1100134547479N01140008EA007120085100000462420771
B1100144547482N01139999EA007120085100000512720771
B1100154547488N01139993EA007110084900000513020771
B1100164547496N01139993EA007090084700000533360771
B1100174547502N01139999EA007080084600000530100771
B1100184547505N01140007EA007070084700000400420771
B1100194547505N01140014EA007070084800000400740771
B1100204547504N01140019EA007080085000000220930750
B1100214547502N01140022EA007090085200000221120750
B1100224547499N01140025EA007100085200000211310750
B1100234547495N01140026EA007100085100000211500750
B1100244547491N01140026EA007100085000000321660750
B1100254547486N01140025EA007090085000000321820750
B1100264547481N01140023EA007090085000000301910750
B1100274547477N01140020EA007090085000000302000750
B1100284547474N01140017EA007090085100000282050750
B1100294547470N01140013EA007090085100000282100771
B1100304547467N01140008EA007100085200000312210771
B1100314547465N01140002EA007120085400000312320771
B1100324547463N01139995EA007140085600000332450771
B1100334547463N01139988EA007150085800000332580771
B1100344547463N01139979EA007170086100000392640771
B1100354547464N01139971EA007190086200000432720771
B1100364547467N01139963EA007210086400000442860788
B1100374547472N01139956EA007220086600000443020788
B1100384547477N01139951EA007240086800000423170788
B1100394547483N01139948EA007260086900000423320788
B1100404547488N01139948EA007270087100000363460788
B1100414547494N01139950EA007290087200000360000788
B1100424547499N01139955EA007290087200000430200788
B1100434547502N01139963EA007290087200000430400788
B1100444547503N01139971EA007300087300000360640771
B1100454547502N01139977EA007310087500000360880771
B1100464547498N01139982EA007310087600000311180771
B1100474547493N01139983EA007320087500000311480771
B1100484547487N01139982EA007310087400000391710771
B1100494547482N01139978EA007310087400000391940771
B1100504547478N01139972EA007320087500000402110771
B1100514547475N01139964EA007330087700000392280788
B1100524547474N01139956EA007340087900000392460788
B1100534547475N01139948EA007360088100000402660788
B1100544547477N01139940EA007390088300000392820788
B1100554547481N01139934EA007410088600000393000788
B1100564547485N01139929EA007430088800000353120788
B1100574547490N01139925EA007450089100000353240788
B1100584547494N01139922EA007470089200000343300788
B1100594547500N01139920EA007480089400000343360788
B1101004547506N01139919EA007490089400000433450788
B1101014547512N01139920EA007500089400000433540810
B1101024547518N01139923EA007500089500000420120810
B1101034547522N01139929EA007510089600000420300810
B1101044547525N01139937EA007520089600000370490810
B1101054547526N01139944EA007530089900000370680810
B1101064547526N01139950EA007550090200000270820810
B1101074547525N01139955EA007570090400000270960810
B1101084547523N01139959EA007590090600000230960810
B1101094547520N01139963EA007600090600000251300810
B1101104547516N01139965EA007600090600000281420810
B1101114547512N01139967EA007610090600000281540801
B1101124547506N01139967EA007610090600000351700771
B1101134547501N01139964EA007610090600000351860788
B1101144547497N01139959EA007620090700000382060788
B1101154547495N01139951EA007620090800000402260788
B1101164547495N01139942EA007620090800000452500788
B1101174547496N01139933EA007630090800000462740788
B1101184547500N01139924EA007640090900000452900788
B1101194547505N01139918EA007650091000000453060788
B1101204547510N01139915EA007670091300000403230798
B1101214547516N01139914EA007690091500000403400824
B1101224547522N01139914EA007700091700000373530824
B1101234547527N01139916EA007720091800000370060824
B1101244547532N01139920EA007730091900000380180810
B1101254547536N01139925EA007740092000000380300810
B1101264547540N01139931EA007750092100000350420810
B1101274547542N01139938EA007760092200000350540810
B1101284547544N01139945EA007770092400000350650810
B1101294547544N01139952EA007790092600000350760810
B1101304547545N01139959EA007810092700000290840810
B1101314547544N01139964EA007820093000000290920810
B1101324547543N01139970EA007830093100000261010801
B1101334547540N01139975EA007850093100000261100801
B1101344547537N01139979EA007860093200000321280801
B1101354547532N01139981EA007870093300000321460801
B1101364547526N01139981EA007870093300000391640801
B1101374547521N01139979EA007880093400000391820801
B1101384547516N01139973EA007890093500000432040801
B1101394547513N01139964EA007900093600000482260810
B1101404547513N01139953EA007910093800000512520810
B1101414547515N01139943EA007930094000000472720810
B1101424547519N01139936EA007950094300000452920810
B1101434547524N01139930EA007970094500000453120810
B1101444547531N01139928EA007990094600000443320810
B1101454547537N01139929EA008000094700000443520810
B1101464547543N01139931EA008010094900000360060810
B1101474547547N01139934EA008030095100000360200810
B1101484547550N01139938EA008050095400000280330810
B1101494547552N01139944EA008060095500000280460810
B1101504547553N01139949EA008070095600000270670810
B1101514547552N01139956EA008090095800000270880810
B1101524547550N01139961EA008100095900000301020810
B1101534547548N01139966EA008120096000000301160810
B1101544547544N01139970EA008140096300000301330801
B1101554547539N01139971EA008150096500000301500801
B1101564547534N01139970EA008170096700000321670801
B1101574547530N01139969EA008180096900000321840801
B1101584547525N01139968EA008200097100000341890801
B1101594547520N01139966EA008210097200000341940810
B1102004547515N01139963EA008230097400000362000810
B1102014547511N01139957EA008250097700000362060810
B1102024547510N01139949EA008270097900000392340788
B1102034547511N01139941EA008290098000000412660810
B1102044547513N01139933EA008310098200000382860810
B1102054547515N01139926EA008340098600000382900810
B1102064547518N01139920EA008370098800000342980810
B1102074547522N01139915EA008390099000000343060824
B1102084547528N01139910EA008390099000000463200824
B1102094547535N01139907EA008400098900000463340824
B1102104547543N01139905EA008400098900000533460824
B1102114547550N01139904EA008400099100000533500824
B1102124547557N01139902EA008430099500000383490824
B1102134547561N01139901EA008460099900000383480844
B1102144547565N01139902EA008490100200000273590844
B1102154547569N01139905EA008510100300000270100844
B1102164547573N01139911EA008520100200000410300844
B1102174547577N01139919EA008520100200000410500841
B1102184547579N01139926EA008530100300000340560841
B1102194547582N01139931EA008550100600000340620841
B1102204547584N01139936EA008570101000000240540841
B1102214547586N01139940EA008600101300000240460841
B1102224547588N01139945EA008620101500000250600841
B1102234547588N01139950EA008640101600000250740841
B1102244547586N01139956EA008650101700000310960841
B1102254547583N01139961EA008660101800000311180841
B1102264547579N01139965EA008680101900000301310841
B1102274547576N01139969EA008700102100000301440818
B1102284547572N01139971EA008720102400000271520818
B1102294547568N01139972EA008740102700000271600818
B1102304547563N01139973EA008760102900000301650818
B1102314547558N01139974EA008780103100000301700801
B1102324547553N01139975EA008800103300000321700801
B1102334547549N01139976EA008820103500000321700801
B1102344547544N01139975EA008840103900000291790801
B1102354547541N01139973EA008870104100000291880801
B1102364547538N01139971EA008890104400000232010801
B1102374547535N01139967EA008920104700000232140801
B1102384547533N01139962EA008950104800000282310810
B1102394547533N01139956EA008960105000000282480810
B1102404547534N01139948EA008980105000000372700810
B1102414547537N01139941EA008990105100000372900810
B1102424547543N01139936EA009000105200000453100810
B1102434547549N01139933EA009020105400000453300810
B1102444547556N01139934EA009040105700000433490810
B1102454547562N01139936EA009060106000000430080841
B1102464547568N01139939EA009090106300000380150841
B1102474547572N01139943EA009120106800000380220841
B1102484547576N01139946EA009160107200000300260841
B1102494547580N01139950EA009200107600000300300841
B1102504547583N01139956EA009220107800000330430841
B1102514547585N01139963EA009240107900000330560841
B1102524547586N01139971EA009260108100000370700818
B1102534547586N01139978EA009280108300000370840818
B1102544547584N01139984EA009300108500000290960818
B1102554547582N01139990EA009320108800000291080818
B1102564547579N01139995EA009340109000000321190818
B1102574547576N01140000EA009360109100000321300818
B1102584547572N01140004EA009380109300000331370818
B1102594547568N01140007EA009390109500000331440818
B1103004547564N01140009EA009410109700000261570818
B1103014547561N01140008EA009430110000000261700818
B1103024547558N01140006EA009450110100000211900801
B1103034547555N01140002EA009470110300000212100801
B1103044547552N01139997EA009490110400000292230801
B1103054547550N01139992EA009500110500000292360801
B1103064547550N01139985EA009520110700000322490801
B1103074547550N01139978EA009530110900000322620801
B1103084547552N01139971EA009550111100000362800801
B1103094547556N01139965EA009570111300000362980810
B1103104547561N01139959EA009590111500000433120841
B1103114547567N01139955EA009610111700000433260841
B1103124547573N01139953EA009640111900000453400841
B1103134547580N01139954EA009660112200000453540841
B1103144547587N01139957EA009680112400000440060841
B1103154547593N01139961EA009700112700000440180841
B1103164547598N01139967EA009730113000000450250818
B1103174547603N01139973EA009760113300000450320818
B1103184547608N01139980EA009790113700000420400818
B1103194547611N01139987EA009820114000000420480828
B1103204547613N01139994EA009840114300000360560828
B1103214547615N01140001EA009860114500000360640828
B1103224547616N01140010EA009880114600000400720828
B1103234547617N01140018EA009900114700000400800806
B1103244547616N01140026EA009920114900000360890806
B1103254547615N01140033EA009930115000000360980806
B1103264547613N01140040EA009950115200000321050806
B1103274547612N01140047EA009960115300000321120806
B1103284547611N01140054EA009970115400000361040806
B1103294547610N01140062EA009980115400000360960796
B1103304547609N01140069EA009990115500000331000774
B1103314547607N01140075EA009990115600000331040774
B1103324547604N01140081EA010000115700000311180774
B1103334547600N01140084EA010010115700000311320774
B1103344547596N01140086EA010010115700000311530774
B1103354547591N01140085EA010010115700000311740774
B1103364547586N01140080EA010020115700000371950774
B1103374547582N01140074EA010020115700000372160774
B1103384547579N01140067EA010020115700000422280774
B1103394547576N01140059EA010020115800000402400796
B1103404547574N01140051EA010030115800000362440796
B1103414547572N01140044EA010040116000000362480796
B1103424547571N01140038EA010050116200000312550796
B1103434547572N01140031EA010070116400000312620796
B1103444547573N01140024EA010080116500000342760796
B1103454547575N01140017EA010090116600000342860796
B1103464547577N01140010EA010090116600000322900818
B1103474547580N01140004EA010100116600000322940818
B1103484547583N01139998EA010100116600000373030818
B1103494547588N01139992EA010100116600000373120818
B1103504547593N01139986EA010100116500000443160818
B1103514547598N01139980EA010110116600000443200818
B1103524547603N01139974EA010110116600000443180818
B1103534547608N01139967EA010120116800000443160818
B1103544547612N01139961EA010130116900000423170848
B1103554547617N01139955EA010140117100000423180848
B1103564547622N01139951EA010150117200000393240848
B1103574547628N01139948EA010160117300000393300848
B1103584547634N01139944EA010170117400000463350848
B1103594547641N01139941EA010190117500000463400848
B1104004547648N01139937EA010200117700000503390848
B1104014547655N01139933EA010220117900000503380848
B1104024547663N01139931EA010250118300000473420858
B1104034547669N01139930EA010290118800000473480858
B1104044547675N01139931EA010330119400000363570858
B1104054547680N01139933EA010370119900000360060858
B1104064547685N01139936EA010400120200000360190858
B1104074547689N01139942EA010430120400000360320858
B1104084547694N01139950EA010450120500000470410858
B1104094547698N01139959EA010470120600000510500858
B1104104547702N01139968EA010490121000000490560840
B1104114547706N01139976EA010530121400000490580840
B1104124547709N01139983EA010560121800000370560840
B1104134547712N01139989EA010600122200000370540853
B1104144547714N01139995EA010630122600000290590853
B1104154547715N01140001EA010650122700000290640853
B1104164547715N01140007EA010670122800000300800853
B1104174547713N01140013EA010670122700000300980853
B1104184547710N01140019EA010680122700000311120821
B1104194547707N01140023EA010680122700000311260821
B1104204547704N01140026EA010680122700000271380821
B1104214547700N01140028EA010680122700000271500821
B1104224547696N01140029EA010680122700000231590821
B1104234547693N01140030EA010690122800000231680821
B1104244547690N01140028EA010690122800000201830821
B1104254547687N01140025EA010690122700000201980821
B1104264547685N01140021EA010680122600000272130821
B1104274547682N01140016EA010670122300000272280840
B1104284547679N01140010EA010660122200000352330840
B1104294547676N01140002EA010650122100000412380840
B1104304547675N01139993EA010650122200000402500840
B1104314547674N01139985EA010660122400000362600840
B1104324547674N01139978EA010670122600000302660840
B1104334547675N01139972EA010680122800000302720840
B1104344547676N01139966EA010700122900000322760858
B1104354547677N01139958EA010710123000000372800858
B1104364547678N01139950EA010720123000000392820858
B1104374547681N01139942EA010730123100000412880858
B1104384547685N01139935EA010730123200000422980858
B1104394547689N01139929EA010750123300000423080858
B1104404547694N01139923EA010760123400000433140858
B1104414547700N01139917EA010770123700000433200858
B1104424547705N01139911EA010800123900000423220866
B1104434547710N01139907EA010820124300000423240866
B1104444547716N01139903EA010850124600000413300886
B1104454547722N01139900EA010870124800000413360886
B1104464547729N01139897EA010890125000000483410886
B1104474547736N01139896EA010910125100000483460886
B1104484547743N01139896EA010930125300000453540886
B1104494547750N01139897EA010950125600000450020886
B1104504547755N01139900EA010970125800000410110886
B1104514547761N01139904EA010990126000000410200909
B1104524547766N01139909EA011000126100000430260909
B1104534547772N01139915EA011010126200000430320909
B1104544547777N01139922EA011020126200000490370895
B1104554547783N01139930EA011030126200000490420895
B1104564547788N01139938EA011030126300000510420895
B1104574547793N01139946EA011050126500000530460895
B1104584547799N01139954EA011070126800000530430895
B1104594547805N01139961EA011090127100000530400895
B1105004547810N01139967EA011120127500000440390890
B1105014547815N01139973EA011150127800000440380910
B1105024547820N01139979EA011180128000000410390910
B1105034547825N01139985EA011200128200000410400910
B1105044547829N01139991EA011220128400000420410910
B1105054547834N01139997EA011230128400000420420910
B1105064547839N01140003EA011240128500000410410910
B1105074547843N01140009EA011240128500000410400910
B1105084547847N01140014EA011230128400000360410910
B1105094547851N01140019EA011230128200000360420910
B1105104547855N01140025EA011210128000000360450910
B1105114547858N01140032EA011190127700000360480910
B1105124547861N01140039EA011160127300000390550930
B1105134547863N01140047EA011120126900000390620930
B1105144547866N01140054EA011090126700000380620930
B1105154547869N01140061EA011070126300000380620930
B1105164547873N01140069EA011040126000000420580928
B1105174547876N01140076EA011010125700000420540928
B1105184547880N01140083EA010990125600000400510928
B1105194547884N01140089EA010970125400000400480928
B1105204547888N01140095EA010960125300000370470928
B1105214547892N01140101EA010940125100000370460928
B1105224547896N01140108EA010930124900000410480928
B1105234547900N01140116EA010910124700000410500928
B1105244547904N01140124EA010890124500000470510936
B1105254547908N01140131EA010870124300000470520936
B1105264547912N01140139EA010850124200000420510954
B1105274547916N01140145EA010830124000000420500954
B1105284547920N01140152EA010820123900000410500954
B1105294547924N01140159EA010800123700000410480954
B1105304547929N01140166EA010790123500000430470954
B1105314547933N01140173EA010770123300000430460967
B1105324547937N01140180EA010750123100000430480967
B1105334547941N01140187EA010730122900000430500967
B1105344547945N01140195EA010710122700000440500967
B1105354547950N01140202EA010700122600000440500967
B1105364547954N01140209EA010680122500000430500967
B1105374547958N01140216EA010670122300000430500967
B1105384547962N01140224EA010660122100000460500984
B1105414547977N01140247EA010620121600000490440984
B1105424547982N01140254EA010600121500000470450984
B1105434547987N01140261EA010590121500000470460984
B1105444547991N01140269EA010590121500000410480986
B1105454547995N01140276EA010580121500000410500986
B1105464547998N01140283EA010580121500000400520986
B1105474548002N01140290EA010570121400000400540986
B1105484548005N01140297EA010560121200000420540986
B1105494548009N01140305EA010550121100000420540986
B1105504548013N01140312EA010540121000000410531013
B1105514548016N01140319EA010540120900000410521005
B1105524548021N01140326EA010530120900000430501005
B1105534548025N01140333EA010520120800000430481005
B1105544548030N01140341EA010520120700000460501005
B1105554548034N01140349EA010510120700000460521005
B1105564548037N01140357EA010510120700000450541005
B1105574548041N01140365EA010510120700000450561005
B1105584548045N01140373EA010510120800000450550987
B1105594548049N01140381EA010510120800000450540987
B1106004548053N01140389EA010520120800000470510987
B1106014548058N01140397EA010520120800000470480987
B1106024548064N01140404EA010530120800000480471001
B1106034548068N01140411EA010530121000000480461001
B1106044548074N01140416EA010550121300000400381001
B1106054548079N01140419EA010580121700000400300985
B1106064548084N01140422EA010610122000000370250985
B1106074548089N01140425EA010640122300000370200985
B1106084548093N01140429EA010660122500000340280985
B1106094548097N01140434EA010680122800000340360985
B1106104548099N01140439EA010700122900000280470985
B1106114548101N01140444EA010720123100000280580985
B1106124548101N01140449EA010730123200000210740985
B1106134548100N01140453EA010740123300000210900985
B1106144548097N01140455EA010740123200000261240985
B1106154548092N01140455EA010750123100000261580985
B1106164548087N01140451EA010740123000000391860985
B1106174548083N01140444EA010740123000000392140985
B1106184548082N01140435EA010750123100000442400985
B1106194548082N01140426EA010750123200000442620985
B1106204548085N01140417EA010760123400000422800985
B1106214548089N01140409EA010770123500000442961001
B1106224548094N01140403EA010790123600000473091001
B1106234548101N01140398EA010800123700000473221001
B1106244548108N01140393EA010800123700000543311001
B1106254548116N01140391EA010810123800000543401011
B1106264548124N01140390EA010820123900000513501011
B1106274548131N01140392EA010830124000000513581011
B1106284548138N01140394EA010840124200000430091011
B1106294548143N01140399EA010860124400000430201011
B1106304548148N01140404EA010870124600000370321011
B1106314548151N01140410EA010880124800000370441011
B1106324548154N01140416EA010900125000000300511011
B1106334548155N01140421EA010910125200000300580994
B1106344548156N01140426EA010930125400000240680994
B1106354548156N01140432EA010940125400000240780994
B1106364548155N01140436EA010940125400000250980994
B1106374548152N01140441EA010950125400000251180994
B1106384548149N01140445EA010950125400000271280994
B1106394548146N01140448EA010960125500000271380994
B1106404548143N01140451EA010970125700000211440994
B1106414548140N01140452EA010980125800000211500994
B1106424548136N01140451EA010990125800000281700994
B1106434548132N01140449EA010990125700000281900994
B1106444548127N01140445EA010980125600000352000994
B1106454548123N01140440EA010980125500000352100994
B1106464548120N01140435EA010970125500000322220994
B1106474548118N01140428EA010970125400000322340994
B1106484548117N01140420EA010960125300000402480994
B1106494548117N01140411EA010950125200000432621011
B1106504548118N01140401EA010940125100000442721011
B1106514548120N01140392EA010930125100000462821011
B1106524548124N01140383EA010930125100000482921011
B1106534548128N01140375EA010930125000000483001011
B1106544548133N01140367EA010930125100000483081011
B1106554548139N01140361EA010940125100000483141044
B1106564548145N01140356EA010940125200000483241044
B1106574548152N01140352EA010950125300000483341044
B1106584548159N01140350EA010950125300000473421044
B1106594548166N01140350EA010960125400000473501033
B1107004548173N01140351EA010960125300000493591033
B1107014548180N01140354EA010960125300000490081033
B1107024548187N01140359EA010960125300000480201033
B1107034548192N01140365EA010960125400000480321033
B1107044548197N01140371EA010960125500000400391028
B1107054548200N01140378EA010970125600000400461028
B1107064548202N01140384EA010980125700000320561028
B1107074548204N01140391EA010990125800000320661028
B1107084548204N01140396EA011000125900000270771028
B1107094548204N01140402EA011020126100000270881028
B1107104548204N01140408EA011030126300000260911028
B1107114548203N01140413EA011040126400000260941028
B1107124548201N01140416EA011050126500000201161028
B1107134548198N01140417EA011070126600000201381012
B1107144548194N01140415EA011080126700000281731028
B1107154548190N01140410EA011090126800000282081028
B1107164548189N01140401EA011100126900000442341028
B1107174548189N01140391EA011110126900000522581028
B1107184548193N01140380EA011110126900000552801028
B1107194548198N01140372EA011120127000000543001028
B1107204548205N01140366EA011130127100000513151033
B1107214548212N01140362EA011140127300000513301033
B1107224548219N01140361EA011150127400000473451033
B1107234548226N01140364EA011160127400000470001033
B1107244548232N01140368EA011160127400000470141026
B1107254548238N01140374EA011160127400000470281026
B1107264548241N01140381EA011160127400000390431026
B1107274548243N01140388EA011160127500000390581026
B1107284548244N01140395EA011170127600000320711026
B1107294548244N01140402EA011180127800000320841026
B1107304548243N01140406EA011190128000000210961026
B1107314548241N01140410EA011210128200000211081026
B1107324548239N01140413EA011220128300000201221026
B1107334548236N01140416EA011230128300000201361026
B1107344548233N01140417EA011250128500000231531023
B1107354548229N01140416EA011260128600000231701026
B1107364548226N01140412EA011270128700000281971026
B1107374548224N01140406EA011280128800000282241026
B1107384548224N01140398EA011280128800000432501026
B1107394548227N01140388EA011290128800000522741026
B1107404548232N01140379EA011300128900000562961026
B1107414548239N01140373EA011310129100000563141026
B1107424548247N01140369EA011330129300000523321026
B1107434548254N01140367EA011350129600000523421026
B1107444548261N01140368EA011380129900000433531023
B1107454548267N01140370EA011390130100000430041023
B1107464548272N01140373EA011410130200000390141023
B1107474548277N01140377EA011420130300000390241023
B1107484548281N01140383EA011430130400000390351023
B1107494548285N01140389EA011440130500000390461023
B1107504548287N01140395EA011450130600000320541023
B1107514548289N01140401EA011460130800000320621023
B1107524548290N01140407EA011470130900000270661023
B1107534548292N01140413EA011480131000000270701023
B1107544548293N01140419EA011480131000000330711027
B1107554548295N01140426EA011490130900000330721027
B1107564548296N01140434EA011480130900000370721027
B1107574548298N01140441EA011490130900000370721027
B1107584548300N01140448EA011490131000000330701027
B1107594548302N01140455EA011500131200000330681027
B1108004548303N01140460EA011510131300000280671027
B1108014548305N01140466EA011510131400000280661027
B1108024548305N01140473EA011520131300000320751030
B1108034548306N01140480EA011510131300000320841030
B1108044548306N01140489EA011510131200000390861030
B1108054548307N01140497EA011510131200000390841030
B1108064548308N01140507EA011520131200000430821030
B1108074548309N01140516EA011530131300000430781030
B1108084548311N01140525EA011540131500000420761023
B1108094548312N01140533EA011560131800000420761023
B1108104548313N01140541EA011580132000000340801023
B1108114548313N01140547EA011600132200000340841023
B1108124548312N01140552EA011610132300000230921023
B1108134548312N01140558EA011610132300000231001023
B1108144548312N01140564EA011600132100000290931023
B1108154548312N01140570EA011590131900000290861008
B1108164548312N01140578EA011580131700000360881008
B1108174548312N01140586EA011560131500000360881008
B1108184548312N01140594EA011540131300000390871008
B1108194548313N01140603EA011530131200000400861008
B1108204548313N01140612EA011510131100000410861008
B1108214548313N01140621EA011500131000000420840999
B1108224548314N01140631EA011490130800000460860999
B1108234548314N01140641EA011470130500000490880999
B1108244548314N01140652EA011450130300000490880999
B1108254548314N01140662EA011440130100000470880999
B1108264548314N01140672EA011430130000000440860993
B1108274548314N01140681EA011410129900000430860993
B1108284548314N01140690EA011400129800000440880993
B1108294548315N01140700EA011390129700000460880993
B1108304548315N01140710EA011370129500000460880993
B1108314548315N01140720EA011350129300000450860979
B1108324548316N01140730EA011340129200000440860979
B1108334548316N01140739EA011330129100000420860979
B1108344548316N01140748EA011320129100000400880979
B1108354548316N01140756EA011310129000000400900979
B1108364548316N01140765EA011300128800000410880979
B1108374548317N01140774EA011280128600000420860962
B1108384548317N01140783EA011270128400000430840962
B1108394548318N01140792EA011250128300000420840962
B1108404548318N01140801EA011250128200000400840962
B1108414548318N01140810EA011240128200000390880962
B1108424548318N01140818EA011230128100000390870947
B1108434548319N01140827EA011210127900000400860947
B1108444548319N01140835EA011200127700000400850947
B1108454548320N01140844EA011190127600000400840947
B1108464548320N01140853EA011170127500000390880947
B1108474548320N01140861EA011160127300000390900947
B1108484548320N01140869EA011150127200000390880940
B1108494548320N01140878EA011130127100000400860940
B1108504548320N01140887EA011120126900000410880940
B1108514548320N01140896EA011110126800000410900940
B1108524548320N01140905EA011100126600000400880940
B1108534548320N01140913EA011090126500000400860940
B1108544548321N01140922EA011070126400000400840929
B1108554548321N01140931EA011060126200000420860929
B1108564548322N01140940EA011040126100000430840929
B1108574548323N01140950EA011030125900000430840929
B1108584548323N01140959EA011010125800000420840929
B1108594548323N01140968EA011000125700000420880918
B1109004548323N01140977EA010990125600000420900918
B1109014548323N01140986EA010980125500000420900918
B1109024548323N01140995EA010970125300000420900918
B1109034548322N01141004EA010950125100000420900918
B1109044548322N01141013EA010940125000000400920918
B1109054548321N01141022EA010920124800000400940919
B1109064548321N01141031EA010900124600000400940919
B1109074548321N01141039EA010880124300000400920919
B1109084548321N01141048EA010860124100000420900919
B1109094548321N01141058EA010840123900000440900919
B1109104548321N01141067EA010820123700000440900909
B1109114548321N01141077EA010810123600000440880909
B1109124548321N01141086EA010790123500000430880909
B1109134548321N01141095EA010780123400000420880909
B1109144548322N01141105EA010770123200000430880909
B1109154548322N01141114EA010750123000000440860909
B1109164548323N01141124EA010730122800000450820890
B1109174548324N01141134EA010710122600000460800890
B1109184548325N01141143EA010690122400000450820890
B1109194548326N01141153EA010680122200000440840890
B1109204548326N01141162EA010660122000000430840890
B1109214548327N01141172EA010640121800000440820866
B1109224548328N01141182EA010620121600000460820866
B1109234548328N01141192EA010590121300000480840866
B1109244548327N01141202EA010580121100000460900866
B1109254548327N01141211EA010560121000000420960866
B1109264548326N01141220EA010550121000000380960837
B1109274548327N01141227EA010550121000000340880837
B1109284548327N01141234EA010540121000000300870837
B1109294548326N01141240EA010530120900000300860837
B1109304548325N01141247EA010530120700000330950837
B1109314548324N01141255EA010520120600000331040837
B1109324548323N01141263EA010510120500000381010837
B1109334548323N01141271EA010500120400000380980812
B1109344548322N01141278EA010490120400000330970812
B1109354548321N01141285EA010480120200000330960812
B1109364548319N01141293EA010460120000000371010812
B1109374548317N01141301EA010440119700000371060812
B1109384548315N01141310EA010420119400000451080812
B1109394548313N01141319EA010390119200000431080805
B1109404548310N01141326EA010370119000000381120805
B1109414548308N01141333EA010360118900000381160787
B1109424548306N01141340EA010350118800000331150787
B1109434548304N01141346EA010340118800000331140787
B1109444548302N01141352EA010330118700000311110787
B1109454548301N01141359EA010310118400000311080787
B1109464548299N01141366EA010290118200000341070801
B1109474548298N01141373EA010270117900000341060801
B1109484548297N01141382EA010250117600000391020801
B1109494548296N01141390EA010230117400000390960801
B1109504548296N01141398EA010210117300000380940801
B1109514548295N01141406EA010190117100000380960801
B1109524548294N01141415EA010170116900000380980801
B1109534548293N01141423EA010160116800000380960829
B1109544548293N01141431EA010140116600000390940829
B1109554548293N01141439EA010120116400000390920829
B1109564548292N01141448EA010110116200000380960829
B1109574548291N01141456EA010090116000000381000829
B1109584548290N01141464EA010070115800000390960829
B1109594548290N01141473EA010050115700000410920848
B1110004548290N01141482EA010040115500000420920848
B1110014548290N01141491EA010020115400000410900848
B1110024548289N01141500EA010010115300000410920848
B1110034548290N01141508EA010000115200000410900848
B1110044548290N01141517EA009990115200000390880852
B1110054548291N01141525EA009980115000000390840852
B1110064548291N01141533EA009970114900000370840852
B1110074548292N01141541EA009960114800000370840852
B1110084548292N01141549EA009950114600000370850852
B1110094548292N01141557EA009930114400000370860852
B1110104548293N01141566EA009920114300000410840850
B1110114548294N01141575EA009910114300000410820850
B1110124548294N01141583EA009910114300000390820850
B1110134548295N01141591EA009910114300000390820850
B1110144548296N01141599EA009910114400000350780850
B1110154548297N01141606EA009910114400000340800850
B1110164548297N01141613EA009900114300000320860850
B1110174548296N01141621EA009900114300000320920839
B1110184548296N01141628EA009890114200000350910839
B1110194548296N01141636EA009890114100000350900839
B1110204548296N01141643EA009880114000000350900839
B1110214548296N01141651EA009870113900000350900839
B1110224548295N01141658EA009860113700000350930839
B1110234548295N01141666EA009840113500000350960795
B1110244548295N01141675EA009830113300000400920795
B1110254548295N01141684EA009820113100000420880795
B1110264548296N01141692EA009800113000000410860795
B1110274548296N01141701EA009790112900000390840795
B1110284548296N01141709EA009780112800000380870795
B1110294548296N01141718EA009770112700000390900749
B1110304548296N01141727EA009750112500000430880749
B1110314548297N01141736EA009730112400000450840749
B1110324548297N01141746EA009720112200000430860749
B1110334548297N01141754EA009710112100000430880749
B1110344548297N01141762EA009700112100000360890749
B1110354548297N01141770EA009680111900000360900713
B1110364548297N01141779EA009670111700000420880713
B1110374548297N01141788EA009650111500000420900713
B1110384548297N01141797EA009640111400000360920713
B1110394548296N01141804EA009630111400000360940713
B1110404548297N01141811EA009620111300000330900713
B1110414548297N01141819EA009610111200000330860655
B1110424548298N01141828EA009590110900000430840655
B1110434548298N01141838EA009570110500000460840655
B1110444548298N01141848EA009550110300000450860655
B1110454548298N01141857EA009530110200000420900655
B1110464548298N01141866EA009520110100000390920609
B1110474548298N01141874EA009520110100000390920609
B1110484548298N01141881EA009520110200000330880609
B1110494548299N01141888EA009520110300000330840609
B1110504548300N01141894EA009530110400000270790609
B1110514548301N01141899EA009530110500000270740609
B1110524548301N01141904EA009530110400000240760609
B1110534548302N01141910EA009520110300000240780609
B1110544548301N01141916EA009510110100000300860562
B1110554548301N01141923EA009490109800000300940562
B1110564548300N01141931EA009480109600000380980562
B1110574548298N01141939EA009460109500000381020562
B1110584548297N01141947EA009450109300000361000562
B1110594548297N01141954EA009440109300000360980562
B1111004548296N01141962EA009430109200000350960562
B1111014548296N01141969EA009420109000000350940520
B1111024548295N01141977EA009400108800000350950520
B1111034548295N01141984EA009390108700000350960520
B1111044548294N01141992EA009370108500000340950520
B1111054548294N01141999EA009350108300000340940520
B1111064548293N01142006EA009330108000000320990520
B1111074548291N01142013EA009300107700000321040520
B1111084548290N01142020EA009280107400000341010467
B1111094548290N01142027EA009250107100000340980467
B1111104548289N01142035EA009220106700000350980467
B1111114548288N01142042EA009180106400000341000467
B1111134548285N01142056EA009130105800000321040467
B1111144548284N01142063EA009110105600000311010467
B1111154548284N01142069EA009100105600000310980420
B1111164548284N01142075EA009090105700000280910420
B1111174548285N01142082EA009100105800000280840420
B1111184548287N01142088EA009100105900000330760420
B1111194548288N01142095EA009100105900000330680420
B1111204548290N01142101EA009100105900000310690420
B1111214548292N01142108EA009100105900000310700420
B1111224548293N01142114EA009100106000000330690420
B1111234548295N01142121EA009110106000000330680381
B1111244548295N01142127EA009110106000000290760381
B1111254548296N01142134EA009100105900000290840381
B1111264548296N01142140EA009100105800000300800381
B1111274548298N01142146EA009080105600000300760381
B1111284548299N01142152EA009060105300000280770381
B1111294548299N01142158EA009030105000000280780381
B1111304548298N01142165EA009000104600000330900332
B1111314548297N01142172EA008970104200000331020332
B1111324548297N01142181EA008940103900000390960332
B1111334548297N01142189EA008920103700000390900332
B1111344548297N01142197EA008900103600000360880332
B1111354548297N01142205EA008890103500000360860332
B1111364548296N01142212EA008880103400000340930332
B1111374548295N01142219EA008870103400000341000301
B1111384548293N01142227EA008870103300000391010301
B1111394548293N01142236EA008870103300000421020301
B1111404548293N01142245EA008860103300000420940301
B1111414548293N01142254EA008860103400000410860301
B1111424548293N01142263EA008860103300000400840301
B1111434548293N01142271EA008850103300000400900273
B1111444548292N01142279EA008840103200000380930273
B1111454548292N01142288EA008840103100000380960273
B1111464548291N01142296EA008830102900000400950273
B1111474548290N01142305EA008810102700000400940273
B1111484548290N01142313EA008800102600000390920273
B1111494548290N01142322EA008780102400000380900253
B1111504548290N01142330EA008770102300000390910253
B1111514548289N01142338EA008750102100000390920253
B1111524548289N01142347EA008740101900000400940253
B1111534548288N01142356EA008720101700000400960253
B1111544548287N01142364EA008700101500000400960253
B1111554548286N01142373EA008680101300000410960226
B1111564548286N01142382EA008660101000000410960226
B1111574548285N01142390EA008640100800000410960226
B1111584548284N01142399EA008610100600000400960226
B1111594548284N01142408EA008590100300000400940226
B1112004548283N01142416EA008570100100000400960190
B1112014548282N01142425EA008540099800000410980190
B1112024548281N01142434EA008520099500000430980190
B1112034548280N01142443EA008500099300000420980190
B1112044548279N01142452EA008470099000000410960190
B1112054548278N01142461EA008450098800000390960190
B1112064548277N01142469EA008430098600000390970154
B1112074548276N01142477EA008400098400000390980154
B1112084548276N01142485EA008380098100000350960154
B1112094548276N01142492EA008360097900000350940154
B1112104548276N01142500EA008330097600000350910154
B1112114548276N01142508EA008300097300000350880154
B1112124548276N01142516EA008280097000000370890140
B1112134548275N01142524EA008250096700000370900140
B1112144548275N01142532EA008220096400000360910140
B1112154548275N01142539EA008200096100000360920140
B1112164548275N01142547EA008170095900000350920140
B1112174548274N01142554EA008140095600000350920140
B1112184548274N01142562EA008110095300000350910140
B1112194548274N01142570EA008080095000000350900137
B1112204548274N01142578EA008050094600000360910137
B1112214548274N01142585EA008020094300000360920137
B1112224548273N01142593EA007990093900000350940137
B1112234548272N01142600EA007960093600000350960137
B1112244548272N01142607EA007920093300000320960137
B1112254548271N01142614EA007890093000000320960137
B1112264548270N01142621EA007860092700000310970132
B1112274548270N01142627EA007840092400000310980132
B1112284548269N01142634EA007810092100000310990132
B1112294548268N01142640EA007780091700000311000132
B1112304548267N01142647EA007740091300000330980132
B1112314548267N01142654EA007710091000000330960132
B1112324548267N01142662EA007680090600000320920132
B1112334548267N01142668EA007650090400000320880131
B1112344548267N01142675EA007620090100000310860131
B1112354548267N01142682EA007590089900000310840131
B1112364548267N01142688EA007570089600000290880131
B1112374548267N01142694EA007540089400000290920131
B1112384548266N01142701EA007510089000000330940131
B1112394548266N01142709EA007480088700000330960131
B1112404548265N01142717EA007450088300000370940131
B1112414548265N01142725EA007420088000000370920131
B1112424548265N01142733EA007390087700000380930131
B1112434548264N01142741EA007370087500000380940131
B1112444548264N01142750EA007340087200000390920131
B1112454548264N01142758EA007320087000000390920131
B1112464548264N01142766EA007300086900000360920131
B1112474548263N01142773EA007280086700000340900131
B1112484548264N01142780EA007270086600000320890131
B1112494548264N01142787EA007250086400000320880131
B1112504548264N01142794EA007230086200000330860131
B1112514548264N01142802EA007200085900000330840131
B1112524548265N01142810EA007170085500000380860131
B1112534548264N01142818EA007150085200000380880120
B1112544548264N01142826EA007130085000000350910120
B1112554548264N01142833EA007110084900000350940120
B1112564548263N01142840EA007090084700000310960120
B1112574548262N01142847EA007080084600000310980120
B1112584548261N01142854EA007050084300000330980120
B1112594548260N01142861EA007030084000000330980120
B1113004548259N01142869EA007000083600000370980117
B1113014548258N01142877EA006970083400000370980117
B1113024548258N01142885EA006950083100000370980117
B1113034548257N01142893EA006930082900000370980117
B1113044548256N01142901EA006900082700000350970117
B1113054548256N01142908EA006880082400000350960117
B1113064548255N01142916EA006860082200000360970118
B1113074548254N01142924EA006830081900000360980118
B1113084548253N01142932EA006800081600000370970118
B1113094548252N01142940EA006780081300000370960118
B1113104548252N01142948EA006750081000000380960118
B1113114548251N01142956EA006720080800000380960118
B1113124548250N01142964EA006690080500000360980118
B1113134548249N01142972EA006670080200000361000118
B1113144548248N01142980EA006640079900000390990118
B1113154548247N01142988EA006610079600000390980118
B1113164548246N01142997EA006590079300000391000118
B1113174548245N01143005EA006560079100000381020118
B1113184548244N01143013EA006540078900000380990118
B1113194548243N01143021EA006520078800000380960121
B1113204548243N01143030EA006500078600000390940121
B1113214548242N01143038EA006480078300000390960121
B1113224548241N01143048EA006460078100000430960121
B1113234548240N01143057EA006440077800000450960121
B1113244548239N01143067EA006410077500000440960126
B1113254548238N01143076EA006390077300000440980126
B1113264548237N01143086EA006370077200000441000126
B1113274548237N01143095EA006360077100000420960126
B1113284548237N01143104EA006360077100000400880126
B1113294548237N01143112EA006350077000000400860126
B1113304548237N01143121EA006330076900000410900137
B1113314548236N01143130EA006320076700000430940137
B1113324548235N01143140EA006300076500000450960137
B1113334548235N01143150EA006290076300000440960137
B1113344548234N01143158EA006280076200000410980137
B1113354548233N01143167EA006270076200000371000150
B1113364548232N01143174EA006270076300000350990150
B1113374548231N01143181EA006270076300000350980150
B1113384548230N01143189EA006270076200000350980150
B1113394548229N01143197EA006260076100000350980150
B1113404548228N01143205EA006250076000000401000150
B1113414548226N01143213EA006240075800000401020150
B1113424548225N01143222EA006230075700000391020164
B1113434548223N01143230EA006220075600000391040164
B1113444548222N01143238EA006210075500000401040164
B1113454548220N01143247EA006200075300000411060164
B1113464548218N01143255EA006180075200000401060164
B1113474548217N01143263EA006170075100000401060164
B1113484548215N01143271EA006150074900000381040169
B1113494548214N01143279EA006140074800000381020169
B1113504548213N01143288EA006120074600000401000169
B1113514548212N01143297EA006100074400000400980169
B1113524548211N01143305EA006090074200000410990169
B1113534548210N01143313EA006070074100000411000169
B1113544548209N01143321EA006060074000000370990169
B1113554548208N01143329EA006050074000000370980169
B1113564548208N01143337EA006040073900000360950169
B1113574548207N01143345EA006030073800000360920169
B1113584548206N01143354EA006030073700000400960169
B1113594548205N01143362EA006020073700000400980169
B1114004548204N01143370EA006020073700000381000165
B1114014548203N01143378EA006030073800000381020165
B1114024548202N01143385EA006030073900000321000165
B1114034548201N01143392EA006040074000000320980165
B1114044548200N01143398EA006040073900000321010165
B1114054548198N01143405EA006040073900000321040165
B1114064548196N01143412EA006040073900000351080165
B1114074548194N01143419EA006040073900000351120168
B1114084548191N01143425EA006040073900000331200168
B1114094548189N01143431EA006040073900000331220168
B1114104548187N01143437EA006040073900000321170168
B1114114548185N01143444EA006030073900000321120168
B1114124548184N01143451EA006030073800000351060168
B1114134548183N01143459EA006020073700000351000168
B1114144548182N01143467EA006010073600000371000165
B1114154548181N01143475EA006000073400000371000165
B1114164548180N01143483EA005990073300000391000165
B1114174548178N01143491EA005980073200000391000165
B1114184548177N01143500EA005970073100000381000165
B1114194548176N01143508EA005960073100000381020165
B1114204548175N01143516EA005950073000000371000169
B1114214548174N01143523EA005950072900000370980169
B1114224548173N01143531EA005940072900000340990169
B1114234548172N01143538EA005940072900000341000169
B1114244548170N01143546EA005940072800000371050169
B1114254548168N01143553EA005930072700000371100169
B1114264548166N01143562EA005920072500000411100169
B1114274548163N01143570EA005910072400000411100173
B1114284548161N01143578EA005900072300000391100173
B1114294548159N01143586EA005880072200000391100167
B1114304548157N01143594EA005870072100000401100167
B1114314548155N01143602EA005860072000000401100167
B1114324548152N01143610EA005850071900000431130167
B1114334548149N01143619EA005850071800000451160169
B1114344548147N01143628EA005840071700000441140169
B1114354548145N01143636EA005850071900000441080169
B1114364548144N01143644EA005860072200000331030169
B1114374548143N01143650EA005870072300000330980169
B1114384548143N01143656EA005880072400000280970169
B1114394548142N01143663EA005880072300000280960169
B1114404548142N01143669EA005880072300000320970174
B1114414548141N01143677EA005870072100000320980174
B1114424548139N01143685EA005860071900000411000174
B1114434548138N01143694EA005850071800000411020174
B1114444548136N01143702EA005850071800000381030174
B1114454548135N01143710EA005840071800000381040174
B1114464548134N01143717EA005840071900000341020180
B1114474548133N01143724EA005840071800000341000180
B1114484548132N01143732EA005830071700000351010180
B1114494548130N01143739EA005820071500000351020180
B1114504548129N01143747EA005800071300000371050180
B1114514548127N01143754EA005790071100000371080180
B1114524548125N01143761EA005780071000000351100180
B1114534548123N01143767EA005770070900000351120186
B1114544548121N01143773EA005750070800000291120186
B1114554548119N01143779EA005740070700000291120186
B1114564548118N01143786EA005730070500000331100186
B1114574548116N01143793EA005710070300000331080186
B1114584548115N01143801EA005690070100000371050186
B1114594548114N01143808EA005680069900000371020186
B1115004548112N01143816EA005670069800000341030193
B1115014548111N01143823EA005650069700000341040193
B1115024548110N01143830EA005640069600000351030193
B1115034548109N01143838EA005630069500000351020179
B1115044548108N01143846EA005620069300000370990179
B1115054548107N01143854EA005600069100000370960179
B1115064548106N01143861EA005590069000000360980179
B1115074548105N01143869EA005570068900000361000183
B1115084548104N01143876EA005560068700000351000183
B1115094548103N01143884EA005550068600000351000183
B1115104548101N01143891EA005530068400000341030183
B1115114548100N01143898EA005510068200000341060183
B1115124548099N01143906EA005500068100000361040183
B1115134548098N01143914EA005480067900000361020189
B1115144548097N01143921EA005460067700000360990189
B1115154548096N01143929EA005450067600000360960189
B1115164548095N01143936EA005440067500000340980189
B1115174548094N01143943EA005430067400000341000189
B1115184548092N01143951EA005410067200000371050189
B1115194548090N01143959EA005400067100000371100189
B1115204548088N01143966EA005380066900000381070205
B1115214548087N01143974EA005370066800000381040205
B1115224548086N01143982EA005360066700000381020205
B1115234548085N01143991EA005350066600000401000205
B1115244548084N01143999EA005340066400000421010205
B1115254548082N01144008EA005330066300000411020205
B1115264548081N01144016EA005320066300000381030230
B1115274548079N01144024EA005320066300000381040230
B1115284548078N01144031EA005310066300000341040230
B1115294548076N01144038EA005310066300000341040230
B1115304548075N01144046EA005300066000000391040230
B1115314548073N01144055EA005280065800000401020230
B1115324548071N01144063EA005270065700000391050230
B1115334548070N01144070EA005260065600000391080268
B1115344548068N01144078EA005250065600000351070268
B1115354548066N01144085EA005240065500000351060268
B1115364548065N01144092EA005230065400000351030268
B1115374548064N01144100EA005210065100000351000268
B1115384548063N01144108EA005190064900000391010268
B1115394548061N01144116EA005170064700000391020300
B1115404548060N01144124EA005160064600000341050261
B1115414548058N01144130EA005140064500000341080261
B1115424548058N01144137EA005130064400000311020261
B1115434548057N01144144EA005110064200000310960261
B1115444548057N01144151EA005100064000000340960261
B1115454548056N01144158EA005080063800000340960261
B1115464548055N01144165EA005060063500000331010297
B1115474548053N01144172EA005040063300000331060297
B1115484548052N01144179EA005020063100000321030297
B1115494548051N01144186EA005000062800000321000297
B1115504548050N01144193EA004970062500000351020297
B1115514548049N01144200EA004940062200000351040297
B1115524548047N01144208EA004910061900000381060297
B1115534548045N01144216EA004880061600000381080330
B1115544548043N01144224EA004860061300000361060330
B1115554548042N01144230EA004830061100000361040330
B1115564548040N01144236EA004810060900000291100330
B1115574548038N01144242EA004780060600000291160330
B1115584548036N01144249EA004760060300000371140330
B1115594548034N01144257EA004740060200000371120330
B1116004548033N01144265EA004730060100000361050381
B1116014548033N01144272EA004740060200000360980381
B1116024548033N01144278EA004740060400000260950381
B1116034548033N01144283EA004760060600000260920381
B1116044548033N01144289EA004760060700000260860381
B1116054548034N01144295EA004760060700000260800381
B1116064548034N01144301EA004770060600000310840381
B1116074548034N01144308EA004760060500000310880381
B1116084548033N01144315EA004760060500000320900444
B1116094548033N01144322EA004750060400000320920444
B1116104548033N01144328EA004750060400000280900444
B1116114548033N01144334EA004750060400000280880444
B1116124548032N01144339EA004760060400000230970444
B1116134548031N01144343EA004760060500000231060444
B1116144548030N01144347EA004770060600000171120444
B1116154548028N01144350EA004770060700000171180444
B1116164548025N01144352EA004780060600000231350444
B1116174548021N01144353EA004780060600000231520444
B1116184548015N01144353EA004780060500000371720444
B1116194548010N01144351EA004780060600000371860444
B1116204548006N01144347EA004790060800000332020381
B1116214548003N01144341EA004810061000000332180381
B1116224548002N01144333EA004810061000000422420381
B1116234548003N01144323EA004810060900000492640381
B1116244548006N01144314EA004810060800000442820381
B1116254548009N01144307EA004810060800000442940327
B1116264548013N01144304EA004800060700000293140381
B1116274548017N01144303EA004790060500000293340381
B1116284548021N01144306EA004770060200000310010381
B1116294548024N01144311EA004750059900000310280381
B1116304548026N01144317EA004730059800000280500444
B1116314548027N01144322EA004720059800000280720444
B1116324548028N01144327EA004720060000000220750444
B1116334548028N01144332EA004720060100000220780444
B1116344548027N01144337EA004730060200000240890444
B1116354548026N01144342EA004740060200000241000444
B1116364548025N01144348EA004750060400000301010444
B1116374548025N01144354EA004760060600000301020444
B1116384548025N01144359EA004790061000000180940444
B1116394548025N01144362EA004810061300000180860444
B1116404548025N01144365EA004830061500000160850483
B1116414548025N01144370EA004850061600000160840483
B1116424548025N01144375EA004850061500000270880483
B1116434548025N01144382EA004860061500000270920483
B1116444548024N01144387EA004860061600000270940483
B1116454548024N01144393EA004870061700000270960483
B1116464548024N01144398EA004880061800000240940483
B1116474548024N01144403EA004880061900000240920483
B1116484548024N01144410EA004880061800000290900483
B1116494548024N01144416EA004880061700000290880526
B1116504548024N01144423EA004870061600000320880526
B1116514548024N01144430EA004860061500000320880526
B1116524548024N01144437EA004850061500000300860526
B1116534548025N01144443EA004840061400000300840526
B1116544548025N01144448EA004830061200000270870526
B1116554548024N01144454EA004820061000000270900526
B1116564548024N01144460EA004800060700000290940526
B1116574548023N01144467EA004780060500000290980538
B1116584548022N01144473EA004760060300000301010538
B1116594548020N01144479EA004740060000000301040538
B1117004548018N01144485EA004720059900000281040538
B1117014548016N01144490EA004710059700000271160538
B1117024548014N01144495EA004690059600000261200538
B1117034548011N01144499EA004680059400000261240538
B1117044548008N01144503EA004660059200000281320467
B1117054548004N01144506EA004640059000000281400467
B1117064548000N01144510EA004630058900000321450467
B1117074547996N01144514EA004620058800000321500471
B1117084547991N01144517EA004610058700000351490471
B1117094547987N01144521EA004600058800000351480471
B1117104547983N01144525EA004610058800000281470471
B1117114547980N01144528EA004610058900000281460471
B1117124547976N01144532EA004620059000000271420471
B1117134547973N01144536EA004620059000000271380471
B1117144547970N01144541EA004620059000000331360471
B1117154547966N01144546EA004630059100000331340471
B1117164547962N01144550EA004630059100000321390471
B1117174547958N01144553EA004620059000000321440423
B1117184547952N01144555EA004620058900000391590423
B1117194547946N01144553EA004610058800000391740423
B1117204547940N01144547EA004610058700000471980423
B1117214547936N01144539EA004610058700000492220423
B1117224547935N01144529EA004600058700000492420423
B1117234547936N01144519EA004600058700000482640423
B1117244547940N01144510EA004600058800000462860414
B1117254547945N01144505EA004600058800000463080414
B1117264547951N01144502EA004610058800000393270414
B1117274547957N01144502EA004620058900000393460414
B1117284547962N01144504EA004620059000000360030467
B1117294547967N01144508EA004630059100000360200467
B1117304547971N01144514EA004630059100000380320471
B1117314547975N01144520EA004640059100000380440471
B1117324547978N01144526EA004640059200000360480471
B1117334547981N01144532EA004650059400000360520471
B1117344547985N01144539EA004660059500000360520471
B1117354547988N01144545EA004670059600000360520471
B1117364547991N01144551EA004690059800000340520471
B1117374547994N01144557EA004690059900000340520471
B1117384547997N01144563EA004700059800000340530459
B1117394548000N01144569EA004700059900000340540459
B1117404548003N01144575EA004710059900000350560459
B1117414548006N01144582EA004710060000000350580459
B1117424548008N01144589EA004710060000000370630459
B1117434548010N01144597EA004720060100000370680488
B1117444548012N01144604EA004730060200000350670488
B1117454548014N01144611EA004740060300000350660488
B1117464548016N01144618EA004750060500000350650461
B1117474548018N01144625EA004770060800000350640461
B1117484548020N01144631EA004800061100000300660461
B1117494548021N01144636EA004830061500000300680461
B1117504548023N01144641EA004860061800000250680461
B1117514548025N01144647EA004880062000000290640461
B1117524548028N01144652EA004900062100000340570461
B1117534548031N01144658EA004920062200000340500461
B1117544548033N01144665EA004930062400000330580427
B1117554548035N01144672EA004940062600000330660427
B1117564548035N01144679EA004950062700000330740427
B1117574548036N01144686EA004970062800000330820427
B1117584548035N01144693EA004980062900000340920427
B1117594548033N01144699EA005000063100000341020427
B1118004548029N01144703EA005010063300000311270427
B1118014548024N01144703EA005020063300000311520427
B1118024548020N01144700EA005030063300000361830427
B1118034548016N01144693EA005030063200000362140427
B1118044548015N01144685EA005030063200000422420427
B1118054548017N01144676EA005020063200000422680427
B1118064548022N01144670EA005020063200000412950427
B1118074548027N01144667EA005030063300000413220427
B1118084548033N01144667EA005040063400000393440427
B1118094548039N01144670EA005040063400000390060427
B1118104548044N01144673EA005050063500000350150427
B1118114548048N01144676EA005060063700000350240427
B1118124548052N01144680EA005080063900000340290427
B1118134548057N01144685EA005090064000000340340427
B1118144548060N01144690EA005110064100000340380427
B1118154548064N01144695EA005120064300000340420461
B1118164548067N01144701EA005130064400000320460461
B1118174548069N01144706EA005130064500000320500461
B1118184548070N01144711EA005140064600000210670461
B1118194548069N01144715EA005150064600000210840435
B1118204548067N01144719EA005150064500000231080435
B1118214548064N01144722EA005150064400000231320435
B1118224548060N01144723EA005140064400000271530395
B1118234548055N01144722EA005140064300000271740395
B1118244548051N01144718EA005130064300000341950395
B1118254548048N01144712EA005130064200000342160427
B1118264548045N01144705EA005120064200000352310427
B1118274548044N01144698EA005120064200000352460427
B1118284548042N01144691EA005120064200000362480427
B1118294548040N01144684EA005120064200000362500427
B1118304548038N01144676EA005120064200000372480427
B1118314548037N01144669EA005120064100000362500427
B1118324548037N01144661EA005120064100000372580461
B1118334548038N01144652EA005120064100000412720461
B1118344548041N01144644EA005110064000000442860461
B1118354548044N01144635EA005110064000000452960461
B1118364548048N01144628EA005120064100000433030461
B1118374548053N01144621EA005130064200000433100461
B1118384548058N01144615EA005130064300000443160461
B1118394548064N01144610EA005140064400000443220526
B1118404548070N01144606EA005150064500000453290526
B1118414548077N01144603EA005170064600000453360526
B1118424548083N01144603EA005180064800000433500526
B1118434548089N01144606EA005200065000000430040526
B1118444548092N01144609EA005210065200000280240526
B1118454548094N01144614EA005220065400000280440494
B1118464548093N01144620EA005230065500000260790494
B1118474548090N01144623EA005240065500000261140494
B1118484548085N01144624EA005250065500000321480494
B1118494548080N01144621EA005260065600000321820494
B1118504548077N01144613EA005260065600000442140494
B1118514548076N01144603EA005270065600000472440526
B1118524548079N01144594EA005270065800000482720526
B1118534548083N01144586EA005280065900000442980526
B1118544548088N01144581EA005290066100000403100526
B1118554548093N01144576EA005300066200000403220526
B1118564548098N01144573EA005310066200000383290526
B1118574548104N01144570EA005320066300000383360526
B1118584548109N01144569EA005320066300000383420526
B1118594548115N01144567EA005330066300000383480560
B1119004548121N01144566EA005340066500000413490560
B1119014548127N01144565EA005360066800000413500560
B1119024548132N01144565EA005380067000000323570560
B1119034548136N01144567EA005400067200000320040560
B1119044548140N01144569EA005410067300000240150560
B1119054548142N01144572EA005420067300000240260560
B1119064548144N01144577EA005420067300000260510560
B1119074548143N01144583EA005410067200000260760560
B1119084548141N01144589EA005410067100000300980560
B1119094548138N01144593EA005410067100000301200560
B1119104548134N01144596EA005410067100000311400560
B1119114548130N01144597EA005410067200000311600560
B1119124548125N01144598EA005410067200000271660560
B1119134548122N01144599EA005420067300000271720560
B1119144548118N01144598EA005420067400000241790560
B1119154548114N01144596EA005430067400000241860560
B1119164548110N01144592EA005430067300000362040560
B1119174548108N01144583EA005420067100000452260526
B1119184548108N01144573EA005410066900000512500526
B1119194548111N01144563EA005390066700000502780560
B1119204548115N01144555EA005380066700000432980590
B1119214548120N01144550EA005390067000000433100590
B1119224548124N01144546EA005410067300000353240590
B1119234548130N01144544EA005430067500000353380590
B1119244548135N01144543EA005440067700000363440590
B1119254548140N01144542EA005460067900000363500590
B1119264548145N01144542EA005480068100000313540590
B1119274548149N01144543EA005500068300000313580590
B1119284548153N01144545EA005520068500000240120590
B1119294548155N01144548EA005530068500000240260590
B1119304548157N01144553EA005530068400000240470590
B1119314548157N01144558EA005520068300000240680590
B1119324548156N01144563EA005510068200000290940560
B1119334548152N01144567EA005500068100000291200560
B1119344548147N01144569EA005490068000000321480560
B1119354548142N01144567EA005490068000000321760560
B1119364548138N01144563EA005490068000000351950560
B1119374548134N01144558EA005490068100000352140590
B1119384548130N01144552EA005490068100000362210590
B1119394548127N01144546EA005490068100000362280590
B1119404548123N01144539EA005490068100000412290590
B1119414548119N01144533EA005490068100000412300590
B1119424548114N01144527EA005490068100000432250590
B1119434548109N01144522EA005490068200000432200553
B1119444548104N01144518EA005500068300000332150553
B1119454548100N01144514EA005520068600000332100553
B1119464548096N01144510EA005530068700000312130577
B1119474548093N01144506EA005540068900000312160577
B1119484548089N01144501EA005560069000000332210577
B1119494548086N01144496EA005570069100000332260577
B1119504548082N01144491EA005580069100000342230577
B1119514548077N01144487EA005590069200000342200577
B1119524548072N01144486EA005600069300000351990577
B1119534548067N01144488EA005610069400000351780577
B1119544548063N01144492EA005630069700000271570577
B1119554548062N01144496EA005650070100000271360577
B1119564548062N01144501EA005680070400000221060577
B1119574548064N01144506EA005700070700000220760577
B1119584548068N01144510EA005720070700000360540577
B1119594548073N01144513EA005740070800000360320553
B1120004548080N01144513EA005760071000000420130553
B1120014548086N01144509EA005770071100000423540577
B1120024548091N01144503EA005790071200000473340577
B1120034548095N01144494EA005800071400000473140577
B1120044548097N01144485EA005810071500000462980577
B1120054548097N01144476EA005820071600000442800577
B1120064548095N01144467EA005840071700000412600577
B1120074548092N01144460EA005850071900000382460564
B1120084548088N01144454EA005860072100000362370564
B1120094548084N01144449EA005880072300000362280564
B1120104548080N01144446EA005900072600000312120564
B1120114548076N01144446EA005930072900000311960564
B1120124548072N01144447EA005960073400000241790564
B1120134548069N01144449EA006000073900000241620564
B1120144548067N01144453EA006040074400000231470564
B1120154548064N01144456EA006090074900000231320564
B1120164548060N01144457EA006130075300000251540526
B1120174548056N01144455EA006180075800000251760526
B1120184548052N01144450EA006210076100000372000526
B1120194548049N01144442EA006250076500000412240526
B1120204548048N01144433EA006290076900000442460526
B1120214548049N01144424EA006330077300000442660526
B1120224548052N01144416EA006370077700000432840526
B1120234548057N01144409EA006400078000000433000483
B1120244548063N01144403EA006430078200000503160517
B1120254548070N01144400EA006460078500000503320517
B1120264548076N01144400EA006490078800000403500517
B1120274548082N01144403EA006530079300000400080517
B1120284548086N01144407EA006570079800000320200517
B1120294548090N01144411EA006610080200000320320517
B1120304548093N01144416EA006650080500000310410564
B1120314548095N01144421EA006680080900000310500564
B1120324548097N01144426EA006710081300000240600564
B1120334548097N01144431EA006740081700000240700564
B1120344548097N01144435EA006770081900000220860564
B1120354548095N01144440EA006800082100000221020564
B1120364548092N01144445EA006820082200000301190564
B1120374548088N01144448EA006840082400000301360564
B1120384548083N01144448EA006860082600000341610564
B1120394548078N01144444EA006880082800000341860564
B1120404548075N01144439EA006900083100000362090564
B1120414548073N01144432EA006940083600000362320564
B1120424548074N01144424EA006980084000000402600564
B1120434548077N01144415EA007010084300000482840564
B1120444548082N01144407EA007040084500000543020517
B1120454548089N01144400EA007070084700000543160517
B1120464548095N01144395EA007100085300000443270517
B1120474548101N01144393EA007150085900000443380517
B1120484548106N01144393EA007200086500000313480517
B1120494548110N01144394EA007250087000000313580525
B1120504548114N01144396EA007290087300000290100525
B1120514548118N01144400EA007320087400000290220525
B1120524548121N01144406EA007340087600000340370525
B1120534548124N01144412EA007360087800000340520525
B1120544548124N01144419EA007380088000000310690563
B1120554548124N01144425EA007400088200000310860563
B1120564548122N01144431EA007420088400000281010563
B1120574548120N01144436EA007440088600000281160563
B1120584548116N01144439EA007450088800000261310563
B1120594548113N01144441EA007470089000000261460563
B1121004548108N01144440EA007490089100000301680564
B1121014548104N01144437EA007510089300000301900564
B1121024548101N01144430EA007520089400000402150564
B1121034548099N01144421EA007530089500000452400564
B1121044548100N01144412EA007550089600000452620517
B1121054548104N01144404EA007560089800000452860517
B1121064548109N01144399EA007580090100000443090517
B1121074548115N01144397EA007600090300000443320525
B1121084548121N01144396EA007620090500000373470525
B1121094548126N01144397EA007640090800000370020525
B1121104548131N01144399EA007670091000000290070525
B1121114548135N01144401EA007690091300000290120525
B1121124548139N01144404EA007720091500000330190525
B1121134548144N01144408EA007740091700000330260525
B1121144548147N01144412EA007760091900000290360525
B1121154548149N01144417EA007780092200000290460563
B1121164548149N01144423EA007790092300000270670563
B1121174548148N01144429EA007800092400000270880563
B1121184548146N01144436EA007810092500000341040563
B1121194548143N01144441EA007830092600000341200563
B1121204548140N01144445EA007840092900000281320563
B1121214548136N01144447EA007860093100000281440563
B1121224548132N01144447EA007880093300000251620563
B1121234548128N01144446EA007900093500000251800563
B1121244548124N01144442EA007910093600000321970563
B1121254548121N01144437EA007920093700000322140563
B1121264548118N01144431EA007940093800000342260563
B1121274548116N01144424EA007950094000000342380563
B1121284548115N01144417EA007960094100000362510563
B1121294548116N01144408EA007970094200000402640525
B1121304548118N01144400EA007990094300000422780525
B1121314548121N01144393EA008000094500000422940525
B1121324548126N01144387EA008030094700000373090525
B1121334548130N01144384EA008050095000000373240525
B1121344548135N01144384EA008070095200000323410525
B1121354548140N01144384EA008080095300000323580525
B1121364548145N01144386EA008090095400000320070525
B1121374548149N01144389EA008110095500000320160525
B1121384548153N01144393EA008120095700000280270525
B1121394548155N01144397EA008130095800000280380525
B1121404548157N01144403EA008140095900000290550525
B1121414548157N01144410EA008140095900000290720525
B1121424548156N01144416EA008140096000000320920563
B1121434548153N01144422EA008150096000000321080563
B1121444548150N01144427EA008160096100000291220563
B1121454548147N01144429EA008170096200000291360563
B1121464548143N01144430EA008180096400000231560563
B1121474548140N01144429EA008200096600000231760563
B1121484548136N01144427EA008210096700000261890563
B1121494548132N01144425EA008220096800000262020563
B1121504548128N01144422EA008230096800000292010563
B1121514548124N01144420EA008230096900000292000563
B1121524548119N01144418EA008240096900000311980563
B1121534548115N01144416EA008250097000000311960563
B1121544548110N01144414EA008260097100000321970563
B1121554548106N01144411EA008270097200000321980517
B1121564548101N01144408EA008280097300000332040517
B1121574548097N01144403EA008290097500000332100517
B1121584548094N01144396EA008310097700000372250517
B1121594548093N01144388EA008320097700000412400517
B1122004548092N01144379EA008330097800000452560517
B1122014548093N01144369EA008340097900000452700517
B1122024548096N01144361EA008350098100000432820476
B1122034548100N01144354EA008370098300000432980476
B1122044548106N01144349EA008390098500000413140476
B1122054548111N01144346EA008410098800000413300469
B1122064548117N01144346EA008430099000000373460469
B1122074548122N01144348EA008450099200000370020469
B1122084548126N01144352EA008470099400000320180469
B1122094548130N01144357EA008490099600000320340469
B1122104548132N01144362EA008510099800000280470469
B1122114548133N01144368EA008520099900000280600525
B1122124548134N01144374EA008530100000000290750525
B1122134548133N01144380EA008540100100000290900525
B1122144548131N01144386EA008550100200000291020525
B1122154548129N01144391EA008570100300000291140525
B1122164548125N01144394EA008580100400000281310525
B1122174548121N01144397EA008590100500000281480525
B1122184548117N01144399EA008600100600000291550525
B1122194548113N01144400EA008610100700000291620525
B1122204548109N01144400EA008620100900000271720517
B1122214548105N01144399EA008630101000000271820517
B1122224548101N01144395EA008640101000000341990517
B1122234548097N01144389EA008640101100000342160517
B1122244548093N01144383EA008650101100000382230517
B1122254548090N01144376EA008660101300000382300517
B1122264548088N01144368EA008670101400000402400517
B1122274548087N01144359EA008680101500000442540476
B1122284548088N01144349EA008690101600000462680476
B1122294548091N01144340EA008700101700000462800476
B1122304548094N01144332EA008710101800000462940476
B1122314548099N01144325EA008720101900000463060476
B1122324548105N01144317EA008740102100000503140476
B1122334548111N01144311EA008750102200000503180435
B1122344548118N01144305EA008770102500000493250435
B1122354548124N01144302EA008800102700000493320435
B1122364548131N01144302EA008820103000000413320435
B1122374548136N01144304EA008840103200000380040435
B1122384548141N01144307EA008860103600000350140435
B1122394548145N01144312EA008900103900000350240435
B1122404548148N01144318EA008920104100000370440469
B1122414548149N01144327EA008950104100000400640469
B1122424548149N01144335EA008970104300000410820469
B1122434548147N01144342EA009000104700000411000469
B1122444548145N01144346EA009030105300000221170469
B1122454548142N01144348EA009060105700000221340469
B1122464548140N01144349EA009080105900000161550469
B1122474548137N01144349EA009100105900000161760469
B1122484548133N01144349EA009110105900000281790469
B1122494548128N01144347EA009110105800000281820469
B1122504548123N01144342EA009110105700000402000469
B1122514548120N01144335EA009110105800000402180469
B1122524548118N01144326EA009110105900000432380469
B1122534548118N01144317EA009130106100000442560469
B1122544548120N01144308EA009140106300000452760435
B1122554548124N01144300EA009160106400000482940435
B1122564548129N01144293EA009180106600000443060435
B1122574548134N01144288EA009200106800000443180435
B1122584548140N01144284EA009220107100000433270435
B1122594548146N01144281EA009250107400000433360435
B1123004548152N01144278EA009270107700000413400435
B1123014548158N01144276EA009300108000000413440435
B1123024548164N01144274EA009330108400000383460450
B1123034548169N01144273EA009360108700000383480450
B1123044548175N01144272EA009400109000000363500450
B1123054548180N01144271EA009420109300000363520450
B1123064548186N01144271EA009450109500000363560450
B1123074548191N01144272EA009470109700000360000450
B1123084548195N01144275EA009490109900000320120450
B1123094548200N01144279EA009500110000000320240450
B1123104548203N01144284EA009520110100000340360450
B1123114548206N01144290EA009530110100000340480450
B1123124548208N01144296EA009530110200000300600450
B1123134548208N01144303EA009540110300000300720450
B1123144548207N01144309EA009540110400000290920450
B1123154548204N01144314EA009550110400000291120487
B1123164548201N01144319EA009550110300000301240487
B1123174548198N01144322EA009550110400000301360487
B1123184548194N01144325EA009560110600000261440487
B1123194548190N01144327EA009570110700000261520487
B1123204548186N01144326EA009570110700000291690487
B1123214548181N01144325EA009580110700000291860487
B1123224548177N01144322EA009570110700000361970487
B1123234548172N01144317EA009570110700000362080487
B1123244548168N01144312EA009570110700000372160450
B1123254548165N01144306EA009580110800000372240450
B1123264548163N01144298EA009590111000000382360450
B1123274548161N01144290EA009610111100000422480450
B1123284548160N01144280EA009630111300000432560450
B1123294548160N01144271EA009650111600000432640450
B1123304548162N01144262EA009670112000000422720406
B1123314548164N01144254EA009700112300000422820406
B1123324548167N01144246EA009730112600000422900406
B1123334548171N01144239EA009760112900000423020406
B1123344548176N01144233EA009790113200000443140406
B1123354548182N01144229EA009810113400000443260406
B1123364548188N01144227EA009830113600000413260406
B1123404548205N01144242EA009900114200000330460406
B1123414548206N01144249EA009910114300000320700406
B1123424548204N01144255EA009920114400000310950406
B1123434548200N01144259EA009940114700000311200406
B1123444548196N01144259EA009960114900000271500406
B1123454548192N01144257EA009980115100000271800406
B1123464548189N01144253EA010000115300000332010406
B1123474548185N01144246EA010020115500000332220406
B1123484548184N01144239EA010040115800000392390406
B1123494548183N01144230EA010060116100000412560406
B1123504548185N01144222EA010090116400000392720406
B1123514548187N01144214EA010110116700000382840406
B1123524548191N01144208EA010140117000000382990376
B1123534548196N01144203EA010170117200000383140376
B1123544548202N01144200EA010190117400000433260376
B1123554548208N01144197EA010210117500000433380376
B1123564548215N01144195EA010230117600000473440422
B1123574548222N01144195EA010240117800000473500422
B1123584548229N01144197EA010260118000000440010422
B1123594548235N01144200EA010270118100000440120422
B1124004548241N01144204EA010290118300000440200422
B1124014548247N01144209EA010310118400000440280422
B1124024548252N01144213EA010320118600000400290422
B1124034548257N01144218EA010340118900000400300450
B1124044548261N01144223EA010360119100000370360492
B1124054548265N01144229EA010380119300000370420492
B1124064548267N01144235EA010390119500000320550492
B1124074548268N01144242EA010410119600000320680492
B1124084548268N01144250EA010420119600000350790492
B1124094548268N01144257EA010430119700000350900492
B1124104548269N01144265EA010440119900000340880536
B1124114548269N01144272EA010450120100000340860536
B1124124548270N01144278EA010470120300000280860536
B1124134548269N01144284EA010480120400000280860536
B1124144548268N01144289EA010490120400000280980536
B1124154548266N01144296EA010480120300000281100536
B1124164548265N01144303EA010480120200000351070536
B1124174548264N01144309EA010490120200000351040536
B1124184548263N01144315EA010490120300000261020576
B1124194548262N01144320EA010500120500000261000576
B1124204548260N01144324EA010500120500000231150576
B1124214548257N01144328EA010510120500000231300525
B1124224548255N01144333EA010500120400000281270525
B1124234548252N01144338EA010500120300000281240525
B1124244548250N01144342EA010510120400000251250525
B1124254548248N01144346EA010510120500000251260525
B1124264548245N01144349EA010520120600000231350525
B1124274548242N01144352EA010520120600000231440525
B1124284548239N01144355EA010520120600000251410525
B1124294548236N01144359EA010530120600000251380525
B1124304548232N01144361EA010530120600000261470525
B1124314548229N01144363EA010530120600000261560525
B1124324548225N01144365EA010530120600000261570557
B1124334548222N01144368EA010540120700000261580557
B1124344548218N01144371EA010550120800000251500557
B1124354548215N01144373EA010550120900000251420557
B1124364548212N01144373EA010560120900000231630557
B1124374548208N01144372EA010560120900000231840535
B1124384548204N01144371EA010560120800000281850535
B1124394548199N01144370EA010550120700000281860535
B1124404548195N01144368EA010550120700000291930535
B1124414548191N01144365EA010550120800000292000535
B1124424548188N01144360EA010550120800000302160487
B1124434548185N01144355EA010560120900000302280487
B1124444548183N01144350EA010560120900000302310487
B1124454548180N01144344EA010560121000000302340487
B1124464548178N01144338EA010560120900000332360487
B1124474548175N01144332EA010560120900000332380487
B1124484548173N01144326EA010560120800000332370487
B1124494548170N01144320EA010550120700000332360487
B1124504548168N01144313EA010550120700000332430450
B1124514548167N01144306EA010540120700000332500450
B1124524548166N01144298EA010540120700000352580450
B1124534548165N01144290EA010530120600000362620450
B1124544548165N01144283EA010530120600000362610450
B1124554548164N01144275EA010520120500000382600450
B1124564548164N01144266EA010520120500000412660450
B1124574548164N01144257EA010520120400000432660406
B1124584548165N01144247EA010520120500000432700406
B1124594548167N01144239EA010520120500000402780406
B1125004548170N01144232EA010520120500000392900406
B1125014548174N01144226EA010520120500000393020406
B1125024548179N01144219EA010520120400000473100406
B1125034548185N01144213EA010510120200000473180376
B1125044548191N01144207EA010510120100000523240376
B1125054548198N01144202EA010500120100000523300376
B1125064548205N01144198EA010500120100000473350376
B1125074548212N01144196EA010510120200000473400422
B1125084548218N01144193EA010510120300000423430422
B1125094548224N01144191EA010520120400000423460422
B1125104548230N01144190EA010530120500000403500422
B1125114548236N01144190EA010540120700000403540422
B1125124548241N01144191EA010550120700000330060422
B1125134548245N01144195EA010560120800000330180422
B1125144548247N01144201EA010560120800000320380422
B1125154548249N01144207EA010550120700000320580422
B1125164548249N01144214EA010550120600000310760450
B1125174548247N01144220EA010540120600000310940450
B1125184548244N01144225EA010530120500000311170450
B1125194548240N01144227EA010520120400000311400450
B1125204548235N01144227EA010520120400000321600450
B1125214548230N01144225EA010520120400000321800450
B1125224548226N01144221EA010510120400000362020450
B1125234548223N01144214EA010510120300000362240450
B1125244548221N01144205EA010510120200000412420422
B1125254548221N01144197EA010500120200000402580422
B1125264548222N01144188EA010500120200000412700422
B1125274548224N01144179EA010500120200000432800422
B1125284548226N01144170EA010500120200000462880422
B1125294548230N01144161EA010490120100000482940378
B1125304548234N01144153EA010490120000000483000378
B1125314548239N01144146EA010480120000000483060378
B1125324548245N01144140EA010480120000000463170378
B1125334548251N01144136EA010480120000000463280378
B1125344548257N01144134EA010490120100000393280378
B1125354548263N01144133EA010490120200000353480402
B1125364548268N01144134EA010500120300000333590402
B1125374548273N01144137EA010510120400000330100402
B1125384548277N01144141EA010520120500000360190402
B1125394548282N01144145EA010530120600000360280402
B1125404548286N01144149EA010550120800000310290402
B1125414548290N01144152EA010560121100000310300402
B1125424548294N01144155EA010580121300000290270402
B1125434548298N01144158EA010590121300000290240402
B1125444548301N01144162EA010600121400000290320402
B1125454548304N01144167EA010610121400000290400440
B1125464548306N01144172EA010620121500000280510440
B1125474548308N01144178EA010620121500000280620440
B1125484548308N01144185EA010620121500000330760440
B1125494548307N01144192EA010610121500000330900440
B1125504548306N01144198EA010620121500000311020440
B1125514548303N01144203EA010630121700000311140440
B1125524548299N01144207EA010640121800000331310440
B1125534548294N01144209EA010650122000000331480440
B1125544548289N01144208EA010660122000000361730440
B1125554548284N01144203EA010660121900000361980440
B1125564548280N01144196EA010660121900000432200440
B1125574548279N01144186EA010650121800000442420440
B1125584548280N01144177EA010640121700000432620440
B1125594548283N01144170EA010640121700000432840440
B1126004548288N01144165EA010640121700000393090440
B1126014548294N01144163EA010630121700000393340402
B1126024548299N01144162EA010640121700000333460402
B1126034548303N01144163EA010640121800000333580402
B1126044548307N01144166EA010650121900000290120440
B1126054548311N01144170EA010660122000000290260447
B1126064548314N01144175EA010660122000000330370447
B1126074548318N01144180EA010670122200000330480447
B1126084548321N01144186EA010690122400000320500447
B1126094548324N01144191EA010710122600000320520447
B1126104548326N01144197EA010730122900000300570447
B1126114548327N01144204EA010750123100000300620447
B1126124548327N01144210EA010770123300000320760447
B1126134548326N01144217EA010780123400000320900500
B1126144548323N01144222EA010800123600000321110500
B1126154548319N01144226EA010810123600000321320500
B1126164548314N01144227EA010820123600000321550500
B1126174548309N01144225EA010820123600000321780492
B1126184548305N01144220EA010820123600000342010492
B1126194548302N01144214EA010820123500000342240492
B1126204548301N01144206EA010810123400000382400440
B1126214548300N01144198EA010800123200000392540440
B1126224548302N01144190EA010790123100000392700440
B1126234548305N01144183EA010780123000000392880440
B1126244548309N01144177EA010770122900000403050440
B1126254548315N01144172EA010770122900000403220447
B1126264548320N01144168EA010770122900000423290447
B1126274548327N01144165EA010780123000000423360447
B1126284548333N01144162EA010790123200000413390407
B1126294548338N01144159EA010810123400000413420407
B1126304548344N01144158EA010820123700000353440407
B1126314548349N01144156EA010840123900000353460407
B1126324548354N01144156EA010860124100000343460407
B1126334548359N01144157EA010880124200000363580407
B1126344548365N01144159EA010890124300000390060430
B1126354548370N01144161EA010910124400000390140430
B1126364548375N01144165EA010920124600000360190468
B1126374548380N01144169EA010940124800000360240468
B1126384548384N01144173EA010960125000000330320468
B1126394548387N01144178EA010970125200000330400468
B1126404548391N01144184EA010990125300000350450468
B1126414548394N01144190EA011000125500000350500468
B1126424548397N01144196EA011020125700000320530468
B1126434548399N01144202EA011030125800000320560468
B1126444548401N01144208EA011040125900000320610468
B1126454548402N01144215EA011050126000000320660517
B1126464548403N01144222EA011060126100000340770517
B1126474548402N01144229EA011070126100000340880517
B1126484548400N01144236EA011080126200000311010517
B1126494548398N01144241EA011090126400000311140517
B1126504548395N01144245EA011110126600000291280517
B1126514548391N01144248EA011120126800000291420517
B1126524548386N01144249EA011130126800000291580517
B1126534548382N01144248EA011140126900000291740517
B1126544548378N01144244EA011140126900000321950517
B1126554548374N01144239EA011130126800000322160517
B1126564548372N01144231EA011130126700000372320517
B1126574548372N01144223EA011120126600000402520517
B1126584548374N01144214EA011100126400000442740517
B1126594548378N01144206EA011090126200000452920468
B1127004548383N01144199EA011080126100000453070468
B1127014548389N01144195EA011080126200000453220468
B1127024548395N01144194EA011080126200000433400468
B1127034548401N01144196EA011080126200000433580468
B1127044548406N01144199EA011080126200000380130468
B1127054548411N01144204EA011080126300000380280489
B1127064548415N01144209EA011090126400000340360489
B1127074548418N01144215EA011100126500000340440541
B1127084548420N01144221EA011100126600000300550541
B1127094548421N01144227EA011110126700000300660541
B1127104548422N01144233EA011120126800000290770541
B1127114548421N01144239EA011130127000000290880541
B1127124548420N01144245EA011140127100000250940541
B1127134548420N01144250EA011160127300000251000541
B1127144548419N01144254EA011180127500000200980541
B1127154548419N01144259EA011190127700000200960541
B1127164548418N01144263EA011210127700000191010541
B1127174548416N01144267EA011210127700000191060584
B1127184548414N01144271EA011210127700000271200584
B1127194548410N01144275EA011210127600000271340584
B1127204548406N01144277EA011210127600000281450563
B1127214548402N01144278EA011220127700000281560563
B1127224548399N01144278EA011230127900000231750563
B1127234548396N01144275EA011240128000000231940563
B1127244548394N01144270EA011240127900000272170563
B1127254548392N01144264EA011240127800000272400563
B1127264548393N01144257EA011230127700000352580517
B1127274548395N01144249EA011220127500000402760517
B1127284548399N01144242EA011200127400000452960517
B1127294548405N01144238EA011190127200000453160517
B1127304548413N01144235EA011170127000000523360541
B1127314548421N01144237EA011160126900000533540541
B1127324548427N01144242EA011150126800000460130541
B1127334548431N01144248EA011140127000000460320541
B1127344548433N01144254EA011150127100000280500541
B1127354548434N01144259EA011150127200000280700541
B1127364548433N01144264EA011160127200000250900584
B1127374548430N01144269EA011160127200000251100584
B1127384548428N01144274EA011160127100000281210584
B1127394548425N01144278EA011150127100000281320584
B1127404548421N01144281EA011160127200000271380584
B1127414548418N01144284EA011160127200000271440584
B1127424548414N01144287EA011160127100000291500584
B1127434548409N01144289EA011150127000000291560563
B1127444548404N01144291EA011140126900000341600563
B1127454548399N01144293EA011130126800000341640563
B1127464548394N01144295EA011110126600000341630563
B1127474548389N01144297EA011110126600000341620563
B1127484548386N01144299EA011100126600000261610563
B1127494548382N01144300EA011100126600000261600563
B1127504548378N01144302EA011090126500000271630563
B1127514548374N01144304EA011090126300000271660563
B1127524548369N01144306EA011070126100000311600563
B1127534548365N01144309EA011060126000000311540563
B1127544548361N01144311EA011050125900000271560563
B1127554548357N01144313EA011050125900000271580561
B1127564548354N01144314EA011040125800000251610612
B1127574548350N01144316EA011030125700000251640612
B1127584548346N01144317EA011010125500000291630612
B1127594548341N01144319EA011000125300000291620612
B1128004548336N01144321EA010980125100000331630612
B1128014548332N01144323EA010970125000000331640612
B1128024548328N01144324EA010960125000000281650612
B1128034548323N01144325EA010950124800000281660612
B1128044548319N01144327EA010940124600000301660612
B1128054548314N01144328EA010910124300000301660612
B1128064548309N01144330EA010890124000000341650576
B1128074548304N01144332EA010860123700000341640576
B1128084548299N01144334EA010840123400000371640576
B1128094548293N01144336EA010810123100000371640576
B1128104548287N01144338EA010790122900000391650576
B1128114548281N01144339EA010770122700000391660576
B1128124548276N01144340EA010760122700000341690576
B1128134548272N01144341EA010760122900000341720576
B1128144548269N01144342EA010770123100000191690576
B1128154548266N01144343EA010790123400000191660576
B1128164548264N01144343EA010810123700000141730576
B1128174548262N01144342EA010830123900000141800576
B1128184548259N01144341EA010840124000000201870525
B1128194548255N01144340EA010850124000000201940525
B1128204548251N01144338EA010860124000000301960525
B1128214548247N01144335EA010870124100000301980525
B1128224548243N01144334EA010890124400000241970525
B1128234548240N01144333EA010910124700000241960525
B1128244548237N01144332EA010930124900000201900525
B1128254548233N01144332EA010960125200000201840525
B1128264548230N01144332EA010990125500000211840525
B1128274548227N01144331EA011010125800000211840525
B1128284548224N01144330EA011050126200000201870525
B1128294548221N01144329EA011080126600000201900525
B1128304548218N01144327EA011110126900000231980525
B1128314548215N01144325EA011150127300000232060525
B1128324548211N01144323EA011180127500000292040525
B1128334548206N01144321EA011200127800000292020487
B1128344548202N01144319EA011230128200000302020487
B1128354548198N01144318EA011260128500000261900487
B1128364548194N01144318EA011300128900000231870487
B1128374548191N01144317EA011340129300000231840487
B1128384548188N01144316EA011370129600000231900487
B1128394548184N01144314EA011400129900000231960487
B1128404548179N01144311EA011420130000000321990450
B1128414548175N01144309EA011440130300000322020450
B1128424548171N01144307EA011470130700000261960450
B1128434548167N01144307EA011500131000000261900450
B1128444548164N01144306EA011530131300000221870450
B1128454548161N01144305EA011550131400000221840450
B1128464548157N01144305EA011570131500000261850435
B1128474548153N01144304EA011580131600000261860435
B1128484548148N01144304EA011600131700000301840435
B1128494548143N01144304EA011610131800000301820435
B1128504548139N01144303EA011620132000000291820435
B1128514548135N01144303EA011640132100000291820435
B1128524548131N01144303EA011650132300000231820435
B1128534548128N01144302EA011660132300000231820435
B1128544548124N01144301EA011660132200000281860435
B1128554548119N01144300EA011650132000000281900435
B1128564548114N01144299EA011640131900000331880435
B1128574548109N01144298EA011630131800000331860418
B1128584548105N01144297EA011630131900000291880418
B1128594548101N01144295EA011630132000000291900418
B1129004548097N01144294EA011640132100000251910418
B1129014548093N01144293EA011640132100000251920418
B1129024548090N01144292EA011640132000000251890418
B1129034548086N01144292EA011640131900000251860418
B1129044548082N01144292EA011620131700000281830418
B1129054548077N01144292EA011610131500000281800418
B1129064548072N01144293EA011590131200000321770418
B1129074548067N01144293EA011570131000000321740418
B1129084548062N01144293EA011550130800000351770418
B1129094548057N01144293EA011530130600000351800381
B1129104548052N01144293EA011510130500000321800381
B1129114548047N01144293EA011490130300000321800381
B1129124548042N01144294EA011480130100000331760381
B1129134548037N01144295EA011460129900000331720381
B1129144548032N01144295EA011440129600000331760381
B1129154548027N01144294EA011420129400000331800381
B1129164548022N01144293EA011400129200000321820381
B1129174548017N01144293EA011370129000000321840381
B1129184548012N01144291EA011350128800000321870381
B1129194548008N01144290EA011330128600000321900327
B1129204548003N01144289EA011310128400000321890327
B1129214547998N01144288EA011290128200000321880327
B1129224547993N01144288EA011270128000000341840327
B1129234547988N01144288EA011250127800000341800327
B1129244547982N01144290EA011230127600000351720327
B1129254547977N01144292EA011210127300000351640327
B1129264547972N01144294EA011190127100000361660327
B1129274547966N01144295EA011170127000000361680327
B1129284547961N01144295EA011160126800000341730327
B1129294547956N01144295EA011140126700000341780295
B1129304547951N01144296EA011130126500000351750295
B1129314547946N01144297EA011110126300000351720295
B1129324547940N01144299EA011090126200000361710295
B1129334547935N01144300EA011080126000000361700295
B1129344547930N01144301EA011060125900000311680295
B1129354547926N01144303EA011050125900000311660295
B1129364547921N01144305EA011040125700000351640295
B1129374547915N01144307EA011020125500000351660295
B1129384547909N01144309EA011000125200000441660259
B1129394547902N01144312EA010990125000000441660259
B1129404547896N01144315EA010970124900000411610287
B1129414547891N01144319EA010970124900000411560287
B1129424547886N01144323EA010960124900000361520287
B1129434547881N01144326EA010960124900000361480287
B1129444547876N01144329EA010950124800000351540287
B1129454547871N01144331EA010940124700000351600287
B1129464547866N01144333EA010930124600000351610287
B1129474547861N01144335EA010920124400000351620287
B1129484547856N01144338EA010910124300000331590254
B1129494547852N01144341EA010900124200000331560254
B1129504547847N01144344EA010890124100000331560254
B1129514547842N01144346EA010880123900000331560254
B1129524547838N01144350EA010860123800000341540254
B1129534547833N01144353EA010850123600000341520254
B1129544547829N01144357EA010830123500000331520254
B1129554547824N01144360EA010820123300000331520254
B1129564547820N01144363EA010810123200000311520254
B1129574547816N01144366EA010790123100000311520288
B1129584547811N01144369EA010780123000000311500288
B1129594547807N01144373EA010770122800000311480248
B1130004547803N01144376EA010750122700000311490248
B1130014547799N01144379EA010740122500000311500248
B1130024547795N01144382EA010720122400000321500248
B1130034547790N01144386EA010710122200000321500248
B1130044547786N01144389EA010690122000000331500248
B1130054547782N01144393EA010670121700000331500248
B1130064547777N01144398EA010640121500000371450248
B1130074547773N01144403EA010620121300000371400248
B1130084547769N01144408EA010610121200000351390248
B1130094547765N01144413EA010590121000000351380248
B1130104547761N01144418EA010580120900000351380255
B1130114547757N01144423EA010560120700000371380203
B1130124547752N01144428EA010540120500000381420203
B1130134547747N01144431EA010520120200000381460203
B1130144547742N01144434EA010500120100000361520203
B1130154547737N01144437EA010480119900000361580203
B1130164547732N01144439EA010470119800000331610203
B1130174547727N01144441EA010460119700000331640203
B1130184547722N01144443EA010440119500000351640203
B1130194547717N01144445EA010430119300000351640203
B1130204547711N01144447EA010410119100000371640203
B1130214547706N01144449EA010400119000000371640167
B1130224547700N01144450EA010380118800000361660167
B1130234547695N01144452EA010370118600000361680167
B1130244547690N01144454EA010350118500000351680167
B1130254547684N01144455EA010340118300000351680167
B1130264547679N01144456EA010320118200000371690167
B1130274547673N01144457EA010310118000000371700167
B1130284547667N01144458EA010290117800000381720167
B1130294547662N01144459EA010280117700000381740167
B1130304547657N01144461EA010270117700000321690160
B1130314547652N01144463EA010270117700000321640171
B1130324547648N01144465EA010260117700000311640171
B1130334547643N01144466EA010250117500000311640171
B1130344547638N01144467EA010240117300000351670171
B1130354547632N01144468EA010220117100000351700171
B1130364547627N01144469EA010210117000000361720171
B1130374547622N01144470EA010200116800000361740171
B1130384547616N01144471EA010190116800000331700171
B1130394547612N01144472EA010180116700000331720171
B1130404547607N01144471EA010180116700000321780156
B1130414547602N01144470EA010170116500000321840156
B1130424547597N01144470EA010150116400000341840156
B1130434547591N01144470EA010140116200000341840156
B1130444547586N01144470EA010130116000000341770156
B1130454547581N01144472EA010110115900000341700156
B1130464547577N01144474EA010090115700000301650156
B1130474547573N01144476EA010080115600000301600156
B1130484547569N01144477EA010060115400000241640156
B1130494547565N01144478EA010040115200000241680156
B1130504547561N01144478EA010020114800000281700156
B1130514547557N01144479EA009990114500000281720154
B1130524547552N01144480EA009960114000000331730154
B1130534547547N01144481EA009930113700000331740154
B1130544547543N01144481EA009900113500000281750154
B1130554547539N01144481EA009870113200000281760154
B1130564547535N01144481EA009850113000000251770154
B1130574547531N01144481EA009820112600000251780154
B1130584547526N01144482EA009790112300000311770154
B1130594547521N01144482EA009760111900000311760154
B1131004547516N01144483EA009730111600000321740154
B1131014547512N01144484EA009700111400000321720154
B1131024547507N01144485EA009680111100000291700153
B1131034547503N01144487EA009650110900000291680153
B1131044547498N01144488EA009630110700000311670153
B1131054547494N01144490EA009610110400000311660153
B1131064547489N01144491EA009580110100000331660153
B1131074547484N01144493EA009550109800000331640153
B1131084547479N01144496EA009530109600000341630153
B1131094547474N01144497EA009510109400000341620153
B1131104547469N01144499EA009490109200000331650153
B1131114547464N01144500EA009470109000000331680153
B1131124547459N01144500EA009450108800000341720150
B1131134547454N01144500EA009430108600000341760150
B1131144547448N01144500EA009410108400000341780150
B1131154547443N01144500EA009390108300000341800150
B1131164547438N01144500EA009380108100000321780150
B1131174547433N01144501EA009360107900000321760150
B1131184547428N01144500EA009340107700000341800150
B1131194547423N01144499EA009320107500000341840150
B1131204547417N01144499EA009300107300000361830150
B1131214547412N01144498EA009280107100000361820150
B1131224547406N01144497EA009270106900000371830149
B1131234547401N01144496EA009250106800000371840149
B1131244547395N01144495EA009240106800000361850149
B1131254547390N01144495EA009230106700000361860149
B1131264547385N01144495EA009230106700000341820149
B1131274547380N01144495EA009220106600000341780149
B1131284547375N01144495EA009210106500000341790149
B1131294547369N01144495EA009200106400000341800149
B1131304547364N01144495EA009190106300000371760149
B1131314547358N01144497EA009180106100000371720149
B1131324547353N01144499EA009170106100000361680149
B1131334547348N01144501EA009160106100000361640149
B1131344547344N01144503EA009160106000000321630149
B1131354547339N01144505EA009150105900000321620149
B1131364547334N01144507EA009140105700000351630149
B1131374547329N01144508EA009120105500000351640149
B1131384547323N01144510EA009110105300000381660149
B1131394547317N01144512EA009090105200000381680149
B1131404547312N01144514EA009080105100000361680150
B1131414547307N01144516EA009070105100000331620149
B1131424547303N01144518EA009070105100000311640149
B1131434547298N01144519EA009060105000000311660149
B1131444547293N01144521EA009050104900000351660149
B1131454547287N01144522EA009040104700000351660149
B1131464547281N01144523EA009030104500000411730149
B1131474547275N01144522EA009020104400000411800149
B1131484547269N01144521EA009020104500000381820149
B1131494547264N01144521EA009020104600000381840149
B1131504547259N01144522EA009040104900000271790145
B1131514547255N01144522EA009050105100000271740145
B1131524547251N01144523EA009060105200000301740145
B1131534547246N01144523EA009080105300000301740145
B1131544547241N01144523EA009080105300000361780145
B1131554547235N01144522EA009090105300000361820145
B1131564547230N01144521EA009100105500000321840145
B1131574547225N01144520EA009110105600000321860145
B1131584547220N01144521EA009120105700000331800145
B1131594547215N01144522EA009130105800000331740145
B1132004547210N01144524EA009140105900000391680141
B1132014547204N01144527EA009160106000000391620141
B1132024547199N01144531EA009170106200000381560141
B1132034547194N01144536EA009190106500000381500141
B1132044547191N01144541EA009210106800000351390141
B1132054547188N01144547EA009240107100000351280141
B1132064547185N01144554EA009270107400000341220141
B1132074547184N01144561EA009290107600000341160141
B1132084547185N01144570EA009310107800000420980143
B1132094547187N01144579EA009320107800000480760143
B1132104547192N01144588EA009330107900000500600143
B1132114547197N01144596EA009330108100000500500143
B1132124547203N01144603EA009350108300000480500143
B1132134547208N01144609EA009360108400000470380143
B1132144547215N01144614EA009370108500000470350148
B1132154547221N01144620EA009390108600000470320148
B1132164547227N01144625EA009400108700000480300148
B1132174547233N01144630EA009410108900000480280148
B1132184547240N01144635EA009430109100000460270148
B1132194547246N01144639EA009450109300000460260148
B1132204547252N01144644EA009460109500000430270148
B1132214547257N01144649EA009470109600000430280148
B1132224547263N01144654EA009480109600000490300144
B1132234547270N01144659EA009490109700000490320144
B1132244547277N01144665EA009500109800000530280149
B1132254547284N01144670EA009520110100000530260149
B1132264547292N01144674EA009540110300000520240149
B1132274547299N01144678EA009560110600000520220149
B1132284547306N01144682EA009580110800000510220149
B1132304547321N01144690EA009620111200000520200151
B1132314547328N01144695EA009630111300000520200151
B1132324547336N01144699EA009650111500000560220151
B1132334547344N01144703EA009670111600000550200151
B1132344547351N01144708EA009680111700000510200151
B1132354547358N01144712EA009700111900000510200151
B1132364547363N01144716EA009710112000000410230147
B1132374547369N01144720EA009720112100000410260147
B1132384547375N01144723EA009720112200000420230147
B1132394547381N01144726EA009730112200000420200147
B1132404547387N01144731EA009730112200000480220147
B1132414547394N01144736EA009730112100000480240147
B1132424547401N01144742EA009730112100000530280147
B1132434547407N01144748EA009730112100000530320147
B1132444547414N01144754EA009730112200000470320153
B1132454547419N01144759EA009740112200000470320153
B1132464547425N01144764EA009740112200000460320152
B1132474547431N01144770EA009740112200000480300152
B1132484547437N01144776EA009730112000000500310152
B1132494547444N01144782EA009720111900000500320152
B1132504547451N01144788EA009710111800000550320152
B1132514547458N01144795EA009700111600000550320152
B1132524547465N01144801EA009690111600000570320156
B1132534547472N01144807EA009690111500000570320156
B1132544547479N01144813EA009690111600000530300156
B1132554547486N01144818EA009690111600000530280156
B1132564547492N01144823EA009700111700000450290156
B1132574547498N01144828EA009700111900000450300156
B1132584547503N01144834EA009710111900000440330156
B1132594547508N01144840EA009710111900000440360156
B1133004547514N01144845EA009710111800000460330159
B1133014547520N01144850EA009700111700000460300159
B1133024547527N01144855EA009690111500000480270159
B1133034547534N01144859EA009670111300000480240159
B1133044547540N01144864EA009660111200000450260158
B1133054547546N01144868EA009640111000000450280158
B1133064547552N01144873EA009630110800000450270158
B1133074547558N01144877EA009610110600000450260158
B1133084547565N01144882EA009590110400000500250159
B1133094547572N01144887EA009580110200000500240159
B1133104547578N01144893EA009560110100000500290159
B1133114547584N01144899EA009550110000000500340159
B1133124547590N01144903EA009540110000000420340159
B1133144547601N01144910EA009520109800000420200159
B1133154547608N01144914EA009510109600000420200159
B1133164547614N01144918EA009490109300000480220161
B1133174547621N01144922EA009470109100000480240161
B1133184547627N01144927EA009450108900000470240161
B1133194547633N01144931EA009430108700000470240161
B1133204547639N01144935EA009410108600000430230161
B1133214547645N01144938EA009390108400000430220161
B1133224547651N01144943EA009380108100000450250161
B1133234547657N01144948EA009360108000000450280161
B1133244547663N01144952EA009350107900000430290162
B1133254547668N01144957EA009340107900000430300162
B1133264547674N01144961EA009330107800000410270162
B1133274547680N01144965EA009320107700000410240163
B1133284547686N01144968EA009320107600000430230163
B1133294547692N01144972EA009310107500000430220163
B1133304547698N01144975EA009290107400000450210163
B1133314547704N01144979EA009280107200000450200163
B1133324547711N01144982EA009270107200000440200160
B1133334547717N01144986EA009260107100000440200160
B1133344547723N01144990EA009250107000000460200160
B1133354547730N01144994EA009240106900000460200160
B1133364547736N01144998EA009220106800000430240160
B1133374547740N01145003EA009220106700000430280160
B1133384547745N01145008EA009210106700000350340160
B1133394547749N01145013EA009200106600000350400163
B1133404547755N01145017EA009190106400000430330163
B1133414547761N01145021EA009170106200000430260169
B1133424547768N01145025EA009160106000000480220169
B1133434547774N01145027EA009150106000000480180169
B1133444547781N01145029EA009150106000000400140169
B1133454547786N01145031EA009150106100000400100169
B1133464547792N01145033EA009140106000000390120169
B1133474547798N01145035EA009140105800000390140169
B1133484547805N01145039EA009120105600000470160169
B1133494547812N01145043EA009100105300000470180180
B1133504547819N01145047EA009080105100000500200180
B1133514547825N01145051EA009070105000000500220180
B1133524547831N01145055EA009060105000000440230180
B1133534547837N01145059EA009050104900000440240180
B1133544547844N01145063EA009040104800000460230181
B1133554547850N01145067EA009030104700000460220181
B1133564547856N01145071EA009020104500000460220181
B1133574547862N01145076EA009010104400000440280184
B1133584547868N01145081EA009000104300000410290184
B1133594547873N01145085EA008990104300000410300184
B1134004547878N01145088EA008980104300000400260184
B1134014547884N01145092EA008970104100000400220184
B1134024547890N01145096EA008960104000000440230184
B1134034547896N01145100EA008950103800000440240184
B1134044547902N01145104EA008940103700000450220184
B1134054547909N01145107EA008930103700000450200184
B1134064547915N01145111EA008920103500000450210192
B1134074547922N01145115EA008900103400000450220188
B1134084547928N01145120EA008880103100000500240188
B1134094547935N01145125EA008860102900000500260188
B1134104547942N01145129EA008840102600000490240188
B1134114547949N01145133EA008820102500000490220188
B1134124547955N01145138EA008810102300000490220188
B1134134547962N01145142EA008790102100000490220201
B1134144547969N01145146EA008770102000000500220201
B1134154547976N01145151EA008760101800000500220201
B1134164547982N01145155EA008740101700000460230201
B1134174547989N01145159EA008730101600000460240201
B1134184547995N01145164EA008720101400000480260199
B1134194548002N01145169EA008700101200000480280199
B1134204548009N01145173EA008680101100000510250199
B1134214548016N01145177EA008670100900000510220209
B1134224548023N01145181EA008660100800000520210209
B1134234548031N01145185EA008660100900000500200209
B1134244548038N01145189EA008660100900000480180209
B1134254548044N01145191EA008660101100000480160209
B1134264548051N01145194EA008670101100000450160209
B1134274548057N01145197EA008670101100000450160209
B1134284548064N01145201EA008660101000000490180207
B1134294548071N01145205EA008660100900000490200207
B1134304548079N01145209EA008650100800000520220207
B1134314548086N01145213EA008650100800000520220196
B1134324548092N01145218EA008640100800000470230196
B1134334548099N01145222EA008630100700000470240196
B1134344548105N01145226EA008620100600000470230196
B1134354548112N01145230EA008610100300000470220210
B1134364548120N01145233EA008590100100000530200210
B1134374548127N01145237EA008580100000000530160210
B1134384548135N01145239EA008570099900000520140210
B1134394548142N01145242EA008550099700000520140210
B1134404548150N01145246EA008540099600000510160210
B1134414548157N01145250EA008530099400000510180210
B1134424548164N01145254EA008510099200000520200236
B1134434548171N01145258EA008490098900000520220236
B1134444548179N01145262EA008470098700000510200236
B1134454548186N01145266EA008440098500000510200207
B1134464548193N01145270EA008420098200000520190207
B1134474548201N01145273EA008400097900000540180207
B1134484548209N01145276EA008370097600000540160207
B1134494548217N01145278EA008350097400000540120242
B1134504548225N01145280EA008330097300000520080242
B1134514548232N01145282EA008320097200000500060242
B1134524548239N01145285EA008310097100000490120242
B1134534548246N01145288EA008290096900000490180242
B1134544548253N01145292EA008280096800000490190242
B1134554548260N01145296EA008260096600000490200274
B1134564548267N01145300EA008240096400000490200274
B1134574548274N01145303EA008220096200000490200274
B1134584548281N01145307EA008200095900000480200274
B1134594548288N01145311EA008170095600000480200274
B1135004548295N01145314EA008150095300000490190232
B1135014548301N01145317EA008120095000000490180232
B1135024548308N01145321EA008090094700000470180232
B1135034548315N01145325EA008060094400000470200265
B1135044548322N01145329EA008030094100000480200265
B1135054548329N01145332EA008000093700000480200265
B1135064548336N01145336EA007970093400000500210265
B1135074548343N01145340EA007940093100000500220265
B1135084548349N01145344EA007910092900000460210265
B1135094548356N01145347EA007890092700000460200265
B1135104548361N01145350EA007870092500000400180289
B1135114548367N01145352EA007850092200000400160289
B1135124548373N01145356EA007820091900000440190289
B1135134548380N01145360EA007790091500000440220289
B1135144548387N01145364EA007750091000000490220240
B1135154548393N01145368EA007720090700000490220240
B1135164548400N01145372EA007690090400000460230240
B1135174548406N01145377EA007660090100000460240240
B1135184548412N01145381EA007630089800000440260244
B1135194548418N01145386EA007590089400000440280244
B1135204548424N01145391EA007550088900000470290244
B1135214548430N01145396EA007510088500000470300244
B1135224548437N01145403EA007470088000000540320244
B1135234548444N01145409EA007440087600000540340244
B1135244548450N01145414EA007410087500000480300222
B1135254548456N01145419EA007390087400000480260222
B1135264548462N01145424EA007370087200000430280222
B1135274548468N01145429EA007350087000000430300222
B1135284548474N01145436EA007330086700000500330222
B1135294548480N01145442EA007310086400000500360222
B1135304548486N01145449EA007280086200000520370222
B1135314548492N01145456EA007260086000000520380222
B1135324548498N01145462EA007250085900000480370222
B1135334548504N01145468EA007230085800000480360216
B1135344548510N01145474EA007220085700000480340218
B1135354548516N01145480EA007200085500000480320218
B1135364548522N01145486EA007180085300000500340218
B1135374548528N01145493EA007160085100000500360218
B1135384548534N01145499EA007150084900000470350218
B1135394548540N01145504EA007130084800000470340218
B1135404548545N01145510EA007120084700000450340218
B1135414548551N01145515EA007100084600000450340220
B1135424548557N01145521EA007090084400000480340220
B1135434548563N01145527EA007070084200000480340229
B1135444548569N01145533EA007060084100000470340229
B1135454548575N01145538EA007050084100000470340229
B1135464548580N01145543EA007040084000000420330229
B1135474548586N01145548EA007030083900000420320229
B1135484548591N01145554EA007010083700000430320229
B1135494548597N01145559EA007000083500000430320229
B1135504548603N01145564EA006980083300000480310219
B1135514548610N01145569EA006960083100000480300255
B1135524548616N01145575EA006940082900000460310255
B1135534548621N01145580EA006930082800000460320255
B1135544548627N01145585EA006910082700000440300255
B1135554548633N01145589EA006890082400000440280255
B1135564548639N01145594EA006870082200000460280255
B1135574548645N01145600EA006850081900000460280255
B1135584548650N01145606EA006830081600000460320255
B1135594548656N01145611EA006810081400000460360255
B1136004548662N01145616EA006780081200000440310315
B1136014548668N01145619EA006760081000000440260315
B1136024548675N01145623EA006740080700000450260315
B1136034548681N01145627EA006710080400000460200315
B1136044548687N01145631EA006690080100000470220315
B1136054548694N01145636EA006670079900000470240315
B1136064548700N01145641EA006640079600000460270315
B1136074548706N01145646EA006630079500000460300315
B1136084548711N01145652EA006610079400000450320387
B1136094548717N01145657EA006590079300000450340387
B1136104548723N01145661EA006580079100000450290387
B1136114548730N01145665EA006560079000000450240391
B1136124548736N01145669EA006550078700000470230391
B1136134548743N01145673EA006530078500000470220391
B1136144548749N01145677EA006510078300000460220391
B1136154548755N01145681EA006490078100000460220391
B1136164548761N01145685EA006480078000000440240457
B1136174548767N01145690EA006460077800000440260457
B1136184548773N01145695EA006440077500000440270457
B1136194548779N01145699EA006420077300000440280457
B1136204548785N01145705EA006400077000000450290457
B1136214548790N01145710EA006370076800000450300457
B1136224548796N01145716EA006350076600000450320435
B1136234548802N01145721EA006330076400000450340435
B1136244548807N01145726EA006310076200000430330435
B1136254548813N01145731EA006300076000000430320495
B1136264548818N01145735EA006280075800000430290495
B1136274548824N01145739EA006260075600000430260495
B1136284548830N01145743EA006240075400000420250495
B1136294548836N01145747EA006230075300000420240495
B1136304548841N01145750EA006230075300000380230495
B1136314548846N01145753EA006230075400000380220495
B1136324548851N01145756EA006230075500000360200495
B1136334548856N01145758EA006240075600000360180495
B1136344548861N01145760EA006250075800000320160536
B1136354548866N01145761EA006270076000000320140536
B1136364548870N01145763EA006290076200000320160517
B1136374548875N01145766EA006310076500000320180517
B1136384548880N01145768EA006320076600000330180517
B1136394548884N01145771EA006330076700000330180517
B1136404548888N01145773EA006330076700000280210517
B1136414548892N01145776EA006330076500000280240517
B1136424548897N01145780EA006320076300000370250517
B1136434548903N01145784EA006300076000000370260517
B1136444548908N01145789EA006280075800000430280517
B1136454548914N01145793EA006260075600000430300564
B1136464548919N01145798EA006250075500000420310564
B1136474548925N01145803EA006240075500000420320564
B1136484548930N01145808EA006230075500000400320564
B1136494548935N01145812EA006230075500000400320538
B1136504548940N01145816EA006230075500000360300538
B1136514548945N01145820EA006230075400000360280538
B1136524548950N01145825EA006220075300000410300538
B1136534548955N01145830EA006200075100000410320538
B1136544548960N01145835EA006190074900000450320568
B1136554548966N01145841EA006190074900000450340568
B1136564548970N01145847EA006180074800000380370568
B1136574548974N01145852EA006170074800000380400568
B1136584548977N01145858EA006160074700000340440568
B1136594548981N01145864EA006150074500000340480538
B1137004548985N01145871EA006140074200000410490538
B1137014548989N01145878EA006120074000000410500538
B1137024548993N01145885EA006110073800000410500538
B1137034548996N01145891EA006090073700000410500538
B1137044549000N01145898EA006080073600000390500538
B1137054549004N01145905EA006070073500000390500538
B1137064549008N01145913EA006060073400000460510532
B1137074549012N01145921EA006040073200000460520594
B1137084549017N01145930EA006030073000000520500594
B1137094549022N01145938EA006020072800000520500594
B1137104549026N01145947EA006000072800000460520594
B1137114549030N01145954EA006000072800000450520594
B1137124549035N01145962EA005990072800000460500593
B1137134549040N01145970EA005980072700000460480593
B1137144549044N01145978EA005980072600000480490593
B1137154549049N01145986EA005970072500000480500593
B1137164549053N01145993EA005960072500000480490593
B1137174549059N01146001EA005950072400000480480593
B1137184549064N01146008EA005950072300000480470653
B1137194549068N01146016EA005940072300000480460643
B1137204549073N01146024EA005940072200000510470643
B1137214549079N01146032EA005940072200000510480643
B1137224549084N01146040EA005950072400000470460643
B1137234549089N01146046EA005960072600000470440643
B1137244549092N01146053EA005970072800000380480643
B1137254549095N01146060EA005980072800000380520643
B1137264549096N01146069EA005980072700000400680631
B1137274549095N01146077EA005970072600000400840631
B1137284549093N01146084EA005960072500000351000631
B1137294549091N01146090EA005960072600000351160631
B1137304549087N01146095EA005960072700000311230631
B1137314549085N01146100EA005970072900000311300631
B1137324549082N01146105EA005980073100000281290631
B1137334549079N01146109EA005990073300000281280631
B1137344549076N01146112EA006000073400000271410598
B1137354549072N01146113EA006000073400000271540598
B1137364549068N01146114EA006010073500000251630598
B1137374549065N01146114EA006020073600000251720598
B1137384549061N01146114EA006030073800000201780598
B1137394549059N01146113EA006040073900000201840542
B1137404549057N01146109EA006050074100000222130567
B1137414549057N01146104EA006060074100000222420567
B1137424549058N01146098EA006060074000000312700567
B1137434549062N01146092EA006060074000000312980631
B1137444549067N01146087EA006060073900000433140631
B1137454549074N01146085EA006060073900000433300631
B1137464549081N01146086EA006070074000000483500631
B1137474549088N01146089EA006070074100000480100631
B1137484549094N01146094EA006080074200000490200631
B1137494549100N01146100EA006090074400000490300631
B1137504549105N01146107EA006110074600000440360631
B1137514549109N01146115EA006120074600000440420598
B1137524549112N01146123EA006140074700000430540644
B1137534549114N01146131EA006140074800000430660644
B1137544549114N01146139EA006150074900000360780644
B1137554549113N01146146EA006160075000000360900644
B1137564549112N01146151EA006170075100000271050644
B1137574549109N01146155EA006180075100000271200598
B1137584549106N01146157EA006180075200000231440598
B1137594549103N01146156EA006180075300000231680598
B1138004549100N01146152EA006190075300000271960598
B1138014549098N01146147EA006200075400000272240598
B1138024549098N01146141EA006210075600000292530598
B1138034549101N01146135EA006230075800000292820598
B1138044549105N01146130EA006240076000000383020598
B1138054549110N01146126EA006250076000000383220644
B1138064549117N01146124EA006260076000000523360644
B1138074549126N01146125EA006260075900000593500644
B1138084549134N01146131EA006260075900000590100644
B1138094549139N01146139EA006260075900000590320644
B1138104549142N01146148EA006260076100000420500644
B1138114549143N01146155EA006270076300000420680644
B1138154549133N01146169EA006300076500000261580600
B1138164549129N01146167EA006300076500000241760600
B1138174549125N01146166EA006310076700000241940600
B1138184549122N01146164EA006320076800000212020600
B1138194549120N01146161EA006330076900000212100644
B1138204549118N01146158EA006340077100000212160644
B1138214549115N01146155EA006360077200000212220644
B1138224549112N01146154EA006370077400000222050644
B1138234549108N01146154EA006390077500000221880598
B1138244549104N01146154EA006410077700000271820598
B1138254549100N01146155EA006430078000000271760598
B1138264549096N01146156EA006450078300000271700598
B1138274549092N01146158EA006480078600000271640598
B1138284549088N01146159EA006510078900000251620598
B1138294549084N01146160EA006540079200000251600598
B1138304549081N01146160EA006570079500000191760598
B1138314549079N01146157EA006590079700000191920598
B1138324549078N01146152EA006610079700000252280598
B1138334549079N01146146EA006620079600000252640598
B1138344549083N01146141EA006620079700000372940598
B1138354549089N01146139EA006620079700000373240598
B1138364549095N01146140EA006630079700000433490598
B1138374549101N01146145EA006640079700000430140598
B1138384549107N01146152EA006640079600000540300598
B1138394549112N01146162EA006640079700000550460600
B1138404549114N01146172EA006660079900000480600600
B1138414549114N01146181EA006680080300000380780600
B1138424549112N01146188EA006710080700000300970600
B1138434549110N01146192EA006740081000000301160600
B1138444549107N01146196EA006760081300000251310562
B1138454549103N01146197EA006790081600000251460562
B1138464549100N01146195EA006810081800000251780562
B1138474549098N01146190EA006830082000000252100562
B1138484549098N01146184EA006850082200000312450562
B1138494549101N01146178EA006870082400000312800562
B1138504549106N01146174EA006880082600000423100562
B1138514549113N01146174EA006900082700000423400600
B1138524549120N01146176EA006920082800000493590600
B1138534549127N01146181EA006940083100000490180600
B1138544549132N01146187EA006970083400000430280600
B1138554549136N01146194EA007000083800000430380600
B1138564549139N01146201EA007030084100000390510600
B1138574549141N01146209EA007050084400000390640600
B1138584549141N01146216EA007070084600000320790579
B1138594549139N01146222EA007090084700000320940579
B1139004549137N01146226EA007110084800000241180579
B1139014549133N01146228EA007120084900000241420579
B1139024549129N01146227EA007120085000000311650579
B1139034549125N01146225EA007130085100000311880579
B1139044549121N01146220EA007150085300000292090579
B1139054549120N01146215EA007170085600000292300579
B1139064549120N01146209EA007190085900000252550600
B1139074549122N01146204EA007220086200000252800600
B1139084549124N01146199EA007240086500000262940600
B1139094549127N01146195EA007270086700000263080600
B1139104549132N01146191EA007290086900000373080600
B1139114549137N01146188EA007310087000000403280600
B1139124549143N01146186EA007340087300000403410600
B1139134549149N01146187EA007360087500000403540600
B1139144549155N01146189EA007380087800000420060600
B1139154549161N01146194EA007410088000000420180651
B1139164549166N01146199EA007440088200000430290651
B1139174549170N01146206EA007470088600000430400651
B1139184549172N01146214EA007490088900000360570612
B1139194549172N01146221EA007510089100000360740612
B1139204549171N01146228EA007520089200000310940612
B1139214549168N01146233EA007540089400000311140612
B1139224549164N01146236EA007560089500000281320612
B1139234549160N01146237EA007580089700000281500612
B1139244549156N01146236EA007600090000000251750579
B1139254549154N01146232EA007620090200000252000579
B1139264549153N01146225EA007640090400000342350579
B1139274549155N01146218EA007660090600000342700579
B1139284549159N01146211EA007680090800000392930600
B1139294549164N01146207EA007710091000000393160651
B1139304549169N01146206EA007740091300000393340651
B1139314549175N01146205EA007770091600000393520651
B1139324549181N01146207EA007800092000000370010651
B1139334549186N01146209EA007830092300000370100651
B1139344549191N01146213EA007860092600000380100612
B1139354549196N01146217EA007880092800000390260612
B1139364549201N01146223EA007910093000000390350612
B1139374549204N01146229EA007930093200000390440612
B1139384549207N01146236EA007950093400000360540612
B1139394549209N01146244EA007960093600000360640612
B1139404549209N01146252EA007970093700000360760612
B1139414549208N01146259EA007990093900000360880612
B1139424549206N01146266EA008010094100000311040569
B1139434549203N01146270EA008030094400000311200569
B1139444549199N01146273EA008050094600000281390569
B1139454549195N01146274EA008070094800000281580569
B1139464549191N01146273EA008080095000000271760569
B1139474549187N01146270EA008100095200000271940569
B1139484549184N01146265EA008110095300000292120569
B1139494549182N01146260EA008130095500000292300612
B1139504549180N01146253EA008140095700000332390612
B1139514549179N01146246EA008160095900000332480612
B1139524549178N01146239EA008190096100000342580612
B1139534549179N01146232EA008210096400000342680612
B1139544549180N01146225EA008240096700000302790612
B1139554549183N01146220EA008270097100000302900612
B1139564549187N01146214EA008300097300000363050612
B1139574549192N01146211EA008310097300000363200651
B1139584549199N01146210EA008330097300000453390651
B1139594549205N01146212EA008340097300000453580612
B1140004549211N01146215EA008360097600000430120637
B1140014549216N01146220EA008380097900000430260637
B1140024549220N01146226EA008410098300000350370637
B1140034549223N01146232EA008430098600000350480637
B1140044549226N01146238EA008450098800000330540637
B1140054549228N01146244EA008470099000000330600637
B1140064549229N01146251EA008490099200000320680637
B1140074549230N01146258EA008500099300000320760637
B1140084549229N01146265EA008520099500000300920600
B1140094549226N01146270EA008530099600000301080600
B1140104549223N01146273EA008550099800000251260600
B1140114549220N01146275EA008570100000000251440600
B1140124549217N01146275EA008590100200000231650600
B1140134549213N01146272EA008610100400000231860600
B1140144549211N01146267EA008630100600000292130600
B1140154549210N01146260EA008650100800000292400637
B1140164549211N01146252EA008670101000000402620637
B1140174549214N01146244EA008690101300000422840637
B1140184549218N01146238EA008710101500000423030637
B1140194549224N01146235EA008740101700000423220637
B1140204549229N01146234EA008770102000000393400637
B1140214549235N01146235EA008790102200000393580637
B1140224549240N01146238EA008820102500000370120637
B1140234549245N01146243EA008840102600000370260637
B1140244549249N01146250EA008860102800000390380637
B1140254549252N01146257EA008870102900000390500637
B1140264549253N01146264EA008880103100000340640600
B1140274549253N01146271EA008890103200000340780600
B1140284549251N01146277EA008910103300000300980600
B1140294549248N01146282EA008920103500000301180600
B1140304549245N01146284EA008930103600000261380600
B1140314549241N01146285EA008950103800000261580600
B1140324549238N01146283EA008960104100000251820600
B1140334549235N01146279EA008980104300000252060600
B1140344549232N01146274EA009000104600000282260600
B1140354549231N01146267EA009020104800000282460600
B1140364549231N01146260EA009040104900000362600637
B1140374549233N01146251EA009060105000000422740637
B1140384549236N01146243EA009070105200000452880637
B1140394549240N01146235EA009080105300000442980637
B1140404549245N01146229EA009100105500000423080637
B1140414549250N01146224EA009120105600000423180637
B1140424549256N01146221EA009130105700000393330637
B1140434549261N01146221EA009150105900000393480678
B1140444549268N01146221EA009160105900000393540678
B1140454549273N01146221EA009160106000000390000678
B1140464549279N01146221EA009170106200000353580678
B1140474549284N01146221EA009180106300000353560678
B1140484549289N01146223EA009180106300000350080678
B1140494549293N01146227EA009180106200000350200678
B1140504549297N01146234EA009180106100000390370678
B1140514549300N01146241EA009180106100000390540678
B1140524549301N01146249EA009180106300000380700678
B1140534549300N01146257EA009170106300000380860678
B1140544549300N01146265EA009180106400000370920666
B1140554549299N01146273EA009190106600000370980666
B1140564549297N01146279EA009200106800000331030666
B1140574549295N01146285EA009220107000000331080666
B1140584549293N01146290EA009240107200000261200666
B1140594549289N01146293EA009260107400000261320666
B1141004549286N01146295EA009270107500000261440666
B1141014549282N01146297EA009280107700000261560666
B1141024549279N01146297EA009300108000000251670666
B1141034549275N01146296EA009320108200000251780666
B1141044549272N01146293EA009340108500000242010666
B1141054549270N01146288EA009360108700000242240666
B1141064549269N01146282EA009380108800000312430666
B1141074549269N01146275EA009390108900000312620666
B1141084549271N01146267EA009410109000000392760666
B1141094549274N01146259EA009420109200000422900678
B1141104549279N01146253EA009430109300000453050678
B1141114549285N01146248EA009450109400000453200678
B1141124549292N01146245EA009460109500000473330678
B1141134549299N01146244EA009460109600000473460678
B1141144549305N01146245EA009480109800000423580678
B1141154549311N01146248EA009490110000000420100747
B1141164549316N01146252EA009510110100000390220747
B1141174549321N01146258EA009520110300000390340747
B1141184549324N01146264EA009530110400000380420705
B1141194549328N01146271EA009540110400000380500705
B1141204549330N01146278EA009550110500000380560705
B1141214549332N01146286EA009560110600000380620705
B1141224549334N01146294EA009570110600000410710705
B1141234549334N01146303EA009570110700000410800705
B1141244549333N01146312EA009570110800000410920673
B1141254549330N01146320EA009580110900000411060673
B1141264549326N01146326EA009600111100000341200673
B1141274549322N01146329EA009620111400000341340673
B1141284549318N01146330EA009640111700000311550673
B1141294549313N01146329EA009660112000000311760673
B1141304549309N01146326EA009690112200000291940673
B1141314549306N01146321EA009720112600000292120637
B1141324549305N01146315EA009740112800000312360637
B1141334549305N01146308EA009760113000000312600666
B1141344549307N01146300EA009780113100000382780666
B1141354549311N01146294EA009800113300000382940705
B1141364549316N01146289EA009810113400000412940705
B1141374549322N01146285EA009830113600000423280705
B1141384549328N01146283EA009850113700000413390705
B1141394549334N01146283EA009860113800000413500705
B1141404549340N01146284EA009870113900000420020705
B1141414549346N01146288EA009870113900000420140705
B1141424549351N01146293EA009880113900000430250705
B1141434549356N01146300EA009890114000000430360705
B1141444549360N01146307EA009900114100000410450751
B1141454549363N01146314EA009910114300000410540723
B1141464549364N01146322EA009920114400000370630723
B1141474549366N01146330EA009940114600000370720723
B1141484549366N01146338EA009960114800000370830723
B1141494549365N01146346EA009970115100000370940723
B1141504549363N01146353EA010000115300000331030723
B1141514549360N01146358EA010030115700000331120723
B1141524549358N01146362EA010050116000000241260647
B1141534549354N01146364EA010080116300000241400647
B1141544549351N01146364EA010110116600000221610647
B1141554549348N01146363EA010140116900000221820647
B1141564549345N01146359EA010170117100000242050673
B1141574549343N01146354EA010190117400000242280673
B1141584549343N01146349EA010220117700000262460673
B1141594549343N01146343EA010240117900000262640673
B1142004549345N01146336EA010260118000000342780673
B1142014549348N01146329EA010270118100000342920673
B1142024549351N01146324EA010280118200000373040673
B1142034549356N01146319EA010300118400000373160673
B1142044549361N01146316EA010320118500000383290723
B1142054549367N01146316EA010330118600000383420723
B1142064549373N01146317EA010340118600000423550723
B1142074549379N01146320EA010350118700000420080723
B1142084549385N01146325EA010350118700000450210723
B1142094549390N01146331EA010360118700000450340723
B1142104549395N01146337EA010360118900000410390723
B1142114549399N01146343EA010380119100000410440723
B1142124549404N01146349EA010400119300000410410723
B1142134549409N01146356EA010410119500000410380780
B1142144549414N01146364EA010430119600000520430739
B1142154549419N01146372EA010440119700000520480739
B1142164549424N01146381EA010460119900000510500739
B1142174549429N01146389EA010480120100000510500739
B1142184549434N01146397EA010500120400000460480739
B1142194549439N01146404EA010520120700000460460739
B1142204549444N01146412EA010540120800000490460702
B1142214549449N01146419EA010560121100000490460702
B1142224549455N01146427EA010580121200000500440702
B1142234549460N01146435EA010600121300000500420693
B1142244549464N01146443EA010600121300000490470693
B1142254549468N01146452EA010600121100000480520693
B1142264549472N01146461EA010590121000000470600693
B1142274549476N01146468EA010580120900000470560643
B1142284549481N01146475EA010560120700000440480643
B1142294549486N01146481EA010550120500000440400643
B1142304549490N01146489EA010520120200000450440643
B1142314549495N01146497EA010490119800000450480643
B1142324549499N01146506EA010450119300000530520643
B1142334549504N01146515EA010410118800000560520599
B1142344549509N01146525EA010380118400000570520588
B1142354549514N01146535EA010340118100000560520588
B1142364549519N01146545EA010310117800000540560588
B1142374549523N01146555EA010290117600000520580588
B1142384549527N01146564EA010260117300000520580541
B1142394549532N01146573EA010230117000000540540541
B1142404549537N01146583EA010200116700000550520541
B1142414549542N01146592EA010180116400000550500541
B1142424549547N01146602EA010150116200000540520541
B1142434549552N01146611EA010130116100000530540541
B1142444549556N01146620EA010120116000000510540541
B1142454549561N01146629EA010100115800000510540603
B1142464549565N01146639EA010090115700000520560603
B1142474549569N01146649EA010080115600000540580603
B1142484549573N01146660EA010060115400000560600603
B1142494549576N01146671EA010050115300000570620640
B1142504549580N01146682EA010050115300000560640640
B1142514549583N01146693EA010040115300000530660640
B1142524549586N01146703EA010030115200000510640640
B1142534549590N01146713EA010020115200000510620666
B1142544549594N01146723EA010020115000000530600666
B1142554549598N01146733EA010010114900000540600666
B1142564549601N01146743EA009990114700000530620666
B1142574549605N01146754EA009980114600000530620666
B1142584549609N01146763EA009970114400000530600749
B1142594549613N01146773EA009950114200000540580749
B1143004549617N01146784EA009940114000000560580749
B1143014549621N01146795EA009920113800000560600749
B1143024549624N01146806EA009910113700000560640749
B1143034549627N01146817EA009900113600000530680756
B1143044549630N01146827EA009890113600000490700756
B1143054549633N01146836EA009890113700000450680756
B1143064549636N01146844EA009900113800000450620756
B1143074549640N01146852EA009900113800000450560756
B1143084549645N01146860EA009910113800000490520756
B1143094549650N01146868EA009900113800000490480765
B1143104549655N01146876EA009900113800000500460765
B1143114549660N01146883EA009910113800000500440832
B1143124549666N01146891EA009910113800000490420832
B1143134549672N01146897EA009910113900000490400832
B1143144549678N01146903EA009910113900000500370832
B1143154549684N01146909EA009910113900000500340832
B1143164549690N01146915EA009910113900000500330828
B1143174549697N01146921EA009910113900000500320828
B1143184549703N01146927EA009910113900000510320828
B1143194549710N01146933EA009910113900000510320864
B1143204549716N01146939EA009910113900000510320864
B1143214549722N01146945EA009910114000000510320864
B1143224549728N01146952EA009910114000000500360864
B1143234549734N01146959EA009920114100000500400864
B1143244549739N01146966EA009930114200000490400853
B1143254549745N01146973EA009930114300000490400853
B1143264549750N01146979EA009930114300000450400853
B1143274549755N01146986EA009940114400000450400853
B1143284549760N01146994EA009940114300000490440876
B1143294549765N01147002EA009940114300000490480876
B1143304549769N01147010EA009940114400000470490876
B1143314549773N01147018EA009940114400000470500858
B1143324549776N01147026EA009950114600000400570858
B1143334549778N01147033EA009960114700000400640858
B1143344549777N01147041EA009970114800000370820858
B1143354549775N01147048EA009970114700000371000858
B1143364549772N01147052EA009960114600000281230858
B1143374549768N01147053EA009960114500000281460858
B1143384549765N01147052EA009950114400000261760858
B1143394549762N01147047EA009930114200000262060858
B1143404549761N01147040EA009920114000000322360858
B1143414549763N01147033EA009900113900000322660858
B1143424549766N01147027EA009900113900000352910858
B1143434549771N01147024EA009890114000000353160858
B1143444549777N01147024EA009890114000000423380858
B1143454549783N01147026EA009890113700000420000858
B1143464549790N01147029EA009880113500000490110858
B1143474549797N01147034EA009860113300000490220858
B1143484549804N01147040EA009850113100000530260858
B1143494549810N01147046EA009840113000000530300883
B1143504549816N01147052EA009830113000000450310883
B1143514549821N01147057EA009820113100000450320883
B1143524549826N01147061EA009820113100000350320867
B1143534549830N01147066EA009820113000000350320867
B1143544549835N01147071EA009810112800000390340867
B1143554549840N01147076EA009790112600000390360867
B1143564549845N01147083EA009770112400000470380867
B1143574549850N01147089EA009760112300000470400867
B1143584549854N01147096EA009750112400000370430867
B1143594549858N01147100EA009750112500000370460867
B1144004549862N01147105EA009760112600000340410891
B1144014549866N01147110EA009760112600000340360891
B1144024549870N01147117EA009760112500000410420868
B1144034549875N01147124EA009750112200000410480868
B1144044549879N01147132EA009740112000000470490868
B1144054549884N01147139EA009730111900000470500868
B1144064549888N01147146EA009720112000000410500868
B1144074549892N01147153EA009720112000000410500868
B1144084549895N01147160EA009720112000000400520868
B1144094549899N01147167EA009720112100000400540849
B1144104549902N01147175EA009720112100000400570849
B1144114549904N01147183EA009720112100000400600849
B1144124549907N01147190EA009720112100000370630849
B1144134549909N01147197EA009730112300000370660882
B1144144549910N01147204EA009730112300000320680882
B1144154549912N01147211EA009730112300000320700861
B1144164549913N01147218EA009730112200000370700861
B1144174549916N01147226EA009710111900000370700861
B1144184549919N01147235EA009690111600000450660861
B1144194549922N01147243EA009670111300000450620861
B1144204549925N01147251EA009650111100000430620861
B1144214549928N01147259EA009630110900000430620861
B1144224549931N01147267EA009610110700000420620843
B1144234549934N01147275EA009590110500000420620843
B1144244549936N01147284EA009570110200000420620843
B1144254549939N01147292EA009540110000000420660843
B1144264549941N01147300EA009520109700000410640843
B1144274549944N01147307EA009490109400000410620843
B1144284549948N01147315EA009460109100000400600824
B1144294549951N01147323EA009430108700000400580824
B1144304549954N01147332EA009400108400000490620824
B1144314549957N01147342EA009370108100000500640824
B1144324549960N01147352EA009350107900000470660840
B1144334549962N01147361EA009330107800000440660821
B1144344549964N01147370EA009320107800000440680821
B1144354549966N01147379EA009320107600000460720821
B1144364549968N01147389EA009300107400000490760821
B1144374549970N01147399EA009280107200000500760821
B1144384549973N01147409EA009270107100000490720821
B1144394549976N01147419EA009260107000000480680825
B1144404549979N01147428EA009250106900000490640825
B1144414549982N01147438EA009240106900000500640825
B1144424549984N01147448EA009240107000000480660825
B1144434549986N01147457EA009250107200000400700825
B1144444549988N01147464EA009270107400000320730827
B1144454549989N01147470EA009280107600000320760827
B1144464549990N01147477EA009290107500000310760827
B1144474549991N01147484EA009290107400000310760827
B1144484549992N01147493EA009280107100000430760827
B1144494549993N01147502EA009260106900000430780827
B1144504549995N01147511EA009240106800000390800825
B1144514549997N01147518EA009230106800000390740825
B1144524549999N01147525EA009220106700000340660825
B1144534550002N01147531EA009210106600000340580825
B1144544550004N01147537EA009200106300000320600825
B1144554550006N01147543EA009180106000000320620825
B1144564550008N01147549EA009150105700000310620825
B1144574550010N01147556EA009130105400000310620858
B1144584550013N01147563EA009100105000000360650844
B1144594550015N01147571EA009060104600000360680844
B1145004550016N01147579EA009030104200000430700844
B1145014550018N01147588EA009000103900000380720844
B1145024550020N01147595EA008970103800000350690844
B1145034550023N01147602EA008950103600000350660844
B1145044550025N01147609EA008930103400000380650844
B1145054550028N01147617EA008910103100000380640832
B1145064550030N01147626EA008890102900000450660832
B1145074550033N01147634EA008870102800000450640832
B1145084550036N01147642EA008860102800000380620832
B1145094550038N01147649EA008860102900000380600832
B1145104550039N01147655EA008860103000000260730832
B1145114550038N01147660EA008860103000000260860832
B1145124550036N01147665EA008850102800000291060818
B1145134550032N01147669EA008850102700000291260818
B1145144550028N01147672EA008840102600000291420818
B1145154550024N01147671EA008830102600000291680818
B1145164550021N01147667EA008830102600000271940818
B1145174550018N01147662EA008820102600000272200818
B1145184550018N01147656EA008820102500000322450832
B1145194550019N01147648EA008800102300000392700832
B1145204550024N01147641EA008770101900000472920832
B1145214550030N01147635EA008750101600000473140832
B1145224550037N01147630EA008720101300000533270832
B1145234550045N01147628EA008710101200000493400832
B1145244550052N01147626EA008700101100000463460832
B1145254550059N01147626EA008690101100000463520856
B1145264550066N01147627EA008690101000000473590856
B1145274550073N01147628EA008670100800000470060856
B1145284550080N01147631EA008660100700000490090856
B1145294550087N01147634EA008650100600000490120856
B1145304550093N01147638EA008640100600000440190856
B1145314550098N01147643EA008640100500000440260856
B1145324550103N01147649EA008630100500000400320856
B1145334550108N01147654EA008630100400000400380856
B1145344550112N01147661EA008620100300000400420867
B1145354550116N01147667EA008620100200000400460867
B1145364550120N01147675EA008620100100000430490867
B1145374550124N01147682EA008620100100000430520867
B1145384550127N01147690EA008620100200000400540867
B1145394550130N01147697EA008630100400000400560867
B1145404550132N01147703EA008630100400000310630867
B1145414550133N01147710EA008630100400000310700867
B1145424550132N01147716EA008620100300000320850852
B1145434550130N01147723EA008610100000000321000852
B1145444550127N01147729EA008600099800000371160852
B1145454550123N01147734EA008580099700000371320852
B1145464550119N01147737EA008580099700000291470852
B1145474550115N01147737EA008580099800000291620852
B1145484550111N01147735EA008580099800000231840852
B1145494550109N01147732EA008570099700000232060852
B1145504550106N01147728EA008560099500000272160817
B1145514550103N01147723EA008540099400000272260817
B1145524550101N01147717EA008520099200000322340817
B1145534550100N01147710EA008510099100000322420838
B1145544550101N01147702EA008500099100000382620838
B1145554550104N01147695EA008490098900000382860838
B1145564550110N01147689EA008480098800000483080867
B1145574550117N01147686EA008470098700000483300867
B1145584550124N01147685EA008460098600000473440867
B1145594550131N01147686EA008450098600000473580867
B1146004550138N01147688EA008440098500000460050867
B1146014550145N01147691EA008440098400000460120867
B1146024550152N01147694EA008430098300000530150867
B1146034550160N01147698EA008410098200000540180894
B1146044550167N01147703EA008410098100000500200894
B1146054550173N01147708EA008410098200000500220894
B1146064550179N01147714EA008410098200000460320882
B1146074550183N01147721EA008410098200000460420882
B1146084550187N01147729EA008400098100000410490882
B1146094550190N01147736EA008390098000000410560882
B1146104550194N01147744EA008380097900000430540882
B1146114550198N01147752EA008370097700000430520882
B1146124550203N01147760EA008360097500000530510882
B1146134550209N01147770EA008350097300000570500900
B1146144550214N01147778EA008340097200000550500900
B1146154550220N01147786EA008340097300000500440900
B1146164550225N01147794EA008340097400000470470900
B1146174550229N01147802EA008360097700000470500900
B1146184550233N01147811EA008370097800000440560865
B1146194550236N01147819EA008380098000000440580865
B1146204550238N01147826EA008390098100000370630865
B1146214550239N01147833EA008390098200000370680865
B1146224550240N01147840EA008400098300000330790865
B1146234550239N01147848EA008400098400000330900865
B1146244550238N01147854EA008410098500000310960865
B1146254550237N01147861EA008410098500000311020811
B1146264550234N01147866EA008420098600000301130811
B1146274550231N01147871EA008430098700000301240811
B1146284550228N01147876EA008430098700000301270811
B1146294550225N01147881EA008440098900000301300811
B1146304550222N01147886EA008450099000000291280811
B1146314550219N01147890EA008460099100000291260811
B1146324550216N01147893EA008470099200000241420811
B1146334550213N01147893EA008480099400000241580811
B1146344550210N01147892EA008490099500000191780811
B1146354550208N01147889EA008490099600000191980770
B1146364550207N01147884EA008490099500000281980770
B1146374550209N01147876EA008480099400000382700811
B1146384550214N01147869EA008470099200000482930811
B1146394550221N01147864EA008470099100000483160811
B1146404550229N01147861EA008460099000000563360811
B1146414550237N01147861EA008460099100000523500811
B1146424550244N01147863EA008470099300000460010811
B1146434550250N01147867EA008480099400000460120811
B1146444550255N01147872EA008490099500000430260811
B1146454550259N01147880EA008510099600000430400858
B1146464550263N01147888EA008520099800000430490858
B1146474550265N01147896EA008540100100000430580858
B1146484550268N01147903EA008560100400000350650858
B1146494550268N01147910EA008580100700000350720858
B1146504550267N01147916EA008600100900000330880809
B1146514550265N01147922EA008620100900000331040809
B1146524550262N01147927EA008640101000000271230809
B1146534550259N01147927EA008650101100000271420809
B1146544550256N01147923EA008660101200000271910756
B1146554550256N01147916EA008660101200000272400756
B1146564550259N01147908EA008650101100000452780858
B1146574550265N01147902EA008660101200000453060858
B1146584550273N01147900EA008660101200000533300858
B1146594550281N01147900EA008680101400000493520858
B1147004550287N01147902EA008700101800000400020858
B1147014550292N01147904EA008730102100000400120858
B1147024550297N01147908EA008760102400000330190858
B1147034550301N01147912EA008780102500000330260809
B1147044550306N01147917EA008800102600000410340809
B1147054550310N01147924EA008810102600000410420858
B1147064550312N01147932EA008820102700000370580858
B1147074550311N01147940EA008820102600000370740858
B1147084550309N01147946EA008810102500000341020858
B1147094550304N01147948EA008810102500000341300809
B1147104550300N01147947EA008800102500000301680809
B1147114550298N01147941EA008790102400000302060809
B1147124550300N01147933EA008790102300000432580809
B1147134550306N01147926EA008780102100000433000809
B1147144550313N01147922EA008770102300000503190858
B1147154550319N01147919EA008790102600000503380858
B1147164550325N01147918EA008810103000000353440858
B1147174550330N01147916EA008830103200000353500858
B1147184550335N01147915EA008850103200000383500858
B1147194550341N01147914EA008850103100000383500858
B1147204550348N01147914EA008850103000000453560858
B1147214550354N01147916EA008840102900000450020858
B1147224550361N01147918EA008830102700000440090892
B1147234550367N01147921EA008820102500000440160892
B1147244550374N01147925EA008810102400000460180892
B1147254550381N01147929EA008790102300000460200892
B1147264550388N01147933EA008770102100000490200892
B1147274550395N01147937EA008760101900000490200892
B1147284550402N01147942EA008740101700000510210892
B1147294550409N01147946EA008730101800000510220931
B1147304550416N01147949EA008720101700000470190931
B1147314550422N01147953EA008710101600000470160931
B1147324550428N01147957EA008700101500000440210931
B1147334550434N01147962EA008690101300000440260895
B1147344550439N01147969EA008680101100000500320895
B1147354550445N01147976EA008670100900000500380895
B1147364550451N01147982EA008660100900000490360895
B1147374550457N01147988EA008660100900000490340895
B1147384550462N01147994EA008660101000000420340897
B1147394550466N01148000EA008660101000000420400897
B1147404550470N01148008EA008660101000000420490897
B1147414550473N01148016EA008660101000000420580853
B1147424550477N01148023EA008660101000000410560853
B1147434550480N01148030EA008660101000000410540853
B1147444550484N01148036EA008670101100000370520853
B1147454550487N01148043EA008660101000000370500853
B1147464550490N01148049EA008660100800000360560853
B1147474550492N01148057EA008650100700000360620853
B1147484550494N01148064EA008630100500000360680823
B1147494550495N01148071EA008610100300000360740823
B1147504550497N01148079EA008600100100000350730823
B1147514550499N01148086EA008580099800000350720823
B1147524550500N01148093EA008560099600000350730823
B1147534550502N01148101EA008540099400000350740823
B1147544550503N01148108EA008510099100000360750823
B1147554550504N01148116EA008490098800000360760802
B1147564550504N01148123EA008460098600000330820802
B1147574550504N01148130EA008440098400000330880802
B1147584550504N01148136EA008420098200000300890802
B1147594550504N01148143EA008400097800000300900802
B1148004550505N01148151EA008370097400000380850802
B1148014550506N01148160EA008330096900000430800766
B1148024550507N01148169EA008300096500000430800766
B1148034550506N01148178EA008260096200000390880766
B1148044550505N01148185EA008230096000000340980766
B1148054550505N01148192EA008220096000000340980766
B1148064550506N01148198EA008200095800000320860766
B1148074550508N01148205EA008190095600000320740736
B1148084550511N01148213EA008180095300000430660706
B1148094550515N01148221EA008160095100000430580706
B1148104550519N01148229EA008140094900000460520706
B1148114550524N01148236EA008120094700000460460706
B1148124550529N01148243EA008110094600000430470706
B1148134550533N01148251EA008090094400000430480706
B1148144550537N01148259EA008080094200000450510706
B1148154550541N01148267EA008060094100000450540680
B1148164550545N01148275EA008050093900000470530680
B1148174550549N01148283EA008050093900000470520680
B1148184550553N01148290EA008040093900000410510680
B1148194550557N01148296EA008040093900000410500680
B1148204550561N01148303EA008040093900000380500694
B1148214550565N01148309EA008030093800000380500694
B1148224550568N01148316EA008020093600000420520682
B1148234550572N01148324EA008000093400000420540682
B1148244550576N01148333EA007980093100000470560682
B1148254550579N01148341EA007960092900000470580682
B1148264550583N01148350EA007940092700000430580682
B1148274550586N01148357EA007920092500000430580682
B1148284550589N01148365EA007900092200000420570716
B1148294550593N01148372EA007880092000000420560716
B1148304550596N01148380EA007850091700000390570716
B1148314550599N01148387EA007830091400000390580716
B1148324550601N01148394EA007800091100000340620716
B1148334550602N01148401EA007770090800000340660716
B1148344550604N01148408EA007740090500000350710716
B1148354550605N01148416EA007710090100000350760740
B1148364550605N01148423EA007680089900000340790740
B1148374550606N01148430EA007650089600000340820740
B1148384550606N01148437EA007620089400000330880740
B1148394550605N01148444EA007600089200000330940740
B1148404550604N01148452EA007580089000000340960740
B1148414550603N01148459EA007550088800000340980740
B1148424550603N01148466EA007540088700000330950747
B1148434550602N01148473EA007520088500000330920747
B1148444550601N01148479EA007510088400000310980747
B1148454550600N01148486EA007490088200000311040747
B1148464550598N01148492EA007480088000000301060747
B1148474550597N01148498EA007460087800000301080747
B1148484550596N01148505EA007440087600000321050747
B1148494550595N01148512EA007420087400000321020753
B1148504550594N01148519EA007390087200000321030753
B1148514550592N01148525EA007360086900000321040753
B1148524550591N01148532EA007340086700000321070753
B1148534550589N01148538EA007320086600000321100753
B1148544550587N01148544EA007310086500000291130753
B1148554550585N01148549EA007300086300000291160753
B1148564550583N01148555EA007280086100000281170753
B1148574550580N01148560EA007260085900000281180746
B1148584550578N01148567EA007240085600000331160746
B1148594550576N01148573EA007210085300000331140746
B1149004550574N01148579EA007190085000000331170746
B1149014550571N01148585EA007160084700000331200746
B1149024550569N01148592EA007130084400000341190746
B1149034550566N01148599EA007100084100000341180746
B1149044550564N01148606EA007070083800000371180746
B1149054550561N01148613EA007050083600000371160698
B1149064550559N01148620EA007040083600000361150698
B1149074550557N01148627EA007020083500000361140699
B1149084550554N01148634EA007010083500000321150699
B1149094550552N01148640EA006990083400000321160699
B1149104550550N01148647EA006970083200000371140699
B1149114550548N01148655EA006960083100000371120699
B1149124550546N01148663EA006940082900000351090654
B1149134550545N01148670EA006930082900000351060654
B1149144550543N01148676EA006920082900000311050654
B1149154550542N01148683EA006910082800000311040654
B1149164550541N01148690EA006900082700000341030654
B1149174550540N01148697EA006890082500000341020654
B1149184550538N01148705EA006870082300000341050654
B1149194550536N01148711EA006860082200000341080624
B1149204550535N01148717EA006850082100000291100624
B1149214550533N01148723EA006840082000000291120624
B1149224550531N01148728EA006820081800000281120624
B1149234550529N01148734EA006810081600000281120624
B1149244550527N01148741EA006780081300000371150624
B1149254550524N01148748EA006770081100000371180624
B1149264550521N01148755EA006750080900000361180624
B1149274550518N01148761EA006740080800000361180586
B1149284550515N01148767EA006730080800000311230586
B1149294550512N01148772EA006720080700000311280586
B1149304550508N01148778EA006710080600000371280586
B1149314550505N01148785EA006700080400000371280582
B1149324550503N01148793EA006690080500000401180582
B1149334550501N01148801EA006690080500000401080582
B1149344550499N01148807EA006700080700000321110582
B1149354550497N01148813EA006710080800000321140561
B1149364550496N01148820EA006720080900000351100561
B1149374550495N01148829EA006730081000000411060561
B1149384550494N01148838EA006730081000000450980561
B1149394550494N01148848EA006740081100000450940561
B1149404550494N01148857EA006750081300000420900561
B1149414550494N01148866EA006760081500000390860551
B1149424550495N01148874EA006780081700000390850551
B1149434550495N01148883EA006800081900000390840551
B1149444550495N01148891EA006810082000000370890551
B1149454550494N01148899EA006820082100000370940551
B1149464550492N01148906EA006830082200000341030551
B1149474550489N01148912EA006840082300000341120539
B1149484550487N01148919EA006850082300000341170539
B1149494550484N01148924EA006860082500000341220539
B1149504550480N01148929EA006880082700000291300539
B1149514550477N01148932EA006890082900000291380539
B1149524550472N01148933EA006910083000000301540539
B1149534550468N01148933EA006920083100000301700539
B1149544550463N01148933EA006940083300000281700539
B1149554550459N01148933EA006960083600000221820539
B1149564550457N01148931EA006990083900000211950531
B1149574550454N01148927EA007010084100000212080531
B1149584550452N01148922EA007030084300000292230531
B1149594550450N01148915EA007050084300000292380531
B1150004550450N01148908EA007060084400000362550538
B1150014550451N01148900EA007070084600000402720538
B1150024550455N01148893EA007090084900000422910538
B1150034550460N01148888EA007110085000000423100551
B1150044550465N01148885EA007130085300000343260551
B1150054550470N01148884EA007150085500000343420551
B1150064550475N01148884EA007170085600000363550551
B1150074550481N01148887EA007180085700000360080551
B1150084550486N01148891EA007190085700000430190551
B1150094550491N01148897EA007200085700000430300551
B1150104550495N01148904EA007210085900000420430551
B1150114550498N01148913EA007230086000000410560539
B1150124550499N01148921EA007230086100000390700539
B1150134550498N01148929EA007240086300000390840539
B1150144550496N01148936EA007250086400000351020539
B1150154550492N01148941EA007260086500000351200539
B1150164550488N01148946EA007280086600000331330539
B1150174550484N01148948EA007290086800000331460539
B1150184550480N01148950EA007310087100000241580539
B1150194550477N01148950EA007330087300000241700539
B1150204550474N01148949EA007350087500000231820539
B1150214550470N01148946EA007370087700000231940539
B1150224550467N01148943EA007390087900000272030539
B1150234550464N01148940EA007410088200000272120539
B1150244550461N01148937EA007430088500000222210539
B1150254550460N01148932EA007450088600000222300539
B1150264550459N01148926EA007460088700000282450539
B1150274550459N01148920EA007470088800000282600539
B1150284550460N01148913EA007480088800000332760539
B1150294550463N01148907EA007490088900000332920551
B1150304550468N01148902EA007500089000000413100551
B1150314550474N01148898EA007510089000000413280551
B1150324550480N01148895EA007520089200000403340551
B1150334550485N01148893EA007540089500000403400551
B1150344550490N01148891EA007560089700000353440551
B1150354550496N01148890EA007580089800000353480551
B1150364550502N01148890EA007590089900000403540551
B1150374550508N01148891EA007610090000000400000558
B1150384550514N01148893EA007620090100000410070558
B1150394550520N01148896EA007640090300000410140558
B1150404550524N01148900EA007650090500000370240558
B1150414550528N01148906EA007670090700000370340558
B1150424550530N01148913EA007690090800000350520552
B1150434550531N01148920EA007700090900000350700552
B1150444550530N01148927EA007710091100000300890552
B1150454550527N01148932EA007730091300000301080552
B1150464550525N01148936EA007750091500000251220552
B1150474550522N01148940EA007760091700000251360552
B1150484550518N01148943EA007780091900000261410552
B1150494550515N01148945EA007790092000000261460552
B1150504550511N01148946EA007810092100000281590552
B1150514550507N01148946EA007820092300000281720539
B1150524550503N01148945EA007840092500000251830539
B1150534550500N01148942EA007860092800000251940539
B1150544550497N01148939EA007890093100000232130539
B1150554550495N01148934EA007910093400000232320539
B1150564550494N01148928EA007930093500000282420539
B1150574550493N01148922EA007940093500000282520539
B1150584550494N01148914EA007950093600000362660539
B1150594550496N01148907EA007960093600000362800551
B1151004550498N01148900EA007970093800000322870551
B1151014550500N01148894EA007980094000000322940551
B1151024550501N01148889EA008000094100000282920551
B1151034550503N01148883EA008000094100000282900551
B1151044550506N01148877EA008010094100000352980551
B1151054550510N01148871EA008000094000000353060558
B1151064550515N01148866EA008000093900000433180558
B1151074550522N01148863EA008000093800000433300558
B1151084550529N01148861EA008010093900000493420558
B1151094550536N01148861EA008020094100000493540558
B1151104550542N01148864EA008040094300000410040558
B1151114550548N01148867EA008060094600000410140558
B1151124550552N01148872EA008080094900000350300558
B1151134550555N01148879EA008100095100000350460558
B1151144550556N01148886EA008120095200000360590558
B1151154550557N01148894EA008130095400000360720558
B1151164550557N01148902EA008150095600000360840558
B1151174550556N01148909EA008170095800000360960558
B1151184550554N01148916EA008190096100000321050552
B1151194550551N01148921EA008220096500000321140552
B1151204550548N01148924EA008250096800000241330552
B1151214550545N01148925EA008270097100000241520552
B1151224550541N01148924EA008300097400000211740552
B1151234550539N01148921EA008320097600000211960552
B1151244550538N01148916EA008330097800000282240552
B1151254550537N01148909EA008350097800000282520558
B1151264550539N01148902EA008360097900000342690558
B1151274550541N01148895EA008370098000000342860558
B1151284550545N01148889EA008380098100000372990558
B1151294550549N01148883EA008390098200000373120558
B1151304550554N01148878EA008410098400000443190558
B1151314550560N01148874EA008430098600000443260568
B1151324550567N01148871EA008450098800000433370568
B1151334550573N01148871EA008470099100000433480568
B1151344550579N01148873EA008490099300000390020568
B1151354550584N01148877EA008520099600000390160568
B1151364550589N01148881EA008540099900000370250568
B1151374550593N01148886EA008560100200000370340568
B1151384550597N01148892EA008590100400000350410568
B1151394550600N01148898EA008610100600000350480568
B1151404550602N01148905EA008630100800000360560568
B1151414550604N01148912EA008650101100000360640577
B1151424550606N01148920EA008670101400000390670577
B1151434550608N01148927EA008700101700000390700610
B1151444550608N01148934EA008730102100000300760610
B1151454550609N01148940EA008760102400000300820610
B1151464550609N01148946EA008780102700000250830610
B1151474550609N01148951EA008810102900000250840610
B1151484550608N01148955EA008830103100000230940610
B1151494550607N01148960EA008840103200000231040581
B1151504550604N01148965EA008850103200000271160581
B1151514550601N01148969EA008870103400000271280581
B1151524550599N01148974EA008880103500000301250581
B1151534550596N01148980EA008900103800000301220581
B1151544550594N01148985EA008920104000000291180581
B1151554550593N01148991EA008940104300000291140581
B1151564550591N01148997EA008960104500000291140581
B1151574550589N01149002EA008980104600000281120581
B1151584550587N01149008EA008990104800000291160581
B1151594550584N01149013EA009010104800000291200576
B1152004550580N01149019EA009020104900000351260576
B1152014550577N01149024EA009030105000000351320576
B1152024550573N01149028EA009040105200000281350576
B1152034550570N01149031EA009060105500000281380576
B1152044550567N01149034EA009090105800000211440576
B1152054550565N01149035EA009110105900000211500576
B1152064550562N01149035EA009120106100000191640576
B1152074550559N01149034EA009130106100000191780576
B1152084550556N01149030EA009140106200000272030545
B1152094550554N01149024EA009140106200000272280545
B1152104550552N01149017EA009150106300000342410545
B1152114550552N01149010EA009160106400000342540545
B1152124550552N01149004EA009180106600000292640547
B1152134550553N01148998EA009190106800000292740547
B1152144550555N01148992EA009200106900000312860547
B1152154550558N01148986EA009210106900000312980581
B1152164550563N01148979EA009220106900000453090581
B1152174550569N01148974EA009220106900000453200581
B1152184550576N01148972EA009240107000000453340581
B1152194550583N01148971EA009260107300000453480581
B1152204550589N01148973EA009280107500000410010581
B1152214550594N01148977EA009300107700000410140581
B1152224550599N01148982EA009310107800000400260581
B1152234550604N01148988EA009320107800000400380581
B1152244550607N01148996EA009320107700000430500581
B1152254550609N01149005EA009320107800000420620606
B1152264550609N01149013EA009330108000000350800596
B1152274550607N01149019EA009350108200000350980576
B1152284550604N01149021EA009370108500000221270576
B1152294550601N01149021EA009390108700000221560576
B1152304550598N01149019EA009400108800000211830576
B1152314550596N01149016EA009410109000000212100576
B1152324550594N01149011EA009420109000000252310576
B1152334550594N01149005EA009430109100000252520581
B1152344550594N01148998EA009440109200000322650581
B1152354550595N01148991EA009440109300000322780581
B1152364550597N01148984EA009450109400000352850581
B1152374550600N01148977EA009460109400000352920581
B1152384550604N01148970EA009470109400000443020581
B1152394550610N01148963EA009470109500000443120606
B1152404550616N01148958EA009480109600000463210610
B1152414550622N01148955EA009500109700000463300610
B1152424550629N01148953EA009510109900000473400610
B1152434550636N01148952EA009540110100000473500610
B1152444550642N01148954EA009560110400000420000610
B1152454550648N01148956EA009580110600000420100610
B1152464550654N01148961EA009600110800000430200606
B1152474550659N01148967EA009610110800000430300627
B1152484550663N01148974EA009620110900000410440627
B1152494550665N01148982EA009630111000000410580627
B1152504550665N01148989EA009630111100000360740627
B1152514550664N01148996EA009640111200000360900627
B1152524550662N01149001EA009660111400000261080627
B1152534550659N01149004EA009680111600000261260627
B1152544550657N01149005EA009690111800000181510606
B1152554550654N01149003EA009710112000000181760606
B1152564550651N01149000EA009720112100000241990606
B1152574550649N01148996EA009720112100000242220606
B1152584550648N01148989EA009720112100000322440606
B1152594550649N01148981EA009730112200000372660606
B1153004550651N01148974EA009740112200000402790606
B1153014550654N01148966EA009750112400000392920606
B1153024550656N01148959EA009770112700000362940610
B1153034550659N01148952EA009790113000000362960631
B1153044550662N01148946EA009810113200000372990631
B1153054550666N01148939EA009830113400000373020631
B1153064550671N01148932EA009850113600000463110631
B1153074550677N01148927EA009870113700000463200631
B1153084550685N01148926EA009890113900000533360631
B1153094550692N01148928EA009910114100000533540631
B1153104550698N01148933EA009940114400000450170631
B1153114550701N01148940EA009970114800000450400631
B1153124550702N01148947EA009990115100000310680631
B1153134550700N01148952EA010020115400000310960631
B1153144550696N01148953EA010050115700000261340631
B1153154550692N01148951EA010080116000000261720631
B1153164550689N01148946EA010100116300000332020631
B1153174550687N01148939EA010130116600000332320631
B1153184550687N01148931EA010160116900000402560631
B1153194550690N01148923EA010190117200000422780631
B1153204550695N01148917EA010210117500000463020631
B1153214550702N01148914EA010240117700000463260631
B1153224550710N01148913EA010260117800000513420653
B1153234550717N01148914EA010280118000000513580653
B1153244550723N01148918EA010310118300000450120653
B1153254550728N01148924EA010330118500000450260653
B1153264550732N01148930EA010350118700000370390653
B1153274550735N01148937EA010370119000000370520653
B1153284550735N01148943EA010400119300000310700653
B1153294550734N01148949EA010420119500000310880653
B1153304550733N01148953EA010450119900000201060653
B1153314550730N01148955EA010480120300000201240653
B1153324550727N01148956EA010510120600000211480653
B1153334550724N01148956EA010530120800000211720653
B1153344550720N01148952EA010550121000000331950653
B1153354550717N01148945EA010580121100000332180653
B1153364550716N01148936EA010610121200000452420653
B1153374550717N01148926EA010630121500000472640653
B1153384550721N01148918EA010640121800000472860653
B1153394550726N01148911EA010670122100000473080653
B1153404550733N01148905EA010690122400000503190672
B1153414550739N01148901EA010720122700000503300672
B1153424550746N01148899EA010740123000000473400672
B1153434550753N01148899EA010760123200000473500672
B1153444550761N01148900EA010770123400000500000701
B1153454550768N01148903EA010790123500000500100701
B1153464550775N01148908EA010800123500000520190701
B1153474550781N01148915EA010820123700000520280681
B1153484550786N01148922EA010850124000000430400681
B1153494550789N01148929EA010870124300000430520681
B1153504550791N01148936EA010890124600000340610681
B1153514550792N01148943EA010920124800000340700681
B1153524550792N01148950EA010940125000000310770681
B1153534550793N01148956EA010960125300000310840681
B1153544550792N01148962EA010990125600000270920670
B1153554550791N01148967EA011010125800000271000670
B1153564550788N01148971EA011040126000000241210670
B1153574550784N01148973EA011060126200000241420670
B1153584550779N01148973EA011080126400000321420670
B1153594550775N01148971EA011100126600000321840670
B1154004550771N01148967EA011130126900000312010670
B1154014550768N01148961EA011140127100000312180670
B1154024550766N01148954EA011160127300000382360681
B1154034550765N01148945EA011180127500000412540681
B1154044550766N01148936EA011200127700000432660681
B1154054550769N01148927EA011220128000000472820681
B1154064550774N01148920EA011240128200000503000681
B1154074550781N01148914EA011260128300000503180681
B1154084550788N01148910EA011280128500000533310681
B1154094550796N01148908EA011300128700000503440701
B1154104550803N01148909EA011330129000000483570701
B1154114550810N01148913EA011350129200000480100707
B1154124550816N01148919EA011360129300000480240707
B1154134550821N01148926EA011380129400000480380707
B1154144550824N01148935EA011390129600000460500707
B1154154550827N01148944EA011400129800000410600707
B1154164550828N01148952EA011420130000000370700707
B1154174550828N01148959EA011440130300000370800707
B1154184550828N01148965EA011450130400000280920714
B1154194550826N01148971EA011470130600000281040714
B1154204550823N01148976EA011480130600000311150714
B1154214550820N01148981EA011500130700000311260714
B1154224550816N01148984EA011510130900000301380714
B1154234550812N01148986EA011530131100000301500714
B1154244550807N01148985EA011550131400000301730670
B1154254550803N01148981EA011570131600000301960670
B1154264550800N01148975EA011590131700000382160670
B1154274550797N01148967EA011600131900000382360670
B1154284550796N01148960EA011610132000000362450670
B1154294550795N01148952EA011620132200000352540681
B1154304550796N01148944EA011640132400000392660681
B1154314550798N01148935EA011650132500000452800681
B1154324550802N01148926EA011670132500000492920681
B1154334550807N01148918EA011680132700000513020681
B1154344550813N01148911EA011690132900000513140707
B1154354550820N01148907EA011710133100000513260721
B1154364550827N01148905EA011730133200000503400721
B1154374550835N01148906EA011740133400000493540721
B1154384550842N01148908EA011760133600000480040721
B1154394550849N01148912EA011780133700000480140707
B1154404550855N01148916EA011790133900000460210707
B1154414550861N01148922EA011800134000000460280753
B1154424550866N01148929EA011820134100000430370753
B1154434550869N01148936EA011830134200000430460753
B1154444550871N01148943EA011850134400000330610753
B1154454550871N01148950EA011860134600000330760753
B1154464550869N01148956EA011860134700000280970753
B1154474550866N01148960EA011870134700000281180765
B1154484550862N01148963EA011880134800000301380765
B1154494550858N01148963EA011890134900000301580765
B1154504550854N01148961EA011900135100000271840714
B1154514550851N01148956EA011910135300000272100707
B1154524550850N01148949EA011920135400000372350707
B1154534550850N01148940EA011930135400000422600707
B1154544550852N01148931EA011940135500000442760707
B1154554550855N01148923EA011950135700000442880707
B1154564550860N01148915EA011960135900000473020753
B1154574550865N01148908EA011980136000000473120746
B1154584550871N01148902EA011990136200000473190746
B1154594550877N01148898EA012010136300000473260746
B1155004550883N01148894EA012020136400000473330746
B1155014550890N01148892EA012030136500000473400746
B1155024550898N01148891EA012040136500000503480746
B1155034550905N01148892EA012050136600000503580746
B1155044550912N01148896EA012060136700000460090801
B1155054550918N01148900EA012070136800000460200801
B1155064550922N01148906EA012080136900000390330801
B1155074550925N01148913EA012090137000000390460810
B1155084550927N01148920EA012090137100000350580810
B1155094550928N01148927EA012090137100000350700810
B1155104550928N01148933EA012100137100000280840810
B1155114550927N01148939EA012100137100000280980810
B1155124550925N01148944EA012110137200000251100810
B1155134550922N01148947EA012120137200000251220810
B1155144550919N01148949EA012120137300000211410810
B1155154550916N01148949EA012130137300000211600810
B1155164550913N01148945EA012130137300000261890810
B1155174550911N01148940EA012130137300000262180810
B1155184550911N01148932EA012130137300000382540810
B1155194550914N01148924EA012130137400000442820810
B1155204550920N01148918EA012130137400000503050810
B1155214550927N01148914EA012140137400000503280810
B1155224550935N01148913EA012140137400000533420810
B1155234550943N01148912EA012140137400000513540810
B1155244550950N01148913EA012160137600000493590810
B1155254550957N01148915EA012170137700000490040810
B1155264550964N01148918EA012180137800000430120887
B1155274550969N01148922EA012180137800000430200887
B1155284550973N01148929EA012180137800000400350887
B1155294550976N01148936EA012170137600000400500887
B1155304550978N01148944EA012160137500000380650887
B1155314550978N01148952EA012150137500000380800887
B1155324550976N01148958EA012150137400000300990887
B1155334550973N01148962EA012140137300000301180875
B1155344550969N01148963EA012130137200000251500875
B1155354550966N01148960EA012110137100000251820875
B1155364550964N01148954EA012100137000000342170887
B1155374550964N01148946EA012090136800000402520887
B1155384550966N01148937EA012080136700000472780887
B1155394550971N01148928EA012070136700000512940887
B1155404550976N01148920EA012080136700000503060887
B1155414550982N01148914EA012090137000000503180887
B1155424550987N01148910EA012100137200000393250887
B1155434550992N01148906EA012110137300000393320877
B1155444550998N01148903EA012120137300000403350877
B1155454551004N01148900EA012110137100000403380877
B1155464551011N01148897EA012100136800000523400934
B1155474551019N01148894EA012080136500000553420934
B1155484551027N01148892EA012060136200000543480934
B1155494551035N01148892EA012040136000000513520934
B1155504551042N01148892EA012020135900000483570934
B1155514551050N01148894EA012010135700000470020934
B1155524551056N01148895EA011990135500000450060934
B1155534551063N01148897EA011970135400000450080983
B1155544551069N01148899EA011960135200000430100983
B1155554551076N01148902EA011940135000000430120983
B1155564551082N01148904EA011920134800000440120983
B1155574551089N01148906EA011900134500000440120983
B1155584551095N01148908EA011890134300000440120983
B1155594551102N01148910EA011870134200000440120931
B1156004551108N01148913EA011850134000000430150908
B1156014551114N01148917EA011830133800000430180908
B1156024551121N01148921EA011810133600000480200908
B1156034551128N01148925EA011790133400000480220908
B1156044551134N01148928EA011780133300000450210908
B1156054551140N01148931EA011760133200000450200908
B1156064551146N01148935EA011750133000000420210908
B1156074551152N01148939EA011730132900000420220908
B1156084551158N01148943EA011720132700000430240880
B1156094551164N01148948EA011700132500000430260880
B1156104551169N01148952EA011690132400000400250880
B1156114551175N01148955EA011670132200000400240880
B1156124551180N01148960EA011650132000000410260821
B1156134551185N01148965EA011620131700000410280821
B1156144551190N01148971EA011600131400000450340821
B1156154551196N01148977EA011570131100000450400821
B1156164551201N01148983EA011540130800000460370821
B1156174551207N01148988EA011520130500000460340821
B1156184551213N01148992EA011490130200000440300781
B1156194551219N01148997EA011460130000000440260781
B1156204551224N01149003EA011440129700000440320781
B1156214551230N01149009EA011410129300000440380781
B1156224551235N01149015EA011370129000000470360751
B1156234551242N01149020EA011330128700000470340751
B1156244551249N01149025EA011300128300000510290751
B1156254551256N01149030EA011270128000000510240751
B1156264551262N01149035EA011250127800000480260826
B1156274551269N01149040EA011240127700000480280826
B1156284551275N01149044EA011220127600000450260826
B1156294551281N01149048EA011200127500000450240826
B1156304551288N01149052EA011180127300000460240826
B1156314551294N01149057EA011170127100000460240826
B1156324551300N01149062EA011150126900000490240831
B1156334551307N01149067EA011130126700000480280831
B1156344551313N01149072EA011120126600000470270910
B1156354551320N01149077EA011100126500000470260910
B1156364551326N01149080EA011090126300000460240910
B1156374551332N01149084EA011070126200000460220910
B1156384551339N01149089EA011060126000000460230910
B1156394551345N01149093EA011040125800000460240910
B1156404551351N01149097EA011020125600000420240910
B1156414551357N01149101EA011000125500000420240910
B1156424551362N01149104EA010990125300000420220996
B1156434551368N01149107EA010970125100000420200996
B1156444551374N01149110EA010950124900000420190964
B1156454551380N01149113EA010940124700000420180964
B1156464551386N01149116EA010920124600000430170964
B1156474551393N01149119EA010910124500000430160964
B1156484551399N01149123EA010900124300000480190964
B1156494551406N01149127EA010890124300000480220964
B1156504551413N01149131EA010890124300000470221041
B1156514551419N01149134EA010900124400000470221041
B1156524551425N01149137EA010900124600000390181041
B1156534551430N01149140EA010910124700000390141041
B1156544551435N01149143EA010910124600000380201041
B1156554551440N01149147EA010900124500000380261041
B1156564551444N01149153EA010890124300000370341041
B1156574551448N01149158EA010880124100000370421041
B1156584551452N01149164EA010860124000000370441014
B1156594551456N01149170EA010850123900000370461014
B1157004551460N01149178EA010850123800000440511074
B1157014551463N01149186EA010840123900000440561074
B1157024551466N01149193EA010850124000000350571074
B1157034551469N01149198EA010860124200000350581074
B1157044551472N01149204EA010870124300000310541074
B1157054551475N01149209EA010870124400000310501045
B1157064551477N01149216EA010880124300000360551045
B1157074551480N01149224EA010880124400000360601045
B1157084551482N01149231EA010890124500000360641045
B1157094551484N01149238EA010900124800000360681045
B1157104551485N01149244EA010930125000000270721045
B1157114551485N01149250EA010950125300000270761045
B1157124551486N01149256EA010970125400000280811045
B1157134551486N01149262EA010990125600000280861054
B1157144551487N01149268EA011000125700000260831054
B1157154551487N01149273EA011010125900000260801054
B1157164551488N01149278EA011020126000000230791054
B1157174551488N01149283EA011030126100000230781054
B1157184551488N01149288EA011040126000000230901054
B1157194551487N01149293EA011040125900000231021054
B1157204551486N01149300EA011040125900000330981054
B1157214551486N01149308EA011030125900000330941054
B1157224551488N01149315EA011030125900000350821064
B1157234551490N01149322EA011030125900000350701064
B1157244551492N01149330EA011020125800000370671064
B1157254551495N01149337EA011020125700000370641064
B1157264551498N01149345EA011020125800000420611064
B1157274551502N01149352EA011030125800000420581064
B1157284551506N01149360EA011040126000000440541080
B1157294551510N01149367EA011050126100000440501124
B1157304551513N01149374EA011070126400000370551124
B1157314551515N01149381EA011090126600000370601124
B1157324551514N01149388EA011100126800000310791124
B1157334551513N01149394EA011120127000000310981124
B1157344551510N01149398EA011140127100000251161124
B1157354551507N01149400EA011150127300000251341124
B1157364551504N01149398EA011170127500000231701080
B1157374551501N01149394EA011180127500000232061080
B1157384551499N01149387EA011190127600000332341080
B1157394551499N01149380EA011200127800000352541080
B1157404551502N01149373EA011210128000000392771080
B1157414551506N01149366EA011220128100000393001080
B1157424551512N01149361EA011220128100000493151124
B1157434551519N01149357EA011230128000000493301121
B1157444551528N01149355EA011230128100000553441121
B1157454551535N01149356EA011250128300000553561121
B1157464551542N01149358EA011280128700000460061121
B1157474551548N01149362EA011300128900000460161124
B1157484551554N01149367EA011320129100000420231124
B1157494551559N01149372EA011340129200000420301117
B1157504551565N01149379EA011350129300000480341117
B1157514551571N01149385EA011360129300000480381117
B1157524551576N01149391EA011380129500000440371117
B1157534551581N01149396EA011400129800000440361117
B1157544551586N01149401EA011420130100000360351117
B1157554551590N01149406EA011450130400000360341117
B1157564551595N01149411EA011470130700000390381076
B1157574551599N01149418EA011500130900000390421076
B1157584551603N01149426EA011520131100000450491076
B1157594551606N01149434EA011540131300000450561076
B1158004551609N01149443EA011560131500000410601023
B1158014551611N01149451EA011590131800000410661023
B1158024551611N01149459EA011610132100000400750991
B1158034551612N01149468EA011630132300000390840991
B1158044551612N01149476EA011660132700000340840991
B1158054551613N01149482EA011690133100000340840991
B1158064551614N01149488EA011710133400000270800991
B1158074551615N01149493EA011730133500000270760991
B1158084551615N01149499EA011740133600000260800991
B1158094551615N01149505EA011750133700000260840991
B1158104551615N01149511EA011760133700000280910959
B1158114551614N01149516EA011770133800000280980959
B1158124551612N01149521EA011770133800000211070959
B1158134551610N01149525EA011760133700000211160959
B1158144551607N01149529EA011750133500000281251007
B1158154551604N01149533EA011750133400000281341007
B1158164551600N01149537EA011740133400000301391007
B1158174551597N01149540EA011740133500000301441007
B1158184551594N01149543EA011750133700000201401007
B1158194551593N01149546EA011770134100000201361007
B1158204551591N01149549EA011790134300000191291007
B1158214551589N01149553EA011810134400000191221007
B1158224551586N01149557EA011830134500000271291007
B1158234551583N01149560EA011840134600000271360981
B1158244551579N01149563EA011860134800000261480981
B1158254551576N01149564EA011870135000000261600981
B1158264551572N01149564EA011890135300000211720981
B1158274551569N01149563EA011910135600000211840981
B1158284551566N01149563EA011940135800000241850981
B1158294551562N01149562EA011960136100000241860981
B1158304551559N01149561EA011990136500000231890981
B1158314551555N01149560EA012030136900000231921002
B1158324551553N01149558EA012060137300000191931032
B1158334551550N01149557EA012090137700000191941032
B1158344551547N01149556EA012120138000000221961032
B1158354551543N01149554EA012140138200000221981032
B1158364551540N01149552EA012170138500000221971032
B1158374551537N01149551EA012200138800000221961032
B1158384551534N01149550EA012230139200000191981032
B1158394551532N01149548EA012260139500000192001032
B1158404551529N01149545EA012290139700000212061032
B1158414551527N01149541EA012310139900000212221032
B1158424551526N01149535EA012340140200000272421032
B1158434551527N01149528EA012360140400000272621032
B1158444551529N01149521EA012380140600000392771032
B1158454551533N01149513EA012400140800000452921032
B1158464551539N01149507EA012420140900000513081068
B1158474551546N01149502EA012440141200000513241068
B1158484551553N01149501EA012480141600000483401068
B1158494551560N01149502EA012510142000000483561038
B1158504551567N01149507EA012540142200000530131038
B1158514551573N01149515EA012580142400000530301007
B1158524551577N01149524EA012610142800000480441007
B1158534551579N01149532EA012640143200000480581007
B1158544551580N01149540EA012670143700000370741007
B1158554551579N01149548EA012710144100000370901007
B1158564551577N01149554EA012750144500000301011007
B1158574551575N01149559EA012790144900000301120981
B1158584551573N01149563EA012830145300000231240981
B1158594551570N01149565EA012860145500000231360981
B1159004551567N01149566EA012880145700000211540981
B1159014551563N01149566EA012900145800000211720981
B1159024551560N01149564EA012910145900000251870981
B1159034551556N01149561EA012920146000000252021002
B1159044551553N01149557EA012940146100000272151032
B1159054551551N01149552EA012960146300000272281032
B1159064551550N01149546EA012980146600000272421032
B1159074551550N01149540EA013010146900000272561032
B1159084551551N01149534EA013030147300000292701032
B1159094551553N01149528EA013050147500000292841032
B1159104551556N01149520EA013070147600000412941032
B1159114551559N01149512EA013090147700000453001007
B1159124551564N01149505EA013100147800000473051038
B1159134551569N01149498EA013120148000000473101038
B1159144551575N01149492EA013140148300000483181038
B1159154551581N01149487EA013170148500000483261038
B1159164551588N01149483EA013200148900000443341038
B1159174551594N01149481EA013230149200000443421038
B1159184551601N01149481EA013250149400000463511038
B1159194551608N01149483EA013270149500000460000991
B1159204551616N01149486EA013290149600000540100991
B1159214551623N01149491EA013310149700000540180991
B1159224551629N01149498EA013330150000000460290991
B1159234551633N01149505EA013350150300000460400991
B1159244551637N01149512EA013380150500000420490959
B1159254551640N01149521EA013400150800000430580959
B1159264551642N01149530EA013430151000000440640959
B1159274551643N01149539EA013450151400000420720959
B1159284551643N01149547EA013490151900000380840959
B1159294551641N01149554EA013530152300000380960959
B1159304551639N01149560EA013570152700000301070938
B1159314551637N01149565EA013610153200000301180938
B1159324551634N01149568EA013650153600000201280938
B1159334551632N01149570EA013680153900000201380938
B1159344551630N01149570EA013710154100000171610938
B1159354551627N01149568EA013730154300000171840938
B1159364551624N01149565EA013740154500000252010938
B1159374551621N01149561EA013760154700000252180938
B1159384551619N01149557EA013780155000000272260959
B1159394551617N01149551EA013800155200000272340959
B1159404551616N01149545EA013830155500000302340959
B1159414551616N01149538EA013850155800000342620959
B1159424551618N01149530EA013880156000000382780959
B1159434551621N01149523EA013910156300000382920959
B1159444551625N01149517EA013930156600000413060959
B1159454551631N01149513EA013960156900000413200959
B1159464551638N01149511EA013980156900000503340959
B1159474551646N01149510EA014000156900000533480959
B1159484551654N01149511EA014010157000000523580959
B1159494551661N01149515EA014030157200000520100911
B1159504551667N01149520EA014050157400000450210911
B1159514551672N01149526EA014070157600000450320911
B1159524551675N01149533EA014080157800000410440911
B1159534551678N01149541EA014100157900000410560911
B1159544551679N01149551EA014120158000000470720911
B1159554551680N01149561EA014130158200000450800885
B1159564551680N01149570EA014150158500000410840885
B1159574551680N01149578EA014180158900000410900885
B1159584551678N01149584EA014210159300000300970885
B1159594551677N01149590EA014230159500000301040885
B1200004551675N01149594EA014260159800000241160885
B1200014551672N01149597EA014280159900000241280885
B1200024551668N01149600EA014290160000000291420885
B1200034551664N01149602EA014300160100000291560885
B1200044551659N01149602EA014320160300000291660885
B1200054551655N01149602EA014330160500000291760938
B1200064551651N01149600EA014340160700000271870938
B1200074551647N01149598EA014360160800000271980938
B1200084551644N01149595EA014360160900000262050938
B1200094551641N01149591EA014370161000000262120938
B1200104551638N01149588EA014390161100000252170938
B1200114551635N01149584EA014390161300000252220938
B1200124551632N01149579EA014400161400000292270938
B1200134551629N01149574EA014410161500000292320938
B1200144551627N01149568EA014420161600000292360938
B1200154551625N01149563EA014440161800000292400938
B1200164551623N01149556EA014460162000000322450959
B1200174551622N01149549EA014470162200000322500959
B1200184551622N01149542EA014490162400000342600959
B1200194551622N01149535EA014510162600000342700959
B1200204551623N01149527EA014530162800000322760959
B1200214551625N01149521EA014550163000000322820959
B1200224551627N01149516EA014570163200000292900959
B1200234551630N01149510EA014590163300000292980959
B1200244551633N01149505EA014600163300000363070991
B1200254551638N01149500EA014610163300000363160991
B1200264551643N01149496EA014610163300000413250991
B1200274551649N01149494EA014620163300000413340991
B1200284551656N01149494EA014630163400000423500991
B1200294551662N01149496EA014640163500000420060940
B1200304551668N01149500EA014640163500000430160940
B1200314551673N01149506EA014650163500000430260940
B1200324551678N01149512EA014650163500000410340911
B1200334551682N01149518EA014660163600000410420911
B1200344551686N01149526EA014670163700000430500911
B1200354551688N01149534EA014680163800000430580911
B1200364551690N01149542EA014690164000000390660911
B1200374551692N01149550EA014700164100000390740911
B1200384551693N01149558EA014710164300000390780911
B1200394551693N01149567EA014730164500000400820885
B1200404551692N01149575EA014750164800000380880885
B1200414551692N01149583EA014770165100000380960885
B1200424551690N01149590EA014790165400000320990885
B1200434551689N01149596EA014810165600000321020885
B1200444551688N01149602EA014830165700000271050885
B1200454551686N01149607EA014840165800000271080885
B1200464551684N01149612EA014850165700000291170858
B1200474551681N01149617EA014850165700000291260858
B1200484551677N01149622EA014850165700000311320858
B1200494551673N01149626EA014850165700000311380858
B1200504551669N01149628EA014840165600000321470858
B1200514551665N01149631EA014840165600000321560858
B1200524551660N01149632EA014850165800000281600858
B1200534551656N01149633EA014860166000000281640919
B1200544551653N01149634EA014870166200000251690919
B1200554551649N01149634EA014880166400000251740919
B1200564551645N01149634EA014890166500000241770919
B1200574551642N01149634EA014900166500000241800919
B1200584551638N01149633EA014900166400000261870919
B1200594551634N01149630EA014890166400000261940919
B1201004551631N01149626EA014890166400000282090919
B1201014551628N01149622EA014900166500000282240919
B1201024551627N01149617EA014900166500000252390919
B1201034551627N01149611EA014890166500000252540919
B1201044551629N01149605EA014880166300000342750938
B1201054551633N01149598EA014870166100000342960938
B1201064551638N01149593EA014870165900000463130938
B1201074551645N01149590EA014870165900000463300938
B1201084551652N01149590EA014870166100000453470938
B1201094551658N01149592EA014890166400000450040885
B1201104551664N01149596EA014910166600000430160885
B1201114551669N01149602EA014930166800000430280885
B1201124551673N01149607EA014950167000000370370885
B1201134551677N01149613EA014960167200000370460858
B1201144551681N01149620EA014970167300000400480858
B1201154551685N01149627EA014980167300000400500858
B1201164551689N01149635EA014990167400000460490858
B1201174551694N01149642EA015000167400000460480858
B1201184551699N01149649EA015000167400000470440858
B1201194551705N01149656EA015000167400000470400858
B1201204551710N01149662EA015000167400000470400838
B1201214551716N01149669EA015000167400000470400838
B1201224551721N01149676EA014990167300000460410838
B1201234551726N01149683EA014980167200000460420838
B1201244551732N01149689EA014970167000000480400838
B1201254551737N01149696EA014960166900000480380838
B1201264551743N01149703EA014940166800000490390838
B1201274551749N01149710EA014930166600000490400825
B1201284551755N01149718EA014920166400000550420825
B1201294551761N01149727EA014900166200000570440844
B1201304551767N01149735EA014880166100000550430844
B1201314551773N01149743EA014870165900000550420844
B1201324551779N01149750EA014860165800000510410844
B1201334551785N01149757EA014840165700000510400844
B1201344551791N01149765EA014830165500000550400816
B1201354551797N01149773EA014810165300000550400816
B1201364551804N01149780EA014800165200000540380816
B1201374551810N01149787EA014790165200000540360754
B1201384551816N01149793EA014780165200000490360754
B1201394551822N01149800EA014780165100000490360754
B1201404551827N01149806EA014770165100000440360754
B1201414551831N01149814EA014760165100000430480744
B1201424551834N01149822EA014750164900000450530744
B1201434551838N01149831EA014740164700000470580744
B1201444551842N01149840EA014720164400000510580744
B1201454551846N01149849EA014690164100000530560744
B1201464551852N01149858EA014670163900000550520744
B1201474551857N01149867EA014650163700000540500681
B1201484551862N01149876EA014640163600000510500681
B1201494551867N01149884EA014620163500000510500681
B1201504551871N01149892EA014600163300000470480681
B1201514551877N01149899EA014580163100000470460681
B1201524551882N01149906EA014560162900000480460681
B1201534551886N01149914EA014530162500000480460658
B1201544551891N01149922EA014510162200000480480658
B1201554551896N01149930EA014480162000000480500658
B1201564551901N01149937EA014460161800000460460658
B1201574551906N01149943EA014450161600000460420658
B1201584551910N01149949EA014430161400000400420642
B1201594551914N01149956EA014410161200000400420642
B1202004551916N01149964EA014390161000000400590615
B1202014551916N01149973EA014360160600000460760615
B1202024551914N01149983EA014330160300000480920615
B1202034551911N01149992EA014300160000000441040615
B1202044551907N01149999EA014280159800000421210615
B1202054551902N01150003EA014260159600000421380636
B1202064551895N01150006EA014230159300000431510636
B1202074551889N01150007EA014200158900000431640636
B1202084551882N01150008EA014170158600000461680636
B1202094551875N01150009EA014140158400000461720610
B1202104551868N01150011EA014120158100000441720610
B1202114551862N01150012EA014090157900000441720610
B1202124551856N01150012EA014060157700000391740653
B1202134551850N01150012EA014030157400000391760653
B1202144551844N01150012EA014000157000000401800653
B1202154551838N01150011EA013970156700000401840653
B1202164551831N01150010EA013930156300000421830653
B1202174551825N01150011EA013900156000000421820653
B1202184551819N01150012EA013870155800000421730653
B1202194551813N01150014EA013850155500000421640653
B1202204551806N01150014EA013830155200000411710723
B1202214551800N01150014EA013810155000000411780723
B1202224551794N01150014EA013790154700000411770723
B1202234551787N01150016EA013760154500000411760723
B1202244551781N01150020EA013740154200000451630723
B1202254551775N01150024EA013710154000000451500723
B1202264551769N01150027EA013690153800000431570723
B1202274551763N01150028EA013680153800000431640723
B1202284551758N01150027EA013670153700000361750723
B1202294551752N01150027EA013660153600000361860729
B1202304551747N01150027EA013650153400000381810729
B1202314551741N01150028EA013630153200000381760729
B1202324551734N01150029EA013620152900000431750729
B1202334551728N01150029EA013600152700000431740729
B1202344551722N01150027EA013580152600000391810729
B1202354551717N01150026EA013560152500000391880729
B1202364551711N01150025EA013550152300000391860729
B1202374551705N01150025EA013530152100000391840725
B1202384551699N01150025EA013510151800000381810725
B1202394551693N01150025EA013490151700000381780725
B1202404551688N01150024EA013470151500000361830725
B1202414551683N01150022EA013450151300000361880725
B1202424551677N01150021EA013440151100000341920725
B1202434551672N01150020EA013420151000000341880725
B1202444551667N01150020EA013400150800000321830725
B1202454551663N01150020EA013380150600000321780725
B1202464551657N01150020EA013360150300000341790725
B1202474551652N01150019EA013340150100000341800697
B1202484551647N01150018EA013320149900000371850697
B1202494551641N01150016EA013290149600000371900697
B1202504551635N01150016EA013270149500000381860697
B1202514551629N01150015EA013260149400000381820697
B1202524551624N01150015EA013250149300000321810697
B1202534551620N01150015EA013240149300000321800697
B1202544551615N01150015EA013230149200000321790697
B1202554551610N01150015EA013220149000000321780697
B1202564551605N01150016EA013210148800000341770710
B1202574551600N01150016EA013190148700000341760710
B1202584551595N01150016EA013180148600000301780710
B1202594551590N01150016EA013170148500000301800710
B1203004551586N01150016EA013160148400000311780710
B1203014551581N01150017EA013140148200000311760710
B1203024551576N01150017EA013130148000000341740710
B1203034551570N01150018EA013120147900000341720710
B1203044551565N01150019EA013100147800000331750710
B1203054551560N01150019EA013090147700000331780710
B1203064551556N01150018EA013080147500000301790692
B1203074551551N01150018EA013070147400000301800692
B1203084551546N01150018EA013050147300000321800692
B1203094551541N01150018EA013030147000000321800692
B1203104551536N01150019EA013010146800000361780692
B1203114551530N01150019EA013000146600000361760692
B1203124551524N01150020EA012980146400000381740692
B1203134551519N01150021EA012960146300000381720692
B1203144551513N01150022EA012950146100000361710692
B1203154551508N01150024EA012930146000000361700692
B1203164551502N01150025EA012910145700000381710667
B1203174551496N01150025EA012890145500000381720667
B1203184551490N01150026EA012870145300000411720667
B1203194551484N01150028EA012860145100000411720667
B1203204551478N01150029EA012840145000000391720667
B1203214551472N01150030EA012830144900000391720667
B1203224551466N01150030EA012820144900000371730667
B1203234551461N01150031EA012810144800000371740667
B1203244551455N01150032EA012800144700000361720651
B1203254551450N01150034EA012790144600000361700651
B1203264551445N01150035EA012780144500000321690651
B1203274551440N01150037EA012770144300000321680651
B1203284551436N01150038EA012750144100000331680651
B1203294551431N01150039EA012740143900000331680651
B1203304551426N01150040EA012720143700000341690651
B1203314551420N01150042EA012700143500000341700651
B1203324551415N01150043EA012670143300000351700651
B1203334551410N01150044EA012650143100000351700651
B1203344551405N01150046EA012630142800000361680639
B1203354551399N01150048EA012610142600000361660639
B1203364551394N01150049EA012590142400000391680639
B1203374551388N01150050EA012570142200000391700639
B1203384551382N01150050EA012550142100000391750639
B1203394551376N01150050EA012550142100000391800639
B1203404551371N01150049EA012550142200000321820639
B1203414551366N01150049EA012550142300000321840639
B1203424551362N01150049EA012560142400000281840639
B1203434551358N01150049EA012560142400000291820639
B1203444551353N01150048EA012560142400000311820619
B1203454551348N01150048EA012560142300000311820619
B1203464551343N01150046EA012560142200000351860619
B1203474551338N01150044EA012550142100000351900619
B1203484551333N01150042EA012540142100000351940619
B1203494551328N01150039EA012540142100000351980619
B1203504551323N01150037EA012530142100000321990619
B1203514551318N01150034EA012530142100000322000619
B1203524551313N01150031EA012520142000000352010619
B1203534551309N01150028EA012520142000000352020619
B1203544551305N01150025EA012520142000000292050595
B1203554551301N01150022EA012520142100000292080595
B1203564551296N01150020EA012520142100000292010595
B1203574551292N01150019EA012520142000000291940595
B1203584551286N01150017EA012510141800000361940595
B1203594551281N01150015EA012500141700000361940595
B1204004551276N01150011EA012490141600000372000595
B1204014551271N01150008EA012490141700000372060631
B1204024551267N01150004EA012490141700000292060631
B1204034551263N01150002EA012500141800000292060631
B1204044551259N01150001EA012500141800000282000631
B1204054551255N01149999EA012490141700000281940636
B1204064551250N01149997EA012490141600000311950636
B1204074551246N01149995EA012480141500000311960636
B1204084551242N01149994EA012470141400000281940636
B1204094551238N01149993EA012460141300000281920636
B1204104551233N01149993EA012440141200000281850636
B1204114551229N01149993EA012430141000000281780636
B1204124551224N01149991EA012420140800000351860636
B1204134551218N01149989EA012400140600000351940636
B1204144551213N01149986EA012390140500000381960636
B1204154551208N01149984EA012380140400000381980636
B1204164551202N01149982EA012380140400000341950631
B1204174551198N01149981EA012370140400000341920631
B1204184551193N01149980EA012370140500000291870631
B1204194551189N01149980EA012370140500000291820631
B1204204551184N01149980EA012370140400000291820631
B1204214551180N01149979EA012360140300000291820631
B1204224551175N01149979EA012360140200000321840631
B1204234551170N01149978EA012350140000000321840631
B1204244551166N01149978EA012340140000000301810631
B1204254551161N01149978EA012330139900000301780631
B1204264551157N01149978EA012320139800000271810602
B1204274551153N01149977EA012310139700000271840602
B1204284551149N01149976EA012300139600000291850602
B1204294551144N01149976EA012290139400000291860602
B1204304551139N01149975EA012280139300000351830602
B1204314551133N01149975EA012270139200000351800602
B1204324551128N01149975EA012260139100000331810602
B1204334551124N01149974EA012260139100000331820602
B1204344551119N01149974EA012250139100000271820602
B1204354551115N01149973EA012240139000000271820602
B1204364551110N01149973EA012230138900000341830602
B1204374551104N01149972EA012230138800000341840571
B1204384551099N01149970EA012230138900000361850571
B1204394551094N01149970EA012240139100000361860571
B1204404551090N01149970EA012250139400000271840571
B1204414551086N01149969EA012270139600000271820571
B1204424551081N01149969EA012280139700000281830571
B1204434551077N01149968EA012290139800000281840571
B1204444551072N01149967EA012300139800000321840571
B1204454551067N01149967EA012310139900000321840571
B1204464551062N01149966EA012320140000000361850571
B1204474551056N01149965EA012330140100000361860544
B1204484551051N01149963EA012340140200000361910544
B1204494551046N01149960EA012350140300000361960544
B1204504551041N01149958EA012360140400000351960552
B1204514551036N01149956EA012360140400000351960552
B1204524551030N01149955EA012370140500000371910552
B1204534551024N01149954EA012370140500000371860552
B1204544551019N01149953EA012380140600000381860552
B1204554551013N01149952EA012380140600000381860552
B1204564551007N01149952EA012390140600000381820528
B1204574551002N01149953EA012380140500000381780528
B1204584550996N01149952EA012380140500000391800528
B1204594550990N01149951EA012380140500000391820528
B1205004550985N01149949EA012380140500000371860528
B1205014550979N01149948EA012380140500000371900528
B1205024550973N01149947EA012380140400000401880528
B1205034550967N01149945EA012380140300000401880528
B1205044550960N01149943EA012370140100000451900528
B1205054550953N01149941EA012350140000000451920516
B1205064550947N01149940EA012340139900000451900516
B1205074550940N01149938EA012340140000000451880516
B1205084550935N01149936EA012340140100000391900516
B1205094550929N01149934EA012340140200000391920516
B1205104550923N01149933EA012350140200000411880516
B1205114550916N01149932EA012350140200000411840516
B1205124550909N01149931EA012350140100000461860516
B1205134550903N01149929EA012340140000000461880509
B1205144550896N01149927EA012340140000000411890509
B1205154550890N01149926EA012350140200000411900509
B1205164550885N01149926EA012350140200000351860509
B1205174550880N01149925EA012350140200000351820509
B1205184550874N01149924EA012350140200000361840509
B1205194550869N01149923EA012340140000000361860509
B1205204550862N01149922EA012330139800000421860509
B1205214550856N01149921EA012320139700000421860507
B1205224550850N01149919EA012310139600000401870507
B1205234550844N01149918EA012310139600000401880507
B1205244550838N01149918EA012300139600000381860507
B1205254550832N01149917EA012300139600000381840507
B1205264550826N01149915EA012290139500000411860507
B1205274550820N01149914EA012290139500000411880507
B1205284550814N01149912EA012290139500000401910507
B1205294550808N01149909EA012280139400000401940507
B1205304550803N01149906EA012280139400000391960510
B1205314550797N01149903EA012270139300000391980510
B1205324550791N01149901EA012260139200000411970510
B1205334550785N01149899EA012250139000000411960510
B1205344550779N01149897EA012240138900000401910510
B1205354550773N01149897EA012220138700000401860510
B1205364550767N01149896EA012210138500000391850510
B1205374550761N01149895EA012190138300000391840510
B1205384550755N01149894EA012160138000000421830502
B1205394550748N01149894EA012140137700000421820502
B1205404550742N01149894EA012110137400000411790502
B1205414550736N01149895EA012090137200000411760502
B1205424550731N01149895EA012070137000000381790502
B1205434550725N01149894EA012050136900000381820502
B1205444550720N01149892EA012040136800000341880502
B1205454550715N01149890EA012030136700000341940502
B1205464550711N01149889EA012010136600000321920502
B1205474550706N01149887EA012000136400000321900489
B1205484550700N01149886EA011990136200000371900489
B1205494550695N01149884EA011970136000000371900489
B1205504550689N01149882EA011960135900000381910489
B1205514550683N01149881EA011950135800000381920489
B1205524550678N01149879EA011940135700000361920489
B1205534550673N01149877EA011930135700000361920489
B1205544550668N01149875EA011920135600000351940489
B1205554550663N01149873EA011920135400000351960489
B1205564550657N01149872EA011910135300000351900484
B1205574550652N01149872EA011890135200000351840484
B1205584550647N01149871EA011880135000000351830484
B1205594550641N01149870EA011870134800000351820484
B1206004550636N01149869EA011850134600000381840484
B1206014550630N01149868EA011830134500000381860484
B1206024550625N01149867EA011820134300000371860484
B1206034550619N01149866EA011800134100000381860484
B1206044550613N01149866EA011790133900000391840484
B1206054550607N01149866EA011770133700000391820466
B1206064550601N01149865EA011750133600000381810466
B1206074550596N01149865EA011740133500000381800466
B1206084550590N01149864EA011730133400000361820466
B1206094550585N01149864EA011710133200000361840466
B1206104550579N01149863EA011690133000000371820466
B1206114550574N01149863EA011670132800000371800466
B1206124550568N01149862EA011660132500000371840466
B1206134550563N01149861EA011630132300000371880466
B1206144550557N01149860EA011610132100000361850456
B1206154550552N01149860EA011590131800000361820456
B1206164550547N01149860EA011570131600000371810456
B1206174550541N01149860EA011540131300000371800456
B1206184550535N01149859EA011510131000000391820456
B1206194550529N01149858EA011480130700000391840461
B1206204550523N01149857EA011450130300000421860461
B1206214550516N01149856EA011430130100000421880461
B1206224550510N01149854EA011400129800000441890461
B1206234550504N01149852EA011380129600000441900450
B1206244550498N01149851EA011360129500000401880450
B1206254550492N01149850EA011350129300000401860450
B1206264550486N01149850EA011330129100000391840450
B1206274550480N01149849EA011310128900000391820450
B1206284550474N01149849EA011290128700000411800450
B1206294550468N01149849EA011270128500000411780450
B1206304550462N01149849EA011250128300000401790450
B1206314550456N01149849EA011230128200000401800439
B1206324550450N01149849EA011220128000000371790439
B1206334550444N01149849EA011210128000000371780439
B1206344550439N01149850EA011200127900000341750439
B1206354550434N01149851EA011180127700000341720439
B1206364550429N01149852EA011170127500000361740439
B1206374550423N01149852EA011150127300000361760439
B1206384550418N01149852EA011140127100000351780439
B1206394550413N01149852EA011120127000000351800439
B1206404550407N01149852EA011100126800000341780424
B1206414550402N01149853EA011080126600000341760424
B1206424550397N01149853EA011050126300000361770424
B1206434550391N01149853EA011030126000000361780424
B1206444550385N01149854EA011000125700000431770424
B1206454550378N01149855EA010980125500000431760424
B1206464550372N01149855EA010960125400000391750424
B1206474550367N01149856EA010950125300000391740424
B1206484550361N01149856EA010940125200000371770424
B1206494550355N01149855EA010920125000000371800415
B1206504550349N01149856EA010900124800000391780415
B1206514550343N01149856EA010890124600000391760415
B1206524550337N01149858EA010870124400000401720415
B1206534550331N01149859EA010850124200000401680413
B1206544550325N01149860EA010830124100000391720413
B1206554550320N01149860EA010820123900000391760413
B1206564550314N01149860EA010800123800000381770413
B1206574550308N01149861EA010790123600000381780398
B1206584550302N01149861EA010770123500000361760398
B1206594550297N01149862EA010760123300000361740398
B1207004550291N01149863EA010740123100000371750398
B1207014550285N01149863EA010720122900000371760398
B1207024550280N01149863EA010690122600000391770398
B1207034550274N01149864EA010670122400000391780398
B1207044550268N01149864EA010650122200000371760398
B1207054550262N01149865EA010630122000000371740398
B1207064550257N01149864EA010610121800000381780385
B1207074550251N01149864EA010580121500000381820385
B1207084550244N01149863EA010560121200000411810385
B1207094550238N01149863EA010540121000000411800385
B1207104550232N01149863EA010520120800000401790385
B1207114550226N01149864EA010510120700000401780385
B1207124550220N01149864EA010490120600000391770385
B1207134550214N01149865EA010480120400000391760385
B1207144550208N01149868EA010460120300000411690378
B1207154550202N01149870EA010450120100000411620378
B1207164550197N01149872EA010430120000000381650378
B1207174550191N01149872EA010420119800000381680378
B1207184550186N01149871EA010400119500000371800378
B1207194550180N01149869EA010380119300000371920378
B1207204550175N01149868EA010360119200000341890378
B1207214550170N01149868EA010350119000000341860378
B1207224550164N01149868EA010330118800000361800378
B1207234550159N01149869EA010310118600000361740378
B1207244550153N01149869EA010290118400000351740371
B1207254550148N01149870EA010270118200000351740371
B1207264550143N01149870EA010250117900000361750371
B1207274550137N01149870EA010230117600000361760371
B1207284550132N01149871EA010200117400000371760371
B1207294550126N01149871EA010180117200000371760371
B1207304550121N01149872EA010160117000000351740371
B1207314550115N01149873EA010140116800000351720371
B1207324550110N01149874EA010120116600000341720371
B1207334550105N01149875EA010100116300000341720362
B1207344550100N01149876EA010070116000000361730362
B1207354550094N01149876EA010040115800000361740362
B1207364550089N01149877EA010020115500000361740362
B1207374550083N01149877EA010000115400000361740362
B1207384550078N01149878EA009980115200000361740362
B1207394550073N01149879EA009970115100000361740362
B1207404550067N01149879EA009960115000000351740362
B1207414550062N01149880EA009960115100000351740362
B1207424550057N01149880EA009950115100000301770358
B1207434550053N01149880EA009960115200000301800358
B1207444550049N01149880EA009960115200000301780358
B1207454550044N01149880EA009970115300000301760358
B1207464550039N01149879EA009970115400000301800358
B1207474550035N01149878EA009980115500000301840358
B1207484550031N01149877EA009990115600000271890358
B1207494550027N01149875EA009990115500000271940358
B1207504550022N01149874EA009990115400000341900358
B1207514550017N01149874EA009980115300000341860358
B1207524550011N01149873EA009980115300000361820358
B1207534550006N01149873EA009980115300000361780349
B1207544550001N01149873EA009990115500000321790349
B1207554549997N01149873EA010000115700000321800349
B1207564549993N01149874EA010020115900000251750349
B1207574549989N01149875EA010030116000000251700349
B1207584549985N01149877EA010040116100000261660349
B1207594549981N01149879EA010050116200000261620349
B1208004549977N01149881EA010050116200000271610349
B1208014549974N01149882EA010050116200000271600349
B1208024549970N01149882EA010050116100000251700349
B1208034549966N01149881EA010040116000000251800349
B1208044549961N01149881EA010030115800000301820349
B1208054549957N01149881EA010020115700000301840340
B1208064549952N01149882EA010010115500000321840340
B1208074549947N01149883EA010000115400000321700340
B1208094549937N01149886EA009980115100000331660340
B1208104549932N01149889EA009960115000000351620340
B1208114549927N01149892EA009950114800000351580340
B1208124549922N01149896EA009930114600000391530340
B1208134549917N01149900EA009920114500000391480340
B1208144549913N01149902EA009920114400000341560340
B1208154549908N01149904EA009910114500000341640332
B1208164549904N01149903EA009900114500000251800332
B1208174549901N01149901EA009890114400000251960332
B1208184549897N01149897EA009870114000000272080332
B1208194549894N01149893EA009850113600000272200332
B1208204549891N01149887EA009820113200000342270332
B1208214549888N01149880EA009780112700000342340332
B1208224549884N01149875EA009760112500000362290332
B1208234549881N01149870EA009740112400000362240332
B1208244549877N01149866EA009720112400000262210332
B1208254549875N01149862EA009710112300000262180332
B1208264549872N01149858EA009700112100000272260334
B1208274549869N01149853EA009680111800000272340334
B1208284549866N01149848EA009660111500000322280334
B1208294549862N01149843EA009630111200000322220334
B1208304549859N01149838EA009610111000000312250334
B1208314549856N01149833EA009590110800000312280327
B1208324549854N01149828EA009570110600000282300327
B1208334549851N01149823EA009550110300000282320327
B1208344549847N01149818EA009530110000000332290327
B1208354549844N01149813EA009500109700000332260327
B1208364549841N01149807EA009480109400000312300322
B1208374549839N01149802EA009450109200000312340322
B1208384549836N01149796EA009430108900000292330322
B1208394549833N01149791EA009410108800000292320322
B1208404549830N01149787EA009400108600000282290322
B1208414549828N01149782EA009380108600000282260322
B1208424549825N01149778EA009370108500000252290322
B1208434549823N01149774EA009360108400000252320322
B1208444549821N01149769EA009350108300000252340322
B1208454549819N01149764EA009340108100000252360322
B1208464549816N01149760EA009330107900000262350322
B1208474549814N01149755EA009310107700000262340326
B1208484549812N01149750EA009290107500000262390326
B1208494549811N01149745EA009280107300000262440326
B1208504549809N01149739EA009260107100000272440326
B1208514549807N01149734EA009240106900000272440325
B1208524549805N01149728EA009230106700000302420325
B1208534549803N01149723EA009210106600000302420325
B1208544549800N01149718EA009200106400000272360325
B1208554549797N01149714EA009190106300000272300325
B1208564549795N01149710EA009170106200000232300325
B1208574549793N01149705EA009160106100000232300325
B1208584549791N01149700EA009140105900000292360325
B1208594549789N01149694EA009130105600000292420325
B1209004549787N01149689EA009110105400000292390325
B1209014549784N01149684EA009090105300000292360325
B1209024549782N01149679EA009080105200000232370325
B1209034549781N01149675EA009070105100000232380325
B1209044549779N01149670EA009050104900000262390325
B1209054549776N01149665EA009040104700000262400325
B1209064549773N01149660EA009020104400000312340325
B1209074549770N01149654EA009000104200000312280328
B1209084549768N01149650EA008980104200000252350328
B1209094549767N01149645EA008970104100000252420328
B1209104549765N01149640EA008960103900000252420328
B1209114549763N01149635EA008940103700000252420328
B1209124549761N01149630EA008930103500000272400328
B1209134549759N01149625EA008910103300000272380328
B1209144549758N01149619EA008890103100000262440320
B1209154549757N01149614EA008870102900000262500320
B1209164549755N01149609EA008850102700000262490320
B1209174549754N01149603EA008830102500000262480325
B1209184549752N01149598EA008810102200000292450325
B1209194549750N01149592EA008790101900000292420325
B1209204549749N01149586EA008770101800000282480325
B1209214549748N01149580EA008750101700000282540325
B1209224549747N01149576EA008740101600000222500325
B1209234549745N01149572EA008740101500000222460325
B1209244549744N01149568EA008730101400000222450325
B1209254549743N01149563EA008710101200000222440325
B1209264549741N01149556EA008700101000000312490325
B1209274549740N01149550EA008690100800000312540325
B1209284549738N01149544EA008680100700000292480325
B1209294549736N01149539EA008670100700000292420325
B1209304549733N01149534EA008660100700000252350325
B1209314549731N01149530EA008650100600000252280325
B1209324549728N01149525EA008640100400000292320325
B1209334549726N01149519EA008620100200000292360325
B1209344549724N01149513EA008610100000000312420325
B1209354549722N01149507EA008590099900000312480330
B1209364549720N01149501EA008570099700000292420330
B1209374549717N01149496EA008550099500000292360330
B1209384549715N01149491EA008520099300000302350330
B1209394549713N01149485EA008500099100000302340330
B1209404549711N01149478EA008480098800000332420330
B1209414549709N01149471EA008460098600000332500330
B1209424549707N01149465EA008430098400000312470315
B1209434549706N01149459EA008420098200000312440315
B1209444549704N01149452EA008400098000000332480319
B1209454549702N01149445EA008380097700000332520319
B1209464549700N01149437EA008350097400000412540319
B1209474549698N01149428EA008320097100000412500319
B1209484549696N01149420EA008300096800000402460319
B1209494549694N01149412EA008290096700000382460319
B1209504549692N01149405EA008270096600000372480323
B1209514549690N01149397EA008250096500000382500323
B1209524549687N01149389EA008230096200000402460323
B1209534549685N01149381EA008210096000000432440323
B1209544549682N01149372EA008190095700000432460323
B1209554549680N01149363EA008160095500000432480323
B1209564549677N01149355EA008140095300000412480322
B1209574549675N01149347EA008130095100000402460322
B1209584549672N01149339EA008110095000000392440322
B1209594549670N01149332EA008090094800000392460322
B1210004549668N01149324EA008080094700000392460322
B1210014549666N01149316EA008070094600000382460322
B1210024549663N01149309EA008060094500000372450322
B1210034549661N01149302EA008050094400000372440324
B1210044549658N01149295EA008040094300000362430315
B1210054549656N01149288EA008030094100000362420315
B1210064549653N01149281EA008010094000000362420315
B1210074549651N01149274EA008000093900000362420315
B1210084549648N01149268EA007990093900000342370315
B1210094549644N01149263EA007970093800000342320315
B1210104549641N01149258EA007960093700000332280313
B1210114549637N01149252EA007960093500000332240313
B1210124549634N01149246EA007940093400000372300313
B1210134549631N01149239EA007930093300000372360313
B1210144549628N01149232EA007920093200000362360313
B1210154549625N01149226EA007910093100000362360313
B1210164549622N01149220EA007900093000000352350313
B1210174549619N01149214EA007890092900000352340313
B1210184549616N01149207EA007880092700000372340307
B1210194549613N01149200EA007870092500000372360307
B1210204549610N01149193EA007850092400000382360307
B1210214549607N01149186EA007840092300000382360300
B1210224549603N01149179EA007830092100000392360300
B1210234549600N01149172EA007810092000000392360300
B1210244549597N01149165EA007790091800000402360300
B1210254549594N01149157EA007780091600000412360303
B1210264549590N01149149EA007760091500000432380303
B1210274549587N01149141EA007750091400000442400303
B1210284549584N01149133EA007740091300000422400303
B1210294549581N01149125EA007730091200000402400303
B1210304549578N01149118EA007730091200000392400303
B1210314549575N01149110EA007720091200000392400303
B1210324549572N01149103EA007710091000000412410307
B1210334549569N01149095EA007700090900000442420307
B1210344549565N01149086EA007690090700000462380307
B1210354549561N01149078EA007680090700000462320307
B1210364549557N01149071EA007680090700000432320298
B1210374549553N01149064EA007680090800000432320298
B1210384549549N01149057EA007680090900000392320301
B1210394549546N01149050EA007690091000000372340301
B1210404549543N01149043EA007690091000000382340301
B1210414549539N01149037EA007690091000000382340301
B1210424549535N01149030EA007700091000000412330301
B1210434549532N01149022EA007700091000000402320301
B1210444549529N01149015EA007700091000000402340301
B1210454549525N01149008EA007690091000000402360301
B1210464549522N01149001EA007680090900000392340301
B1210474549518N01148995EA007670090700000392320301
B1210484549514N01148988EA007660090500000392300301
B1210494549510N01148982EA007650090400000392280301
B1210504549507N01148976EA007640090300000372280291
B1210514549503N01148970EA007630090200000372280291
B1210524549499N01148965EA007610090100000362260291
B1210534549495N01148959EA007600089900000362240289
B1210544549491N01148953EA007590089800000392240289
B1210554549487N01148947EA007580089600000392240289
B1210564549483N01148940EA007560089500000402260289
B1210574549479N01148934EA007550089400000402280289
B1210584549475N01148928EA007540089300000362260289
B1210594549471N01148923EA007520089200000362240289
B1211004549467N01148917EA007510089100000372260289
B1211014549463N01148910EA007500088900000372280289
B1211024549460N01148904EA007480088700000392290293
B1211034549456N01148897EA007460088500000392300282
B1211044549452N01148891EA007450088200000402290282
B1211054549448N01148884EA007430088100000402280282
B1211064549445N01148877EA007410087800000392310282
B1211074549441N01148871EA007390087600000392340282
B1211084549438N01148864EA007370087400000392320282
B1211094549434N01148858EA007350087200000392300283
B1211104549430N01148851EA007330087000000412300283
B1211114549426N01148843EA007300086700000422300283
B1211124549423N01148836EA007280086500000412330283
B1211134549420N01148828EA007260086300000402360283
B1211144549417N01148821EA007240086100000392360283
B1211154549413N01148814EA007220085900000382360283
B1211164549410N01148808EA007200085700000372360288
B1211174549407N01148801EA007180085400000372360276
B1211184549404N01148793EA007150085100000392380276
B1211194549401N01148786EA007130084800000392400276
B1211204549398N01148778EA007100084400000422380276
B1211214549395N01148770EA007070084100000422380276
B1211224549391N01148762EA007040083800000412380276
B1211234549389N01148755EA007000083500000412400278
B1211244549386N01148747EA006980083200000402400278
B1211254549383N01148739EA006950082900000422420278
B1211264549380N01148731EA006920082600000432440278
B1211274549377N01148722EA006900082300000432440278
B1211284549375N01148714EA006870082000000442440278
B1211294549372N01148704EA006850081700000462460280
B1211304549370N01148695EA006820081400000462480280
B1211314549368N01148686EA006800081100000442500280
B1211324549365N01148677EA006770080800000432500280
B1211334549363N01148669EA006740080600000422480280
B1211344549360N01148661EA006720080300000422420280
B1211354549356N01148653EA006690080000000422380265
B1211364549353N01148645EA006670079800000442360265
B1211374549350N01148637EA006640079500000462380265
B1211384549346N01148628EA006620079300000472400265
B1211394549343N01148618EA006600079100000472420265
B1211414549337N01148600EA006570078800000472440267
B1211424549335N01148591EA006550078700000462460267
B1211434549332N01148582EA006540078500000452460267
B1211444549329N01148572EA006530078400000462460267
B1211454549327N01148563EA006510078200000462460267
B1211464549324N01148554EA006500078000000462480269
B1211474549322N01148545EA006480077800000452480269
B1211484549319N01148536EA006470077700000442460269
B1211494549316N01148528EA006450077600000442440269
B1211504549313N01148519EA006440077400000452440269
B1211514549311N01148509EA006420077200000462460269
B1211524549309N01148500EA006400077000000472500269
B1211534549307N01148490EA006380076800000482540262
B1211544549305N01148480EA006360076600000482540262
B1211554549303N01148470EA006350076400000482540262
B1211564549301N01148460EA006330076200000472520262
B1211574549298N01148451EA006310076000000472480258
B1211584549296N01148441EA006290075800000472460258
B1211594549293N01148431EA006280075600000462480258
B1212004549291N01148422EA006260075500000452520258
B1212014549290N01148413EA006250075400000442540258
B1212024549288N01148403EA006240075300000452520256
B1212034549285N01148394EA006230075200000462520256
B1212044549283N01148385EA006220075100000472500256
B1212054549280N01148375EA006210075000000482480256
B1212064549278N01148366EA006200074900000452480256
B1212074549276N01148357EA006190074800000422500252
B1212084549274N01148348EA006180074700000422500252
B1212094549272N01148339EA006170074700000432500252
B1212104549269N01148330EA006160074500000452480252
B1212114549267N01148321EA006150074300000472480252
B1212124549264N01148312EA006130074100000482500252
B1212134549262N01148302EA006110073800000472480252
B1212144549259N01148293EA006090073700000472460252
B1212154549256N01148283EA006070073500000462460242
B1212164549254N01148274EA006060073400000462480242
B1212174549252N01148264EA006050073300000452500242
B1212184549251N01148255EA006050073400000422540240
B1212194549251N01148246EA006050073400000402620240
B1212204549252N01148238EA006050073500000382720240
B1212214549253N01148230EA006050073500000382780240
B1212224549253N01148222EA006050073500000392780240
B1212234549253N01148213EA006050073400000422740240
B1212244549253N01148203EA006040073300000432700240
B1212254549253N01148194EA006040073300000422660240
B1212264549253N01148185EA006040073300000392660240
B1212274549253N01148177EA006040073300000382680240
B1212284549254N01148169EA006030073300000382720240
B1212294549254N01148161EA006030073200000402760240
B1212304549255N01148152EA006030073100000432780241
B1212314549256N01148142EA006030073100000432760241
B1212324549257N01148133EA006040073100000402760241
B1212334549259N01148126EA006050073400000402800247
B1212344549261N01148120EA006060073700000302870247
B1212354549262N01148114EA006080074000000302940247
B1212364549264N01148108EA006100074200000302940250
B1212374549265N01148101EA006120074300000322840250
B1212384549266N01148094EA006140074500000342820250
B1212394549267N01148087EA006150074600000342800250
B1212404549267N01148079EA006170074800000332780250
B1212414549267N01148073EA006180075000000332740250
B1212424549267N01148066EA006200075100000302700250
B1212434549267N01148060EA006220075300000302660250
B1212444549265N01148054EA006230075500000272580250
B1212454549263N01148049EA006250075600000272500250
B1212464549259N01148047EA006250075600000322230250
B1212474549253N01148047EA006260075500000321960243
B1212484549248N01148051EA006260075500000431690243
B1212494549244N01148059EA006260075500000431420243
B1212504549244N01148069EA006260075500000481120242
B1212514549247N01148079EA006260075500000490820242
B1212524549253N01148085EA006260075500000470570242
B1212534549259N01148088EA006270075600000470320250
B1212544549265N01148089EA006280075800000390160250
B1212554549270N01148088EA006290076100000390000250
B1212564549275N01148085EA006300076200000343470250
B1212574549279N01148081EA006310076300000343340250
B1212584549283N01148075EA006320076400000353220250
B1212594549286N01148069EA006330076600000353100250
B1213004549290N01148064EA006340076700000363110250
B1213014549294N01148058EA006360077000000363120250
B1213024549297N01148051EA006380077200000383070250
B1213034549300N01148044EA006400077500000383020250
B1213044549302N01148036EA006430077700000382960250
B1213054549303N01148028EA006450077900000372880250
B1213064549303N01148021EA006480078200000342740250
B1213074549301N01148014EA006500078400000342600250
B1213084549299N01148009EA006530078700000312460254
B1213094549295N01148004EA006550078900000312320254
B1213104549291N01148001EA006570079100000322190254
B1213114549286N01147999EA006590079300000322060254
B1213124549280N01148000EA006610079400000391880254
B1213134549275N01148003EA006620079600000391700254
B1213144549270N01148008EA006640079900000391530254
B1213154549267N01148015EA006660080100000391360250
B1213164549266N01148022EA006680080400000371160250
B1213174549267N01148030EA006700080500000370960250
B1213184549270N01148038EA006720080600000380740250
B1213194549274N01148042EA006730080700000380520250
B1213204549280N01148044EA006740080900000370290250
B1213214549285N01148044EA006760081100000370060250
B1213224549290N01148042EA006790081400000343550250
B1213234549295N01148040EA006810081600000343440250
B1213244549299N01148036EA006830081900000323350250
B1213254549303N01148032EA006850082100000323260250
B1213264549307N01148026EA006870082300000363260250
B1213274549310N01148019EA006890082500000373080259
B1213284549311N01148012EA006910082700000352930259
B1213294549310N01148005EA006940083000000352780265
B1213304549307N01147999EA006950083200000352780254
B1213314549303N01147994EA006970083300000352260254
B1213324549299N01147991EA006990083500000322160254
B1213334549294N01147988EA007010083800000322060254
B1213344549291N01147988EA007030084200000241900254
B1213354549287N01147990EA007040084300000241740254
B1213364549283N01147993EA007050084300000321620254
B1213374549278N01147996EA007060084300000321500254
B1213384549273N01147999EA007070084300000381550254
B1213394549267N01148002EA007070084400000381600254
B1213404549262N01148008EA007080084600000451490254
B1213414549258N01148016EA007090084700000451380243
B1213424549254N01148025EA007110084900000461240243
B1213434549253N01148034EA007120085100000431120243
B1213444549252N01148043EA007140085300000391020243
B1213454549253N01148051EA007160085500000390920243
B1213464549255N01148059EA007170085600000400800243
B1213474549258N01148067EA007180085600000400680242
B1213484549263N01148074EA007190085600000450550250
B1213494549268N01148079EA007190085700000450420250
B1213504549274N01148084EA007200085800000430320250
B1213514549280N01148086EA007210086000000430220250
B1213524549285N01148087EA007230086200000330140250
B1213534549290N01148087EA007240086300000330060250
B1213544549295N01148085EA007250086300000363530250
B1213554549300N01148081EA007250086300000363400250
B1213564549305N01148075EA007260086400000403260250
B1213574549308N01148068EA007270086700000403120250
B1213584549309N01148060EA007280086900000372940258
B1213594549310N01148052EA007300087100000362820259
B1214004549311N01148045EA007320087300000352780259
B1214014549311N01148037EA007340087500000342740259
B1214024549310N01148030EA007360087800000352680259
B1214034549308N01148023EA007380088000000352540250
B1214044549305N01148017EA007400088200000352430250
B1214054549301N01148012EA007430088400000352320250
B1214064549296N01148009EA007450088700000352130254
B1214074549290N01148010EA007480088900000351940250
B1214084549286N01148014EA007500089100000381680250
B1214094549282N01148021EA007510089200000381420250
B1214104549278N01148029EA007530089300000431310250
B1214114549275N01148036EA007540089500000431200250
B1214124549273N01148043EA007570089900000361150250
B1214134549272N01148051EA007590090200000361100250
B1214144549274N01148058EA007620090400000370870250
B1214154549277N01148066EA007640090500000370640250
B1214164549281N01148072EA007650090600000410550250
B1214174549286N01148078EA007670090800000410460250
B1214184549291N01148081EA007680091000000360320250
B1214194549296N01148082EA007700091200000360180250
B1214204549302N01148081EA007720091300000350030250
B1214214549307N01148079EA007730091500000353480250
B1214224549311N01148074EA007740091700000353320258
B1214234549314N01148068EA007760091800000353160258
B1214244549316N01148061EA007770092000000363020258
B1214254549317N01148053EA007790092100000352880259
B1214264549316N01148046EA007800092300000352730259
B1214274549314N01148039EA007820092400000352580259
B1214284549312N01148032EA007840092600000362470259
B1214294549308N01148026EA007860092900000362360250
B1214304549304N01148022EA007880093200000332250250
B1214314549300N01148019EA007910093500000332140250
B1214324549295N01148018EA007930093700000321960250
B1214334549290N01148019EA007940093800000321780250
B1214344549285N01148022EA007950093700000341780250
B1214354549280N01148024EA007940093600000371600250
B1214364549274N01148028EA007940093400000421570250
B1214374549268N01148032EA007930093200000421540250
B1214384549263N01148038EA007910093100000461480250
B1214394549258N01148045EA007910093100000461420243
B1214404549255N01148053EA007910093100000401270243
B1214414549254N01148061EA007910093100000401120242
B1214424549254N01148070EA007900093000000430960242
B1214434549256N01148080EA007900092900000440820242
B1214444549259N01148088EA007890092900000450710250
B1214454549263N01148096EA007890092800000450600250
B1214464549268N01148102EA007880092800000430490250
B1214474549273N01148107EA007890092800000430380250
B1214484549278N01148110EA007890093000000360280247
B1214494549284N01148112EA007910093200000360180247
B1214504549288N01148113EA007920093400000310100247
B1214514549293N01148112EA007940093600000310020247
B1214524549298N01148110EA007960093700000363510247
B1214534549303N01148106EA007970093800000363400250
B1214544549308N01148101EA007980093900000383260250
B1214554549311N01148094EA007990094000000383120258
B1214564549314N01148087EA008010094200000383060258
B1214574549317N01148080EA008020094400000383000258
B1214584549320N01148073EA008040094700000403020258
B1214594549324N01148066EA008070095000000403040258
B1215004549326N01148060EA008090095400000333030258
B1215014549329N01148054EA008120095700000333020259
B1215024549330N01148050EA008150096000000222990259
B1215034549332N01148046EA008170096200000222960259
B1215044549333N01148041EA008180096200000262930259
B1215054549334N01148035EA008180096000000262900259
B1215064549335N01148028EA008180095900000332810259
B1215074549334N01148021EA008170095800000332720259
B1215084549332N01148015EA008160095600000312550259
B1215094549330N01148010EA008150095500000312380259
B1215104549328N01148005EA008140095400000262420265
B1215114549326N01147999EA008120095300000262460265
B1215124549325N01147994EA008110095100000282450265
B1215134549322N01147988EA008090094900000282440265
B1215144549320N01147982EA008070094600000342410265
B1215154549317N01147975EA008050094400000342380265
B1215164549315N01147968EA008030094200000352390265
B1215174549312N01147962EA008020094100000352400265
B1215184549309N01147955EA008010094000000372400270
B1215194549307N01147948EA007990093800000372400254
B1215204549304N01147941EA007980093700000382420254
B1215214549302N01147933EA007970093500000382460254
B1215224549300N01147926EA007950093400000362470254
B1215234549298N01147919EA007940093300000362480254
B1215244549296N01147911EA007930093200000362460254
B1215254549294N01147903EA007920093100000392480256
B1215264549293N01147895EA007910092900000422540256
B1215274549292N01147886EA007900092700000432580256
B1215284549290N01147877EA007880092600000422560256
B1215294549287N01147869EA007870092500000402500256
B1215304549285N01147861EA007870092500000392460256
B1215314549283N01147853EA007860092400000412480257
B1215324549281N01147844EA007850092300000442520257
B1215334549280N01147834EA007850092200000452540257
B1215344549278N01147826EA007840092200000402540257
B1215354549276N01147818EA007840092400000352500257
B1215364549273N01147812EA007850092500000332460257
B1215374549271N01147806EA007850092400000332420257
B1215384549269N01147798EA007850092300000372460257
B1215394549267N01147790EA007840092100000392500257
B1215404549265N01147782EA007830091900000382500257
B1215414549263N01147775EA007820091900000382460257
B1215424549261N01147769EA007820091900000312450257
B1215434549259N01147763EA007810092000000312440257
B1215444549258N01147757EA007810091900000292480241
B1215454549257N01147750EA007810091800000292520241
B1215464549255N01147744EA007800091600000332510241
B1215474549253N01147737EA007780091500000332500241
B1215484549251N01147729EA007770091300000362460241
B1215504549247N01147716EA007760091200000322460241
B1215514549245N01147710EA007750091200000322480245
B1215524549243N01147704EA007750091300000292460245
B1215534549241N01147698EA007750091300000292440245
B1215544549239N01147691EA007750091200000352460245
B1215554549238N01147683EA007750091200000362480245
B1215564549237N01147676EA007750091300000322530245
B1215574549236N01147670EA007750091300000322580245
B1215584549235N01147664EA007750091300000292560245
B1215594549233N01147657EA007740091100000292540252
B1216004549231N01147650EA007730090900000382520252
B1216014549229N01147642EA007710090600000412500252
B1216024549227N01147633EA007690090400000402480252
B1216034549224N01147626EA007680090300000402460252
B1216044549222N01147619EA007670090200000352440252
B1216054549220N01147612EA007660090200000352420252
B1216064549217N01147606EA007650090100000352400254
B1216074549214N01147599EA007640089900000352380254
B1216084549211N01147593EA007630089800000372360254
B1216094549208N01147586EA007620089700000372340236
B1216104549204N01147580EA007610089700000342330236
B1216114549202N01147574EA007610089700000342320236
B1216124549200N01147568EA007610089700000322390236
B1216134549198N01147562EA007600089700000322460236
B1216144549195N01147555EA007600089600000342430241
B1216154549193N01147549EA007590089500000342400241
B1216164549190N01147542EA007590089400000362400241
B1216174549187N01147535EA007580089400000362400241
B1216184549185N01147528EA007580089400000332420241
B1216194549183N01147522EA007570089300000332440241
B1216204549181N01147515EA007570089300000322440241
B1216214549179N01147509EA007560089200000322440240
B1216224549177N01147502EA007550089000000362460240
B1216234549176N01147494EA007540088900000372500240
B1216244549174N01147486EA007530088800000362540240
B1216254549173N01147479EA007520088800000362540240
B1216264549171N01147472EA007520088700000352530240
B1216274549170N01147464EA007510088600000352520240
B1216284549169N01147457EA007500088500000362530253
B1216294549167N01147449EA007500088500000342540253
B1216304549165N01147443EA007490088400000322520253
B1216314549164N01147436EA007490088500000322500253
B1216324549163N01147430EA007480088400000312520253
B1216334549161N01147423EA007480088300000312540253
B1216344549160N01147416EA007470088200000332540253
B1216354549159N01147409EA007460088100000332540250
B1216364549157N01147402EA007460088000000342530250
B1216374549156N01147395EA007440087900000342520250
B1216384549155N01147387EA007430087700000362540250
B1216394549154N01147379EA007410087600000382560250
B1216404549153N01147371EA007400087400000392580250
B1216414549152N01147363EA007390087300000382600250
B1216424549151N01147355EA007380087200000362600255
B1216434549150N01147348EA007370087100000362580255
B1216444549149N01147340EA007360087000000352580255
B1216454549148N01147333EA007350086800000352600255
B1216464549147N01147325EA007330086700000352600255
B1216474549146N01147318EA007310086500000352580255
B1216484549145N01147311EA007300086200000342580255
B1216494549144N01147303EA007280086000000352580256
B1216504549143N01147296EA007250085800000372590256
B1216514549142N01147288EA007230085500000382600256
B1216524549140N01147280EA007210085200000372560256
B1216534549138N01147272EA007190085100000362520256
B1216544549137N01147265EA007170085000000342500256
B1216554549135N01147258EA007150084800000342520267
B1216564549134N01147251EA007140084700000342530267
B1216574549133N01147244EA007120084500000342540267
B1216584549131N01147237EA007110084300000362510267
B1216594549129N01147230EA007090084100000362480267
B1217004549126N01147222EA007070084000000362460267
B1217014549125N01147215EA007060083800000362480267
B1217024549123N01147209EA007040083600000332480279
B1217034549121N01147202EA007020083400000332480279
B1217044549119N01147195EA007000083200000342490279
B1217054549118N01147188EA006980083000000342500279
B1217064549116N01147181EA006960082800000322500279
B1217074549115N01147175EA006940082600000322500279
B1217084549113N01147168EA006920082400000332520279
B1217094549112N01147161EA006900082100000332540279
B1217104549111N01147153EA006880081800000352560290
B1217114549109N01147146EA006850081600000352560279
B1217124549108N01147139EA006830081400000342550279
B1217134549107N01147132EA006810081100000342540279
B1217144549106N01147125EA006780080900000352560279
B1217154549105N01147117EA006760080600000362580279
B1217164549104N01147109EA006740080400000362600286
B1217174549104N01147101EA006710080100000362620286
B1217184549103N01147094EA006690079900000352620286
B1217194549102N01147086EA006660079700000342620286
B1217204549102N01147079EA006640079400000352610286
B1217214549101N01147071EA006610079100000372600286
B1217224549100N01147063EA006590078800000382600286
B1217234549099N01147055EA006560078600000392580301
B1217244549098N01147046EA006540078400000392600301
B1217254549097N01147038EA006520078200000382600301
B1217264549096N01147030EA006500078000000372600301
B1217274549095N01147022EA006480077800000372600301
B1217284549094N01147015EA006460077600000362600301
B1217294549093N01147007EA006430077300000362600312
B1217304549093N01146999EA006410077100000372640312
B1217314549092N01146991EA006390076800000382620312
B1217324549091N01146983EA006360076500000382600312
B1217334549090N01146975EA006330076100000392580312
B1217344549089N01146966EA006300075800000402580312
B1217354549088N01146958EA006270075500000402580320
B1217364549086N01146949EA006250075100000392580320
B1217374549085N01146941EA006220074800000382580320
B1217384549084N01146933EA006190074600000392580320
B1217394549082N01146924EA006170074400000402560320
B1217404549080N01146916EA006150074100000402500320
B1217414549078N01146908EA006120073900000382480325
B1217424549076N01146900EA006100073700000392500325
B1217434549074N01146892EA006080073400000402520325
B1217444549073N01146884EA006050073200000402520325
B1217454549071N01146876EA006030072900000402500325
B1217464549068N01146868EA006010072700000402500325
B1217474549066N01146860EA005980072400000392480326
B1217484549064N01146852EA005950072100000382480326
B1217494549062N01146844EA005930071800000382480326
B1217504549061N01146836EA005890071400000402520326
B1217514549060N01146827EA005860071000000412560326
B1217524549058N01146818EA005820070600000422560311
B1217534549057N01146809EA005780070200000422560311
B1217544549055N01146801EA005750069900000412560311
B1217554549054N01146792EA005720069600000402580311
B1217564549053N01146784EA005690069400000392600311
B1217574549052N01146775EA005670069100000392580311
B1217584549051N01146767EA005640068800000392560311
B1217594549049N01146759EA005610068500000402580306
B1218004549048N01146750EA005590068200000412560306
B1218014549046N01146741EA005560067900000412560306
B1218024549045N01146733EA005540067700000402540306
B1218034549043N01146724EA005520067500000382540306
B1218044549042N01146717EA005500067400000372540306
B1218054549040N01146709EA005480067200000382540309
B1218064549038N01146701EA005470067000000392500309
B1218074549036N01146693EA005450066800000402500309
B1218084549034N01146685EA005430066600000412480309
B1218094549032N01146676EA005410066400000412500309
B1218104549031N01146668EA005390066200000402520309
B1218114549029N01146660EA005370066100000382520311
B1218124549027N01146652EA005360066000000372500311
B1218134549025N01146644EA005340065800000372500311
B1218144549024N01146636EA005330065600000382520311
B1218154549022N01146628EA005300065200000392540311
B1218164549021N01146619EA005270064900000412560311
B1218174549020N01146610EA005250064600000442580310
B1218184549019N01146600EA005220064300000452600310
B1218194549017N01146591EA005190064100000432600310
B1218204549015N01146583EA005170063900000392540310
B1218214549013N01146576EA005160063900000392460310
B1218224549011N01146568EA005150063800000372460310
B1218234549010N01146560EA005140063700000402540316
B1218244549009N01146551EA005120063500000402600288
B1218254549008N01146543EA005110063300000382600288
B1218264549007N01146535EA005090063200000372580288
B1218274549006N01146527EA005080063000000392580288
B1218284549005N01146518EA005070062900000392600288
B1218294549004N01146510EA005060062800000382620302
B1218304549003N01146502EA005050062700000362600302
B1218314549001N01146495EA005040062700000362540302
B1218324549000N01146488EA005030062600000352520302
B1218334548998N01146480EA005020062500000352500302
B1218344548997N01146473EA005010062300000362520302
B1218354548995N01146466EA004990062200000362540302
B1218364548994N01146459EA004980062000000332530308
B1218374548992N01146452EA004970061900000332520308
B1218384548991N01146445EA004950061800000332550308
B1218394548990N01146438EA004940061600000332580308
B1218404548989N01146430EA004920061400000342600308
B1218414548988N01146423EA004910061300000342580308
B1218424548987N01146416EA004900061100000332580308
B1218434548987N01146409EA004880061000000332580327
B1218444548986N01146403EA004870060900000282600327
B1218454548986N01146397EA004860060800000282620327
B1218464548985N01146391EA004840060600000302630327
B1218474548985N01146384EA004830060400000302640327
B1218484548985N01146377EA004810060200000322660327
B1218494548984N01146370EA004790060000000322680327
B1218504548984N01146363EA004770059800000312680327
B1218514548984N01146357EA004750059600000302640344
B1218524548983N01146350EA004730059300000322600344
B1218534548981N01146343EA004710059100000322560344
B1218544548980N01146337EA004690058900000332540344
B1218554548979N01146330EA004670058800000332520344
B1218564548978N01146323EA004660058600000322550344
B1218574548977N01146316EA004640058500000322580344
B1218584548976N01146309EA004620058300000332580380
B1218594548975N01146302EA004600058000000332580380
B1219004548974N01146295EA004580057700000352580380
B1219014548973N01146287EA004560057400000362580380
B1219024548973N01146279EA004530057200000362620380
B1219034548972N01146271EA004510056900000362620380
B1219044548971N01146264EA004490056700000362630380
B1219054548971N01146256EA004460056500000362640413
B1219064548971N01146248EA004440056200000372660413
B1219074548971N01146240EA004410056000000382680413
B1219084548971N01146231EA004390055800000372680413
B1219094548971N01146224EA004370055600000372680413
B1219104548971N01146216EA004350055400000352700413
B1219114548971N01146208EA004330055200000342700447
B1219124548970N01146201EA004310055000000332650447
B1219134548969N01146194EA004300054800000332600447
B1219144548969N01146187EA004280054500000342630447
B1219154548969N01146179EA004250054300000362660447
B1219164548969N01146171EA004230054000000362720447
B1219174548969N01146164EA004210053800000362720447
B1219184548968N01146156EA004190053700000332640478
B1219194548967N01146149EA004170053600000332580478
B1219204548966N01146143EA004160053400000312580478
B1219214548965N01146137EA004140053300000312580478
B1219224548964N01146130EA004130053200000282570478
B1219234548964N01146124EA004120053000000282560478
B1219244548963N01146117EA004110052900000332570478
B1219254548962N01146110EA004100052700000332580494
B1219264548960N01146102EA004090052600000362560494
B1219274548959N01146096EA004090052600000362540433
B1219284548957N01146090EA004090052700000282490433
B1219294548955N01146084EA004090052700000282440433
B1219304548954N01146079EA004080052600000272480433
B1219314548953N01146073EA004080052500000272520433
B1219324548952N01146065EA004060052300000352600433
B1219334548952N01146057EA004050052000000392620460
B1219344548951N01146049EA004030051900000382600460
B1219354548950N01146041EA004020051800000352600460
B1219364548948N01146035EA004010051800000312570460
B1219374548947N01146028EA004010051700000312540460
B1219384548945N01146022EA004000051600000322530460
B1219394548944N01146014EA003990051400000362520460
B1219404548942N01146007EA003970051200000372520469
B1219414548941N01145999EA003950051000000372520469
B1219424548939N01145992EA003940050900000372500469
B1219434548936N01145984EA003920050700000392480469
B1219444548934N01145976EA003910050500000412460469
B1219454548931N01145968EA003890050300000422440469
B1219464548927N01145960EA003870050200000442400472
B1219474548924N01145952EA003860050100000432380472
B1219484548921N01145944EA003860050100000412380472
B1219494548917N01145937EA003850050000000412360472
B1219504548914N01145930EA003850050000000412340472
B1219514548910N01145923EA003850050000000412320472
B1219524548906N01145916EA003850050100000412310414
B1219534548902N01145910EA003850050100000412300463
B1219544548898N01145904EA003850050200000352280463
B1219554548895N01145899EA003850050300000352260463
B1219564548891N01145893EA003850050200000362270463
B1219574548887N01145886EA003850050200000362280463
B1219584548884N01145879EA003850050100000412300463
B1219594548880N01145872EA003850050100000412320463
B1220004548877N01145865EA003850050200000372350463
B1220014548874N01145859EA003860050300000372380484
B1220024548872N01145853EA003860050500000322360484
B1220034548869N01145848EA003870050600000322340484
B1220044548868N01145842EA003880050600000282410484
B1220054548866N01145836EA003880050600000282480484
B1220064548863N01145829EA003880050500000372440484
B1220074548860N01145822EA003870050300000372400484
B1220084548857N01145816EA003860050200000372400438
B1220094548853N01145810EA003840050100000362320457
B1220104548849N01145805EA003830050000000352250457
B1220114548844N01145801EA003820049900000352180457
B1220124548840N01145796EA003810049800000392160457
B1220134548835N01145790EA003800049600000392140457
B1220144548831N01145784EA003790049500000412190457
B1220154548826N01145778EA003780049500000412240457
B1220164548822N01145772EA003780049600000392240457
B1220174548818N01145766EA003790049700000392240457
B1220184548814N01145759EA003790049800000372260495
B1220194548811N01145754EA003790049900000372280495
B1220204548807N01145748EA003800050000000372290435
B1220214548804N01145741EA003810050000000372300435
B1220224548800N01145734EA003810050100000372330435
B1220234548798N01145728EA003820050300000372360435
B1220244548796N01145721EA003840050500000332460435
B1220254548796N01145714EA003850050600000332560435
B1220264548796N01145707EA003850050700000302660457
B1220274548797N01145701EA003850050600000302760457
B1220284548797N01145695EA003840050400000302720457
B1220294548797N01145687EA003820050000000352680457
B1220304548797N01145679EA003800049700000412700457
B1220314548798N01145669EA003780049400000462760457
B1220324548798N01145660EA003760049300000452740448
B1220334548797N01145651EA003760049300000422660448
B1220344548795N01145643EA003750049300000362560448
B1220354548792N01145637EA003740049200000362420448
B1220364548788N01145632EA003730049100000342280448
B1220374548783N01145629EA003720048900000342140448
B1220384548777N01145629EA003700048600000371960448
B1220394548772N01145631EA003670048300000371780448
B1220404548768N01145637EA003650047900000381510448
B1220414548766N01145645EA003620047600000381240448
B1220424548764N01145652EA003590047400000321140448
B1220434548763N01145657EA003570047300000321040448
B1220444548763N01145663EA003550047200000271000457
B1220454548762N01145670EA003540047000000270960457
B1220464548763N01145677EA003530046900000340890457
B1220474548764N01145684EA003510046700000340820457
B1220484548765N01145691EA003500046600000320770457
B1220494548767N01145697EA003480046400000320720457
B1220504548768N01145703EA003470046300000280690457
B1220514548770N01145708EA003450046100000280660457
B1220524548772N01145714EA003440046000000290640435
B1220534548774N01145720EA003420045900000290620435
B1220544548776N01145727EA003410045700000310660435
B1220554548777N01145733EA003400045600000310720435
B1220564548778N01145739EA003390045500000290740435
B1220574548779N01145746EA003380045500000290760435
B1220584548779N01145752EA003360045400000290820435
B1220594548779N01145758EA003350045300000290880435
B1221004548780N01145765EA003340045100000300850410
B1221014548781N01145771EA003330045000000300820410
B1221024548781N01145778EA003310044800000350820410
B1221034548782N01145786EA003290044500000350820410
B1221044548782N01145794EA003270044200000350830410
B1221054548783N01145801EA003250044000000350840410
B1221064548783N01145809EA003230044000000360850410
B1221074548783N01145817EA003230043900000360860382
B1221084548782N01145826EA003220043900000400920382
B1221094548781N01145834EA003220043900000401000382
B1221104548780N01145842EA003230044000000340990382
B1221114548780N01145849EA003240044300000340980382
B1221124548780N01145854EA003250044500000240870382
B1221134548781N01145859EA003260044500000240760382
B1221144548782N01145865EA003260044400000300770354
B1221154548783N01145873EA003250044100000300780354
B1221164548784N01145881EA003230043900000380800354
B1221174548785N01145889EA003210043700000380820354
B1221184548785N01145896EA003190043500000330850354
B1221194548785N01145903EA003180043400000330880354
B1221204548785N01145910EA003170043200000320890354
B1221214548785N01145917EA003150043000000320900323
B1221224548785N01145925EA003120042700000350890323
B1221234548785N01145932EA003100042500000350880323
B1221244548785N01145941EA003080042300000390880323
B1221254548785N01145950EA003060042000000440900323
B1221264548785N01145960EA003030041600000450900323
B1221274548785N01145969EA003000041300000430900300
B1221284548784N01145978EA002980041200000380900300
B1221294548784N01145986EA002960041100000380880300
B1221304548785N01145992EA002950041100000310870300
B1221314548785N01146000EA002940040900000310860300
B1221324548785N01146008EA002920040600000390860300
B1221334548785N01146016EA002890040300000390860268
B1221344548785N01146024EA002870040000000370900268
B1221354548785N01146032EA002840039800000370940268
B1221364548785N01146038EA002820039700000300890268
B1221374548786N01146045EA002800039400000300840268
B1221384548786N01146052EA002770039000000360870268
B1221394548785N01146061EA002730038400000410900268
B1221404548785N01146069EA002690038000000400920254
B1221414548784N01146078EA002660037700000350940254
B1221424548784N01146085EA002630037500000320920254
B1221434548784N01146092EA002620037400000320920254
B1221444548784N01146099EA002600037100000340900254
B1221454548784N01146107EA002570036800000340880254
B1221464548784N01146116EA002540036400000420900239
B1221474548783N01146125EA002510036100000430920239
B1221484548783N01146135EA002480035800000430940239
B1221494548782N01146144EA002460035600000400960239
B1221504548782N01146152EA002450035600000370950239
B1221514548781N01146160EA002430035500000370940239
B1221524548781N01146167EA002420035300000360950226
B1221534548780N01146175EA002400035100000360960226
B1221544548779N01146184EA002380034800000420980226
B1221554548777N01146193EA002360034600000451000226
B1221564548775N01146203EA002340034300000451040226
B1221574548773N01146212EA002320034200000421060218
B1221584548772N01146220EA002310034100000381050218
B1221594548770N01146228EA002310034100000381040218
B1222004548769N01146236EA002310034100000371040218
B1222014548768N01146244EA002310034100000371040218
B1222024548767N01146253EA002310034100000411000218
B1222034548768N01146262EA002310034100000420900218
B1222044548768N01146271EA002320034200000390840218
B1222054548770N01146279EA002320034300000390800218
B1222064548771N01146285EA002330034400000260780218
B1222074548771N01146290EA002330034600000260760218
B1222084548770N01146295EA002340034700000280900218
B1222094548768N01146302EA002340034400000281040218
B1222104548766N01146311EA002330034100000431080218
B1222114548763N01146319EA002310033900000431120219
B1222124548759N01146328EA002300033800000491160206
B1222134548754N01146335EA002290033800000491240206
B1222144548749N01146340EA002290033900000391370206
B1222154548744N01146342EA002290034000000391500206
B1222164548738N01146341EA002290034000000361710206
B1222174548734N01146337EA002290033800000361920206
B1222184548731N01146329EA002270033600000402220206
B1222194548730N01146321EA002260033400000402460206
B1222204548731N01146313EA002250033400000362700206
B1222214548734N01146307EA002250033400000362880202
B1222224548737N01146304EA002250033500000273110202
B1222234548741N01146304EA002260033700000273340202
B1222244548746N01146306EA002270033800000323590202
B1222254548750N01146310EA002270033700000320240202
B1222264548753N01146316EA002270033800000320410206
B1222274548754N01146323EA002270033700000320580206
B1222284548755N01146331EA002260033700000380700206
B1222294548755N01146339EA002260033500000380820206
B1222304548754N01146348EA002250033500000420900206
B1222314548752N01146357EA002240033500000421000206
B1222324548749N01146365EA002240033600000391110208
B1222334548746N01146371EA002250033700000391220208
B1222344548741N01146376EA002260033900000341330208
B1222354548737N01146379EA002270034000000341440208
B1222364548732N01146380EA002280034100000341570208
B1222374548726N01146380EA002280034100000341700208
B1222384548721N01146378EA002280034000000401830208
B1222394548715N01146375EA002280034100000401960208
B1222404548711N01146371EA002280034100000332080208
B1222414548708N01146366EA002290034200000332200200
B1222424548706N01146360EA002300034300000292300194
B1222434548704N01146354EA002300034300000292400194
B1222444548704N01146348EA002300034300000302550194
B1222454548705N01146342EA002300034300000302700194
B1222464548707N01146335EA002300034200000312810194
B1222474548709N01146330EA002300034200000312920194
B1222484548712N01146325EA002300034200000262920206
B1222494548715N01146322EA002290034100000283100206
B1222504548719N01146320EA002290034100000303260206
B1222514548724N01146319EA002280034000000303420206
B1222524548729N01146319EA002280033900000343540206
B1222534548734N01146322EA002280033900000340060206
B1222544548738N01146326EA002270033900000360200206
B1222554548742N01146331EA002270033900000360340206
B1222564548745N01146337EA002270033900000330460206
B1222574548747N01146344EA002270033900000330580206
B1222584548748N01146352EA002260033900000390680206
B1222594548749N01146361EA002260033900000400780206
B1223004548748N01146369EA002260033900000380890208
B1223014548746N01146377EA002270034000000381000208
B1223024548743N01146385EA002270034000000431090208
B1223034548740N01146393EA002270034000000431180208
B1223044548736N01146401EA002270034100000421220208
B1223054548732N01146407EA002290034300000421260208
B1223064548728N01146411EA002310034600000331360208
B1223074548723N01146414EA002320034800000331460209
B1223084548718N01146415EA002330034800000341610209
B1223094548713N01146414EA002350034900000341760209
B1223104548710N01146410EA002350034900000311980208
B1223114548707N01146405EA002350034900000312200200
B1223124548705N01146397EA002360034900000352380200
B1223134548706N01146390EA002360035000000352600200
B1223144548708N01146384EA002360035100000322830200
B1223154548712N01146380EA002370035200000323060208
B1223164548717N01146379EA002380035200000323300208
B1223174548722N01146380EA002380035200000323540208
B1223184548727N01146384EA002380035100000370120208
B1223194548731N01146390EA002380035100000370300208
B1223204548734N01146397EA002380035100000420450208
B1223214548737N01146406EA002380035100000430600208
B1223224548737N01146415EA002390035200000410740209
B1223234548736N01146422EA002400035500000410880209
B1223244548733N01146428EA002420035700000331090209
B1223254548729N01146433EA002420035800000331300209
B1223264548724N01146437EA002430035800000381390209
B1223274548719N01146441EA002430035700000381480209
B1223284548714N01146443EA002440035700000331570209
B1223294548710N01146443EA002440035800000331660209
B1223304548706N01146439EA002440035700000311930200
B1223314548703N01146433EA002420035400000312200200
B1223324548702N01146425EA002410035200000392440200
B1223334548701N01146417EA002400035100000372580200
B1223344548702N01146410EA002400035200000302680200
B1223354548704N01146405EA002400035400000302820200
B1223364548706N01146401EA002400035600000243010200
B1223374548710N01146398EA002410035600000243200208
B1223384548714N01146396EA002400035500000303300208
B1223394548719N01146394EA002400035400000303400208
B1223404548723N01146393EA002400035400000323450208
B1223414548728N01146393EA002400035400000323500208
B1223424548733N01146393EA002400035400000343590208
B1223434548739N01146396EA002400035400000340080208
B1223444548744N01146399EA002400035400000370170208
B1223454548748N01146404EA002410035500000370260208
B1223464548752N01146410EA002410035600000400380208
B1223474548756N01146417EA002420035800000400500209
B1223484548758N01146424EA002440036000000330590209
B1223494548759N01146431EA002460036300000330680209
B1223504548758N01146437EA002470036300000330870209
B1223514548755N01146444EA002480036400000331060209
B1223524548752N01146450EA002480036400000351190209
B1223534548748N01146454EA002490036400000351320209
B1223544548744N01146457EA002490036400000301450209
B1223554548739N01146458EA002490036400000301580209
B1223564548735N01146458EA002480036300000281720209
B1223574548731N01146456EA002480036300000281860209
B1223584548727N01146454EA002470036200000281960209
B1223594548724N01146450EA002460036200000282060209
B1224004548722N01146446EA002460036200000242260209
B1224014548722N01146440EA002460036100000242460209
B1224024548724N01146435EA002450036000000292710209
B1224034548727N01146429EA002450036000000292960209
B1224044548731N01146425EA002440035900000343100209
B1224054548735N01146421EA002440035900000343240209
B1224064548739N01146419EA002450036000000323310209
B1224074548744N01146417EA002450036100000323380209
B1224084548749N01146416EA002460036200000323460209
B1224094548754N01146416EA002470036200000323540209
B1224104548759N01146416EA002480036300000373580209
B1224114548765N01146416EA002480036300000370020220
B1224124548771N01146415EA002490036400000403540220
B1224134548777N01146412EA002500036600000403460220
B1224144548782N01146410EA002520036800000363400221
B1224154548787N01146408EA002530037000000363380221
B1224164548792N01146406EA002540037100000323440221
B1224174548796N01146406EA002550037000000323500221
B1224184548801N01146408EA002540036900000340070221
B1224194548805N01146413EA002540036700000340240220
B1224204548808N01146421EA002520036500000390450220
B1224214548809N01146429EA002500036200000390660220
B1224224548808N01146436EA002470035800000370870220
B1224234548805N01146443EA002430035400000371080220
B1224244548800N01146447EA002400035000000351310220
B1224254548794N01146446EA002360034500000351540220
B1224264548788N01146444EA002320034100000451760220
B1224274548782N01146440EA002290033800000451980220
B1224284548778N01146437EA002270033900000342000220
B1224294548773N01146435EA002270034100000342020220
B1224304548768N01146433EA002270034100000341980220
B1224314548763N01146432EA002270034100000341940220
B1224324548758N01146431EA002270034100000371900209
B1224334548753N01146431EA002270034200000371860209
B1224344548748N01146432EA002280034300000261780209
B1224354548745N01146433EA002290034500000261700209
B1224364548741N01146435EA002290034500000281660209
B1224374548736N01146436EA002290034400000281620209
B1224384548731N01146437EA002280034100000381700209
B1224394548725N01146437EA002260034000000381780209
B1224404548719N01146436EA002260033900000371810209
B1224414548714N01146436EA002250033900000371840209
B1224424548710N01146435EA002250033900000311850209
B1224434548705N01146434EA002250033900000311860200
B1224444548699N01146434EA002250033800000381850200
B1224454548693N01146433EA002240033700000381840200
B1224464548687N01146433EA002230033600000371820200
B1224474548682N01146433EA002220033600000371800200
B1224484548677N01146432EA002210033500000321860200
B1224494548673N01146429EA002200033300000321920200
B1224504548668N01146425EA002170032900000362010200
B1224514548663N01146421EA002150032600000362100200
B1224524548658N01146417EA002120032300000382120191
B1224534548654N01146411EA002090032000000382140189
B1224544548650N01146405EA002070031800000362220189
B1224554548647N01146399EA002050031600000362300189
B1224564548643N01146393EA002030031500000382300189
B1224574548639N01146386EA002010031300000382300189
B1224584548635N01146379EA002000031100000412310189
B1224594548632N01146372EA001980030900000412320189
B1225004548629N01146364EA001980030800000402380189
B1225014548627N01146356EA001970030700000392440189
B1225024548626N01146348EA001950030600000392520189
B1225034548625N01146340EA001930030400000392600189
B1225044548625N01146331EA001910030200000412640189
B1225054548625N01146322EA001900030000000402680189
B1225064548625N01146314EA001890030000000382720189
B1225074548626N01146306EA001890030000000382740186
B1225084548627N01146298EA001890030000000382780186
B1225094548628N01146289EA001880029900000392820186
B1225104548630N01146281EA001880029900000402820186
B1225114548631N01146273EA001880029900000382820186
B1225124548632N01146265EA001880029900000362800186
B1225134548633N01146257EA001880029900000352780188
B1225144548634N01146250EA001880029900000372820188
B1225154548636N01146243EA001890029900000372860188
B1225164548639N01146237EA001890030000000333000188
B1225174548643N01146234EA001900030100000333140188
B1225184548648N01146233EA001900030100000343380188
B1225194548653N01146235EA001900030000000340020188
B1225204548658N01146240EA001900030000000380210188
B1225214548661N01146246EA001900029900000380400192
B1225224548663N01146253EA001900030000000320550192
B1225234548664N01146259EA001910030100000320700192
B1225244548664N01146265EA001910030200000290840192
B1225254548662N01146271EA001910030200000290980192
B1225264548660N01146277EA001910030300000301120192
B1225274548656N01146281EA001910030300000301260186
B1225284548652N01146284EA001920030300000321410186
B1225294548647N01146286EA001910030200000321560186
B1225304548643N01146286EA001910030300000301680186
B1225314548639N01146285EA001920030300000301800186
B1225324548635N01146281EA001920030400000302000186
B1225334548632N01146275EA001920030500000302200186
B1225344548631N01146268EA001930030500000352370186
B1225354548630N01146261EA001930030500000352540188
B1225364548632N01146253EA001930030500000392700188
B1225374548635N01146246EA001930030500000392880188
B1225384548639N01146240EA001930030600000353030188
B1225394548643N01146237EA001940030600000353180188
B1225404548648N01146235EA001950030700000343330188
B1225414548653N01146235EA001950030700000343480188
B1225424548658N01146236EA001960030700000340010188
B1225434548662N01146239EA001960030700000340140192
B1225444548666N01146244EA001960030800000320140192
B1225454548670N01146249EA001960030800000320360192
B1225464548673N01146255EA001960030800000330480192
B1225474548674N01146261EA001960030800000330600192
B1225484548675N01146269EA001970030900000340710192
B1225494548675N01146276EA001970030900000340820192
B1225504548674N01146282EA001970031000000280930192
B1225514548672N01146287EA001970031100000281040192
B1225524548670N01146291EA001970031000000281160192
B1225534548666N01146296EA001970030900000281280192
B1225544548662N01146299EA001970030800000321390192
B1225554548658N01146301EA001970030800000321500186
B1225564548652N01146302EA001960030700000371670186
B1225574548647N01146299EA001950030600000371840186
B1225584548642N01146294EA001940030500000392020186
B1225594548639N01146288EA001930030400000392200186
B1226004548636N01146281EA001930030500000352320186
B1226014548635N01146274EA001930030500000352440186
B1226024548634N01146266EA001930030400000372560186
B1226034548635N01146258EA001920030400000392660188
B1226044548637N01146249EA001920030300000422780188
B1226054548639N01146241EA001930030300000412880188
B1226064548643N01146234EA001930030400000392960188
B1226074548646N01146228EA001930030500000393040188
B1226084548648N01146222EA001940030700000313010188
B1226094548651N01146216EA001940030700000312980188
B1226104548654N01146212EA001950030700000323060188
B1226114548658N01146207EA001950030600000323140192
B1226124548663N01146205EA001950030600000343280194
B1226134548668N01146205EA001950030600000343420194
B1226144548673N01146207EA001940030700000360020194
B1226154548677N01146212EA001940030600000360220192
B1226164548680N01146219EA001940030500000400420192
B1226174548682N01146228EA001930030400000390620192
B1226184548681N01146236EA001930030500000360810192
B1226194548679N01146242EA001930030500000361000192
B1226204548676N01146248EA001930030600000321150192
B1226214548673N01146252EA001930030600000321300192
B1226224548668N01146256EA001940030600000341430192
B1226234548663N01146257EA001940030600000341560192
B1226244548658N01146256EA001940030700000331720188
B1226254548654N01146255EA001940030700000331880188
B1226264548649N01146252EA001950030800000301970188
B1226274548646N01146248EA001960030900000302060188
B1226284548643N01146242EA001960030800000342200188
B1226294548640N01146235EA001960030800000342340188
B1226304548639N01146227EA001950030700000392480188
B1226314548640N01146219EA001950030700000362620188
B1226324548641N01146212EA001950030700000332740188
B1226334548643N01146206EA001950030800000332860192
B1226344548646N01146201EA001960030800000313010192
B1226354548650N01146197EA001960030800000313160192
B1226364548655N01146195EA001960030700000353320192
B1226374548660N01146194EA001960030700000353440194
B1226384548666N01146195EA001960030700000363570194
B1226394548671N01146198EA001960030700000360100194
B1226404548675N01146202EA001960030700000340220194
B1226414548679N01146207EA001950030700000340340194
B1226424548682N01146212EA001950030600000340450192
B1226434548685N01146220EA001940030400000340560192
B1226444548686N01146228EA001920030300000400650192
B1226454548687N01146236EA001910030100000400740192
B1226464548687N01146245EA001900030100000380840192
B1226474548686N01146253EA001900030100000380940192
B1226484548684N01146260EA001890030100000351030192
B1226494548681N01146266EA001890030200000351120192
B1226504548678N01146273EA001890030200000361210192
B1226514548674N01146277EA001900030300000361300192
B1226524548670N01146281EA001910030400000301390192
B1226534548666N01146283EA001920030400000301480192
B1226544548661N01146283EA001920030400000341660192
B1226554548656N01146281EA001920030300000341840186
B1226564548652N01146277EA001910030300000351980186
B1226574548648N01146273EA001910030300000352120186
B1226584548645N01146267EA001910030300000322210186
B1226594548643N01146261EA001910030300000322300188
B1227004548642N01146253EA001920030300000392460188
B1227014548643N01146244EA001910030200000412640188
B1227024548645N01146237EA001910030100000412820188
B1227034548649N01146231EA001900030100000413000188
B1227044548654N01146227EA001900030200000363180188
B1227054548659N01146226EA001910030200000363360188
B1227064548665N01146226EA001910030300000363520192
B1227074548670N01146229EA001910030300000360080192
B1227084548674N01146233EA001920030400000360220192
B1227094548678N01146239EA001920030400000360360192
B1227104548680N01146247EA001920030400000390520192
B1227114548682N01146255EA001920030300000390680192
B1227124548681N01146263EA001920030400000390790192
B1227134548681N01146271EA001920030400000390900192
B1227144548679N01146278EA001930030600000321010192
B1227154548677N01146284EA001930030700000321120192
B1227164548674N01146288EA001940030700000291240192
B1227174548670N01146290EA001940030700000291420192
B1227184548665N01146291EA001940030600000321620192
B1227194548660N01146289EA001940030600000321820192
B1227204548656N01146286EA001930030400000351960186
B1227214548652N01146280EA001920030300000352100186
B1227224548650N01146273EA001910030200000362330186
B1227234548650N01146264EA001900030000000422560186
B1227244548652N01146255EA001890029800000452760188
B1227254548655N01146247EA001880029700000432880188
B1227264548659N01146241EA001870029700000403040188
B1227274548665N01146238EA001860029600000403200192
B1227284548671N01146237EA001860029600000423380192
B1227294548677N01146237EA001860029600000423560192
B1227304548682N01146240EA001860029700000350100192
B1227314548686N01146245EA001870029700000350240192
B1227324548690N01146251EA001870029700000360410192
B1227334548692N01146258EA001860029600000360580192
B1227344548693N01146265EA001860029700000330670192
B1227354548694N01146272EA001870029700000330760192
B1227364548695N01146279EA001870029900000310760192
B1227374548696N01146285EA001880030000000310760192
B1227384548697N01146292EA001900030200000310770192
B1227394548697N01146298EA001920030400000310780192
B1227404548694N01146304EA001930030500000341010192
B1227414548690N01146309EA001940030600000341240192
B1227424548684N01146311EA001950030600000381490192
B1227434548679N01146309EA001950030700000381740192
B1227444548674N01146303EA001960030700000392000192
B1227454548673N01146296EA001950030600000392260192
B1227464548674N01146287EA001940030500000432600192
B1227474548678N01146280EA001930030200000432920192
B1227484548684N01146277EA001920030100000423160192
B1227494548690N01146276EA001910030000000423400192
B1227504548696N01146277EA001900030000000383550192
B1227514548701N01146280EA001900030000000380100192
B1227524548706N01146283EA001910030200000370200192
B1227534548710N01146289EA001920030300000370300202
B1227544548713N01146296EA001930030500000340470202
B1227554548714N01146302EA001940030600000340640202
B1227564548716N01146308EA001950030700000260640202
B1227574548717N01146313EA001960030900000260640206
B1227584548719N01146318EA001970030900000290660206
B1227594548720N01146325EA001980030900000290680206
B1228004548720N01146332EA001970030900000330770206
B1228014548720N01146339EA001970030900000330860206
B1228024548720N01146345EA001970030900000260860206
B1228034548719N01146350EA001970031000000231020206
B1228044548717N01146354EA001970031000000201150206
B1228054548715N01146357EA001970031100000201280206
B1228064548712N01146359EA001970031000000231400206
B1228074548708N01146361EA001970030900000231520194
B1228084548705N01146362EA001960030800000251570200
B1228094548701N01146364EA001950030800000251620200
B1228104548698N01146367EA001950030700000261560200
B1228114548694N01146370EA001940030500000261500200
B1228124548691N01146374EA001930030500000261450200
B1228134548689N01146377EA001920030400000261400200
B1228144548686N01146381EA001920030500000231360200
B1228154548683N01146384EA001920030500000231320200
B1228164548680N01146388EA001920030500000251370200
B1228174548677N01146390EA001920030400000251420200
B1228184548673N01146392EA001920030400000281510200
B1228194548669N01146394EA001920030400000281600200
B1228204548664N01146394EA001920030400000311690200
B1228214548660N01146394EA001920030500000311780200
B1228224548655N01146392EA001930030500000341890189
B1228234548650N01146388EA001940030600000342000189
B1228244548646N01146382EA001940030600000382140189
B1228254548644N01146374EA001940030500000402280189
B1228264548644N01146365EA001940030400000452520189
B1228274548647N01146356EA001930030300000462740189
B1228284548652N01146349EA001910030100000472980189
B1228294548658N01146346EA001900029900000473220189
B1228304548665N01146348EA001890029800000433510194
B1228314548669N01146354EA001870029800000430200194
B1228324548671N01146361EA001870029800000350490194
B1228334548670N01146368EA001870029900000350780200
B1228344548668N01146374EA001870029900000290990200
B1228354548666N01146378EA001870030000000291200200
B1228364548662N01146381EA001880030100000281360200
B1228374548658N01146383EA001890030200000281520189
B1228384548653N01146383EA001900030300000331660189
B1228394548647N01146382EA001900030300000331800189
B1228404548642N01146381EA001910030400000361840189
B1228414548637N01146380EA001920030500000361880189
B1228424548633N01146380EA001930030700000251840189
B1228434548630N01146380EA001940030800000251800189
B1228444548626N01146381EA001950030800000231720189
B1228454548622N01146383EA001950030800000231640189
B1228464548618N01146384EA001950030600000291680189
B1228474548614N01146383EA001940030500000291720189
B1228484548610N01146380EA001930030400000291900189
B1228494548607N01146376EA001920030300000292080185
B1228504548605N01146369EA001910030100000362290185
B1228514548604N01146360EA001900029900000402500183
B1228524548605N01146352EA001890029700000432660183
B1228534548608N01146343EA001870029600000452820183
B1228544548613N01146336EA001860029400000463010189
B1228554548619N01146332EA001850029300000463200189
B1228564548625N01146332EA001840029300000403400189
B1228574548631N01146335EA001830029200000400000189
B1228584548635N01146340EA001820029100000380240189
B1228594548637N01146347EA001810029000000380480189
B1229004548639N01146353EA001810029100000260610189
B1229014548639N01146358EA001810029300000260740189
B1229024548640N01146362EA001810029300000200790189
B1229034548640N01146367EA001800029200000200840189
B1229044548639N01146373EA001790029000000290950189
B1229054548636N01146378EA001780028800000291060189
B1229064548634N01146383EA001770028700000271210189
B1229074548630N01146385EA001760028600000271360189
B1229084548626N01146386EA001750028400000271590189
B1229094548622N01146384EA001730028300000271820189
B1229104548618N01146380EA001710028000000352000189
B1229114548614N01146373EA001690027800000352180189
B1229124548611N01146366EA001680027600000392300189
B1229134548609N01146359EA001680027600000392420183
B1229144548608N01146352EA001670027600000312470183
B1229154548606N01146346EA001660027500000312520183
B1229164548605N01146340EA001650027400000312490183
B1229174548603N01146333EA001640027100000312460183
B1229184548601N01146325EA001610026800000402480183
B1229194548600N01146316EA001590026500000422540183
B1229204548599N01146308EA001560026300000392620183
B1229214548599N01146300EA001550026300000372640183
B1229224548599N01146292EA001530026200000362680183
B1229234548599N01146283EA001520026100000392700183
B1229244548599N01146274EA001510026000000412720183
B1229254548600N01146265EA001500025800000432720183
B1229264548600N01146256EA001500025800000402720187
B1229274548601N01146248EA001500025900000372740187
B1229284548602N01146241EA001510026100000342770187
B1229294548603N01146234EA001520026100000342800187
B1229304548603N01146228EA001520026200000292790187
B1229314548604N01146221EA001520026200000292780187
B1229324548606N01146215EA001530026200000322870187
B1229334548609N01146210EA001520026100000322960188
B1229344548612N01146204EA001520026100000332960192
B1229354548616N01146199EA001520026100000323140192
B1229364548619N01146194EA001520026100000313110192
B1229374548622N01146188EA001520026100000313080192
B1229384548624N01146183EA001520026000000323030192
B1229394548626N01146176EA001510025900000322980192
B1229404548628N01146170EA001510025800000332960192
B1229414548630N01146163EA001500025700000332940192
B1229424548632N01146157EA001490025600000282890194
B1229434548632N01146152EA001480025500000282840194
B1229444548631N01146145EA001470025400000332670194
B1229454548629N01146138EA001460025100000332500194
B1229464548628N01146131EA001440025000000342550194
B1229474548628N01146123EA001420024900000332600194
B1229484548628N01146116EA001410024800000322670194
B1229494548629N01146110EA001410024700000322740195
B1229504548628N01146103EA001400024700000322700195
B1229514548628N01146096EA001400024600000322660195
B1229524548628N01146088EA001390024600000342660195
B1229534548627N01146081EA001390024600000342640195
B1229544548626N01146075EA001390024700000312600195
B1229554548625N01146069EA001400024800000312560195
B1229564548624N01146063EA001400024800000292520195
B1229574548622N01146057EA001400024700000292480202
B1229584548620N01146052EA001390024600000262440202
B1229594548617N01146048EA001380024400000262400202
B1230004548614N01146044EA001370024200000312230202
B1230014548609N01146042EA001350024000000312060195
B1230024548604N01146040EA001340023800000332010195
B1230034548600N01146038EA001330023800000331960195
B1230044548596N01146036EA001310023700000271960195
B1230054548592N01146034EA001300023700000271960195
B1230064548588N01146034EA001290023600000311890195
B1230074548582N01146034EA001280023400000311820195
B1230084548577N01146035EA001270023200000371760195
B1230094548571N01146036EA001260023200000371700195
B1230104548566N01146037EA001260023300000321720195
B1230114548562N01146038EA001250023300000321740195
B1230124548558N01146040EA001250023300000301630191
B1230134548554N01146045EA001250023200000301520191
B1230144548551N01146053EA001240023000000451330191
B1230154548549N01146062EA001230022800000451140193
B1230164548549N01146071EA001210022700000410980193
B1230174548551N01146079EA001200022700000410820193
B1230184548552N01146086EA001200022700000320760193
B1230194548553N01146092EA001190022700000320700193
B1230204548552N01146100EA001190022600000360880193
B1230214548548N01146107EA001180022300000361060193
B1230224548544N01146112EA001160022100000411250188
B1230234548538N01146116EA001140021900000411440188
B1230244548533N01146117EA001120021800000351440188
B1230254548528N01146118EA001120021800000321680188
B1230264548524N01146119EA001120021800000291710188
B1230274548519N01146119EA001120021800000291740188
B1230284548514N01146120EA001110021800000331740188
B1230294548509N01146121EA001110021700000321760185
B1230304548505N01146122EA001100021600000291690185
B1230314548501N01146125EA001100021600000291620185
B1230324548498N01146128EA001090021500000271530185
B1230334548494N01146132EA001080021400000271440185
B1230344548491N01146136EA001070021300000291430185
B1230354548487N01146139EA001060021200000291420185
B1230364548484N01146142EA001060021100000261450185
B1230374548480N01146145EA001050021100000261480185
B1230384548476N01146148EA001050021100000291490185
B1230394548472N01146151EA001040021000000291500185
B1230404548468N01146153EA001040021000000311530185
B1230414548464N01146156EA001040021000000311560185
B1230424548460N01146159EA001040021000000271520185
B1230434548457N01146162EA001040021100000271480182
B1230444548455N01146166EA001040021100000251360182
B1230454548453N01146171EA001040021000000251240182
B1230464548453N01146178EA001030020900000331080182
B1230474548454N01146186EA001020020700000330920182
B1230484548456N01146194EA001010020500000390780182
B1230494548459N01146201EA000990020200000390640182
B1230504548464N01146205EA000990020200000400430185
B1230514548470N01146206EA000980020200000400220185
B1230524548475N01146204EA000980020200000343570185
B1230534548479N01146199EA000970020100000343320185
B1230544548482N01146193EA000950020000000363180185
B1230554548485N01146186EA000940019900000363040185
B1230564548488N01146180EA000930019800000333040185
B1230574548491N01146175EA000920019700000333040185
B1230584548494N01146170EA000910019500000333090185
B1230594548498N01146164EA000900019500000333140185
B1231004548501N01146159EA000890019400000303110185
B1231014548503N01146155EA000880019300000303080185
B1231024548505N01146153EA000870019200000133140185
B1231034548505N01146152EA000860019200000133200185
B1231044548505N01146152EA000850019100000023200185
B1231054548506N01146152EA000850019200000023200185
B1231064548506N01146152EA000850019200000023200185
B1231074548506N01146152EA000850019200000023200185
B1231084548506N01146152EA000850019300000003200185
B1231094548506N01146152EA000850019300000003200185
B1231104548506N01146152EA000850019300000003200185
B1231114548506N01146152EA000850019300000003200185
B1231124548506N01146152EA000850019300000003200185
B1231134548506N01146152EA000850019300000003200185
B1231144548506N01146152EA000850019300000003200185
B1231154548506N01146152EA000850019400000000000185
B1231164548506N01146152EA000850019400000000000185
B1231174548506N01146152EA000850019400000000000185
B1231184548506N01146152EA000850019400000000000185
B1231194548506N01146152EA000850019400000000000185
B1231204548506N01146152EA000850019400000000000185
B1231214548506N01146152EA000850019400000000000185
B1231224548506N01146152EA000850019300000000000185
B1231234548506N01146152EA000850019300000000000185
B1231244548506N01146152EA000850019300000000000185
B1231254548506N01146152EA000850019300000000000185
B1231264548507N01146152EA000850019300000000000185
B1231274548507N01146152EA000850019400000000000185
B1231284548507N01146152EA000850019400000000000185
B1231294548507N01146152EA000850019400000000000185
B1231304548507N01146152EA000850019400000000000185
B1231314548507N01146152EA000850019400000000000185
B1231324548507N01146152EA000850019400000000000185
B1231334548507N01146152EA000850019400000000000185
B1231344548507N01146152EA000850019400000000000185
B1231354548507N01146152EA000850019300000000000185
B1231364548507N01146152EA000850019300000000000185
B1231374548507N01146152EA000850019400000003460185
B1231384548507N01146152EA000850019400000003460185
B1231394548507N01146151EA000850019400000000000185
B1231404548507N01146151EA000850019400000000000185
B1231414548508N01146151EA000850019400000000080185
B1231424548508N01146151EA000850019400000000080185
B1231434548508N01146151EA000850019400000000080185
B1231444548508N01146151EA000850019400000000080185
B1231454548508N01146151EA000850019400000000080185
B1231464548508N01146151EA000850019400000000080185
B1231474548508N01146151EA000850019400000000080185
B1231484548508N01146151EA000850019400000000080185
B1231494548508N01146151EA000850019400000000080185
B1231504548508N01146151EA000850019400000000080185
B1231514548508N01146151EA000850019400000000080185
B1231524548508N01146151EA000850019400000000080185
B1231534548508N01146151EA000850019400000000080185
B1231544548508N01146152EA000850019400000000080185
B1231554548508N01146152EA000850019400000000080185
B1231564548508N01146152EA000850019400000000080185
E123157PEV
B1231574548508N01146152EA000850019400000000000185
B1231584548508N01146152EA000850019400000000000185
B1231594548508N01146152EA000850019400000000000185
B1232004548508N01146152EA000850019400000000000185
B1232014548508N01146152EA000850019400000000000185
B1232024548508N01146152EA000850019400000000000185
B1232034548508N01146152EA000850019400000000000185
B1232044548508N01146152EA000850019400000000000185
B1232054548508N01146152EA000850019400000000000185
B1232064548508N01146152EA000850019400000000000185
B1232074548508N01146152EA000850019400000000000185
B1232084548508N01146152EA000850019400000000000185
B1232094548508N01146152EA000850019400000000000185
B1232104548508N01146152EA000860019400000000000185
B1232114548508N01146152EA000860019400000000000185
B1232124548508N01146152EA000860019400000000000185
B1232134548508N01146152EA000860019400000000000185
B1232144548508N01146152EA000860019400000000000185
E123215PEV
B1232154548508N01146152EA000860019400000000000185
G3B145F8595F669CEE4F0270D1D19A59D
