AXCCXXXCompCheck-4.7
HFDTEDATE:260526
HFFXA010
HFPLTPILOT:Manuela PFRUNDER
HPGTYGLIDERTYPE:Gin GTO 3
HPGIDGLIDERID:NA
HFDTM100GPSDATUM:WGS-1984
HFRFWFIRMWAREVERSION:
HFRHWHARDWAREVERSION:NA
HFFTYFRTYPE:NA
HFGPS:NA
HFPRSPRESSALTSENSOR:NA
HFTZN:2.0
HFTZOTimezone:2
HFCIDCOMPETITIONID:1486
HFCCLCOMPETITIONCLASS:NA
I063637LAD3839LOD4040TDS4142WSP4345WDI4649GND
E102848PEV
B1028484547760N01140142EA007030085900000171420846
B1028494547757N01140144EA007020085800000171540846
B1028504547754N01140146EA007010085600000211530846
B1028514547752N01140149EA007000085600000211520846
B1028524547749N01140151EA007000085500000201460846
B1028534547747N01140154EA007000085500000201400846
B1028544547745N01140157EA007010085500000191360846
B1028554547743N01140161EA007000085500000191320846
B1028564547742N01140165EA007000085400000201230846
B1028574547741N01140169EA007000085400000201140833
B1028584547739N01140173EA007000085400000191140833
B1028594547738N01140176EA007010085400000181120833
B1029004547735N01140179EA007010085400000201270833
B1029014547733N01140182EA007010085400000201420833
B1029024547731N01140185EA007010085300000201380833
B1029034547729N01140188EA007010085300000201340833
B1029044547727N01140191EA007010085300000211300833
B1029054547725N01140195EA007010085300000211260833
B1029064547723N01140200EA007020085400000231230833
B1029074547721N01140204EA007030085500000231200833
B1029084547720N01140208EA007040085700000221200833
B1029094547718N01140211EA007050085800000221200833
B1029104547715N01140213EA007060085900000201420833
B1029114547711N01140213EA007070086000000201640833
B1029124547708N01140210EA007090086200000261860797
B1029134547705N01140206EA007110086400000262080797
B1029144547703N01140201EA007120086600000282270797
B1029154547702N01140194EA007140086800000282460797
B1029164547701N01140187EA007160086900000352550797
B1029174547701N01140180EA007170086900000352640797
B1029184547703N01140172EA007170086900000392720797
B1029194547707N01140165EA007170086800000392920810
B1029204547713N01140160EA007160086600000493150846
B1029214547721N01140160EA007150086400000523380846
B1029224547728N01140163EA007140086200000460030846
B1029234547731N01140169EA007140086300000460280833
B1029244547733N01140175EA007140086400000250510833
B1029254547733N01140179EA007150086600000250740833
B1029264547734N01140183EA007160086700000170770833
B1029274547734N01140187EA007170086900000170800833
B1029284547734N01140191EA007180087000000200890833
B1029294547732N01140195EA007190087000000200980833
B1029304547729N01140200EA007200087100000271150833
B1029314547726N01140203EA007210087200000271320833
B1029324547723N01140205EA007230087500000201490833
B1029334547720N01140205EA007250087800000201660833
B1029344547717N01140203EA007260087900000231660833
B1029354547713N01140201EA007280088000000231980833
B1029364547710N01140196EA007290088100000312130797
B1029374547708N01140189EA007300088200000312280797
B1029384547707N01140180EA007300088100000452480797
B1029394547708N01140170EA007300088000000502640797
B1029404547712N01140161EA007290087800000512840846
B1029414547718N01140154EA007280087700000513040846
B1029424547726N01140152EA007270087400000513300846
B1029434547733N01140155EA007260087200000513580846
B1029444547738N01140161EA007250087300000390210846
B1029454547740N01140166EA007260087500000390440846
B1029464547742N01140170EA007270087800000170510833
B1029474547743N01140173EA007290088100000170580833
B1029484547744N01140176EA007310088300000160600833
B1029494547745N01140179EA007320088400000160620833
B1029504547746N01140184EA007330088500000230700833
B1029514547745N01140189EA007350088600000230780833
B1029524547744N01140193EA007360088700000200940833
B1029534547743N01140196EA007370088900000201100833
B1029544547741N01140199EA007390089100000161300833
B1029554547738N01140200EA007400089200000161500833
B1029564547735N01140200EA007400089200000211650833
B1029574547731N01140199EA007410089200000211800833
B1029584547727N01140196EA007410089200000311950833
B1029594547724N01140191EA007410089200000312100833
B1030004547722N01140184EA007410089100000372100833
B1030034547723N01140159EA007390088700000422760846
B1030044547727N01140152EA007370088500000442940846
B1030054547733N01140147EA007350088200000443120846
B1030064547740N01140146EA007330087900000453340846
B1030074547746N01140147EA007320087700000453560846
B1030084547750N01140151EA007310087800000310180846
B1030094547752N01140156EA007310088000000310400846
B1030104547753N01140160EA007310088100000220570846
B1030114547754N01140165EA007320088200000220740846
B1030124547755N01140171EA007320088300000280740833
B1030134547756N01140176EA007340088400000280740833
B1030144547757N01140181EA007350088600000230720833
B1030154547758N01140185EA007370088800000230700833
B1030164547758N01140189EA007380089000000150820833
B1030174547757N01140192EA007400089100000150940833
B1030184547754N01140196EA007410089100000251150833
B1030194547751N01140198EA007420089100000251360833
B1030204547747N01140199EA007430089300000251580833
B1030214547743N01140197EA007450089500000251800833
B1030224547740N01140194EA007460089800000222010833
B1030234547738N01140190EA007480089900000222220833
B1030244547737N01140185EA007490090000000292350833
B1030254547736N01140178EA007490089900000292480833
B1030264547736N01140170EA007490089800000382600833
B1030274547736N01140161EA007480089600000392720846
B1030284547737N01140154EA007470089500000352720846
B1030294547736N01140147EA007460089400000352720846
B1030304547735N01140140EA007440089200000322580846
B1030314547732N01140135EA007420088900000322440846
B1030324547729N01140129EA007400088700000312350846
B1030334547725N01140125EA007380088500000312260846
B1030344547722N01140120EA007360088300000332220846
B1030354547718N01140116EA007340088100000332180852
B1030364547714N01140111EA007320087900000352200852
B1030374547710N01140106EA007310087800000352220812
B1030384547707N01140100EA007300087800000302260812
B1030394547704N01140096EA007290087700000302300812
B1030404547701N01140091EA007280087600000332270812
B1030414547697N01140085EA007270087400000332240812
B1030424547692N01140080EA007260087200000382230812
B1030434547688N01140074EA007250087200000382220812
B1030444547684N01140069EA007240087200000342200812
B1030454547680N01140065EA007230087200000342180821
B1030464547676N01140061EA007230087100000322150821
B1030474547672N01140057EA007220087000000322120821
B1030484547668N01140052EA007210086900000362150821
B1030494547664N01140048EA007200086800000362180821
B1030504547660N01140043EA007200086800000312190806
B1030514547656N01140039EA007190086800000312200806
B1030524547652N01140035EA007190086700000312170806
B1030534547649N01140031EA007180086600000312140806
B1030544547645N01140028EA007170086500000292080806
B1030554547640N01140027EA007150086300000292020806
B1030564547636N01140026EA007140086200000291930806
B1030574547631N01140025EA007130086100000291840806
B1030584547627N01140024EA007120085900000311860806
B1030594547622N01140023EA007110085900000311880806
B1031004547619N01140021EA007100085900000241970806
B1031014547616N01140018EA007110086000000242060806
B1031024547614N01140015EA007110086100000192150828
B1031034547612N01140012EA007110086200000192240828
B1031044547610N01140008EA007120086200000222250818
B1031054547607N01140005EA007110086200000222260818
B1031064547605N01140002EA007110086200000222240818
B1031074547602N01139998EA007110086100000222220818
B1031084547599N01139995EA007100086000000262200818
B1031094547596N01139991EA007090085800000262180818
B1031104547592N01139988EA007080085700000302160818
B1031114547588N01139985EA007080085700000302140818
B1031124547585N01139983EA007080085800000182010818
B1031134547583N01139984EA007090086000000181880818
B1031144547581N01139986EA007090086000000171680818
B1031154547578N01139988EA007090086000000171480818
B1031164547575N01139989EA007090085900000221570818
B1031174547572N01139990EA007090085900000221660818
B1031184547569N01139989EA007100085900000191750818
B1031194547566N01139989EA007100086000000191840818
B1031204547563N01139988EA007100086000000231880818
B1031214547559N01139986EA007100085900000231920801
B1031224547555N01139985EA007100085900000271940801
B1031234547551N01139982EA007090085900000271960801
B1031244547548N01139978EA007090085800000282090801
B1031254547545N01139973EA007090085800000282220801
B1031264547542N01139968EA007080085700000322220801
B1031274547540N01139961EA007070085600000332380810
B1031284547539N01139954EA007060085400000342460810
B1031294547538N01139948EA007050085300000342540810
B1031304547536N01139941EA007030085100000322480810
B1031314547533N01139936EA007020085000000322420810
B1031324547529N01139931EA007000084800000322290810
B1031334547525N01139928EA006990084700000322160810
B1031344547522N01139927EA006980084700000222030810
B1031354547519N01139927EA006980084600000221900810
B1031364547515N01139926EA006970084500000231860810
B1031374547512N01139925EA006960084400000231820810
B1031384547509N01139923EA006950084400000221960788
B1031394547506N01139920EA006950084400000222100788
B1031404547504N01139916EA006950084400000222210798
B1031414547502N01139912EA006950084400000222320798
B1031424547500N01139908EA006940084300000232340798
B1031434547499N01139903EA006930084200000232360798
B1031444547497N01139898EA006920084000000282390798
B1031454547495N01139893EA006920084000000282420798
B1031464547493N01139888EA006910083900000252400798
B1031474547491N01139884EA006910083900000252380798
B1031484547488N01139880EA006900083800000242320798
B1031494547486N01139876EA006900083800000242260798
B1031504547484N01139872EA006890083800000232320798
B1031514547482N01139867EA006890083800000232380798
B1031524547480N01139863EA006890083900000242400811
B1031534547479N01139858EA006900084000000242420811
B1031544547477N01139855EA006910084100000192390811
B1031554547475N01139852EA006910084200000192360811
B1031564547473N01139849EA006920084200000202300811
B1031574547471N01139846EA006910084100000202240811
B1031584547468N01139842EA006910084000000232230811
B1031594547466N01139839EA006910084000000232220811
B1032004547463N01139836EA006910084000000222180811
B1032014547461N01139834EA006910084000000222140811
B1032024547458N01139832EA006900084000000182090782
B1032034547455N01139830EA006900084000000182040782
B1032044547453N01139827EA006890083800000232090782
B1032054547449N01139824EA006880083700000232140782
B1032064547446N01139820EA006870083500000302130782
B1032074547442N01139817EA006850083300000302120782
B1032084547438N01139812EA006840083100000312160792
B1032094547435N01139808EA006830083100000312200792
B1032104547432N01139805EA006820083100000252190792
B1032114547429N01139802EA006810083100000252180792
B1032124547426N01139799EA006810083100000212120792
B1032134547423N01139797EA006810083100000212060792
B1032144547420N01139794EA006810083100000242120792
B1032154547418N01139791EA006810083100000242180792
B1032164547415N01139788EA006810083100000222150792
B1032174547412N01139786EA006810083200000222120792
B1032184547409N01139785EA006820083200000192020755
B1032194547406N01139784EA006820083300000191920755
B1032204547404N01139781EA006830083300000232010755
B1032214547401N01139779EA006830083400000232100755
B1032224547398N01139776EA006830083400000202120755
B1032234547396N01139774EA006840083500000202140755
B1032244547392N01139771EA006840083400000232090755
B1032254547389N01139769EA006840083400000232040755
B1032264547385N01139767EA006840083400000262020755
B1032274547382N01139765EA006850083600000262000760
B1032284547378N01139761EA006860083700000262080760
B1032294547376N01139757EA006870083900000262200760
B1032304547375N01139750EA006890084000000332410760
B1032314547376N01139742EA006900084100000422620760
B1032324547378N01139734EA006920084100000432760760
B1032334547382N01139727EA006930084300000432960760
B1032344547387N01139724EA006950084500000363200760
B1032354547392N01139724EA006960084700000363440760
B1032364547397N01139725EA006980084900000260000760
B1032374547400N01139727EA006990085100000260160760
B1032384547403N01139730EA007000085300000230260760
B1032394547405N01139734EA007010085400000230360760
B1032404547406N01139740EA007020085500000280570760
B1032414547406N01139746EA007030085500000280780760
B1032424547404N01139752EA007040085600000300970760
B1032434547402N01139757EA007050085800000301160760
B1032444547400N01139760EA007070086000000201240760
B1032454547398N01139763EA007090086300000201320760
B1032464547396N01139765EA007110086600000181360760
B1032474547393N01139767EA007130086700000181400755
B1032484547389N01139768EA007150086900000271590755
B1032494547384N01139766EA007170087000000271780760
B1032504547381N01139763EA007190087200000301960760
B1032514547377N01139759EA007210087500000302140760
B1032524547375N01139754EA007240087800000262270760
B1032534547374N01139749EA007270088100000262400760
B1032544547374N01139744EA007290088300000232550760
B1032554547375N01139739EA007310088400000232700760
B1032564547377N01139732EA007320088400000352820760
B1032574547380N01139726EA007320088400000352940760
B1032584547384N01139720EA007330088400000383080760
B1032594547389N01139716EA007340088500000383220741
B1033004547394N01139714EA007350088700000343340741
B1033014547399N01139713EA007370088900000343460741
B1033024547404N01139714EA007380089000000323580741
B1033034547409N01139716EA007390089100000320100741
B1033044547413N01139720EA007400089300000300230787
B1033054547417N01139725EA007420089400000300360787
B1033064547419N01139730EA007430089600000280450787
B1033074547421N01139735EA007440089800000280540787
B1033084547423N01139741EA007460090000000290640787
B1033094547423N01139747EA007480090200000290740787
B1033104547423N01139753EA007500090300000290850787
B1033114547422N01139758EA007520090600000290960787
B1033124547420N01139763EA007550090900000201080787
B1033134547418N01139766EA007570091200000201200787
B1033144547416N01139769EA007600091600000171280792
B1033154547414N01139771EA007630091900000171360792
B1033164547412N01139771EA007660092100000141530792
B1033174547410N01139770EA007680092400000141700755
B1033184547407N01139767EA007700092500000241960755
B1033194547404N01139763EA007730092700000242220760
B1033204547402N01139759EA007750093000000242260760
B1033214547400N01139755EA007780093300000242300760
B1033224547399N01139751EA007800093600000212400760
B1033234547398N01139746EA007820093800000212500760
B1033244547399N01139740EA007840093900000312620760
B1033254547400N01139733EA007850093900000312740760
B1033264547402N01139726EA007870094000000342860760
B1033274547405N01139720EA007880094200000342980760
B1033284547409N01139715EA007900094300000342980741
B1033294547414N01139711EA007910094500000353220775
B1033304547419N01139709EA007930094600000373320775
B1033314547425N01139708EA007940094700000373420775
B1033324547430N01139709EA007950094800000403570775
B1033334547436N01139712EA007960094900000400120775
B1033344547440N01139716EA007970095200000340260775
B1033354547443N01139722EA007990095400000340400787
B1033364547445N01139727EA008000095700000280530787
B1033374547446N01139733EA008030095900000280660787
B1033384547447N01139738EA008050096100000260690787
B1033394547448N01139743EA008080096400000260720787
B1033404547448N01139747EA008100096700000190810787
B1033414547448N01139752EA008130097000000190900787
B1033424547446N01139755EA008160097200000221070787
B1033434547443N01139759EA008180097500000221240787
B1033444547441N01139762EA008210097900000201360787
B1033454547438N01139763EA008240098300000201480787
B1033464547435N01139762EA008270098600000191680787
B1033474547432N01139761EA008300098900000191880787
B1033484547429N01139760EA008330099100000211930787
B1033494547426N01139758EA008350099300000211980787
B1033504547425N01139754EA008370099500000242190787
B1033514547424N01139748EA008380099600000242400787
B1033524547423N01139741EA008390099600000322540787
B1033534547424N01139735EA008410099700000322680787
B1033544547426N01139728EA008420099900000312830787
B1033554547429N01139723EA008440100000000312980787
B1033564547434N01139720EA008440100000000363160787
B1033574547439N01139717EA008450100000000363340787
B1033584547446N01139716EA008460100200000443440775
B1033594547452N01139716EA008480100400000443540775
B1034004547458N01139717EA008490100700000330020787
B1034014547462N01139719EA008510101000000330100821
B1034024547466N01139722EA008530101200000320180821
B1034034547471N01139726EA008550101200000320260821
B1034044547476N01139730EA008560101300000400300821
B1034054547481N01139735EA008580101600000400340821
B1034064547484N01139740EA008600101900000290370821
B1034074547487N01139743EA008630102300000290400821
B1034084547489N01139747EA008660102500000200480821
B1034094547490N01139751EA008670102700000200560821
B1034104547490N01139756EA008690102700000260690821
B1034114547491N01139762EA008690102700000260820821
B1034124547490N01139767EA008700102700000230910820
B1034134547489N01139771EA008710102900000231000820
B1034144547487N01139773EA008720103000000161290820
B1034154547484N01139773EA008730103000000161580820
B1034164547481N01139772EA008740103100000191740820
B1034174547478N01139771EA008750103300000191900820
B1034184547475N01139769EA008770103500000181980820
B1034194547473N01139767EA008790103800000182060820
B1034204547470N01139764EA008810104000000242140821
B1034214547468N01139760EA008830104200000242220821
B1034224547466N01139755EA008850104500000262320821
B1034234547465N01139749EA008870104700000262420821
B1034244547465N01139743EA008890104900000302600821
B1034254547467N01139736EA008910105000000302780821
B1034264547470N01139731EA008930105100000352940821
B1034274547474N01139726EA008940105200000353100821
B1034284547479N01139722EA008960105400000353100821
B1034294547484N01139719EA008980105600000373320821
B1034304547489N01139717EA008990105800000393390821
B1034314547495N01139716EA009010106000000393460808
B1034324547501N01139716EA009030106100000373540808
B1034334547507N01139718EA009040106300000370020821
B1034344547512N01139720EA009050106400000380120850
B1034354547517N01139725EA009060106500000380220850
B1034364547522N01139730EA009080106700000370330850
B1034374547525N01139736EA009090106900000370440850
B1034384547528N01139743EA009110107100000340530850
B1034394547530N01139748EA009120107200000340620850
B1034404547533N01139753EA009140107400000240550850
B1034414547535N01139756EA009150107500000240480850
B1034424547535N01139759EA009150107400000170620850
B1034434547535N01139764EA009140107100000170760850
B1034444547534N01139770EA009120106800000300940846
B1034454547531N01139775EA009100106500000301120846
B1034464547528N01139779EA009090106400000271280846
B1034474547524N01139781EA009070106300000271440846
B1034484547521N01139783EA009070106400000201500846
B1034494547519N01139785EA009070106400000201560846
B1034504547517N01139786EA009070106500000151570846
B1034514547514N01139787EA009070106500000151580846
B1034524547512N01139787EA009070106400000191670846
B1034534547508N01139787EA009060106300000191760820
B1034544547505N01139786EA009060106300000211800820
B1034554547502N01139786EA009070106500000211840820
B1034564547499N01139786EA009080106700000171800820
B1034574547497N01139786EA009100106900000171760820
B1034584547495N01139787EA009120107200000161770820
B1034594547492N01139786EA009140107400000161780820
B1035004547489N01139785EA009170107700000221880820
B1035014547486N01139782EA009190107900000221980820
B1035024547483N01139778EA009210108200000252170820
B1035034547482N01139773EA009240108500000252360820
B1035044547482N01139767EA009260108700000292540820
B1035054547482N01139760EA009290109000000292660821
B1035064547483N01139754EA009310109200000332750821
B1035074547485N01139747EA009340109500000332840821
B1035084547488N01139741EA009370109800000362970821
B1035094547492N01139735EA009390110000000363100821
B1035104547497N01139730EA009420110200000393180821
B1035114547502N01139726EA009450110600000393260821
B1035124547506N01139724EA009480111000000323340821
B1035134547511N01139723EA009510111300000323420850
B1035144547516N01139724EA009540111600000333540850
B1035154547521N01139725EA009560111800000330060850
B1035164547527N01139728EA009590112000000390140850
B1035174547532N01139732EA009610112300000390220850
B1035184547535N01139737EA009630112600000290350850
B1035194547537N01139742EA009660112900000290480850
B1035204547539N01139747EA009680113100000270560850
B1035214547541N01139752EA009700113300000270640850
B1035224547543N01139758EA009720113500000280660850
B1035234547543N01139763EA009730113500000280680850
B1035244547542N01139769EA009740113500000260890846
B1035254547540N01139773EA009740113400000261100846
B1035264547538N01139777EA009740113500000231240846
B1035274547535N01139779EA009750113700000231380846
B1035284547532N01139781EA009770114000000181460846
B1035294547530N01139782EA009790114200000181540846
B1035304547527N01139783EA009810114500000201610846
B1035314547524N01139784EA009840114700000201680846
B1035324547520N01139783EA009860115000000211800846
B1035334547518N01139781EA009890115300000211920846
B1035344547515N01139777EA009920115600000232130846
B1035354547514N01139772EA009940115800000232340846
B1035364547513N01139766EA009960116000000272450850
B1035374547512N01139760EA009990116300000272560850
B1035384547512N01139753EA010010116500000322600850
B1035394547512N01139746EA010040116700000322640850
B1035404547513N01139739EA010060117000000352740850
B1035414547515N01139732EA010090117200000352840850
B1035424547519N01139725EA010110117500000382840850
B1035434547524N01139721EA010140117700000393140850
B1035444547529N01139717EA010160117900000403270850
B1035454547535N01139716EA010180118200000403400842
B1035464547541N01139717EA010210118400000363530850
B1035474547546N01139718EA010240118700000360060850
B1035484547550N01139721EA010260119000000320130850
B1035494547555N01139724EA010280119300000320200850
B1035504547559N01139728EA010310119600000340280850
B1035514547562N01139733EA010340119900000340360878
B1035524547563N01139737EA010370120300000210550878
B1035534547563N01139742EA010400120700000210740878
B1035544547563N01139747EA010430120900000250830878
B1035554547563N01139753EA010450121200000250920878
B1035564547562N01139758EA010480121500000260970878
B1035574547561N01139763EA010510121800000261020878
B1035584547559N01139765EA010540122100000181240850
B1035594547556N01139767EA010570122500000181460846
B1036004547554N01139767EA010590122700000141580846
B1036014547552N01139767EA010620123000000141700846
B1036024547550N01139766EA010650123200000171860850
B1036034547547N01139763EA010670123500000172020850
B1036044547546N01139758EA010690123700000262290850
B1036054547546N01139752EA010710123800000262560850
B1036064547548N01139745EA010730123900000352740850
B1036074547551N01139739EA010740124100000352920850
B1036084547555N01139733EA010770124300000373010850
B1036094547559N01139727EA010790124600000373100850
B1036104547563N01139722EA010810124900000363140878
B1036114547568N01139718EA010840125200000363220878
B1036124547573N01139716EA010870125400000393340861
B1036134547579N01139714EA010900125700000393460861
B1036144547585N01139715EA010920126000000373540861
B1036154547590N01139716EA010950126400000370020861
B1036164547594N01139718EA010980126700000260120878
B1036174547597N01139721EA011000127000000260220878
B1036184547600N01139725EA011020127100000260350878
B1036194547603N01139730EA011030127100000260480878
B1036204547605N01139737EA011040127100000360550878
B1036214547606N01139744EA011050127200000360620878
B1036224547606N01139750EA011060127400000290790878
B1036234547605N01139756EA011080127600000290960878
B1036244547603N01139760EA011090127800000251090878
B1036254547600N01139765EA011110128000000251220878
B1036264547597N01139768EA011130128200000231320866
B1036274547595N01139770EA011150128500000231420866
B1036284547592N01139769EA011170128800000191690866
B1036294547589N01139766EA011200129000000191960878
B1036304547586N01139763EA011220129100000262110878
B1036314547584N01139758EA011230129300000262260878
B1036324547582N01139754EA011250129400000232380878
B1036334547582N01139748EA011260129500000232500878
B1036344547582N01139742EA011260129500000312610878
B1036354547583N01139735EA011270129400000312720878
B1036364547584N01139727EA011260129300000382760878
B1036374547586N01139719EA011260129300000412820878
B1036384547589N01139711EA011260129300000442920861
B1036394547593N01139703EA011270129400000463040861
B1036404547599N01139697EA011280129500000463120861
B1036414547604N01139691EA011290129700000463200861
B1036424547610N01139687EA011320130000000413270861
B1036434547616N01139684EA011340130300000413340861
B1036444547621N01139684EA011360130600000373340861
B1036454547627N01139685EA011390130900000363560861
B1036464547632N01139686EA011410131100000360060861
B1036474547637N01139689EA011430131300000360160861
B1036484547641N01139692EA011450131500000300240861
B1036494547644N01139696EA011460131700000300320861
B1036504547646N01139701EA011480131900000260460861
B1036514547647N01139706EA011500132100000260600861
B1036524547647N01139711EA011520132200000250780861
B1036534547646N01139717EA011530132300000250960872
B1036544547645N01139722EA011550132600000261010872
B1036554547644N01139727EA011570132800000261060872
B1036564547642N01139732EA011590133100000221130872
B1036574547639N01139735EA011620133400000221200872
B1036584547636N01139737EA011640133600000231410872
B1036594547633N01139737EA011660133900000231620872
B1037004547630N01139735EA011690134100000221820872
B1037014547627N01139732EA011710134300000222020872
B1037024547625N01139727EA011720134400000302210872
B1037034547623N01139721EA011740134500000302400872
B1037044547622N01139714EA011740134500000332530861
B1037054547623N01139706EA011750134500000372660861
B1037064547625N01139698EA011750134500000412800861
B1037074547628N01139690EA011750134500000432900861
B1037084547632N01139682EA011760134600000432980861
B1037094547636N01139676EA011770134700000433080861
B1037104547641N01139671EA011790134900000393160861
B1037114547646N01139667EA011810135200000393240861
B1037124547651N01139664EA011830135400000383330859
B1037134547657N01139663EA011850135700000383420859
B1037144547663N01139663EA011870135900000373530842
B1037154547668N01139665EA011880136000000370040842
B1037164547674N01139667EA011900136100000400040852
B1037174547679N01139670EA011910136200000370180852
B1037184547684N01139674EA011920136400000340240852
B1037194547688N01139678EA011930136600000340300852
B1037204547691N01139682EA011940136700000280340852
B1037214547694N01139686EA011960136800000280380852
B1037224547697N01139690EA011970136900000260440852
B1037234547699N01139695EA011980136900000260500852
B1037244547699N01139700EA011980137000000220680852
B1037254547699N01139704EA011990137100000220860852
B1037264547698N01139708EA011990137200000210990852
B1037274547696N01139712EA012000137300000211120852
B1037284547694N01139716EA012020137500000191180852
B1037294547693N01139719EA012030137700000191240859
B1037304547690N01139721EA012040137800000181350859
B1037314547687N01139722EA012050137900000181460859
B1037324547684N01139722EA012060138000000261690859
B1037334547680N01139719EA012070138000000261920859
B1037344547677N01139716EA012080138100000252060852
B1037354547674N01139713EA012090138300000252200852
B1037364547672N01139710EA012110138500000202190852
B1037374547669N01139706EA012120138600000202180852
B1037384547666N01139701EA012130138600000332260852
B1037394547664N01139694EA012130138500000332340852
B1037404547664N01139686EA012130138400000382500852
B1037414547665N01139678EA012130138500000392720852
B1037424547668N01139670EA012130138500000402900852
B1037434547672N01139664EA012140138500000403020842
B1037444547677N01139657EA012140138600000453110842
B1037454547684N01139652EA012140138600000453200842
B1037464547690N01139649EA012150138600000473320842
B1037474547697N01139647EA012150138700000473440842
B1037484547704N01139647EA012160138800000443510842
B1037494547710N01139648EA012170138900000443580842
B1037504547716N01139649EA012180139100000390030833
B1037514547722N01139651EA012200139200000390080833
B1037524547726N01139655EA012200139300000330200833
B1037534547730N01139659EA012200139300000330320833
B1037544547733N01139664EA012210139400000300410833
B1037554547735N01139669EA012210139400000300500848
B1037564547737N01139674EA012220139500000250500848
B1037574547738N01139679EA012230139700000210620848
B1037584547738N01139683EA012240139800000200790848
B1037594547737N01139687EA012250140000000200960848
B1038004547735N01139692EA012260140000000221080848
B1038014547733N01139695EA012270140000000221200848
B1038024547730N01139697EA012270140100000201360848
B1038034547727N01139698EA012280140200000201520848
B1038044547724N01139697EA012280140200000231750848
B1038054547721N01139694EA012290140300000231980848
B1038064547718N01139691EA012300140400000252080848
B1038074547715N01139688EA012310140500000252180848
B1038084547713N01139683EA012320140600000242270848
B1038094547711N01139678EA012330140700000242360848
B1038104547710N01139672EA012330140700000312420852
B1038114547708N01139665EA012330140700000312480842
B1038124547708N01139656EA012330140700000412580842
B1038134547710N01139648EA012330140600000432720842
B1038144547713N01139639EA012340140600000432880833
B1038154547717N01139632EA012350140800000433020833
B1038164547722N01139627EA012360140900000383130833
B1038174547727N01139623EA012380141200000383240833
B1038184547732N01139620EA012390141300000363320833
B1038194547737N01139618EA012400141400000363400833
B1038204547744N01139618EA012410141400000423490833
B1038214547750N01139619EA012420141400000423580833
B1038224547756N01139621EA012420141400000380090833
B1038234547760N01139625EA012420141500000380200833
B1038244547764N01139629EA012430141600000320310846
B1038254547767N01139634EA012430141700000320420846
B1038264547770N01139638EA012440141700000260460846
B1038274547772N01139643EA012440141800000260500846
B1038284547773N01139648EA012440141700000250630846
B1038294547773N01139653EA012440141700000250760846
B1038304547773N01139658EA012450141800000210860846
B1038314547772N01139662EA012450141800000210960846
B1038324547772N01139666EA012450141900000171000846
B1038334547771N01139670EA012460141900000171040864
B1038344547770N01139674EA012460141900000191020864
B1038354547770N01139678EA012460141800000191000864
B1038364547771N01139684EA012450141700000290890864
B1038374547772N01139690EA012450141600000290780864
B1038384547775N01139696EA012450141600000290670864
B1038394547777N01139700EA012450141700000290560864
B1038404547780N01139704EA012440141600000250510864
B1038414547783N01139709EA012440141600000250460864
B1038424547786N01139715EA012430141500000370470864
B1038434547790N01139721EA012430141300000370480884
B1038444547795N01139726EA012420141400000370430884
B1038454547798N01139730EA012430141600000370380884
B1038464547802N01139734EA012440141800000240360884
B1038474547805N01139737EA012440141900000240340884
B1038484547807N01139740EA012450141900000230340884
B1038494547810N01139744EA012440141800000250400884
B1038504547811N01139749EA012440141700000290520891
B1038514547814N01139755EA012440141600000290640891
B1038524547816N01139760EA012440141700000310570891
B1038534547820N01139766EA012440141700000310500891
B1038544547823N01139771EA012450141800000330490906
B1038554547826N01139776EA012460141900000330480906
B1038564547829N01139781EA012470142000000290480906
B1038574547833N01139786EA012480142200000290480906
B1038584547837N01139790EA012490142300000360370906
B1038594547843N01139793EA012500142400000360260906
B1039004547849N01139796EA012510142500000430230906
B1039014547855N01139800EA012520142500000430200906
B1039024547860N01139805EA012520142500000400270906
B1039034547864N01139810EA012520142500000400340881
B1039044547868N01139816EA012530142600000350410881
B1039054547871N01139821EA012530142700000350480889
B1039064547872N01139827EA012540142800000280570889
B1039074547874N01139832EA012550142900000280660889
B1039084547874N01139838EA012550142900000240750889
B1039094547874N01139843EA012560142900000240840889
B1039104547873N01139847EA012560143000000210960889
B1039114547872N01139851EA012570143100000211080889
B1039124547871N01139856EA012580143200000201050889
B1039134547870N01139860EA012600143500000201020889
B1039144547869N01139863EA012620143800000181110889
B1039154547867N01139866EA012640144000000181200889
B1039164547864N01139867EA012660144300000161430894
B1039174547862N01139867EA012680144500000161660894
B1039184547859N01139865EA012700144600000171660918
B1039194547857N01139862EA012720144800000202060918
B1039204547855N01139858EA012740145000000242230918
B1039214547854N01139853EA012750145100000242400918
B1039224547854N01139846EA012760145200000322580918
B1039234547856N01139839EA012780145300000322760918
B1039244547859N01139832EA012790145400000362920918
B1039254547863N01139827EA012800145400000363080889
B1039264547868N01139822EA012810145500000403160889
B1039274547873N01139818EA012810145600000403240889
B1039284547880N01139815EA012820145600000433360881
B1039294547887N01139815EA012820145600000433480881
B1039304547894N01139818EA012830145600000490030889
B1039314547900N01139823EA012830145600000490180889
B1039324547905N01139828EA012830145700000390290889
B1039334547909N01139833EA012840145900000390400889
B1039344547912N01139838EA012850146100000320440904
B1039354547915N01139844EA012870146300000320480904
B1039364547917N01139850EA012890146500000320530904
B1039374547920N01139856EA012900146700000320580904
B1039384547921N01139862EA012920146900000290610904
B1039394547923N01139867EA012940147100000290640904
B1039404547924N01139873EA012960147300000280710904
B1039414547924N01139879EA012980147500000280780904
B1039424547923N01139884EA013010147900000220950904
B1039434547921N01139887EA013040148300000221120904
B1039444547920N01139890EA013080148700000141240904
B1039454547918N01139891EA013110149100000141360904
B1039464547916N01139892EA013140149400000151510904
B1039474547914N01139892EA013170149600000151660904
B1039484547911N01139891EA013200149900000181880904
B1039494547910N01139887EA013220150000000182100894
B1039504547909N01139882EA013230150100000252330894
B1039514547908N01139876EA013240150200000252560894
B1039524547909N01139869EA013250150200000322670894
B1039534547910N01139863EA013250150300000322780889
B1039544547913N01139856EA013260150300000352940904
B1039554547917N01139850EA013270150300000353040904
B1039564547921N01139845EA013270150300000383120904
B1039574547926N01139841EA013280150400000383200904
B1039584547932N01139839EA013280150500000403350904
B1039594547939N01139839EA013280150400000403500904
B1040004547945N01139841EA013280150200000470020904
B1040014547952N01139845EA013270150100000470140904
B1040024547958N01139849EA013260150100000440230904
B1040034547963N01139855EA013250150100000440320926
B1040044547966N01139861EA013250150100000360430926
B1040054547969N01139868EA013250150100000360540929
B1040064547970N01139875EA013250150100000330630929
B1040074547971N01139882EA013260150100000330720929
B1040084547972N01139889EA013270150400000340770929
B1040094547972N01139896EA013290150700000340820929
B1040104547974N01139902EA013320151100000290760929
B1040114547975N01139908EA013350151500000290700929
B1040124547977N01139914EA013380151800000290690929
B1040134547979N01139920EA013410152000000290680926
B1040144547981N01139926EA013430152200000310660926
B1040154547982N01139932EA013450152300000310640926
B1040164547984N01139939EA013460152400000300690926
B1040174547985N01139945EA013470152500000300740926
B1040184547986N01139951EA013480152500000280750926
B1040194547987N01139957EA013480152500000280760926
B1040204547988N01139963EA013480152500000320760926
B1040214547990N01139970EA013480152500000350700929
B1040224547991N01139978EA013480152500000350750929
B1040234547991N01139985EA013490152500000350800929
B1040244547990N01139990EA013490152600000260930929
B1040254547988N01139995EA013490152600000261060929
B1040264547985N01139997EA013490152600000211290929
B1040274547982N01139998EA013490152600000211520929
B1040284547979N01139999EA013490152700000181640929
B1040294547976N01139999EA013500152700000181760929
B1040304547973N01140000EA013500152800000221720929
B1040314547970N01140000EA013510152900000221680929
B1040324547966N01139999EA013510152900000231820929
B1040334547963N01139996EA013520153000000231960929
B1040344547961N01139992EA013520153000000242190929
B1040354547960N01139987EA013530153100000242420920
B1040364547960N01139983EA013540153200000202520920
B1040374547960N01139978EA013540153300000202620920
B1040384547961N01139973EA013550153200000262740929
B1040394547963N01139967EA013550153200000262860929
B1040404547966N01139960EA013550153000000392950926
B1040414547971N01139954EA013540153000000393040926
B1040424547976N01139949EA013540153000000463180926
B1040434547983N01139946EA013540153100000463320926
B1040444547990N01139944EA013540153200000453440926
B1040454547996N01139945EA013550153200000453560926
B1040464548003N01139946EA013550153200000450030926
B1040474548010N01139949EA013560153300000450100934
B1040484548016N01139953EA013560153300000460180934
B1040494548022N01139958EA013560153400000460260934
B1040504548027N01139963EA013570153500000400310934
B1040514548032N01139969EA013580153600000400360944
B1040524548036N01139974EA013590153700000390390944
B1040534548040N01139981EA013590153800000390420944
B1040544548044N01139987EA013600153700000430460944
B1040554548048N01139995EA013590153700000430500944
B1040564548053N01140002EA013590153600000430500944
B1040574548057N01140009EA013590153600000430500944
B1040584548061N01140016EA013590153600000430480952
B1040594548066N01140023EA013590153700000430460966
B1041004548070N01140029EA013590153700000410430966
B1041014548075N01140034EA013590153700000410400966
B1041024548080N01140040EA013600153800000410380966
B1041034548085N01140045EA013600153800000410360966
B1041044548090N01140049EA013600153900000380330966
B1041054548095N01140054EA013610153900000380300966
B1041064548100N01140058EA013610153900000400310966
B1041074548105N01140063EA013610153900000400320966
B1041084548110N01140068EA013610153900000380341001
B1041094548114N01140073EA013610153900000380361001
B1041104548119N01140078EA013600153800000380371001
B1041114548123N01140084EA013590153600000380381001
B1041124548127N01140090EA013580153400000400401001
B1041134548131N01140096EA013560153300000400421001
B1041144548135N01140102EA013540153100000370461001
B1041154548138N01140109EA013530152900000370501001
B1041164548141N01140116EA013510152700000400551001
B1041174548144N01140124EA013490152500000400601012
B1041184548147N01140131EA013470152400000380591012
B1041194548150N01140138EA013450152200000380581012
B1041204548153N01140146EA013430151900000400611012
B1041214548155N01140154EA013410151600000400641012
B1041224548157N01140163EA013390151300000410701012
B1041234548158N01140171EA013370151100000410761025
B1041244548159N01140180EA013350151000000400801025
B1041254548160N01140188EA013340150900000400801038
B1041264548161N01140195EA013330150800000310781038
B1041274548162N01140201EA013310150700000310761038
B1041284548163N01140208EA013300150500000330781038
B1041294548163N01140216EA013280150200000330801038
B1041304548164N01140224EA013250149900000390831043
B1041314548164N01140232EA013230149700000390861043
B1041324548165N01140240EA013210149500000380831043
B1041334548166N01140248EA013200149400000380801043
B1041344548167N01140256EA013180149200000370811043
B1041354548167N01140265EA013170149100000390821043
B1041364548167N01140273EA013150148900000380871039
B1041374548167N01140281EA013130148800000380921039
B1041384548167N01140287EA013120148700000310911039
B1041394548167N01140294EA013110148700000310901039
B1041404548167N01140300EA013100148600000300891039
B1041414548167N01140307EA013090148400000300881039
B1041424548167N01140315EA013080148300000330881039
B1041434548167N01140322EA013070148200000330881033
B1041444548167N01140329EA013060148100000330891033
B1041454548167N01140336EA013050148000000330901033
B1041464548167N01140344EA013040147800000350881033
B1041474548167N01140352EA013030147700000350881033
B1041484548168N01140360EA013020147500000400871033
B1041494548168N01140369EA013010147400000390861028
B1041504548169N01140377EA013000147400000370851028
B1041514548169N01140384EA012990147400000370841028
B1041524548170N01140392EA012990147400000330841028
B1041534548170N01140399EA012980147300000330841028
B1041544548170N01140407EA012970147200000360871028
B1041554548170N01140415EA012970147000000360901028
B1041564548170N01140423EA012960146900000370881012
B1041574548170N01140431EA012950146900000370861012
B1041584548171N01140438EA012950146900000340841012
B1041594548172N01140445EA012940146900000340821012
B1042004548173N01140453EA012940146800000360811012
B1042014548173N01140461EA012930146600000360801012
B1042024548174N01140468EA012920146600000340820996
B1042034548175N01140476EA012910146500000340840996
B1042044548175N01140483EA012900146400000350810996
B1042054548177N01140490EA012890146300000350780996
B1042064548178N01140498EA012880146200000360750996
B1042074548180N01140506EA012870146100000360720996
B1042084548181N01140513EA012860145900000360730996
B1042094548182N01140521EA012850145800000360740989
B1042104548183N01140528EA012840145700000340770989
B1042114548184N01140535EA012830145600000340800989
B1042124548185N01140542EA012820145600000320770989
B1042134548187N01140549EA012810145500000320740989
B1042144548189N01140555EA012810145400000330700989
B1042154548191N01140561EA012800145400000330660989
B1042164548192N01140567EA012800145500000260640979
B1042174548194N01140572EA012800145500000260620979
B1042184548196N01140577EA012800145400000280610979
B1042194548198N01140583EA012800145300000280600979
B1042204548200N01140589EA012790145200000310630979
B1042214548202N01140595EA012780145100000310660979
B1042224548204N01140601EA012780145100000310650979
B1042234548206N01140608EA012770145100000310640979
B1042244548208N01140614EA012770145000000330640979
B1042254548210N01140621EA012770145000000330640993
B1042264548212N01140627EA012770145000000320660993
B1042274548214N01140633EA012770145000000320640993
B1042284548217N01140640EA012770145000000330630993
B1042294548219N01140646EA012770145000000330620993
B1042304548220N01140652EA012770145100000280670993
B1042314548221N01140658EA012770145100000280720993
B1042324548222N01140663EA012770145100000250730993
B1042334548223N01140669EA012760145100000250740975
B1042344548224N01140675EA012760144900000330750975
B1042354548225N01140683EA012750144700000330760975
B1042364548225N01140690EA012730144600000320800975
B1042374548226N01140696EA012720144500000320840975
B1042384548226N01140703EA012700144300000290830975
B1042394548227N01140709EA012690144100000290820975
B1042404548228N01140716EA012670143900000340780975
B1042414548230N01140723EA012640143600000340740958
B1042424548231N01140731EA012630143400000360740958
B1042434548233N01140738EA012610143300000360740958
B1042444548234N01140745EA012590143100000330730958
B1042454548236N01140752EA012580143000000330720958
B1042464548237N01140760EA012560142800000360710958
B1042474548239N01140768EA012540142500000360700937
B1042484548241N01140776EA012520142300000420700937
B1042494548243N01140784EA012510142200000420700937
B1042504548246N01140792EA012500142200000350660937
B1042514548248N01140798EA012500142300000350620937
B1042524548250N01140804EA012500142300000340630937
B1042534548252N01140812EA012490142200000340640937
B1042544548254N01140820EA012490142200000410690926
B1042554548256N01140829EA012500142300000400740926
B1042564548259N01140836EA012510142500000380660926
B1042574548262N01140842EA012530142800000350560934
B1042584548266N01140848EA012540142900000330520934
B1042594548268N01140853EA012550143000000330480934
B1043004548270N01140860EA012560143100000310580934
B1043014548271N01140866EA012570143100000310680915
B1043024548271N01140872EA012570143100000290840915
B1043034548269N01140878EA012570143100000291000915
B1043044548268N01140883EA012570143100000251070915
B1043054548266N01140887EA012580143200000251140915
B1043064548264N01140891EA012580143300000221250915
B1043074548261N01140893EA012590143300000221360915
B1043084548257N01140894EA012590143300000221520908
B1043094548254N01140895EA012590143300000221680908
B1043104548251N01140895EA012590143300000181730908
B1043114548249N01140894EA012600143400000181780908
B1043124548246N01140893EA012600143400000181880908
B1043134548244N01140891EA012600143400000181980908
B1043144548241N01140887EA012600143400000252130908
B1043154548239N01140883EA012610143500000252280908
B1043164548237N01140877EA012610143500000262370908
B1043174548236N01140872EA012620143700000262460908
B1043184548237N01140866EA012630143800000272620908
B1043194548238N01140860EA012640144000000272780926
B1043204548240N01140853EA012650144000000362890926
B1043214548244N01140847EA012660144000000363000926
B1043224548247N01140841EA012660144100000373050926
B1043234548251N01140836EA012670144200000373100926
B1043244548256N01140832EA012680144300000383220926
B1043254548262N01140829EA012690144400000383340934
B1043264548268N01140828EA012710144600000383450934
B1043274548273N01140829EA012720144700000383560934
B1043284548279N01140831EA012730144800000390070934
B1043294548285N01140835EA012740144900000390180934
B1043304548290N01140839EA012740144900000410250934
B1043314548294N01140845EA012750144900000410320934
B1043324548298N01140850EA012750145000000320410934
B1043334548300N01140856EA012750145100000320500934
B1043344548302N01140861EA012760145200000280570934
B1043354548304N01140867EA012760145100000280640915
B1043364548305N01140874EA012750145000000330710915
B1043374548306N01140881EA012750144900000330780915
B1043384548306N01140888EA012740144900000310810915
B1043394548306N01140894EA012740144900000310840915
B1043404548306N01140900EA012730144900000260910915
B1043414548304N01140905EA012730144800000260980915
B1043424548302N01140910EA012720144700000261110915
B1043434548300N01140914EA012710144600000261240915
B1043444548296N01140916EA012710144500000241380897
B1043454548293N01140918EA012700144400000241520897
B1043464548290N01140917EA012690144400000211690897
B1043474548287N01140916EA012690144400000211860897
B1043484548284N01140914EA012690144400000211970915
B1043494548281N01140911EA012690144400000212080915
B1043504548279N01140908EA012690144400000222150915
B1043514548276N01140905EA012680144300000222220915
B1043524548274N01140900EA012680144300000242270915
B1043534548272N01140896EA012680144300000242320915
B1043544548270N01140891EA012680144300000262360915
B1043554548268N01140886EA012680144300000262400915
B1043564548267N01140881EA012680144300000262460915
B1043574548266N01140875EA012680144300000262520915
B1043584548265N01140870EA012680144300000262540915
B1043594548264N01140864EA012680144300000262560934
B1044004548263N01140857EA012680144300000322540934
B1044014548262N01140850EA012680144200000322520934
B1044024548261N01140843EA012690144300000332550934
B1044034548260N01140836EA012690144500000332580934
B1044044548260N01140830EA012710144700000292600934
B1044054548259N01140824EA012720144900000292620926
B1044064548258N01140818EA012740145100000262590926
B1044074548257N01140813EA012750145200000262560937
B1044084548256N01140807EA012760145300000292530937
B1044094548254N01140801EA012770145300000292500937
B1044104548253N01140795EA012780145400000272540937
B1044114548253N01140790EA012790145600000272580937
B1044124548252N01140785EA012800145800000232600937
B1044134548252N01140779EA012810145900000232620937
B1044144548253N01140773EA012830146000000322720937
B1044154548255N01140765EA012830146000000372820958
B1044164548259N01140759EA012840146000000402970958
B1044174548264N01140753EA012850146000000403120967
B1044184548270N01140749EA012860146100000433240967
B1044194548276N01140747EA012860146200000433360967
B1044204548281N01140747EA012870146300000363500967
B1044214548286N01140750EA012870146300000360040967
B1044224548291N01140753EA012870146100000370180967
B1044234548296N01140759EA012860146000000370320967
B1044244548300N01140764EA012850145900000370320967
B1044254548303N01140770EA012840145800000350440950
B1044264548306N01140777EA012830145700000350550950
B1044274548307N01140785EA012820145600000350660950
B1044284548309N01140792EA012810145500000350710950
B1044294548310N01140799EA012810145500000350760962
B1044304548310N01140806EA012810145600000300780962
B1044314548311N01140812EA012810145700000300800962
B1044324548311N01140818EA012820145800000280820947
B1044334548312N01140825EA012820145800000280840947
B1044344548313N01140832EA012820145800000340810947
B1044354548314N01140839EA012820145700000340780947
B1044364548316N01140847EA012820145700000370740947
B1044374548317N01140854EA012820145800000370700947
B1044384548319N01140861EA012830145800000330710947
B1044394548320N01140868EA012830145900000330720940
B1044404548321N01140875EA012830145900000320760940
B1044414548322N01140882EA012830145900000320800940
B1044424548322N01140888EA012840145900000310810940
B1044434548323N01140895EA012830145900000310820940
B1044444548325N01140903EA012830145800000360770940
B1044454548326N01140910EA012820145700000360720940
B1044464548328N01140918EA012810145600000370730929
B1044474548329N01140925EA012810145500000370740929
B1044484548330N01140933EA012800145500000340760929
B1044494548331N01140940EA012800145400000340780929
B1044504548333N01140947EA012790145300000360750929
B1044514548335N01140955EA012770145100000360720929
B1044524548336N01140963EA012760144900000390720929
B1044534548338N01140971EA012750144800000390720918
B1044544548339N01140979EA012730144600000370740918
B1044554548340N01140987EA012720144500000370760918
B1044564548342N01140994EA012700144300000380740918
B1044574548344N01141002EA012680144100000380720918
B1044584548345N01141010EA012660143900000380730918
B1044594548346N01141019EA012650143600000410740919
B1045004548347N01141027EA012620143300000390770919
B1045014548348N01141035EA012600143200000390800919
B1045024548350N01141042EA012580143100000310770919
B1045034548351N01141048EA012570142900000310740919
B1045044548351N01141055EA012550142700000310800919
B1045054548351N01141062EA012530142400000310860919
B1045064548351N01141071EA012500142000000410880909
B1045074548351N01141080EA012470141600000440880909
B1045084548352N01141089EA012450141400000410860909
B1045094548353N01141097EA012430141300000410820909
B1045104548354N01141105EA012410141300000340800909
B1045114548355N01141112EA012410141200000340780909
B1045124548356N01141120EA012400141200000370790890
B1045134548357N01141128EA012380141000000370800890
B1045144548357N01141136EA012370140900000380800890
B1045154548359N01141144EA012360140700000380800890
B1045164548361N01141153EA012340140500000400760878
B1045174548363N01141161EA012330140400000400700878
B1045184548365N01141169EA012320140300000390670859
B1045194548368N01141176EA012320140300000390640859
B1045204548371N01141183EA012310140300000360640859
B1045214548374N01141189EA012300140200000360560859
B1045224548378N01141196EA012290139900000390540859
B1045234548381N01141203EA012270139700000390520859
B1045244548386N01141210EA012250139400000420500859
B1045254548390N01141216EA012230139200000420480836
B1045264548394N01141222EA012210139100000410460836
B1045274548399N01141229EA012200138900000410440836
B1045284548403N01141235EA012180138700000390440836
B1045294548407N01141241EA012160138500000380460836
B1045304548411N01141247EA012150138300000380450869
B1045314548415N01141253EA012130138100000380440869
B1045324548418N01141257EA012110137900000300430869
B1045334548421N01141262EA012090137800000300420869
B1045344548424N01141267EA012070137500000290470879
B1045354548427N01141272EA012050137200000290520879
B1045364548431N01141278EA012020136900000400480879
B1045374548436N01141284EA011990136500000400440879
B1045384548441N01141289EA011970136400000400380879
B1045394548446N01141294EA011950136300000400320879
B1045404548452N01141297EA011950136300000400280879
B1045414548457N01141301EA011940136300000400240879
B1045424548462N01141305EA011940136400000370270911
B1045434548466N01141310EA011940136400000370300911
B1045444548471N01141314EA011940136400000360300911
B1045454548476N01141318EA011940136400000360300911
B1045464548482N01141322EA011930136300000420300911
B1045474548488N01141326EA011930136200000420280911
B1045484548494N01141330EA011920136200000430250911
B1045494548499N01141334EA011920136200000430220911
B1045504548504N01141338EA011920136300000380240911
B1045514548509N01141341EA011920136300000380260911
B1045524548515N01141345EA011910136200000380240940
B1045534548520N01141348EA011910136100000380220940
B1045544548526N01141352EA011900135900000420230940
B1045554548532N01141356EA011890135800000420240940
B1045564548539N01141360EA011880135700000510230940
B1045574548546N01141364EA011890135800000510220940
B1045584548553N01141365EA011900136200000430130940
B1045594548559N01141365EA011930136700000430040940
B1046004548564N01141363EA011960137200000383530946
B1046014548570N01141361EA011990137400000383420946
B1046024548577N01141360EA012010137500000463480946
B1046034548584N01141359EA012030137700000463540946
B1046044548590N01141357EA012060137900000403490946
B1046054548595N01141354EA012080138300000403440946
B1046064548599N01141349EA012110138500000333310946
B1046074548603N01141344EA012130138800000333180946
B1046084548608N01141341EA012140138900000383290946
B1046094548614N01141340EA012160138900000383400959
B1046104548620N01141340EA012170139100000403520959
B1046114548626N01141342EA012190139300000400040959
B1046124548630N01141344EA012210139600000280130959
B1046134548633N01141347EA012230139800000280220959
B1046144548636N01141351EA012240139900000270360959
B1046154548638N01141356EA012250139900000270500959
B1046164548639N01141363EA012250139900000310670959
B1046174548638N01141369EA012260139900000310840973
B1046184548635N01141374EA012260140000000261080973
B1046194548633N01141376EA012270140100000261320973
B1046204548630N01141378EA012280140300000171460973
B1046214548628N01141378EA012300140500000171600973
B1046224548626N01141378EA012310140700000131740973
B1046234548624N01141377EA012330140800000131880973
B1046244548620N01141375EA012340140900000241970973
B1046254548617N01141372EA012350141000000242060973
B1046264548614N01141369EA012370141200000242140973
B1046274548612N01141364EA012380141400000242220959
B1046284548612N01141358EA012400141500000312440959
B1046294548611N01141351EA012410141600000312660959
B1046304548611N01141344EA012420141600000282620959
B1046314548610N01141339EA012430141800000282580959
B1046324548611N01141334EA012440141900000212720959
B1046334548613N01141330EA012450141900000212860959
B1046344548616N01141324EA012450141800000362950959
B1046354548620N01141317EA012450141600000363040959
B1046364548624N01141311EA012440141600000403130969
B1046374548629N01141307EA012450141800000403220969
B1046384548635N01141304EA012460141900000383320969
B1046394548640N01141302EA012460142000000383420969
B1046404548646N01141300EA012470142000000403440969
B1046414548653N01141299EA012470142000000403460969
B1046424548659N01141299EA012480142000000443560969
B1046434548666N01141302EA012490142100000440060994
B1046444548672N01141305EA012500142300000420130994
B1046454548678N01141308EA012510142500000420200994
B1046464548682N01141312EA012520142700000350200994
B1046474548686N01141316EA012540142800000340300983
B1046484548690N01141322EA012540142900000340420983
B1046494548692N01141328EA012550143000000340540983
B1046504548693N01141334EA012560143100000260670983
B1046514548692N01141339EA012560143100000260800983
B1046524548690N01141344EA012570143000000271030983
B1046534548687N01141348EA012560143000000271260983
B1046544548684N01141351EA012570143100000241330983
B1046554548681N01141354EA012580143200000241400983
B1046564548679N01141357EA012590143500000191400983
B1046574548677N01141359EA012610143700000191400983
B1046584548674N01141360EA012620143900000191560983
B1046594548671N01141360EA012640144000000191720983
B1047004548668N01141358EA012650144100000201850983
B1047014548665N01141357EA012660144100000201980983
B1047024548663N01141355EA012660144200000132050983
B1047034548662N01141353EA012670144200000132120983
B1047044548661N01141349EA012660144100000192320983
B1047054548661N01141344EA012660143900000192520983
B1047064548661N01141339EA012650143800000272660983
B1047074548663N01141333EA012640143700000272800983
B1047084548665N01141327EA012640143700000322920983
B1047094548669N01141322EA012640143800000323040983
B1047104548673N01141317EA012630143700000363110983
B1047114548677N01141312EA012630143700000363180994
B1047124548682N01141307EA012630143700000403200994
B1047134548687N01141302EA012630143700000403220994
B1047144548693N01141298EA012640143800000403280994
B1047154548698N01141295EA012640143800000403340994
B1047164548704N01141292EA012640143800000423370994
B1047174548710N01141289EA012650143900000423401011
B1047184548717N01141287EA012650144000000433441011
B1047194548723N01141285EA012660144100000433481011
B1047204548728N01141285EA012670144200000343541011
B1047214548733N01141286EA012680144300000340001011
B1047224548737N01141288EA012690144400000300091011
B1047234548742N01141291EA012690144400000300181011
B1047244548746N01141295EA012690144400000350271011
B1047254548750N01141300EA012690144400000350361011
B1047264548753N01141305EA012700144500000300431011
B1047274548756N01141310EA012700144600000300501011
B1047284548758N01141315EA012710144700000260521011
B1047294548760N01141320EA012710144700000260540990
B1047304548761N01141326EA012710144600000280660990
B1047314548761N01141332EA012700144400000280780990
B1047324548760N01141337EA012690144200000260950990
B1047334548757N01141341EA012680144100000261120995
B1047344548754N01141344EA012670144000000251340995
B1047354548750N01141345EA012660144000000251560995
B1047364548747N01141345EA012660144000000211690995
B1047374548744N01141344EA012650144000000211820995
B1047384548741N01141344EA012650144000000201850995
B1047394548738N01141343EA012650144000000201880995
B1047404548735N01141342EA012650144100000201880995
B1047414548732N01141341EA012650144000000201880995
B1047424548729N01141340EA012650144000000211960995
B1047434548727N01141337EA012650144000000212040995
B1047444548724N01141334EA012650143900000222150995
B1047454548722N01141330EA012640143900000222260995
B1047464548720N01141326EA012640143800000232270995
B1047474548717N01141322EA012630143600000232280995
B1047484548714N01141317EA012620143500000302280995
B1047494548711N01141312EA012600143300000302281011
B1047504548709N01141308EA012590143300000262270994
B1047514548706N01141304EA012590143300000262260994
B1047524548702N01141298EA012580143300000322260994
B1047534548699N01141292EA012580143100000322260994
B1047544548697N01141285EA012570143000000392360994
B1047554548695N01141277EA012570143000000362460994
B1047564548694N01141270EA012570143100000302510994
B1047574548693N01141265EA012580143300000302560997
B1047584548692N01141259EA012590143400000262580997
B1047594548692N01141253EA012590143500000262600997
B1048004548692N01141246EA012590143500000352630997
B1048014548691N01141238EA012600143500000382660997
B1048024548691N01141229EA012600143400000402640997
B1048034548691N01141221EA012610143500000362640997
B1048044548690N01141214EA012610143700000312651004
B1048054548690N01141208EA012620143800000312661004
B1048064548689N01141202EA012630143900000282591004
B1048074548687N01141196EA012630143800000282521004
B1048084548686N01141189EA012630143700000352541004
B1048094548685N01141181EA012620143700000352561004
B1048104548684N01141174EA012620143700000332571004
B1048114548683N01141167EA012620143700000332581004
B1048124548681N01141162EA012620143700000282521001
B1048134548679N01141156EA012610143600000282461001
B1048144548677N01141149EA012610143600000342471001
B1048154548675N01141142EA012600143400000342481001
B1048164548673N01141134EA012590143300000372481001
B1048174548670N01141128EA012580143200000372421001
B1048184548668N01141122EA012580143300000312381001
B1048194548665N01141117EA012580143300000312341001
B1048204548663N01141112EA012580143400000282360996
B1048214548661N01141106EA012570143300000282380996
B1048224548658N01141100EA012560143100000342390969
B1048234548656N01141093EA012550142900000342400969
B1048244548653N01141087EA012540142800000352380969
B1048254548650N01141081EA012520142700000352360969
B1048264548647N01141075EA012510142600000322350969
B1048274548644N01141069EA012500142600000322340969
B1048284548641N01141063EA012500142400000342340968
B1048294548638N01141057EA012480142300000342340968
B1048304548635N01141051EA012470142200000342320968
B1048314548632N01141046EA012460142100000342300968
B1048324548629N01141040EA012450142000000332300968
B1048334548626N01141034EA012440141900000332300968
B1048344548623N01141029EA012430141700000322320968
B1048354548620N01141023EA012410141500000322340968
B1048364548617N01141016EA012400141400000352360968
B1048374548614N01141009EA012380141200000352380971
B1048384548611N01141002EA012370141000000402350971
B1048394548607N01140995EA012360140900000402320932
B1048404548603N01140989EA012350140800000392310932
B1048414548600N01140982EA012340140800000392300932
B1048424548596N01140976EA012330140800000392310932
B1048434548593N01140969EA012330140700000392320932
B1048444548589N01140962EA012320140600000402320934
B1048454548585N01140955EA012310140600000402320934
B1048464548582N01140948EA012310140500000402320934
B1048474548578N01140941EA012300140400000402320934
B1048484548574N01140935EA012290140400000392320934
B1048494548570N01140929EA012290140300000402280934
B1048504548565N01140923EA012280140200000392240934
B1048514548561N01140918EA012280140200000392200934
B1048524548557N01140913EA012270140200000322210946
B1048534548554N01140909EA012270140200000322220946
B1048544548551N01140904EA012260140100000312220946
B1048554548547N01140899EA012250139800000312220946
B1048564548543N01140893EA012230139500000402240946
B1048574548539N01140886EA012200139200000402260946
B1048584548534N01140880EA012180139000000412260946
B1048594548530N01140873EA012160138800000412260946
B1049004548526N01140867EA012140138700000392260946
B1049014548522N01140861EA012130138600000392260967
B1049024548519N01140855EA012110138400000342300967
B1049034548516N01140849EA012100138300000342340967
B1049044548513N01140842EA012080138000000382340967
B1049054548509N01140835EA012050137600000382340958
B1049064548505N01140826EA012030137300000482340958
B1049074548501N01140818EA012000137100000492340958
B1049084548497N01140810EA011990137000000452340981
B1049094548493N01140803EA011980137100000452340981
B1049104548490N01140796EA011980137100000352330981
B1049114548487N01140790EA011980137100000352320981
B1049124548484N01140783EA011970137100000412360981
B1049134548481N01140774EA011960136900000442400981
B1049144548477N01140766EA011960136800000452420993
B1049154548474N01140757EA011950136700000442400993
B1049164548471N01140749EA011940136700000422380993
B1049174548468N01140742EA011940136700000422380993
B1049184548464N01140734EA011930136600000422380993
B1049194548461N01140726EA011930136500000442360993
B1049204548458N01140717EA011920136400000462380976
B1049214548455N01140708EA011910136300000482440986
B1049224548453N01140699EA011900136200000452480986
B1049234548450N01140690EA011900136300000402480986
B1049244548448N01140683EA011900136300000372460986
B1049254548446N01140675EA011890136200000372440986
B1049264548443N01140668EA011880136000000382430986
B1049274548440N01140661EA011870135800000382420997
B1049284548437N01140654EA011850135600000402390997
B1049294548434N01140646EA011830135400000422360997
B1049304548430N01140638EA011810135200000422360997
B1049314548428N01140630EA011790135000000422400997
B1049324548425N01140622EA011770134800000422460997
B1049334548423N01140613EA011760134700000422461004
B1049344548420N01140604EA011750134600000442461004
B1049354548418N01140595EA011750134600000432481004
B1049364548416N01140587EA011740134700000392521004
B1049374548415N01140580EA011750134800000392521004
B1049384548413N01140574EA011760135000000262501004
B1049394548412N01140569EA011770135200000262501004
B1049404548411N01140564EA011770135200000252511009
B1049414548410N01140558EA011780135200000252521009
B1049424548408N01140552EA011780135100000292501031
B1049434548406N01140546EA011770135100000292481031
B1049444548405N01140540EA011770135100000302471031
B1049454548403N01140534EA011770135000000302461031
B1049464548401N01140529EA011770135000000292461031
B1049474548400N01140523EA011770135000000292461031
B1049484548399N01140518EA011760135000000242521031
B1049494548398N01140513EA011760135000000242581026
B1049504548398N01140507EA011750134900000282631026
B1049514548398N01140500EA011740134800000282681026
B1049524548399N01140493EA011740134700000332751026
B1049534548401N01140486EA011730134700000332821026
B1049544548403N01140479EA011730134700000352881026
B1049554548406N01140473EA011730134700000352941026
B1049564548408N01140466EA011730134600000362951013
B1049574548411N01140459EA011730134600000362961018
B1049584548414N01140452EA011730134600000372991018
B1049594548417N01140446EA011730134700000373021018
B1050004548420N01140440EA011740134800000333051018
B1050014548423N01140434EA011740134800000333081018
B1050024548426N01140428EA011740134800000373061018
B1050034548430N01140421EA011740134800000373041018
B1050044548434N01140414EA011750134800000423091001
B1050054548439N01140408EA011750134800000423141001
B1050064548444N01140402EA011760134900000433171001
B1050074548449N01140397EA011770135000000433201001
B1050084548454N01140392EA011780135200000403221001
B1050094548459N01140387EA011790135300000403241001
B1050104548465N01140384EA011790135300000433310998
B1050114548471N01140382EA011800135300000433380998
B1050124548478N01140382EA011800135300000423510998
B1050134548483N01140385EA011800135200000420040998
B1050144548488N01140391EA011800135200000400240998
B1050154548491N01140397EA011810135300000400440998
B1050164548492N01140404EA011820135500000300590998
B1050174548493N01140409EA011830135600000300740998
B1050184548492N01140414EA011840135800000230850998
B1050194548491N01140419EA011860135900000230961013
B1050204548490N01140424EA011870136000000241081013
B1050214548487N01140428EA011880136100000241201013
B1050224548485N01140431EA011890136300000201281013
B1050234548483N01140433EA011910136600000201361013
B1050244548481N01140434EA011930136900000131531013
B1050254548479N01140433EA011950137100000131701013
B1050264548477N01140432EA011970137200000171891013
B1050274548474N01140429EA011990137400000172081013
B1050284548472N01140425EA012010137600000232211013
B1050294548471N01140420EA012030137800000232341013
B1050304548471N01140414EA012040137900000302540998
B1050314548472N01140407EA012050138000000302740998
B1050324548475N01140400EA012070138100000362890998
B1050334548479N01140394EA012080138100000363040998
B1050344548484N01140388EA012080138100000443110998
B1050354548489N01140383EA012100138200000443180998
B1050364548495N01140380EA012110138300000433320998
B1050374548502N01140379EA012120138500000433460998
B1050384548508N01140381EA012140138700000393460998
B1050394548513N01140383EA012150138900000360141009
B1050404548518N01140385EA012170139100000330151009
B1050414548522N01140388EA012180139200000330161009
B1050424548526N01140392EA012200139400000310291009
B1050434548529N01140398EA012210139400000310421009
B1050444548531N01140405EA012210139400000340551009
B1050454548532N01140412EA012220139500000340681009
B1050464548533N01140418EA012220139600000280741025
B1050474548533N01140424EA012230139600000280801025
B1050484548533N01140429EA012240139700000240841025
B1050494548533N01140434EA012240139700000240881025
B1050504548532N01140440EA012250139800000250951025
B1050514548531N01140445EA012250139800000251021025
B1050524548531N01140450EA012260140000000241031025
B1050534548529N01140455EA012270140100000241041025
B1050544548528N01140458EA012290140300000171151025
B1050554548526N01140460EA012300140400000171261025
B1050564548524N01140463EA012310140500000151351025
B1050574548522N01140464EA012320140600000151441025
B1050584548520N01140466EA012320140600000141471025
B1050594548518N01140468EA012330140700000141501027
B1051004548516N01140472EA012330140600000251401027
B1051014548513N01140476EA012330140600000251301027
B1051024548511N01140481EA012330140700000241271027
B1051034548510N01140485EA012350141000000241241027
B1051044548509N01140488EA012370141300000181181028
B1051054548508N01140492EA012390141600000181121028
B1051064548507N01140495EA012410141800000161061028
B1051074548507N01140499EA012430141900000161001028
B1051084548505N01140503EA012440142000000181121028
B1051094548503N01140505EA012450142000000181241028
B1051104548500N01140507EA012450142000000211431028
B1051114548497N01140508EA012450141900000211621028
B1051124548494N01140511EA012450141900000231491028
B1051134548492N01140516EA012450141800000231361028
B1051144548489N01140521EA012440141700000311341037
B1051154548485N01140525EA012430141500000311321037
B1051164548480N01140530EA012410141200000381391037
B1051174548475N01140535EA012390140900000381461037
B1051184548471N01140541EA012370140700000391391037
B1051194548468N01140547EA012360140600000391321037
B1051204548464N01140553EA012340140500000331291037
B1051214548462N01140558EA012330140300000331261037
B1051224548459N01140563EA012310140200000311281009
B1051234548455N01140569EA012290139900000311301004
B1051244548451N01140575EA012270139600000371311004
B1051254548447N01140581EA012250139400000371321004
B1051264548444N01140587EA012230139200000371291004
B1051274548441N01140593EA012210139100000371261004
B1051284548438N01140599EA012200139000000321251004
B1051294548435N01140605EA012190138900000321241004
B1051304548432N01140611EA012180138800000331231004
B1051314548430N01140617EA012180138700000331220997
B1051324548427N01140622EA012170138800000301250997
B1051334548424N01140627EA012170138800000301280997
B1051344548421N01140632EA012170138800000301290997
B1051354548418N01140637EA012160138700000301300997
B1051364548414N01140642EA012160138600000341310997
B1051374548411N01140648EA012150138600000341320997
B1051384548408N01140653EA012150138600000301301006
B1051394548405N01140658EA012150138600000301281006
B1051404548402N01140662EA012150138700000261301006
B1051414548399N01140666EA012160138700000261361006
B1051424548397N01140670EA012150138600000271320996
B1051434548394N01140676EA012150138500000271280996
B1051444548391N01140682EA012130138200000351260996
B1051454548388N01140688EA012120137900000351240996
B1051464548384N01140695EA012090137700000401260996
B1051474548380N01140701EA012080137500000401280996
B1051484548377N01140707EA012060137400000341290996
B1051494548373N01140713EA012040137200000341300996
B1051504548371N01140719EA012030137200000331250983
B1051514548369N01140725EA012020137100000331200983
B1051524548367N01140732EA012010137000000351160983
B1051534548365N01140739EA012000136900000351120983
B1051544548362N01140746EA011990136800000401120983
B1051554548360N01140754EA011990136700000401120983
B1051564548357N01140762EA011980136700000411140979
B1051574548354N01140769EA011990136800000411160962
B1051584548352N01140775EA012000137000000301190962
B1051594548350N01140781EA012010137200000301220962
B1052004548348N01140785EA012020137300000231170962
B1052014548347N01140790EA012020137300000231120962
B1052024548345N01140795EA012020137300000271180962
B1052034548342N01140800EA012010137200000271240962
B1052044548339N01140806EA012010137100000341250962
B1052054548336N01140812EA012010137200000341260962
B1052064548333N01140818EA012010137300000321240947
B1052074548330N01140823EA012020137500000321220947
B1052084548328N01140827EA012030137600000251230947
B1052094548326N01140832EA012040137700000251240947
B1052104548324N01140837EA012040137700000281190947
B1052114548322N01140844EA012040137600000281140947
B1052124548320N01140850EA012030137500000341140947
B1052134548318N01140856EA012030137400000341140947
B1052144548316N01140862EA012020137300000281170947
B1052154548314N01140867EA012010137300000281200940
B1052164548312N01140873EA012000137200000291190940
B1052174548310N01140878EA012000137100000291180940
B1052184548307N01140884EA011990137100000301190915
B1052194548305N01140890EA011980137100000301200915
B1052204548303N01140895EA011980137100000291190915
B1052214548301N01140901EA011980137000000291180915
B1052224548299N01140908EA011980137000000341120915
B1052234548298N01140915EA011980137100000341060915
B1052244548297N01140923EA011990137200000350990897
B1052254548298N01140930EA012000137400000350920897
B1052264548298N01140937EA012010137500000320890897
B1052274548297N01140944EA012020137700000320860897
B1052284548296N01140950EA012050138000000280960897
B1052294548295N01140956EA012070138200000281060897
B1052304548294N01140961EA012090138500000261040897
B1052314548294N01140967EA012110138800000261020892
B1052324548294N01140973EA012140139000000290960892
B1052334548293N01140979EA012160139200000290900892
B1052344548292N01140984EA012180139300000240990892
B1052354548290N01140988EA012180139300000241080892
B1052364548288N01140990EA012190139400000201300892
B1052374548285N01140992EA012190139400000201520892
B1052384548282N01140992EA012190139300000211600892
B1052394548278N01140993EA012180139200000211680892
B1052404548274N01140992EA012180139200000281680892
B1052414548270N01140990EA012170139100000281880892
B1052424548266N01140988EA012170139000000271990892
B1052434548263N01140984EA012160139000000272100892
B1052444548260N01140980EA012160139000000282200892
B1052454548258N01140974EA012150139000000282300861
B1052464548256N01140967EA012150139000000352390861
B1052474548254N01140959EA012150139000000362480883
B1052484548254N01140952EA012160139200000352580883
B1052494548255N01140945EA012170139400000352680883
B1052504548257N01140939EA012190139600000312860883
B1052514548261N01140934EA012220139900000313040897
B1052524548264N01140929EA012250140200000333120897
B1052534548268N01140926EA012280140600000333200897
B1052544548272N01140924EA012310140900000283350897
B1052554548277N01140924EA012340141200000283500897
B1052564548282N01140926EA012360141400000370000897
B1052574548288N01140927EA012390141600000370100897
B1052584548292N01140928EA012420142000000290110897
B1052594548296N01140930EA012450142300000290120897
B1053004548300N01140934EA012470142600000320220897
B1053014548304N01140939EA012490142700000320320897
B1053024548309N01140944EA012510142800000390370897
B1053034548312N01140951EA012530143000000390420929
B1053044548314N01140958EA012550143300000330540929
B1053054548315N01140964EA012570143700000330660929
B1053064548314N01140969EA012600143900000260890918
B1053074548311N01140974EA012620144200000261120918
B1053084548308N01140979EA012640144300000321260892
B1053094548304N01140982EA012660144300000321400892
B1053104548300N01140983EA012660144400000251570892
B1053114548296N01140982EA012660144300000251740892
B1053124548292N01140979EA012660144300000321880892
B1053134548288N01140976EA012670144300000322020892
B1053144548284N01140972EA012670144300000312060892
B1053154548280N01140969EA012670144400000312100892
B1053164548276N01140965EA012680144500000322140897
B1053174548272N01140959EA012690144500000322180897
B1053184548268N01140953EA012700144600000372250897
B1053194548266N01140947EA012710144800000372320897
B1053204548264N01140941EA012730145100000292440897
B1053214548264N01140935EA012760145500000292560897
B1053224548265N01140930EA012790145800000252730897
B1053234548267N01140925EA012830146200000252900897
B1053244548269N01140920EA012850146500000272970897
B1053254548272N01140915EA012880146700000273040915
B1053264548275N01140910EA012910147000000293090915
B1053274548279N01140906EA012930147200000293140915
B1053284548282N01140904EA012960147400000283260915
B1053294548287N01140903EA012980147600000283380915
B1053304548291N01140904EA013000147800000293530915
B1053314548295N01140906EA013020147900000290080915
B1053324548300N01140908EA013030148000000330160915
B1053334548304N01140912EA013050148200000330240915
B1053344548307N01140916EA013060148400000280360897
B1053354548309N01140922EA013080148600000280480897
B1053364548311N01140928EA013090148700000330620929
B1053374548311N01140935EA013110148900000330760929
B1053384548311N01140942EA013130149100000290860929
B1053394548310N01140948EA013150149400000290960929
B1053404548308N01140953EA013170149700000251060897
B1053414548306N01140957EA013200149900000251160897
B1053424548303N01140961EA013220150100000261280897
B1053434548299N01140962EA013240150300000261460897
B1053444548294N01140962EA013250150400000311650897
B1053454548290N01140961EA013270150500000311840897
B1053464548285N01140958EA013280150600000301920897
B1053474548281N01140955EA013300150800000302000897
B1053484548278N01140952EA013320151100000272110897
B1053494548276N01140947EA013340151300000272220897
B1053504548275N01140942EA013350151500000242380897
B1053514548275N01140937EA013370151600000242540897
B1053524548275N01140932EA013390151800000242680897
B1053534548277N01140927EA013410151900000242820897
B1053544548279N01140922EA013420152000000302950897
B1053554548283N01140917EA013440152100000303080897
B1053564548286N01140914EA013460152400000273230915
B1053574548290N01140913EA013480152800000273380915
B1053584548294N01140914EA013510153000000243520915
B1053594548298N01140915EA013530153200000240060915
B1054004548302N01140916EA013540153300000280100897
B1054014548306N01140919EA013560153300000280140897
B1054024548310N01140922EA013570153400000350240929
B1054034548314N01140928EA013580153500000350340929
B1054044548318N01140934EA013600153800000370450929
B1054054548320N01140941EA013620154100000370560929
B1054064548322N01140948EA013640154400000310650929
B1054074548322N01140954EA013670154700000310740929
B1054084548322N01140960EA013690154900000270840929
B1054094548321N01140966EA013710155100000270940918
B1054104548318N01140971EA013730155300000291100918
B1054114548315N01140975EA013740155400000291260918
B1054124548311N01140979EA013760155400000311390918
B1054134548307N01140980EA013770155600000311520892
B1054144548303N01140980EA013780155700000241520892
B1054154548299N01140979EA013790155800000251840892
B1054164548296N01140978EA013790155900000271880892
B1054174548291N01140976EA013800155900000271920892
B1054184548287N01140972EA013810155900000322030892
B1054194548284N01140967EA013810156000000322140892
B1054204548282N01140962EA013820156100000282290897
B1054214548281N01140957EA013830156200000282440897
B1054224548281N01140952EA013840156400000212590897
B1054234548281N01140947EA013850156400000212740897
B1054244548283N01140942EA013860156500000252840897
B1054254548285N01140938EA013870156600000252940897
B1054264548288N01140935EA013880156700000233100897
B1054274548291N01140933EA013900156900000233260897
B1054284548295N01140932EA013910157000000233400897
B1054294548298N01140932EA013920157100000233540897
B1054304548303N01140933EA013930157200000280000897
B1054314548307N01140934EA013940157200000280060897
B1054324548311N01140935EA013950157300000290080929
B1054334548316N01140936EA013960157400000290100929
B1054344548320N01140938EA013970157600000320130929
B1054354548325N01140941EA013990157800000320160929
B1054364548330N01140943EA014010158000000320180929
B1054374548334N01140946EA014040158400000320200929
B1054384548337N01140949EA014060158700000280280929
B1054394548340N01140954EA014090159000000280360929
B1054404548343N01140960EA014110159100000320450929
B1054414548346N01140966EA014120159200000320540918
B1054424548349N01140972EA014130159200000370530918
B1054434548353N01140979EA014140159300000370520918
B1054444548355N01140985EA014150159400000350570918
B1054454548357N01140993EA014160159600000350620918
B1054464548356N01141000EA014180159800000330810918
B1054474548354N01141006EA014190159900000331000918
B1054484548352N01141012EA014190159900000301110918
B1054494548349N01141017EA014190159900000301220919
B1054504548347N01141021EA014190159800000221270919
B1054514548344N01141024EA014180159600000221320919
B1054524548341N01141025EA014160159300000281530919
B1054534548336N01141023EA014130158900000281740919
B1054544548331N01141020EA014100158500000351940919
B1054554548328N01141014EA014080158300000352140918
B1054564548327N01141009EA014060158200000252340918
B1054574548327N01141003EA014050158200000252580918
B1054584548328N01140998EA014040158200000262680918
B1054594548328N01140992EA014040158100000262780918
B1055004548329N01140985EA014030158000000322800918
B1055014548331N01140978EA014020157800000322820918
B1055024548333N01140972EA014010157800000332890918
B1055034548336N01140965EA014010157800000332960929
B1055044548339N01140961EA014020157900000293070929
B1055054548342N01140958EA014030158100000293180929
B1055064548345N01140956EA014050158300000213310929
B1055074548349N01140955EA014060158500000213440929
B1055084548352N01140954EA014070158500000263450929
B1055094548357N01140954EA014070158400000263460929
B1055104548362N01140955EA014070158400000360010933
B1055114548367N01140959EA014070158200000360160933
B1055124548372N01140965EA014070158200000420290933
B1055134548376N01140971EA014070158300000420420925
B1055144548379N01140977EA014070158500000330470925
B1055154548382N01140983EA014080158700000330520925
B1055164548385N01140988EA014100158800000320560925
B1055174548387N01140994EA014110159000000320600925
B1055184548389N01141000EA014130159200000280580925
B1055194548392N01141004EA014140159300000280560925
B1055204548394N01141009EA014140159300000270540925
B1055214548397N01141015EA014150159300000270520925
B1055224548400N01141021EA014150159100000360540920
B1055234548403N01141028EA014140159000000360560920
B1055244548405N01141036EA014130158900000420600920
B1055254548408N01141045EA014120158700000410640920
B1055264548410N01141053EA014090158400000410640913
B1055274548413N01141061EA014070158000000410640913
B1055284548416N01141071EA014050157700000480660890
B1055294548419N01141081EA014010157300000500660890
B1055304548421N01141091EA013990157000000490680890
B1055314548424N01141100EA013960156800000470660890
B1055324548427N01141109EA013940156700000460640890
B1055334548431N01141118EA013920156500000470620868
B1055344548433N01141128EA013910156300000490640868
B1055354548436N01141138EA013890156100000490660868
B1055374548442N01141157EA013870155900000470660868
B1055384548445N01141165EA013860155900000430650868
B1055394548447N01141173EA013860156000000430640858
B1055404548449N01141180EA013860156000000340650858
B1055414548452N01141187EA013850155900000340660858
B1055424548454N01141195EA013840155700000410680858
B1055434548455N01141204EA013830155500000440700858
B1055444548457N01141213EA013810155300000430720858
B1055454548458N01141222EA013800155200000400780869
B1055464548459N01141231EA013790155200000400800869
B1055474548460N01141239EA013780155100000400800897
B1055484548461N01141248EA013770154900000420760897
B1055494548463N01141257EA013760154800000440740897
B1055504548465N01141266EA013750154700000440740911
B1055514548467N01141275EA013750154800000430740911
B1055524548468N01141284EA013750154900000410740911
B1055534548470N01141292EA013760154900000410740911
B1055544548471N01141300EA013760155000000390750911
B1055554548472N01141309EA013770155000000410760911
B1055564548473N01141318EA013760155000000430800911
B1055574548474N01141327EA013760154900000440820911
B1055584548474N01141337EA013750154800000460820911
B1055594548475N01141347EA013750154700000460820911
B1056004548476N01141356EA013750154600000440800911
B1056014548477N01141365EA013750154700000410820911
B1056024548478N01141374EA013750154800000390820914
B1056034548479N01141382EA013750154800000380800914
B1056044548480N01141390EA013750154800000380800914
B1056054548481N01141399EA013750154700000400800914
B1056064548481N01141408EA013740154600000420820914
B1056074548482N01141417EA013730154500000430840907
B1056084548482N01141426EA013730154500000430860907
B1056094548483N01141435EA013730154400000430840907
B1056104548483N01141445EA013720154400000420820907
B1056114548484N01141453EA013720154400000420840907
B1056124548484N01141462EA013720154400000380860907
B1056134548484N01141470EA013710154400000380860910
B1056144548484N01141480EA013710154300000440860910
B1056154548484N01141490EA013700154200000510900910
B1056164548484N01141501EA013700154200000510900910
B1056174548485N01141511EA013710154400000450860910
B1056184548486N01141520EA013740154900000370840908
B1056194548486N01141527EA013760155300000370860908
B1056204548486N01141534EA013790155600000310850908
B1056214548487N01141541EA013810155800000310840908
B1056224548487N01141547EA013830156000000310880908
B1056234548485N01141554EA013850156100000310920908
B1056244548483N01141560EA013860156200000321090908
B1056254548479N01141564EA013860156200000321260908
B1056264548475N01141567EA013860156200000301440853
B1056274548471N01141567EA013860156100000301620853
B1056284548467N01141565EA013850156000000281830908
B1056294548464N01141562EA013840155800000282040908
B1056304548462N01141557EA013820155600000232280908
B1056314548463N01141552EA013800155400000232520908
B1056324548464N01141548EA013780155100000252730908
B1056334548466N01141543EA013750154700000252940908
B1056344548469N01141536EA013720154400000352960908
B1056354548471N01141529EA013700154100000352980908
B1056364548474N01141522EA013690154100000342980908
B1056374548476N01141517EA013690154300000342980908
B1056384548479N01141514EA013700154600000233130910
B1056394548483N01141512EA013710154700000233280910
B1056404548487N01141511EA013720154700000283380910
B1056414548491N01141510EA013720154700000283480910
B1056424548496N01141510EA013720154700000343560910
B1056434548501N01141513EA013730154700000340040910
B1056444548505N01141517EA013730154700000320230908
B1056454548508N01141522EA013730154800000320420908
B1056464548509N01141529EA013730154800000330600908
B1056474548509N01141537EA013730154900000330780908
B1056484548509N01141544EA013740155000000340850908
B1056494548509N01141551EA013750155100000340920908
B1056504548509N01141558EA013760155200000320900908
B1056514548509N01141565EA013770155300000320880908
B1056524548509N01141572EA013780155400000300860853
B1056534548510N01141578EA013790155500000300840871
B1056544548511N01141585EA013800155600000330820871
B1056554548512N01141593EA013810155700000330800871
B1056564548512N01141600EA013810155800000330820871
B1056574548512N01141607EA013820155800000330840871
B1056584548513N01141615EA013820155800000380850871
B1056594548513N01141624EA013820155600000450860820
B1057004548513N01141635EA013810155400000500860820
B1057014548513N01141645EA013800155300000490880820
B1057024548514N01141655EA013800155300000450880820
B1057034548514N01141664EA013800155400000410860820
B1057044548515N01141673EA013800155400000400820760
B1057054548516N01141682EA013790155400000410800760
B1057064548517N01141691EA013790155200000450780760
B1057074548518N01141701EA013780155100000480780760
B1057084548519N01141711EA013770155000000490800760
B1057094548521N01141722EA013760154900000500800695
B1057104548522N01141733EA013760154900000510780695
B1057114548523N01141744EA013750154800000520800695
B1057124548523N01141755EA013750154700000520840695
B1057134548524N01141766EA013740154600000500840641
B1057144548524N01141777EA013720154400000490840641
B1057154548525N01141787EA013710154200000500840641
B1057164548524N01141798EA013680153900000510880641
B1057174548524N01141810EA013660153600000530920641
B1057184548523N01141821EA013640153200000560920587
B1057194548523N01141833EA013610152900000560920587
B1057204548522N01141845EA013590152700000550920587
B1057214548521N01141857EA013570152600000540960587
B1057224548520N01141868EA013560152400000540980548
B1057234548519N01141880EA013540152300000550960548
B1057244548518N01141892EA013530152100000550960548
B1057264548517N01141915EA013500151900000530920548
B1057274548517N01141926EA013490151800000530900513
B1057284548517N01141938EA013480151800000520880513
B1057294548517N01141949EA013470151700000520860513
B1057304548517N01141961EA013460151600000530900513
B1057314548517N01141972EA013450151500000540900491
B1057324548517N01141984EA013440151400000540880491
B1057334548518N01141995EA013440151300000530860491
B1057344548518N01142007EA013430151200000510880491
B1057354548518N01142018EA013420151100000520880463
B1057364548518N01142029EA013400151000000540880463
B1057374548518N01142041EA013400150900000540880463
B1057384548518N01142052EA013390150800000530900463
B1057394548517N01142063EA013390150800000500920463
B1057404548517N01142074EA013380150800000500920442
B1057414548517N01142085EA013370150800000500920442
B1057424548517N01142096EA013360150600000520900442
B1057434548517N01142107EA013350150400000530900442
B1057444548517N01142119EA013330150200000530900418
B1057454548517N01142130EA013320150000000520900418
B1057464548517N01142141EA013310149800000490880418
B1057474548517N01142151EA013290149700000470860418
B1057484548518N01142161EA013280149600000460860418
B1057494548518N01142171EA013260149500000470840410
B1057504548518N01142182EA013240149200000490860410
B1057514548518N01142193EA013230149000000520880410
B1057524548518N01142204EA013210148900000510880410
B1057534548519N01142215EA013200148800000480860388
B1057544548518N01142224EA013200148800000450880388
B1057554548517N01142234EA013190148800000430940388
B1057564548516N01142243EA013190148800000411000388
B1057574548516N01142252EA013180148800000410980388
B1057584548516N01142260EA013180148700000410920388
B1057594548516N01142269EA013170148600000410860381
B1058004548516N01142278EA013160148500000410880381
B1058014548516N01142287EA013150148300000420920381
B1058024548516N01142296EA013140148200000440920381
B1058034548516N01142306EA013130148100000450880381
B1058044548517N01142316EA013110147900000460840345
B1058054548518N01142326EA013100147800000450820345
B1058064548518N01142335EA013090147700000440820345
B1058074548519N01142345EA013080147600000430860345
B1058084548519N01142354EA013070147500000430880345
B1058094548519N01142363EA013060147400000440880345
B1058104548519N01142373EA013050147300000440880306
B1058114548518N01142383EA013030147000000450900306
B1058124548518N01142393EA013000146700000480920306
B1058134548517N01142403EA012980146400000490940306
B1058144548517N01142414EA012950146100000500940306
B1058154548516N01142425EA012920145800000480940266
B1058164548515N01142435EA012900145600000460940266
B1058174548515N01142444EA012870145400000450960266
B1058184548514N01142454EA012860145200000460940266
B1058194548514N01142464EA012840145000000450920266
B1058204548514N01142473EA012820144900000430920229
B1058214548513N01142482EA012810144800000410920229
B1058224548513N01142491EA012800144700000410940229
B1058234548512N01142500EA012780144600000420940229
B1058244548512N01142510EA012760144400000440920229
B1058254548512N01142519EA012750144200000440900192
B1058264548512N01142529EA012740144100000430900192
B1058274548512N01142538EA012730144100000410880192
B1058284548512N01142546EA012720144000000400900192
B1058294548511N01142555EA012720143900000410920192
B1058304548511N01142564EA012700143800000410940192
B1058314548511N01142573EA012690143600000420920159
B1058324548511N01142582EA012680143400000420900159
B1058334548510N01142591EA012660143300000410900159
B1058344548510N01142600EA012650143100000400900159
B1058354548510N01142609EA012630143000000390900159
B1058364548510N01142617EA012610142700000390910152
B1058374548509N01142626EA012590142400000400920158
B1058384548509N01142635EA012560142100000430900158
B1058394548509N01142645EA012530141700000450900158
B1058404548509N01142655EA012500141400000480920158
B1058414548509N01142665EA012470141000000500900144
B1058424548509N01142676EA012440140800000520880144
B1058434548511N01142687EA012430140700000490820142
B1058444548513N01142696EA012430140800000400740142
B1058454548514N01142702EA012440141200000400720142
B1058464548515N01142707EA012460141600000180710142
B1058474548516N01142710EA012480141900000180700142
B1058484548517N01142714EA012490142000000190680142
B1058494548519N01142719EA012500142000000190660138
B1058504548520N01142725EA012500141900000320700138
B1058514548521N01142732EA012500141800000320740138
B1058524548522N01142737EA012500141900000230730138
B1058534548524N01142741EA012510142100000230720138
B1058544548526N01142744EA012520142200000190580138
B1058554548528N01142748EA012530142300000190440138
B1058564548530N01142752EA012530142200000280500138
B1058574548532N01142758EA012540142200000280560138
B1058584548534N01142762EA012550142400000230610138
B1058594548535N01142766EA012560142600000230660134
B1059004548535N01142770EA012570142700000160770134
B1059014548535N01142774EA012580142900000160880134
B1059024548536N01142778EA012600143100000180810134
B1059034548537N01142782EA012610143200000180740134
B1059044548538N01142785EA012630143400000190710134
B1059054548538N01142789EA012640143500000190680134
B1059064548539N01142794EA012650143600000190770134
B1059074548538N01142798EA012660143700000190860134
B1059084548538N01142802EA012680143800000190920134
B1059094548538N01142806EA012690144000000190980134
B1059104548537N01142810EA012710144200000200970134
B1059114548536N01142815EA012730144500000200960132
B1059124548534N01142818EA012750144700000221150132
B1059134548531N01142820EA012770144800000221340132
B1059144548527N01142820EA012780144900000281590132
B1059154548523N01142818EA012790145000000281840132
B1059164548518N01142815EA012800145100000361970132
B1059174548514N01142810EA012800145100000362100134
B1059184548511N01142803EA012810145200000352260134
B1059194548510N01142796EA012810145300000352420134
B1059204548510N01142787EA012820145200000412620134
B1059214548512N01142778EA012820145200000422740134
B1059224548514N01142771EA012820145200000392880134
B1059234548519N01142765EA012830145300000393020134
B1059244548524N01142761EA012830145400000383180138
B1059254548529N01142758EA012840145400000383340138
B1059264548535N01142757EA012840145400000383440138
B1059274548540N01142757EA012840145400000383540138
B1059284548545N01142759EA012850145500000320040138
B1059294548550N01142761EA012860145700000320140138
B1059304548553N01142764EA012870145800000260210138
B1059314548557N01142767EA012880146000000260280134
B1059324548560N01142770EA012900146100000240310133
B1059334548562N01142773EA012910146200000240340133
B1059344548565N01142777EA012910146300000230410133
B1059354548567N01142781EA012920146300000230480133
B1059364548569N01142786EA012920146300000260510133
B1059374548571N01142790EA012930146400000260540133
B1059384548573N01142795EA012940146500000220560133
B1059394548574N01142799EA012950146700000220580133
B1059404548576N01142803EA012960146800000190590133
B1059414548577N01142807EA012970146800000190600133
B1059434548581N01142818EA012970146600000310620131
B1059444548582N01142825EA012960146500000320700131
B1059454548583N01142832EA012970146600000320780131
B1059464548583N01142837EA012970146700000240790131
B1059474548584N01142842EA012970146800000240800131
B1059484548585N01142846EA012970146800000210780131
B1059494548585N01142852EA012970146600000210760131
B1059504548586N01142858EA012960146400000330800131
B1059514548586N01142866EA012950146300000330840131
B1059524548587N01142873EA012940146300000340840131
B1059534548587N01142881EA012950146500000340840131
B1059544548588N01142887EA012960146700000310840131
B1059554548588N01142893EA012980146900000310840131
B1059564548589N01142898EA013000147200000210820131
B1059574548590N01142902EA013020147500000210800131
B1059584548591N01142907EA013030147600000220740131
B1059594548592N01142912EA013050147600000220680131
B1100004548593N01142918EA013050147600000290750125
B1100014548593N01142924EA013060147700000290820125
B1100024548593N01142930EA013070147800000260850125
B1100034548593N01142935EA013080148000000260880125
B1100044548592N01142939EA013100148200000190970125
B1100054548591N01142943EA013110148400000191060125
B1100064548588N01142946EA013120148400000261270125
B1100074548584N01142948EA013120148400000261480125
B1100084548579N01142947EA013120148300000301700125
B1100094548575N01142944EA013110148200000301920125
B1100104548572N01142938EA013100148000000362140125
B1100114548570N01142930EA013080147700000392360125
B1100124548570N01142921EA013060147500000402560125
B1100134548572N01142913EA013050147300000382760131
B1100144548575N01142906EA013030147100000362890131
B1100154548577N01142900EA013020147000000363020131
B1100164548580N01142894EA013010147000000353020131
B1100174548584N01142887EA013000146900000353020131
B1100184548588N01142882EA013000146800000393100131
B1100194548593N01142877EA012990146800000393180131
B1100204548599N01142876EA012990146700000393360131
B1100214548604N01142877EA012990146800000393540131
B1100224548609N01142880EA013000147000000310120131
B1100234548612N01142884EA013020147200000310300129
B1100244548614N01142888EA013030147500000220390129
B1100254548616N01142892EA013050147700000220480129
B1100264548618N01142897EA013060147700000280550129
B1100274548620N01142903EA013070147800000280620129
B1100284548621N01142909EA013080147800000310650129
B1100294548623N01142915EA013090148000000310680128
B1100304548625N01142920EA013110148200000250600128
B1100314548628N01142923EA013120148400000250520128
B1100324548631N01142927EA013130148500000250430128
B1100334548634N01142930EA013140148500000250340128
B1100344548637N01142935EA013150148500000300430128
B1100354548640N01142941EA013150148500000300520128
B1100364548641N01142946EA013160148600000260610128
B1100374548642N01142952EA013160148700000260700128
B1100384548642N01142957EA013170148800000230800128
B1100394548641N01142961EA013170148800000230900128
B1100404548639N01142966EA013180148800000251090123
B1100414548636N01142969EA013180148800000251280123
B1100424548631N01142971EA013180148800000321510123
B1100434548626N01142969EA013170148800000321740123
B1100454548619N01142960EA013170148800000332180128
B1100464548617N01142953EA013170148800000332340128
B1100474548617N01142946EA013170148700000332500128
B1100484548617N01142939EA013160148700000352660128
B1100494548619N01142932EA013160148600000352820128
B1100504548623N01142927EA013150148500000333000128
B1100514548627N01142924EA013150148400000333180128
B1100524548631N01142922EA013140148300000293360128
B1100534548636N01142921EA013140148300000293480128
B1100544548641N01142921EA013130148300000303520128
B1100554548645N01142921EA013130148200000303560128
B1100564548650N01142922EA013120148200000310040128
B1100574548654N01142924EA013120148100000310120128
B1100584548658N01142927EA013110148000000310210128
B1100594548662N01142931EA013110148000000310300125
B1101004548666N01142934EA013100148000000300310125
B1101014548670N01142938EA013100148000000300320125
B1101024548673N01142942EA013110148100000290360125
B1101034548676N01142946EA013110148100000290400125
B1101044548679N01142951EA013110148100000290420125
B1101054548682N01142955EA013120148200000290440125
B1101064548685N01142960EA013120148300000300460125
B1101074548688N01142965EA013130148300000300480120
B1101084548691N01142971EA013130148400000310480120
B1101094548694N01142975EA013140148400000310480120
B1101104548698N01142980EA013150148500000290450120
B1101114548701N01142984EA013150148600000290420120
B1101124548703N01142989EA013160148700000280470120
B1101134548706N01142994EA013170148700000280520120
B1101144548708N01143000EA013170148700000290540120
B1101154548711N01143005EA013170148700000290560126
B1101164548713N01143011EA013160148700000310580126
B1101174548715N01143017EA013160148600000310600125
B1101184548717N01143023EA013160148500000350610125
B1101194548720N01143031EA013150148400000350620125
B1101204548723N01143038EA013140148200000400620125
B1101214548725N01143046EA013130148100000400620125
B1101224548728N01143054EA013120148100000410620125
B1101234548731N01143062EA013110147900000410620125
B1101244548734N01143071EA013100147700000420620121
B1101254548736N01143079EA013090147600000420640121
B1101264548737N01143087EA013080147500000390690121
B1101274548739N01143095EA013070147500000390740121
B1101284548741N01143103EA013070147500000370720121
B1101294548742N01143110EA013060147400000370700121
B1101304548744N01143118EA013050147300000370680120
B1101314548747N01143126EA013040147100000370660120
B1101324548749N01143134EA013020146800000420670120
B1101334548751N01143143EA013000146500000430680120
B1101344548754N01143151EA012980146300000420670120
B1101354548756N01143160EA012960146100000410660120
B1101364548759N01143168EA012940145900000400640127
B1101374548762N01143175EA012920145800000400620132
B1101384548764N01143183EA012910145600000400630132
B1101394548767N01143191EA012890145300000400640132
B1101404548769N01143200EA012870145100000420640132
B1101414548772N01143208EA012840144800000420640132
B1101424548775N01143217EA012820144500000460640133
B1101434548778N01143226EA012800144300000460640133
B1101444548781N01143235EA012780144100000450660133
B1101454548783N01143244EA012760143900000420660133
B1101464548785N01143252EA012740143800000410660133
B1101474548787N01143260EA012730143700000410700133
B1101484548790N01143269EA012710143600000410680132
B1101494548792N01143277EA012700143400000410660132
B1101504548795N01143285EA012680143200000420660132
B1101514548797N01143293EA012670143000000420660132
B1101524548799N01143302EA012650142800000430700132
B1101534548800N01143311EA012630142600000430760132
B1101544548802N01143320EA012610142400000420760141
B1101554548804N01143328EA012590142200000420720141
B1101564548806N01143336EA012570142100000410690141
B1101574548809N01143344EA012550141900000410660141
B1101584548811N01143353EA012540141600000470660134
B1101594548814N01143363EA012520141300000500660134
B1102004548817N01143373EA012490141000000510640160
B1102014548820N01143383EA012480140900000490660160
B1102024548823N01143393EA012460140800000470680160
B1102034548825N01143402EA012450140700000460700160
B1102044548827N01143412EA012440140600000460700160
B1102054548829N01143421EA012420140400000450700198
B1102064548831N01143430EA012400140200000450700198
B1102074548833N01143440EA012390140000000460700198
B1102084548836N01143449EA012370139800000460700198
B1102094548838N01143458EA012350139600000460680198
B1102104548841N01143467EA012330139500000440660254
B1102114548844N01143476EA012320139300000430660254
B1102124548846N01143485EA012300139200000420680254
B1102134548848N01143493EA012280139000000420700254
B1102144548850N01143502EA012260138800000430720254
B1102154548852N01143511EA012240138500000450720254
B1102164548854N01143521EA012220138200000470700308
B1102174548856N01143530EA012200137900000480700308
B1102184548859N01143540EA012180137700000470700308
B1102194548861N01143549EA012150137500000460680326
B1102204548864N01143559EA012130137300000450680326
B1102214548866N01143568EA012110137100000450700359
B1102224548867N01143578EA012090136900000470720359
B1102234548869N01143588EA012070136600000480740359
B1102244548871N01143598EA012050136400000480740359
B1102254548873N01143608EA012030136200000470740359
B1102264548875N01143617EA012010136000000450740389
B1102274548877N01143627EA012000135900000440740389
B1102284548878N01143636EA011980135700000440740389
B1102294548879N01143645EA011950135500000450780389
B1102304548881N01143655EA011930135300000460780389
B1102314548883N01143665EA011920135100000470740411
B1102324548886N01143674EA011900134900000470700411
B1102334548888N01143684EA011880134700000480680411
B1102344548891N01143694EA011860134500000480680411
B1102354548894N01143703EA011850134400000470640411
B1102364548898N01143711EA011830134300000470600411
B1102374548902N01143720EA011820134100000470560436
B1102384548906N01143729EA011800134000000480540436
B1102394548911N01143738EA011790133800000500540397
B1102404548915N01143747EA011780133600000520540397
B1102414548920N01143756EA011760133400000530520397
B1102424548925N01143766EA011750133300000520520416
B1102434548929N01143775EA011740133200000500540416
B1102444548933N01143784EA011730133200000490560416
B1102474548944N01143811EA011710132900000470600416
B1102484548947N01143820EA011700132800000440620453
B1102494548949N01143828EA011680132700000440640453
B1102504548951N01143835EA011670132600000350650453
B1102514548954N01143842EA011650132400000350660453
B1102524548957N01143849EA011630132000000410590453
B1102534548961N01143857EA011600131600000410520410
B1102544548965N01143866EA011580131300000470520430
B1102554548968N01143874EA011550131100000470580430
B1102564548970N01143882EA011530131000000370630430
B1102574548972N01143889EA011520131000000370680430
B1102584548975N01143897EA011500130800000380620430
B1102594548978N01143904EA011490130500000380560430
B1103004548982N01143911EA011460130200000430540430
B1103014548986N01143919EA011440129900000430520456
B1103024548990N01143926EA011410129700000410540456
B1103034548993N01143934EA011390129400000410560456
B1103044548996N01143942EA011360129200000420570456
B1103054548999N01143950EA011340128900000420580456
B1103064549002N01143958EA011310128600000440590456
B1103074549006N01143967EA011290128300000440600497
B1103084549009N01143975EA011260128000000440590497
B1103094549012N01143983EA011230127700000440580498
B1103104549015N01143991EA011210127400000440590498
B1103114549019N01143999EA011180127200000440600498
B1103124549021N01144007EA011160127000000410610498
B1103134549024N01144015EA011140126800000410620533
B1103144549027N01144023EA011120126600000420610533
B1103154549030N01144031EA011100126400000420600533
B1103164549034N01144040EA011080126100000460580533
B1103174549038N01144048EA011060125900000460540533
B1103184549042N01144056EA011040125700000450540533
B1103194549046N01144063EA011020125500000450540533
B1103204549050N01144071EA011000125300000450520562
B1103214549054N01144079EA010980125000000450500562
B1103224549060N01144086EA010960124800000500460579
B1103234549066N01144093EA010940124500000500420579
B1103244549072N01144099EA010920124400000490380579
B1103254549078N01144105EA010910124400000490340579
B1103264549084N01144111EA010900124300000450350579
B1103274549089N01144117EA010880124100000450360606
B1103284549093N01144122EA010870124000000400380606
B1103294549098N01144128EA010850123900000400400606
B1103304549102N01144134EA010850123800000380410606
B1103314549106N01144140EA010830123700000380420606
B1103324549111N01144145EA010820123500000440390643
B1103334549117N01144151EA010800123300000440360643
B1103344549124N01144155EA010790123200000470300643
B1103354549131N01144159EA010780123100000470240643
B1103364549137N01144162EA010770123200000410210643
B1103374549143N01144164EA010770123300000410180665
B1103384549149N01144167EA010760123300000400180665
B1103394549154N01144170EA010760123200000400180665
B1103404549161N01144174EA010750123100000430210724
B1103414549167N01144178EA010740123100000430240724
B1103424549173N01144182EA010740123100000440240724
B1103434549179N01144184EA010740123200000440240724
B1103444549185N01144186EA010750123500000380160724
B1103454549190N01144187EA010770123800000380080724
B1103464549194N01144187EA010790124200000230050724
B1103474549197N01144188EA010820124600000230020724
B1103484549201N01144189EA010840124800000230020724
B1103494549205N01144190EA010860124900000320140724
B1103504549210N01144192EA010880125000000360120778
B1103514549215N01144193EA010890125200000360100778
B1103524549218N01144196EA010910125500000240230778
B1103534549220N01144201EA010930125700000240360778
B1103544549222N01144206EA010940125700000280520778
B1103554549223N01144212EA010950125800000280680778
B1103564549224N01144218EA010960126000000270740793
B1103574549224N01144223EA010980126200000270800793
B1103584549223N01144228EA011000126500000210950793
B1103594549222N01144231EA011030126800000211100793
B1104004549219N01144233EA011050127100000171310793
B1104014549217N01144234EA011070127400000171520793
B1104024549214N01144233EA011090127600000211720793
B1104034549211N01144230EA011110127800000211920793
B1104044549208N01144227EA011130128000000262090732
B1104054549205N01144222EA011150128100000262260732
B1104064549203N01144217EA011160128200000302340732
B1104074549202N01144210EA011160128200000302420724
B1104084549200N01144203EA011170128300000362490724
B1104094549200N01144195EA011180128300000382560724
B1104104549199N01144186EA011180128300000382620724
B1104114549199N01144179EA011190128400000382660724
B1104124549199N01144171EA011190128500000332680724
B1104134549200N01144164EA011200128600000332720724
B1104144549201N01144157EA011200128600000362800707
B1104154549204N01144149EA011210128600000402880707
B1104164549207N01144142EA011210128500000422970707
B1104174549211N01144135EA011210128400000423060758
B1104184549215N01144128EA011210128500000403080758
B1104194549219N01144122EA011220128800000403100758
B1104204549223N01144119EA011240129000000333200758
B1104214549228N01144116EA011250129100000333300758
B1104224549233N01144114EA011260129200000333380758
B1104234549238N01144113EA011280129300000333460734
B1104244549242N01144112EA011280129400000293530734
B1104254549246N01144114EA011290129500000290000758
B1104264549249N01144116EA011300129600000200160758
B1104274549251N01144119EA011310129700000200320758
B1104284549253N01144122EA011310129700000210420758
B1104294549255N01144127EA011320129700000210520758
B1104304549257N01144131EA011320129600000260570758
B1104314549259N01144136EA011320129700000260620807
B1104324549260N01144141EA011320129700000230640807
B1104334549261N01144146EA011320129800000230660807
B1104344549261N01144151EA011330129800000230770807
B1104354549261N01144157EA011330129800000230880807
B1104364549260N01144162EA011340129800000250930807
B1104374549259N01144167EA011340130000000250980823
B1104384549259N01144172EA011360130200000211030823
B1104394549257N01144176EA011370130400000211080778
B1104404549255N01144179EA011390130600000211230778
B1104414549252N01144181EA011400130800000211380778
B1104424549249N01144183EA011420131000000191490778
B1104434549246N01144183EA011440131200000191600778
B1104444549243N01144182EA011460131400000241770778
B1104454549240N01144180EA011470131500000241940778
B1104464549237N01144175EA011490131600000302120778
B1104474549234N01144169EA011500131800000302300778
B1104484549232N01144163EA011510131900000312390758
B1104494549231N01144156EA011520132000000312480758
B1104504549230N01144149EA011530132000000342540758
B1104514549230N01144141EA011530132000000392600758
B1104524549231N01144132EA011530131900000412680758
B1104534549233N01144124EA011530131800000422800758
B1104544549235N01144115EA011520131700000432900758
B1104554549239N01144108EA011520131700000432980734
B1104564549243N01144101EA011520131700000423070734
B1104574549248N01144097EA011520131600000423160734
B1104584549254N01144094EA011520131700000373290734
B1104594549259N01144093EA011520131700000373420782
B1105004549264N01144093EA011520131700000313560782
B1105014549268N01144096EA011520131700000310100782
B1105024549271N01144100EA011520131700000290270782
B1105034549274N01144105EA011520131600000290440782
B1105044549276N01144109EA011520131700000260490782
B1105054549278N01144113EA011520131700000260540782
B1105064549279N01144118EA011520131800000190640807
B1105074549279N01144122EA011520131700000190740807
B1105084549277N01144127EA011520131700000260920807
B1105094549276N01144132EA011520131700000261100807
B1105104549273N01144137EA011530131800000271200807
B1105114549270N01144141EA011540131900000271300807
B1105124549268N01144144EA011550132100000211360807
B1105134549265N01144146EA011570132400000211420807
B1105144549262N01144146EA011580132600000201580807
B1105154549259N01144146EA011600132800000201740807
B1105164549255N01144147EA011620133000000241750758
B1105174549252N01144147EA011640133200000241760758
B1105184549248N01144146EA011660133300000221860758
B1105194549246N01144143EA011670133400000221960758
B1105204549243N01144139EA011670133500000242110758
B1105214549241N01144135EA011680133500000242260758
B1105224549239N01144129EA011680133500000302370758
B1105234549238N01144122EA011690133500000302480758
B1105244549239N01144114EA011690133500000372640758
B1105254549240N01144106EA011690133500000382780734
B1105264549243N01144099EA011690133500000362890734
B1105274549246N01144093EA011690133600000363000734
B1105284549249N01144087EA011700133600000353060734
B1105294549253N01144082EA011700133600000353120734
B1105304549259N01144078EA011700133500000413210782
B1105314549265N01144074EA011700133500000413300782
B1105324549271N01144073EA011700133500000403410782
B1105334549276N01144072EA011700133500000403520782
B1105344549281N01144073EA011700133600000320000782
B1105354549286N01144075EA011710133700000320080782
B1105364549290N01144078EA011720133800000270170782
B1105374549293N01144081EA011720133800000270260782
B1105384549295N01144085EA011730133800000250400782
B1105394549296N01144090EA011730133800000250540782
B1105404549296N01144095EA011730133900000220790782
B1105414549294N01144099EA011740134000000221040782
B1105424549292N01144102EA011750134200000201210782
B1105434549289N01144104EA011760134400000201380782
B1105444549287N01144105EA011780134600000171540782
B1105454549284N01144104EA011790134700000171700782
B1105464549281N01144104EA011790134700000211800782
B1105474549277N01144103EA011800134700000211900782
B1105484549274N01144103EA011790134600000261820782
B1105494549270N01144104EA011790134600000261740782
B1105504549266N01144105EA011790134600000271740782
B1105514549262N01144106EA011800134600000271700782
B1105524549258N01144106EA011800134700000261710734
B1105534549254N01144107EA011810134800000261720734
B1105544549250N01144108EA011810134900000231700734
B1105554549247N01144109EA011820134900000231680734
B1105564549243N01144110EA011820134800000281700734
B1105574549238N01144110EA011810134700000281720734
B1105584549233N01144112EA011800134600000331700734
B1105594549228N01144113EA011800134600000331680734
B1106004549224N01144114EA011800134600000291680758
B1106014549220N01144115EA011800134700000291680758
B1106024549216N01144116EA011800134700000281680758
B1106034549211N01144117EA011790134600000281680758
B1106044549207N01144118EA011790134500000311690707
B1106054549202N01144119EA011780134400000311700707
B1106064549198N01144121EA011770134400000291680707
B1106074549194N01144122EA011770134400000291660707
B1106084549190N01144125EA011760134300000281600707
B1106094549186N01144128EA011760134200000281540707
B1106104549181N01144130EA011750134100000311580707
B1106114549177N01144132EA011740134000000311620707
B1106124549173N01144134EA011730133900000291610707
B1106134549169N01144136EA011720133800000291600707
B1106144549165N01144139EA011710133700000271540707
B1106154549162N01144142EA011700133600000271480707
B1106164549158N01144145EA011690133500000261460643
B1106174549155N01144148EA011670133300000261440643
B1106184549152N01144152EA011650133000000271460643
B1106194549148N01144155EA011620132600000271480643
B1106204549144N01144159EA011590132200000321450643
B1106214549140N01144163EA011560131800000321420643
B1106224549135N01144168EA011520131300000391450665
B1106234549130N01144171EA011480130900000391480665
B1106244549124N01144173EA011450130600000391570665
B1106254549118N01144175EA011420130400000391660665
B1106264549113N01144176EA011400130200000341680665
B1106274549108N01144177EA011370130100000341700645
B1106284549103N01144178EA011350129800000371700645
B1106294549097N01144179EA011330129600000371700645
B1106304549090N01144180EA011310129400000421730645
B1106314549084N01144180EA011300129300000421760645
B1106324549078N01144179EA011290129300000371790645
B1106334549073N01144179EA011280129200000371820645
B1106344549068N01144179EA011270129200000341810645
B1106354549063N01144179EA011260129000000341800645
B1106364549057N01144179EA011250128900000341800639
B1106374549052N01144179EA011240128900000341800639
B1106384549047N01144179EA011240128800000341780639
B1106394549042N01144180EA011230128700000341760639
B1106404549037N01144180EA011230128600000311780639
B1106414549033N01144180EA011220128600000311800639
B1106424549029N01144180EA011210128500000271780639
B1106434549024N01144180EA011200128400000271760639
B1106444549019N01144181EA011190128100000311770639
B1106454549015N01144181EA011170127900000311780639
B1106464549010N01144181EA011160127700000311770639
B1106474549005N01144181EA011140127600000311760646
B1106484549001N01144182EA011130127500000291760646
B1106494548997N01144182EA011120127300000291760646
B1106504548992N01144182EA011100127100000291750646
B1106514548988N01144183EA011080126900000291740646
B1106524548983N01144183EA011060126700000301740646
B1106554548969N01144181EA011000126000000331880646
B1106564548964N01144180EA010980125800000321870646
B1106574548959N01144179EA010960125600000321860654
B1106584548954N01144177EA010940125400000331930654
B1106594548949N01144173EA010920125200000332000654
B1107004548945N01144169EA010900125000000352060654
B1107014548940N01144165EA010890124900000352120654
B1107024548936N01144162EA010870124700000342090607
B1107034548931N01144158EA010850124600000342060607
B1107044548926N01144155EA010840124500000392070607
B1107054548921N01144149EA010830124300000392080607
B1107064548918N01144142EA010820124300000372250607
B1107074548916N01144136EA010820124400000372420607
B1107084548912N01144131EA010830124600000302310607
B1107094548909N01144128EA010830124700000302200626
B1107104548905N01144126EA010840124700000272080626
B1107114548901N01144123EA010850124900000271960626
B1107124548898N01144120EA010860125100000282080626
B1107134548895N01144115EA010880125300000282200626
B1107144548892N01144111EA010900125600000282230605
B1107154548889N01144106EA010920125900000282260605
B1107164548887N01144101EA010950126200000292360605
B1107174548886N01144094EA010980126500000292460605
B1107184548886N01144086EA010990126600000382580605
B1107194548887N01144078EA011010126700000402740605
B1107204548890N01144070EA011020126800000382880605
B1107214548894N01144065EA011040126900000383020605
B1107224548898N01144061EA011050127000000313140593
B1107234548902N01144058EA011060127100000313260593
B1107244548907N01144056EA011070127100000353360593
B1107254548912N01144055EA011070127000000353460536
B1107264548918N01144058EA011070126900000400030536
B1107274548923N01144062EA011070126900000400200536
B1107284548927N01144067EA011070127100000320300557
B1107294548930N01144071EA011080127200000320400557
B1107304548933N01144075EA011100127400000230410557
B1107314548935N01144079EA011110127600000230420557
B1107324548936N01144084EA011130127700000240570557
B1107334548937N01144090EA011140127800000240720557
B1107344548935N01144096EA011160127900000280890557
B1107354548934N01144101EA011170128200000281060557
B1107364548932N01144105EA011190128500000201120557
B1107374548931N01144108EA011210128600000201180557
B1107384548928N01144110EA011230128800000171370557
B1107394548926N01144111EA011240128800000171560557
B1107404548924N01144112EA011240128800000151560557
B1107414548922N01144114EA011250128900000151560607
B1107424548920N01144117EA011260128900000221450607
B1107434548917N01144121EA011260128900000221340607
B1107444548914N01144125EA011270129000000251340607
B1107454548912N01144129EA011280129200000251340607
B1107464548909N01144132EA011300129400000241340626
B1107474548907N01144136EA011320129600000241340626
B1107484548904N01144140EA011340129800000221330626
B1107494548902N01144143EA011360130100000221320626
B1107504548899N01144145EA011390130300000241420626
B1107514548895N01144147EA011410130600000241520626
B1107524548892N01144147EA011440130900000221610626
B1107534548889N01144147EA011460131100000221700626
B1107544548886N01144146EA011480131400000221850626
B1107554548883N01144143EA011500131500000222000626
B1107584548875N01144122EA011530131600000392420626
B1107594548874N01144114EA011540131700000372500626
B1108004548876N01144106EA011560132000000372680605
B1108014548879N01144099EA011580132200000372880605
B1108024548883N01144093EA011600132400000393000605
B1108034548887N01144088EA011620132500000393120605
B1108044548892N01144084EA011630132700000353230605
B1108054548897N01144083EA011650132900000353340605
B1108064548902N01144084EA011670133000000363340605
B1108074548907N01144087EA011680133000000360140605
B1108084548910N01144092EA011690133200000330310557
B1108094548913N01144097EA011710133500000330480557
B1108104548914N01144103EA011730133800000250610557
B1108114548915N01144108EA011750134100000250740557
B1108124548914N01144113EA011780134300000240840557
B1108134548913N01144118EA011800134500000240940607
B1108144548911N01144123EA011820134700000271110607
B1108154548908N01144127EA011840134900000271280626
B1108164548904N01144130EA011860135100000271410626
B1108174548900N01144131EA011890135400000271540626
B1108184548896N01144130EA011910135600000271710626
B1108194548892N01144128EA011930135800000271880626
B1108204548889N01144123EA011940135800000342090626
B1108214548887N01144116EA011940135700000342300626
B1108224548887N01144106EA011940135600000442540605
B1108234548889N01144098EA011930135400000462740605
B1108244548894N01144091EA011930135500000432990605
B1108254548900N01144088EA011950135800000433240605
B1108264548905N01144087EA011970136100000333400605
B1108274548910N01144087EA012000136400000333560557
B1108284548915N01144088EA012010136600000323590557
B1108294548919N01144089EA012030136700000320020557
B1108304548925N01144091EA012040136800000360100557
B1108314548930N01144094EA012050136900000360180557
B1108324548935N01144097EA012070137100000350210557
B1108334548939N01144100EA012090137300000350240557
B1108344548943N01144104EA012110137600000290280557
B1108354548946N01144108EA012130137900000290320557
B1108364548949N01144113EA012150138000000310430557
B1108374548951N01144119EA012170138200000310540607
B1108384548952N01144125EA012180138300000290680607
B1108394548952N01144132EA012200138400000290820607
B1108404548951N01144138EA012210138500000280930607
B1108414548950N01144143EA012210138500000281040607
B1108424548949N01144149EA012220138600000271010607
B1108434548949N01144155EA012220138500000270980607
B1108444548948N01144162EA012220138500000321000607
B1108454548946N01144169EA012220138400000321020654
B1108464548944N01144175EA012210138400000291080654
B1108474548942N01144180EA012210138300000291140654
B1108484548940N01144186EA012210138200000271170654
B1108494548938N01144190EA012200138200000271200654
B1108504548936N01144194EA012200138300000221250654
B1108514548934N01144197EA012210138400000221300654
B1108524548932N01144201EA012220138500000191300654
B1108534548930N01144204EA012220138600000191300654
B1108544548928N01144208EA012230138700000211260654
B1108554548927N01144212EA012240138700000211220654
B1108564548925N01144217EA012250138800000271210697
B1108574548922N01144223EA012250138800000271200697
B1108584548920N01144228EA012260138900000281180697
B1108594548919N01144233EA012270139100000281160697
B1109004548917N01144238EA012280139200000261140697
B1109014548915N01144243EA012290139300000261120697
B1109024548912N01144247EA012290139300000291290697
B1109034548907N01144249EA012290139300000291460710
B1109044548902N01144250EA012300139400000321600710
B1109054548898N01144250EA012310139600000321740710
B1109064548894N01144251EA012330139900000211690710
B1109074548892N01144252EA012360140300000211640710
B1109084548889N01144252EA012380140700000171680710
B1109094548887N01144250EA012410140900000171920710
B1109104548884N01144246EA012430141200000262070710
B1109114548881N01144241EA012450141300000262220710
B1109124548879N01144236EA012470141500000302340710
B1109134548878N01144230EA012490141800000302460710
B1109144548877N01144223EA012510142000000282560710
B1109154548878N01144217EA012530142200000282660710
B1109164548880N01144210EA012550142400000342830668
B1109174548883N01144205EA012570142600000343000668
B1109184548888N01144200EA012600142800000383150668
B1109194548893N01144197EA012620143100000383300668
B1109204548898N01144196EA012640143400000333400668
B1109214548903N01144195EA012670143700000333500668
B1109224548908N01144197EA012700144000000320010668
B1109234548913N01144200EA012730144200000320120654
B1109244548917N01144205EA012750144400000370260654
B1109254548921N01144210EA012770144600000370400654
B1109264548923N01144216EA012790144800000290500697
B1109274548924N01144221EA012810145100000290600697
B1109284548925N01144226EA012830145300000240710697
B1109294548925N01144232EA012850145500000240820697
B1109304548924N01144237EA012870145700000250950697
B1109314548922N01144242EA012890145800000251080697
B1109324548919N01144245EA012910146000000261250697
B1109334548915N01144248EA012920146200000261420697
B1109344548912N01144249EA012940146300000241540697
B1109354548908N01144249EA012960146500000241660710
B1109364548905N01144247EA012980146800000261890710
B1109374548902N01144242EA013000147000000262120710
B1109384548900N01144236EA013020147200000302290710
B1109394548899N01144230EA013050147500000302460710
B1109404548899N01144224EA013070147800000302620710
B1109414548901N01144217EA013100148100000302780710
B1109424548903N01144211EA013120148300000332900668
B1109434548907N01144206EA013140148400000333020668
B1109444548912N01144201EA013160148500000383160654
B1109454548917N01144199EA013170148700000383300654
B1109464548923N01144198EA013200148900000393440654
B1109474548929N01144199EA013230149200000393580654
B1109484548933N01144201EA013260149600000290080654
B1109494548937N01144203EA013290150000000290180654
B1109504548941N01144207EA013310150200000300240654
B1109514548946N01144210EA013330150300000300300654
B1109524548950N01144215EA013350150500000360330697
B1109534548954N01144220EA013370150700000360360697
B1109544548957N01144225EA013390150900000310440697
B1109554548960N01144231EA013400151000000310520688
B1109564548962N01144237EA013430151200000350550688
B1109574548964N01144244EA013440151400000350580688
B1109584548965N01144250EA013460151600000280710688
B1109594548964N01144256EA013470151800000280840688
B1110004548962N01144261EA013480151800000281050688
B1110014548959N01144265EA013500151900000281260748
B1110024548956N01144268EA013510152200000241360748
B1110034548953N01144270EA013530152500000241460748
B1110044548950N01144271EA013550152800000201580748
B1110054548947N01144271EA013570153000000201700748
B1110064548943N01144270EA013590153200000241780748
B1110074548940N01144269EA013600153300000241860748
B1110084548937N01144265EA013610153400000271860748
B1110094548934N01144261EA013630153600000282200697
B1110104548933N01144254EA013650153800000292410697
B1110114548934N01144248EA013670154100000292620697
B1110124548935N01144241EA013690154300000322770697
B1110134548938N01144235EA013710154500000322920697
B1110144548941N01144230EA013730154700000343030697
B1110154548946N01144225EA013750154900000343140697
B1110164548950N01144222EA013770155100000353250697
B1110174548956N01144220EA013780155200000353360697
B1110184548962N01144218EA013800155400000393440688
B1110194548968N01144219EA013820155600000393520688
B1110204548973N01144221EA013840155800000350050688
B1110214548978N01144224EA013860156000000350180688
B1110224548982N01144228EA013880156200000340240688
B1110234548987N01144232EA013900156400000340300688
B1110244548991N01144236EA013920156600000330340688
B1110254548994N01144241EA013940156800000330380688
B1110264548996N01144247EA013950156800000290480688
B1110274548998N01144253EA013960156900000290580688
B1110284549000N01144260EA013970156900000310630688
B1110294549001N01144266EA013970157000000310680742
B1110304549002N01144273EA013980157100000300790742
B1110314549001N01144279EA014000157200000300900742
B1110324549001N01144285EA014010157400000260960742
B1110334548999N01144290EA014020157500000261020742
B1110344548997N01144294EA014040157700000251120742
B1110354548995N01144298EA014060157900000251220742
B1110364548992N01144300EA014070158000000211390742
B1110374548989N01144301EA014090158100000211560742
B1110384548986N01144300EA014100158300000191760742
B1110394548983N01144298EA014110158400000191960742
B1110404548981N01144294EA014120158400000212180742
B1110414548981N01144290EA014120158500000212400742
B1110424548981N01144285EA014130158500000252580742
B1110434548982N01144278EA014130158500000252760742
B1110444548985N01144272EA014130158500000362880742
B1110454548988N01144266EA014140158600000363000742
B1110464548993N01144262EA014150158700000353160688
B1110474548998N01144260EA014160159000000353320688
B1110484549003N01144258EA014180159100000333420688
B1110494549007N01144258EA014200159300000333520688
B1110504549011N01144258EA014210159500000273570682
B1110514549015N01144259EA014220159500000270020682
B1110524549019N01144262EA014230159500000310170682
B1110534549023N01144267EA014230159400000310320733
B1110544549027N01144274EA014220159300000360440733
B1110554549029N01144281EA014220159300000360560733
B1110564549030N01144288EA014220159300000340670733
B1110574549031N01144295EA014220159300000340780733
B1110584549031N01144302EA014220159400000290840733
B1110594549030N01144307EA014230159500000290900733
B1111004549029N01144312EA014230159500000211000733
B1111014549028N01144316EA014230159500000211100788
B1111024549025N01144319EA014220159400000201250788
B1111034549022N01144321EA014220159300000201400788
B1111044549019N01144322EA014220159300000241500788
B1111054549016N01144324EA014210159200000241600788
B1111064549013N01144325EA014210159300000201600788
B1111074549010N01144326EA014210159300000201600788
B1111084549008N01144327EA014210159300000161650784
B1111094549005N01144327EA014200159200000161700784
B1111104549002N01144328EA014190159000000211760784
B1111114548998N01144328EA014180158900000211740784
B1111124548995N01144326EA014170158800000231740784
B1111134548991N01144325EA014160158800000221900784
B1111144548988N01144325EA014160158900000191890784
B1111154548985N01144324EA014160158900000191880784
B1111164548982N01144324EA014160158900000211840784
B1111174548979N01144324EA014160158900000211800784
B1111184548976N01144324EA014160158900000201780784
B1111194548972N01144325EA014150158800000201760784
B1111204548969N01144324EA014150158800000251790784
B1111214548965N01144324EA014150158700000251820784
B1111224548961N01144323EA014150158700000231850784
B1111234548958N01144322EA014150158800000231880789
B1111244548955N01144321EA014150158900000211910789
B1111254548952N01144320EA014150158900000211940789
B1111264548948N01144318EA014150158800000261970789
B1111274548944N01144316EA014140158700000262000789
B1111284548940N01144313EA014140158600000312010748
B1111294548936N01144310EA014130158600000312020748
B1111304548932N01144309EA014120158500000262000748
B1111314548928N01144307EA014120158500000261980748
B1111324548925N01144306EA014110158500000241920748
B1111334548921N01144306EA014110158500000241860748
B1111344548917N01144305EA014120158600000251860748
B1111354548913N01144305EA014120158700000251860748
B1111364548910N01144303EA014120158700000261880748
B1111374548906N01144303EA014130158900000261900760
B1111384548902N01144303EA014150159100000221860760
B1111394548899N01144302EA014160159300000221820760
B1111404548896N01144300EA014180159500000191950760
B1111414548894N01144297EA014200159800000192080760
B1111424548893N01144292EA014220159900000262280760
B1111434548892N01144286EA014240160100000262480760
B1111444548891N01144279EA014260160300000312550760
B1111454548891N01144273EA014280160500000312620760
B1111464548891N01144267EA014310160900000252660760
B1111474548891N01144262EA014330161300000252700710
B1111484548892N01144257EA014360161500000252800710
B1111494548895N01144252EA014380161600000252900710
B1111504548898N01144247EA014390161700000343060710
B1111514548903N01144244EA014410161800000343220710
B1111524548909N01144242EA014420161800000363360710
B1111534548914N01144242EA014430162000000363500697
B1111544548918N01144242EA014440162100000283560697
B1111554548922N01144243EA014460162300000280020697
B1111564548926N01144245EA014470162400000280120697
B1111574548931N01144249EA014470162300000280220697
B1111584548935N01144255EA014480162300000410340697
B1111594548938N01144262EA014490162400000410460697
B1112004548939N01144269EA014500162700000310600748
B1112014548940N01144275EA014510162900000310740748
B1112024548940N01144281EA014520163000000300830748
B1112034548939N01144288EA014530163000000300920748
B1112044548938N01144295EA014530162900000311030748
B1112054548935N01144300EA014530162900000311140748
B1112064548931N01144303EA014530162800000281340748
B1112074548927N01144304EA014530162800000281540748
B1112084548923N01144305EA014540162900000251610748
B1112094548920N01144306EA014540162900000251680748
B1112104548916N01144308EA014550163000000261670748
B1112114548912N01144308EA014560163100000261660748
B1112124548908N01144308EA014570163300000251730760
B1112134548904N01144308EA014590163600000251800760
B1112144548901N01144308EA014610163800000231820760
B1112154548897N01144307EA014620164000000231840760
B1112164548894N01144305EA014640164100000291960760
B1112174548890N01144301EA014650164200000292080760
B1112184548887N01144295EA014660164300000302230760
B1112194548886N01144289EA014670164400000302380760
B1112204548885N01144284EA014690164600000262520760
B1112214548886N01144278EA014700164800000262660760
B1112224548887N01144272EA014710164800000302760760
B1112234548889N01144266EA014720164900000302860760
B1112244548891N01144259EA014730164900000352940710
B1112254548895N01144253EA014740165000000353020710
B1112264548898N01144247EA014750165100000333060710
B1112274548901N01144242EA014770165300000333100710
B1112284548905N01144239EA014780165500000313200710
B1112294548910N01144237EA014800165600000313300697
B1112304548915N01144236EA014810165700000353440697
B1112314548921N01144237EA014820165700000353580697
B1112324548926N01144238EA014830165800000340060697
B1112334548930N01144241EA014840165900000340140697
B1112344548935N01144245EA014840166000000340230697
B1112354548939N01144249EA014850166000000340320697
B1112364548943N01144255EA014850165900000370410697
B1112374548946N01144262EA014850165900000370500697
B1112384548947N01144269EA014860165900000350640748
B1112394548947N01144277EA014860166000000350780748
B1112404548946N01144285EA014870166100000360900748
B1112414548944N01144292EA014880166200000361020748
B1112424548942N01144298EA014890166300000311120748
B1112434548939N01144303EA014890166400000311220748
B1112444548936N01144307EA014900166500000261310748
B1112454548933N01144309EA014910166600000261400748
B1112464548930N01144310EA014920166700000211560748
B1112474548926N01144310EA014920166700000211720748
B1112484548923N01144309EA014920166600000261810748
B1112494548919N01144308EA014920166600000261900748
B1112504548915N01144304EA014910166600000292040748
B1112514548912N01144299EA014910166500000292180748
B1112524548910N01144294EA014910166600000312290748
B1112534548908N01144287EA014920166700000312400760
B1112544548907N01144280EA014930166800000312500760
B1112554548907N01144274EA014940166900000312600760
B1112564548908N01144267EA014940166900000302740760
B1112574548910N01144261EA014950166900000302880697
B1112584548913N01144255EA014950166900000342970697
B1112594548916N01144249EA014950166900000343060697
B1113004548919N01144243EA014960166900000333040697
B1113014548922N01144238EA014960167000000333020697
B1113024548926N01144233EA014960167000000353110697
B1113034548931N01144228EA014970167000000353200697
B1113044548935N01144224EA014970167000000363230697
B1113054548940N01144220EA014970167000000363260697
B1113064548945N01144215EA014970167000000403250697
B1113074548950N01144210EA014970167000000403240654
B1113084548954N01144205EA014970167000000373220654
B1113094548958N01144200EA014980167100000373200654
B1113104548962N01144194EA014980167200000373160646
B1113114548966N01144189EA014980167100000373120646
B1113124548971N01144183EA014980167100000403170646
B1113134548976N01144178EA014980167100000403220646
B1113144548981N01144173EA014980167100000423220646
B1113154548987N01144169EA014980167100000403280646
B1113164548992N01144164EA014980167100000393290646
B1113174548997N01144160EA014980167200000393300588
B1113184549002N01144157EA014990167200000373300588
B1113194549006N01144153EA014990167200000373300588
B1113204549011N01144149EA014990167300000373290590
B1113214549016N01144145EA014990167300000373280590
B1113224549021N01144140EA014990167200000383230590
B1113234549025N01144134EA014990167100000383180590
B1113244549030N01144128EA014980167100000413190590
B1113254549035N01144123EA014980167100000413200590
B1113264549040N01144118EA014990167100000413240590
B1113274549045N01144114EA014990167200000413280590
B1113284549051N01144111EA015000167400000363340562
B1113294549056N01144110EA015010167500000363400562
B1113304549061N01144110EA015020167600000343510579
B1113314549066N01144111EA015020167500000340020579
B1113324549071N01144113EA015010167300000360090579
B1113334549077N01144116EA015000167100000360160606
B1113344549083N01144119EA014980166900000420170606
B1113354549089N01144121EA014970166900000420180606
B1113364549095N01144121EA014960166800000390070606
B1113374549101N01144119EA014950166700000393560606
B1113384549107N01144117EA014940166500000433490606
B1113394549113N01144114EA014920166300000433420643
B1113404549119N01144111EA014910166300000413410618
B1113414549125N01144109EA014910166300000413400618
B1113424549130N01144107EA014920166500000353420618
B1113434549135N01144105EA014930166700000353440618
B1113444549140N01144101EA014940166800000333370618
B1113454549144N01144098EA014940166800000333300618
B1113464549149N01144093EA014940166800000413290618
B1113474549155N01144089EA014940166700000413280618
B1113484549160N01144084EA014940166700000403270679
B1113494549165N01144080EA014940166700000403260679
B1113504549169N01144074EA014940166700000403220679
B1113514549174N01144068EA014940166700000403180679
B1113524549178N01144062EA014940166700000373150652
B1113534549182N01144057EA014940166700000373120652
B1113544549186N01144051EA014950166800000363150652
B1113554549190N01144046EA014950166900000363180652
B1113564549194N01144041EA014960166900000363170652
B1113574549198N01144036EA014960166900000363160652
B1113584549202N01144030EA014960166900000393160652
B1113594549206N01144024EA014970167000000393160652
B1114004549211N01144018EA014970167000000403150691
B1114014549215N01144012EA014970167100000403140655
B1114024549219N01144007EA014980167200000353160655
B1114034549223N01144002EA014980167200000353180655
B1114044549228N01143997EA014980167200000413190655
B1114054549233N01143991EA014980167000000413200655
B1114064549239N01143984EA014970166900000523200655
B1114074549245N01143977EA014970166900000523200655
B1114084549250N01143972EA014980167100000403230655
B1114094549255N01143968EA014990167400000403260655
B1114104549260N01143966EA015000167600000343370686
B1114114549265N01143966EA015010167600000343480686
B1114124549271N01143968EA015020167500000420020686
B1114134549277N01143971EA015020167600000420160686
B1114144549280N01143975EA015020167600000290290686
B1114154549283N01143979EA015020167700000290420686
B1114164549285N01143983EA015020167600000220540686
B1114174549286N01143988EA015020167600000220600686
B1114184549287N01143993EA015020167600000230690686
B1114194549287N01143998EA015010167500000230780686
B1114204549287N01144003EA015010167500000230860686
B1114214549287N01144008EA015010167500000230940686
B1114224549287N01144012EA015020167600000200920686
B1114234549286N01144016EA015020167800000200900738
B1114244549285N01144020EA015030167800000191070738
B1114254549282N01144023EA015030167800000191240738
B1114264549279N01144026EA015030167600000251350738
B1114274549276N01144028EA015030167700000251460738
B1114284549273N01144027EA015030167800000191710738
B1114294549271N01144024EA015030167800000191960738
B1114304549268N01144021EA015020167800000232100738
B1114314549265N01144017EA015020167700000232240738
B1114324549263N01144013EA015020167700000302260686
B1114334549260N01144007EA015020167700000302280686
B1114344549259N01143999EA015010167500000392420686
B1114354549259N01143990EA015010167500000402580686
B1114364549260N01143982EA015010167600000362740686
B1114374549263N01143976EA015020167800000362880686
B1114384549266N01143970EA015020167900000352990686
B1114394549270N01143964EA015030167900000353100686
B1114404549274N01143958EA015030167900000413130647
B1114414549279N01143952EA015030167800000413160647
B1114424549285N01143947EA015030167700000463230647
B1114434549291N01143943EA015020167600000463300647
B1114444549298N01143940EA015020167500000463370647
B1114454549304N01143938EA015010167600000463440647
B1114464549311N01143938EA015020167600000413550657
B1114474549316N01143940EA015020167700000410060657
B1114484549321N01143944EA015030167800000350160657
B1114494549325N01143948EA015030167800000350260657
B1114504549328N01143953EA015030167800000280400657
B1114514549330N01143958EA015040167900000280540657
B1114524549330N01143962EA015040167900000190720657
B1114534549329N01143965EA015050168000000190900708
B1114544549328N01143968EA015050168100000131010708
B1114554549327N01143971EA015050168000000131120708
B1114564549324N01143973EA015050168000000211320708
B1114574549321N01143974EA015050167900000211520708
B1114584549317N01143974EA015050167900000241690708
B1114594549314N01143972EA015050168000000241860708
B1115004549311N01143970EA015060168100000212030708
B1115014549309N01143966EA015060168200000212200708
B1115024549308N01143960EA015060168100000302340647
B1115034549306N01143953EA015050167900000302480647
B1115044549306N01143945EA015040167700000372540647
B1115054549307N01143937EA015040167800000372680647
B1115064549309N01143930EA015030167800000382850657
B1115074549313N01143923EA015030167800000383020657
B1115084549317N01143917EA015030167700000423070657
B1115094549322N01143910EA015030167600000423120614
B1115104549328N01143906EA015020167600000443250614
B1115114549335N01143905EA015020167500000443380614
B1115124549341N01143905EA015020167500000413510614
B1115134549347N01143906EA015010167400000410040614
B1115144549352N01143908EA015010167400000350090614
B1115154549357N01143911EA015010167500000350140614
B1115164549360N01143914EA015010167400000300140675
B1115174549364N01143919EA015000167300000310360675
B1115184549366N01143925EA014990167200000270480675
B1115194549367N01143930EA014980167100000270600675
B1115204549367N01143935EA014970167000000220730675
B1115214549367N01143940EA014960166800000220860675
B1115224549367N01143944EA014950166700000190930675
B1115234549366N01143948EA014940166600000191000675
B1115244549364N01143952EA014930166500000211120675
B1115254549362N01143955EA014920166300000211240675
B1115264549360N01143959EA014900166200000201280675
B1115274549358N01143961EA014890166100000201320657
B1115284549355N01143965EA014880165900000261360708
B1115294549352N01143969EA014860165600000261400708
B1115304549347N01143974EA014840165400000361400708
B1115314549343N01143979EA014830165300000361400708
B1115324549338N01143982EA014830165200000331440708
B1115334549334N01143985EA014820165300000331480708
B1115344549331N01143988EA014820165300000251500708
B1115354549327N01143990EA014820165300000251520708
B1115364549324N01143993EA014810165100000261530708
B1115374549320N01143995EA014790164900000261540708
B1115384549316N01143998EA014770164700000311550708
B1115394549311N01144000EA014760164400000311560708
B1115404549306N01144002EA014740164300000341600686
B1115414549301N01144004EA014720164100000341640686
B1115424549296N01144005EA014710164000000311640686
B1115434549292N01144007EA014690163900000311640686
B1115444549288N01144009EA014680163800000251630686
B1115454549285N01144010EA014670163700000251620686
B1115464549281N01144010EA014650163500000251690686
B1115474549277N01144011EA014640163300000251760686
B1115484549272N01144011EA014620163100000311750686
B1115494549267N01144012EA014600162900000311740686
B1115504549263N01144014EA014580162700000281680738
B1115514549260N01144015EA014560162600000281620738
B1115524549257N01144016EA014550162500000201630691
B1115534549254N01144017EA014530162200000201640691
B1115544549249N01144019EA014500161900000291650691
B1115554549245N01144020EA014480161600000291660691
B1115564549241N01144022EA014450161400000261620691
B1115574549238N01144024EA014430161300000261580691
B1115584549235N01144026EA014420161200000191580691
B1115594549232N01144027EA014400161100000191580691
B1116004549229N01144028EA014380160800000211610691
B1116014549226N01144030EA014360160500000211640691
B1116024549223N01144031EA014340160300000221590691
B1116034549220N01144034EA014320160400000221540691
B1116044549218N01144037EA014310160400000221470691
B1116054549215N01144040EA014300160200000221400691
B1116064549212N01144043EA014290160200000231380691
B1116074549210N01144047EA014290160200000231360691
B1116084549209N01144052EA014280160100000261230652
B1116094549208N01144057EA014270160000000261100652
B1116104549207N01144062EA014260160000000201110652
B1116114549205N01144065EA014260159900000201120679
B1116124549202N01144065EA014250159800000211430679
B1116134549198N01144065EA014240159700000211740679
B1116144549195N01144064EA014230159500000221820679
B1116154549192N01144063EA014220159500000221900652
B1116164549188N01144061EA014210159400000261930652
B1116174549184N01144059EA014210159500000261960652
B1116184549181N01144057EA014210159600000232060652
B1116194549179N01144054EA014220159700000232140652
B1116204549176N01144051EA014220159700000212150652
B1116214549173N01144049EA014220159700000212160652
B1116224549170N01144046EA014220159700000252130652
B1116234549167N01144043EA014210159600000252100652
B1116244549163N01144039EA014200159500000312110652
B1116254549159N01144036EA014200159400000312120592
B1116264549155N01144032EA014190159400000292110592
B1116274549151N01144030EA014190159300000292100592
B1116284549148N01144027EA014180159300000282100592
B1116294549144N01144023EA014180159300000282100592
B1116304549140N01144019EA014180159300000302150592
B1116314549137N01144015EA014170159200000302200592
B1116324549135N01144009EA014170159200000322290570
B1116334549132N01144003EA014160159200000322380570
B1116344549130N01143995EA014160159100000372440570
B1116354549128N01143988EA014160159100000372440570
B1116364549127N01143981EA014160159200000342490570
B1116374549125N01143975EA014170159300000342540570
B1116384549124N01143968EA014180159400000302510570
B1116394549122N01143963EA014180159500000302480536
B1116404549119N01143957EA014180159500000322420536
B1116414549116N01143951EA014180159400000322360536
B1116424549113N01143946EA014180159400000312270536
B1116434549109N01143943EA014180159400000312180493
B1116444549104N01143943EA014180159300000301980493
B1116454549100N01143943EA014180159400000301780493
B1116464549096N01143944EA014180159500000271740493
B1116474549091N01143944EA014190159600000271700493
B1116484549087N01143942EA014200159700000301850493
B1116494549083N01143939EA014210159800000302000493
B1116504549080N01143934EA014220159900000332130493
B1116514549077N01143928EA014220159900000332260493
B1116524549075N01143922EA014220159900000342350493
B1116534549073N01143914EA014220159900000372440493
B1116544549071N01143906EA014230159900000382520470
B1116554549071N01143898EA014230160000000382580470
B1116564549071N01143890EA014240160100000372640470
B1116574549072N01143882EA014240160100000372720470
B1116584549074N01143874EA014250160100000372840470
B1116594549077N01143868EA014250160100000372940470
B1117004549080N01143862EA014250160100000353060439
B1117014549085N01143859EA014250160000000353180439
B1117024549090N01143857EA014250160000000313340439
B1117034549094N01143857EA014240159900000313500439
B1117044549098N01143856EA014230159800000273540439
B1117054549102N01143856EA014230159700000273580439
B1117064549107N01143857EA014220159600000290030439
B1117074549112N01143859EA014210159400000290080463
B1117084549116N01143863EA014200159300000340200463
B1117094549119N01143867EA014190159100000340320496
B1117104549122N01143872EA014180159000000260420496
B1117114549124N01143876EA014170159000000260520496
B1117124549126N01143880EA014170158900000240530496
B1117134549128N01143886EA014160158800000240540496
B1117144549129N01143893EA014150158600000310630496
B1117154549130N01143899EA014140158500000310720496
B1117164549130N01143906EA014140158500000280820496
B1117174549129N01143911EA014150158700000280920496
B1117184549128N01143915EA014150158900000201040536
B1117194549126N01143919EA014160159000000201160536
B1117204549125N01143923EA014170159100000211180536
B1117214549123N01143927EA014180159100000211200536
B1117224549120N01143931EA014190159100000261280536
B1117234549117N01143935EA014200159200000261360536
B1117244549114N01143938EA014200159200000271390536
B1117254549110N01143941EA014210159300000271420536
B1117264549107N01143943EA014220159400000241520493
B1117274549103N01143944EA014220159400000241620493
B1117284549100N01143943EA014220159400000261720493
B1117294549095N01143943EA014220159300000261820493
B1117304549091N01143942EA014220159300000291830493
B1117314549087N01143942EA014220159300000291840493
B1117324549083N01143942EA014220159300000231820493
B1117334549080N01143941EA014220159300000231800493
B1117344549076N01143939EA014210159200000281920493
B1117354549072N01143936EA014200159100000282040493
B1117364549068N01143931EA014190158900000332090493
B1117374549064N01143927EA014180158900000332140493
B1117384549061N01143922EA014180158800000302220493
B1117394549059N01143916EA014170158800000302300463
B1117404549058N01143909EA014160158700000372440436
B1117414549057N01143900EA014150158500000402580436
B1117424549057N01143892EA014140158300000402680436
B1117434549057N01143883EA014130158300000372720436
B1117444549057N01143875EA014130158400000362700436
B1117454549056N01143868EA014130158400000362640436
B1117464549056N01143860EA014130158500000352600393
B1117474549056N01143852EA014140158600000352660393
B1117484549057N01143845EA014140158700000342770393
B1117494549060N01143838EA014150158700000342880439
B1117504549063N01143833EA014150158800000353000439
B1117514549067N01143828EA014160158800000353120439
B1117524549072N01143825EA014160158800000323260439
B1117534549076N01143824EA014160158800000323400439
B1117544549081N01143823EA014160158700000293450439
B1117554549086N01143822EA014160158700000293500439
B1117564549090N01143821EA014150158700000323490439
B1117574549095N01143819EA014150158600000323480439
B1117584549100N01143818EA014150158600000333510439
B1117594549105N01143818EA014140158600000333540439
B1118004549110N01143819EA014140158600000300010463
B1118014549114N01143820EA014140158600000300080463
B1118024549119N01143823EA014140158500000340140463
B1118034549124N01143825EA014140158500000340200463
B1118044549129N01143827EA014150158600000360170463
B1118054549134N01143829EA014160158700000360140463
B1118064549139N01143830EA014170158900000290110463
B1118074549143N01143832EA014180159000000290080463
B1118084549147N01143835EA014180158900000300200463
B1118094549151N01143840EA014170158700000300320463
B1118104549155N01143845EA014160158600000380320463
B1118114549159N01143850EA014160158500000350440463
B1118124549164N01143854EA014160158600000340350498
B1118134549168N01143857EA014160158700000340260498
B1118144549173N01143859EA014170158800000310240498
B1118154549176N01143863EA014170158800000310220498
B1118164549180N01143867EA014180158800000300330533
B1118174549183N01143873EA014170158700000300440533
B1118184549185N01143879EA014170158500000330530533
B1118194549186N01143885EA014160158400000330620533
B1118204549187N01143892EA014150158400000290720533
B1118214549187N01143898EA014140158300000290820533
B1118224549187N01143904EA014140158300000270880533
B1118234549186N01143909EA014130158200000270940533
B1118244549185N01143915EA014120158100000281020574
B1118254549183N01143921EA014110158000000281100574
B1118264549180N01143927EA014100157900000321180574
B1118274549177N01143932EA014100157800000321260574
B1118284549174N01143937EA014090157700000311270574
B1118294549171N01143943EA014080157600000311280574
B1118304549168N01143949EA014070157400000331250574
B1118314549166N01143955EA014050157200000331220574
B1118324549163N01143961EA014040157100000321220574
B1118334549161N01143967EA014030157000000321220616
B1118344549158N01143971EA014020156900000251250570
B1118354549156N01143975EA014010156800000251280570
B1118364549154N01143978EA014000156600000191310570
B1118374549151N01143981EA013980156400000191340570
B1118384549149N01143985EA013950156000000261330570
B1118394549146N01143990EA013910155500000261320570
B1118404549142N01143996EA013880155000000361320570
B1118414549138N01144001EA013840154500000361320570
B1118424549135N01144008EA013810154200000361300570
B1118434549132N01144014EA013780154000000361280592
B1118444549129N01144020EA013750153700000331230592
B1118454549126N01144026EA013730153500000331180592
B1118464549124N01144033EA013710153200000351210592
B1118474549120N01144039EA013680153000000351240592
B1118484549117N01144045EA013660152800000341250592
B1118494549114N01144051EA013650152700000341260592
B1118504549111N01144056EA013630152500000341290592
B1118514549107N01144061EA013610152400000341320552
B1118524549103N01144066EA013600152200000351350579
B1118534549099N01144072EA013590152100000351380579
B1118544549095N01144077EA013570152000000351360579
B1118554549091N01144082EA013560151900000351340579
B1118564549088N01144088EA013550151800000331330579
B1118574549085N01144093EA013540151700000331320579
B1118584549081N01144098EA013530151600000291310579
B1118594549079N01144103EA013520151500000291300579
B1119004549075N01144107EA013510151300000311310579
B1119014549072N01144113EA013500151200000311320579
B1119024549068N01144118EA013480151000000341340606
B1119034549064N01144123EA013470150800000341360606
B1119044549061N01144129EA013460150700000361330606
B1119054549057N01144135EA013440150500000361300590
B1119064549054N01144141EA013430150400000351280590
B1119074549051N01144148EA013420150400000351260590
B1119084549048N01144155EA013410150300000371190590
B1119094549047N01144162EA013410150400000371120590
B1119104549045N01144167EA013420150600000261110639
B1119114549044N01144172EA013430150800000261100639
B1119124549043N01144176EA013440151000000211100639
B1119134549042N01144181EA013450151000000211100639
B1119144549041N01144185EA013460151200000191100639
B1119154549040N01144188EA013470151300000191100639
B1119164549039N01144191EA013480151400000131120639
B1119174549038N01144194EA013490151500000131140639
B1119184549036N01144197EA013490151500000171180639
B1119194549035N01144200EA013490151400000171220639
B1119204549033N01144204EA013490151300000211270639
B1119214549030N01144207EA013480151200000211320639
B1119224549027N01144211EA013470151100000251350639
B1119234549024N01144214EA013470151000000251380682
B1119244549022N01144218EA013460150900000261350682
B1119254549019N01144223EA013450150800000261320682
B1119264549017N01144228EA013450150800000271260682
B1119274549015N01144233EA013440150800000271200682
B1119284549014N01144238EA013450150900000241160682
B1119294549012N01144242EA013450151100000241120682
B1119304549010N01144246EA013460151200000191230682
B1119314549007N01144247EA013470151300000191340688
B1119324549004N01144248EA013480151400000251560688
B1119334549000N01144247EA013480151400000251780688
B1119344548996N01144246EA013480151500000241850688
B1119354548993N01144245EA013490151600000241920688
B1119364548990N01144245EA013500151700000211850688
B1119374548986N01144246EA013500151800000211780688
B1119384548983N01144248EA013510151800000241650688
B1119394548980N01144251EA013520151900000241520688
B1119404548978N01144255EA013520151900000231380688
B1119414548976N01144259EA013530152000000231240688
B1119424548975N01144264EA013530152100000231140742
B1119434548974N01144269EA013540152100000231040742
B1119444548974N01144275EA013550152200000291020742
B1119454548973N01144282EA013550152200000291000742
B1119464548972N01144288EA013560152300000281010742
B1119474548971N01144293EA013570152500000281020742
B1119484548971N01144299EA013590152600000250980742
B1119494548970N01144304EA013600152800000250940742
B1119504548970N01144310EA013620153000000240930742
B1119514548970N01144315EA013630153200000240920784
B1119524548970N01144320EA013640153300000230940784
B1119534548969N01144325EA013660153400000230960784
B1119544548966N01144330EA013670153600000281090784
B1119554548964N01144334EA013680153700000281220784
B1119564548960N01144338EA013700153900000261330784
B1119574548957N01144340EA013720154200000261440789
B1119584548954N01144341EA013740154400000191580789
B1119594548951N01144340EA013750154600000191720789
B1120004548948N01144339EA013760154700000241880789
B1120014548945N01144336EA013770154600000242040789
B1120024548941N01144332EA013770154700000282110789
B1120034548939N01144327EA013780154900000282180789
B1120044548937N01144322EA013800155100000262340789
B1120054548937N01144317EA013820155300000262500789
B1120064548937N01144311EA013840155600000282670748
B1120074548939N01144305EA013850155800000282840748
B1120084548942N01144298EA013870156000000362950748
B1120094548946N01144292EA013890156100000363060748
B1120104548951N01144288EA013920156400000373170748
B1120114548956N01144285EA013940156700000373280748
B1120124548960N01144285EA013970157100000313430742
B1120134548965N01144286EA014000157400000313580742
B1120144548970N01144288EA014030157700000350090742
B1120154548975N01144292EA014050157800000350200742
B1120164548979N01144296EA014070158000000320290742
B1120174548983N01144301EA014090158100000320380742
B1120184548986N01144306EA014100158100000340420742
B1120194548989N01144312EA014100158100000340460742
B1120204548991N01144319EA014110158100000360600784
B1120214548991N01144327EA014110158100000360740784
B1120224548990N01144335EA014110158100000360880784
B1120234548989N01144341EA014110158200000361020784
B1120244548987N01144347EA014120158500000271110784
B1120254548985N01144351EA014130158700000271200784
B1120264548982N01144355EA014150158800000241240784
B1120274548980N01144359EA014160158800000241280784
B1120284548976N01144362EA014160158900000261400784
B1120294548972N01144364EA014170158800000261520813
B1120304548969N01144366EA014170158800000261550813
B1120314548965N01144368EA014170158800000261580813
B1120324548961N01144368EA014170158900000241690813
B1120334548958N01144367EA014170158800000241800801
B1120344548953N01144365EA014170158800000311890801
B1120354548949N01144363EA014170158700000311980789
B1120364548944N01144361EA014160158700000311930789
B1120374548940N01144360EA014170158800000311880789
B1120384548936N01144358EA014170159000000271960789
B1120394548932N01144355EA014180159100000272040789
B1120404548929N01144350EA014190159200000312170789
B1120414548927N01144344EA014200159300000312300789
B1120424548924N01144338EA014220159500000312300789
B1120434548923N01144332EA014230159600000302440789
B1120444548922N01144326EA014240159700000282510789
B1120454548921N01144320EA014240159700000282580789
B1120464548921N01144312EA014250159700000372660748
B1120474548922N01144304EA014250159600000402720748
B1120484548923N01144295EA014250159700000382780748
B1120494548924N01144288EA014260159900000382800748
B1120504548926N01144283EA014280160200000272840748
B1120514548927N01144277EA014310160500000272880748
B1120524548929N01144271EA014330160700000342920748
B1120534548932N01144264EA014340160800000342960748
B1120544548936N01144257EA014360160900000383030697
B1120554548940N01144252EA014370161000000383100697
B1120564548944N01144249EA014380161200000313200697
B1120574548948N01144246EA014400161400000313300697
B1120584548952N01144244EA014420161700000263350697
B1120594548956N01144243EA014440161800000263400697
B1121004548961N01144242EA014450161800000303480688
B1121014548965N01144242EA014460161900000303560688
B1121024548970N01144244EA014480162100000290070688
B1121034548973N01144246EA014490162400000290180688
B1121044548977N01144249EA014510162600000270210688
B1121054548981N01144252EA014530162800000270240688
B1121064548985N01144255EA014550163000000320270688
B1121074548989N01144259EA014580163200000320300688
B1121084548992N01144264EA014600163400000290410742
B1121094548994N01144269EA014610163600000290520742
B1121104548995N01144275EA014630163700000270620742
B1121114548996N01144281EA014640163800000270720742
B1121124548997N01144287EA014650163800000280750742
B1121134548997N01144293EA014650163900000280780742
B1121144548997N01144300EA014660163900000300880742
B1121154548996N01144306EA014660163900000300980742
B1121164548994N01144312EA014670164000000261070742
B1121174548992N01144316EA014680164200000261160784
B1121184548988N01144318EA014700164400000241360784
B1121194548985N01144319EA014710164500000241560784
B1121204548981N01144319EA014720164500000241710784
B1121214548978N01144318EA014730164600000241860784
B1121224548974N01144317EA014730164700000211880784
B1121234548971N01144317EA014740164700000211900784
B1121244548968N01144315EA014740164700000251920784
B1121254548964N01144313EA014750164800000251940742
B1121264548960N01144308EA014750164800000332120742
B1121274548958N01144301EA014760164900000332300748
B1121284548957N01144294EA014760165000000332450748
B1121294548957N01144287EA014770165100000332600748
B1121304548958N01144280EA014780165200000342730748
B1121314548961N01144273EA014790165200000342860742
B1121324548965N01144268EA014790165200000383030742
B1121334548970N01144263EA014800165300000383200688
B1121344548975N01144260EA014810165500000383310688
B1121354548981N01144259EA014830165700000383420688
B1121364548986N01144259EA014850166000000323510688
B1121374548991N01144259EA014870166100000320000688
B1121384548996N01144261EA014890166300000360050688
B1121394549001N01144263EA014910166500000360100688
B1121404549006N01144267EA014930166700000360230742
B1121414549009N01144272EA014950166900000360360742
B1121424549011N01144278EA014960167000000300360733
B1121434549013N01144284EA014970167100000280620733
B1121444549014N01144290EA014980167200000270710733
B1121454549013N01144297EA014990167200000270800733
B1121464549012N01144303EA014990167200000310990733
B1121474549009N01144308EA015000167300000311180742
B1121484549005N01144312EA015010167400000281290742
B1121494549002N01144314EA015020167500000281400784
B1121504548999N01144315EA015030167700000221550784
B1121514548995N01144316EA015040167800000221700784
B1121524548992N01144315EA015040167800000271810784
B1121534548988N01144312EA015050167900000271920742
B1121544548984N01144307EA015050168000000332100742
B1121554548982N01144301EA015060168000000332280742
B1121564548980N01144294EA015070168100000342420742
B1121574548980N01144286EA015080168400000342560742
B1121584548981N01144279EA015100168600000322710742
B1121594548983N01144273EA015120168800000322860742
B1122004548986N01144268EA015130168900000322980742
B1122014548989N01144263EA015140169000000323100688
B1122024548993N01144259EA015150169000000333200688
B1122034548998N01144256EA015160169000000333300688
B1122044549004N01144255EA015160169000000373410688
B1122054549009N01144255EA015170169100000373520688
B1122064549013N01144256EA015180169300000270040682
B1122074549017N01144259EA015190169500000270160682
B1122084549020N01144263EA015200169500000300290682
B1122094549023N01144268EA015210169400000300420733
B1122104549027N01144276EA015210169400000390510733
B1122114549028N01144284EA015210169400000390600733
B1122124549029N01144292EA015210169400000380730733
B1122134549029N01144299EA015220169500000380860733
B1122144549028N01144306EA015230169600000290910733
B1122154549028N01144312EA015240169800000290960733
B1122164549026N01144317EA015260170000000261070788
B1122174549023N01144321EA015270170100000261180788
B1122184549020N01144323EA015270170100000251390788
B1122194549016N01144323EA015280170100000251600788
B1122204549012N01144322EA015270170100000291770788
B1122214549008N01144320EA015270170000000291940784
B1122224549004N01144317EA015270170100000302020784
B1122234549001N01144312EA015280170300000302100742
B1122244548999N01144307EA015290170400000272290742
B1122254548998N01144301EA015290170400000272480742
B1122264548998N01144294EA015290170400000352600742
B1122274548999N01144286EA015300170400000372720742
B1122284549001N01144278EA015300170500000362780742
B1122294549004N01144272EA015310170700000362920742
B1122304549008N01144269EA015330170800000343150742
B1122314549013N01144269EA015340170900000343380733
B1122324549018N01144270EA015340170900000343590733
B1122334549023N01144274EA015350171000000340200733
B1122344549026N01144279EA015360171100000300330733
B1122354549029N01144284EA015370171100000300460733
B1122364549031N01144290EA015370171100000330520733
B1122374549033N01144297EA015370171100000330580733
B1122384549035N01144303EA015370171200000320670733
B1122394549035N01144310EA015370171200000320760733
B1122404549034N01144317EA015370171200000320890788
B1122414549033N01144324EA015380171200000321020788
B1122424549031N01144329EA015380171300000261020788
B1122434549028N01144333EA015390171300000251220788
B1122444549025N01144336EA015390171300000261340788
B1122454549021N01144338EA015380171200000261460788
B1122464549017N01144339EA015370171100000301590788
B1122474549013N01144339EA015360171100000301720788
B1122484549008N01144339EA015360171100000271790784
B1122494549005N01144338EA015360171100000271860784
B1122504549002N01144335EA015360171200000242030784
B1122514549000N01144330EA015360171200000242200784
B1122524548998N01144323EA015350171000000342390784
B1122534548998N01144315EA015340170900000372580784
B1122544548999N01144307EA015330170800000352700742
B1122554549000N01144301EA015330170800000352800742
B1122564549002N01144295EA015320170900000292900742
B1122574549005N01144290EA015320170900000293000742
B1122584549008N01144285EA015320170800000333060742
B1122594549012N01144279EA015320170700000333120733
B1123004549016N01144274EA015320170700000363130733
B1123014549020N01144269EA015320170800000363140733
B1123024549024N01144265EA015330171000000333220733
B1123034549029N01144263EA015330171000000333300682
B1123044549034N01144262EA015340171000000383420682
B1123054549040N01144261EA015340171100000383540682
B1123064549046N01144260EA015350171100000393550682
B1123074549051N01144260EA015360171300000393560682
B1123084549056N01144259EA015360171400000303570682
B1123094549061N01144260EA015370171500000303580680
B1123104549065N01144263EA015370171400000330110680
B1123114549070N01144267EA015370171200000330240719
B1123124549073N01144273EA015360171100000370370719
B1123134549076N01144280EA015360171100000370500719
B1123144549077N01144286EA015350171000000290630719
B1123154549077N01144292EA015340171000000290760719
B1123164549077N01144299EA015330170900000290850719
B1123174549077N01144306EA015330170800000290940719
B1123184549076N01144313EA015320170700000340970719
B1123194549075N01144320EA015320170700000341000774
B1123204549074N01144326EA015310170700000281030774
B1123214549072N01144331EA015310170700000281060774
B1123224549070N01144335EA015310170600000241190774
B1123234549067N01144339EA015290170500000241320774
B1123244549064N01144343EA015280170200000291350774
B1123254549061N01144348EA015260170100000291380774
B1123264549060N01144354EA015250170000000291170774
B1123274549061N01144360EA015250169900000290960774
B1123284549063N01144367EA015240169900000340790814
B1123294549066N01144373EA015240169900000340620814
B1123304549069N01144377EA015240170000000290520814
B1123314549072N01144381EA015240170000000290420814
B1123324549076N01144384EA015240170000000290350814
B1123334549080N01144387EA015240170000000290280814
B1123344549085N01144389EA015240169900000360190814
B1123354549091N01144390EA015240169800000360100814
B1123364549097N01144392EA015230169700000420110814
B1123374549103N01144395EA015230169700000420120814
B1123384549108N01144398EA015230169700000330180814
B1123394549112N01144400EA015230169800000330240816
B1123404549117N01144400EA015230169800000340110816
B1123414549123N01144399EA015230169800000343580816
B1123424549128N01144399EA015230169700000373580816
B1123434549134N01144400EA015230169700000373580816
B1123444549140N01144404EA015230169700000420140816
B1123454549144N01144411EA015230169700000420320816
B1123464549146N01144417EA015230169800000340490829
B1123474549147N01144423EA015240169900000340660829
B1123484549148N01144428EA015240170100000230750829
B1123494549148N01144434EA015250170100000230840829
B1123504549146N01144439EA015250170100000280970829
B1123514549144N01144444EA015260170100000281100829
B1123524549141N01144447EA015260170200000231300829
B1123534549138N01144448EA015270170300000231500829
B1123544549135N01144447EA015280170400000191710829
B1123554549132N01144445EA015280170400000191920829
B1123564549129N01144442EA015280170300000272040829
B1123574549126N01144437EA015270170200000272160829
B1123584549123N01144430EA015260170100000392300829
B1123594549122N01144422EA015260170000000392440829
B1124004549123N01144414EA015250170000000392620829
B1124014549125N01144406EA015260170100000392820816
B1124024549128N01144399EA015260170200000372930816
B1124034549131N01144393EA015260170300000373040816
B1124044549134N01144386EA015260170200000373040816
B1124054549138N01144379EA015260170100000373040816
B1124064549143N01144373EA015250169900000443140816
B1124074549149N01144369EA015240169800000443240816
B1124084549155N01144366EA015230169700000413310816
B1124094549160N01144363EA015210169600000413380794
B1124104549166N01144360EA015200169500000413390794
B1124114549173N01144357EA015190169300000413400794
B1124124549180N01144356EA015180169100000493460794
B1124134549187N01144356EA015170169000000493520794
B1124144549194N01144357EA015170169000000450000794
B1124154549200N01144358EA015170169100000450080794
B1124164549206N01144359EA015170169300000340100794
B1124174549211N01144362EA015180169400000340120825
B1124184549216N01144366EA015190169400000390210848
B1124194549220N01144371EA015190169300000390300848
B1124204549224N01144378EA015190169300000420420848
B1124214549227N01144386EA015190169300000420540848
B1124224549229N01144393EA015190169400000330610848
B1124234549231N01144399EA015190169500000330680848
B1124244549233N01144406EA015200169500000310690848
B1124254549234N01144412EA015200169500000310700848
B1124264549235N01144419EA015200169600000280760872
B1124274549235N01144424EA015210169600000280820872
B1124284549235N01144429EA015210169700000220880872
B1124294549234N01144434EA015210169600000220940872
B1124304549232N01144438EA015200169500000231120872
B1124314549229N01144441EA015190169300000231300872
B1124324549225N01144444EA015180169100000261390872
B1124334549222N01144447EA015170169100000261480872
B1124344549220N01144449EA015170169200000171410872
B1124354549219N01144451EA015180169300000171340872
B1124364549216N01144452EA015180169300000171560872
B1124374549213N01144451EA015180169300000171780872
B1124384549211N01144449EA015180169300000211910872
B1124394549208N01144446EA015180169400000212040843
B1124404549206N01144443EA015190169500000202170843
B1124414549205N01144439EA015200169700000202300843
B1124424549204N01144435EA015210169800000212420843
B1124434549203N01144430EA015200169700000212540843
B1124444549201N01144426EA015200169500000242540843
B1124454549198N01144422EA015180169300000252360843
B1124464549195N01144419EA015170169200000262220843
B1124474549191N01144417EA015160169100000262080843
B1124484549188N01144415EA015160169100000232040843
B1124494549185N01144413EA015150169100000232000826
B1124504549182N01144412EA015150169100000232000826
B1124514549179N01144409EA015150169100000232000826
B1124524549176N01144406EA015150169100000242100826
B1124534549173N01144403EA015140169000000242200826
B1124544549170N01144399EA015130168900000272160826
B1124554549166N01144397EA015120168700000272120826
B1124564549162N01144394EA015110168600000292070826
B1124574549158N01144391EA015090168400000292020816
B1124584549154N01144388EA015080168300000312050816
B1124594549150N01144385EA015070168200000312080816
B1125004549146N01144381EA015050168100000312110816
B1125014549142N01144377EA015040168000000312140816
B1125024549138N01144374EA015030167800000282130816
B1125034549135N01144371EA015010167700000282120816
B1125044549131N01144367EA015000167500000272130816
B1125054549128N01144364EA014980167300000272140816
B1125064549124N01144359EA014970167200000322160785
B1125074549120N01144355EA014960167100000322180785
B1125084549117N01144353EA014950167100000262100785
B1125094549113N01144351EA014950167100000262020785
B1125104549110N01144349EA014940167100000232020785
B1125114549107N01144347EA014940167000000232020774
B1125124549103N01144343EA014930166900000272110774
B1125134549101N01144339EA014930166900000272200774
B1125144549099N01144335EA014920166900000232260774
B1125154549096N01144331EA014920166900000232320774
B1125164549094N01144327EA014920166800000232280774
B1125174549091N01144324EA014910166800000232240774
B1125184549089N01144320EA014910166700000262250774
B1125194549086N01144316EA014900166600000262260774
B1125204549083N01144311EA014890166500000282230719
B1125214549079N01144308EA014880166500000282200719
B1125224549075N01144306EA014880166400000282090719
B1125234549071N01144305EA014880166400000281980719
B1125244549067N01144304EA014880166500000251910719
B1125254549064N01144304EA014890166700000251840719
B1125264549061N01144305EA014900166800000221750719
B1125274549057N01144307EA014900166800000221660733
B1125284549054N01144310EA014900166800000271530733
B1125294549051N01144315EA014900166700000271400788
B1125304549048N01144319EA014900166700000291350788
B1125314549045N01144324EA014910166800000291300788
B1125324549043N01144330EA014920166900000301240788
B1125334549041N01144336EA014920166900000301160788
B1125344549039N01144342EA014940167200000301190788
B1125354549036N01144347EA014960167400000301220788
B1125364549032N01144351EA014980167700000281310788
B1125374549029N01144354EA015010168000000281400788
B1125384549026N01144357EA015030168300000241460788
B1125394549022N01144358EA015050168500000241520788
B1125404549019N01144357EA015070168600000271720788
B1125414549014N01144355EA015070168500000271920788
B1125424549010N01144352EA015070168300000351980788
B1125434549005N01144349EA015060168200000352040784
B1125444549000N01144346EA015050168100000332010784
B1125454548996N01144344EA015050168000000331980784
B1125464548991N01144342EA015040168000000311970784
B1125474548986N01144340EA015030167900000311960784
B1125484548982N01144337EA015030167800000341980784
B1125494548977N01144335EA015020167800000342000784
B1125504548972N01144335EA015020167700000321900784
B1125514548967N01144335EA015010167700000321800784
B1125524548962N01144335EA015000167600000311790784
B1125534548957N01144335EA014990167600000311780789
B1125544548953N01144334EA014990167500000321810789
B1125554548947N01144333EA014990167500000321840789
B1125564548943N01144333EA014990167600000311850789
B1125574548939N01144332EA015010167900000311860789
B1125584548935N01144331EA015020168200000231860789
B1125594548932N01144331EA015040168400000231860789
B1126004548928N01144332EA015050168400000261800789
B1126014548923N01144332EA015050168400000261740789
B1126024548919N01144332EA015060168400000291760789
B1126034548915N01144332EA015060168400000291780789
B1126044548911N01144331EA015060168500000221840789
B1126054548908N01144330EA015070168600000221900790
B1126064548905N01144331EA015070168600000241830790
B1126074548901N01144331EA015070168500000241760790
B1126084548896N01144331EA015060168400000311770790
B1126094548891N01144331EA015060168400000311780790
B1126104548887N01144331EA015060168300000291800790
B1126114548883N01144331EA015060168400000291820790
B1126124548879N01144331EA015060168500000261800790
B1126134548874N01144331EA015050168300000261780790
B1126144548869N01144332EA015040168100000361760790
B1126154548863N01144332EA015030167900000361740790
B1126164548857N01144332EA015020167800000401760783
B1126174548851N01144332EA015010167800000401780783
B1126184548846N01144332EA015010167800000291770783
B1126194548842N01144333EA015000167900000291760783
B1126204548837N01144334EA015000167800000321720783
B1126214548832N01144335EA014990167700000321680783
B1126224548827N01144337EA014990167600000331690783
B1126234548823N01144338EA014980167600000331700783
B1126244548818N01144338EA014980167600000311710783
B1126254548813N01144339EA014970167400000311720783
B1126264548807N01144340EA014960167200000401730790
B1126274548801N01144340EA014950167000000401740790
B1126284548795N01144341EA014940167000000361730790
B1126294548790N01144342EA014930167000000361720790
B1126304548786N01144343EA014930167100000291730790
B1126314548782N01144343EA014930167000000291740790
B1126324548777N01144344EA014920167000000301740790
B1126334548772N01144344EA014910166900000311740790
B1126344548768N01144345EA014900166800000311740790
B1126354548763N01144346EA014900166700000311740790
B1126364548758N01144346EA014890166600000311740807
B1126374548754N01144347EA014880166600000311740807
B1126384548749N01144348EA014870166500000331720807
B1126394548744N01144349EA014870166400000331700807
B1126404548738N01144350EA014860166200000361700807
B1126414548733N01144351EA014850166100000361700807
B1126424548728N01144353EA014840166000000351700807
B1126434548723N01144354EA014830166000000351700807
B1126444548718N01144355EA014820165900000321690807
B1126454548713N01144357EA014810165800000321680807
B1126464548708N01144359EA014790165600000351660808
B1126474548702N01144361EA014780165400000351640808
B1126484548697N01144363EA014770165200000361640808
B1126494548692N01144365EA014750165100000361640799
B1126504548687N01144366EA014740165000000321650799
B1126514548682N01144368EA014730164900000321660799
B1126524548678N01144370EA014710164700000331640799
B1126534548673N01144373EA014690164500000331620799
B1126544548667N01144375EA014670164200000371630799
B1126554548662N01144377EA014650163900000371640799
B1126564548656N01144379EA014630163700000371640769
B1126574548651N01144381EA014610163500000371640769
B1126584548646N01144383EA014590163400000361640769
B1126594548640N01144385EA014570163100000361640769
B1127004548635N01144386EA014550162900000341670769
B1127014548630N01144387EA014530162700000341700769
B1127024548625N01144388EA014510162500000331700769
B1127034548620N01144390EA014490162300000331700769
B1127044548615N01144391EA014470162100000351710769
B1127054548610N01144391EA014450161900000351720769
B1127064548604N01144392EA014440161700000351750741
B1127074548599N01144392EA014420161600000351780741
B1127084548594N01144392EA014410161500000331800741
B1127094548589N01144391EA014390161300000331820741
B1127104548583N01144390EA014370161000000391830741
B1127114548577N01144389EA014340160700000391840741
B1127124548571N01144388EA014320160500000391860741
B1127134548565N01144387EA014300160300000391880741
B1127144548560N01144385EA014280160100000371900741
B1127154548555N01144383EA014260160000000371920706
B1127164548550N01144380EA014250159800000351970706
B1127174548545N01144377EA014230159600000352020706
B1127184548541N01144372EA014210159400000332090706
B1127194548538N01144368EA014200159400000332160706
B1127204548535N01144364EA014190159300000242200706
B1127214548532N01144361EA014180159300000242240678
B1127224548529N01144357EA014180159200000272200678
B1127234548525N01144353EA014160159000000272160678
B1127244548522N01144349EA014150158900000292170678
B1127254548519N01144345EA014150158900000292180678
B1127264548516N01144342EA014140158800000242180678
B1127274548513N01144339EA014140158800000242180678
B1127284548510N01144336EA014130158700000242150678
B1127294548507N01144333EA014120158500000242120654
B1127304548504N01144329EA014100158300000292170654
B1127314548500N01144324EA014090158100000292220654
B1127324548497N01144320EA014070157900000292190654
B1127334548493N01144317EA014050157800000292160654
B1127344548489N01144315EA014040157600000302060654
B1127354548485N01144312EA014030157600000302000612
B1127364548480N01144310EA014030157500000292020612
B1127374548477N01144307EA014020157500000292040612
B1127384548473N01144304EA014010157400000282030612
B1127394548469N01144302EA014010157400000282020612
B1127404548464N01144300EA014000157300000312010612
B1127414548459N01144297EA013990157100000312000584
B1127424548454N01144295EA013970156900000391980584
B1127434548448N01144293EA013970156800000391960584
B1127444548442N01144293EA013960156800000401870584
B1127454548436N01144293EA013970156900000401780584
B1127464548432N01144294EA013970157100000241780584
B1127474548428N01144294EA013970157100000241780584
B1127484548424N01144293EA013960156800000341820584
B1127494548418N01144292EA013940156400000341860584
B1127504548411N01144291EA013910156100000461840584
B1127514548404N01144291EA013900155900000461820563
B1127524548398N01144292EA013880155900000361780563
B1127534548394N01144292EA013880155900000361740563
B1127544548389N01144292EA013870155900000281760563
B1127554548385N01144293EA013850155700000281780563
B1127564548379N01144293EA013840155500000361770563
B1127574548373N01144294EA013820155200000361760563
B1127584548367N01144293EA013800154900000391790563
B1127594548362N01144292EA013780154900000391820563
B1128004548357N01144291EA013770154800000311850561
B1128014548353N01144291EA013760154700000311880561
B1128024548347N01144290EA013750154600000361870561
B1128034548342N01144288EA013730154400000361860561
B1128044548336N01144286EA013720154200000401910561
B1128054548331N01144283EA013710154200000401960561
B1128064548325N01144281EA013710154200000341960561
B1128074548321N01144279EA013710154300000341960561
B1128084548317N01144277EA013710154400000291990561
B1128094548313N01144274EA013700154300000292020561
B1128104548308N01144272EA013690154100000312020536
B1128114548304N01144270EA013680153900000352000536
B1128124548298N01144268EA013660153700000361950536
B1128134548293N01144267EA013640153500000361900536
B1128144548288N01144267EA013630153400000331850536
B1128154548283N01144267EA013610153300000331800536
B1128164548278N01144266EA013600153100000301820536
B1128174548274N01144266EA013580152900000301840536
B1128184548269N01144265EA013560152700000321830536
B1128194548264N01144265EA013540152400000321820536
B1128204548259N01144265EA013520152200000321780482
B1128214548254N01144266EA013510152100000321740482
B1128224548250N01144268EA013500152000000291670482
B1128234548246N01144271EA013480151900000291600482
B1128244548242N01144273EA013470151800000321580482
B1128254548238N01144276EA013450151600000321560482
B1128264548234N01144280EA013440151400000301480482
B1128274548230N01144285EA013430151300000301400482
B1128284548227N01144290EA013420151200000311350482
B1128294548224N01144295EA013410151100000311300482
B1128304548220N01144299EA013400151000000301340482
B1128314548217N01144303EA013400150900000301380482
B1128324548213N01144308EA013390150800000321390482
B1128334548209N01144312EA013390150800000321400450
B1128344548205N01144316EA013390150800000331430487
B1128354548200N01144319EA013400151000000331460487
B1128364548196N01144323EA013420151200000331450487
B1128374548192N01144328EA013440151500000331440487
B1128384548190N01144333EA013460151700000301340487
B1128394548187N01144339EA013480151800000301240487
B1128404548184N01144345EA013480151700000361270487
B1128414548179N01144350EA013480151600000361300487
B1128424548174N01144355EA013480151400000421390487
B1128434548169N01144359EA013470151300000421480487
B1128444548164N01144361EA013470151300000331570487
B1128454548159N01144362EA013460151200000331660469
B1128464548155N01144363EA013440151100000301690469
B1128474548150N01144363EA013430150900000301720469
B1128484548144N01144363EA013410150700000351790469
B1128494548139N01144361EA013400150500000351860469
B1128504548134N01144359EA013390150400000321900469
B1128514548130N01144358EA013380150400000321940469
B1128524548126N01144357EA013370150400000291880469
B1128534548121N01144357EA013360150300000291820469
B1128544548116N01144357EA013350150200000311820469
B1128554548111N01144356EA013340150100000311820469
B1128564548106N01144355EA013330149900000351840476
B1128574548101N01144355EA013310149700000351860476
B1128584548095N01144354EA013300149500000361840476
B1128594548090N01144353EA013280149500000361820476
B1129004548086N01144352EA013270149500000271880476
B1129014548082N01144350EA013260149400000271940476
B1129024548078N01144348EA013250149300000301940476
B1129034548073N01144347EA013240149100000301940476
B1129044548068N01144347EA013220148900000341860476
B1129054548063N01144348EA013210148800000341780476
B1129064548058N01144349EA013200148700000321710444
B1129074548054N01144351EA013190148600000321640444
B1129084548050N01144352EA013180148600000291660444
B1129094548045N01144353EA013170148500000291680444
B1129104548041N01144353EA013170148500000281750444
B1129114548037N01144352EA013160148500000281820444
B1129124548033N01144351EA013160148400000231900444
B1129134548030N01144350EA013150148400000231900444
B1129144548027N01144350EA013140148300000211860444
B1129154548023N01144350EA013130148100000211820444
B1129164548019N01144349EA013120147900000281860444
B1129174548015N01144347EA013100147700000281900444
B1129184548011N01144346EA013090147600000261910444
B1129194548007N01144345EA013080147500000261920381
B1129204548003N01144344EA013070147400000241900381
B1129214548000N01144343EA013060147300000241880381
B1129224547996N01144343EA013050147200000251870381
B1129234547992N01144342EA013040147100000251860381
B1129244547988N01144343EA013020147000000271800381
B1129254547984N01144343EA013010146800000271740381
B1129264547979N01144344EA013000146700000291730381
B1129274547975N01144345EA012990146700000291720381
B1129284547972N01144345EA012990146700000241730381
B1129294547968N01144346EA012980146600000241740381
B1129304547964N01144347EA012970146500000281720381
B1129314547959N01144348EA012960146400000281700332
B1129324547955N01144349EA012950146200000301700332
B1129334547950N01144350EA012940146200000301700332
B1129344547946N01144351EA012930146100000271690332
B1129354547942N01144353EA012930146100000271680332
B1129364547937N01144355EA012920145900000341630332
B1129374547932N01144358EA012900145700000341580332
B1129384547927N01144360EA012890145500000341600332
B1129394547923N01144362EA012870145400000341620332
B1129404547918N01144365EA012860145300000331570363
B1129414547914N01144369EA012850145200000331520363
B1129424547909N01144374EA012840145000000371460310
B1129434547905N01144379EA012830144900000371400310
B1129444547901N01144383EA012830144900000361420310
B1129454547896N01144387EA012820144900000361440310
B1129464547892N01144392EA012820144900000311430310
B1129474547889N01144396EA012830145000000311420310
B1129484547885N01144400EA012830144900000321420310
B1129494547881N01144404EA012830144900000321420310
B1129504547876N01144408EA012820144800000341440310
B1129514547872N01144412EA012820144800000341460310
B1129524547868N01144417EA012820144800000351440335
B1129534547864N01144421EA012820144800000351420335
B1129544547860N01144425EA012820144800000331410315
B1129554547856N01144430EA012820144800000331400315
B1129564547853N01144435EA012820144800000331370315
B1129574547849N01144440EA012820144800000331340315
B1129584547845N01144445EA012820144800000341330315
B1129594547842N01144451EA012830144800000341320315
B1130004547838N01144456EA012830144800000331320315
B1130014547835N01144462EA012840144900000331320315
B1130024547832N01144467EA012840144800000341320329
B1130034547828N01144472EA012840144800000341320329
B1130044547823N01144475EA012840144800000321420329
B1130054547819N01144478EA012840144800000321520329
B1130064547814N01144480EA012850144800000311560329
B1130074547810N01144482EA012850144900000311600252
B1130084547806N01144485EA012850144900000311580252
B1130094547801N01144488EA012850144900000311560252
B1130104547797N01144490EA012850144800000331560252
B1130114547792N01144493EA012840144800000331560252
B1130124547788N01144497EA012840144800000321560252
B1130134547784N01144500EA012840144800000321500252
B1130144547780N01144503EA012850144800000301490252
B1130154547776N01144507EA012840144800000301480252
B1130164547772N01144511EA012840144800000331460252
B1130174547767N01144515EA012840144700000331440249
B1130184547763N01144520EA012840144600000351440249
B1130194547759N01144524EA012830144600000351440204
B1130204547755N01144527EA012830144600000301460204
B1130214547751N01144530EA012830144700000301480204
B1130224547748N01144534EA012830144700000271470204
B1130234547744N01144537EA012830144700000271460204
B1130244547740N01144539EA012830144700000291520204
B1130254547736N01144541EA012830144600000291580204
B1130264547732N01144543EA012830144600000261600204
B1130274547728N01144544EA012820144600000261620204
B1130284547725N01144546EA012820144600000251600204
B1130294547721N01144549EA012820144500000251580204
B1130304547717N01144551EA012810144400000281590204
B1130314547713N01144553EA012800144300000281600204
B1130324547709N01144555EA012800144200000281600169
B1130334547704N01144557EA012790144200000281600169
B1130344547700N01144559EA012780144100000281590169
B1130354547696N01144561EA012780144100000281580169
B1130364547692N01144563EA012770144000000301610169
B1130374547687N01144565EA012760143900000301640169
B1130384547683N01144567EA012760143900000311580169
B1130394547679N01144571EA012760143900000311520169
B1130404547675N01144575EA012760143900000311460169
B1130414547672N01144579EA012760143900000311400169
B1130424547668N01144581EA012760143900000261480169
B1130434547664N01144583EA012760144000000261560169
B1130444547661N01144584EA012760144000000241630169
B1130454547657N01144585EA012760144000000241700167
B1130464547653N01144585EA012760144000000281710167
B1130474547649N01144586EA012760143900000281720167
B1130484547645N01144586EA012760143900000261750167
B1130494547641N01144586EA012750143900000261780167
B1130504547637N01144587EA012750143900000251740167
B1130514547633N01144588EA012740143800000251700167
B1130524547629N01144590EA012740143700000271640167
B1130534547625N01144592EA012730143700000271580167
B1130544547621N01144595EA012720143600000301580167
B1130554547617N01144597EA012720143500000301580167
B1130564547613N01144599EA012710143500000271580167
B1130574547609N01144601EA012710143500000271580163
B1130584547607N01144603EA012710143500000181570163
B1130594547604N01144604EA012700143500000181560163
B1131004547602N01144605EA012700143400000181600163
B1131014547599N01144606EA012680143200000181640163
B1131024547595N01144606EA012660142900000271710163
B1131034547590N01144606EA012640142700000271780163
B1131044547586N01144606EA012630142500000271810163
B1131054547582N01144605EA012610142300000271840163
B1131064547579N01144606EA012590142200000221790163
B1131074547576N01144606EA012580142100000221740163
B1131084547573N01144606EA012560141900000211790163
B1131094547569N01144606EA012550141700000211840163
B1131104547565N01144605EA012520141500000271820163
B1131114547561N01144606EA012500141200000271800163
B1131124547557N01144606EA012480141000000291810161
B1131134547553N01144605EA012460140800000291820161
B1131144547549N01144604EA012440140700000251860161
B1131154547545N01144604EA012430140600000251860161
B1131164547542N01144604EA012410140400000221850161
B1131174547538N01144603EA012390140200000221840161
B1131184547534N01144602EA012370139900000301860161
B1131194547529N01144601EA012340139600000301880161
B1131204547525N01144600EA012320139400000291860161
B1131214547521N01144600EA012310139300000291840161
B1131224547517N01144599EA012290139200000261840161
B1131234547513N01144599EA012280139100000261840161
B1131244547508N01144599EA012260138900000301830151
B1131254547503N01144598EA012250138700000301820151
B1131264547498N01144598EA012230138500000341810151
B1131274547493N01144598EA012220138400000341800151
B1131284547489N01144599EA012210138400000291760151
B1131294547485N01144600EA012210138500000291720151
B1131304547481N01144600EA012210138500000241740151
B1131314547477N01144600EA012210138500000241760151
B1131324547473N01144600EA012210138500000271780151
B1131334547469N01144600EA012200138300000271800151
B1131344547464N01144600EA012190138200000341810151
B1131354547458N01144600EA012190138100000341820151
B1131364547453N01144600EA012180138100000341780151
B1131374547449N01144601EA012180138100000341740151
B1131384547445N01144601EA012190138200000231760151
B1131394547442N01144601EA012190138400000231780151
B1131404547439N01144601EA012200138400000211780151
B1131414547435N01144601EA012200138300000211780151
B1131424547430N01144601EA012190138200000301770151
B1131434547426N01144601EA012180138100000301760151
B1131444547421N01144602EA012180138000000311770151
B1131454547416N01144602EA012170138000000311780151
B1131464547412N01144602EA012170138000000291770151
B1131474547407N01144602EA012170138100000291760153
B1131484547403N01144602EA012170138100000281800153
B1131494547399N01144601EA012170138100000281840153
B1131504547394N01144601EA012170138000000311830153
B1131514547390N01144601EA012170138000000311820153
B1131524547385N01144601EA012160137900000281790153
B1131534547381N01144601EA012160137900000281760153
B1131544547376N01144602EA012150137800000331760153
B1131554547371N01144602EA012140137700000331760153
B1131564547365N01144603EA012140137600000331740153
B1131574547361N01144604EA012140137800000331720153
B1131584547357N01144605EA012150137900000231670151
B1131594547354N01144606EA012150138000000231620151
B1132004547351N01144607EA012150138000000241680151
B1132014547347N01144608EA012150137900000241740151
B1132024547342N01144609EA012140137800000311720151
B1132034547337N01144610EA012130137600000311700151
B1132044547333N01144611EA012130137600000301690151
B1132054547328N01144612EA012120137600000301680151
B1132064547324N01144613EA012120137500000301690146
B1132074547319N01144614EA012110137400000301700146
B1132084547314N01144615EA012100137300000351690146
B1132094547309N01144617EA012100137300000351680144
B1132104547304N01144619EA012090137300000321660144
B1132114547300N01144620EA012090137300000321640144
B1132124547296N01144621EA012090137300000271690144
B1132134547292N01144621EA012090137300000271740144
B1132144547288N01144621EA012080137200000271740144
B1132154547283N01144622EA012080137100000301780144
B1132164547279N01144623EA012070136900000341730144
B1132174547273N01144624EA012060136800000341680144
B1132184547268N01144626EA012060136800000321670144
B1132194547264N01144627EA012060137000000321660144
B1132204547261N01144629EA012060137100000221630144
B1132214547258N01144631EA012060137100000221600148
B1132224547254N01144633EA012060137000000291590148
B1132234547249N01144635EA012050136700000291580148
B1132244547244N01144637EA012040136600000341620148
B1132254547240N01144638EA012040136700000341660148
B1132264547236N01144638EA012040136800000221700148
B1132274547233N01144639EA012050137000000221740148
B1132284547230N01144640EA012050137000000211710148
B1132294547226N01144640EA012050137000000211680148
B1132304547222N01144641EA012050136900000311700148
B1132314547217N01144643EA012040136800000311720148
B1132324547212N01144645EA012040136800000341660148
B1132334547207N01144647EA012040136800000341600144
B1132344547203N01144648EA012050136900000291630144
B1132354547199N01144649EA012050137000000291660144
B1132364547195N01144651EA012060137100000221580144
B1132374547193N01144655EA012070137200000221500144
B1132384547192N01144661EA012070137200000341270144
B1132394547191N01144670EA012070137100000401040145
B1132404547192N01144678EA012080137100000420920145
B1132414547193N01144687EA012080137200000420800145
B1132424547195N01144696EA012090137400000410760145
B1132434547197N01144703EA012110137600000410700145
B1132444547199N01144709EA012130137900000300640145
B1132454547201N01144715EA012150138200000300580149
B1132464547204N01144720EA012170138400000270590149
B1132474547206N01144726EA012190138500000270600149
B1132484547208N01144732EA012210138500000370600149
B1132494547211N01144740EA012220138500000370600148
B1132504547214N01144747EA012230138600000380610148
B1132514547216N01144754EA012250138900000380620148
B1132524547219N01144758EA012270139200000310520148
B1132534547224N01144763EA012280139300000310420146
B1132544547229N01144767EA012300139400000420320146
B1132554547235N01144768EA012310139400000420220146
B1132564547241N01144769EA012320139600000380090146
B1132574547246N01144767EA012330139700000383560146
B1132584547250N01144762EA012340139700000353340148
B1132594547253N01144756EA012340139700000353120148
B1133004547253N01144749EA012340139700000282880148
B1133014547251N01144744EA012350139800000282640148
B1133024547249N01144741EA012360139900000192390148
B1133034547247N01144740EA012370140200000192140148
B1133044547245N01144741EA012390140500000131920148
B1133054547243N01144742EA012410140700000131700148
B1133064547240N01144745EA012430140800000211540148
B1133074547238N01144749EA012440140900000211380148
B1133084547236N01144754EA012450141000000251260148
B1133094547235N01144759EA012460141100000251140148
B1133104547235N01144764EA012480141200000231030146
B1133114547235N01144769EA012490141400000230920146
B1133124547235N01144775EA012500141500000270880146
B1133134547236N01144781EA012510141600000270840146
B1133144547237N01144787EA012520141700000300770146
B1133154547239N01144793EA012530141700000300700146
B1133164547242N01144800EA012540141800000370640146
B1133174547244N01144808EA012540141800000370600146
B1133184547248N01144815EA012550141800000400580147
B1133194547251N01144822EA012550141800000400560147
B1133204547255N01144830EA012550141800000460530147
B1133214547260N01144838EA012560141700000460500147
B1133224547266N01144846EA012560141800000510470150
B1133234547271N01144853EA012570141900000510440150
B1133244547275N01144858EA012590142200000350410150
B1133254547279N01144862EA012610142500000350380150
B1133264547283N01144866EA012630142600000320340149
B1133274547288N01144870EA012640142700000320300149
B1133284547293N01144875EA012640142600000470310149
B1133294547300N01144882EA012640142400000470320149
B1133304547306N01144888EA012640142400000490330149
B1133314547312N01144894EA012650142500000490340149
B1133324547317N01144899EA012650142600000410330149
B1133334547322N01144903EA012650142600000410320149
B1133344547327N01144908EA012650142600000380310149
B1133354547332N01144912EA012640142400000380300149
B1133364547338N01144917EA012630142100000490300149
B1133374547345N01144923EA012610141900000490300149
B1133384547352N01144929EA012600141700000530310149
B1133394547359N01144935EA012600141700000530320149
B1133404547365N01144939EA012590141800000460270155
B1133414547372N01144942EA012600141900000460220155
B1133424547378N01144945EA012600141900000460180155
B1133434547385N01144948EA012590141800000460140155
B1133444547393N01144951EA012590141700000510160155
B1133454547400N01144955EA012580141600000510180155
B1133464547407N01144959EA012570141500000510180155
B1133474547415N01144962EA012560141300000500180157
B1133484547422N01144965EA012540141200000500160154
B1133494547429N01144968EA012530140900000500140154
B1133504547436N01144972EA012510140700000510180154
B1133514547443N01144976EA012490140500000510220154
B1133524547450N01144981EA012480140500000490220154
B1133534547457N01144984EA012470140500000490220154
B1133544547463N01144987EA012470140500000430200160
B1133554547469N01144990EA012460140500000430180160
B1133564547476N01144994EA012450140300000480180160
B1133574547483N01144997EA012440140100000480180160
B1133584547491N01145001EA012420139800000540180160
B1133594547498N01145005EA012400139700000540200160
B1134004547505N01145009EA012390139600000490200160
B1134014547512N01145013EA012380139500000490200159
B1134024547519N01145017EA012360139300000480190159
B1134034547526N01145020EA012340139000000480180159
B1134044547534N01145024EA012320138800000530180159
B1134054547541N01145028EA012300138500000530200159
B1134064547550N01145033EA012280138200000590200159
B1134074547558N01145037EA012260138000000580200159
B1134084547566N01145042EA012240137900000550200159
B1134094547573N01145046EA012230137900000550220159
B1134104547579N01145051EA012220137800000460240159
B1134114547585N01145055EA012200137600000460260159
B1134124547592N01145059EA012180137400000450240159
B1134134547598N01145062EA012150137000000450220159
B1134144547605N01145066EA012120136500000500210163
B1134154547613N01145070EA012080136000000520200159
B1134164547620N01145074EA012050135600000520200159
B1134174547628N01145077EA012010135300000530180159
B1134184547635N01145080EA011980135000000530150159
B1134194547643N01145083EA011950134700000530120159
B1134204547651N01145086EA011920134400000530140159
B1134214547659N01145089EA011890134100000540160159
B1134224547667N01145093EA011870133900000550160162
B1134234547674N01145095EA011850133800000550160162
B1134244547681N01145097EA011840133800000470120162
B1134254547688N01145098EA011830133800000470080162
B1134264547695N01145099EA011820133800000450040162
B1134274547702N01145099EA011810133600000450000162
B1134284547709N01145098EA011790133400000503580162
B1134294547717N01145097EA011780133200000513560160
B1134304547725N01145096EA011760132900000513540160
B1134314547732N01145095EA011740132800000513540160
B1134324547740N01145094EA011720132600000493540160
B1134334547747N01145092EA011700132400000493520160
B1134344547754N01145091EA011670132100000503510160
B1134354547762N01145089EA011650131900000513500171
B1134364547770N01145087EA011620131500000543480171
B1134374547778N01145084EA011600131200000553460171
B1134384547786N01145081EA011570131000000563440171
B1134394547795N01145078EA011550130700000573440171
B1134404547803N01145076EA011520130500000573460171
B1134414547811N01145074EA011500130300000563480181
B1134424547820N01145072EA011490130200000553500181
B1134434547828N01145070EA011470130100000543500181
B1134444547836N01145068EA011460130000000523520181
B1134454547844N01145067EA011450130000000503500181
B1134464547851N01145065EA011440129900000503500181
B1134474547858N01145063EA011440129800000503500181
B1134484547866N01145063EA011420129700000483540184
B1134494547873N01145064EA011410129500000480000184
B1134504547880N01145064EA011390129300000500000184
B1134514547888N01145065EA011380129100000530000184
B1134524547896N01145067EA011360128900000560040184
B1134534547904N01145070EA011350128700000550120184
B1134544547912N01145073EA011340128700000510160192
B1134554547919N01145076EA011340128800000510160192
B1134564547925N01145078EA011340128900000450140192
B1134574547931N01145081EA011340128800000450120192
B1134584547938N01145083EA011330128700000460150192
B1134594547945N01145087EA011310128500000460180192
B1135004547952N01145091EA011300128200000520180192
B1135014547959N01145094EA011280128000000510200192
B1135024547967N01145095EA011270127900000470140206
B1135034547973N01145094EA011250127800000470020206
B1135044547980N01145092EA011240127700000453530206
B1135054547987N01145090EA011230127600000453440206
B1135064547993N01145087EA011210127400000473420206
B1135074548000N01145083EA011190127100000473400206
B1135084548007N01145078EA011170126900000503350206
B1135094548013N01145072EA011150126600000503300217
B1135104548019N01145066EA011120126400000493260217
B1135114548025N01145059EA011100126300000493220237
B1135124548030N01145053EA011080126200000453190237
B1135134548035N01145046EA011070126100000453160237
B1135144548040N01145040EA011050125900000453150237
B1135154548045N01145032EA011030125700000473140237
B1135164548050N01145025EA011010125500000493110237
B1135174548054N01145016EA010990125300000493080237
B1135184548058N01145008EA010980125100000483040271
B1135194548062N01145000EA010970125000000453040291
B1135204548067N01144992EA010960125000000433060291
B1135214548071N01144985EA010950124900000433080291
B1135224548075N01144978EA010930124700000433090291
B1135234548079N01144971EA010920124500000433100291
B1135244548084N01144963EA010900124300000473100291
B1135254548089N01144956EA010880124000000473120324
B1135264548094N01144948EA010850123800000483120324
B1135274548098N01144940EA010830123500000503100324
B1135284548103N01144931EA010810123300000513100324
B1135294548108N01144923EA010790123100000503100324
B1135304548113N01144915EA010770122900000483100353
B1135314548118N01144908EA010750122800000483120399
B1135324548123N01144900EA010730122600000463100399
B1135334548127N01144893EA010710122300000463100399
B1135344548131N01144885EA010690122100000463060399
B1135354548135N01144877EA010660121800000453060399
B1135364548140N01144869EA010640121600000453060399
B1135374548144N01144862EA010620121300000453100434
B1135384548149N01144854EA010590121100000473120434
B1135394548153N01144846EA010570120800000493080434
B1135404548158N01144837EA010550120600000513040434
B1135414548162N01144828EA010530120400000503020460
B1135424548166N01144819EA010520120300000493040460
B1135434548171N01144811EA010510120300000463060496
B1135444548175N01144804EA010500120300000433090496
B1135454548180N01144798EA010500120300000433120496
B1135464548185N01144791EA010490120300000433150496
B1135474548190N01144785EA010490120200000433180496
B1135484548194N01144779EA010480120200000423170496
B1135494548199N01144773EA010480120100000423160496
B1135504548203N01144766EA010470120000000443140496
B1135514548208N01144759EA010470119900000443120518
B1135524548213N01144752EA010460119900000473140549
B1135534548218N01144746EA010470120000000473160549
B1135544548223N01144741EA010480120300000343180549
B1135554548226N01144737EA010490120500000343200549
B1135564548228N01144732EA010500120600000243120549
B1135574548230N01144728EA010500120500000243040549
B1135584548233N01144723EA010500120400000323040549
B1135594548236N01144717EA010490120200000323040549
B1136004548240N01144711EA010480120000000383090557
B1136014548244N01144705EA010470120000000383140557
B1136024548249N01144700EA010470120100000393180557
B1136034548254N01144695EA010470120100000393220557
B1136044548259N01144690EA010480120200000403210557
B1136054548263N01144685EA010480120300000403200592
B1136064548268N01144681EA010490120400000373240592
B1136074548273N01144677EA010500120500000373280592
B1136084548279N01144674EA010500120500000443340592
B1136094548286N01144671EA010500120400000443400592
B1136104548292N01144668EA010510120500000433390592
B1136114548298N01144663EA010510120500000433380592
B1136124548305N01144658EA010500120300000533330597
B1136134548312N01144652EA010490120100000533280636
B1136144548320N01144648EA010480120000000543320636
B1136154548327N01144644EA010470120000000543380636
B1136164548334N01144641EA010470120000000483390636
B1136174548341N01144637EA010460119900000483400636
B1136184548349N01144634EA010450119700000553400636
B1136194548358N01144632EA010430119400000613440636
B1136204548367N01144630EA010420119200000613500660
B1136214548375N01144627EA010400119100000553500660
B1136224548383N01144625EA010400119200000493480660
B1136234548390N01144623EA010400119300000493460660
B1136244548398N01144620EA010400119300000523460660
B1136254548406N01144618EA010400119200000543460660
B1136264548413N01144616EA010400119200000523490672
B1136274548421N01144615EA010400119300000493520672
B1136284548428N01144614EA010410119400000483520672
B1136294548435N01144612EA010420119500000483520681
B1136304548441N01144609EA010430119800000433460681
B1136314548447N01144605EA010450120000000433400681
B1136324548453N01144601EA010470120300000403350681
B1136334548458N01144597EA010490120500000403300681
B1136344548464N01144592EA010500120600000433270693
B1136354548468N01144586EA010510120700000433240693
B1136364548471N01144580EA010520120800000323100693
B1136374548471N01144574EA010530120900000322960693
B1136384548470N01144570EA010550121000000202690693
B1136394548468N01144568EA010560121100000202420693
B1136404548466N01144567EA010570121200000132140693
B1136414548464N01144570EA010580121300000131760693
B1136424548463N01144574EA010580121300000221430693
B1136434548462N01144579EA010590121300000221100693
B1136444548462N01144585EA010590121300000280950693
B1136454548464N01144591EA010600121500000280800693
B1136464548468N01144597EA010600121500000410630693
B1136474548473N01144604EA010610121400000410460693
B1136484548479N01144609EA010610121400000460370693
B1136494548485N01144612EA010610121500000460280693
B1136504548491N01144612EA010620121600000420140693
B1136514548498N01144612EA010630121700000420000693
B1136524548505N01144610EA010630121700000463560693
B1136534548512N01144609EA010630121700000463520692
B1136544548520N01144607EA010630121500000583500692
B1136554548529N01144605EA010620121300000633500692
B1136564548539N01144602EA010610121100000613500692
B1136574548547N01144600EA010600121200000533480692
B1136584548554N01144598EA010610121400000453480692
B1136594548561N01144596EA010610121500000453480713
B1137004548567N01144596EA010610121500000443510713
B1137014548574N01144594EA010600121300000443540713
B1137024548582N01144592EA010590121000000553500713
B1137034548590N01144589EA010570120700000573480713
B1137044548599N01144587EA010540120400000553460713
B1137054548607N01144586EA010530120300000523500713
B1137064548614N01144587EA010510120300000493560733
B1137074548621N01144588EA010500120200000490020733
B1137084548628N01144591EA010480120000000470090733
B1137094548635N01144594EA010460119700000470160733
B1137104548642N01144597EA010440119400000500170733
B1137114548650N01144600EA010410119000000530180733
B1137124548658N01144603EA010380118700000540140733
B1137134548666N01144604EA010350118400000560100766
B1137144548674N01144606EA010320118100000580080766
B1137154548683N01144608EA010300117800000570080766
B1137164548691N01144610EA010280117600000540080766
B1137174548698N01144613EA010260117400000540120757
B1137184548706N01144617EA010230117100000500160757
B1137194548713N01144622EA010200116800000500220772
B1137204548720N01144627EA010170116400000550230772
B1137214548728N01144632EA010140116000000590240772
B1137224548736N01144637EA010110115700000600220772
B1137234548744N01144643EA010080115400000600240772
B1137244548752N01144649EA010060115200000580260772
B1137254548759N01144655EA010040115000000580280772
B1137264548767N01144661EA010020114800000570280766
B1137274548775N01144667EA010000114600000580280758
B1137284548783N01144672EA009990114400000570260758
B1137294548791N01144677EA009970114300000560240758
B1137304548798N01144681EA009960114200000540220758
B1137314548806N01144686EA009950114100000530200758
B1137324548813N01144691EA009930113900000550220751
B1137334548821N01144696EA009910113500000570240751
B1137344548829N01144702EA009890113200000600260751
B1137354548837N01144709EA009860112800000630280751
B1137364548845N01144716EA009840112500000620280724
B1137374548851N01144724EA009820112300000620320724
B1137384548857N01144731EA009800112300000490360724
B1137394548863N01144737EA009780112300000490400673
B1137404548868N01144742EA009760112100000460350673
B1137414548875N01144747EA009740111800000460300673
B1137424548881N01144754EA009720111500000510340673
B1137434548886N01144762EA009700111200000510380673
B1137444548891N01144770EA009670110900000510430637
B1137454548897N01144778EA009650110700000510480637
B1137464548902N01144786EA009630110500000490460637
B1137474548907N01144794EA009610110300000490440637
B1137484548912N01144802EA009590110000000480470574
B1137494548916N01144810EA009570109700000480500574
B1137504548921N01144818EA009550109500000510490540
B1137514548926N01144827EA009520109200000520480540
B1137524548932N01144835EA009500109000000510470540
B1137534548937N01144843EA009480108700000510460540
B1137544548942N01144852EA009460108500000520480540
B1137554548947N01144861EA009440108300000520500540
B1137564548952N01144870EA009420108100000510500492
B1137574548956N01144878EA009410108100000510500492
B1137584548960N01144887EA009400108000000470540446
B1137594548964N01144895EA009400108000000470580446
B1138004548967N01144903EA009390108000000430550446
B1138014548971N01144910EA009390108000000430520446
B1138024548976N01144918EA009380107900000440520396
B1138034548980N01144926EA009360107600000440520396
B1138044548984N01144935EA009340107300000510540396
B1138054548989N01144944EA009320107100000530520396
B1138064548994N01144952EA009300106900000520510396
B1138074548999N01144961EA009290106700000500500396
B1138084549004N01144969EA009280106700000480490364
B1138094549009N01144977EA009270106600000480480364
B1138104549014N01144984EA009250106400000490450390
B1138114549019N01144992EA009240106200000490420390
B1138124549024N01145000EA009220106000000500470390
B1138134549028N01145009EA009210105900000480520390
B1138144549031N01145018EA009200105800000450580355
B1138154549035N01145026EA009180105700000450580355
B1138164549039N01145035EA009170105500000470560355
B1138174549042N01145044EA009150105300000490580355
B1138184549045N01145053EA009130105000000490620355
B1138194549048N01145063EA009110104800000490660316
B1138204549052N01145072EA009090104600000480620316
B1138214549055N01145081EA009080104400000470600316
B1138224549058N01145090EA009060104300000470600316
B1138234549061N01145100EA009040104000000470640328
B1138244549064N01145109EA009020103800000460660328
B1138254549067N01145118EA009000103600000450640308
B1138264549070N01145126EA008980103400000440620308
B1138274549073N01145135EA008960103100000430600308
B1138284549076N01145143EA008930102800000450630308
B1138294549079N01145152EA008910102600000460660308
B1138304549082N01145162EA008880102300000470680308
B1138314549085N01145170EA008870102200000470640313
B1138324549088N01145178EA008850102100000410600313
B1138334549091N01145185EA008840102100000410560313
B1138344549094N01145193EA008830102000000380600313
B1138354549096N01145201EA008820101800000380640313
B1138364549099N01145210EA008800101600000450680313
B1138374549103N01145219EA008790101400000470640343
B1138384549107N01145227EA008780101300000450580343
B1138394549110N01145234EA008770101300000450520353
B1138404549114N01145240EA008770101400000360540353
B1138414549117N01145247EA008770101400000360560353
B1138424549120N01145253EA008770101400000350560353
B1138434549123N01145260EA008760101200000350560353
B1138444549126N01145267EA008740101000000410550387
B1138454549130N01145275EA008720100700000410540387
B1138464549134N01145283EA008700100400000450560387
B1138474549137N01145292EA008680100200000460580387
B1138484549140N01145301EA008660100000000470600387
B1138494549143N01145310EA008650099900000470640387
B1138504549145N01145319EA008640099900000450680411
B1138514549148N01145327EA008640100100000450680411
B1138524549150N01145334EA008650100300000320620411
B1138534549153N01145338EA008660100600000320560411
B1138544549155N01145343EA008680100800000230550411
B1138554549157N01145347EA008690100900000230540411
B1138564549160N01145353EA008690100900000350540443
B1138574549163N01145360EA008690100700000350540443
B1138584549167N01145368EA008690100600000450550478
B1138594549171N01145376EA008690100700000450560478
B1139004549174N01145384EA008690100700000440550478
B1139014549178N01145392EA008700100800000440540478
B1139024549182N01145399EA008710101000000410530478
B1139034549186N01145405EA008720101200000410520478
B1139044549189N01145411EA008740101400000350480478
B1139054549193N01145416EA008760101800000350440536
B1139064549195N01145420EA008780102000000220490536
B1139074549196N01145424EA008800102200000220540536
B1139084549198N01145428EA008810102300000230590536
B1139094549200N01145434EA008810102200000230640536
B1139104549203N01145440EA008810102000000370640536
B1139114549207N01145447EA008810101900000410520536
B1139124549210N01145454EA008800101700000390520561
B1139134549213N01145460EA008790101700000390520561
B1139144549216N01145466EA008790101700000330530605
B1139154549219N01145472EA008780101600000330540605
B1139164549222N01145478EA008760101400000370530605
B1139174549226N01145486EA008740101100000370520605
B1139184549231N01145494EA008710100700000500510605
B1139194549236N01145503EA008690100300000540500605
B1139204549241N01145512EA008660100100000530500605
B1139214549245N01145520EA008650100000000530500645
B1139224549250N01145528EA008640100000000460490645
B1139234549255N01145535EA008630100000000460480645
B1139244549259N01145543EA008630100000000460480692
B1139254549263N01145551EA008620099900000460480692
B1139264549268N01145559EA008610099800000500510692
B1139274549272N01145568EA008610099800000510540729
B1139284549277N01145577EA008600099700000500540729
B1139294549281N01145586EA008600099700000490540729
B1139304549286N01145594EA008590099700000490530729
B1139314549290N01145603EA008590099600000490520729
B1139324549294N01145611EA008580099500000500540729
B1139334549299N01145621EA008570099300000520560753
B1139344549303N01145631EA008560099100000530580753
B1139354549307N01145640EA008540099000000520580753
B1139364549311N01145650EA008530098800000520580767
B1139374549314N01145660EA008510098700000520600767
B1139384549318N01145670EA008500098500000510620774
B1139394549321N01145680EA008480098300000500640774
B1139404549324N01145690EA008460098000000500660774
B1139414549326N01145700EA008430097800000500680774
B1139424549329N01145710EA008410097600000510680774
B1139434549333N01145720EA008400097400000520660783
B1139444549337N01145730EA008380097300000530600783
B1139454549342N01145739EA008360097100000540540783
B1139464549346N01145749EA008350097000000540540783
B1139474549350N01145760EA008340096900000540600783
B1139484549353N01145770EA008320096700000540640784
B1139494549356N01145781EA008310096600000550660784
B1139504549360N01145792EA008300096500000560660817
B1139514549363N01145804EA008290096400000570660817
B1139524549365N01145816EA008280096200000580700823
B1139534549367N01145828EA008270096100000590760823
B1139544549370N01145840EA008260096100000580760823
B1139554549373N01145852EA008270096300000560720823
B1139564549376N01145862EA008280096500000500660830
B1139574549379N01145871EA008290096800000470620830
B1139584549382N01145880EA008310097000000460640830
B1139594549385N01145889EA008330097200000450680830
B1140004549388N01145897EA008350097400000430630830
B1140014549392N01145904EA008360097700000430580830
B1140024549395N01145912EA008380097900000390570829
B1140034549398N01145918EA008400098100000390560829
B1140044549400N01145924EA008420098300000280590829
B1140054549402N01145929EA008440098500000280620829
B1140064549404N01145934EA008450098600000300580829
B1140074549407N01145941EA008460098600000300540829
B1140084549409N01145948EA008460098400000390640863
B1140094549410N01145957EA008460098300000390740863
B1140104549411N01145965EA008460098300000370780872
B1140114549411N01145973EA008460098400000370820872
B1140124549412N01145980EA008460098500000340830872
B1140134549412N01145988EA008460098500000340840872
B1140144549411N01145996EA008460098400000400910872
B1140154549410N01146006EA008460098300000450980872
B1140164549408N01146015EA008460098200000461020833
B1140174549407N01146024EA008470098300000431020833
B1140184549407N01146033EA008480098700000360980833
B1140194549407N01146039EA008510099100000360920833
B1140204549407N01146044EA008530099500000190860833
B1140214549408N01146048EA008570099800000190800833
B1140224549407N01146052EA008590100100000210900833
B1140234549407N01146057EA008620100300000211000833
B1140244549406N01146061EA008650100600000211010833
B1140254549405N01146066EA008670100900000211020826
B1140264549404N01146070EA008700101200000211030826
B1140274549403N01146075EA008730101500000211040826
B1140284549401N01146080EA008750101700000281100826
B1140294549399N01146085EA008780102000000281160826
B1140304549397N01146090EA008810102300000271190826
B1140314549395N01146095EA008840102700000271220826
B1140324549393N01146099EA008880103200000191250826
B1140334549391N01146101EA008910103600000191280826
B1140344549389N01146102EA008950104000000151450826
B1140354549386N01146101EA008980104300000151620826
B1140364549385N01146099EA009010104500000172020826
B1140374549385N01146094EA009030104700000172420826
B1140384549386N01146088EA009050104900000282670826
B1140394549389N01146083EA009060105100000282920826
B1140404549392N01146078EA009080105400000333080826
B1140414549397N01146076EA009110105700000333240826
B1140424549403N01146074EA009130105900000383380826
B1140434549409N01146074EA009150106100000383520872
B1140444549416N01146075EA009180106300000440000872
B1140454549422N01146078EA009200106700000440080872
B1140464549427N01146082EA009230107000000400240872
B1140474549431N01146089EA009270107500000400400872
B1140484549433N01146097EA009300107700000370530872
B1140494549435N01146105EA009330108000000370660872
B1140504549437N01146113EA009370108400000380700865
B1140514549438N01146118EA009410109000000380740865
B1140524549439N01146123EA009450109500000160740865
B1140534549439N01146125EA009490109800000090780865
B1140544549438N01146126EA009520110000000091020865
B1140554549437N01146128EA009540110100000091260865
B1140564549435N01146129EA009560110300000131410865
B1140574549433N01146129EA009580110500000131560865
B1140584549432N01146127EA009600110700000131980865
B1140594549433N01146123EA009610110800000132400865
B1141004549433N01146118EA009620110900000242640865
B1141014549435N01146113EA009640111200000242880865
B1141024549438N01146109EA009670111500000233030872
B1141034549441N01146107EA009690111900000233180872
B1141044549445N01146104EA009720112200000303280872
B1141054549450N01146102EA009750112400000303380872
B1141064549455N01146099EA009780112700000393400872
B1141074549461N01146098EA009810113000000393420910
B1141084549467N01146099EA009840113400000403560910
B1141094549473N01146102EA009880113700000400100910
B1141104549477N01146107EA009910114000000370230910
B1141114549481N01146112EA009930114200000370360902
B1141124549485N01146118EA009960114500000380410902
B1141134549489N01146124EA009990114700000380460902
B1141144549492N01146130EA010020115100000290520902
B1141154549493N01146135EA010050115500000290580902
B1141164549493N01146139EA010090115900000190750902
B1141174549493N01146143EA010120116200000190920902
B1141184549492N01146148EA010150116600000190930902
B1141194549492N01146151EA010190117000000190940902
B1141204549492N01146154EA010220117300000091030902
B1141214549491N01146154EA010240117500000091120902
B1141224549490N01146153EA010270117600000101640902
B1141234549489N01146150EA010280117800000102160902
B1141244549489N01146147EA010300118000000162440902
B1141254549490N01146143EA010320118200000162720902
B1141264549491N01146138EA010340118500000242860902
B1141274549494N01146134EA010370118800000243000902
B1141284549496N01146129EA010400119100000273050902
B1141294549499N01146125EA010420119400000273100902
B1141304549502N01146120EA010440119600000273100902
B1141314549505N01146116EA010460119900000273100902
B1141324549510N01146112EA010490120100000393190934
B1141334549515N01146107EA010510120200000393280947
B1141344549522N01146103EA010530120500000453330947
B1141354549528N01146101EA010560120800000453380947
B1141364549535N01146099EA010590121100000433440947
B1141374549541N01146098EA010620121500000433500947
B1141384549548N01146097EA010640121800000453530947
B1141394549555N01146097EA010670122000000453560947
B1141404549562N01146099EA010710122400000460040970
B1141414549568N01146102EA010730122600000460120970
B1141424549574N01146106EA010760123000000400180970
B1141434549579N01146109EA010790123200000400240970
B1141444549585N01146113EA010820123500000400240951
B1141454549590N01146117EA010840123800000400240951
B1141464549595N01146122EA010870124100000380290951
B1141474549599N01146127EA010900124400000380340951
B1141484549602N01146132EA010930124700000320420951
B1141494549604N01146138EA010960125000000320500951
B1141504549604N01146144EA010980125200000260750951
B1141514549602N01146148EA011000125300000261000951
B1141524549600N01146151EA011020125500000171230951
B1141534549598N01146152EA011040125800000171460951
B1141544549596N01146151EA011060126100000131680951
B1141554549595N01146149EA011090126400000131960951
B1141564549594N01146146EA011110126700000182230951
B1141574549593N01146142EA011140126900000182500951
B1141584549593N01146137EA011160127200000202610951
B1141594549594N01146133EA011190127600000202720951
B1142004549595N01146127EA011220127800000282790951
B1142014549596N01146121EA011250128200000282860951
B1142024549599N01146114EA011280128500000382940951
B1142034549603N01146108EA011320129000000383020970
B1142044549609N01146102EA011350129300000443160982
B1142054549615N01146099EA011390129700000443300982
B1142064549622N01146099EA011420130100000433440982
B1142074549628N01146099EA011460130400000433580982
B1142084549634N01146101EA011490130700000410060982
B1142094549640N01146104EA011520131000000410140982
B1142104549646N01146107EA011550131300000420180982
B1142114549651N01146111EA011580131500000420220982
B1142124549657N01146116EA011600131700000410270965
B1142134549662N01146121EA011620131900000410320997
B1142144549667N01146126EA011650132200000400320997
B1142154549672N01146130EA011670132400000400320997
B1142164549677N01146134EA011690132700000360290997
B1142174549681N01146138EA011710132800000360260997
B1142184549686N01146143EA011720132900000380350997
B1142194549690N01146150EA011730132800000380440997
B1142204549695N01146158EA011730132700000490460997
B1142214549699N01146167EA011730132600000490480977
B1142224549704N01146175EA011730132700000480480977
B1142234549709N01146183EA011740132800000480481024
B1142244549713N01146190EA011750132900000450491024
B1142254549718N01146197EA011760133000000450501024
B1142264549723N01146204EA011780133100000470451024
B1142274549729N01146210EA011790133200000470401024
B1142284549736N01146215EA011800133300000550321003
B1142294549743N01146221EA011810133400000550241003
B1142304549749N01146228EA011820133600000490341003
B1142314549753N01146236EA011840133900000490441003
B1142324549757N01146244EA011860134100000400511003
B1142334549760N01146251EA011880134400000400581041
B1142344549763N01146258EA011890134600000360571041
B1142354549766N01146265EA011910134600000360560997
B1142364549768N01146273EA011910134600000440610997
B1142374549771N01146283EA011920134500000480660997
B1142384549774N01146293EA011930134500000500680997
B1142394549777N01146302EA011930134700000490640997
B1142404549781N01146310EA011950134900000430580997
B1142414549785N01146317EA011960135200000430520928
B1142424549788N01146323EA011980135500000370520928
B1142434549791N01146330EA012000135500000370520928
B1142444549795N01146338EA012000135500000430550928
B1142454549798N01146347EA012000135300000490580928
B1142464549803N01146357EA011990135000000570580928
B1142474549807N01146368EA011980134700000600580894
B1142484549812N01146379EA011960134500000590560957
B1142494549817N01146389EA011940134300000540540957
B1142504549822N01146398EA011930134300000500540957
B1142514549827N01146406EA011920134100000500520957
B1142524549832N01146415EA011900134000000520480912
B1142534549838N01146423EA011880133600000520460912
B1142544549844N01146432EA011860133300000600440912
B1142554549851N01146441EA011830133000000610440912
B1142564549857N01146450EA011800132700000600440912
B1142574549864N01146459EA011780132600000590421014
B1142584549870N01146467EA011760132500000570420969
B1142594549876N01146476EA011750132400000540420969
B1143004549881N01146484EA011730132400000520460969
B1143014549886N01146493EA011720132300000500500969
B1143024549890N01146502EA011710132200000480560969
B1143034549893N01146511EA011690132100000490580969
B1143044549897N01146521EA011680131900000500600957
B1143054549901N01146530EA011660131700000510600957
B1143064549904N01146540EA011650131500000520620957
B1143074549908N01146551EA011630131300000550620957
B1143084549912N01146561EA011610131000000570621040
B1143094549916N01146572EA011590130900000560601004
B1143104549920N01146582EA011580130800000520601004
B1143114549923N01146592EA011570130800000490601004
B1143124549927N01146601EA011560130700000480621004
B1143134549930N01146611EA011550130600000480621004
B1143144549933N01146620EA011540130400000490620985
B1143154549936N01146630EA011530130200000500620985
B1143164549939N01146640EA011510130000000510640985
B1143174549943N01146650EA011490129700000530640985
B1143184549946N01146661EA011470129400000540640985
B1143194549949N01146671EA011440129200000530660993
B1143204549952N01146682EA011420129000000540660993
B1143214549955N01146693EA011400128900000540680993
B1143224549958N01146704EA011390128700000550680993
B1143234549961N01146716EA011370128600000560681086
B1143244549964N01146727EA011350128300000560701086
B1143254549967N01146739EA011340128100000580701086
B1143264549970N01146750EA011320127900000590681086
B1143274549974N01146762EA011290127700000580661102
B1143284549979N01146772EA011280127600000550601102
B1143294549983N01146781EA011270127500000520541102
B1143304549988N01146790EA011260127500000480541102
B1143314549991N01146798EA011250127400000440561102
B1143324549995N01146806EA011240127400000420561102
B1143334549998N01146814EA011240127400000420561095
B1143344550001N01146822EA011230127300000420581095
B1143354550004N01146830EA011220127100000420601095
B1143364550007N01146840EA011210126900000470661095
B1143374550009N01146850EA011200126800000480721091
B1143384550011N01146859EA011200126900000470701091
B1143394550014N01146868EA011210127100000430681069
B1143404550018N01146875EA011220127400000360611069
B1143414550021N01146880EA011250127900000360541069
B1143424550024N01146885EA011280128400000280501069
B1143434550027N01146889EA011320128800000280461069
B1143444550030N01146894EA011350129000000330451069
B1143454550034N01146900EA011370129200000330441069
B1143464550038N01146906EA011390129300000410431069
B1143474550043N01146912EA011410129400000410421046
B1143484550048N01146917EA011420129600000390391046
B1143494550052N01146922EA011430129700000390361046
B1143504550057N01146926EA011440129800000400351046
B1143514550063N01146932EA011450129800000400341039
B1143524550069N01146938EA011450129800000530341039
B1143534550076N01146945EA011450129800000530341039
B1143544550082N01146950EA011460129900000510311039
B1143554550089N01146956EA011470130000000510281039
B1143564550095N01146961EA011470130100000470301043
B1143574550100N01146967EA011470130000000470321043
B1143584550106N01146972EA011460129800000450331043
B1143594550112N01146978EA011440129500000450341049
B1144004550118N01146985EA011420129100000540361049
B1144014550124N01146993EA011390128600000540381049
B1144024550131N01147000EA011360128300000530381049
B1144034550137N01147007EA011340128100000530381049
B1144044550143N01147013EA011320127900000490361046
B1144054550149N01147019EA011290127700000490341046
B1144064550156N01147026EA011270127400000530341046
B1144074550163N01147032EA011230127100000530341056
B1144084550170N01147038EA011200126800000550301056
B1144094550177N01147043EA011180126500000550261056
B1144104550185N01147048EA011150126300000540241056
B1144114550192N01147054EA011130126000000540261056
B1144124550199N01147061EA011110125800000540291056
B1144134550206N01147067EA011080125500000540321056
B1144144550213N01147072EA011060125300000540281090
B1144154550220N01147077EA011040125200000540241090
B1144164550227N01147081EA011030125100000500231090
B1144174550234N01147085EA011020125000000500221090
B1144184550242N01147089EA011010124900000530221090
B1144194550249N01147093EA011000124800000530181090
B1144204550257N01147097EA011000124900000520201090
B1144214550263N01147101EA011000125100000520201132
B1144224550269N01147105EA011010125300000400231132
B1144234550274N01147109EA011020125400000400261132
B1144244550280N01147114EA011030125400000420291137
B1144254550285N01147119EA011030125300000420321137
B1144264550291N01147125EA011020125100000510321137
B1144274550298N01147131EA011010125000000510321137
B1144284550305N01147137EA011000124900000530321137
B1144294550311N01147144EA011000124800000530321185
B1144304550317N01147150EA011000124900000460351185
B1144314550322N01147155EA011000125100000460381185
B1144324550326N01147159EA011010125300000340361185
B1144334550331N01147163EA011030125600000340281190
B1144344550335N01147166EA011050125700000310281190
B1144354550339N01147170EA011060125800000310281190
B1144364550342N01147176EA011060125700000360391190
B1144374550346N01147182EA011070125700000360501190
B1144384550349N01147189EA011080125800000350511190
B1144394550352N01147194EA011090126000000350521190
B1144404550355N01147199EA011100126200000270501190
B1144414550357N01147203EA011110126400000270481190
B1144424550361N01147208EA011130126500000290451246
B1144434550364N01147213EA011140126600000290421242
B1144444550368N01147218EA011150126600000350431242
B1144454550372N01147223EA011160126600000350441242
B1144464550376N01147228EA011160126700000340401242
B1144474550380N01147232EA011170126700000340361242
B1144484550383N01147237EA011160126600000320401242
B1144494550387N01147243EA011150126400000320441242
B1144504550390N01147250EA011130126100000400511242
B1144514550393N01147258EA011110125800000400581242
B1144524550397N01147266EA011090125600000460571221
B1144534550401N01147275EA011080125600000470561221
B1144544550404N01147283EA011080125700000430571221
B1144554550408N01147290EA011090126000000430581265
B1144564550411N01147294EA011110126400000270491265
B1144574550414N01147298EA011130126700000270401265
B1144584550417N01147302EA011150126800000300401265
B1144594550421N01147308EA011160126700000300401265
B1145004550425N01147315EA011160126400000430471241
B1145014550429N01147323EA011150126300000430541241
B1145024550433N01147331EA011140126200000460521241
B1145034550437N01147338EA011140126300000460501241
B1145044550441N01147345EA011140126300000410511241
B1145054550445N01147352EA011140126400000410521241
B1145064550448N01147360EA011140126400000380561241
B1145074550451N01147367EA011130126400000380601230
B1145084550454N01147374EA011130126200000440601230
B1145094550459N01147382EA011120126100000470541266
B1145104550463N01147390EA011110126000000490491266
B1145114550469N01147396EA011120126200000490441266
B1145124550475N01147402EA011120126300000430371266
B1145134550480N01147406EA011130126500000430301266
B1145144550486N01147410EA011150126700000420281266
B1145154550491N01147415EA011160126800000420261237
B1145164550496N01147420EA011170126800000430331237
B1145174550501N01147427EA011180126800000430401237
B1145184550505N01147433EA011180127000000370441237
B1145194550508N01147438EA011190127200000370481278
B1145204550512N01147443EA011200127300000310441278
B1145214550516N01147448EA011200127100000310401278
B1145224550519N01147454EA011190126800000390471278
B1145234550522N01147462EA011170126500000390541251
B1145244550526N01147470EA011140126200000460581251
B1145254550529N01147480EA011110125900000480621251
B1145264550531N01147490EA011100125700000510661251
B1145274550534N01147500EA011080125600000490661251
B1145284550536N01147510EA011080125800000440721251
B1145294550539N01147517EA011080126000000440681225
B1145304550543N01147524EA011090126100000390561225
B1145314550547N01147530EA011100126300000390441225
B1145324550551N01147537EA011110126200000440481225
B1145334550555N01147545EA011110126200000440521225
B1145344550560N01147554EA011110126100000530541269
B1145354550566N01147562EA011130126200000530501239
B1145364550572N01147567EA011140126500000490371239
B1145374550579N01147570EA011170126800000490241239
B1145384550585N01147573EA011190127200000400201239
B1145394550590N01147575EA011230127600000400161239
B1145404550595N01147577EA011260128000000290121239
B1145414550599N01147577EA011280128300000290081239
B1145424550604N01147577EA011310128500000320021239
B1145434550609N01147577EA011330128600000323561263
B1145444550614N01147577EA011340128800000353561263
B1145454550619N01147575EA011370129100000353561263
B1145464550623N01147574EA011400129500000293491263
B1145474550628N01147572EA011420129800000293421263
B1145484550633N01147572EA011440130000000343521263
B1145494550638N01147573EA011460130100000340021263
B1145504550643N01147574EA011480130200000340041263
B1145514550648N01147575EA011500130500000340061263
B1145524550653N01147575EA011520130700000280041263
B1145534550657N01147575EA011540131000000280021263
B1145544550661N01147575EA011560131100000300011294
B1145554550666N01147576EA011580131300000300001294
B1145564550670N01147577EA011600131500000290041294
B1145574550674N01147578EA011620131700000290081294
B1145584550679N01147579EA011640131900000280101294
B1145594550682N01147580EA011660132100000280121294
B1146004550686N01147582EA011680132300000230181294
B1146014550689N01147585EA011700132500000230241294
B1146024550693N01147587EA011720132700000260221294
B1146034550697N01147588EA011740132800000260201294
B1146044550702N01147589EA011750133000000330121294
B1146054550707N01147590EA011770133200000330041294
B1146064550711N01147590EA011790133500000290021330
B1146074550715N01147590EA011810133700000290001330
B1146084550720N01147591EA011830133900000290041330
B1146094550724N01147593EA011850134000000290081330
B1146104550729N01147595EA011860134100000330161330
B1146114550733N01147598EA011880134300000330201330
B1146124550736N01147600EA011900134700000200241330
B1146134550739N01147602EA011930135000000200281330
B1146144550741N01147603EA011970135400000200221330
B1146154550745N01147604EA012000135800000200161330
B1146164550748N01147605EA012030136100000240111330
B1146174550752N01147606EA012060136400000240061330
B1146184550755N01147607EA012080136600000210091330
B1146194550758N01147608EA012100136800000210121343
B1146204550761N01147611EA012120136900000220211306
B1146214550764N01147613EA012130136900000220301306
B1146224550768N01147616EA012140137000000320241306
B1146234550774N01147617EA012140136900000320181306
B1146244550781N01147617EA012140136800000490091306
B1146254550788N01147618EA012140136900000490001306
B1146264550795N01147618EA012150137100000400011306
B1146274550800N01147618EA012160137300000400021306
B1146284550805N01147620EA012180137500000330061306
B1146294550810N01147622EA012190137600000330101339
B1146304550816N01147624EA012190137600000390141339
B1146314550821N01147627EA012200137600000390181339
B1146324550827N01147629EA012210137700000380171339
B1146334550832N01147632EA012220137800000380161339
B1146344550838N01147635EA012230137900000380201339
B1146354550843N01147638EA012240138000000380241339
B1146364550848N01147642EA012240138100000380231339
B1146374550853N01147644EA012260138200000380221339
B1146384550858N01147647EA012270138300000360211353
B1146394550864N01147650EA012280138400000360201353
B1146404550869N01147653EA012290138400000380211353
B1146414550874N01147656EA012290138500000380221353
B1146424550880N01147659EA012300138600000410211353
B1146434550886N01147663EA012300138500000410201290
B1146444550891N01147668EA012290138400000420261290
B1146454550896N01147672EA012290138400000420321290
B1146464550902N01147677EA012290138400000410291290
B1146474550908N01147680EA012290138500000410261334
B1146484550913N01147684EA012300138600000420231334
B1146494550919N01147687EA012300138600000420201334
B1146504550925N01147691EA012300138700000410221334
B1146514550931N01147695EA012300138600000410241334
B1146524550937N01147699EA012300138600000420231334
B1146534550942N01147702EA012310138700000420221334
B1146544550948N01147705EA012320138800000400221334
B1146554550953N01147709EA012320138900000400221334
B1146564550958N01147712EA012320138900000350241301
B1146574550963N01147716EA012330139000000350261301
B1146584550968N01147719EA012330138900000390261301
B1146594550974N01147724EA012320138800000390261301
B1147004550980N01147728EA012310138600000470261301
B1147014550986N01147732EA012300138500000470261301
B1147024550992N01147737EA012290138400000440271301
B1147034550997N01147742EA012280138400000440281301
B1147044551001N01147747EA012270138300000370351301
B1147054551006N01147753EA012260138200000370421301
B1147064551010N01147759EA012240137900000430411317
B1147074551016N01147765EA012220137600000430401273
B1147084551022N01147772EA012200137300000520381273
B1147094551028N01147779EA012180137100000520361273
B1147104551035N01147786EA012160136900000530361273
B1147114551041N01147793EA012150136800000510361273
B1147124551047N01147799EA012140136800000490371273
B1147134551053N01147806EA012130136700000490381273
B1147144551058N01147813EA012120136600000500391291
B1147154551064N01147819EA012120136600000500401291
B1147164551071N01147825EA012110136600000480341291
B1147174551077N01147829EA012110136600000480281291
B1147184551083N01147834EA012110136600000460271291
B1147194551089N01147839EA012100136500000460261291
B1147204551095N01147844EA012090136400000470301291
B1147214551101N01147850EA012080136300000470341291
B1147224551107N01147857EA012070136200000520331291
B1147234551114N01147862EA012070136200000520321318
B1147244551121N01147868EA012070136300000540291318
B1147254551128N01147873EA012080136400000540261318
B1147264551135N01147879EA012090136600000490281318
B1147274551140N01147885EA012100136800000490301318
B1147284551145N01147891EA012110136800000380351318
B1147294551149N01147897EA012110136900000380401318
B1147304551152N01147904EA012110136800000400471318
B1147314551156N01147911EA012110136600000400541302
B1147324551161N01147920EA012100136500000490541353
B1147334551166N01147927EA012110136600000490481353
B1147344551170N01147935EA012120136800000440491353
B1147354551174N01147942EA012130137000000440501353
B1147364551177N01147949EA012150137300000350521353
B1147374551181N01147955EA012160137500000350541353
B1147384551184N01147961EA012180137700000370521334
B1147394551187N01147967EA012210138000000370501334
B1147404551190N01147972EA012230138400000290491334
B1147414551193N01147976EA012270138900000290481334
B1147424551197N01147980EA012300139300000290421334
B1147434551201N01147984EA012330139500000290361334
B1147444551204N01147989EA012360139800000320381334
B1147454551207N01147994EA012380139900000320401334
B1147464551209N01147998EA012400140200000230561370
B1147474551208N01148003EA012420140400000230721370
B1147484551206N01148006EA012440140600000231071334
B1147494551203N01148008EA012460140700000231421334
B1147504551199N01148008EA012480141000000241631334
B1147514551196N01148007EA012500141400000241841334
B1147524551193N01148005EA012530141700000181931334
B1147534551190N01148003EA012560142100000182021334
B1147544551188N01147999EA012600142500000212171334
B1147554551187N01147995EA012630142900000212321334
B1147564551186N01147989EA012650143100000282471334
B1147574551186N01147982EA012670143300000282621334
B1147584551187N01147974EA012690143500000392721334
B1147594551190N01147966EA012710143700000432861334
B1148004551195N01147960EA012730143800000453021353
B1148014551201N01147955EA012740143900000453181353
B1148024551207N01147952EA012760144000000433331353
B1148034551213N01147952EA012770144100000433481394
B1148044551218N01147954EA012790144400000320041394
B1148054551222N01147958EA012800144500000320201394
B1148064551225N01147962EA012820144700000280351370
B1148074551227N01147967EA012840144900000280501370
B1148084551228N01147971EA012860145200000190641370
B1148094551227N01147975EA012880145500000190781370
B1148104551225N01147979EA012910145600000210991370
B1148114551224N01147982EA012930145900000211201370
B1148124551221N01147985EA012950146200000181281370
B1148134551219N01147986EA012980146500000181441370
B1148144551216N01147984EA013000146700000251741370
B1148154551212N01147980EA013020146900000252041370
B1148164551210N01147973EA013040147000000342261370
B1148174551209N01147966EA013060147300000342481370
B1148184551210N01147959EA013080147600000352611394
B1148194551211N01147951EA013100147800000382741394
B1148204551213N01147943EA013120148000000412821394
B1148214551217N01147935EA013140148100000442941394
B1148224551222N01147930EA013140148100000463101394
B1148234551228N01147926EA013150148100000463261394
B1148244551234N01147925EA013160148200000403411394
B1148254551240N01147926EA013170148300000403561394
B1148264551245N01147929EA013180148400000350111394
B1148274551249N01147933EA013200148500000350261394
B1148284551253N01147939EA013220148800000330371394
B1148294551256N01147944EA013240149100000330481394
B1148304551259N01147947EA013270149500000250441422
B1148314551262N01147951EA013300149800000250401422
B1148324551265N01147956EA013330150100000280451422
B1148334551268N01147961EA013350150300000280501413
B1148344551271N01147966EA013370150400000310501413
B1148354551274N01147971EA013390150600000310501413
B1148364551277N01147976EA013420150900000300491413
B1148374551280N01147981EA013440151200000300481413
B1148384551283N01147985EA013470151500000300411413
B1148394551287N01147988EA013490151700000300341413
B1148404551291N01147992EA013510151900000270331413
B1148414551294N01147995EA013530152100000270321413
B1148424551296N01148000EA013530152000000280441413
B1148434551299N01148007EA013520151700000280561413
B1148444551301N01148016EA013510151400000480661387
B1148454551304N01148026EA013490151100000480681387
B1148464551307N01148034EA013490151100000410651387
B1148474551309N01148041EA013490151300000410621417
B1148484551312N01148047EA013500151400000300591417
B1148494551314N01148053EA013510151500000300561417
B1148504551316N01148060EA013510151400000340621401
B1148514551318N01148067EA013500151200000340681401
B1148524551321N01148076EA013480150900000440701401
B1148534551324N01148084EA013460150700000440641401
B1148544551327N01148093EA013450150500000460601401
B1148554551331N01148102EA013440150400000450581401
B1148564551334N01148110EA013420150300000440611387
B1148574551337N01148119EA013400150200000440641387
B1148584551340N01148127EA013390150000000450621387
B1148594551343N01148136EA013370149700000460601387
B1149004551346N01148146EA013350149500000470621387
B1149014551350N01148155EA013330149300000470641387
B1149024551354N01148163EA013320149200000470581368
B1149034551358N01148171EA013310149200000470521420
B1149044551362N01148178EA013310149100000440521420
B1149054551366N01148186EA013300149200000440521420
B1149064551369N01148193EA013300149200000390571420
B1149074551371N01148201EA013300149200000390621420
B1149084551374N01148210EA013290149100000430621423
B1149094551377N01148218EA013280148900000430621423
B1149104551380N01148228EA013270148800000470621423
B1149114551382N01148237EA013270148700000450661423
B1149124551383N01148246EA013260148800000390741423
B1149134551384N01148254EA013260148800000390801423
B1149144551385N01148261EA013260148900000340801426
B1149154551386N01148268EA013260148800000340801426
B1149164551387N01148277EA013260148800000390781426
B1149174551387N01148286EA013250148600000430801426
B1149184551388N01148295EA013240148400000460821426
B1149194551388N01148305EA013230148300000470861426
B1149204551389N01148316EA013220148400000460861399
B1149214551389N01148325EA013220148400000440861399
B1149224551390N01148334EA013220148500000420841399
B1149234551391N01148344EA013230148600000420821399
B1149244551392N01148353EA013230148600000440821399
B1149254551393N01148363EA013220148500000470821355
B1149264551395N01148373EA013220148300000500781355
B1149274551399N01148383EA013210148200000520701355
B1149284551404N01148391EA013200148200000520561355
B1149294551410N01148398EA013200148200000520421360
B1149304551416N01148405EA013210148300000500401360
B1149314551421N01148412EA013220148500000500381293
B1149324551427N01148418EA013240148800000430371293
B1149334551432N01148422EA013260149100000430361293
B1149344551436N01148423EA013290149500000280201293
B1149354551440N01148424EA013320149900000280041293
B1149364551444N01148425EA013350150100000270091293
B1149374551448N01148427EA013370150300000270141293
B1149384551453N01148431EA013380150300000390211293
B1149394551458N01148436EA013400150400000390281283
B1149404551461N01148440EA013420150700000280391283
B1149414551463N01148445EA013430150900000280501283
B1149424551463N01148450EA013440151000000210671283
B1149434551464N01148455EA013450151000000210841283
B1149444551467N01148460EA013460151000000310701242
B1149454551470N01148465EA013460151100000310561242
B1149464551472N01148469EA013480151300000250501242
B1149474551475N01148473EA013500151600000250441242
B1149484551478N01148477EA013520151800000240451242
B1149494551480N01148481EA013530151900000240461242
B1149504551482N01148486EA013550152100000260511242
B1149514551484N01148490EA013560152200000260561242
B1149524551486N01148495EA013580152400000250571242
B1149534551488N01148500EA013590152500000250581242
B1149544551491N01148506EA013600152400000330601242
B1149554551493N01148514EA013600152200000330621201
B1149564551495N01148523EA013590152000000430681201
B1149574551497N01148532EA013580151900000430721201
B1149584551499N01148541EA013570151800000430721201
B1149594551501N01148550EA013570151800000440721201
B1150004551503N01148559EA013570151700000450721201
B1150014551504N01148569EA013560151700000450761173
B1150024551506N01148578EA013560151700000420761173
B1150034551507N01148586EA013570151800000420761220
B1150044551508N01148594EA013570152000000350781220
B1150054551509N01148602EA013580152000000350801220
B1150064551510N01148610EA013580152000000380791179
B1150074551511N01148619EA013580151800000420781179
B1150084551513N01148628EA013570151700000450761179
B1150094551515N01148638EA013560151600000470741179
B1150104551517N01148648EA013560151600000470741179
B1150114551519N01148657EA013560151600000440721179
B1150124551521N01148666EA013560151700000420701153
B1150134551524N01148674EA013560151800000420681153
B1150144551526N01148682EA013570151800000410661153
B1150154551529N01148690EA013560151800000410641153
B1150164551532N01148699EA013560151700000430661153
B1150174551535N01148707EA013550151700000430641153
B1150184551538N01148715EA013540151500000440601151
B1150194551542N01148723EA013530151300000440561151
B1150204551545N01148733EA013520151100000470601151
B1150214551547N01148741EA013510151000000470641151
B1150224551550N01148749EA013500151000000400641151
B1150234551553N01148757EA013490150900000400641151
B1150244551556N01148764EA013480150800000400621133
B1150254551559N01148772EA013460150500000400601190
B1150264551562N01148781EA013450150300000470581190
B1150274551566N01148789EA013440150300000470581190
B1150284551569N01148797EA013440150400000390591190
B1150294551571N01148804EA013440150600000390601190
B1150304551574N01148810EA013450150700000330591156
B1150314551577N01148816EA013450150700000330581156
B1150324551580N01148823EA013450150700000390571156
B1150334551583N01148831EA013440150500000390561156
B1150344551587N01148839EA013430150300000480571156
B1150354551591N01148848EA013420150000000490581156
B1150364551595N01148858EA013400149900000490581156
B1150374551599N01148867EA013390149800000500581132
B1150384551603N01148876EA013390149800000490561132
B1150394551607N01148884EA013390149900000490541132
B1150404551611N01148891EA013390150000000430511208
B1150414551615N01148898EA013390150000000430481208
B1150424551619N01148905EA013400150100000400491208
B1150434551623N01148912EA013400150100000400501206
B1150444551626N01148920EA013400150100000420561206
B1150454551629N01148929EA013400150100000450621206
B1150464551632N01148937EA013400150100000480591206
B1150474551637N01148946EA013400150200000490561206
B1150484551641N01148954EA013410150300000480511206
B1150494551646N01148961EA013420150500000480461216
B1150504551652N01148967EA013430150700000450431216
B1150514551657N01148973EA013450150900000450401274
B1150524551662N01148978EA013470151200000420361274
B1150534551668N01148983EA013490151400000420321274
B1150544551673N01148988EA013510151600000420341274
B1150554551677N01148993EA013530151800000420361274
B1150564551682N01148999EA013550152000000360381274
B1150574551686N01149003EA013580152300000360401274
B1150584551689N01149008EA013600152600000290401274
B1150594551692N01149011EA013620152900000290401277
B1151004551696N01149014EA013640153100000280341277
B1151014551700N01149018EA013660153200000280281277
B1151024551704N01149022EA013670153300000350341277
B1151034551708N01149028EA013680153400000350401259
B1151044551712N01149034EA013690153400000410431259
B1151054551716N01149040EA013700153500000410461259
B1151064551720N01149046EA013700153600000360471259
B1151074551723N01149052EA013710153700000360481259
B1151084551725N01149058EA013710153700000330561259
B1151094551728N01149064EA013710153600000330641200
B1151104551731N01149071EA013700153500000380571200
B1151114551736N01149077EA013700153300000380501200
B1151124551741N01149084EA013690153100000460461200
B1151134551745N01149091EA013690153200000460421200
B1151144551749N01149097EA013700153400000370461200
B1151154551753N01149103EA013720153900000370501200
B1151164551756N01149108EA013750154300000300501200
B1151174551758N01149113EA013790154800000300501130
B1151184551761N01149118EA013820155100000300501130
B1151194551764N01149124EA013850155300000300501130
B1151204551768N01149131EA013870155400000410511130
B1151214551772N01149138EA013880155400000410521130
B1151224551776N01149144EA013900155600000380491130
B1151234551780N01149150EA013910155800000380461130
B1151244551784N01149156EA013930156100000380471130
B1151254551788N01149162EA013950156300000380481090
B1151264551793N01149170EA013970156400000490461090
B1151274551798N01149177EA013990156600000490441090
B1151284551803N01149183EA014020157000000450411090
B1151294551808N01149188EA014050157400000450381060
B1151304551812N01149194EA014070157700000350421060
B1151314551815N01149200EA014100157900000350461060
B1151324551819N01149208EA014110157900000450491060
B1151334551824N01149216EA014110157800000450521056
B1151344551830N01149224EA014120157800000550481056
B1151354551835N01149233EA014140157900000480441056
B1151364551839N01149240EA014150158300000390491056
B1151374551842N01149246EA014170158600000390541056
B1151384551844N01149252EA014200158900000310561056
B1151394551847N01149259EA014210158900000310581065
B1151404551851N01149267EA014210158800000500561065
B1151414551856N01149277EA014210158700000600541065
B1151424551862N01149286EA014210158600000580501020
B1151434551867N01149294EA014210158600000580461020
B1151444551871N01149301EA014220158800000350491020
B1151454551874N01149307EA014220159000000350521020
B1151464551877N01149313EA014220158900000360521043
B1151474551881N01149320EA014210158700000360521043
B1151484551886N01149328EA014190158300000570491043
B1151494551893N01149338EA014160157900000630461043
B1151504551899N01149348EA014140157700000630461043
B1151514551905N01149359EA014130157600000610481064
B1151524551911N01149368EA014120157700000550520984
B1151534551916N01149377EA014120157900000490500984
B1151544551921N01149384EA014130158000000470470984
B1151554551926N01149392EA014130157900000470440984
B1151564551932N01149401EA014120157600000580440984
B1151574551938N01149411EA014100157300000650460982
B1151584551945N01149422EA014080157000000670480982
B1151594551951N01149432EA014070157000000640480982
B1152004551957N01149442EA014060157000000580480904
B1152014551963N01149451EA014060157100000540480904
B1152024551968N01149459EA014060157200000500480888
B1152034551973N01149467EA014060157200000500480888
B1152044551978N01149474EA014050157200000510450888
B1152054551985N01149482EA014050157000000510420888
B1152064551991N01149491EA014040156800000590420888
B1152074551997N01149500EA014020156600000580440888
B1152084552003N01149509EA014010156500000550460862
B1152094552008N01149517EA013990156300000550460805
B1152104552014N01149525EA013970156100000510460805
B1152114552019N01149534EA013950155800000530460805
B1152124552024N01149543EA013920155500000550500805
B1152134552029N01149552EA013890155100000560520805
B1152144552034N01149562EA013860154800000550520779
B1152154552038N01149572EA013840154600000520540779
B1152164552041N01149582EA013820154500000470600779
B1152174552042N01149592EA013800154400000440680779
B1152184552042N01149601EA013790154300000410780779
B1152194552041N01149609EA013780154200000410920775
B1152204552037N01149615EA013760154000000401130775
B1152214552032N01149620EA013740153700000401340775
B1152224552025N01149622EA013720153400000441520775
B1152234552019N01149622EA013700153200000441700775
B1152244552013N01149621EA013680153200000361790775
B1152254552009N01149620EA013670153200000361880775
B1152264552004N01149619EA013660153100000311920841
B1152274552000N01149617EA013640153000000311960841
B1152284551995N01149614EA013620152700000361980841
B1152294551990N01149610EA013600152400000362000841
B1152304551985N01149605EA013580152200000382090864
B1152314551981N01149600EA013560152100000382180864
B1152324551977N01149594EA013550152000000322210864
B1152334551974N01149590EA013540152000000322240864
B1152344551971N01149585EA013530152000000292260864
B1152354551968N01149580EA013510151800000292280864
B1152364551965N01149574EA013490151500000382290864
B1152374551961N01149567EA013470151100000382300864
B1152384551956N01149559EA013440150800000452320919
B1152394551953N01149552EA013420150700000452320948
B1152404551949N01149546EA013410150700000342300948
B1152414551946N01149540EA013400150700000342280948
B1152424551944N01149533EA013380150600000352370948
B1152434551941N01149527EA013370150400000352460948
B1152444551939N01149521EA013350150300000312410948
B1152454551937N01149515EA013340150100000312360948
B1152464551935N01149510EA013330149900000282420948
B1152474551933N01149504EA013310149800000282480963
B1152484551932N01149499EA013290149500000272470963
B1152494551929N01149493EA013260149000000272460963
B1152504551926N01149486EA013220148500000432400963
B1152514551922N01149478EA013190148100000472340963
B1152524551918N01149469EA013160147900000442340963
B1152534551915N01149462EA013150148000000442340963
B1152544551912N01149455EA013150148100000342360982
B1152554551909N01149450EA013150148200000342340982
B1152564551906N01149443EA013140148100000352341072
B1152574551902N01149437EA013130147900000352341072
B1152584551898N01149429EA013110147600000452321072
B1152594551894N01149421EA013080147300000462301072
B1153004551890N01149413EA013060147000000472301072
B1153014551885N01149405EA013030146700000462321064
B1153024551881N01149398EA013000146500000442291064
B1153034551876N01149392EA012980146300000442261064
B1153044551871N01149386EA012970146200000412241064
B1153054551867N01149379EA012950146100000412221064
B1153064551864N01149371EA012950145900000422281064
B1153074551861N01149364EA012940145900000422381064
B1153084551858N01149357EA012930145900000352391043
B1153094551855N01149351EA012920145800000352401067
B1153104551852N01149346EA012900145600000332331067
B1153114551848N01149340EA012890145400000332261067
B1153124551845N01149333EA012870145100000422311067
B1153134551842N01149325EA012850144900000412361067
B1153144551839N01149318EA012840144900000362351067
B1153154551836N01149312EA012840144900000362341067
B1153164551833N01149307EA012840145000000302311065
B1153174551830N01149302EA012840145000000302281065
B1153184551828N01149296EA012850145100000292351065
B1153194551826N01149291EA012850145100000292421065
B1153204551824N01149286EA012840145100000262381065
B1153214551821N01149282EA012840145100000262341065
B1153224551817N01149277EA012840145000000332281065
B1153234551814N01149272EA012840145000000332221065
B1153244551811N01149266EA012840145100000312281065
B1153254551809N01149261EA012850145300000312341065
B1153264551807N01149257EA012860145500000212331056
B1153274551805N01149254EA012870145600000212321060
B1153284551803N01149250EA012870145500000232291060
B1153294551800N01149246EA012870145400000232261060
B1153304551797N01149240EA012860145200000342281060
B1153314551794N01149234EA012850145100000342301060
B1153324551791N01149229EA012850145100000322301060
B1153334551788N01149224EA012840145100000322301060
B1153344551785N01149220EA012840145200000272231060
B1153354551781N01149217EA012850145300000272161060
B1153364551778N01149215EA012860145400000242101060
B1153374551775N01149213EA012870145500000242041060
B1153384551772N01149210EA012870145600000242041060
B1153394551769N01149207EA012880145600000242101090
B1153404551766N01149203EA012880145500000282161090
B1153414551762N01149199EA012880145400000282221090
B1153424551759N01149195EA012870145300000332191090
B1153434551754N01149190EA012870145200000332161118
B1153444551750N01149186EA012870145200000352171118
B1153454551746N01149181EA012880145400000352181118
B1153464551742N01149179EA012880145600000292101118
B1153474551738N01149177EA012890145800000292021118
B1153484551734N01149174EA012910145900000282041118
B1153494551731N01149170EA012920146100000282061118
B1153504551728N01149166EA012930146200000302161118
B1153514551724N01149162EA012950146400000302261118
B1153524551720N01149159EA012960146500000322121161
B1153534551715N01149158EA012970146500000321981161
B1153544551710N01149156EA012980146600000301951161
B1153554551706N01149155EA012990146700000301921195
B1153564551703N01149153EA013000146900000241981195
B1153574551700N01149150EA013010147000000242041195
B1153584551697N01149148EA013020147200000202081195
B1153594551694N01149145EA013030147300000202121195
B1154004551691N01149142EA013050147400000262121195
B1154014551687N01149139EA013070147700000262121195
B1154024551683N01149139EA013090148000000271951195
B1154034551679N01149141EA013120148400000271781195
B1154044551676N01149143EA013160148800000281651195
B1154054551672N01149144EA013190149200000281521195
B1154064551668N01149143EA013230149600000271751195
B1154074551665N01149141EA013280150100000271981195
B1154084551663N01149138EA013330150800000162111195
B1154094551662N01149135EA013390151500000162241195
B1154104551662N01149132EA013440152000000182511195
B1154114551663N01149127EA013480152400000182781195
B1154124551663N01149122EA013510152500000252781195
B1154134551664N01149116EA013530152600000252781195
B1154144551667N01149110EA013540152700000352901195
B1154154551671N01149104EA013550152700000353021237
B1154164551676N01149098EA013560152700000463141237
B1154174551682N01149094EA013570152800000463261237
B1154184551688N01149090EA013590153000000403321237
B1154194551693N01149087EA013620153400000403381237
B1154204551698N01149084EA013650153700000343381237
B1154214551703N01149082EA013680154000000343381237
B1154224551708N01149081EA013700154300000313451200
B1154234551712N01149081EA013730154500000313521200
B1154244551717N01149083EA013760154900000300051200
B1154254551720N01149087EA013790155300000300181200
B1154264551723N01149092EA013820155600000290391200
B1154274551724N01149098EA013850155900000290601200
B1154284551726N01149104EA013880156200000300671200
B1154294551727N01149111EA013900156300000300741161
B1154304551727N01149118EA013930156500000320791161
B1154314551727N01149125EA013950156600000320841161
B1154324551726N01149132EA013960156800000320961161
B1154334551724N01149138EA013980157000000321081161
B1154344551722N01149145EA014010157300000311091161
B1154354551720N01149151EA014030157500000311101161
B1154364551719N01149157EA014040157600000271121161
B1154374551716N01149161EA014050157700000271141118
B1154384551712N01149166EA014060157600000361141118
B1154394551707N01149172EA014070157600000441401118
B1154404551703N01149179EA014080157700000441371159
B1154414551698N01149185EA014100158100000441341159
B1154424551694N01149190EA014120158400000331391159
B1154434551690N01149193EA014150158700000331441159
B1154444551685N01149195EA014170159000000321531159
B1154454551681N01149197EA014200159300000321621159
B1154464551678N01149197EA014230159700000191761159
B1154474551676N01149194EA014260160000000191901159
B1154484551674N01149189EA014270160000000262211159
B1154494551673N01149183EA014270159900000262521159
B1154504551671N01149177EA014270159800000312481159
B1154514551669N01149171EA014270159800000312441159
B1154524551667N01149165EA014270159900000302441159
B1154534551666N01149159EA014280160000000302441195
B1154544551664N01149154EA014290160200000242461195
B1154554551663N01149149EA014300160300000242481195
B1154564551662N01149144EA014310160400000232531195
B1154574551662N01149139EA014310160400000232581195
B1154584551663N01149133EA014310160300000282681195
B1154594551664N01149127EA014300160200000282781195
B1155004551665N01149119EA014300160100000362841195
B1155014551667N01149112EA014290160000000362881195
B1155024551669N01149104EA014290159900000372881237
B1155034551670N01149096EA014290159900000342841237
B1155044551670N01149089EA014290159900000322781237
B1155054551671N01149082EA014290160000000322721237
B1155064551672N01149075EA014280159900000342771237
B1155074551673N01149067EA014280159900000392821237
B1155084551674N01149059EA014280159800000382821277
B1155094551675N01149052EA014280159900000382801277
B1155104551676N01149045EA014280160000000292811277
B1155114551678N01149039EA014290160200000292821277
B1155124551680N01149033EA014290160200000342911277
B1155134551683N01149026EA014300160200000343001277
B1155144551688N01149020EA014300160200000433071277
B1155154551693N01149014EA014310160300000433141277
B1155164551698N01149009EA014330160500000403211274
B1155174551703N01149005EA014340160700000403281274
B1155184551707N01149001EA014370161000000313261300
B1155194551711N01148997EA014380161200000313241300
B1155204551715N01148994EA014410161400000293261300
B1155214551718N01148991EA014430161600000293281300
B1155224551722N01148990EA014450161700000273401300
B1155234551727N01148990EA014460161900000273521300
B1155244551731N01148992EA014480161900000340051300
B1155254551736N01148996EA014490162000000340181300
B1155264551739N01149002EA014500162100000360381300
B1155274551741N01149010EA014510162200000360581259
B1155284551740N01149017EA014520162200000360801259
B1155294551738N01149024EA014530162300000361021259
B1155304551735N01149030EA014540162500000321171259
B1155314551731N01149034EA014560162700000321321259
B1155324551727N01149037EA014570162900000291401259
B1155334551723N01149041EA014580163100000291481259
B1155344551719N01149045EA014600163200000361451259
B1155354551715N01149050EA014610163300000361421259
B1155364551711N01149054EA014630163500000301421259
B1155374551708N01149057EA014650163800000271441259
B1155384551704N01149059EA014670164000000271501277
B1155394551700N01149062EA014680164000000271561237
B1155404551694N01149064EA014680163900000391581237
B1155414551689N01149067EA014680163800000391601237
B1155424551683N01149070EA014680163800000401601237
B1155434551677N01149073EA014690163900000401601237
B1155444551672N01149076EA014690164000000381591237
B1155454551666N01149079EA014700164100000381581237
B1155464551660N01149083EA014710164100000441571237
B1155474551654N01149087EA014710164000000441561259
B1155484551648N01149091EA014720164100000461541259
B1155494551642N01149095EA014720164300000461521259
B1155504551637N01149099EA014740164500000351521259
B1155514551632N01149102EA014740164600000351521259
B1155524551628N01149105EA014750164700000341561259
B1155534551622N01149108EA014750164600000341601259
B1155544551617N01149110EA014750164500000401611242
B1155554551611N01149113EA014750164500000401621242
B1155564551605N01149116EA014750164500000401601226
B1155574551600N01149119EA014750164500000401581226
B1155584551595N01149122EA014750164600000351581226
B1155594551590N01149125EA014750164500000351581226
B1156004551584N01149128EA014740164400000411571226
B1156014551579N01149132EA014740164200000411561226
B1156024551572N01149135EA014730164000000451601226
B1156034551566N01149137EA014720163900000451641226
B1156044551559N01149138EA014700163900000411671226
B1156054551554N01149140EA014690163900000411701165
B1156064551549N01149143EA014690163900000351641165
B1156074551544N01149146EA014680163800000351581165
B1156084551538N01149149EA014660163600000411591165
B1156094551532N01149152EA014650163400000411601165
B1156104551525N01149155EA014640163200000491601165
B1156114551518N01149159EA014630163000000491601165
B1156124551511N01149163EA014620162900000481591147
B1156134551504N01149166EA014610162900000481581074
B1156144551497N01149169EA014600162800000471601074
B1156154551491N01149171EA014590162700000471621074
B1156164551484N01149173EA014570162600000441651074
B1156174551478N01149175EA014550162400000441681074
B1156184551470N01149178EA014540162200000511661074
B1156194551463N01149181EA014530162000000511641074
B1156204551455N01149184EA014520162000000511641014
B1156214551448N01149186EA014520162100000511641014
B1156224551442N01149188EA014530162300000431651014
B1156234551435N01149190EA014530162300000431661014
B1156244551428N01149192EA014520162100000501671014
B1156254551420N01149195EA014510161800000501681014
B1156264551412N01149198EA014490161500000571651014
B1156274551403N01149202EA014470161200000581620963
B1156284551395N01149206EA014450161000000561610963
B1156294551388N01149210EA014430160700000561600928
B1156304551380N01149212EA014400160600000511630928
B1156314551373N01149216EA014370160400000511660928
B1156324551365N01149219EA014350160100000541630928
B1156334551357N01149223EA014330159800000541600876
B1156344551348N01149227EA014300159500000591600876
B1156354551340N01149229EA014280159200000591660876
B1156364551331N01149232EA014260159100000571680876
B1156374551323N01149235EA014240159000000571660876
B1156384551315N01149240EA014230158800000561580876
B1156394551308N01149245EA014210158600000561560876
B1156404551300N01149249EA014190158400000551590823
B1156414551292N01149252EA014170158100000551620823
B1156424551284N01149256EA014140157900000561620823
B1156434551275N01149259EA014120157600000581620809
B1156444551267N01149262EA014090157300000591630809
B1156454551258N01149266EA014070157000000591640809
B1156464551250N01149270EA014040156700000581620778
B1156474551242N01149274EA014010156500000581600778
B1156484551233N01149279EA013990156200000591580778
B1156494551225N01149283EA013970155900000591580778
B1156504551217N01149287EA013950155700000571610778
B1156514551209N01149290EA013930155600000571640778
B1156524551201N01149293EA013910155400000551640753
B1156534551193N01149297EA013890155200000551640753
B1156544551185N01149302EA013870154900000581600753
B1156554551176N01149306EA013850154600000591560753
B1156564551168N01149310EA013830154400000571590761
B1156574551160N01149314EA013810154200000571620761
B1156584551152N01149317EA013800154100000531620720
B1156594551145N01149321EA013780154000000531620720
B1157004551138N01149327EA013760153800000541570720
B1157014551130N01149332EA013740153600000541520720
B1157024551123N01149337EA013730153400000541540720
B1157034551115N01149341EA013710153200000541560720
B1157044551107N01149345EA013690153100000541560672
B1157054551100N01149350EA013680152900000541560672
B1157064551093N01149356EA013670152800000551510672
B1157074551086N01149362EA013650152700000551460679
B1157084551079N01149368EA013650152700000511500679
B1157094551072N01149372EA013640152700000511540679
B1157104551066N01149376EA013630152600000471540679
B1157114551059N01149381EA013630152500000471540679
B1157124551053N01149387EA013620152400000511500638
B1157134551046N01149393EA013610152300000511460638
B1157144551039N01149398EA013600152100000521490638
B1157154551032N01149403EA013590152000000521520638
B1157164551025N01149408EA013580151900000521520638
B1157174551018N01149414EA013570151800000521520647
B1157184551012N01149420EA013560151800000531490647
B1157194551005N01149426EA013550151700000531460626
B1157204550998N01149431EA013550151600000521500626
B1157214550991N01149435EA013540151600000521540626
B1157224550984N01149439EA013540151600000471550626
B1157234550977N01149443EA013540151600000471560626
B1157244550971N01149448EA013540151600000471530626
B1157254550965N01149452EA013540151600000471500626
B1157264550958N01149456EA013530151600000461550626
B1157274550952N01149459EA013530151500000461600606
B1157284550945N01149462EA013530151600000451600606
B1157294550939N01149466EA013530151500000451600606
B1157304550933N01149471EA013520151400000481550606
B1157314550926N01149475EA013510151300000481500606
B1157324550920N01149479EA013500151200000461540606
B1157334550913N01149483EA013480151000000461580606
B1157344550906N01149487EA013470150900000491570592
B1157354550900N01149492EA013450150700000491560592
B1157364550893N01149496EA013440150600000481540592
B1157374550887N01149500EA013430150500000481520592
B1157384550881N01149504EA013420150500000421520592
B1157394550875N01149507EA013410150400000421580592
B1157404550869N01149510EA013400150200000421600591
B1157414550863N01149512EA013380150000000421620591
B1157424550856N01149515EA013360149800000441630580
B1157434550850N01149517EA013340149500000441640580
B1157444550843N01149520EA013320149300000471640580
B1157454550836N01149523EA013300149000000471640580
B1157464550829N01149525EA013280148800000481650580
B1157474550822N01149528EA013260148700000481660580
B1157484550815N01149530EA013250148600000461650580
B1157494550808N01149533EA013230148500000461640580
B1157504550802N01149537EA013220148300000451620550
B1157514550795N01149539EA013210148200000451600550
B1157524550789N01149542EA013190148100000451620550
B1157534550782N01149544EA013180147900000451640550
B1157544550775N01149547EA013160147600000471630550
B1157554550768N01149551EA013130147400000471620550
B1157564550761N01149554EA013110147100000501610550
B1157574550754N01149558EA013090146900000501600524
B1157584550747N01149561EA013070146700000501600537
B1157594550740N01149565EA013050146500000501600537
B1158004550732N01149569EA013030146300000511590537
B1158014550725N01149572EA013000146000000511580537
B1158024550718N01149575EA012980145700000501610537
B1158034550710N01149578EA012940145400000501640537
B1158044550703N01149581EA012910145000000511630515
B1158054550695N01149585EA012880144600000511620515
B1158064550688N01149588EA012840144300000521620515
B1158074550681N01149591EA012810144000000521620515
B1158084550673N01149593EA012780143700000471640515
B1158094550666N01149595EA012760143500000471660515
B1158104550659N01149598EA012730143200000491640515
B1158114550652N01149601EA012700142900000491620499
B1158124550644N01149604EA012680142600000551640499
B1158134550636N01149605EA012660142400000551660499
B1158144550629N01149604EA012640142300000441770499
B1158154550623N01149603EA012620142400000441880499
B1158164550618N01149603EA012610142400000321830499
B1158174550613N01149604EA012600142400000321780499
B1158184550608N01149606EA012590142200000351700499
B1158194550603N01149608EA012580141900000351620486
B1158204550597N01149612EA012560141700000421600480
B1158214550591N01149615EA012540141400000421580480
B1158224550584N01149619EA012520141200000461580480
B1158234550578N01149622EA012510141000000461580480
B1158244550571N01149626EA012500140900000471580480
B1158254550565N01149630EA012490140800000471580480
B1158264550558N01149633EA012480140800000451560480
B1158274550552N01149637EA012470140700000451540466
B1158284550547N01149641EA012470140700000411540466
B1158294550541N01149645EA012470140600000411540466
B1158304550535N01149648EA012460140600000401550466
B1158314550530N01149651EA012450140400000401560466
B1158324550523N01149654EA012440140300000431590466
B1158334550517N01149657EA012440140400000431620466
B1158344550512N01149660EA012450140600000371570470
B1158354550508N01149664EA012460140800000371520470
B1158364550504N01149667EA012480141100000281500454
B1158374550500N01149670EA012490141200000281480454
B1158384550496N01149673EA012500141300000331520454
B1158394550491N01149676EA012510141400000331560454
B1158404550487N01149680EA012520141400000311540454
B1158414550483N01149683EA012520141300000311440454
B1158424550479N01149687EA012510141200000341470454
B1158434550474N01149690EA012500141000000341500454
B1158444550468N01149693EA012490140800000411560454
B1158454550462N01149695EA012470140400000411620454
B1158464550455N01149697EA012450140300000461640443
B1158474550448N01149699EA012450140500000461660443
B1158484550443N01149701EA012460140700000361680443
B1158494550438N01149702EA012480141100000361700443
B1158504550434N01149703EA012500141400000271690443
B1158514550430N01149704EA012520141600000271680443
B1158524550425N01149706EA012530141600000351680443
B1158534550419N01149708EA012530141400000351680443
B1158544550412N01149711EA012520141300000491630445
B1158554550406N01149715EA012530141300000491580431
B1158564550401N01149719EA012540141600000341560431
B1158574550396N01149721EA012560142000000341540431
B1158584550393N01149722EA012580142300000231590431
B1158594550389N01149724EA012600142500000231640431
B1159004550385N01149726EA012610142500000311620431
B1159014550380N01149729EA012610142400000311600431
B1159024550375N01149732EA012610142300000371560431
B1159034550370N01149736EA012600142200000371520431
B1159044550365N01149739EA012600142100000361520431
B1159054550360N01149743EA012580141900000361520431
B1159064550354N01149746EA012560141600000431540424
B1159074550348N01149750EA012540141200000431560424
B1159084550341N01149755EA012510140800000521560424
B1159094550333N01149759EA012480140400000521560417
B1159104550326N01149764EA012450140100000561560417
B1159114550318N01149769EA012430139900000561560417
B1159124550310N01149774EA012410139700000541560417
B1159134550303N01149778EA012400139700000541560408
B1159144550296N01149781EA012400139700000451580408
B1159154550290N01149784EA012390139900000451600408
B1159164550285N01149787EA012400140000000371590408
B1159174550280N01149790EA012400140000000371580408
B1159184550274N01149793EA012390139900000411580408
B1159194550268N01149796EA012380139700000411580408
B1159204550261N01149799EA012370139500000471580408
B1159214550254N01149803EA012350139300000471580402
B1159224550248N01149807EA012340139100000481580402
B1159234550241N01149810EA012330139100000481580395
B1159244550234N01149813EA012320139000000441600395
B1159254550228N01149816EA012310139000000441620395
B1159264550222N01149819EA012300138800000451610395
B1159274550215N01149822EA012290138600000451600395
B1159284550208N01149826EA012280138400000481610390
B1159294550201N01149828EA012260138300000481620390
B1159304550194N01149831EA012250138200000461640390
B1159314550188N01149833EA012240138100000461660390
B1159324550181N01149836EA012230138100000431630390
B1159334550175N01149840EA012220138000000431600390
B1159344550169N01149844EA012220137900000451560390
B1159354550163N01149849EA012210137800000451520390
B1159364550157N01149854EA012200137700000461510377
B1159374550151N01149858EA012190137600000461500377
B1159384550145N01149863EA012180137600000441510371
B1159394550139N01149867EA012180137500000441520371
B1159404550132N01149871EA012170137500000461520371
B1159414550126N01149875EA012160137400000461560371
B1159424550120N01149880EA012160137400000461530371
B1159434550114N01149884EA012160137400000461500371
B1159444550107N01149888EA012160137400000461540362
B1159454550101N01149892EA012160137300000461580362
B1159464550095N01149895EA012150137300000441590362
B1159474550088N01149898EA012150137300000441600362
B1159484550082N01149902EA012150137300000451580362
B1159494550076N01149906EA012140137200000451560362
B1159504550069N01149910EA012140137200000451560354
B1159514550063N01149913EA012130137100000451560354
B1159524550057N01149917EA012130137100000441560348
B1159534550051N01149921EA012120137000000441560348
B1159544550045N01149925EA012120137000000461540348
B1159554550038N01149930EA012110136800000461520348
B1159564550032N01149935EA012100136700000491510348
B1159574550025N01149940EA012090136600000491500348
B1159584550019N01149944EA012090136600000471530348
B1159594550012N01149947EA012080136600000471560348
B1200004550006N01149949EA012080136500000441650343
B1200014549999N01149948EA012070136500000441740343
B1200024549993N01149944EA012060136400000431920343
B1200034549988N01149938EA012050136200000432100343
B1200044549984N01149931EA012030136100000422210343
B1200054549981N01149923EA012020136000000412320343
B1200064549978N01149915EA012010135800000422380343
B1200074549976N01149906EA011990135700000452460349
B1200084549974N01149896EA011970135500000472520349
B1200094549972N01149886EA011950135300000482540349
B1200104549971N01149876EA011930135100000472540349
B1200114549969N01149867EA011910135000000452560349
B1200124549968N01149857EA011890134800000442580351
B1200134549966N01149848EA011880134700000442580351
B1200144549965N01149839EA011860134500000452580351
B1200154549964N01149829EA011850134400000452580351
B1200164549962N01149819EA011830134200000452580351
B1200174549961N01149810EA011820134100000432580351
B1200184549959N01149801EA011810134000000422560351
B1200194549957N01149793EA011790133900000412520344
B1200204549955N01149784EA011780133700000422520344
B1200214549953N01149775EA011770133500000442500344
B1200224549952N01149766EA011750133300000452520344
B1200234549950N01149757EA011730133100000442520343
B1200244549948N01149748EA011710132900000422540343
B1200254549946N01149740EA011700132900000382540343
B1200264549945N01149732EA011690132800000362560343
B1200274549943N01149725EA011670132600000352540343
B1200284549941N01149718EA011660132400000362510343
B1200294549940N01149710EA011640132200000372480343
B1200304549938N01149702EA011610131900000392520350
B1200314549937N01149693EA011590131600000402560350
B1200324549935N01149685EA011560131300000412560350
B1200334549933N01149676EA011540131100000412520350
B1200344549931N01149668EA011520130800000392500350
B1200354549930N01149660EA011500130700000382520350
B1200364549930N01149652EA011480130500000372600358
B1200374549930N01149644EA011450130300000362680358
B1200384549930N01149636EA011430130000000362720358
B1200394549931N01149628EA011400129700000372720358
B1200404549931N01149620EA011370129400000382720358
B1200414549932N01149612EA011340129000000392740358
B1200424549932N01149603EA011310128700000392740358
B1200434549933N01149595EA011280128300000392740358
B1200444549933N01149586EA011260128000000412740358
B1200454549933N01149577EA011230127700000442700358
B1200464549932N01149567EA011200127400000452660358
B1200474549932N01149557EA011170127100000442660361
B1200484549932N01149548EA011150127000000422680361
B1200494549931N01149539EA011140127000000412640361
B1200504549929N01149531EA011130126900000402580361
B1200514549927N01149522EA011110126700000392520361
B1200524549926N01149514EA011100126600000392500361
B1200534549924N01149506EA011080126400000392540365
B1200544549924N01149497EA011070126200000392600365
B1200554549922N01149490EA011040126000000392600365
B1200564549919N01149483EA011020125800000372490365
B1200574549916N01149476EA011000125600000372380365
B1200584549914N01149469EA010980125300000342420365
B1200594549913N01149462EA010950125100000342460365
B1201004549913N01149454EA010920124700000382620369
B1201014549914N01149446EA010890124400000392720369
B1201024549915N01149437EA010860124100000382760369
B1201034549916N01149430EA010840123900000382820369
B1201044549918N01149422EA010820123700000362860369
B1201054549920N01149415EA010790123500000362880369
B1201064549922N01149407EA010770123300000402880375
B1201074549924N01149398EA010740123000000422860375
B1201084549926N01149389EA010730122700000432860375
B1201094549929N01149381EA010700122500000422920375
B1201104549931N01149373EA010680122300000402920375
B1201114549933N01149365EA010660122200000382880375
B1201124549934N01149357EA010650122100000402860377
B1201134549936N01149348EA010630121800000422860377
B1201144549938N01149339EA010610121600000442860377
B1201154549940N01149330EA010580121300000452840377
B1201164549942N01149320EA010570121100000442860377
B1201174549945N01149312EA010550120900000412880377
B1201184549947N01149304EA010530120800000402920379
B1201194549949N01149296EA010520120700000412920379
B1201204549952N01149288EA010500120500000412920379
B1201214549954N01149279EA010490120300000412920379
B1201224549957N01149271EA010470120100000412900379
B1201234549959N01149263EA010450119900000422880389
B1201244549961N01149254EA010440119700000432900389
B1201254549964N01149246EA010420119500000432940389
B1201264549967N01149237EA010400119400000422960389
B1201274549970N01149229EA010390119300000412960389
B1201284549973N01149221EA010370119200000412940389
B1201294549976N01149213EA010360119000000432940389
B1201304549979N01149205EA010340118800000452980394
B1201314549983N01149197EA010330118600000463000394
B1201324549986N01149188EA010310118400000463000394
B1201334549990N01149179EA010300118300000452980394
B1201344549993N01149171EA010280118100000432980394
B1201354549996N01149163EA010270118100000412980394
B1201364549999N01149156EA010260118000000402970386
B1201374550002N01149147EA010240117800000422960386
B1201384550005N01149139EA010230117500000452940386
B1201394550008N01149130EA010210117300000472960386
B1201404550011N01149121EA010190117100000472960397
B1201414550014N01149112EA010170117000000452980397
B1201424550017N01149103EA010160116900000432960400
B1201434550020N01149095EA010160116800000432920400
B1201444550022N01149086EA010150116800000442900400
B1201454550025N01149078EA010150116800000412920400
B1201464550028N01149070EA010150117000000352960400
B1201474550030N01149064EA010160117200000352960400
B1201484550032N01149058EA010170117400000292950409
B1201494550033N01149052EA010180117400000292940409
B1201504550035N01149045EA010180117400000362900409
B1201514550036N01149037EA010180117400000382860409
B1201524550038N01149029EA010180117300000402820409
B1201534550039N01149021EA010180117200000402820409
B1201544550041N01149012EA010180117200000392820409
B1201554550041N01149004EA010180117300000382800417
B1201564550042N01148996EA010180117300000372780417
B1201574550043N01148987EA010180117300000392760417
B1201584550043N01148979EA010180117300000392740417
B1201594550043N01148971EA010180117400000382720417
B1202004550043N01148963EA010190117500000362740417
B1202014550043N01148955EA010190117500000372720424
B1202024550044N01148946EA010190117400000392700424
B1202034550044N01148938EA010190117400000402720424
B1202044550045N01148929EA010190117400000392740424
B1202054550045N01148921EA010190117400000392740424
B1202064550045N01148912EA010180117400000402720424
B1202074550045N01148904EA010180117300000422700430
B1202084550046N01148894EA010180117300000432720430
B1202094550046N01148885EA010180117200000412720430
B1202104550047N01148877EA010170117200000382760430
B1202114550048N01148869EA010170117300000362760430
B1202124550048N01148862EA010180117300000332750430
B1202134550048N01148855EA010180117400000332740437
B1202144550049N01148848EA010180117400000352760437
B1202154550050N01148840EA010170117200000382780437
B1202164550051N01148831EA010160117000000422780437
B1202174550051N01148822EA010140116800000432760437
B1202184550052N01148812EA010130116600000432740437
B1202194550052N01148803EA010110116500000442740442
B1202204550053N01148793EA010100116400000462720442
B1202214550054N01148783EA010090116200000472740442
B1202224550055N01148773EA010080116100000462780442
B1202234550056N01148764EA010070116100000422800442
B1202244550056N01148755EA010060116000000402780448
B1202254550056N01148747EA010060116000000402700448
B1202264550056N01148738EA010050115900000402660448
B1202274550056N01148729EA010040115800000402680448
B1202284550055N01148721EA010030115700000412680448
B1202294550055N01148712EA010020115600000422680448
B1202304550055N01148702EA010020115500000422660447
B1202314550054N01148693EA010010115500000422640447
B1202324550054N01148684EA010010115500000412620447
B1202334550054N01148675EA010010115600000392680447
B1202344550055N01148668EA010020115800000362770447
B1202354550057N01148661EA010040116100000362860447
B1202364550059N01148654EA010050116300000322870470
B1202374550060N01148647EA010070116500000322880470
B1202384550062N01148640EA010080116700000352880470
B1202394550064N01148633EA010100116800000352880470
B1202404550066N01148625EA010110116900000402920470
B1202414550069N01148617EA010120117000000412920470
B1202424550071N01148608EA010130117100000402920465
B1202434550074N01148601EA010140117200000402920465
B1202444550076N01148594EA010150117300000362950465
B1202454550079N01148587EA010160117400000362980465
B1202464550081N01148580EA010160117300000352960465
B1202474550084N01148573EA010160117300000352940465
B1202484550085N01148565EA010160117200000402920465
B1202494550087N01148556EA010150117000000422860477
B1202504550088N01148547EA010130116800000422800477
B1202514550088N01148538EA010120116600000432760477
B1202524550088N01148529EA010110116500000432720477
B1202534550088N01148519EA010090116300000442700477
B1202544550088N01148510EA010070116100000462700477
B1202554550088N01148499EA010050115800000492680474
B1202564550088N01148488EA010040115600000512680474
B1202574550088N01148478EA010020115500000492700474
B1202584550088N01148467EA010010115500000452700474
B1202594550088N01148458EA010000115500000422680494
B1203004550087N01148449EA010000115500000402660494
B1203014550087N01148441EA010000115500000392640494
B1203024550087N01148432EA010000115500000412660494
B1203034550086N01148423EA009990115400000432660494
B1203044550086N01148413EA009980115200000452660494
B1203054550085N01148404EA009970115100000452640524
B1203064550084N01148394EA009970115100000442600524
B1203074550083N01148385EA009960115000000432620524
B1203084550083N01148376EA009950115000000422640524
B1203094550082N01148366EA009940114800000442660524
B1203104550081N01148356EA009940114700000472640560
B1203114550080N01148346EA009930114500000472600560
B1203124550079N01148336EA009920114500000452600560
B1203134550079N01148327EA009920114500000402620560
B1203144550078N01148319EA009910114500000372620560
B1203154550077N01148311EA009910114500000372620560
B1203164550076N01148303EA009900114300000402620585
B1203174550075N01148294EA009890114100000432620585
B1203184550074N01148285EA009880113900000452580585
B1203194550073N01148275EA009860113700000452560585
B1203204550071N01148266EA009840113500000452560585
B1203214550069N01148256EA009830113300000462560586
B1203224550068N01148246EA009810113100000472540586
B1203234550066N01148236EA009790112900000482540586
B1203244550064N01148226EA009780112700000482560586
B1203254550063N01148216EA009760112500000482580586
B1203264550061N01148206EA009740112400000482580573
B1203274550059N01148196EA009720112200000492540573
B1203284550057N01148185EA009710111900000502520531
B1203294550055N01148175EA009680111700000512540531
B1203304550054N01148164EA009660111400000502580531
B1203314550052N01148154EA009640111200000462560563
B1203324550050N01148145EA009620111000000442520563
B1203334550048N01148135EA009590110700000442520563
B1203344550047N01148125EA009560110400000472560563
B1203354550046N01148115EA009520110000000512640563
B1203364550045N01148104EA009480109500000522640597
B1203374550043N01148093EA009450109100000522580597
B1203384550041N01148082EA009410108700000502500597
B1203394550038N01148072EA009390108500000482500597
B1203404550037N01148063EA009360108300000452540597
B1203414550036N01148053EA009340108100000442580651
B1203424550034N01148044EA009320108000000442600651
B1203434550033N01148035EA009300107800000432580651
B1203444550032N01148026EA009280107500000442560651
B1203454550030N01148016EA009260107200000442580651
B1203464550029N01148007EA009230107000000442580687
B1203474550027N01147998EA009210106800000442580687
B1203484550025N01147989EA009190106600000432520687
B1203494550023N01147980EA009170106400000432480687
B1203504550021N01147971EA009150106200000432500687
B1203514550019N01147962EA009140106000000422520687
B1203524550017N01147953EA009120105900000422520737
B1203534550015N01147945EA009100105700000422500737
B1203544550012N01147936EA009080105400000442460737
B1203554550010N01147927EA009050105100000452460737
B1203564550008N01147918EA009030104900000452500696
B1203574550005N01147909EA009010104700000442500715
B1203584550002N01147900EA008990104500000432460715
B1203594549998N01147893EA008970104400000432380715
B1204004549994N01147887EA008960104300000382320715
B1204014549991N01147881EA008940104200000382260715
B1204024549987N01147874EA008930104000000382290715
B1204034549984N01147867EA008910103800000382320715
B1204044549981N01147859EA008890103700000422400740
B1204054549979N01147850EA008880103500000422460740
B1204064549977N01147841EA008870103400000412500740
B1204074549976N01147832EA008860103400000412540740
B1204084549976N01147823EA008850103300000432600740
B1204094549975N01147814EA008840103200000462640740
B1204104549975N01147804EA008830103100000482660765
B1204114549975N01147793EA008820103000000492680765
B1204124549975N01147783EA008810102900000492700765
B1204134549975N01147772EA008800102800000492700765
B1204144549975N01147761EA008800102800000492700765
B1204154549976N01147751EA008790102700000512720785
B1204164549977N01147740EA008780102600000502740785
B1204174549978N01147729EA008780102500000492780785
B1204184549979N01147719EA008770102500000472780785
B1204194549980N01147709EA008770102400000482760795
B1204204549982N01147698EA008760102300000512760795
B1204214549983N01147687EA008750102200000542780795
B1204224549985N01147675EA008740102100000572820795
B1204234549987N01147663EA008740102200000562820795
B1204244549989N01147652EA008750102300000492800797
B1204254549991N01147643EA008770102700000402820797
B1204264549992N01147636EA008780103000000332870797
B1204274549994N01147630EA008800103200000332920797
B1204284549995N01147623EA008810103200000352850797
B1204294549995N01147614EA008810103000000442780797
B1204304549995N01147604EA008800102800000512700813
B1204314549995N01147593EA008800102600000502680813
B1204324549994N01147582EA008800102700000452660813
B1204334549993N01147574EA008800102800000392640813
B1204344549992N01147566EA008800102900000372600813
B1204354549991N01147558EA008810102900000392580825
B1204364549989N01147549EA008800102800000422560825
B1204374549987N01147540EA008790102600000462520825
B1204384549984N01147531EA008780102300000492460825
B1204394549980N01147521EA008760102200000502420825
B1204404549977N01147512EA008750102000000472400825
B1204414549974N01147504EA008740102000000442400827
B1204424549971N01147496EA008730102000000402420827
B1204434549967N01147488EA008720101900000402400827
B1204444549964N01147481EA008710101700000412370827
B1204454549960N01147474EA008690101400000412340827
B1204464549956N01147466EA008670101100000452320771
B1204474549952N01147459EA008640100900000452300781
B1204484549947N01147452EA008620100600000412280781
B1204494549944N01147445EA008600100500000412260781
B1204504549940N01147439EA008580100300000362310781
B1204514549937N01147432EA008560100100000362360781
B1204524549934N01147425EA008540099800000402340781
B1204534549930N01147419EA008510099500000402320781
B1204544549926N01147412EA008480099200000412300781
B1204554549922N01147405EA008460098900000412280806
B1204564549918N01147398EA008430098700000412280806
B1204574549913N01147392EA008400098500000412280806
B1204584549909N01147386EA008380098200000422280806
B1204594549904N01147379EA008360098000000422220806
B1205004549900N01147372EA008340097700000442250806
B1205014549896N01147364EA008310097500000442280806
B1205024549892N01147357EA008290097300000432300830
B1205034549888N01147350EA008270097100000432320830
B1205044549883N01147344EA008250096900000432270830
B1205054549878N01147337EA008230096700000432220830
B1205064549874N01147331EA008220096500000452230830
B1205074549869N01147323EA008200096400000442240830
B1205084549865N01147317EA008190096300000422240830
B1205094549860N01147311EA008170096200000422240830
B1205104549855N01147305EA008160096100000422200838
B1205114549850N01147299EA008150095900000422160838
B1205124549845N01147292EA008130095700000472220838
B1205134549841N01147284EA008110095400000492280838
B1205144549836N01147276EA008090095300000482300838
B1205154549831N01147269EA008080095200000482260838
B1205164549826N01147262EA008080095300000442240838
B1205174549822N01147255EA008090095500000442220842
B1205184549818N01147248EA008110095800000382300842
B1205194549816N01147241EA008130096200000382380842
B1205204549813N01147236EA008150096500000302330842
B1205214549809N01147233EA008170096800000302280842
B1205224549806N01147230EA008190097000000202160828
B1205234549804N01147229EA008210097100000202040828
B1205244549801N01147227EA008220097200000222060828
B1205254549798N01147224EA008220097100000222080828
B1205264549794N01147218EA008210096800000352180828
B1205274549792N01147212EA008210096600000352280828
B1205284549790N01147204EA008200096600000332440831
B1205294549790N01147198EA008200096800000332580831
B1205304549790N01147192EA008210096900000252630831
B1205314549790N01147187EA008210097000000252680831
B1205324549789N01147180EA008210096900000312670831
B1205334549789N01147173EA008200096700000312660831
B1205344549788N01147166EA008190096500000332640831
B1205354549788N01147159EA008180096400000332620837
B1205364549786N01147153EA008170096300000282580837
B1205374549785N01147147EA008160096200000282540837
B1205384549784N01147141EA008150096100000312540837
B1205404549781N01147126EA008120095700000362520837
B1205414549780N01147119EA008100095500000362540837
B1205424549779N01147111EA008090095300000352580837
B1205434549778N01147104EA008070095300000352600850
B1205444549777N01147097EA008070095200000322580850
B1205454549776N01147090EA008050095000000322560850
B1205464549774N01147083EA008020094700000382520850
B1205474549771N01147074EA008000094300000422480850
B1205484549769N01147066EA007970094000000432480850
B1205494549767N01147057EA007950093800000402500858
B1205504549765N01147049EA007930093600000372500858
B1205514549763N01147042EA007910093500000372500858
B1205524549761N01147035EA007890093300000362460858
B1205534549759N01147028EA007870093100000362420858
B1205544549757N01147019EA007850092800000422460844
B1205554549755N01147010EA007820092500000442520853
B1205564549753N01147002EA007800092200000422540853
B1205574549750N01146994EA007780092000000412480853
B1205584549747N01146986EA007760091800000412400853
B1205594549744N01146978EA007740091600000432380853
B1206004549741N01146969EA007720091400000442420853
B1206014549739N01146960EA007700091200000452480864
B1206024549737N01146951EA007680091100000442520864
B1206034549735N01146942EA007670091000000432500864
B1206044549732N01146934EA007660090800000422460864
B1206054549730N01146925EA007650090800000402460864
B1206064549730N01146916EA007640090800000402540864
B1206074549730N01146908EA007640090800000402640885
B1206084549731N01146899EA007630090800000422740885
B1206094549731N01146890EA007630090600000432780885
B1206104549732N01146880EA007620090600000442780885
B1206114549733N01146871EA007610090500000432780885
B1206124549734N01146862EA007600090400000432760885
B1206134549734N01146852EA007600090300000442740873
B1206144549733N01146843EA007590090300000442660873
B1206154549732N01146834EA007590090200000422580873
B1206164549730N01146826EA007580090200000392560873
B1206174549729N01146817EA007580090100000402560873
B1206184549727N01146808EA007570090000000452560821
B1206194549726N01146798EA007570089900000452560821
B1206214549723N01146783EA007590090400000332540821
B1206224549722N01146776EA007600090700000292570821
B1206234549721N01146770EA007620090800000292600821
B1206244549721N01146763EA007630090800000332610821
B1206254549720N01146755EA007630090800000392620796
B1206264549718N01146747EA007630090700000392580796
B1206274549716N01146739EA007620090600000372520796
B1206284549713N01146733EA007610090500000362450796
B1206294549710N01146726EA007600090300000362380796
B1206304549707N01146718EA007590090100000392380745
B1206314549705N01146711EA007580089900000392400721
B1206324549701N01146705EA007560089800000352340721
B1206334549697N01146700EA007550089700000352280721
B1206344549693N01146695EA007540089600000372230721
B1206354549689N01146690EA007540089600000372180721
B1206364549685N01146686EA007530089700000312180721
B1206374549682N01146682EA007530089700000312180721
B1206384549678N01146679EA007530089700000292130721
B1206394549674N01146676EA007530089600000292080721
B1206404549670N01146672EA007520089400000352100721
B1206414549665N01146667EA007510089300000352140721
B1206424549661N01146662EA007500089200000382180721
B1206434549657N01146656EA007490089200000382220643
B1206444549653N01146651EA007490089200000352210643
B1206454549649N01146646EA007490089200000352200643
B1206464549645N01146641EA007490089100000372180643
B1206474549640N01146636EA007490089100000372160643
B1206484549635N01146631EA007490089100000382150643
B1206494549630N01146628EA007480089200000382140643
B1206504549625N01146625EA007480089200000362030643
B1206514549620N01146624EA007480089100000361920643
B1206524549615N01146623EA007480089100000371910643
B1206534549609N01146620EA007490089000000371900643
B1206544549603N01146616EA007490089000000421990603
B1206554549598N01146612EA007500089200000422080603
B1206564549594N01146610EA007520089600000261990576
B1206574549591N01146610EA007550090100000261900576
B1206584549589N01146611EA007580090500000111770576
B1206594549588N01146612EA007600090800000111640603
B1207004549586N01146612EA007630091000000131710603
B1207014549583N01146611EA007640091100000131780576
B1207024549580N01146611EA007660091100000211840576
B1207034549577N01146609EA007670091200000211900576
B1207044549575N01146605EA007680091300000242130576
B1207054549574N01146599EA007680091400000242360576
B1207064549575N01146593EA007690091500000282580576
B1207074549576N01146588EA007710091600000282800576
B1207084549579N01146584EA007720091900000262960576
B1207094549582N01146580EA007740092000000263120576
B1207104549586N01146577EA007750092200000303200576
B1207114549590N01146573EA007770092200000303280576
B1207124549595N01146570EA007780092300000343320576
B1207134549600N01146568EA007780092300000343360576
B1207144549606N01146569EA007780092300000443500576
B1207154549613N01146572EA007780092100000440040612
B1207164549619N01146579EA007780092000000470240612
B1207174549622N01146586EA007780092000000470440612
B1207184549623N01146594EA007790092100000340610612
B1207194549623N01146600EA007800092300000340780612
B1207204549622N01146606EA007810092500000270920612
B1207214549621N01146611EA007830092600000271060612
B1207224549619N01146616EA007850092900000231130643
B1207234549617N01146620EA007870093100000231200643
B1207244549615N01146624EA007880093300000211190643
B1207254549614N01146628EA007900093500000211180643
B1207264549612N01146632EA007910093600000231240643
B1207274549609N01146635EA007920093700000231300643
B1207284549606N01146637EA007930093700000241470603
B1207294549602N01146637EA007940093800000241640603
B1207304549599N01146638EA007950093900000221710603
B1207314549595N01146638EA007960094000000221780603
B1207324549592N01146638EA007960094000000191770603
B1207334549589N01146639EA007960094000000191760603
B1207344549586N01146638EA007960094000000231810603
B1207354549582N01146637EA007960093900000231860603
B1207364549579N01146634EA007960093900000281980603
B1207374549576N01146630EA007950093700000282100603
B1207384549571N01146625EA007940093500000372150603
B1207394549567N01146619EA007930093400000372200603
B1207404549564N01146613EA007920093300000392200603
B1207414549560N01146606EA007920093400000352320576
B1207434549555N01146594EA007920093500000332380541
B1207444549552N01146587EA007920093500000372370541
B1207454549549N01146580EA007930093600000372360541
B1207464549545N01146574EA007940093700000352370541
B1207474549543N01146567EA007940093900000352380541
B1207484549541N01146560EA007950094000000312440588
B1207494549540N01146554EA007960094100000312500588
B1207504549538N01146546EA007970094100000352520588
B1207514549538N01146539EA007970094200000352560588
B1207524549537N01146532EA007980094300000312600588
B1207534549537N01146525EA007990094400000312640588
B1207544549537N01146519EA008000094600000262670588
B1207554549537N01146514EA008010094600000262700588
B1207564549536N01146508EA008010094600000292660634
B1207574549535N01146501EA008010094500000292620634
B1207584549534N01146495EA008000094400000332580634
B1207594549532N01146487EA007990094200000352540634
B1208004549531N01146480EA007980094100000362550634
B1208014549530N01146472EA007970094000000352560634
B1208024549529N01146465EA007960094000000342560634
B1208034549528N01146458EA007960093900000342560689
B1208044549527N01146450EA007950093800000342540689
B1208054549525N01146443EA007940093700000342560689
B1208064549524N01146436EA007930093700000342560689
B1208074549523N01146429EA007920093600000342560689
B1208084549522N01146422EA007920093600000322580689
B1208094549522N01146415EA007910093600000322600689
B1208104549521N01146408EA007910093500000312570748
B1208114549519N01146402EA007910093500000312540748
B1208124549518N01146396EA007910093600000282560748
B1208134549518N01146390EA007910093700000282580748
B1208144549517N01146385EA007920093900000222600748
B1208154549516N01146380EA007930093900000222620748
B1208164549515N01146375EA007930093900000262590748
B1208174549515N01146369EA007930093900000262560748
B1208184549514N01146362EA007940093900000302610748
B1208194549514N01146356EA007950094100000302660816
B1208204549515N01146352EA007970094500000182720816
B1208214549515N01146349EA008000094800000182780816
B1208224549515N01146347EA008020095000000102620816
B1208234549513N01146345EA008030095100000102460816
B1208244549511N01146345EA008050095200000192160816
B1208254549507N01146346EA008060095300000191860823
B1208264549505N01146349EA008060095300000211590823
B1208274549504N01146353EA008070095300000211320823
B1208284549503N01146358EA008070095300000241130823
B1208294549504N01146364EA008060095200000240940759
B1208304549506N01146370EA008050095100000330770759
B1208314549510N01146376EA008040094800000330600748
B1208324549515N01146381EA008020094500000450420748
B1208334549522N01146382EA008000094300000450240748
B1208344549528N01146380EA007980094100000440020748
B1208354549533N01146375EA007960093900000443400748
B1208364549537N01146369EA007950093800000343220748
B1208374549538N01146363EA007940093800000343040748
B1208384549538N01146359EA007940093900000192760816
B1208394549536N01146356EA007950094000000192480816
B1208404549535N01146353EA007960094100000152490816
B1208414549535N01146350EA007970094300000152500816
B1208424549535N01146345EA007970094300000192580816
B1208434549534N01146341EA007970094300000192660816
B1208444549532N01146338EA007970094200000202440816
B1208454549530N01146335EA007970094200000202220816
B1208464549527N01146332EA007970094200000212220816
B1208474549526N01146328EA007980094400000212220816
B1208484549525N01146324EA008000094600000232410816
B1208494549525N01146319EA008010094700000232600816
B1208504549525N01146314EA008020094800000232620816
B1208514549524N01146309EA008030095000000232640888
B1208524549523N01146303EA008040095000000252560888
B1208534549521N01146298EA008050095100000252480888
B1208544549520N01146293EA008060095300000252520888
B1208554549520N01146287EA008080095600000252560888
B1208564549522N01146280EA008100095800000352740888
B1208574549524N01146273EA008110096000000352920888
B1208584549526N01146266EA008130096100000302910888
B1208594549527N01146260EA008140096300000302900903
B1209004549528N01146254EA008150096400000292830903
B1209014549529N01146247EA008160096400000292760903
B1209024549529N01146240EA008160096400000342750903
B1209034549530N01146232EA008170096500000332740903
B1209044549530N01146226EA008190096700000282720903
B1209054549530N01146220EA008200096900000282700903
B1209064549530N01146216EA008220097100000222700903
B1209074549530N01146211EA008240097300000242700911
B1209084549530N01146205EA008250097300000252710911
B1209094549530N01146200EA008260097500000252720911
B1209104549529N01146195EA008270097500000222640911
B1209114549528N01146191EA008270097600000222560911
B1209124549527N01146186EA008280097600000262510911
B1209134549524N01146180EA008280097600000262460911
B1209144549522N01146175EA008290097600000292370911
B1209154549519N01146171EA008290097800000292280911
B1209164549517N01146167EA008300097900000212280911
B1209174549515N01146164EA008320098000000212280911
B1209184549513N01146159EA008320098100000232330934
B1209194549511N01146155EA008330098200000232380934
B1209204549511N01146150EA008340098200000222510934
B1209214549512N01146145EA008350098300000222640934
B1209224549514N01146141EA008350098400000272860934
B1209234549518N01146136EA008350098400000273080934
B1209244549523N01146133EA008350098200000403210934
B1209254549529N01146130EA008340098100000403340934
B1209264549536N01146131EA008340098000000493520934
B1209274549543N01146136EA008330097900000490100934
B1209284549548N01146142EA008330097900000470260934
B1209294549552N01146150EA008320097800000470420934
B1209304549554N01146158EA008320097800000390580934
B1209314549554N01146166EA008320097700000390740911
B1209324549554N01146172EA008320097700000300890911
B1209334549552N01146178EA008320097700000301040911
B1209344549550N01146182EA008320097800000231130911
B1209354549548N01146187EA008320097800000231220911
B1209364549545N01146191EA008320097800000261240911
B1209374549543N01146195EA008320097900000261260911
B1209384549541N01146199EA008330098000000221310911
B1209394549538N01146201EA008350098300000221360911
B1209404549536N01146203EA008360098500000181500911
B1209414549533N01146204EA008380098700000181640911
B1209424549530N01146206EA008390098800000251560911
B1209434549527N01146210EA008410099000000251480911
B1209444549525N01146214EA008430099300000221330903
B1209454549524N01146218EA008450099500000221180903
B1209464549522N01146221EA008470099700000181190903
B1209474549520N01146225EA008480099700000181200903
B1209484549517N01146229EA008480099500000301260903
B1209494549514N01146234EA008480099500000301320903
B1209504549512N01146239EA008490099700000241290903
B1209514549510N01146243EA008510100000000241260903
B1209524549509N01146247EA008530100200000191130903
B1209534549509N01146251EA008540100400000191000903
B1209544549509N01146256EA008540100300000250970903
B1209554549508N01146262EA008540100200000250940874
B1209564549505N01146268EA008540100100000311080874
B1209574549503N01146273EA008540100100000311220874
B1209584549501N01146279EA008540100200000291140874
B1209594549500N01146285EA008550100300000291060874
B1210004549500N01146292EA008560100400000300970874
B1210014549501N01146299EA008560100500000300880874
B1210024549502N01146307EA008570100500000350810874
B1210034549504N01146314EA008580100500000350740823
B1210044549509N01146321EA008580100500000440580816
B1210054549514N01146326EA008590100600000440420816
B1210064549519N01146328EA008610100900000340270816
B1210074549524N01146329EA008630101200000340120816
B1210084549529N01146328EA008650101400000313580816
B1210094549534N01146326EA008660101500000313500816
B1210104549539N01146323EA008670101600000403420816
B1210114549544N01146318EA008680101600000403340816
B1210124549547N01146311EA008700101800000333140888
B1210134549548N01146305EA008710101900000332940888
B1210144549547N01146301EA008730102100000212680888
B1210154549545N01146298EA008740102400000212420888
B1210164549543N01146296EA008770102600000142260888
B1210174549541N01146295EA008790102900000142100888
B1210184549539N01146296EA008810103100000181840888
B1210194549536N01146299EA008830103300000181580888
B1210204549533N01146305EA008840103300000331370888
B1210214549532N01146313EA008850103400000331160816
B1210224549534N01146322EA008860103500000450920816
B1210234549538N01146330EA008870103500000450700816
B1210244549544N01146336EA008880103600000520500816
B1210254549551N01146339EA008880103700000520300816
B1210264549558N01146339EA008900103900000430110816
B1210274549564N01146337EA008910104100000433520783
B1210284549568N01146333EA008930104300000323360783
B1210294549571N01146328EA008950104500000323200783
B1210304549574N01146324EA008970104800000223140783
B1210314549575N01146321EA009000105100000223080783
B1210324549575N01146317EA009020105400000172900783
B1210334549575N01146314EA009040105600000172720783
B1210344549573N01146311EA009070105800000162460852
B1210354549571N01146310EA009090106100000162200852
B1210364549569N01146311EA009120106500000141880852
B1210374549567N01146314EA009140106700000141520783
B1210384549565N01146319EA009160106800000281330783
B1210394549564N01146325EA009180107100000281140783
B1210404549564N01146332EA009210107400000330980783
B1210414549566N01146340EA009240107700000330820783
B1210424549569N01146348EA009260107900000450670783
B1210434549574N01146355EA009280107900000450520783
B1210444549580N01146362EA009290108000000460430705
B1210454549586N01146365EA009300108100000460340705
B1210464549593N01146366EA009310108200000430170705
B1210474549599N01146365EA009320108200000430000705
B1210484549605N01146361EA009320108300000403470783
B1210494549609N01146356EA009330108400000403340805
B1210504549612N01146351EA009340108600000323150805
B1210514549614N01146344EA009350108700000322960805
B1210524549614N01146339EA009370109000000242850805
B1210534549614N01146334EA009400109300000242740805
B1210544549613N01146330EA009420109600000182610805
B1210554549612N01146326EA009440109800000182480805
B1210564549610N01146322EA009470110000000222420805
B1210574549608N01146319EA009490110300000222360783
B1210584549606N01146317EA009510110600000172210783
B1210594549603N01146317EA009530110800000172060783
B1211004549599N01146318EA009550110900000281800783
B1211014549595N01146322EA009570111000000281540783
B1211024549593N01146328EA009590111300000301330783
B1211034549593N01146335EA009620111600000301120783
B1211044549595N01146343EA009640111800000430890783
B1211054549598N01146352EA009660112000000440660783
B1211064549602N01146359EA009680112300000400570783
B1211074549607N01146364EA009710112600000400480705
B1211084549612N01146366EA009730112900000390310776
B1211094549618N01146367EA009750113100000390140776
B1211104549623N01146365EA009770113200000353580776
B1211114549627N01146362EA009790113300000353420776
B1211124549630N01146357EA009800113600000283230805
B1211134549632N01146352EA009820113700000283040805
B1211144549632N01146347EA009850114100000212870805
B1211154549632N01146343EA009870114500000212700805
B1211164549630N01146341EA009900114800000122510805
B1211174549629N01146339EA009930115100000122320805
B1211184549627N01146338EA009950115300000162150805
B1211194549624N01146338EA009970115400000161980805
B1211204549621N01146341EA009990115600000251720805
B1211214549618N01146345EA010010115900000251460805
B1211224549617N01146353EA010040116100000371200805
B1211234549618N01146361EA010050116300000370940805
B1211244549621N01146370EA010070116400000430740776
B1211254549625N01146377EA010090116700000430580776
B1211264549629N01146382EA010110117000000360470776
B1211274549634N01146386EA010140117200000360360776
B1211284549639N01146387EA010150117300000370220776
B1211294549645N01146387EA010160117400000370080776
B1211304549651N01146385EA010170117300000413520776
B1211314549656N01146380EA010170117400000413360776
B1211324549661N01146375EA010190117600000363270801
B1211334549664N01146370EA010210118000000363180801
B1211344549667N01146366EA010240118300000243130801
B1211354549669N01146362EA010270118700000243080801
B1211364549671N01146358EA010300118900000213080862
B1211374549672N01146354EA010320119100000233020862
B1211384549672N01146349EA010340119200000232850862
B1211394549671N01146344EA010350119300000232680862
B1211404549670N01146339EA010370119500000222510862
B1211414549668N01146337EA010390119700000222340862
B1211424549666N01146336EA010410120100000122100862
B1211434549664N01146337EA010440120400000121860862
B1211444549661N01146338EA010460120600000191710862
B1211454549658N01146340EA010480120800000191560805
B1211464549656N01146343EA010510121100000211470805
B1211474549654N01146348EA010540121400000211380805
B1211484549653N01146354EA010570121700000311150805
B1211494549654N01146361EA010590121900000310920805
B1211504549657N01146368EA010610122200000380720776
B1211514549662N01146374EA010640122500000380520801
B1211524549667N01146378EA010670122700000410380801
B1211534549673N01146380EA010690123000000410240801
B1211544549679N01146380EA010720123300000390080801
B1211554549684N01146377EA010740123500000393520801
B1211564549689N01146372EA010760123700000373350801
B1211574549692N01146366EA010780123900000373180801
B1211584549694N01146361EA010800124100000253010862
B1211594549694N01146356EA010820124400000252840862
B1212004549694N01146351EA010850124600000202750862
B1212014549693N01146347EA010870124800000202660862
B1212024549692N01146343EA010900125200000182550862
B1212034549690N01146341EA010920125500000182440862
B1212044549687N01146341EA010940125600000242110862
B1212054549683N01146342EA010960125700000241780862
B1212064549680N01146346EA010970125700000281570862
B1212074549677N01146351EA010980125900000281360862
B1212084549676N01146358EA010990126100000331170862
B1212094549676N01146365EA011010126400000330980801
B1212104549676N01146373EA011040126600000350920801
B1212114549677N01146380EA011060126900000350860801
B1212124549680N01146387EA011090127200000360700801
B1212134549684N01146392EA011110127400000360540801
B1212144549689N01146396EA011120127500000400380801
B1212154549695N01146399EA011130127600000400220801
B1212164549700N01146402EA011150127700000380200801
B1212174549706N01146404EA011160127900000380180801
B1212184549712N01146404EA011170128000000440080862
B1212194549718N01146402EA011180128100000443580862
B1212204549723N01146397EA011200128200000373350862
B1212214549725N01146390EA011210128300000373120862
B1212224549725N01146383EA011220128400000322870862
B1212234549724N01146377EA011240128700000322620862
B1212244549723N01146373EA011260129100000152550862
B1212254549722N01146371EA011290129500000152480862
B1212264549720N01146369EA011320129800000172280862
B1212274549717N01146369EA011340130000000172080862
B1212284549714N01146370EA011370130200000241800862
B1212294549711N01146375EA011380130300000241520862
B1212304549709N01146382EA011400130400000391290862
B1212314549708N01146391EA011410130500000421060801
B1212324549709N01146399EA011430130800000380890862
B1212334549712N01146406EA011460131200000380720862
B1212344549717N01146411EA011480131400000390720862
B1212354549723N01146413EA011500131500000420280806
B1212364549729N01146413EA011520131700000410110806
B1212374549734N01146410EA011530131900000413540862
B1212384549738N01146406EA011550132100000323340862
B1212394549740N01146400EA011570132300000323140862
B1212404549741N01146395EA011590132500000252970862
B1212414549741N01146390EA011610132700000252800862
B1212424549740N01146385EA011640133000000242620862
B1212434549738N01146381EA011660133200000242440862
B1212444549735N01146379EA011680133500000212220862
B1212454549732N01146379EA011710133800000212000862
B1212464549728N01146382EA011730134000000291730862
B1212474549725N01146387EA011750134100000291460862
B1212484549722N01146393EA011770134300000331300862
B1212494549721N01146399EA011790134600000331140862
B1212504549722N01146406EA011810134800000290960862
B1212514549723N01146412EA011830135000000290780806
B1212524549727N01146418EA011840135000000380610806
B1212534549732N01146423EA011860135000000380440806
B1212544549738N01146425EA011870135100000410230806
B1212554549744N01146422EA011880135300000410020806
B1212564549748N01146416EA011900135500000383340806
B1212574549750N01146409EA011910135700000383060862
B1212584549749N01146403EA011940136100000262830862
B1212594549749N01146398EA011970136400000262600862
B1213004549748N01146394EA012000136800000222560862
B1213014549746N01146389EA012020137000000222520862
B1213024549745N01146385EA012050137200000252460862
B1213034549742N01146380EA012060137300000252400862
B1213044549739N01146374EA012070137300000362330862
B1213054549734N01146368EA012070137200000362260862
B1213064549730N01146363EA012070137100000382240862
B1213074549726N01146357EA012070137300000382220900
B1213084549723N01146352EA012090137600000302240900
B1213094549720N01146347EA012100137800000302260900
B1213104549717N01146343EA012120137900000302270900
B1213114549714N01146338EA012130138000000302280900
B1213124549710N01146332EA012130137900000372260900
B1213134549706N01146326EA012130137900000372240862
B1213144549702N01146320EA012130137800000392270862
B1213154549699N01146313EA012130137800000392300862
B1213164549695N01146307EA012130137800000362310928
B1213174549692N01146301EA012120137800000362320928
B1213184549688N01146295EA012120137700000362310928
B1213194549685N01146289EA012100137500000362300928
B1213204549681N01146283EA012090137400000392280928
B1213214549677N01146276EA012080137200000392260928
B1213224549673N01146270EA012060137000000392270928
B1213234549669N01146264EA012050136900000392280928
B1213244549665N01146258EA012040136800000372280958
B1213254549661N01146252EA012020136600000372280958
B1213264549658N01146246EA012010136500000392290904
B1213274549654N01146239EA011990136200000392300904
B1213284549650N01146231EA011970136000000462320904
B1213294549645N01146223EA011950135700000462320904
B1213304549641N01146215EA011940135600000472300904
B1213314549636N01146208EA011920135400000472300937
B1213324549632N01146201EA011910135300000412280937
B1213334549628N01146195EA011900135300000412260937
B1213344549625N01146189EA011890135200000332260937
B1213354549621N01146184EA011880135100000332280937
B1213364549618N01146178EA011860134800000342300937
B1213374549615N01146172EA011840134500000342320937
B1213384549611N01146166EA011810134100000392310937
B1213394549607N01146159EA011780133800000392300951
B1213404549603N01146153EA011750133500000422250951
B1213414549598N01146147EA011720133200000422200951
B1213424549593N01146142EA011700132900000422180951
B1213434549588N01146136EA011670132700000422160951
B1213444549583N01146130EA011650132600000412170951
B1213454549578N01146124EA011640132500000412180951
B1213464549573N01146118EA011630132400000432200951
B1213474549569N01146112EA011640132500000432220951
B1213484549565N01146106EA011650132800000342240970
B1213494549562N01146101EA011660133100000342260970
B1213504549559N01146096EA011670133200000312250970
B1213514549555N01146092EA011690133400000312240947
B1213524549550N01146089EA011700133500000342130947
B1213534549545N01146087EA011720133600000342020947
B1213544549540N01146085EA011730133800000341940947
B1213554549535N01146085EA011750134100000341860947
B1213564549531N01146084EA011770134400000251880947
B1213574549528N01146082EA011800134600000251900947
B1213584549524N01146081EA011820134900000211890947
B1213594549521N01146081EA011840135100000211880947
B1214004549519N01146081EA011870135400000131830947
B1214014549517N01146081EA011890135700000131780947
B1214024549516N01146082EA011910135900000121710947
B1214034549514N01146084EA011930136100000121640947
B1214044549513N01146088EA011950136200000231350947
B1214054549513N01146094EA011960136200000231060947
B1214064549515N01146101EA011970136400000360830947
B1214074549519N01146107EA011990136500000360600947
B1214084549525N01146111EA012000136700000440400947
B1214094549531N01146113EA012020136800000440200934
B1214104549537N01146112EA012030136900000410040934
B1214114549543N01146109EA012050137100000413480947
B1214124549547N01146105EA012070137400000323360947
B1214134549551N01146101EA012090137600000323240947
B1214144549554N01146098EA012110137900000233220947
B1214154549556N01146094EA012120138000000233200947
B1214164549557N01146089EA012140138100000253020947
B1214174549557N01146083EA012140138100000252840947
B1214184549557N01146077EA012150138100000302710947
B1214194549556N01146070EA012160138300000302580947
B1214204549555N01146064EA012180138400000302580947
B1214214549554N01146058EA012190138700000302580938
B1214224549552N01146052EA012210138800000272510938
B1214234549550N01146047EA012230139000000272440938
B1214244549548N01146041EA012240139100000302420938
B1214254549546N01146035EA012260139400000302400938
B1214264549544N01146030EA012290139800000262420938
B1214274549542N01146026EA012320140200000262440938
B1214284549541N01146023EA012350140500000172380938
B1214294549539N01146019EA012380140700000172320938
B1214304549536N01146015EA012400140800000292310938
B1214314549533N01146010EA012410140900000292300918
B1214324549530N01146003EA012420140900000352320918
B1214334549527N01145997EA012430141100000352340918
B1214344549524N01145991EA012450141400000352320918
B1214354549521N01145986EA012480141700000352300918
B1214364549518N01145981EA012510142100000272320918
B1214374549516N01145977EA012540142400000272300918
B1214384549513N01145974EA012570142600000222240918
B1214394549511N01145970EA012590142800000222180918
B1214404549509N01145964EA012600143000000302350918
B1214414549509N01145957EA012620143000000302520901
B1214424549510N01145949EA012630143000000362720901
B1214434549510N01145942EA012640143300000362800901
B1214444549509N01145936EA012660143600000282630901
B1214454549506N01145931EA012680143800000282460883
B1214464549503N01145927EA012700144000000302320883
B1214474549500N01145923EA012720144200000302180883
B1214484549496N01145921EA012750144600000212070883
B1214494549493N01145922EA012770144800000211960883
B1214504549489N01145925EA012790145000000301730883
B1214514549485N01145929EA012810145100000301500883
B1214524549482N01145934EA012830145300000301360883
B1214534549481N01145940EA012860145700000301220883
B1214544549481N01145946EA012890146000000291030883
B1214554549482N01145952EA012910146200000290840883
B1214564549484N01145958EA012930146400000290730883
B1214574549487N01145963EA012950146600000290620891
B1214584549491N01145966EA012970146800000320430891
B1214594549496N01145968EA012990146900000320240891
B1215004549501N01145967EA013010147100000360070891
B1215014549505N01145964EA013030147300000363500891
B1215024549509N01145960EA013050147600000293300901
B1215034549511N01145954EA013070147800000293100901
B1215044549512N01145948EA013090148000000312950901
B1215054549512N01145941EA013110148100000312800901
B1215064549512N01145934EA013130148400000302690901
B1215074549511N01145928EA013150148600000302580901
B1215084549509N01145922EA013170148900000302500901
B1215094549506N01145916EA013190149000000302420883
B1215104549504N01145910EA013200149100000342390888
B1215114549501N01145904EA013210149200000342360888
B1215124549498N01145899EA013220149300000322350888
B1215134549495N01145893EA013240149500000322340888
B1215144549493N01145887EA013260149700000332360888
B1215154549490N01145881EA013270149800000332380888
B1215164549487N01145876EA013280149800000322330888
B1215174549484N01145871EA013280149700000322280888
B1215184549481N01145865EA013280149600000332300888
B1215194549478N01145859EA013270149500000332320879
B1215204549475N01145854EA013260149400000292330879
B1215214549473N01145849EA013240149200000292340879
B1215224549469N01145845EA013230149000000312290879
B1215234549466N01145839EA013210148800000312240879
B1215244549462N01145833EA013200148700000392260879
B1215254549459N01145827EA013200148800000392280879
B1215264549456N01145822EA013200149000000272300859
B1215274549454N01145818EA013210149200000272320859
B1215284549451N01145814EA013220149200000252300859
B1215294549448N01145809EA013220149200000252280859
B1215304549445N01145804EA013210149100000342270859
B1215314549441N01145799EA013200149000000342260859
B1215324549437N01145793EA013200148900000362250859
B1215334549433N01145788EA013190148900000362240859
B1215344549430N01145783EA013190148900000312250859
B1215354549427N01145778EA013180148900000312260859
B1215364549424N01145773EA013180148900000322260859
B1215374549421N01145767EA013170148800000362320859
B1215384549417N01145760EA013160148600000392310861
B1215394549413N01145754EA013150148500000392300861
B1215404549409N01145748EA013150148400000392260861
B1215414549405N01145742EA013140148400000392220820
B1215424549401N01145737EA013130148400000352230820
B1215434549397N01145731EA013130148300000352240820
B1215444549393N01145725EA013110148200000392240820
B1215454549388N01145719EA013100147900000392240820
B1215464549384N01145713EA013090147800000442230820
B1215474549379N01145706EA013080147800000442220816
B1215484549375N01145699EA013080147800000412250816
B1215494549371N01145692EA013080148000000412280816
B1215504549368N01145687EA013090148200000342290816
B1215514549364N01145681EA013100148200000342300816
B1215524549361N01145673EA013100148300000422320816
B1215534549357N01145665EA013100148200000472380774
B1215544549354N01145656EA013100148200000472400767
B1215554549350N01145647EA013100148200000462420767
B1215564549347N01145639EA013090148100000462380767
B1215574549343N01145631EA013090148000000452340767
B1215584549339N01145623EA013070147900000452340767
B1215594549335N01145615EA013060147600000472340767
B1216004549331N01145605EA013030147300000502380752
B1216014549327N01145596EA013020147100000502380752
B1216024549324N01145587EA013000146900000482400752
B1216034549320N01145578EA012990146900000442400752
B1216044549317N01145571EA012990147000000412370752
B1216054549313N01145564EA012990147000000412340752
B1216064549310N01145558EA012990147100000362320719
B1216074549306N01145552EA012990147100000362300692
B1216084549303N01145547EA012990147100000342300692
B1216094549300N01145541EA012980147000000342300692
B1216104549296N01145534EA012970146800000372310692
B1216114549293N01145528EA012960146700000372320692
B1216124549290N01145521EA012960146600000392320692
B1216134549286N01145514EA012950146500000392320692
B1216144549283N01145508EA012930146400000402330648
B1216154549279N01145500EA012920146200000402340648
B1216164549276N01145493EA012900146000000402330648
B1216174549272N01145486EA012880145700000402320648
B1216184549269N01145479EA012860145400000402350648
B1216194549266N01145472EA012830145200000402380648
B1216204549262N01145464EA012810144900000412360648
B1216214549259N01145457EA012790144700000412340603
B1216224549256N01145450EA012770144600000382360561
B1216234549253N01145443EA012750144500000382380561
B1216244549250N01145436EA012740144300000382380561
B1216254549247N01145429EA012720144100000382380561
B1216264549244N01145421EA012710143900000402360561
B1216274549241N01145414EA012690143800000402380561
B1216284549238N01145406EA012680143800000392380519
B1216294549235N01145399EA012680143800000392400519
B1216304549232N01145392EA012670143800000362410519
B1216314549230N01145385EA012670143800000362420519
B1216324549227N01145378EA012660143600000382400519
B1216334549224N01145371EA012640143400000382400519
B1216344549220N01145364EA012620143100000412370519
B1216354549217N01145357EA012600142900000412340483
B1216364549213N01145350EA012590142800000362310483
B1216374549210N01145345EA012570142700000362280483
B1216384549207N01145339EA012560142500000332300443
B1216394549204N01145333EA012540142300000332320443
B1216404549200N01145327EA012520142100000372330443
B1216414549197N01145320EA012500141800000372340443
B1216424549194N01145312EA012480141600000402360417
B1216434549192N01145304EA012460141400000402420417
B1216444549189N01145297EA012450141400000352430417
B1216454549187N01145291EA012440141400000352440417
B1216464549185N01145285EA012430141300000302430417
B1216474549183N01145279EA012430141200000302420417
B1216484549181N01145273EA012410141100000282460417
B1216494549180N01145268EA012400141000000282500417
B1216504549178N01145263EA012380140800000252430417
B1216514549176N01145258EA012370140600000252360394
B1216524549174N01145253EA012360140500000262380394
B1216534549172N01145248EA012350140400000262400394
B1216544549170N01145243EA012340140400000262420394
B1216554549168N01145238EA012330140300000262440394
B1216564549166N01145234EA012320140200000262380394
B1216574549163N01145229EA012320140200000262320394
B1216584549161N01145225EA012310140100000282330394
B1216594549159N01145219EA012300139900000282340353
B1217004549157N01145214EA012290139800000292390353
B1217014549155N01145208EA012270139600000292440314
B1217024549153N01145202EA012260139500000312430314
B1217034549151N01145196EA012250139400000312420314
B1217044549149N01145189EA012230139200000322430314
B1217054549147N01145183EA012220139100000322440314
B1217064549145N01145177EA012200138900000302460314
B1217074549143N01145171EA012190138700000302480314
B1217084549142N01145165EA012170138600000312470314
B1217094549140N01145159EA012160138400000312460313
B1217104549137N01145152EA012150138300000322440313
B1217114549135N01145146EA012130138100000322420313
B1217124549133N01145140EA012120137900000322430313
B1217134549131N01145134EA012100137800000322440313
B1217144549129N01145128EA012090137700000292420313
B1217154549127N01145122EA012080137600000292400313
B1217164549126N01145116EA012070137500000322450313
B1217174549124N01145109EA012050137300000322500338
B1217184549122N01145103EA012040137100000342460338
B1217194549119N01145096EA012020136900000342420338
B1217204549116N01145089EA012010136800000352410338
B1217214549114N01145083EA011990136600000352400338
B1217224549111N01145077EA011980136500000322390338
B1217234549109N01145071EA011960136300000322380328
B1217244549106N01145064EA011950136200000352390328
B1217254549104N01145058EA011940136000000352400362
B1217264549101N01145051EA011920135900000342400362
B1217274549099N01145045EA011910135900000342400362
B1217284549096N01145039EA011910135900000312390362
B1217294549094N01145033EA011900135800000312380362
B1217304549092N01145027EA011900135700000312420362
B1217314549090N01145020EA011890135600000312460362
B1217324549088N01145014EA011880135500000342460362
B1217334549086N01145007EA011870135300000362480398
B1217344549084N01144999EA011860135200000382480398
B1217354549082N01144991EA011850135100000392480398
B1217364549080N01144983EA011840135000000392500398
B1217374549079N01144975EA011830135000000382500398
B1217384549077N01144968EA011820134800000362500398
B1217394549075N01144961EA011810134700000362500440
B1217404549073N01144953EA011790134600000362500440
B1217414549072N01144946EA011780134300000362520440
B1217424549071N01144937EA011760134100000392540440
B1217434549069N01144929EA011740133900000392560440
B1217444549068N01144921EA011720133700000382560440
B1217454549067N01144913EA011700133600000362580440
B1217464549066N01144906EA011690133400000362570477
B1217474549065N01144898EA011670133200000362560477
B1217484549064N01144890EA011650133000000372580477
B1217494549063N01144882EA011630132700000392620477
B1217504549063N01144873EA011600132400000392620477
B1217514549061N01144865EA011580132200000382580477
B1217524549059N01144858EA011560132000000362540502
B1217534549058N01144850EA011540131900000342500502
B1217544549056N01144844EA011520131700000332510502
B1217554549055N01144837EA011500131500000332520502
B1217564549053N01144829EA011480131100000382500502
B1217574549050N01144821EA011450130800000412480502
B1217584549048N01144813EA011420130500000402440502
B1217594549045N01144805EA011400130400000372460538
B1218004549043N01144799EA011390130400000342440538
B1218014549041N01144792EA011380130400000342420538
B1218024549038N01144786EA011380130300000342420538
B1218034549036N01144779EA011370130200000342420538
B1218044549034N01144771EA011360130200000382440538
B1218054549032N01144763EA011360130100000372480538
B1218064549030N01144756EA011360130200000362520581
B1218074549029N01144748EA011370130300000342560581
B1218084549028N01144741EA011370130500000332560581
B1218094549027N01144734EA011380130500000332560581
B1218104549025N01144727EA011380130500000362540581
B1218114549024N01144719EA011380130400000382520581
B1218124549022N01144711EA011380130400000392540615
B1218134549021N01144703EA011380130400000402560615
B1218144549019N01144694EA011370130400000432540615
B1218154549016N01144686EA011370130400000432460615
B1218164549012N01144678EA011380130500000402380615
B1218174549010N01144671EA011390130600000382360615
B1218184549008N01144663EA011390130700000372420613
B1218194549007N01144655EA011400130800000382540669
B1218204549006N01144647EA011400130800000402620669
B1218214549006N01144638EA011400130800000432660669
B1218224549005N01144628EA011410130800000442660669
B1218234549004N01144619EA011420130900000422620669
B1218244549004N01144610EA011420131000000382600734
B1218254549003N01144603EA011430131100000382620734
B1218264549003N01144596EA011440131200000332630734
B1218274549002N01144588EA011430131200000342640734
B1218284549000N01144581EA011430131000000372550734
B1218294548997N01144574EA011430131000000372460734
B1218304548993N01144567EA011430131000000392390734
B1218314548990N01144560EA011440131000000392320786
B1218324548986N01144555EA011450131200000342290786
B1218334548983N01144550EA011460131400000342260786
B1218344548980N01144545EA011470131500000292260786
B1218354548977N01144540EA011490131800000292260786
B1218364548974N01144536EA011510132000000262220786
B1218374548970N01144533EA011530132200000262180786
B1218384548967N01144531EA011550132500000232110786
B1218394548964N01144529EA011570132800000232040786
B1218404548962N01144528EA011610133100000172030786
B1218414548960N01144527EA011640133500000172020786
B1218424548959N01144526EA011670133900000042010781
B1218434548958N01144526EA011710134300000042000781
B1218444548957N01144525EA011740134500000102070781
B1218454548955N01144523EA011760134600000102140781
B1218464548953N01144520EA011770134600000222140781
B1218474548950N01144518EA011790134800000222140781
B1218484548947N01144516EA011810135100000182090781
B1218494548945N01144514EA011840135400000182040781
B1218504548944N01144512EA011870135800000142160802
B1218514548942N01144510EA011900136100000142280802
B1218524548940N01144508EA011920136400000172140802
B1218534548937N01144507EA011950136600000172000802
B1218544548934N01144506EA011980136900000201980802
B1218554548932N01144504EA012010137200000201960802
B1218564548930N01144499EA012030137400000252210802
B1218574548929N01144494EA012050137500000252460802
B1218584548928N01144487EA012070137700000302500802
B1218594548927N01144481EA012090138000000302540802
B1219004548929N01144474EA012110138300000332730802
B1219014548932N01144467EA012140138600000332920802
B1219024548936N01144462EA012170138900000363050806
B1219034548940N01144458EA012200139300000363180806
B1219044548945N01144456EA012230139600000313180806
B1219054548950N01144455EA012260139900000353440806
B1219064548955N01144455EA012290140200000383540806
B1219074548961N01144458EA012320140400000380040835
B1219084548966N01144463EA012340140600000430210824
B1219094548970N01144470EA012370140800000430380824
B1219104548973N01144478EA012390141000000420530824
B1219114548974N01144486EA012410141200000420680824
B1219124548974N01144494EA012430141500000360840824
B1219134548971N01144501EA012450141700000361000824
B1219144548968N01144506EA012480142000000321170824
B1219154548965N01144509EA012500142300000321340824
B1219164548962N01144511EA012530142700000211490824
B1219174548959N01144511EA012560143000000211640802
B1219184548956N01144510EA012580143200000201820802
B1219194548953N01144508EA012600143300000202000802
B1219204548950N01144504EA012610143400000282120802
B1219214548948N01144499EA012630143500000282240802
B1219224548946N01144493EA012650143800000302400802
B1219234548946N01144486EA012670144000000302560802
B1219244548946N01144480EA012690144300000272650802
B1219254548947N01144474EA012720144700000272740802
B1219264548949N01144470EA012760145100000242860802
B1219274548951N01144465EA012790145400000242980802
B1219284548955N01144461EA012820145700000343110806
B1219294548960N01144458EA012850145900000343240835
B1219304548967N01144456EA012880146200000453380835
B1219314548974N01144456EA012910146500000453520835
B1219324548979N01144459EA012940146900000380070835
B1219334548983N01144463EA012980147300000380220824
B1219344548987N01144468EA013010147700000320370824
B1219354548989N01144474EA013040147900000320520824
B1219364548992N01144481EA013070148100000380600824
B1219374548993N01144489EA013100148400000380680824
B1219384548993N01144497EA013130148700000330830824
B1219394548991N01144503EA013150149000000330980824
B1219404548988N01144507EA013180149200000301170824
B1219414548984N01144511EA013200149500000301360824
B1219424548981N01144513EA013230149800000191490786
B1219434548979N01144512EA013260150100000191620824
B1219444548976N01144510EA013280150300000221890824
B1219454548973N01144506EA013290150400000222160824
B1219464548971N01144502EA013310150500000282250824
B1219474548969N01144496EA013330150800000282340824
B1219484548969N01144491EA013350151000000272570824
B1219494548972N01144485EA013370151200000272800824
B1219504548975N01144481EA013390151400000293010824
B1219514548979N01144478EA013420151800000293220824
B1219524548983N01144477EA013450152100000313370824
B1219534548988N01144477EA013480152500000313520824
B1219544548993N01144477EA013510152900000320000824
B1219554548998N01144479EA013550153200000320080824
B1219564549002N01144483EA013580153500000330200824
B1219574549006N01144488EA013610153800000330320824
B1219584549009N01144494EA013630154000000370440824
B1219594549012N01144501EA013650154200000370560812
B1220004549014N01144509EA013680154500000380620812
B1220014549015N01144516EA013710154800000380680772
B1220024549015N01144523EA013740155100000280820772
B1220034549014N01144528EA013760155400000280960772
B1220044549011N01144532EA013780155500000271170772
B1220054549007N01144535EA013790155500000271380786
B1220064549004N01144536EA013800155600000231560786
B1220074549000N01144535EA013810155800000231740786
B1220084548998N01144533EA013830155900000211930786
B1220094548996N01144530EA013830156000000212120786
B1220104548994N01144525EA013840156100000252340786
B1220114548994N01144519EA013850156100000252560786
B1220124548995N01144514EA013850156200000262690786
B1220134548996N01144508EA013860156300000262820824
B1220144548999N01144504EA013870156400000282960824
B1220154549002N01144499EA013880156400000283100824
B1220164549006N01144495EA013880156500000343150824
B1220174549011N01144490EA013890156500000343200812
B1220184549016N01144483EA013900156500000463200812
B1220194549021N01144477EA013910156700000463200812
B1220204549026N01144472EA013930157100000373230812
B1220214549030N01144469EA013970157600000373260812
B1220224549034N01144468EA014000157900000263400812
B1220234549039N01144468EA014020158200000263540812
B1220244549044N01144469EA014050158300000353570812
B1220254549049N01144469EA014070158500000350000812
B1220264549054N01144472EA014090158800000350100812
B1220274549059N01144475EA014120159000000350200812
B1220284549062N01144480EA014140159200000320310822
B1220294549065N01144485EA014150159300000320420822
B1220304549068N01144492EA014150159200000360530822
B1220314549069N01144500EA014150159100000360640822
B1220324549070N01144509EA014150159100000420760822
B1220334549069N01144518EA014160159100000420900788
B1220344549068N01144526EA014170159400000360960788
B1220354549067N01144532EA014190159700000361020788
B1220364549065N01144536EA014210160000000211100788
B1220374549063N01144540EA014230160200000211180788
B1220384549060N01144544EA014240160200000271300788
B1220394549056N01144547EA014250160200000271420772
B1220404549052N01144548EA014260160300000281550772
B1220414549048N01144549EA014270160400000281680772
B1220424549045N01144548EA014270160500000201810772
B1220434549042N01144547EA014280160600000201940772
B1220444549040N01144546EA014290160600000181870772
B1220454549036N01144547EA014290160600000181800772
B1220464549033N01144550EA014280160500000261670772
B1220474549029N01144553EA014280160400000261540772
B1220484549026N01144557EA014280160500000291430772
B1220494549024N01144562EA014290160500000291320772
B1220504549022N01144568EA014300160700000291220714
B1220514549020N01144574EA014320161000000291120714
B1220524549020N01144579EA014340161300000241050714
B1220534549019N01144584EA014360161500000240980714
B1220544549018N01144589EA014380161700000251080714
B1220554549015N01144593EA014390161800000251180714
B1220564549012N01144598EA014410161900000291260714
B1220574549009N01144601EA014430162100000291340734
B1220584549006N01144603EA014450162400000221490734
B1220594549002N01144603EA014470162600000221640734
B1221004549000N01144602EA014490162900000201800734
B1221014548997N01144601EA014510163100000201960734
B1221024548994N01144599EA014530163300000192030734
B1221034548992N01144596EA014550163400000192100734
B1221044548991N01144591EA014560163600000262310734
B1221054548990N01144585EA014580163700000262520734
B1221064548992N01144577EA014590163800000362720734
B1221074548994N01144570EA014600163900000352860734
B1221084548997N01144565EA014620164100000333010734
B1221094549001N01144561EA014640164400000333160786
B1221104549006N01144560EA014660164600000333330786
B1221114549011N01144560EA014680164700000333500772
B1221124549017N01144562EA014690164800000390040772
B1221134549022N01144566EA014710165000000390180714
B1221144549025N01144572EA014730165300000330360714
B1221154549027N01144578EA014750165600000330540714
B1221164549028N01144584EA014780165800000300680714
B1221174549028N01144591EA014800166000000300820714
B1221184549028N01144597EA014810166200000290890714
B1221194549026N01144603EA014830166300000290960714
B1221204549024N01144609EA014850166500000291090714
B1221214549021N01144613EA014860166600000291220683
B1221224549018N01144616EA014880166800000281370683
B1221234549013N01144618EA014900167000000281520683
B1221244549009N01144617EA014910167100000281690669
B1221254549005N01144616EA014920167300000281860669
B1221264549002N01144614EA014940167500000221980669
B1221274549000N01144610EA014960167700000222100734
B1221284548998N01144606EA014970167800000232240734
B1221294548996N01144602EA014980167900000232380734
B1221304548995N01144596EA015000168000000282450734
B1221314548994N01144590EA015010168200000282520734
B1221324548993N01144584EA015020168300000252550734
B1221334548992N01144579EA015030168500000252580734
B1221344548991N01144572EA015040168500000322580734
B1221354548990N01144565EA015040168400000322580734
B1221364548988N01144557EA015040168400000392560786
B1221374548986N01144549EA015030168300000412520786
B1221384548984N01144541EA015030168200000412460786
B1221394548982N01144532EA015030168200000402480786
B1221404548980N01144524EA015030168300000402520786
B1221414548979N01144517EA015050168500000402500786
B1221424548977N01144510EA015070168800000302490824
B1221434548975N01144504EA015080169100000302480824
B1221444548974N01144499EA015100169200000282500824
B1221454548973N01144492EA015110169200000282520824
B1221464548971N01144486EA015110169200000352500824
B1221474548969N01144478EA015110169100000372480824
B1221484548966N01144471EA015100169000000402460824
B1221494548964N01144462EA015090168800000422440835
B1221504548961N01144454EA015080168700000442440835
B1221514548958N01144445EA015070168500000452460806
B1221524548955N01144436EA015060168300000472460806
B1221534548952N01144426EA015040168100000492440806
B1221544548949N01144417EA015020167900000512420806
B1221554548945N01144407EA015010167700000512420801
B1221564548942N01144397EA014990167500000502420801
B1221574548938N01144387EA014980167400000492420801
B1221584548935N01144378EA014970167300000482400801
B1221594548931N01144369EA014950167200000482380801
B1222004548927N01144360EA014940167100000502360789
B1222014548923N01144351EA014920166900000522360789
B1222024548918N01144342EA014910166700000522360789
B1222034548913N01144334EA014890166500000502320789
B1222044548907N01144326EA014890166400000492240790
B1222054548902N01144319EA014880166300000492200790
B1222064548898N01144311EA014870166300000462240760
B1222074548895N01144303EA014860166300000432360760
B1222084548893N01144294EA014850166300000402460760
B1222094548890N01144287EA014850166400000402460760
B1222104548887N01144279EA014840166300000422440760
B1222114548884N01144271EA014830166200000432420760
B1222124548882N01144262EA014820166000000452420710
B1222134548879N01144253EA014810165900000472440710
B1222144548876N01144243EA014800165700000492460710
B1222154548873N01144233EA014790165600000502460710
B1222164548870N01144223EA014780165500000502460710
B1222174548867N01144213EA014770165400000502460668
B1222184548865N01144204EA014760165300000492460668
B1222194548862N01144194EA014750165200000482480668
B1222204548859N01144184EA014730165000000492460684
B1222214548856N01144174EA014720164800000512460684
B1222224548852N01144164EA014700164600000512440684
B1222234548848N01144154EA014680164300000522420660
B1222244548845N01144144EA014660164100000522400660
B1222254548842N01144134EA014630163900000502420660
B1222264548839N01144124EA014610163600000512460660
B1222274548835N01144114EA014590163400000512460660
B1222284548832N01144105EA014570163200000482420659
B1222294548828N01144097EA014560163200000422380659
B1222304548825N01144090EA014550163200000362390659
B1222314548823N01144083EA014540163100000362400659
B1222324548821N01144076EA014520162900000382450659
B1222334548819N01144068EA014500162600000422500659
B1222344548816N01144058EA014470162200000472500662
B1222354548814N01144049EA014440161800000482480662
B1222364548811N01144039EA014420161600000492460662
B1222374548808N01144029EA014400161400000472460719
B1222384548806N01144021EA014390161400000432460719
B1222394548803N01144012EA014380161400000392460705
B1222404548801N01144004EA014380161400000392480705
B1222414548799N01143996EA014370161300000412500705
B1222424548797N01143987EA014360161100000442500705
B1222434548795N01143978EA014340160900000462500705
B1222444548793N01143969EA014330160800000472500705
B1222454548790N01143959EA014320160700000462480652
B1222464548788N01143950EA014310160600000472480652
B1222474548785N01143940EA014290160500000472500652
B1222484548784N01143930EA014280160300000482520652
B1222494548782N01143920EA014270160200000482560652
B1222504548781N01143910EA014250160000000482580618
B1222514548779N01143900EA014240159900000482580618
B1222524548777N01143890EA014220159700000472560618
B1222534548775N01143880EA014210159600000472520618
B1222544548773N01143871EA014200159500000452520618
B1222554548771N01143862EA014190159400000422520576
B1222564548770N01143853EA014190159400000412540576
B1222574548769N01143844EA014180159400000402580576
B1222584548768N01143835EA014170159300000412580576
B1222594548766N01143827EA014160159100000422580576
B1223004548765N01143817EA014140158900000432580576
B1223014548764N01143808EA014130158700000442580527
B1223024548763N01143799EA014100158400000442600527
B1223034548762N01143789EA014080158200000452600527
B1223044548760N01143779EA014060157900000462600527
B1223054548758N01143769EA014030157600000482560527
B1223064548757N01143759EA014000157300000492560485
B1223074548755N01143749EA013980157000000492560485
B1223084548753N01143738EA013960156800000512540485
B1223094548751N01143727EA013940156500000522540485
B1223104548749N01143717EA013920156200000502540485
B1223114548747N01143706EA013900156100000472540449
B1223124548745N01143697EA013880156000000452560449
B1223134548744N01143688EA013860155800000432560449
B1223144548741N01143679EA013850155600000442520449
B1223154548739N01143670EA013820155400000462480449
B1223164548736N01143660EA013800155100000482460405
B1223174548733N01143651EA013780154900000482460405
B1223184548731N01143641EA013760154700000462480405
B1223194548728N01143632EA013750154600000452480405
B1223204548725N01143624EA013730154500000442440405
B1223214548722N01143616EA013710154300000442400405
B1223224548719N01143607EA013690154000000442400368
B1223234548715N01143599EA013670153700000462400368
B1223244548712N01143590EA013640153500000462420368
B1223254548708N01143582EA013610153200000462360367
B1223264548703N01143574EA013590152900000462300367
B1223274548699N01143566EA013560152700000462300367
B1223284548696N01143558EA013540152500000452340330
B1223294548693N01143549EA013520152300000442400330
B1223304548690N01143541EA013500152200000412420330
B1223314548687N01143533EA013490152100000402420330
B1223324548685N01143526EA013480152000000382450330
B1223334548683N01143518EA013470152000000382480330
B1223344548682N01143510EA013460151900000392500300
B1223354548680N01143502EA013450151800000392520300
B1223364548678N01143494EA013440151700000392520300
B1223374548676N01143486EA013430151600000392520300
B1223384548675N01143478EA013420151500000402520300
B1223394548673N01143469EA013410151400000402520300
B1223404548671N01143461EA013400151300000402520264
B1223414548670N01143453EA013390151200000402540264
B1223424548668N01143444EA013380151100000402540264
B1223434548666N01143436EA013370151000000402520264
B1223444548664N01143428EA013370150900000402500264
B1223454548662N01143420EA013360150800000392500264
B1223464548660N01143412EA013350150700000392500224
B1223474548658N01143404EA013340150600000392500295
B1223484548656N01143396EA013330150500000382500295
B1223494548655N01143388EA013320150400000372520295
B1223504548653N01143380EA013310150300000372520295
B1223514548651N01143373EA013300150200000372520295
B1223524548650N01143365EA013290150100000392520295
B1223534548649N01143356EA013280149900000402560286
B1223544548647N01143348EA013260149700000412560286
B1223554548645N01143339EA013250149600000412540286
B1223564548643N01143331EA013240149500000402520286
B1223574548641N01143323EA013230149400000402500286
B1223584548639N01143314EA013220149300000402500286
B1223594548637N01143307EA013210149200000402500270
B1224004548635N01143299EA013200149100000382480270
B1224014548633N01143291EA013190149000000392480270
B1224024548631N01143283EA013180148900000402480270
B1224034548629N01143275EA013160148700000412480270
B1224044548627N01143266EA013150148600000422480270
B1224054548625N01143257EA013140148500000422500202
B1224064548623N01143249EA013120148300000422500202
B1224074548620N01143240EA013110148200000432500202
B1224084548618N01143231EA013100148000000462460202
B1224094548615N01143222EA013080147700000492440202
B1224104548612N01143212EA013070147500000492460145
B1224114548610N01143202EA013050147400000482480145
B1224124548607N01143193EA013040147300000462500239
B1224134548604N01143184EA013030147200000452460239
B1224144548600N01143175EA013020147100000452400239
B1224154548597N01143167EA013010147000000452400239
B1224164548595N01143158EA013000146900000452440126
B1224174548592N01143149EA012990146800000462460126
B1224184548588N01143140EA012970146700000462440126
B1224194548585N01143131EA012960146500000462400126
B1224204548581N01143122EA012950146400000462380126
B1224214548579N01143113EA012940146300000462420117
B1224224548576N01143104EA012920146200000462460117
B1224234548574N01143095EA012910146100000462500117
B1224244548572N01143085EA012900146000000452500117
B1224254548569N01143076EA012890145800000452500117
B1224264548567N01143067EA012880145700000462500117
B1224274548565N01143057EA012860145500000462520122
B1224284548563N01143047EA012840145400000472520122
B1224294548561N01143038EA012830145200000472500122
B1224304548559N01143028EA012810145000000472500116
B1224314548557N01143018EA012800144900000472520116
B1224324548555N01143008EA012780144800000462540122
B1224334548553N01142999EA012770144700000442540122
B1224344548551N01142990EA012760144600000432520122
B1224354548548N01142982EA012750144500000422480122
B1224364548546N01142974EA012740144300000422440122
B1224374548543N01142965EA012720144200000422440122
B1224384548541N01142957EA012710144000000432460128
B1224394548538N01142948EA012690143800000432480128
B1224404548536N01142940EA012670143500000432480128
B1224414548533N01142932EA012650143300000422460128
B1224424548530N01142924EA012630143100000412420128
B1224434548527N01142916EA012610143000000402400128
B1224444548525N01142908EA012590142700000412420129
B1224454548522N01142900EA012580142500000422440129
B1224464548520N01142891EA012560142300000422460129
B1224474548517N01142883EA012540142200000422460129
B1224484548515N01142874EA012520142000000412460129
B1224494548513N01142866EA012510141900000402460129
B1224504548510N01142858EA012490141700000402480132
B1224514548508N01142850EA012470141600000402480129
B1224524548506N01142842EA012450141300000402480129
B1224534548503N01142834EA012430141100000412460129
B1224544548501N01142826EA012410140900000412420129
B1224554548498N01142818EA012390140700000402420129
B1224564548496N01142810EA012380140500000402440129
B1224574548494N01142802EA012360140300000392500129
B1224584548491N01142794EA012340140100000392480129
B1224594548489N01142786EA012320139900000402460129
B1225004548486N01142779EA012300139600000412440129
B1225014548483N01142770EA012280139400000422420129
B1225024548480N01142762EA012260139300000412440131
B1225034548478N01142754EA012240139100000402460131
B1225044548475N01142746EA012230139000000402440131
B1225054548472N01142738EA012210138800000422420131
B1225064548470N01142730EA012190138500000442420131
B1225074548467N01142721EA012160138200000452440131
B1225084548464N01142712EA012140138000000452440144
B1225094548460N01142704EA012120137800000442420144
B1225104548457N01142695EA012100137600000432400142
B1225114548454N01142687EA012090137500000432400142
B1225124548451N01142679EA012070137300000432400142
B1225134548448N01142670EA012050137100000452420142
B1225144548445N01142661EA012020136800000462440155
B1225154548442N01142652EA012010136600000472420155
B1225164548438N01142643EA011990136400000482400155
B1225174548435N01142634EA011970136200000472400155
B1225184548432N01142626EA011950136100000452400155
B1225194548429N01142617EA011940135900000432420155
B1225204548426N01142609EA011920135800000432440170
B1225214548423N01142600EA011910135600000442420170
B1225224548420N01142592EA011890135400000432420170
B1225234548417N01142584EA011870135300000422420170
B1225244548414N01142576EA011860135100000412400170
B1225254548411N01142568EA011850135000000412420170
B1225264548409N01142560EA011840134900000382460180
B1225274548407N01142553EA011820134800000382460180
B1225284548404N01142545EA011810134600000372460180
B1225294548402N01142538EA011780134400000372420180
B1225304548399N01142530EA011760134000000422400180
B1225314548396N01142522EA011730133700000432420180
B1225324548393N01142513EA011710133400000432460195
B1225334548391N01142505EA011690133200000392480195
B1225344548389N01142497EA011660133000000372460195
B1225354548387N01142490EA011640132800000372460195
B1225364548384N01142483EA011620132500000382470195
B1225374548382N01142475EA011590132200000402480195
B1225384548380N01142467EA011560131900000412480195
B1225394548377N01142458EA011530131500000412440219
B1225404548374N01142450EA011510131300000402420219
B1225414548372N01142443EA011490131100000402440219
B1225424548370N01142436EA011470131000000342440219
B1225434548368N01142430EA011450130900000342440219
B1225444548365N01142424EA011430130700000322390219
B1225454548362N01142418EA011410130400000322340219
B1225464548359N01142412EA011390130100000352340239
B1225474548356N01142405EA011370129900000352340239
B1225484548353N01142399EA011340129700000352340239
B1225494548350N01142392EA011320129500000352360239
B1225504548347N01142386EA011310129300000362370239
B1225514548345N01142379EA011290129100000362380239
B1225524548342N01142372EA011270128900000362410239
B1225534548340N01142365EA011250128700000362440239
B1225544548338N01142358EA011230128500000372420263
B1225554548335N01142351EA011210128300000372400263
B1225564548332N01142343EA011190128000000382380263
B1225574548329N01142336EA011170127800000382400263
B1225584548327N01142330EA011150127600000332410263
B1225594548325N01142324EA011130127500000332420263
B1226004548323N01142318EA011110127400000312420263
B1226014548321N01142311EA011100127100000312420292
B1226024548319N01142304EA011070126900000362450292
B1226034548317N01142297EA011050126600000362480292
B1226044548314N01142290EA011030126400000362470292
B1226054548312N01142283EA011010126200000362460292
B1226064548310N01142276EA010990126100000352460292
B1226074548308N01142269EA010970125800000352460273
B1226084548306N01142262EA010940125500000342460301
B1226094548304N01142255EA010920125200000342460301
B1226104548301N01142248EA010890124900000372440301
B1226114548299N01142241EA010860124500000372420301
B1226124548296N01142233EA010830124200000392400301
B1226134548292N01142226EA010800123800000392380301
B1226144548289N01142218EA010760123400000422360301
B1226154548286N01142211EA010740123200000422360332
B1226164548283N01142203EA010710123100000362400332
B1226174548281N01142197EA010690122900000362420332
B1226184548278N01142190EA010670122700000352400332
B1226194548275N01142183EA010650122300000352380332
B1226204548271N01142176EA010620122000000402370332
B1226214548268N01142169EA010590121600000402360332
B1226224548266N01142162EA010570121400000372380381
B1226234548263N01142155EA010550121300000372400381
B1226244548261N01142149EA010530121200000312410381
B1226254548259N01142143EA010510121000000312420384
B1226264548256N01142137EA010490120800000322420384
B1226274548254N01142130EA010460120400000322420384
B1226284548251N01142123EA010440120100000382410384
B1226294548248N01142116EA010410119800000382400384
B1226304548245N01142109EA010390119600000362380422
B1226314548243N01142103EA010370119400000362360422
B1226324548240N01142098EA010350119300000312350422
B1226334548237N01142092EA010340119200000312340422
B1226344548235N01142087EA010320119000000322340422
B1226354548232N01142081EA010300118700000322340422
B1226364548229N01142074EA010280118400000372350422
B1226374548225N01142067EA010250118100000372360422
B1226384548222N01142061EA010230117900000382330464
B1226394548218N01142054EA010210117800000382300464
B1226404548215N01142048EA010200117700000352320464
B1226414548212N01142042EA010180117600000352340464
B1226424548209N01142035EA010170117400000352360456
B1226434548207N01142029EA010160117300000352380456
B1226444548204N01142022EA010140117000000372370456
B1226454548201N01142015EA010120116800000372360486
B1226464548197N01142008EA010100116500000392360486
B1226474548194N01142001EA010080116300000392360486
B1226484548191N01141994EA010060116100000382360486
B1226494548188N01141987EA010040116000000382360486
B1226504548185N01141981EA010020115800000372340486
B1226514548181N01141974EA010010115600000372340486
B1226524548178N01141967EA009990115400000382350486
B1226534548175N01141960EA009970115300000382360532
B1226544548172N01141953EA009950115100000382370532
B1226554548169N01141946EA009930114800000382380532
B1226564548166N01141939EA009910114600000372380532
B1226574548163N01141933EA009890114400000372380532
B1226584548160N01141926EA009870114200000372370532
B1226594548157N01141919EA009850114000000372360540
B1227004548154N01141912EA009830113800000382360581
B1227014548150N01141905EA009810113700000382360581
B1227024548148N01141898EA009800113600000372370581
B1227034548145N01141892EA009800113600000372380581
B1227044548143N01141886EA009800113700000292390581
B1227054548141N01141881EA009800113800000292400581
B1227064548139N01141876EA009800113900000252390581
B1227074548137N01141871EA009800113900000252380581
B1227084548135N01141865EA009800113800000282410622
B1227094548133N01141859EA009790113600000282440622
B1227104548130N01141853EA009770113300000372410622
B1227114548127N01141846EA009750113000000372380622
B1227124548123N01141838EA009740112800000412340622
B1227134548120N01141832EA009720112700000412320622
B1227144548116N01141827EA009720112800000302290622
B1227154548114N01141823EA009720112900000302260622
B1227164548111N01141819EA009720113000000222270622
B1227174548109N01141815EA009720113100000222280692
B1227184548108N01141811EA009720113100000222360692
B1227194548106N01141807EA009720113000000222440692
B1227204548104N01141803EA009720112900000212350692
B1227214548101N01141801EA009710112800000212260692
B1227224548098N01141798EA009690112600000252140692
B1227234548094N01141797EA009680112400000252020692
B1227244548090N01141796EA009670112200000271930692
B1227254548086N01141796EA009650112000000271840692
B1227264548082N01141796EA009640111900000271760692
B1227274548078N01141799EA009620111700000271680692
B1227284548074N01141802EA009600111500000331590692
B1227294548070N01141805EA009590111400000331500692
B1227304548066N01141809EA009580111400000251460692
B1227314548064N01141812EA009590111600000251420692
B1227324548061N01141815EA009590111700000221380692
B1227334548059N01141819EA009600111700000221340692
B1227344548056N01141822EA009600111700000261360692
B1227354548053N01141825EA009610111900000261460692
B1227364548050N01141827EA009630112100000171470692
B1227374548049N01141828EA009650112400000171480692
B1227384548047N01141829EA009670112700000071520692
B1227394548046N01141829EA009690112900000071560692
B1227404548045N01141829EA009700113000000111620692
B1227414548043N01141830EA009720113100000111680692
B1227424548040N01141832EA009730113100000171640692
B1227434548038N01141832EA009740113200000171600692
B1227444548036N01141832EA009750113400000121730692
B1227454548034N01141831EA009760113500000121860692
B1227464548033N01141829EA009770113600000121990692
B1227474548031N01141828EA009780113700000122120692
B1227484548030N01141825EA009790113800000122250692
B1227494548030N01141822EA009800113900000122380692
B1227504548029N01141819EA009810113900000182500692
B1227514548030N01141814EA009810114100000182620732
B1227524548031N01141810EA009820114200000252820732
B1227534548034N01141805EA009840114300000253020732
B1227544548038N01141801EA009850114400000333140732
B1227554548043N01141798EA009860114500000333260732
B1227564548049N01141797EA009870114700000383400732
B1227574548055N01141798EA009890114800000383540732
B1227584548060N01141802EA009900115000000420120732
B1227594548065N01141808EA009910115100000420300692
B1228004548069N01141815EA009920115200000410430692
B1228014548071N01141823EA009930115200000410560648
B1228024548072N01141831EA009940115300000370690648
B1228034548072N01141839EA009950115300000370820648
B1228044548071N01141845EA009950115400000260960648
B1228054548069N01141849EA009960115500000261100648
B1228064548067N01141852EA009960115500000191250648
B1228074548065N01141854EA009970115600000191400648
B1228084548062N01141855EA009970115700000151500648
B1228094548060N01141855EA009980115700000151600692
B1228104548058N01141854EA009990115800000141790692
B1228114548056N01141853EA009990115900000141980692
B1228124548054N01141850EA010000115900000182070692
B1228134548052N01141848EA010000115900000182160692
B1228144548050N01141845EA010010116000000182230692
B1228154548049N01141841EA010020116200000182300692
B1228164548048N01141838EA010030116300000162420692
B1228174548048N01141834EA010040116400000162540692
B1228184548047N01141831EA010050116600000162540692
B1228194548047N01141828EA010060116700000162540692
B1228204548046N01141824EA010070116700000172570692
B1228214548046N01141820EA010070116700000172600692
B1228224548046N01141815EA010070116700000242630732
B1228234548045N01141809EA010070116600000242660732
B1228244548044N01141803EA010070116500000292600732
B1228254548043N01141797EA010070116500000292540732
B1228264548042N01141792EA010060116500000252570732
B1228274548042N01141786EA010050116300000252600732
B1228284548041N01141779EA010040116100000362630732
B1228294548041N01141770EA010020115800000422660732
B1228304548041N01141761EA010010115600000422660768
B1228314548041N01141753EA009990115600000352700768
B1228324548042N01141746EA009990115600000292710768
B1228334548042N01141740EA009980115700000292720768
B1228344548042N01141735EA009980115600000272720768
B1228354548042N01141728EA009960115400000312680768
B1228364548042N01141721EA009940115000000372680768
B1228374548041N01141712EA009920114700000412680798
B1228384548041N01141703EA009890114400000422660798
B1228394548040N01141694EA009870114100000392640798
B1228404548040N01141687EA009850114000000362620798
B1228414548039N01141679EA009840113900000332600798
B1228424548038N01141672EA009820113800000332620798
B1228434548038N01141665EA009800113600000332640791
B1228444548037N01141657EA009780113300000372640791
B1228454548037N01141649EA009760113000000392640791
B1228464548036N01141640EA009730112700000402620791
B1228474548035N01141632EA009710112500000412620791
B1228484548035N01141623EA009690112300000422620791
B1228494548035N01141613EA009670112100000432660778
B1228504548035N01141604EA009650111900000452700778
B1228514548036N01141594EA009640111800000442760778
B1228524548037N01141585EA009620111700000412760778
B1228534548037N01141576EA009610111600000392740778
B1228544548037N01141568EA009600111500000392720778
B1228554548038N01141559EA009580111300000422720756
B1228564548038N01141550EA009560111000000442720756
B1228574548039N01141540EA009540110800000462720756
B1228584548039N01141530EA009530110600000462720756
B1228594548039N01141520EA009510110400000442720756
B1229004548039N01141511EA009500110300000412680731
B1229014548039N01141502EA009490110300000392680731
B1229024548040N01141494EA009480110200000382720731
B1229034548040N01141486EA009460110000000382760731
B1229044548040N01141478EA009440109800000382760731
B1229054548040N01141469EA009420109500000412680731
B1229064548039N01141460EA009400109200000452640703
B1229074548039N01141449EA009380108900000482620703
B1229084548039N01141439EA009360108700000472660703
B1229094548038N01141429EA009340108700000462660703
B1229104548038N01141419EA009330108600000442680703
B1229114548038N01141410EA009330108600000442680673
B1229124548038N01141401EA009320108600000422680673
B1229134548038N01141392EA009330108700000362680673
B1229144548038N01141385EA009330108800000332690673
B1229154548038N01141378EA009330108900000332700673
B1229164548038N01141371EA009330108900000322700673
B1229174548038N01141364EA009330108800000322700682
B1229184548037N01141355EA009310108500000412660682
B1229194548037N01141346EA009300108300000452640682
B1229204548036N01141336EA009280108100000462640682
B1229214548036N01141326EA009270108000000462640682
B1229224548036N01141316EA009270108000000432660682
B1229234548036N01141308EA009270108200000382680713
B1229244548035N01141300EA009280108300000322680713
B1229254548035N01141294EA009280108400000322660713
B1229264548034N01141287EA009280108400000322620713
B1229274548033N01141280EA009280108300000322580713
B1229284548032N01141271EA009270108100000432560713
B1229294548030N01141262EA009260108000000442560749
B1229304548029N01141253EA009260108000000432580749
B1229314548028N01141244EA009260108100000392600749
B1229324548028N01141236EA009260108200000372620749
B1229334548027N01141228EA009260108200000372600749
B1229344548026N01141219EA009260108100000422600749
B1229354548025N01141210EA009240107900000472600785
B1229364548023N01141199EA009230107600000502620785
B1229374548021N01141189EA009230107600000452560785
B1229384548021N01141181EA009230107700000352540785
B1229394548021N01141175EA009250108100000352620785
B1229404548021N01141171EA009260108500000182720785
B1229414548021N01141167EA009280108700000182820785
B1229424548021N01141163EA009300108800000202750811
B1229434548021N01141158EA009300108700000202680811
B1229444548021N01141152EA009300108500000312660811
B1229454548020N01141144EA009280108300000352640811
B1229464548020N01141137EA009270108000000362640811
B1229474548019N01141129EA009250107800000372640811
B1229484548018N01141121EA009240107700000362620811
B1229494548018N01141113EA009220107500000362600831
B1229504548017N01141105EA009210107300000352620831
B1229514548016N01141098EA009190107100000352620831
B1229524548015N01141090EA009170106900000362600831
B1229534548014N01141083EA009160106700000362600831
B1229544548014N01141076EA009140106500000332620831
B1229554548013N01141069EA009110106300000332640831
B1229564548012N01141062EA009090106100000332570850
B1229574548010N01141055EA009070105900000332500850
B1229584548009N01141047EA009050105700000372520834
B1229594548008N01141040EA009040105600000342580834
B1230004548008N01141032EA009030105600000322640834
B1230014548007N01141026EA009020105600000322660834
B1230024548006N01141019EA009010105400000332610834
B1230034548005N01141011EA008990105100000382560833
B1230044548004N01141002EA008970104800000422560833
B1230054548003N01140993EA008940104500000432580833
B1230064548002N01140984EA008920104300000422600833
B1230074548000N01140976EA008900104100000402560833
B1230084547997N01140968EA008880104000000382480833
B1230094547995N01140961EA008870103800000382440848
B1230104547994N01140953EA008850103600000392500848
B1230114547992N01140944EA008820103300000412560848
B1230124547990N01140935EA008790103000000422560848
B1230134547988N01140927EA008770102600000412500848
B1230144547987N01140919EA008750102400000392480848
B1230154547986N01140911EA008730102300000362540864
B1230164547985N01140904EA008710102200000332550864
B1230174547983N01140897EA008700102000000332560864
B1230184547981N01140890EA008680101800000352490864
B1230194547978N01140883EA008650101400000352420864
B1230204547974N01140877EA008610101000000392370864
B1230214547970N01140870EA008580100600000392320864
B1230224547966N01140863EA008550100300000412290875
B1230234547962N01140857EA008520100000000412260875
B1230244547958N01140850EA008500099800000412290843
B1230254547954N01140843EA008470099500000412320843
B1230264547951N01140835EA008440099200000412340843
B1230274547947N01140829EA008420099000000412340843
B1230284547943N01140822EA008390098700000382320843
B1230294547940N01140815EA008370098500000382300847
B1230304547937N01140808EA008340098200000402350847
B1230314547934N01140800EA008320097900000422400847
B1230324547930N01140792EA008290097600000452400847
B1230334547927N01140784EA008260097300000452360847
B1230344547923N01140776EA008240097200000442320847
B1230354547919N01140768EA008230097200000442320847
B1230364547916N01140760EA008230097200000442380864
B1230374547914N01140751EA008230097300000412460864
B1230384547913N01140743EA008240097400000382520864
B1230394547911N01140736EA008240097400000382520864
B1230404547909N01140728EA008240097400000372520860
B1230414547908N01140720EA008230097200000402540860
B1230424547907N01140711EA008220096900000442580874
B1230434547905N01140701EA008190096600000472580874
B1230444547903N01140691EA008170096300000492560874
B1230454547901N01140681EA008150096000000492520874
B1230464547898N01140671EA008130095900000472500874
B1230474547896N01140662EA008110095800000452500883
B1230484547894N01140653EA008100095700000442480883
B1230494547891N01140644EA008090095600000452480883
B1230504547889N01140635EA008080095500000452500883
B1230514547887N01140625EA008080095400000452500883
B1230524547886N01140616EA008070095400000422520891
B1230534547884N01140608EA008060095400000402580891
B1230544547883N01140599EA008050095300000412600891
B1230554547880N01140590EA008040095100000442520891
B1230564547878N01140581EA008040094900000462460891
B1230574547876N01140572EA008040094900000432460891
B1230584547876N01140563EA008030095000000392580905
B1230594547876N01140556EA008030095100000392700905
B1231004547875N01140548EA008030095100000342700905
B1231014547873N01140541EA008020095000000342580905
B1231024547871N01140532EA008010094800000432480905
B1231034547869N01140523EA008010094600000452480905
B1231044547868N01140513EA008000094600000442560922
B1231054547868N01140505EA008000094800000362600922
B1231064547867N01140498EA008010095200000302600922
B1231074547866N01140492EA008040095500000302600922
B1231084547866N01140487EA008060095700000232670922
B1231094547867N01140482EA008080096000000232740922
B1231104547869N01140477EA008100096200000232850922
B1231114547870N01140472EA008120096300000232960922
B1231124547872N01140467EA008120096300000292900922
B1231134547871N01140461EA008120096300000292840935
B1231144547870N01140456EA008120096200000252570935
B1231154547867N01140454EA008120096100000252300935
B1231164547863N01140456EA008120096100000251870935
B1231174547861N01140461EA008120096100000251440935
B1231184547860N01140466EA008130096300000241190902
B1231194547861N01140471EA008140096500000240940922
B1231204547864N01140476EA008160096700000280700922
B1231214547868N01140480EA008170096800000280460922
B1231224547873N01140484EA008180096800000390390922
B1231234547877N01140490EA008180096900000390320922
B1231244547880N01140496EA008190096900000310480922
B1231254547879N01140501EA008190097000000310640922
B1231264547877N01140506EA008190096900000301030922
B1231274547872N01140507EA008190096900000301420922
B1231284547868N01140505EA008200097000000291770922
B1231294547866N01140500EA008210097200000292120922
B1231304547866N01140494EA008230097500000252430922
B1231314547867N01140489EA008240097700000252740922
B1231324547869N01140484EA008260097900000272920922
B1231334547871N01140478EA008270097900000272980922
B1231344547874N01140472EA008270097800000383000922
B1231354547877N01140465EA008270097700000383020935
B1231364547880N01140458EA008270097800000353000935
B1231374547882N01140451EA008280097900000352980935
B1231384547882N01140445EA008290098000000292820935
B1231394547881N01140439EA008300098100000292660935
B1231404547880N01140435EA008310098300000202540935
B1231414547878N01140432EA008320098500000202420935
B1231424547875N01140430EA008340098600000192220935
B1231434547872N01140430EA008350098600000192020935
B1231444547870N01140430EA008360098700000171840935
B1231454547868N01140432EA008370098800000171660935
B1231464547866N01140435EA008370098900000181470935
B1231474547864N01140439EA008380099000000181280935
B1231484547864N01140445EA008380099000000311090935
B1231494547865N01140453EA008390099000000310900935
B1231504547867N01140460EA008390099000000370740935
B1231514547871N01140465EA008400099100000370580935
B1231524547876N01140470EA008410099200000390420922
B1231534547882N01140474EA008410099300000390260922
B1231544547886N01140479EA008420099300000360350922
B1231554547888N01140486EA008420099300000360440922
B1231564547889N01140493EA008420099200000360660922
B1231574547888N01140500EA008420099100000360880922
B1231584547886N01140505EA008420099200000271080922
B1231594547883N01140509EA008430099400000271280922
B1232004547881N01140511EA008440099500000181340922
B1232014547879N01140514EA008440099600000181400922
B1232024547876N01140517EA008440099600000261430905
B1232034547872N01140520EA008440099500000261460905
B1232044547867N01140521EA008440099500000321590905
B1232054547863N01140520EA008450099600000321720905
B1232064547859N01140518EA008460099800000261900879
B1232074547856N01140515EA008480100100000262080892
B1232084547853N01140515EA008500100400000171950892
B1232094547850N01140516EA008520100600000171820892
B1232104547847N01140518EA008530100700000241650879
B1232114547845N01140521EA008550100800000241480879
B1232124547843N01140524EA008570101100000171360879
B1232134547842N01140528EA008590101300000171240879
B1232144547842N01140533EA008610101500000251040879
B1232154547843N01140539EA008620101600000250840879
B1232164547846N01140546EA008640101700000360710879
B1232174547850N01140551EA008650101900000360580879
B1232184547856N01140554EA008670102100000430330879
B1232194547862N01140553EA008680102200000430080905
B1232204547867N01140549EA008700102400000353470905
B1232214547871N01140545EA008720102700000353260905
B1232224547872N01140540EA008740102900000253090905
B1232234547873N01140535EA008760103100000252920905
B1232244547874N01140529EA008780103300000232830905
B1232254547873N01140525EA008800103400000232740905
B1232264547871N01140520EA008800103400000252490905
B1232274547868N01140518EA008810103400000252240905
B1232284547864N01140519EA008810103400000231950905
B1232294547862N01140521EA008820103600000231660905
B1232304547860N01140524EA008830103800000171440879
B1232314547859N01140528EA008840103800000171220879
B1232324547858N01140533EA008840103800000251220879
B1232334547856N01140538EA008840103700000261060879
B1232344547854N01140542EA008840103600000241190879
B1232354547851N01140544EA008840103700000241320879
B1232364547848N01140542EA008840103700000231690879
B1232374547845N01140538EA008840103700000232060879
B1232384547844N01140533EA008850103800000252280879
B1232394547843N01140528EA008850103900000252500879
B1232404547842N01140524EA008860103900000222490879
B1232414547840N01140519EA008860103800000222480879
B1232424547837N01140513EA008850103700000332420892
B1232434547834N01140507EA008840103400000332360892
B1232444547831N01140500EA008820103300000402330892
B1232454547826N01140494EA008820103200000402300892
B1232464547822N01140489EA008820103300000332210892
B1232474547819N01140486EA008840103700000332120892
B1232484547816N01140483EA008870104200000172150892
B1232494547815N01140481EA008910104800000172180892
B1232504547814N01140480EA008950105200000072140892
B1232514547812N01140480EA008980105500000072100892
B1232524547810N01140482EA009010105600000161780854
B1232534547809N01140485EA009020105700000161460854
B1232544547809N01140491EA009040105800000261160854
B1232554547811N01140497EA009050105900000260860892
B1232564547815N01140502EA009060106000000420610892
B1232574547821N01140507EA009070106000000420360892
B1232584547828N01140508EA009080106100000410180892
B1232594547833N01140506EA009100106400000410000892
B1233004547838N01140503EA009110106600000343440892
B1233014547842N01140498EA009130106800000343280892
B1233024547846N01140493EA009140107000000353220892
B1233034547849N01140487EA009160107200000353160892
B1233044547851N01140481EA009180107400000313000892
B1233054547851N01140475EA009200107600000312840892
B1233064547849N01140471EA009220107700000212620892
B1233074547847N01140468EA009240108000000212400892
B1233084547845N01140467EA009260108200000142200892
B1233094547843N01140466EA009280108400000142000902
B1233104547841N01140466EA009300108600000131860902
B1233114547839N01140468EA009320108700000131720892
B1233124547838N01140472EA009330108900000221410892
B1233134547838N01140478EA009340108900000221100892
B1233144547840N01140484EA009350109000000350840892
B1233154547845N01140490EA009360109100000350580892
B1233164547851N01140494EA009370109200000460370892
B1233174547857N01140494EA009370109200000460160892
B1233184547864N01140492EA009380109300000433570922
B1233194547869N01140487EA009390109500000433380922
B1233204547873N01140482EA009410109700000343220922
B1233214547875N01140476EA009420109900000343060922
B1233224547876N01140470EA009440110100000282930922
B1233234547876N01140465EA009460110300000282800935
B1233244547876N01140460EA009470110500000212710935
B1233254547875N01140456EA009490110700000212620935
B1233264547873N01140453EA009510110800000182440935
B1233274547871N01140451EA009530111000000182260935
B1233284547868N01140450EA009540111100000172090935
B1233294547866N01140450EA009550111200000171920935
B1233304547863N01140452EA009570111300000211710935
B1233314547861N01140455EA009580111400000211500935
B1233324547859N01140460EA009590111500000271260902
B1233334547860N01140467EA009600111700000271020892
B1233344547863N01140473EA009610111700000370760922
B1233354547867N01140479EA009620111700000370540922
B1233364547872N01140482EA009620111700000390370922
B1233374547879N01140484EA009620111700000390200922
B1233384547885N01140484EA009620111800000420060922
B1233394547891N01140481EA009630111800000423520922
B1233404547895N01140476EA009630111900000363340922
B1233414547898N01140470EA009640112100000363160922
B1233424547900N01140464EA009650112200000303010935
B1233434547901N01140458EA009670112400000302860935
B1233444547902N01140453EA009690112700000232850935
B1233454547903N01140448EA009710112900000232840935
B1233464547903N01140443EA009720113100000222800935
B1233474547903N01140439EA009740113200000222760935
B1233484547903N01140434EA009750113400000202650935
B1233494547901N01140430EA009770113500000202540935
B1233504547899N01140428EA009780113600000202350935
B1233514547896N01140426EA009790113700000202160935
B1233524547892N01140426EA009800113700000261940935
B1233534547888N01140429EA009800113700000261720935
B1233544547886N01140434EA009800113700000291440935
B1233554547886N01140440EA009810113800000291160935
B1233564547887N01140447EA009810113900000340930935
B1233574547889N01140453EA009820114000000340700935
B1233584547893N01140459EA009830114100000350570935
B1233594547897N01140463EA009840114200000350440935
B1234004547903N01140466EA009840114300000380260935
B1234014547909N01140465EA009850114300000380080935
B1234024547914N01140462EA009850114300000403510961
B1234034547919N01140457EA009850114300000403340961
B1234044547922N01140451EA009860114400000353170961
B1234054547924N01140445EA009870114500000353000961
B1234064547924N01140438EA009880114600000282840961
B1234074547924N01140432EA009890114800000282680961
B1234084547923N01140427EA009900114900000262620961
B1234094547922N01140421EA009920115100000262560961
B1234104547921N01140416EA009930115200000252530971
B1234114547919N01140411EA009930115200000252500971
B1234124547917N01140407EA009930115100000262430971
B1234134547914N01140401EA009930115000000262360971
B1234144547911N01140394EA009920114700000402340971
B1234154547908N01140387EA009910114600000402320945
B1234164547905N01140381EA009910114700000322360945
B1234174547903N01140375EA009910114900000322400945
B1234184547902N01140370EA009920115100000242420945
B1234194547900N01140365EA009930115200000242440943
B1234204547898N01140360EA009930115200000282440943
B1234214547896N01140355EA009930115100000282440943
B1234224547894N01140349EA009930115000000302400943
B1234234547891N01140344EA009930115000000302360943
B1234244547889N01140338EA009930115000000292350943
B1234254547886N01140333EA009930115000000292340943
B1234264547884N01140328EA009930114900000292330943
B1234274547881N01140324EA009920114900000292320943
B1234284547878N01140319EA009920114900000292290943
B1234294547874N01140314EA009910114700000292260946
B1234304547870N01140310EA009890114500000372230946
B1234314547866N01140304EA009870114200000372200946
B1234324547861N01140298EA009860114000000412210946
B1234334547857N01140291EA009850113900000412220913
B1234344547853N01140285EA009840113900000362220913
B1234354547851N01140279EA009830113900000322300913
B1234364547848N01140274EA009820113900000302330913
B1234374547845N01140269EA009810113700000302360913
B1234384547842N01140263EA009790113400000352340907
B1234394547839N01140256EA009770113100000352320907
B1234404547835N01140249EA009740112800000402310907
B1234414547831N01140242EA009720112500000402300907
B1234424547828N01140236EA009700112400000382300907
B1234434547824N01140230EA009690112300000382300907
B1234444547821N01140224EA009680112200000342310907
B1234454547818N01140218EA009670112100000342320907
B1234464547815N01140212EA009650112000000352310906
B1234474547811N01140206EA009640111800000352300906
B1234484547807N01140200EA009620111600000392290866
B1234494547804N01140194EA009610111400000392280866
B1234504547801N01140187EA009600111300000352310866
B1234514547798N01140182EA009590111300000352340866
B1234524547796N01140177EA009590111400000262330866
B1234534547793N01140173EA009590111400000262320866
B1234544547790N01140169EA009580111300000282250866
B1234554547786N01140166EA009580111200000282180879
B1234564547782N01140163EA009580111200000302130879
B1234574547778N01140159EA009580111200000302080879
B1234584547775N01140155EA009590111300000282130879
B1234594547772N01140152EA009590111500000282180879
B1235004547770N01140149EA009610111700000192190879
B1235014547768N01140147EA009620111900000192200879
B1235024547766N01140146EA009640112100000102140879
B1235034547765N01140145EA009650112200000102080879
B1235044547763N01140143EA009660112300000142090879
B1235054547761N01140142EA009670112400000142100879
B1235064547759N01140139EA009680112500000152150846
B1235074547758N01140137EA009700112700000152200846
B1235084547758N01140135EA009720112900000102420846
B1235094547758N01140132EA009740113200000102640846
B1235104547759N01140129EA009750113300000152790846
B1235114547761N01140126EA009770113500000152940879
B1235124547763N01140123EA009770113400000223010879
B1235134547764N01140119EA009770113400000223080879
B1235144547765N01140115EA009760113200000202950880
B1235154547765N01140110EA009750113000000202820880
B1235164547763N01140105EA009730112800000272630880
B1235174547761N01140099EA009720112500000272440880
B1235184547759N01140094EA009700112400000272410852
B1235194547757N01140090EA009700112400000272380852
B1235204547753N01140088EA009700112500000232200852
B1235214547750N01140086EA009700112500000232020852
B1235224547747N01140085EA009700112500000241980852
B1235234547743N01140083EA009690112400000241940852
B1235244547739N01140081EA009690112400000261990852
B1235254547736N01140079EA009680112300000262040852
B1235264547732N01140077EA009680112300000252040852
B1235274547729N01140074EA009680112300000252040852
B1235284547725N01140072EA009680112400000282050852
B1235294547721N01140069EA009690112400000282060852
B1235304547717N01140068EA009690112500000291990852
B1235314547713N01140067EA009700112600000291920852
B1235324547709N01140066EA009720112800000231900821
B1235334547706N01140065EA009730113000000231880821
B1235344547702N01140064EA009740113100000231880821
B1235354547698N01140063EA009750113100000231880821
B1235364547694N01140062EA009750113100000291880821
B1235374547690N01140061EA009750113200000291900821
B1235384547686N01140059EA009760113300000231930821
B1235394547684N01140058EA009780113500000231960821
B1235404547681N01140055EA009790113700000162070821
B1235414547680N01140053EA009810113800000162180821
B1235424547679N01140050EA009820114000000172300821
B1235434547678N01140046EA009840114200000172420821
B1235444547678N01140041EA009850114300000202600821
B1235454547680N01140037EA009870114500000202780821
B1235464547682N01140033EA009880114500000292960821
B1235474547686N01140029EA009880114500000293140821
B1235484547690N01140027EA009890114600000303270821
B1235494547695N01140026EA009890114600000303400821
B1235504547700N01140026EA009890114600000373540821
B1235514547706N01140029EA009890114500000370080821
B1235524547712N01140033EA009890114400000440180850
B1235534547716N01140039EA009890114300000440280850
B1235544547719N01140047EA009880114300000430480850
B1235554547720N01140056EA009880114200000420680850
B1235564547719N01140065EA009880114200000380880850
B1235574547716N01140071EA009880114300000381080852
B1235584547714N01140075EA009880114400000241240852
B1235594547711N01140077EA009890114600000241400852
B1236004547708N01140079EA009900114700000201480812
B1236014547705N01140080EA009910114700000201560812
B1236024547702N01140080EA009920114800000211560812
B1236034547699N01140080EA009930115000000181820812
B1236044547696N01140079EA009940115200000151820812
B1236054547694N01140080EA009960115300000151820812
B1236064547691N01140081EA009970115400000211730812
B1236074547687N01140082EA009970115400000211640812
B1236084547684N01140082EA009970115400000221730812
B1236094547681N01140081EA009970115400000221820812
B1236104547678N01140079EA009970115400000201940812
B1236114547676N01140077EA009970115300000202060812
B1236124547672N01140074EA009970115300000252060812
B1236134547668N01140071EA009960115100000252060812
B1236144547663N01140068EA009940114800000382050812
B1236154547658N01140064EA009930114600000382040806
B1236164547654N01140060EA009930114700000322090806
B1236174547651N01140056EA009930114900000322140806
B1236184547648N01140054EA009940115100000202110806
B1236194547645N01140052EA009950115200000202080806
B1236204547641N01140051EA009950115100000252030806
B1236214547637N01140048EA009940115000000251980806
B1236224547634N01140046EA009930114800000292030806
B1236234547630N01140043EA009920114600000292080806
B1236244547625N01140040EA009910114500000312050806
B1236254547621N01140037EA009900114300000312020806
B1236264547617N01140035EA009890114200000302040806
B1236274547613N01140032EA009880114100000302060806
B1236284547609N01140029EA009860114000000282060796
B1236294547605N01140026EA009850113900000282060796
B1236304547601N01140023EA009840113700000332090796
B1236314547596N01140018EA009820113500000332120796
B1236324547591N01140015EA009800113400000382080818
B1236334547586N01140012EA009790113300000382040818
B1236344547581N01140011EA009790113300000301980818
B1236354547577N01140009EA009790113400000301920818
B1236364547574N01140008EA009790113400000251940818
B1236374547570N01140006EA009780113400000251960818
B1236384547566N01140004EA009780113400000261940818
B1236394547563N01140004EA009780113300000261920818
B1236404547560N01140005EA009770113300000191810801
B1236414547556N01140005EA009760113100000191700801
B1236424547553N01140004EA009750112900000271820801
B1236434547548N01140001EA009730112500000271940801
B1236444547543N01139997EA009710112300000372010801
B1236454547539N01139993EA009700112300000372080801
B1236464547535N01139990EA009700112500000272110801
B1236474547532N01139987EA009700112600000272140801
B1236484547529N01139986EA009710112700000192060801
B1236494547527N01139985EA009720112700000191980801
B1236504547523N01139983EA009720112700000231970801
B1236514547519N01139980EA009720112600000231960801
B1236524547515N01139975EA009710112600000352080801
B1236534547512N01139970EA009730112800000352200801
B1236544547510N01139966EA009750113400000182240788
B1236554547509N01139965EA009790113900000182280788
B1236564547508N01139964EA009820114300000052250788
B1236574547506N01139963EA009850114500000052220788
B1236584547504N01139964EA009870114600000191990788
B1236594547501N01139965EA009880114700000191760788
B1237004547498N01139970EA009900114700000321480771
B1237014547497N01139978EA009910114900000321200771
B1237024547499N01139987EA009930115000000430900771
B1237034547503N01139994EA009940115300000430660771
B1237044547507N01139999EA009960115600000390460771
B1237054547512N01140002EA009990115900000390320801
B1237064547518N01140003EA010010116100000350160801
B1237074547523N01140002EA010030116200000350000801
B1237084547528N01139999EA010040116300000333470801
B1237094547531N01139996EA010060116500000333340801
B1237104547534N01139992EA010070116800000233250801
B1237114547537N01139989EA010090117000000233160801
B1237124547539N01139985EA010110117200000233130801
B1237134547541N01139981EA010130117300000233100801
B1237144547542N01139976EA010150117500000242990801
B1237154547543N01139971EA010160117600000242880801
B1237164547544N01139966EA010170117800000212820810
B1237174547544N01139962EA010190117900000212760810
B1237184547543N01139959EA010200118100000162590810
B1237194547541N01139957EA010220118200000162420810
B1237204547538N01139955EA010230118400000192190810
B1237214547535N01139954EA010250118600000191960810
B1237224547533N01139952EA010270118800000132040810
B1237234547532N01139951EA010290119100000132120810
B1237244547530N01139951EA010310119300000111930810
B1237254547528N01139953EA010330119400000111740810
B1237264547526N01139955EA010340119500000201590810
B1237274547524N01139958EA010360119600000201440810
B1237284547523N01139963EA010370119800000241230810
B1237294547523N01139969EA010390120000000241020801
B1237304547524N01139976EA010400120000000350850801
B1237314547527N01139983EA010410120200000350680801
B1237324547531N01139989EA010420120200000380550801
B1237334547536N01139994EA010430120300000380420801
B1237344547542N01139996EA010430120400000440260801
B1237354547549N01139996EA010440120400000440100801
B1237364547555N01139995EA010440120400000413580801
B1237374547561N01139992EA010450120600000413460818
B1237384547565N01139990EA010470120800000323400818
B1237394547569N01139986EA010480121000000323340818
B1237404547573N01139983EA010500121100000283260818
B1237414547575N01139978EA010510121200000283180818
B1237424547576N01139973EA010520121300000263010818
B1237434547577N01139967EA010530121400000262840818
B1237444547577N01139962EA010540121600000222790841
B1237454547578N01139957EA010560121800000222740841
B1237464547579N01139953EA010570122000000222820841
B1237474547580N01139948EA010590122100000222900841
B1237484547581N01139943EA010600122300000232900841
B1237494547582N01139939EA010620122400000232900841
B1237504547583N01139934EA010630122500000222900841
B1237514547583N01139929EA010650122700000212800841
B1237524547583N01139924EA010660122900000222690841
B1237534547581N01139920EA010680123000000222580841
B1237544547579N01139917EA010700123200000232370841
B1237554547576N01139915EA010720123500000232160844
B1237564547574N01139914EA010740123800000132060844
B1237574547572N01139913EA010770124100000131960844
B1237584547570N01139913EA010790124300000141900844
B1237594547567N01139913EA010810124500000141840844
B1238004547564N01139915EA010830124600000251680844
B1238014547561N01139919EA010850124800000251520841
B1238024547559N01139925EA010870125000000311300810
B1238034547559N01139932EA010880125100000311080810
B1238044547560N01139939EA010900125300000360870810
B1238054547564N01139945EA010910125400000360660841
B1238064547568N01139950EA010930125600000370470841
B1238074547574N01139952EA010940125700000370280841
B1238084547579N01139952EA010950125800000380100841
B1238094547585N01139949EA010960125800000383520841
B1238104547590N01139946EA010960125900000373410841
B1238114547594N01139941EA010970126000000373300841
B1238124547597N01139935EA010980126100000343160841
B1238134547599N01139929EA011000126300000343020841
B1238144547600N01139924EA011020126600000262910841
B1238154547600N01139918EA011040126800000262800841
B1238164547600N01139913EA011060127000000242690844
B1238174547598N01139908EA011080127200000242580844
B1238184547596N01139904EA011090127300000232440844
B1238194547594N01139900EA011100127400000232300844
B1238204547591N01139896EA011120127500000292240844
B1238214547587N01139893EA011130127600000292180844
B1238224547583N01139890EA011150127900000272090844
B1238234547579N01139888EA011180128200000272000844
B1238244547576N01139887EA011210128500000241980844
B1238254547572N01139885EA011230128700000241960844
B1238264547569N01139883EA011250129000000222020844
B1238274547566N01139881EA011270129100000222080844
B1238284547563N01139879EA011290129300000222010844
B1238294547560N01139878EA011300129300000221940824
B1238304547556N01139877EA011310129400000231900824
B1238314547553N01139877EA011320129600000231880824
B1238324547550N01139876EA011340129700000211880824
B1238334547547N01139875EA011350129800000211880824
B1238344547543N01139875EA011360129900000211850824
B1238354547540N01139875EA011370130000000211820824
B1238364547536N01139876EA011380130100000251760824
B1238374547532N01139876EA011400130200000251700824
B1238384547529N01139878EA011410130400000221670824
B1238394547526N01139879EA011420130600000221640824
B1238404547523N01139882EA011440130800000221520824
B1238414547521N01139886EA011450130900000221400824
B1238424547519N01139890EA011460131000000251360824
B1238434547516N01139894EA011470131100000251320824
B1238444547514N01139897EA011490131300000221300824
B1238454547512N01139901EA011500131500000221280824
B1238464547512N01139906EA011510131700000231100824
B1238474547513N01139912EA011530131700000230920824
B1238484547515N01139918EA011530131800000360760810
B1238494547519N01139924EA011540131800000360600810
B1238504547524N01139929EA011540131900000410420810
B1238514547530N01139931EA011550132000000410240810
B1238524547536N01139931EA011560132100000400100810
B1238534547542N01139930EA011570132200000403560810
B1238544547547N01139929EA011580132500000303510810
B1238554547550N01139927EA011600132700000303460810
B1238564547554N01139924EA011620132900000273380810
B1238574547558N01139921EA011630133000000273300810
B1238584547562N01139917EA011640133000000353270841
B1238594547566N01139912EA011650133100000353240844
B1239004547568N01139906EA011660133300000293090844
B1239014547569N01139900EA011670133400000292940844
B1239024547569N01139894EA011680133500000292770844
B1239034547567N01139888EA011690133500000292600844
B1239044547564N01139884EA011700133600000262390844
B1239054547561N01139882EA011700133600000262180844
B1239064547556N01139882EA011710133700000311990824
B1239074547551N01139882EA011720133700000311800824
B1239084547547N01139884EA011730133900000301710824
B1239094547543N01139886EA011740134100000301620824
B1239104547540N01139890EA011760134300000271470824
B1239114547538N01139895EA011770134400000271320824
B1239124547536N01139902EA011780134500000311170824
B1239134547536N01139908EA011790134500000311020824
B1239144547538N01139914EA011800134700000280820824
B1239154547541N01139918EA011810134800000280620810
B1239164547544N01139922EA011820134800000280460810
B1239174547548N01139925EA011820134900000280360810
B1239184547552N01139928EA011820134900000310250810
B1239194547558N01139929EA011830134800000310140810
B1239204547563N01139928EA011830134800000390040841
B1239214547569N01139927EA011830134900000393540841
B1239224547575N01139926EA011840135000000353510841
B1239234547579N01139924EA011850135200000353480841
B1239244547583N01139921EA011860135400000283390841
B1239254547586N01139917EA011880135600000283300841
B1239264547589N01139912EA011880135600000293130844
B1239274547590N01139906EA011890135600000292960844
B1239284547590N01139900EA011900135700000282820844
B1239294547589N01139894EA011910135800000282680844
B1239304547587N01139889EA011910135900000252540844
B1239314547585N01139885EA011920135900000252400844
B1239324547582N01139881EA011920135900000282310844
B1239334547578N01139877EA011930136000000282220844
B1239344547574N01139873EA011930136000000342170844
B1239354547570N01139869EA011930136000000342120844
B1239364547564N01139866EA011940136000000372070854
B1239374547559N01139863EA011950136100000372020836
B1239384547553N01139861EA011950136200000391970836
B1239394547547N01139859EA011970136300000391920836
B1239404547542N01139857EA011980136300000391920836
B1239414547536N01139855EA011980136400000391920836
B1239424547530N01139853EA011980136300000401910836
B1239434547524N01139852EA011980136300000401900836
B1239444547517N01139850EA011980136200000431900836
B1239454547511N01139848EA011970136200000431900836
B1239464547505N01139847EA011970136000000421890811
B1239474547498N01139846EA011970136000000421880811
B1239484547492N01139847EA011960135900000401800811
B1239494547486N01139848EA011950135900000401720811
B1239504547481N01139849EA011940135800000381720811
B1239514547475N01139850EA011930135700000381720811
B1239524547469N01139852EA011920135500000381700811
B1239534547464N01139853EA011900135400000381680811
B1239544547459N01139855EA011880135200000351680782
B1239554547454N01139856EA011860135000000351680782
B1239564547448N01139856EA011840134700000361740782
B1239574547442N01139855EA011820134400000361800782
B1239584547436N01139855EA011800134200000401790782
B1239594547431N01139855EA011780134000000401780782
B1240004547425N01139855EA011760133900000371800782
B1240014547419N01139854EA011750133800000371820782
B1240024547413N01139853EA011740133700000401840782
B1240034547407N01139852EA011720133500000401860746
B1240044547401N01139850EA011700133300000401880746
B1240054547395N01139849EA011690133100000401900746
B1240064547389N01139850EA011670133000000411820746
B1240074547383N01139851EA011650132800000411740746
B1240084547376N01139853EA011630132600000421720746
B1240094547370N01139854EA011610132400000421700746
B1240104547363N01139856EA011590132200000451680746
B1240114547357N01139859EA011570132000000451660709
B1240124547350N01139861EA011560131800000441660709
B1240134547344N01139863EA011540131700000441660709
B1240144547337N01139864EA011530131600000431680709
B1240154547331N01139866EA011520131400000431700709
B1240164547324N01139867EA011500131200000431710677
B1240174547318N01139868EA011490131100000431720677
B1240184547312N01139869EA011480131000000411720677
B1240194547305N01139870EA011460130900000411720638
B1240204547299N01139871EA011450130800000411730638
B1240214547293N01139872EA011440130700000411740638
B1240224547287N01139873EA011430130600000401730638
B1240234547281N01139874EA011420130400000401720638
B1240244547275N01139875EA011410130300000391750638
B1240254547269N01139874EA011390130100000391780638
B1240264547263N01139873EA011380130000000391820638
B1240274547257N01139872EA011370129900000391860619
B1240284547251N01139871EA011360129800000401850619
B1240294547245N01139871EA011350129700000401840619
B1240304547240N01139870EA011360129800000351830619
B1240314547235N01139870EA011360129900000351820619
B1240324547230N01139870EA011360129900000341830619
B1240334547224N01139869EA011360129900000341840619
B1240344547218N01139867EA011360129800000421850619
B1240354547212N01139867EA011360129800000421860619
B1240364547206N01139867EA011360129800000371810591
B1240374547201N01139867EA011370130000000371760591
B1240384547196N01139868EA011380130200000301760591
B1240394547191N01139868EA011390130300000321740591
B1240404547186N01139868EA011390130300000321770591
B1240414547182N01139868EA011390130300000321800591
B1240424547177N01139867EA011390130200000331820591
B1240434547171N01139867EA011390130200000331840591
B1240444547166N01139866EA011380130000000351830618
B1240454547161N01139866EA011360129800000351820618
B1240464547155N01139866EA011350129600000391820590
B1240474547149N01139865EA011330129400000391820590
B1240484547143N01139865EA011320129300000401830590
B1240494547137N01139864EA011300129100000401840590
B1240504547130N01139864EA011290129000000401820590
B1240514547124N01139864EA011280128900000401800590
B1240524547118N01139863EA011260128700000421810590
B1240534547112N01139862EA011250128600000421820590
B1240544547105N01139862EA011230128400000411830575
B1240554547099N01139861EA011220128300000411840575
B1240564547093N01139860EA011210128100000411840575
B1240574547087N01139859EA011190128000000411840575
B1240584547080N01139858EA011180127800000431850575
B1240594547074N01139857EA011170127700000431860575
B1241004547068N01139856EA011160127600000421860575
B1241014547061N01139855EA011150127500000421860575
B1241024547055N01139854EA011140127500000401850564
B1241034547049N01139853EA011130127400000401840564
B1241044547043N01139853EA011120127300000391830564
B1241054547037N01139852EA011110127200000391820564
B1241064547032N01139850EA011100127100000381870564
B1241074547026N01139849EA011090127000000381920564
B1241084547021N01139847EA011080126900000351900564
B1241094547016N01139846EA011070126800000351880564
B1241104547010N01139845EA011060126700000381870555
B1241114547004N01139844EA011050126500000381860555
B1241124546998N01139842EA011040126400000421870555
B1241134546991N01139841EA011020126200000421880555
B1241144546985N01139839EA011010126100000411900555
B1241154546979N01139837EA011010126100000411920555
B1241164546974N01139836EA011000126100000381900555
B1241174546968N01139835EA010990126000000381880555
B1241184546962N01139834EA010980125900000391860555
B1241194546956N01139833EA010970125700000391840531
B1241204546950N01139832EA010960125600000421850531
B1241214546943N01139831EA010950125400000421860531
B1241224546937N01139829EA010930125300000441860531
B1241234546930N01139828EA010930125200000441860531
B1241244546924N01139828EA010920125200000411840531
B1241254546918N01139827EA010910125100000411820531
B1241264546912N01139827EA010900125000000391840531
B1241274546906N01139826EA010890124900000391840512
B1241284546899N01139826EA010880124700000421820512
B1241294546893N01139826EA010870124500000421800512
B1241304546887N01139826EA010850124400000431790512
B1241314546880N01139826EA010840124300000431780512
B1241324546874N01139826EA010830124200000401780512
B1241334546868N01139827EA010820124200000401780512
B1241344546863N01139827EA010810124100000361770512
B1241354546857N01139827EA010800124000000361760476
B1241364546851N01139828EA010790123800000371770476
B1241374546846N01139827EA010770123600000371780476
B1241384546840N01139827EA010760123400000391810476
B1241394546834N01139826EA010740123200000391840476
B1241404546829N01139825EA010730123100000331830476
B1241414546824N01139825EA010720123100000331820476
B1241424546819N01139825EA010700123000000321820476
B1241434546814N01139824EA010690122800000321820476
B1241444546808N01139823EA010670122500000381850411
B1241454546803N01139822EA010660122300000381880411
B1241464546797N01139822EA010640122200000351830411
B1241474546792N01139822EA010630122100000351780411
B1241484546787N01139822EA010610122000000311800411
B1241494546782N01139821EA010590121700000311820411
B1241504546777N01139820EA010570121400000381850411
B1241514546771N01139819EA010550121100000381880411
B1241524546765N01139818EA010530120900000381870411
B1241534546760N01139817EA010510120800000381860359
B1241544546756N01139816EA010500120800000291860357
B1241554546751N01139815EA010490120700000291860357
B1241564546746N01139815EA010480120500000351840357
B1241574546740N01139814EA010460120300000351820357
B1241584546734N01139814EA010450120100000391820357
B1241594546729N01139813EA010440120000000391820357
B1242004546723N01139812EA010430120000000371820357
B1242014546717N01139812EA010420119900000371820357
B1242024546711N01139812EA010410119800000391800300
B1242034546705N01139813EA010410119700000391780300
B1242044546700N01139812EA010400119600000371800300
B1242054546694N01139812EA010390119600000371820300
B1242064546689N01139811EA010380119500000331830300
B1242074546684N01139810EA010380119500000331840300
B1242084546679N01139809EA010370119400000331860300
B1242094546674N01139808EA010360119200000331880300
B1242104546669N01139806EA010350119200000361880300
B1242114546663N01139805EA010350119100000361880300
B1242124546658N01139806EA010340119100000331880292
B1242134546653N01139806EA010340119200000311760292
B1242144546649N01139806EA010340119200000291780292
B1242154546644N01139806EA010340119200000291800292
B1242164546640N01139805EA010330119000000321820292
B1242174546634N01139805EA010320118900000321840292
B1242184546629N01139804EA010310118700000371830292
B1242194546623N01139804EA010300118600000371820292
B1242204546618N01139803EA010290118600000341820292
B1242214546613N01139803EA010280118500000341820292
B1242224546607N01139803EA010280118500000371810280
B1242234546602N01139803EA010270118500000371800280
B1242244546597N01139803EA010270118400000341780280
B1242254546591N01139803EA010260118400000341760280
B1242264546586N01139802EA010260118300000331820280
B1242274546581N01139801EA010260118300000331880280
B1242284546576N01139800EA010250118200000341870280
B1242294546571N01139799EA010250118200000341860280
B1242304546566N01139799EA010240118100000351850280
B1242314546560N01139798EA010230118000000351840261
B1242324546555N01139797EA010220117800000381840261
B1242334546549N01139797EA010210117700000381840261
B1242344546543N01139796EA010200117600000381830261
B1242354546538N01139796EA010190117500000381820261
B1242364546532N01139796EA010180117500000331810261
B1242374546527N01139795EA010180117500000331800261
B1242384546523N01139795EA010170117400000331820261
B1242394546518N01139794EA010160117300000331840261
B1242404546513N01139793EA010150117200000331860261
B1242414546508N01139792EA010140117200000331880249
B1242424546502N01139791EA010130117000000351880249
B1242434546497N01139789EA010130117000000351880249
B1242444546493N01139787EA010120116900000331930249
B1242454546488N01139785EA010110116800000331980249
B1242464546483N01139783EA010100116700000331950249
B1242474546478N01139782EA010090116600000331920249
B1242484546473N01139780EA010080116500000351930249
B1242494546468N01139778EA010070116400000351940249
B1242504546463N01139775EA010060116300000361960249
B1242514546457N01139773EA010050116200000361980232
B1242524546452N01139771EA010040116100000361980232
B1242534546447N01139769EA010030116000000351960232
B1242544546442N01139767EA010020115900000341940232
B1242554546437N01139765EA010020115900000341920223
B1242564546433N01139764EA010010115800000311940223
B1242574546428N01139762EA009990115600000311960223
B1242584546424N01139760EA009980115400000321950223
B1242594546419N01139758EA009960115200000321940223
B1243004546414N01139755EA009940114900000351970223
B1243014546409N01139753EA009920114700000352000205
B1243024546404N01139750EA009900114500000362000205
B1243034546399N01139747EA009880114400000362000205
B1243044546393N01139745EA009870114300000361970205
B1243054546388N01139743EA009860114200000361940205
B1243064546384N01139741EA009850114100000321970205
B1243074546379N01139738EA009830113900000322000205
B1243084546375N01139735EA009820113700000332000205
B1243094546370N01139733EA009800113600000332000205
B1243104546365N01139731EA009790113400000302000205
B1243114546361N01139728EA009780113400000302000202
B1243124546358N01139726EA009770113300000272020202
B1243134546354N01139723EA009760113200000272040202
B1243144546350N01139721EA009750113000000282050202
B1243154546346N01139718EA009730112900000282060202
B1243164546343N01139715EA009720112700000262070183
B1243174546339N01139713EA009710112600000262080183
B1243184546336N01139710EA009690112400000262060183
B1243194546332N01139708EA009680112300000262040183
B1243204546328N01139705EA009670112200000272040183
B1243214546325N01139703EA009660112000000272040183
B1243224546321N01139701EA009640111900000252040183
B1243234546318N01139698EA009630111700000252040183
B1243244546314N01139697EA009610111500000242010183
B1243254546311N01139695EA009590111300000241980170
B1243264546307N01139693EA009570111000000272020170
B1243274546304N01139690EA009540110700000272060170
B1243284546300N01139686EA009520110500000262080170
B1243294546297N01139684EA009500110200000262100170
B1243304546293N01139681EA009470110000000292050170
B1243314546288N01139679EA009450109800000292000170
B1243324546284N01139677EA009430109600000321990170
B1243334546280N01139674EA009420109400000321980170
B1243344546276N01139672EA009400109400000282000170
B1243354546272N01139670EA009390109400000282020170
B1243364546267N01139668EA009380109200000312020170
B1243374546262N01139667EA009370109000000331920170
B1243384546257N01139665EA009350108800000341920150
B1243394546252N01139663EA009340108700000341920150
B1243404546248N01139661EA009330108600000321960150
B1243414546243N01139659EA009310108500000322000150
B1243424546239N01139656EA009300108400000302000150
B1243434546235N01139654EA009290108300000302000150
B1243444546231N01139652EA009280108200000292000150
B1243454546227N01139650EA009270108000000292000150
B1243464546223N01139647EA009260107900000272030150
B1243474546219N01139644EA009240107700000272060150
B1243484546215N01139642EA009220107500000302040150
B1243494546211N01139639EA009210107300000302020135
B1243504546207N01139637EA009190107200000302010135
B1243514546203N01139634EA009180107100000302000135
B1243524546199N01139631EA009170107000000272060135
B1243534546196N01139628EA009160106800000272120135
B1243544546192N01139625EA009140106600000292090135
B1243554546187N01139622EA009120106300000292060135
B1243564546183N01139620EA009100106100000342010135
B1243574546178N01139618EA009080105900000341960135
B1243584546173N01139616EA009070105800000301970130
B1243594546169N01139614EA009050105700000301980130
B1244004546165N01139612EA009040105600000281990130
B1244014546161N01139609EA009020105300000282000122
B1244024546156N01139607EA009000105000000332010122
B1244034546151N01139604EA008970104700000332020122
B1244044546146N01139601EA008950104500000352010122
B1244054546142N01139598EA008930104300000352000122
B1244064546137N01139596EA008910104100000332010122
B1244074546132N01139593EA008890103900000332020122
B1244084546128N01139589EA008870103700000352060122
B1244094546123N01139584EA008850103500000352120122
B1244104546119N01139580EA008840103400000362140122
B1244114546115N01139575EA008830103300000362160122
B1244124546111N01139572EA008820103200000302130121
B1244134546107N01139569EA008810103100000302100121
B1244144546103N01139566EA008790103000000302050121
B1244154546098N01139564EA008780102900000302000121
B1244164546094N01139562EA008770102700000331990121
B1244174546089N01139560EA008750102600000331980121
B1244184546084N01139558EA008740102400000311960121
B1244194546080N01139556EA008730102400000311940121
B1244204546075N01139554EA008720102300000301960121
B1244214546071N01139552EA008720102300000301980121
B1244224546067N01139549EA008710102200000312000121
B1244234546062N01139547EA008700102100000312020121
B1244244546058N01139544EA008690102000000332000119
B1244254546053N01139542EA008690101900000331980119
B1244264546048N01139539EA008680101900000331990119
B1244274546044N01139536EA008680101900000332000119
B1244284546039N01139533EA008680102000000302020119
B1244294546035N01139531EA008680102000000302040119
B1244304546031N01139528EA008680102000000312030119
B1244314546026N01139525EA008670101800000312020119
B1244324546021N01139522EA008660101600000362020119
B1244334546016N01139520EA008640101400000362020119
B1244344546011N01139517EA008630101300000351990117
B1244354546006N01139515EA008620101200000351960117
B1244364546002N01139513EA008610101200000291980117
B1244374545998N01139511EA008610101100000292000117
B1244384545994N01139509EA008600101000000281990117
B1244394545990N01139506EA008580100800000281980117
B1244404545985N01139503EA008560100600000322020117
B1244414545981N01139500EA008540100300000322060117
B1244424545976N01139497EA008520100100000332020117
B1244434545971N01139495EA008510100000000331980117
B1244444545967N01139493EA008490099800000301980117
B1244454545963N01139491EA008480099700000301980117
B1244464545958N01139490EA008460099500000321960115
B1244474545953N01139488EA008440099300000321940115
B1244484545948N01139486EA008420099000000331920115
B1244494545943N01139485EA008410098900000331900115
B1244504545939N01139484EA008390098800000311910115
B1244514545934N01139482EA008380098700000311920115
B1244524545930N01139480EA008370098500000311950115
B1244534545925N01139477EA008350098400000311980115
B1244544545920N01139475EA008330098200000321970115
B1244554545916N01139473EA008320098000000321960115
B1244564545911N01139470EA008300097800000331980116
B1244574545907N01139468EA008280097600000332000116
B1244584545902N01139465EA008260097300000322020114
B1244594545898N01139462EA008240097100000322040114
B1245004545894N01139459EA008220096900000312080114
B1245014545890N01139455EA008190096600000312120114
B1245024545886N01139451EA008170096400000332130114
B1245034545882N01139447EA008140096000000332140114
B1245044545878N01139443EA008120095800000302140114
B1245054545874N01139440EA008100095600000302140114
B1245064545871N01139436EA008080095400000272130114
B1245074545867N01139433EA008050095100000272120114
B1245084545863N01139428EA008030094900000342140114
B1245094545859N01139424EA008010094600000342160112
B1245104545855N01139420EA007990094500000342140112
B1245114545851N01139416EA007980094400000342120117
B1245124545847N01139412EA007960094300000292120117
B1245134545843N01139408EA007950094200000292140117
B1245144545840N01139405EA007940094000000272160117
B1245154545837N01139401EA007920093800000272180117
B1245164545833N01139397EA007900093500000322180117
B1245174545829N01139392EA007870093300000322180117
B1245184545825N01139387EA007850093000000352170117
B1245194545821N01139383EA007830092800000352160117
B1245204545817N01139379EA007820092700000312140117
B1245214545813N01139376EA007810092700000312120117
B1245224545811N01139372EA007800092600000252170118
B1245234545807N01139368EA007790092500000252220118
B1245244545804N01139363EA007770092400000342220119
B1245254545800N01139358EA007760092100000342220119
B1245264545796N01139352EA007740092000000392230119
B1245274545792N01139346EA007740092000000392240119
B1245284545788N01139342EA007740092000000302200119
B1245294545784N01139338EA007740092100000302160119
B1245304545781N01139335EA007730092100000282170119
B1245314545778N01139330EA007730092000000282180119
B1245324545774N01139326EA007730092000000302200119
B1245334545771N01139321EA007720092000000302220119
B1245344545768N01139318EA007720092000000272190119
B1245354545765N01139314EA007720092000000272160133
B1245364545762N01139311EA007720092000000242180133
B1245374545759N01139308EA007720092000000242200156
B1245384545756N01139304EA007720091900000262180156
B1245394545753N01139300EA007710091800000262160156
B1245404545749N01139295EA007700091700000322190156
B1245414545746N01139291EA007700091600000322220156
B1245424545742N01139287EA007700091700000292180156
B1245434545738N01139284EA007700091700000292140156
B1245444545735N01139281EA007700091800000272130156
B1245454545732N01139278EA007710091900000272120156
B1245464545729N01139275EA007720092000000212140156
B1245474545727N01139272EA007730092200000212160156
B1245484545724N01139269EA007740092200000222160156
B1245494545721N01139266EA007740092300000222160159
B1245504545718N01139262EA007750092300000272210159
B1245514545716N01139257EA007750092400000272260159
B1245524545713N01139253EA007760092400000262300159
B1245534545711N01139248EA007770092500000262340188
B1245544545708N01139243EA007770092500000272320188
B1245554545706N01139239EA007780092600000272300188
B1245564545703N01139234EA007780092600000282280188
B1245574545700N01139230EA007780092600000282260188
B1245584545697N01139226EA007790092600000262230188
B1245594545693N01139223EA007790092700000262200188
B1246004545690N01139220EA007790092700000232120188
B1246014545687N01139219EA007800092700000232040188
B1246024545683N01139218EA007800092700000231960188
B1246034545680N01139217EA007790092600000231880197
B1246044545676N01139217EA007790092600000281840197
B1246054545671N01139217EA007780092400000281820197
B1246064545667N01139218EA007770092300000301740188
B1246074545662N01139220EA007750092100000301660234
B1246084545658N01139222EA007740091900000311640234
B1246094545653N01139224EA007720091700000311620234
B1246104545648N01139225EA007700091400000311660234
B1246114545644N01139226EA007670091100000311700234
B1246124545638N01139227EA007640090800000351720234
B1246134545633N01139227EA007610090400000351740234
B1246144545627N01139228EA007580090100000391730234
B1246154545621N01139229EA007560089800000391720234
B1246164545616N01139231EA007540089700000361680234
B1246174545611N01139234EA007520089500000361640211
B1246184545606N01139236EA007500089400000351620211
B1246194545600N01139238EA007490089200000351600211
B1246204545595N01139240EA007470089000000391620211
B1246214545589N01139243EA007450088900000391640211
B1246224545583N01139246EA007450088900000421600211
B1246234545578N01139250EA007460089100000421560211
B1246244545574N01139254EA007470089500000261470211
B1246254545572N01139257EA007490089800000261380211
B1246264545570N01139261EA007510089900000231330211
B1246274545567N01139265EA007520089900000231280211
B1246284545564N01139270EA007520089800000341310206
B1246294545560N01139276EA007520089800000341340170
B1246304545556N01139281EA007520089700000341340170
B1246314545553N01139285EA007520089900000341340170
B1246324545550N01139288EA007530090100000231410170
B1246334545547N01139290EA007540090200000231480170
B1246344545544N01139292EA007560090400000191560170
B1246354545542N01139292EA007570090500000191640170
B1246364545540N01139290EA007570090500000181920170
B1246374545538N01139286EA007580090500000182200170
B1246384545538N01139280EA007570090400000272200170
B1246394545540N01139274EA007580090400000292740170
B1246404545542N01139269EA007580090500000252880170
B1246414545544N01139266EA007590090700000253020177
B1246424545548N01139264EA007610090900000273220177
B1246434545552N01139262EA007620091000000273420177
B1246444545557N01139262EA007630091100000333510177
B1246454545562N01139263EA007640091200000330000177
B1246464545567N01139266EA007660091400000370130211
B1246474545572N01139271EA007670091500000370260206
B1246484545576N01139278EA007680091500000420370206
B1246494545580N01139285EA007690091600000420480206
B1246504545581N01139293EA007700091700000380610206
B1246514545581N01139301EA007710091800000380740206
B1246524545581N01139309EA007710091900000340850206
B1246534545580N01139316EA007720091900000340960206
B1246544545579N01139323EA007720091900000320980204
B1246554545579N01139330EA007720091900000321000204
B1246564545577N01139337EA007730092000000311020204
B1246574545575N01139343EA007730092000000311040204
B1246584545573N01139348EA007730092000000281170204
B1246594545570N01139351EA007730091900000281300204
B1247004545566N01139352EA007730091900000231530204
B1247014545563N01139351EA007730091900000231760204
B1247024545560N01139348EA007720091800000241970161
B1247034545556N01139345EA007700091600000242180161
B1247044545552N01139342EA007690091500000302090161
B1247054545548N01139340EA007690091500000302000161
B1247064545545N01139336EA007690091600000272090161
B1247074545542N01139332EA007690091600000272180161
B1247084545541N01139326EA007690091600000272320161
B1247094545539N01139321EA007680091500000272460161
B1247104545535N01139318EA007670091400000282290161
B1247114545531N01139316EA007670091300000282120170
B1247124545526N01139317EA007660091200000361910170
B1247134545521N01139318EA007660091300000361700161
B1247144545516N01139320EA007670091400000331660161
B1247154545511N01139322EA007680091600000331620125
B1247164545506N01139324EA007680091700000341620125
B1247174545501N01139327EA007690091700000341620125
B1247184545496N01139329EA007700091700000361630125
B1247194545491N01139331EA007700091800000361640125
B1247204545486N01139332EA007710091900000301680125
B1247214545482N01139332EA007720092000000301720125
B1247224545478N01139333EA007720092000000261730125
B1247234545474N01139333EA007710091800000261740125
B1247244545469N01139334EA007700091700000311740125
B1247254545464N01139334EA007690091400000311740125
B1247264545459N01139335EA007670091200000361740106
B1247274545454N01139336EA007650091000000361760106
B1247284545448N01139337EA007640090800000331730106
B1247294545444N01139338EA007630090800000331700106
B1247304545439N01139338EA007610090600000291720106
B1247314545435N01139339EA007600090400000291740106
B1247324545430N01139340EA007570090100000331730106
B1247334545425N01139341EA007550089800000331720106
B1247344545419N01139342EA007520089500000361700106
B1247354545414N01139343EA007500089300000361680106
B1247364545409N01139343EA007480089100000351730108
B1247374545404N01139343EA007460088900000351780108
B1247384545399N01139343EA007440088800000291810108
B1247394545395N01139342EA007430088700000291840108
B1247404545391N01139342EA007410088500000291840108
B1247414545386N01139341EA007390088300000291840108
B1247424545381N01139340EA007370088000000331870108
B1247434545376N01139338EA007340087700000331900108
B1247444545371N01139337EA007320087500000341890108
B1247454545366N01139336EA007300087200000341880108
B1247464545361N01139336EA007280087000000351840109
B1247474545355N01139336EA007260086800000351800109
B1247484545350N01139335EA007240086600000341810109
B1247494545345N01139335EA007220086400000341820109
B1247504545340N01139335EA007200086200000341820109
B1247514545335N01139334EA007170086000000341820109
B1247524545330N01139333EA007150085800000331860109
B1247534545325N01139331EA007130085500000331900109
B1247544545320N01139330EA007110085200000351900109
B1247554545314N01139329EA007080085000000351900109
B1247564545309N01139327EA007060084700000361900111
B1247574545304N01139326EA007040084600000361900111
B1247584545299N01139325EA007020084400000341890111
B1247594545293N01139324EA007000084100000341880111
B1248004545288N01139323EA006980083900000341880111
B1248014545283N01139321EA006960083600000341880111
B1248024545279N01139319EA006930083400000331920111
B1248034545274N01139317EA006910083200000331960111
B1248044545269N01139315EA006890083000000311980111
B1248054545266N01139312EA006870082800000312000111
B1248064545263N01139307EA006860082600000252180111
B1248074545263N01139302EA006830082400000252360111
B1248084545265N01139295EA006810082000000362680111
B1248094545269N01139290EA006780081700000363000111
B1248104545275N01139286EA006760081300000393190111
B1248114545280N01139284EA006740081200000393380111
B1248124545286N01139285EA006720081100000353550111
B1248134545290N01139288EA006700081000000350120111
B1248144545295N01139290EA006690080800000340160111
B1248154545300N01139293EA006670080600000340200111
B1248164545306N01139294EA006650080300000390140111
B1248174545312N01139294EA006620080000000390080111
B1248184545318N01139292EA006600079800000383560112
B1248194545323N01139290EA006580079600000383440112
B1248204545327N01139288EA006560079500000303430112
B1248214545331N01139286EA006550079400000303420112
B1248224545336N01139285EA006530079200000303440112
B1248234545340N01139283EA006510079000000303460112
B1248244545345N01139280EA006490078700000343430112
B1248254545350N01139277EA006470078400000343400112
B1248264545355N01139274EA006440078000000373370112
B1248274545360N01139270EA006410077700000373340112
B1248284545365N01139267EA006390077500000353340113
B1248294545369N01139263EA006370077300000353320113
B1248304545374N01139260EA006350077100000333320113
B1248314545378N01139257EA006330076900000333320113
B1248324545383N01139255EA006310076700000333370113
B1248334545388N01139253EA006280076400000333420113
B1248344545394N01139252EA006260076100000383460113
B1248354545399N01139250EA006230075700000383500113
B1248364545405N01139250EA006200075400000403530113
B1248374545412N01139250EA006180075200000403560113
B1248384545417N01139250EA006150074900000383570111
B1248394545423N01139250EA006130074700000383580111
B1248404545429N01139249EA006100074400000363570111
B1248414545434N01139249EA006070074100000363560111
B1248424545440N01139248EA006040073700000413550111
B1248434545447N01139247EA006010073300000413540111
B1248444545454N01139246EA005970072800000473520111
B1248454545461N01139244EA005930072400000473500111
B1248464545468N01139243EA005900072100000483510138
B1248474545475N01139243EA005870071800000483520138
B1248484545482N01139244EA005840071600000470000138
B1248494545489N01139246EA005820071300000470080138
B1248504545496N01139248EA005790071100000460110138
B1248514545502N01139251EA005770070800000460140138
B1248524545509N01139254EA005750070600000460160138
B1248534545516N01139258EA005740070500000460180177
B1248544545522N01139262EA005730070500000410220177
B1248554545527N01139266EA005730070700000410260177
B1248564545531N01139268EA005730070800000330220170
B1248574545536N01139270EA005730070900000330180170
B1248584545541N01139271EA005740071000000310120170
B1248594545545N01139272EA005750071100000310060170
B1249004545549N01139273EA005760071200000230070170
B1249014545552N01139273EA005770071300000230080170
B1249024545556N01139274EA005770071400000240050170
B1249034545560N01139274EA005780071400000240020170
B1249044545564N01139273EA005780071300000293580206
B1249054545568N01139272EA005780071400000293540206
B1249064545572N01139270EA005780071400000263470206
B1249074545575N01139269EA005790071500000263400206
B1249084545579N01139267EA005790071600000253400211
B1249094545583N01139265EA005800071600000253400211
B1249104545587N01139265EA005800071600000293460211
B1249114545592N01139265EA005800071600000293520211
B1249124545596N01139265EA005800071600000290000211
B1249134545600N01139267EA005810071700000290080211
B1249144545605N01139269EA005810071700000300130206
B1249154545609N01139271EA005820071800000300180206
B1249164545614N01139271EA005820071800000310080230
B1249174545618N01139270EA005830071900000313580230
B1249184545622N01139268EA005830071900000283460230
B1249194545626N01139264EA005830072000000283340234
B1249204545628N01139259EA005830071900000303170234
B1249214545630N01139252EA005830071900000303000234
B1249224545630N01139246EA005830071900000292800234
B1249234545627N01139241EA005830071900000292600234
B1249244545623N01139236EA005820071800000372360234
B1249254545618N01139233EA005820071700000372120234
B1249264545612N01139232EA005810071700000372120234
B1249274545607N01139233EA005820071800000341800211
B1249284545602N01139236EA005820071800000331660211
B1249294545598N01139241EA005810071700000331520211
B1249304545595N01139247EA005810071600000371390211
B1249314545592N01139254EA005800071500000371260211
B1249324545592N01139262EA005790071300000371080211
B1249334545593N01139270EA005780071300000370900206
B1249344545594N01139277EA005780071200000340790206
B1249354545597N01139283EA005780071300000340680206
B1249364545600N01139287EA005790071600000250540206
B1249374545602N01139290EA005800071700000250400206
B1249384545605N01139291EA005810071900000210310206
B1249394545608N01139293EA005820072000000210220206
B1249404545611N01139294EA005830072100000190140206
B1249414545614N01139293EA005840072100000190060230
B1249424545617N01139292EA005840072100000203520230
B1249434545620N01139290EA005840072100000203380230
B1249444545624N01139288EA005830071900000283390230
B1249454545628N01139286EA005830071900000283400230
B1249464545633N01139284EA005820071800000313390230
B1249474545638N01139280EA005810071700000313380230
B1249484545643N01139276EA005800071500000403320230
B1249494545648N01139271EA005790071400000403260230
B1249504545653N01139268EA005780071300000393300230
B1249514545658N01139265EA005770071200000393340234
B1249524545663N01139263EA005770071300000293380188
B1249534545667N01139261EA005780071400000293420188
B1249544545671N01139258EA005780071400000303390188
B1249554545676N01139255EA005770071400000303360188
B1249564545681N01139252EA005770071300000383360188
B1249574545686N01139249EA005770071200000383360188
B1249584545692N01139246EA005770071300000393380188
B1249594545697N01139243EA005780071500000393400188
B1250004545703N01139240EA005790071700000363410188
B1250014545707N01139238EA005810072000000363420188
B1250024545712N01139236EA005830072200000293390159
B1250034545716N01139233EA005850072400000293360159
B1250044545720N01139229EA005860072500000313320159
B1250054545724N01139225EA005870072700000313280159
B1250064545726N01139219EA005890072800000333130159
B1250074545728N01139213EA005900072900000332980159
B1250084545729N01139206EA005920073100000292850159
B1250094545728N01139200EA005940073400000292720159
B1250104545727N01139195EA005960073700000242580159
B1250114545725N01139191EA005980073900000242460159
B1250124545723N01139188EA006000074100000222310159
B1250134545719N01139186EA006020074300000222160159
B1250144545716N01139187EA006040074400000251910159
B1250154545712N01139190EA006060074600000251660159
B1250164545709N01139194EA006070074800000281470197
B1250174545707N01139199EA006090075000000281280197
B1250184545707N01139205EA006110075200000271130197
B1250194545707N01139211EA006130075500000270980197
B1250204545709N01139217EA006160075700000300810197
B1250214545711N01139223EA006180075900000300640188
B1250224545714N01139228EA006200076100000320550159
B1250234545718N01139232EA006220076400000320460159
B1250244545723N01139234EA006240076600000320300159
B1250254545728N01139235EA006250076700000320140159
B1250264545733N01139235EA006260076700000370030159
B1250274545739N01139233EA006280076900000373520159
B1250284545744N01139231EA006290077100000343450159
B1250294545748N01139227EA006310077300000343380159
B1250304545752N01139223EA006330077600000293280159
B1250314545755N01139219EA006350077800000293180159
B1250324545757N01139213EA006370078000000313070159
B1250334545758N01139207EA006390078200000312960159
B1250344545757N01139201EA006410078400000292740159
B1250354545755N01139196EA006430078600000292520159
B1250364545753N01139191EA006450078700000242390159
B1250374545751N01139189EA006470079000000242260159
B1250384545748N01139187EA006490079200000192100159
B1250394545745N01139187EA006510079400000191940159
B1250404545741N01139189EA006520079600000281740159
B1250414545737N01139193EA006540079700000281540159
B1250424545735N01139198EA006560079900000281350159
B1250434545734N01139204EA006580080200000281160159
B1250444545735N01139210EA006600080400000270970159
B1250454545736N01139216EA006620080700000270780159
B1250464545738N01139222EA006640080800000330710159
B1250474545741N01139228EA006660081000000330640159
B1250484545745N01139232EA006680081300000330440159
B1250494545750N01139233EA006700081400000330240159
B1250504545756N01139234EA006710081500000400120159
B1250514545762N01139234EA006720081600000400000139
B1250524545768N01139233EA006740081800000353550139
B1250534545772N01139230EA006750082000000353500139
B1250544545776N01139226EA006770082200000323360139
B1250554545780N01139222EA006780082300000323220139
B1250564545783N01139216EA006800082400000303130149
B1250574545785N01139211EA006820082700000303040149
B1250584545786N01139205EA006840082900000292900149
B1250594545785N01139199EA006860083100000292760149
B1251004545784N01139194EA006880083400000242760149
B1251014545782N01139190EA006900083700000232400149
B1251024545779N01139188EA006920083900000222210149
B1251034545775N01139187EA006950084100000222020149
B1251044545771N01139187EA006970084300000241890149
B1251054545768N01139188EA006990084600000241760149
B1251064545765N01139190EA007020084900000221580149
B1251074545763N01139195EA007040085200000221400149
B1251084545762N01139201EA007060085400000311220149
B1251094545762N01139208EA007090085600000311040149
B1251104545763N01139214EA007110085800000320880149
B1251114545765N01139221EA007130086000000320720139
B1251124545769N01139226EA007150086100000380520139
B1251134545775N01139229EA007160086200000380320139
B1251144545781N01139230EA007160086200000380170139
B1251154545786N01139229EA007170086300000380020139
B1251164545792N01139227EA007170086300000403520139
B1251174545798N01139223EA007180086300000403420139
B1251184545802N01139219EA007190086500000353320139
B1251194545806N01139214EA007200086700000353220149
B1251204545808N01139208EA007220086900000333100149
B1251214545811N01139202EA007240087200000332980149
B1251224545813N01139196EA007270087400000292970154
B1251234545814N01139191EA007290087700000292960154
B1251244545814N01139185EA007310088000000262820154
B1251254545813N01139179EA007330088200000262680154
B1251264545811N01139175EA007350088300000272470149
B1251274545807N01139172EA007370088600000272260149
B1251284545804N01139172EA007390088800000231990149
B1251294545800N01139175EA007420089000000231720149
B1251304545798N01139179EA007430089200000281480149
B1251314545796N01139184EA007450089400000281240149
B1251324545796N01139190EA007480089700000271060149
B1251334545797N01139196EA007500089900000270880149
B1251344545800N01139202EA007520090100000340700149
B1251354545804N01139207EA007550090300000340520149
B1251364545809N01139211EA007570090500000370380149
B1251374545814N01139213EA007590090700000370240154
B1251384545819N01139212EA007610091000000350050154
B1251394545824N01139208EA007630091200000353460154
B1251404545828N01139203EA007640091300000363460154
B1251414545831N01139197EA007660091500000343120154
B1251424545834N01139191EA007680091700000333040154
B1251434545835N01139185EA007700091900000332960154
B1251444545836N01139179EA007720092200000272840154
B1251454545835N01139174EA007740092400000272720154
B1251464545833N01139169EA007760092600000252480154
B1251474545830N01139166EA007780092800000252240162
B1251484545826N01139165EA007790092900000212060162
B1251494545823N01139165EA007810093100000211880162
B1251504545820N01139167EA007830093200000221700162
B1251514545818N01139170EA007840093400000221520154
B1251524545815N01139174EA007860093500000261370154
B1251534545814N01139180EA007870093700000261220154
B1251544545814N01139187EA007890093900000351030154
B1251554545815N01139194EA007910094100000350840154
B1251564545818N01139200EA007930094300000320660154
B1251574545822N01139205EA007950094500000320480154
B1251584545827N01139207EA007970094700000330290154
B1251594545832N01139207EA007980094900000330100154
B1252004545837N01139206EA008000095000000330000154
B1252014545842N01139204EA008010095200000333500154
B1252024545846N01139200EA008020095300000363360154
B1252034545850N01139194EA008030095300000363220154
B1252044545853N01139188EA008040095400000353100154
B1252054545855N01139181EA008060095600000352980154
B1252064545855N01139174EA008080095900000292800154
B1252074545853N01139169EA008100096100000292620154
B1252084545851N01139163EA008120096200000272470162
B1252094545848N01139160EA008130096400000272320162
B1252104545845N01139157EA008150096600000202190162
B1252114545842N01139157EA008170096800000202060162
B1252124545839N01139157EA008180096900000221850162
B1252134545836N01139160EA008190096900000221640162
B1252144545833N01139163EA008200097000000261490162
B1252154545832N01139168EA008210097200000261340154
B1252164545832N01139174EA008220097300000281070154
B1252174545833N01139181EA008220097300000280800154
B1252184545835N01139188EA008230097300000360730154
B1252194545838N01139194EA008230097300000360660154
B1252204545841N01139200EA008240097500000340580154
B1252214545845N01139205EA008250097600000340500154
B1252224545849N01139209EA008260097700000330360154
B1252234545854N01139210EA008270097900000330200154
B1252244545859N01139210EA008280098000000330090154
B1252254545864N01139209EA008290098100000333580151
B1252264545869N01139207EA008300098200000343480151
B1252274545873N01139203EA008310098300000343380151
B1252284545877N01139198EA008320098300000343230151
B1252294545879N01139192EA008320098400000343080151
B1252304545880N01139185EA008330098500000302920151
B1252314545879N01139179EA008340098600000302760151
B1252324545877N01139174EA008350098700000272530151
B1252334545874N01139171EA008360098800000272300151
B1252344545870N01139169EA008370098900000262100151
B1252354545866N01139169EA008380099100000261900151
B1252364545863N01139171EA008400099200000211720151
B1252374545861N01139174EA008410099300000211540154
B1252384545858N01139178EA008410099200000281380154
B1252394545856N01139185EA008410099200000281220154
B1252404545856N01139192EA008410099100000351050154
B1252414545857N01139199EA008410099200000350880154
B1252424545860N01139206EA008420099300000350690154
B1252434545864N01139211EA008430099400000350500151
B1252444545869N01139214EA008440099600000350390151
B1252454545874N01139218EA008460099800000350280145
B1252464545879N01139220EA008470100000000340210145
B1252474545884N01139221EA008490100300000340140145
B1252484545889N01139220EA008510100500000330030145
B1252494545893N01139219EA008530100700000333520145
B1252504545898N01139215EA008550100800000363420151
B1252514545903N01139211EA008560101000000363320151
B1252524545907N01139207EA008580101300000313260151
B1252534545910N01139203EA008600101500000313200151
B1252544545912N01139198EA008630101800000283100140
B1252554545914N01139192EA008640101900000283000140
B1252564545914N01139185EA008660102100000312860140
B1252574545914N01139179EA008670102200000312720140
B1252584545912N01139173EA008680102300000282530140
B1252594545909N01139170EA008700102400000282340151
B1253004545905N01139168EA008710102500000232340151
B1253014545902N01139168EA008720102700000191900151
B1253024545900N01139170EA008740102800000171710151
B1253034545897N01139172EA008750102900000171520151
B1253044545895N01139174EA008750102800000211480151
B1253054545892N01139178EA008740102700000211440151
B1253064545888N01139182EA008740102600000331400151
B1253074545885N01139188EA008730102500000331360151
B1253084545881N01139194EA008730102400000361320151
B1253094545878N01139199EA008730102600000361280151
B1253104545876N01139204EA008740102800000251260151
B1253114545874N01139208EA008750103000000251240151
B1253124545872N01139212EA008760103100000211210151
B1253134545871N01139217EA008770103100000211180151
B1253144545869N01139223EA008770103100000321150145
B1253154545867N01139230EA008770103000000321120145
B1253164545864N01139236EA008770103100000361170145
B1253174545861N01139242EA008790103300000361220145
B1253184545860N01139248EA008810103600000271170145
B1253194545859N01139253EA008830103900000271120145
B1253204545859N01139259EA008840104000000291000145
B1253214545859N01139267EA008850104100000290880145
B1253224545860N01139274EA008870104100000360800139
B1253234545863N01139281EA008880104300000360720139
B1253244545868N01139285EA008900104500000360490139
B1253254545873N01139287EA008910104700000360260139
B1253264545879N01139286EA008930104900000370090139
B1253274545884N01139283EA008950105100000373520139
B1253284545889N01139278EA008970105300000383340139
B1253294545891N01139272EA008980105500000383160139
B1253304545892N01139266EA009000105600000282920145
B1253314545891N01139260EA009010105700000282680145
B1253324545889N01139256EA009020105800000252510145
B1253334545886N01139252EA009030105900000252340145
B1253344545882N01139250EA009040106000000252150145
B1253354545878N01139250EA009050106000000251960145
B1253364545874N01139251EA009060106100000271790145
B1253374545871N01139254EA009070106200000271620145
B1253384545869N01139258EA009080106300000251410145
B1253394545868N01139264EA009080106300000251200145
B1253404545867N01139270EA009090106300000331040139
B1253414545868N01139277EA009090106300000330880139
B1253424545870N01139284EA009090106400000350750139
B1253434545873N01139290EA009100106500000350620139
B1253444545877N01139296EA009110106600000350530139
B1253454545881N01139301EA009120106800000350440139
B1253464545885N01139304EA009140107000000340370139
B1253474545890N01139308EA009160107200000340300139
B1253484545896N01139310EA009170107300000390210139
B1253494545901N01139311EA009190107500000390120139
B1253504545907N01139311EA009210107800000330040139
B1253514545911N01139309EA009240108100000333560139
B1253524545915N01139307EA009260108400000283430136
B1253534545918N01139303EA009280108500000283300136
B1253544545922N01139298EA009290108600000333200136
B1253554545924N01139292EA009300108700000333100136
B1253564545925N01139287EA009310108800000262910136
B1253574545924N01139282EA009320108800000262720136
B1253584545922N01139278EA009330108800000222500136
B1253594545919N01139275EA009330108900000222280136
B1254004545916N01139273EA009340109000000202100136
B1254014545913N01139273EA009350109100000201920136
B1254024545910N01139276EA009360109300000211680139
B1254034545908N01139279EA009370109300000211440139
B1254044545906N01139284EA009380109400000271310139
B1254054545905N01139290EA009380109500000271180139
B1254064545904N01139297EA009390109500000321040139
B1254074545905N01139304EA009400109600000320900139
B1254084545908N01139311EA009410109600000390720139
B1254094545912N01139317EA009420109800000390540136
B1254104545917N01139321EA009430110000000340420130
B1254114545921N01139324EA009440110200000340300130
B1254124545927N01139326EA009460110300000360200130
B1254134545932N01139327EA009470110400000360100130
B1254144545938N01139326EA009480110500000380000130
B1254154545943N01139323EA009490110700000383500130
B1254164545947N01139319EA009510110800000333300130
B1254174545949N01139312EA009520110900000333100136
B1254184545949N01139306EA009530111100000272860136
B1254194545948N01139301EA009540111200000272620136
B1254204545946N01139298EA009560111400000202450136
B1254214545943N01139295EA009570111500000202280136
B1254224545941N01139294EA009590111700000122100136
B1254234545940N01139295EA009600111800000121920136
B1254244545937N01139297EA009600111900000201700136
B1254254545935N01139301EA009610111800000201480136
B1254264545933N01139307EA009610111800000321300136
B1254274545932N01139314EA009610111800000321120136
B1254284545933N01139321EA009620111900000360930130
B1254294545935N01139328EA009620112000000360740130
B1254304545939N01139334EA009630112100000360600130
B1254314545943N01139339EA009650112300000360460130
B1254324545948N01139343EA009660112400000350340130
B1254334545953N01139345EA009670112500000350220130
B1254344545959N01139347EA009680112600000370150130
B1254354545964N01139347EA009690112700000370080123
B1254364545970N01139346EA009700112800000403590123
B1254374545976N01139344EA009710112900000403500123
B1254384545981N01139340EA009720113100000383410123
B1254394545986N01139336EA009740113200000383320123
B1254404545989N01139331EA009750113400000313180123
B1254414545990N01139325EA009770113600000313040123
B1254424545991N01139320EA009770113600000262880123
B1254434545990N01139314EA009780113600000262720127
B1254444545989N01139309EA009790113700000252550127
B1254454545986N01139306EA009790113700000252380127
B1254464545983N01139304EA009800113800000212180127
B1254474545980N01139304EA009800113800000211980127
B1254484545977N01139305EA009810113900000231800127
B1254494545973N01139307EA009820114000000231620127
B1254504545970N01139311EA009830114200000271480127
B1254514545968N01139316EA009840114400000271340127
B1254524545966N01139322EA009860114500000321200123
B1254534545965N01139329EA009870114700000321060123
B1254544545965N01139336EA009880114900000330950123
B1254554545967N01139344EA009900115000000330840123
B1254564545970N01139350EA009910115100000370700123
B1254574545973N01139357EA009920115100000370560123
B1254584545978N01139362EA009920115100000390470123
B1254594545983N01139367EA009930115200000390380123
B1255004545988N01139370EA009930115300000370280117
B1255014545994N01139371EA009940115300000370180117
B1255024546000N01139372EA009940115300000400180117
B1255034546005N01139370EA009940115300000393580117
B1255044546011N01139368EA009950115400000363470117
B1255054546015N01139364EA009950115500000363360127
B1255064546019N01139358EA009960115500000363230127
B1255074546022N01139352EA009960115400000363100127
B1255084546025N01139345EA009960115400000373050127
B1255094546028N01139338EA009960115400000373000127
B1255104546030N01139331EA009960115400000342960127
B1255114546031N01139324EA009960115500000342920127
B1255124546031N01139317EA009970115500000322790128
B1255134546031N01139310EA009970115600000322660128
B1255144546031N01139304EA009980115700000302700128
B1255154546032N01139297EA009990115800000302740128
B1255164546032N01139290EA009990115800000332750128
B1255174546033N01139283EA010000115900000332760128
B1255184546035N01139275EA010000115900000342820128
B1255194546037N01139269EA010010116000000342860128
B1255204546039N01139262EA010020116100000322900128
B1255214546041N01139256EA010030116200000322940128
B1255224546044N01139250EA010030116200000332980128
B1255234546047N01139244EA010040116200000333020128
B1255244546050N01139238EA010040116300000323030128
B1255254546052N01139233EA010050116300000323040128
B1255264546053N01139227EA010060116400000292940128
B1255274546054N01139221EA010070116500000292840128
B1255284546053N01139215EA010080116700000242690129
B1255294546052N01139211EA010090116800000242540129
B1255304546050N01139209EA010100116900000152380129
B1255314546047N01139207EA010090116800000152220129
B1255324546044N01139207EA010090116600000262020129
B1255334546039N01139208EA010070116400000261820129
B1255344546034N01139210EA010060116200000381690129
B1255354546029N01139214EA010060116200000381560129
B1255364546026N01139220EA010050116300000331380128
B1255374546025N01139227EA010050116200000331200128
B1255384546024N01139234EA010040116000000351050128
B1255394546024N01139242EA010030115800000350900128
B1255404546026N01139249EA010020115800000320810128
B1255414546028N01139255EA010010115700000320720128
B1255424546031N01139260EA010010115700000330580128
B1255434546035N01139265EA010000115500000330440128
B1255444546039N01139268EA009990115500000320360128
B1255454546044N01139271EA009980115400000320280128
B1255464546049N01139274EA009980115300000350200128
B1255474546054N01139275EA009970115300000350120128
B1255484546060N01139275EA009970115400000370050128
B1255494546065N01139274EA009980115400000373580132
B1255504546070N01139272EA009990115500000333520132
B1255514546075N01139271EA009990115700000333460132
B1255524546079N01139268EA010000115800000303460132
B1255534546083N01139266EA010010115900000273400133
B1255544546087N01139264EA010010116000000263380133
B1255554546091N01139262EA010020116100000263360133
B1255564546095N01139258EA010030116100000313300133
B1255574546099N01139254EA010030116100000313240133
B1255584546103N01139249EA010030116100000343240133
B1255594546107N01139245EA010040116200000343240133
B1256004546111N01139241EA010050116400000303240133
B1256014546114N01139238EA010070116600000303240135
B1256024546116N01139236EA010080116700000193230135
B1256034546119N01139233EA010080116800000193220135
B1256044546122N01139230EA010080116700000243200135
B1256054546125N01139226EA010080116500000243180135
B1256064546128N01139222EA010070116300000293190135
B1256074546131N01139218EA010070116200000293200135
B1256084546134N01139214EA010060116200000273180132
B1256094546138N01139210EA010050116000000273160132
B1256104546141N01139206EA010040115900000313170132
B1256114546145N01139201EA010030115700000313180132
B1256124546148N01139196EA010020115600000323170132
B1256134546152N01139191EA010010115400000323160132
B1256144546155N01139186EA010000115300000323130132
B1256154546158N01139181EA009990115300000323100132
B1256164546162N01139175EA009980115200000363120138
B1256174546166N01139170EA009970115100000363140138
B1256184546170N01139165EA009960115000000353160136
B1256194546174N01139160EA009950114900000353180136
B1256204546178N01139155EA009940114800000353170136
B1256214546182N01139149EA009930114700000353160136
B1256224546186N01139144EA009920114600000363140136
B1256234546189N01139138EA009910114500000363120136
B1256244546193N01139132EA009910114400000373100136
B1256254546196N01139126EA009900114400000373080136
B1256264546200N01139120EA009900114400000333080136
B1256274546203N01139114EA009900114400000333080137
B1256284546206N01139108EA009890114300000343070137
B1256294546209N01139102EA009890114200000343060137
B1256304546212N01139096EA009880114100000363070140
B1256314546216N01139090EA009870114000000363080140
B1256324546219N01139085EA009860113900000343100140
B1256334546223N01139080EA009860113900000343120140
B1256344546226N01139075EA009850113800000323120140
B1256354546230N01139069EA009840113600000323120140
B1256364546233N01139064EA009820113400000353120137
B1256374546237N01139058EA009800113200000353120137
B1256384546240N01139052EA009790113000000383100137
B1256394546244N01139045EA009770112700000383080137
B1256404546247N01139039EA009750112600000363070137
B1256414546250N01139033EA009740112500000363060137
B1256424546253N01139027EA009720112400000333050137
B1256434546256N01139021EA009710112200000333040137
B1256444546259N01139015EA009690112000000353060138
B1256454546263N01139009EA009670111700000353080145
B1256464546267N01139004EA009650111500000363120145
B1256474546271N01138998EA009630111300000363160145
B1256484546274N01138993EA009610111100000323130145
B1256494546277N01138988EA009590111000000323100145
B1256504546280N01138982EA009570110700000323080145
B1256514546283N01138977EA009550110500000323060145
B1256524546286N01138971EA009530110200000333080145
B1256534546289N01138966EA009510110000000333100144
B1256544546292N01138960EA009480109700000323070144
B1256554546295N01138955EA009460109500000323040144
B1256564546298N01138949EA009440109300000343080144
B1256574546302N01138944EA009420109000000343120144
B1256584546306N01138938EA009390108700000353110144
B1256594546309N01138932EA009370108500000353100144
B1257004546312N01138926EA009350108300000353080160
B1257014546315N01138921EA009330108100000353060160
B1257024546319N01138915EA009310107900000343090167
B1257034546322N01138910EA009290107600000343120167
B1257044546326N01138905EA009260107300000343140167
B1257054546330N01138900EA009240107000000343160167
B1257064546334N01138894EA009210106700000363150167
B1257074546338N01138889EA009180106400000363140167
B1257084546342N01138883EA009160106100000373150167
B1257094546346N01138877EA009130105900000373160167
B1257104546350N01138872EA009100105600000383160167
B1257114546354N01138866EA009080105300000383160160
B1257124546358N01138860EA009050105100000363150160
B1257134546362N01138855EA009030104900000363140177
B1257144546366N01138850EA009010104700000363170177
B1257154546371N01138845EA008990104400000363200177
B1257164546375N01138840EA008970104200000373220177
B1257174546380N01138836EA008940103900000373240177
B1257184546384N01138830EA008920103700000373210177
B1257194546388N01138825EA008890103400000373180177
B1257204546392N01138819EA008870103100000393160177
B1257214546396N01138813EA008840102900000393140189
B1257224546400N01138807EA008820102600000403140189
B1257234546404N01138800EA008790102400000403140189
B1257244546408N01138794EA008770102100000393120189
B1257254546412N01138788EA008740101900000393100210
B1257264546416N01138782EA008720101600000373130210
B1257274546420N01138777EA008690101400000373160210
B1257284546425N01138771EA008670101100000383160210
B1257294546429N01138766EA008640100700000383160227
B1257304546433N01138760EA008610100400000403150227
B1257314546438N01138754EA008580100100000403140227
B1257324546442N01138747EA008550099800000433150227
B1257334546447N01138741EA008520099500000433160227
B1257344546451N01138734EA008500099200000423140227
B1257354546456N01138728EA008480099100000423120227
B1257364546460N01138721EA008460098900000403130227
B1257374546464N01138715EA008440098700000403140266
B1257384546469N01138709EA008420098500000413140266
B1257394546473N01138702EA008400098300000413140266
B1257404546478N01138696EA008380098100000433140266
B1257414546482N01138689EA008370097900000433140266
B1257424546487N01138683EA008350097800000433150266
B1257434546492N01138676EA008330097600000433160266
B1257444546496N01138670EA008320097500000413130266
B1257454546500N01138663EA008310097400000413100274
B1257464546504N01138656EA008290097200000423100274
B1257474546508N01138649EA008280097000000423100274
B1257484546512N01138642EA008260096800000443090298
B1257494546517N01138635EA008240096500000443080298
B1257504546521N01138628EA008220096300000453120298
B1257514546526N01138621EA008190096000000453160298
B1257524546531N01138613EA008170095800000453140294
B1257534546535N01138606EA008150095600000453080294
B1257544546539N01138599EA008140095500000413090294
B1257554546543N01138593EA008120095300000413100294
B1257564546547N01138587EA008110095200000383120294
B1257574546551N01138580EA008090095100000383140294
B1257584546554N01138573EA008070094900000403070294
B1257594546558N01138566EA008060094700000403000296
B1258004546561N01138559EA008040094500000413030296
B1258014546565N01138552EA008030094300000413060331
B1258024546569N01138545EA008010094200000403080331
B1258034546573N01138538EA008000094100000403060331
B1258044546576N01138531EA007990094000000403040331
B1258054546580N01138524EA007970093800000403020331
B1258064546584N01138517EA007960093700000403060345
B1258074546588N01138510EA007950093600000403100345
B1258084546591N01138504EA007940093500000393090345
B1258094546595N01138497EA007940093500000393080345
B1258104546599N01138491EA007930093500000383090345
B1258114546603N01138485EA007930093400000383100345
B1258124546607N01138479EA007930093400000373120345
B1258134546611N01138474EA007920093400000373140345
B1258144546615N01138467EA007920093300000423130364
B1258154546620N01138460EA007910093300000423120364
B1258164546624N01138453EA007910093200000433110364
B1258174546628N01138446EA007910093300000433100364
B1258184546633N01138439EA007910093400000403110364
B1258194546636N01138434EA007920093500000403120364
B1258204546639N01138429EA007930093700000313120364
B1258214546643N01138424EA007940093800000313120364
B1258224546646N01138419EA007950093900000333130364
B1258234546650N01138413EA007950093800000333140377
B1258244546654N01138407EA007950093700000393120377
B1258254546658N01138401EA007950093700000393100377
B1258264546662N01138395EA007950093700000363150405
B1258274546666N01138391EA007950093800000363200405
B1258284546670N01138387EA007970094100000273180405
B1258294546672N01138382EA007980094400000273160405
B1258304546674N01138377EA008000094600000293070405
B1258314546676N01138372EA008020094700000292980405
B1258324546679N01138367EA008030094900000253010413
B1258334546681N01138363EA008060095200000253040413
B1258344546683N01138360EA008080095500000213120413
B1258354546686N01138357EA008110095800000213200413
B1258364546689N01138354EA008130096000000243260413
B1258374546693N01138352EA008150096100000243320413
B1258384546697N01138351EA008170096200000303400413
B1258394546702N01138351EA008180096400000303480413
B1258404546706N01138354EA008200096500000370090413
B1258414546710N01138360EA008210096700000370300413
B1258424546712N01138368EA008230096800000360520455
B1258434546713N01138375EA008240097100000360740453
B1258444546711N01138381EA008260097400000300740405
B1258454546709N01138387EA008280097600000291100405
B1258464546706N01138390EA008300097800000281280405
B1258474546702N01138392EA008320098000000281460405
B1258484546697N01138392EA008330098100000301670405
B1258494546693N01138389EA008350098200000301880405
B1258504546690N01138385EA008360098300000302100405
B1258514546688N01138379EA008370098500000302320405
B1258524546687N01138374EA008390098700000242450405
B1258534546687N01138369EA008420099100000242580405
B1258544546687N01138365EA008440099400000182650413
B1258554546688N01138361EA008460099600000182720413
B1258564546689N01138357EA008480099700000232810413
B1258574546690N01138352EA008490099700000232900413
B1258584546692N01138347EA008500099800000262950413
B1258594546695N01138342EA008510099800000263000413
B1259004546697N01138338EA008520099900000263050413
B1259014546700N01138334EA008520100000000263100413
B1259024546703N01138330EA008530100100000253130413
B1259034546706N01138326EA008540100300000253160413
B1259044546709N01138323EA008560100400000293210413
B1259054546713N01138320EA008570100500000293260455
B1259064546717N01138318EA008580100600000283350471
B1259074546721N01138317EA008590100700000283440471
B1259084546725N01138316EA008600100800000283470471
B1259094546730N01138315EA008600100800000283500471
B1259104546735N01138313EA008600100700000353460471
B1259114546740N01138311EA008600100600000353420471
B1259124546746N01138309EA008600100700000403450471
B1259134546752N01138307EA008610100800000403480471
B1259144546756N01138305EA008610101000000303410471
B1259154546760N01138302EA008620101100000303340471
B1259164546764N01138299EA008630101100000313330516
B1259174546769N01138296EA008630101100000313320516
B1259184546773N01138293EA008620101000000343350516
B1259194546778N01138290EA008610100800000343380516
B1259204546782N01138288EA008610100700000303380516
B1259214546786N01138286EA008600100700000303380516
B1259224546791N01138283EA008590100500000323390516
B1259234546796N01138281EA008570100300000323400516
B1259244546801N01138279EA008560100100000373400516
B1259254546806N01138276EA008540099900000343440516
B1259264546811N01138274EA008530099900000313390516
B1259274546815N01138271EA008520099800000313340547
B1259284546819N01138268EA008510099700000323320560
B1259294546824N01138264EA008500099500000323300560
B1259304546829N01138261EA008490099400000373320560
B1259314546834N01138257EA008480099300000373340560
B1259324546839N01138254EA008470099200000353320560
B1259334546843N01138250EA008460099100000353300560
B1259344546848N01138247EA008460099100000323320560
B1259354546852N01138244EA008450099000000323340560
B1259364546857N01138242EA008440098800000353350560
B1259374546862N01138238EA008430098700000353360598
B1259384546867N01138235EA008410098500000373330598
B1259394546872N01138231EA008400098400000373300598
B1259404546876N01138227EA008400098400000333310598
B1259414546881N01138224EA008390098300000333320598
B1259424546885N01138221EA008380098300000323310598
B1259434546889N01138218EA008370098100000323300596
B1259444546895N01138214EA008360098000000383330596
B1259454546900N01138211EA008350097800000383360596
B1259464546906N01138209EA008330097700000403390596
B1259474546911N01138206EA008330097700000403420646
B1259484546917N01138203EA008320097700000393390646
B1259494546923N01138199EA008330097800000393360646
B1259504546928N01138196EA008330097800000403370646
B1259514546934N01138194EA008330097700000403380646
B1259524546940N01138192EA008330097800000373440646
B1259534546945N01138191EA008330097900000373500646
B1259544546949N01138189EA008330097900000313460646
B1259554546954N01138187EA008330097900000313420646
B1259564546960N01138184EA008330097800000383410646
B1259574546965N01138181EA008320097600000383400688
B1259584546971N01138178EA008310097600000393400688
B1259594546976N01138176EA008310097600000393400688
B1300004546981N01138174EA008310097700000323400688
B1300014546985N01138172EA008320097800000323400688
B1300024546990N01138170EA008320097700000313420688
B1300034546995N01138168EA008310097600000313440696
B1300044547000N01138165EA008300097400000383410696
B1300054547006N01138162EA008290097200000383380696
B1300064547012N01138160EA008280097000000423420742
B1300074547018N01138158EA008260096800000423460742
B1300084547025N01138158EA008240096700000443510742
B1300094547032N01138157EA008230096500000443560742
B1300104547038N01138157EA008220096400000433580742
B1300114547045N01138158EA008200096300000430000742
B1300124547052N01138159EA008190096000000490040742
B1300134547059N01138162EA008170095800000490080742
B1300144547066N01138165EA008160095700000470120770
B1300154547073N01138168EA008150095600000470160770
B1300164547079N01138171EA008140095700000460160751
B1300174547086N01138175EA008140095700000460180751
B1300184547092N01138178EA008140095700000420190751
B1300194547098N01138181EA008130095700000420200751
B1300204547103N01138185EA008130095700000400220751
B1300214547109N01138189EA008120095600000400240751
B1300224547115N01138194EA008120095500000450260772
B1300234547121N01138199EA008110095400000450280772
B1300244547128N01138204EA008100095200000510280772
B1300254547134N01138210EA008090095100000510280772
B1300264547141N01138215EA008090095100000490280772
B1300274547147N01138220EA008080095100000490280748
B1300284547153N01138225EA008080095100000480280748
B1300294547159N01138230EA008080095100000480280748
B1300304547165N01138236EA008080095200000430320781
B1300314547170N01138242EA008080095200000430360781
B1300324547174N01138249EA008080095100000430410781
B1300334547179N01138256EA008070095000000430460781
B1300344547185N01138263EA008060094900000530440781
B1300354547191N01138270EA008050094800000530420762
B1300364547198N01138276EA008050094800000500340762
B1300374547204N01138280EA008050094900000500260762
B1300384547211N01138284EA008060095000000470230804
B1300394547218N01138287EA008060095000000470200804
B1300404547225N01138291EA008060095000000500180804
B1300414547232N01138293EA008070095100000500160804
B1300424547239N01138296EA008070095100000440160804
B1300434547245N01138300EA008070095200000440160804
B1300444547250N01138304EA008080095300000410220804
B1300454547256N01138308EA008080095300000410280804
B1300464547262N01138312EA008090095400000410270845
B1300474547267N01138316EA008100095600000410260845
B1300484547271N01138319EA008110095800000330280831
B1300494547275N01138324EA008120095800000330300831
B1300504547279N01138329EA008130095900000360350831
B1300514547284N01138333EA008130095800000360400831
B1300524547289N01138338EA008130095700000400330831
B1300534547294N01138342EA008120095700000400260831
B1300544547300N01138346EA008120095700000420280831
B1300554547305N01138351EA008110095500000420300831
B1300564547311N01138357EA008100095400000480330862
B1300574547317N01138364EA008090095300000480360862
B1300584547323N01138370EA008090095300000480360851
B1300594547329N01138376EA008090095300000450360851
B1301004547334N01138381EA008090095400000410370851
B1301014547338N01138387EA008090095400000410380851
B1301024547343N01138393EA008080095400000410380851
B1301034547348N01138398EA008080095300000410380851
B1301044547354N01138404EA008070095100000460360851
B1301054547360N01138410EA008050094900000460340851
B1301064547365N01138416EA008040094800000480360876
B1301074547370N01138423EA008030094800000480380868
B1301084547375N01138429EA008030094800000420420868
B1301094547379N01138437EA008020094700000420460868
B1301104547382N01138445EA008020094700000440520868
B1301114547386N01138453EA008010094600000440580868
B1301124547389N01138461EA008010094600000420590868
B1301134547392N01138469EA008000094500000420600858
B1301144547395N01138476EA007990094400000410590858
B1301154547398N01138485EA007980094200000430580858
B1301164547401N01138494EA007970094000000460620858
B1301174547404N01138503EA007950093800000490660858
B1301184547406N01138514EA007930093700000520700858
B1301194547410N01138524EA007920093600000520680850
B1301204547414N01138532EA007920093700000470580867
B1301214547419N01138539EA007930093900000470480867
B1301224547423N01138544EA007940094100000370430867
B1301234547427N01138549EA007950094300000370380867
B1301244547431N01138553EA007960094400000330380867
B1301254547436N01138558EA007970094400000330380867
B1301264547440N01138564EA007970094300000410400867
B1301274547445N01138570EA007970094300000410420851
B1301284547449N01138575EA007970094300000360390851
B1301294547453N01138580EA007980094500000360360851
B1301304547456N01138585EA007990094600000300420851
B1301314547459N01138590EA007990094700000300520851
B1301324547461N01138595EA008000094700000270570866
B1301334547463N01138601EA008000094600000270620866
B1301344547465N01138608EA007990094500000350630866
B1301354547467N01138615EA007980094400000350640866
B1301364547470N01138621EA007970094300000330610857
B1301374547473N01138628EA007960094100000330580857
B1301384547476N01138636EA007940093800000470560857
B1301394547480N01138645EA007920093400000500540857
B1301404547484N01138653EA007900093200000460570857
B1301414547487N01138661EA007880093200000460600857
B1301424547489N01138669EA007880093200000360620846
B1301434547492N01138676EA007870093200000360640846
B1301444547495N01138684EA007860093000000450600846
B1301454547499N01138692EA007850092900000450560846
B1301464547504N01138700EA007840092800000470520846
B1301474547508N01138707EA007840092900000470480846
B1301484547512N01138713EA007840093000000360480872
B1301494547516N01138719EA007850093200000360480859
B1301504547518N01138724EA007860093400000310510859
B1301514547521N01138730EA007870093500000310540859
B1301524547525N01138736EA007880093600000360520859
B1301534547528N01138742EA007880093500000360500859
B1301544547532N01138749EA007880093500000400500859
B1301554547536N01138755EA007880093400000400500859
B1301564547539N01138762EA007870093400000360530859
B1301574547541N01138768EA007880093400000360560840
B1301584547544N01138773EA007870093400000280560840
B1301594547546N01138779EA007870093300000280560840
B1302004547549N01138785EA007860093100000350590840
B1302014547551N01138793EA007830092700000350620840
B1302024547554N01138802EA007810092300000480660840
B1302034547557N01138812EA007780092000000490660840
B1302044547561N01138821EA007760091800000500600871
B1302054547566N01138830EA007750091700000530540871
B1302064547571N01138839EA007740091700000550520871
B1302074547576N01138847EA007740091900000550500871
B1302084547581N01138854EA007760092300000400450871
B1302094547585N01138858EA007780092600000400400871
B1302104547590N01138862EA007810092900000360330871
B1302114547595N01138865EA007820093000000360260871
B1302124547600N01138870EA007840093000000400290862
B1302134547605N01138875EA007840093100000400320862
B1302144547609N01138880EA007850093200000360320862
B1302154547612N01138886EA007860093300000310460908
B1302164547613N01138892EA007870093400000270650908
B1302174547612N01138897EA007880093500000270840908
B1302184547609N01138899EA007880093500000231210862
B1302194547605N01138899EA007900093600000231580862
B1302204547603N01138895EA007910093900000231940862
B1302214547602N01138890EA007930094200000232300862
B1302224547603N01138885EA007950094500000282620862
B1302234547606N01138879EA007970094700000282940862
B1302244547609N01138873EA007990094800000353020862
B1302254547613N01138868EA008000095000000353100908
B1302264547618N01138863EA008010095000000393200909
B1302274547623N01138859EA008020095100000393300909
B1302284547627N01138855EA008030095100000363240909
B1302294547630N01138849EA008030095100000363180909
B1302304547631N01138841EA008030095000000332980909
B1302314547630N01138835EA008020095000000332740909
B1302324547628N01138832EA008020095000000232420909
B1302334547624N01138832EA008030095100000232100909
B1302344547622N01138836EA008030095100000281670909
B1302354547621N01138842EA008040095200000281240909
B1302364547623N01138849EA008060095500000340950909
B1302374547626N01138855EA008070095700000340660909
B1302384547629N01138860EA008090095900000340510909
B1302394547634N01138864EA008110096100000340360909
B1302404547638N01138868EA008130096300000340320908
B1302414547643N01138872EA008140096500000340280908
B1302424547647N01138875EA008160096600000320310908
B1302434547651N01138880EA008170096600000320340908
B1302444547654N01138886EA008180096700000350450908
B1302454547655N01138893EA008180096700000350560908
B1302464547656N01138899EA008190096900000280740908
B1302474547655N01138905EA008200097000000280920908
B1302484547655N01138909EA008220097300000190970908
B1302494547654N01138912EA008230097500000191020908
B1302504547653N01138915EA008250097600000131150908
B1302514547651N01138916EA008260097700000131280908
B1302524547648N01138917EA008270097800000161520908
B1302534547646N01138916EA008290097900000161760908
B1302544547644N01138914EA008310098200000141990908
B1302554547644N01138911EA008330098400000142220908
B1302564547644N01138908EA008340098500000162500908
B1302574547645N01138904EA008350098500000162780908
B1302584547645N01138899EA008350098400000252760908
B1302594547645N01138893EA008340098200000252740908
B1303004547645N01138888EA008330098000000202660908
B1303014547644N01138886EA008320097900000202580908
B1303024547641N01138885EA008300097700000202580908
B1303034547637N01138886EA008280097500000261840908
B1303044547634N01138890EA008260097300000291620908
B1303054547631N01138895EA008250097200000291400908
B1303064547630N01138902EA008240097100000341220908
B1303074547629N01138910EA008220096900000341040908
B1303084547629N01138918EA008210096800000380970895
B1303094547628N01138926EA008190096500000380900895
B1303104547628N01138936EA008170096200000440960895
B1303114547629N01138945EA008150096100000460920895
B1303124547631N01138955EA008140096000000470780895
B1303134547636N01138963EA008120095900000470620895
B1303144547641N01138971EA008120095900000500540874
B1303154547645N01138979EA008110095900000500460874
B1303164547650N01138987EA008110095900000500470874
B1303174547656N01138995EA008110095900000500480874
B1303184547661N01139001EA008120096100000460410893
B1303194547667N01139006EA008130096300000460340893
B1303204547673N01139011EA008150096500000440310893
B1303214547679N01139016EA008160096600000440280893
B1303224547684N01139023EA008170096600000450360884
B1303234547688N01139030EA008180096600000450440884
B1303244547693N01139037EA008180096700000430430884
B1303254547698N01139043EA008190096900000430420884
B1303264547703N01139049EA008210097000000420410884
B1303274547707N01139056EA008210097000000420400884
B1303284547710N01139064EA008210097000000420550884
B1303294547711N01139072EA008200096800000420700898
B1303304547712N01139080EA008200096800000360730898
B1303314547713N01139087EA008190096800000360760898
B1303324547714N01139094EA008190096700000330770898
B1303334547715N01139102EA008180096500000330780898
B1303344547715N01139111EA008160096200000420860898
B1303354547714N01139120EA008140095900000440920872
B1303364547712N01139130EA008120095600000461000872
B1303374547711N01139139EA008100095500000461000872
B1303384547711N01139149EA008090095500000450980872
B1303394547711N01139159EA008080095400000430900872
B1303404547711N01139168EA008070095500000420880858
B1303414547710N01139177EA008070095500000430900837
B1303424547710N01139186EA008070095500000430940837
B1303434547709N01139195EA008070095500000420960837
B1303444547708N01139204EA008070095500000410960837
B1303454547708N01139213EA008070095500000380940837
B1303464547707N01139220EA008060095500000350970821
B1303474547705N01139227EA008060095400000351000821
B1303484547704N01139235EA008050095300000351040821
B1303494547702N01139242EA008040095200000351080821
B1303504547700N01139250EA008030095000000411080821
B1303514547698N01139258EA008020094900000411080821
B1303524547696N01139266EA008010094900000371090821
B1303534547694N01139273EA008010094900000371100808
B1303544547692N01139280EA008010094900000351100808
B1303554547690N01139288EA008000094800000351100808
B1303564547688N01139295EA007990094700000371110808
B1303574547685N01139303EA007980094500000371120808
B1303584547682N01139310EA007970094300000431160808
B1303594547678N01139318EA007950094100000431200794
B1304004547675N01139326EA007940094000000441210794
B1304014547671N01139334EA007930093900000441220794
B1304024547668N01139342EA007920093900000391220794
B1304034547665N01139349EA007910093800000391220794
B1304044547661N01139356EA007900093600000411250794
B1304054547657N01139363EA007890093400000411280760
B1304064547653N01139370EA007870093200000441290750
B1304074547648N01139377EA007860093100000441300750
B1304084547644N01139384EA007840093000000431290750
B1304094547640N01139391EA007830092900000431280750
B1304104547635N01139398EA007820092800000441320750
B1304114547630N01139404EA007810092600000441360750
B1304124547625N01139410EA007800092500000421360750
B1304134547621N01139416EA007800092600000421360750
B1304144547618N01139421EA007810092700000331350770
B1304154547614N01139426EA007810092800000331340770
B1304164547610N01139430EA007810092700000301370772
B1304174547607N01139435EA007800092700000301400772
B1304184547603N01139441EA007790092500000371330772
B1304194547600N01139447EA007780092400000371260772
B1304204547597N01139454EA007770092200000371250772
B1304214547594N01139460EA007760092100000371240772
B1304224547591N01139465EA007750092100000271240772
B1304234547589N01139470EA007750092100000271240802
B1304244547587N01139475EA007740092000000291240802
B1304254547584N01139481EA007720091800000291240802
B1304264547581N01139488EA007710091600000401220802
B1304274547578N01139496EA007700091400000401200802
B1304284547575N01139504EA007680091200000441140802
B1304294547573N01139513EA007670091100000421120802
B1304304547571N01139522EA007660091100000421100822
B1304314547568N01139530EA007650091100000421080822
B1304324547566N01139539EA007650091100000441100822
B1304334547563N01139548EA007660091100000451120822
B1304344547560N01139556EA007660091200000431120804
B1304354547559N01139564EA007660091300000431120804
B1304364547558N01139572EA007680091600000341020812
B1304374547558N01139579EA007690091800000340920812
B1304384547558N01139585EA007700091900000300910812
B1304394547558N01139592EA007700091900000300900812
B1304404547556N01139599EA007700091700000340990812
B1304414547554N01139606EA007690091600000341080812
B1304424547552N01139613EA007680091400000341110812
B1304434547550N01139619EA007670091400000341140829
B1304444547549N01139627EA007670091400000351070829
B1304454547549N01139634EA007670091400000351000829
B1304464547549N01139643EA007670091400000390900829
B1304474547550N01139651EA007670091300000390820829
B1304484547551N01139660EA007660091200000410800829
B1304494547552N01139669EA007650091100000410780842
B1304504547552N01139678EA007640091000000410820842
B1304514547552N01139688EA007630090800000450860842
B1304524547551N01139697EA007620090600000460940842
B1304534547549N01139706EA007600090400000420980842
B1304544547548N01139714EA007590090300000361000842
B1304554547547N01139722EA007570090200000361020850
B1304564547547N01139729EA007570090200000360940850
B1304574547548N01139738EA007550090000000410860850
B1304584547550N01139747EA007540089800000450800850
B1304594547551N01139757EA007520089500000460760850
B1305004547554N01139766EA007500089300000460720850
B1305014547556N01139776EA007480089200000440700846
B1305024547558N01139785EA007470089000000430700846
B1305034547559N01139794EA007450088800000450760846
B1305044547560N01139804EA007420088500000480800846
B1305054547561N01139815EA007400088300000520800866
B1305064547563N01139826EA007380088000000530780854
B1305074547567N01139837EA007360087900000520700854
B1305084547570N01139846EA007350087800000500640854
B1305094547573N01139855EA007350087900000460600854
B1305104547577N01139863EA007350087900000410600854
B1305114547579N01139870EA007340088000000410600844
B1305124547583N01139877EA007340088000000390570844
B1305134547586N01139885EA007330087800000390540844
B1305144547590N01139894EA007320087500000490560844
B1305154547595N01139903EA007300087200000520560844
B1305164547600N01139912EA007280087000000520540844
B1305174547604N01139920EA007260086800000520500841
B1305184547609N01139930EA007250086700000510520841
B1305194547612N01139939EA007230086500000500560848
B1305204547616N01139948EA007220086400000490580848
B1305214547621N01139957EA007210086300000490560848
B1305224547626N01139965EA007200086300000490520848
B1305234547630N01139972EA007190086100000490480828
B1305244547635N01139980EA007180086100000450480828
B1305254547639N01139987EA007170086000000450480828
B1305264547643N01139995EA007150085800000460500828
B1305274547648N01140004EA007140085700000510520828
B1305284547653N01140012EA007130085500000550500828
B1305294547659N01140020EA007110085400000550480806
B1305304547665N01140027EA007110085400000480420821
B1305314547670N01140033EA007110085600000480360821
B1305324547674N01140038EA007120085800000360360821
B1305334547678N01140043EA007120085900000360400821
B1305344547682N01140049EA007120085800000360440821
B1305354547685N01140056EA007120085700000360480821
B1305364547688N01140063EA007110085500000410560821
B1305374547690N01140072EA007090085300000400640812
B1305384547692N01140080EA007080085200000380670812
B1305394547694N01140088EA007070085100000380700812
B1305404547696N01140096EA007060085000000400690812
B1305414547698N01140104EA007050084900000400680812
B1305424547699N01140112EA007040084800000390750812
B1305434547699N01140121EA007030084700000390820810
B1305444547699N01140129EA007020084700000370830810
B1305454547700N01140136EA007020084600000370840810
B1305464547700N01140143EA007010084600000340840810
B1305474547701N01140151EA007010084500000340840810
B1305484547701N01140159EA007000084400000380830810
B1305494547702N01140167EA006990084300000380820797
B1305504547704N01140175EA006990084400000370770797
B1305514547706N01140182EA007000084500000370720797
B1305524547708N01140187EA007010084800000270610797
B1305534547711N01140190EA007030085000000270500833
B1305544547715N01140193EA007040085100000290380833
B1305554547719N01140197EA007050085000000290260833
B1305564547721N01140203EA007040084900000330460833
B1305574547722N01140210EA007030084700000330660833
B1305584547723N01140217EA007030084600000320740818
B1305594547723N01140223EA007040084800000320820818
B1306004547724N01140228EA007050085100000190800818
B1306014547724N01140232EA007060085300000190780818
B1306024547725N01140236EA007070085400000190780818
B1306034547726N01140241EA007080085400000190780818
B1306044547727N01140249EA007080085300000360780818
B1306054547728N01140256EA007080085300000360780818
B1306064547731N01140263EA007080085300000350690818
B1306074547733N01140270EA007080085400000350600823
B1306084547734N01140276EA007090085500000300710823
B1306094547734N01140283EA007100085700000300820823
B1306104547735N01140289EA007110085700000280800823
B1306114547736N01140294EA007120085900000280780823
B1306124547738N01140300EA007130086000000270700823
B1306134547739N01140305EA007150086200000270620823
B1306144547740N01140309EA007160086300000190700823
B1306154547740N01140313EA007160086400000190780823
B1306164547740N01140318EA007170086300000220780830
B1306174547739N01140323EA007170086300000250980830
B1306194547741N01140334EA007170086400000290780830
B1306204547743N01140340EA007180086400000280740830
B1306214547744N01140345EA007180086500000280700830
B1306224547743N01140349EA007190086600000180890830
B1306234547741N01140352EA007190086600000181080830
B1306244547737N01140353EA007190086500000251400830
B1306254547734N01140352EA007200086500000251720830
B1306264547732N01140349EA007200086700000222030830
B1306274547731N01140344EA007210086800000222340830
B1306284547731N01140337EA007220086900000312560830
B1306294547733N01140330EA007230086900000312780830
B1306304547735N01140323EA007240087000000362890830
B1306314547738N01140317EA007240087100000363000830
B1306324547742N01140312EA007250087200000353090823
B1306334547746N01140306EA007260087300000353180823
B1306344547749N01140301EA007260087400000343120823
B1306354547751N01140294EA007270087400000343060823
B1306364547752N01140288EA007270087500000262870823
B1306374547750N01140284EA007280087500000262680823
B1306384547748N01140282EA007280087500000192340823
B1306394547745N01140282EA007280087400000192000823
B1306404547742N01140285EA007280087500000221720823
B1306414547740N01140288EA007290087600000221440823
B1306424547739N01140293EA007300087800000211210823
B1306434547740N01140298EA007310088000000210980823
B1306444547741N01140304EA007320088200000310820823
B1306454547744N01140310EA007330088200000310660823
B1306464547747N01140317EA007340088300000350620830
B1306474547749N01140323EA007350088400000350580830
B1306484547752N01140329EA007360088400000330600830
B1306494547753N01140336EA007360088500000330620830
B1306504547755N01140342EA007370088600000300690830
B1306514547755N01140348EA007380088600000300760830
B1306524547755N01140353EA007390088800000240830830
B1306534547755N01140358EA007390088900000240900830
B1306544547755N01140362EA007400089000000180960830
B1306554547753N01140365EA007410089000000181020830
B1306564547752N01140367EA007420089000000151270834
B1306574547749N01140367EA007420089100000151520834
B1306584547747N01140364EA007430089100000211890830
B1306594547746N01140359EA007430089100000212260830
B1307004547746N01140352EA007440089200000302520830
B1307014547748N01140346EA007450089300000302780830
B1307024547751N01140339EA007450089400000382930830
B1307034547755N01140333EA007470089600000383080830
B1307044547760N01140328EA007480089800000413190830
B1307054547765N01140324EA007500090000000413300873
B1307064547770N01140321EA007510090200000333320873
B1307074547774N01140317EA007520090300000333340873
B1307084547778N01140313EA007540090400000333260869
B1307094547782N01140308EA007550090600000333180869
B1307104547784N01140303EA007560090700000273080869
B1307114547785N01140298EA007580090900000272980869
B1307124547786N01140293EA007590091000000222880869
B1307134547786N01140288EA007600091100000222780869
B1307144547784N01140285EA007600091100000182540869
B1307154547782N01140283EA007610091100000182300869
B1307164547779N01140283EA007610091100000182030869
B1307174547777N01140285EA007620091200000181760869
B1307184547775N01140289EA007630091400000241420869
B1307194547775N01140295EA007640091500000241080869
B1307204547776N01140302EA007650091600000330890869
B1307214547779N01140309EA007660091800000330700869
B1307224547782N01140315EA007670091900000390610869
B1307234547785N01140322EA007690092100000390520873
B1307244547788N01140329EA007700092200000380580873
B1307254547790N01140337EA007720092500000380640873
B1307264547792N01140343EA007740092700000300620873
B1307274547794N01140348EA007760093000000300600873
B1307284547796N01140352EA007790093300000180660873
B1307294547795N01140355EA007800093400000180720873
B1307304547794N01140359EA007810093300000191000873
B1307314547791N01140361EA007810093200000191280873
B1307324547789N01140360EA007810093200000171620873
B1307334547788N01140356EA007810093200000171960873
B1307344547788N01140350EA007810093200000322380873
B1307354547790N01140342EA007810093200000392800873
B1307364547794N01140336EA007820093300000432970873
B1307374547799N01140330EA007830093500000433140873
B1307384547804N01140325EA007850093800000373220873
B1307394547809N01140322EA007870094100000373300873
B1307404547814N01140320EA007890094400000303360912
B1307414547818N01140318EA007910094500000303420912
B1307424547822N01140315EA007930094700000293340913
B1307434547825N01140311EA007940094700000293260913
B1307444547829N01140306EA007950094700000343180913
B1307454547832N01140300EA007950094700000343100913
B1307464547833N01140294EA007950094700000272960913
B1307474547833N01140289EA007950094700000272820913
B1307484547830N01140287EA007950094600000212410913
B1307494547827N01140288EA007940094500000212000913
B1307504547824N01140292EA007940094500000261600913
B1307514547824N01140298EA007950094700000261200913
B1307524547825N01140305EA007960094900000320950913
B1307534547827N01140311EA007980095100000320700913
B1307544547830N01140318EA007990095200000370610912
B1307554547834N01140324EA008000095300000370520912
B1307564547837N01140332EA008020095400000390550912
B1307574547839N01140339EA008030095600000390580912
B1307584547841N01140346EA008050095800000300670912
B1307594547842N01140352EA008060096000000300760912
B1308004547843N01140357EA008080096100000250750912
B1308014547843N01140362EA008090096300000250740912
B1308024547843N01140366EA008100096300000190850912
B1308034547842N01140370EA008100096200000190960912
B1308044547839N01140372EA008090096100000201290912
B1308054547836N01140371EA008090096000000201620912
B1308064547834N01140368EA008090096000000221620912
B1308074547833N01140363EA008090096000000242300912
B1308084547834N01140357EA008090096000000292560912
B1308094547835N01140351EA008090096000000292820912
B1308104547838N01140345EA008090096100000332890912
B1308114547840N01140338EA008090096000000332960912
B1308124547842N01140332EA008090096000000332910912
B1308134547843N01140325EA008090096000000332860912
B1308144547843N01140317EA008090096000000332800912
B1308154547844N01140310EA008090096100000332760913
B1308164547845N01140304EA008100096200000272770913
B1308174547845N01140299EA008100096300000272780913
B1308184547846N01140293EA008110096400000262760913
B1308194547846N01140287EA008110096400000262740913
B1308204547847N01140281EA008120096400000302760913
B1308214547848N01140274EA008120096500000302780913
B1308224547849N01140268EA008130096600000302810913
B1308234547850N01140262EA008140096600000302840907
B1308244547850N01140256EA008140096600000262770907
B1308254547849N01140250EA008140096600000262700907
B1308264547848N01140245EA008130096500000262610907
B1308274547847N01140240EA008130096500000262520907
B1308284547845N01140236EA008130096500000202400907
B1308294547843N01140234EA008130096500000202280907
B1308304547840N01140232EA008130096500000182130907
B1308314547837N01140232EA008130096500000181980907
B1308324547835N01140233EA008130096500000191800907
B1308334547832N01140236EA008130096500000191620907
B1308344547830N01140240EA008120096400000261370907
B1308354547830N01140246EA008120096400000261120907
B1308364547831N01140253EA008120096300000330930907
B1308374547833N01140260EA008110096300000330740907
B1308384547835N01140266EA008110096300000310660907
B1308394547837N01140272EA008110096300000310580913
B1308404547839N01140278EA008110096200000340650913
B1308414547840N01140286EA008100096000000340720913
B1308424547841N01140294EA008100096000000350760913
B1308434547842N01140301EA008090096000000350800913
B1308444547843N01140308EA008090096100000320770913
B1308454547845N01140315EA008100096100000320740913
B1308464547846N01140322EA008100096100000360740912
B1308474547847N01140330EA008100096000000360740912
B1308484547849N01140338EA008100096000000380730912
B1308494547851N01140346EA008100096100000380720912
B1308504547853N01140353EA008110096200000350700912
B1308514547855N01140360EA008110096300000350680912
B1308524547857N01140367EA008120096300000370670912
B1308534547859N01140375EA008120096300000370660912
B1308544547861N01140382EA008120096300000330670945
B1308554547863N01140388EA008120096400000330680945
B1308564547864N01140394EA008130096400000280720945
B1308574547865N01140401EA008130096300000280760945
B1308584547866N01140408EA008120096200000360750945
B1308594547868N01140416EA008120096200000360740945
B1309004547870N01140423EA008130096300000370700935
B1309014547872N01140430EA008130096400000370660935
B1309024547874N01140436EA008140096600000270690935
B1309034547874N01140441EA008150096700000270720935
B1309044547874N01140446EA008160096700000250860935
B1309054547873N01140451EA008160096700000251000935
B1309064547871N01140455EA008160096800000181100935
B1309074547870N01140457EA008170096800000181200935
B1309084547868N01140457EA008170096900000111400935
B1309094547867N01140455EA008170096800000111820935
B1309104547865N01140451EA008170096800000202140935
B1309114547865N01140446EA008170096800000202460935
B1309124547865N01140440EA008170096800000292630935
B1309134547867N01140434EA008180096800000292800935
B1309144547868N01140427EA008180096900000282810935
B1309154547869N01140422EA008200097200000282820935
B1309164547870N01140418EA008210097400000232920935
B1309174547873N01140414EA008230097600000233020945
B1309184547875N01140409EA008240097700000273050945
B1309194547878N01140405EA008240097700000273080945
B1309204547880N01140400EA008250097700000273050945
B1309214547882N01140395EA008260097800000273020945
B1309224547884N01140391EA008260097900000182980945
B1309234547884N01140388EA008270097900000182940945
B1309244547883N01140384EA008270098000000172730945
B1309254547882N01140381EA008280098000000172520945
B1309264547880N01140379EA008280098000000142290945
B1309274547878N01140380EA008290098100000142060945
B1309284547876N01140383EA008290098100000221660945
B1309294547875N01140389EA008290098000000221260945
B1309304547874N01140395EA008290098100000301090945
B1309314547875N01140402EA008290098100000300920945
B1309324547877N01140408EA008300098200000350770945
B1309334547880N01140415EA008300098200000350620945
B1309344547884N01140422EA008300098100000430540935
B1309354547888N01140429EA008300098100000430460935
B1309364547892N01140437EA008300098100000400540935
B1309374547893N01140444EA008300098100000400620935
B1309384547893N01140451EA008300098200000290790935
B1309394547892N01140456EA008300098200000290960935
B1309404547890N01140460EA008300098200000201140935
B1309414547887N01140461EA008300098200000201320935
B1309424547885N01140459EA008300098100000171720935
B1309434547884N01140456EA008300098100000172120935
B1309444547883N01140450EA008290098100000272380935
B1309454547883N01140444EA008290098000000272640935
B1309464547884N01140437EA008290098000000302670935
B1309474547883N01140431EA008290098000000302700935
B1309484547883N01140425EA008290098000000292670935
B1309494547883N01140418EA008280098000000292640935
B1309504547883N01140412EA008280098000000282670945
B1309514547882N01140406EA008280098000000282700945
B1309524547882N01140401EA008280098100000252670945
B1309534547882N01140395EA008280098100000252640945
B1309544547882N01140389EA008280098000000292670945
B1309554547883N01140382EA008280097900000292700945
B1309564547884N01140373EA008270097800000432800945
B1309574547885N01140364EA008270097800000432840943
B1309584547886N01140355EA008280097900000392800943
B1309594547887N01140347EA008290098100000342780943
B1310004547888N01140341EA008300098300000302810943
B1310014547889N01140335EA008320098500000302840943
B1310024547890N01140329EA008320098600000272800943
B1310034547890N01140323EA008320098400000272760943
B1310044547890N01140315EA008310098200000392700946
B1310054547889N01140306EA008300098000000402660946
B1310064547888N01140298EA008290097900000362620946
B1310074547887N01140290EA008290098000000342580946
B1310084547886N01140283EA008290098000000322590946
B1310094547885N01140276EA008280098000000322600946
B1310104547884N01140270EA008280097900000332560946
B1310114547882N01140262EA008270097700000372520946
B1310124547880N01140254EA008260097600000402480946
B1310134547878N01140246EA008250097500000392500946
B1310144547876N01140239EA008240097500000352500946
B1310154547875N01140232EA008240097500000352500946
B1310164547873N01140227EA008240097500000292470946
B1310174547871N01140220EA008230097400000292440946
B1310184547868N01140213EA008220097300000392430944
B1310194547865N01140205EA008210097100000412420944
B1310204547862N01140198EA008210097000000392390944
B1310214547859N01140191EA008200097000000392360906
B1310224547857N01140185EA008210097100000312380906
B1310234547855N01140180EA008210097300000312400906
B1310244547853N01140174EA008210097300000312390906
B1310254547850N01140168EA008210097200000312380906
B1310264547846N01140162EA008210097100000362340907
B1310274547843N01140156EA008210097000000362300907
B1310284547840N01140151EA008200097000000312290907
B1310294547837N01140146EA008210097100000312280907
B1310304547835N01140142EA008210097100000232300907
B1310314547832N01140138EA008210097200000232320907
B1310324547830N01140133EA008210097100000292290907
B1310334547826N01140128EA008200096900000292260907
B1310344547822N01140123EA008190096700000372220907
B1310354547817N01140119EA008180096700000372180907
B1310364547814N01140114EA008180096700000292180908
B1310374547811N01140111EA008190096800000292180908
B1310384547809N01140107EA008190096900000242230880
B1310394547806N01140103EA008190096900000242280880
B1310404547803N01140098EA008190096800000282270880
B1310414547800N01140094EA008190096800000282260880
B1310424547797N01140090EA008180096700000282200880
B1310434547793N01140087EA008180096700000282140880
B1310444547790N01140085EA008190096800000212080880
B1310454547787N01140083EA008190096900000212020880
B1310464547785N01140081EA008200097000000192060880
B1310474547782N01140079EA008200097000000192100880
B1310484547780N01140077EA008200097100000182070880
B1310494547777N01140076EA008200097100000182040880
B1310504547773N01140075EA008210097100000241960880
B1310514547770N01140074EA008210097100000241880880
B1310524547766N01140073EA008210097100000251920880
B1310534547763N01140071EA008220097200000251960880
B1310544547761N01140070EA008230097300000162030880
B1310554547759N01140067EA008240097500000162100852
B1310564547759N01140064EA008250097600000172310850
B1310574547758N01140059EA008250097500000172520850
B1310584547756N01140055EA008250097400000242480850
B1310594547755N01140050EA008240097300000242440850
B1311004547754N01140045EA008240097300000252440850
B1311014547754N01140040EA008250097500000252560850
B1311024547754N01140036EA008270097800000162630850
B1311034547753N01140033EA008280097900000162700850
B1311044547751N01140032EA008290098000000152390850
B1311054547749N01140031EA008290098000000152080850
B1311064547747N01140033EA008300098100000181750850
B1311074547745N01140037EA008320098300000181420850
B1311084547746N01140044EA008330098400000331050850
B1311094547750N01140051EA008330098400000330680850
B1311104547756N01140056EA008340098400000500470850
B1311114547764N01140059EA008350098500000500260884
B1311124547771N01140058EA008360098800000470070884
B1311134547777N01140054EA008380099000000473480884
B1311144547783N01140049EA008400099200000433360884
B1311154547787N01140044EA008410099200000433240884
B1311164547792N01140038EA008410099200000383210884
B1311174547795N01140032EA008420099200000383180884
B1311184547797N01140025EA008420099300000352990884
B1311194547796N01140018EA008430099300000352800884
B1311204547794N01140012EA008430099300000292560890
B1311214547791N01140009EA008440099500000292320890
B1311224547788N01140007EA008450099600000212170890
B1311234547786N01140006EA008460099800000212020890
B1311244547783N01140005EA008480100000000151970890
B1311254547781N01140004EA008490100200000151920890
B1311264547779N01140005EA008510100400000131780890
B1311274547777N01140007EA008530100600000131640890
B1311284547776N01140010EA008540100800000201440890
B1311294547774N01140015EA008550100900000201240890
B1311304547774N01140021EA008560101000000291080884
B1311314547775N01140028EA008570101100000290920884
B1311324547778N01140036EA008580101100000440730884
B1311334547783N01140043EA008590101100000440540884
B1311344547790N01140048EA008590101100000510380884
B1311354547797N01140050EA008590101200000510220884
B1311364547805N01140048EA008590101200000500040884
B1311374547811N01140043EA008600101200000503440910
B1311384547816N01140036EA008600101200000453260910
B1311394547819N01140028EA008600101300000413080910
B1311404547820N01140020EA008610101400000372920910
B1311414547820N01140013EA008620101500000372740910
B1311424547819N01140006EA008620101500000312680910
B1311434547818N01140000EA008630101600000312620910
B1311444547817N01139996EA008650101800000212480910
B1311454547814N01139993EA008660101900000212340910
B1311464547811N01139991EA008670102100000232200910
B1311474547808N01139989EA008690102300000232060890
B1311484547805N01139989EA008710102500000161930890
B1311494547803N01139990EA008730102800000161800890
B1311504547801N01139992EA008750103000000151610890
B1311514547800N01139995EA008770103200000151420890
B1311524547798N01139999EA008790103400000231270890
B1311534547797N01140004EA008800103500000231120890
B1311544547798N01140011EA008820103700000310970890
B1311554547799N01140018EA008830103800000310820884
B1311564547804N01140025EA008850103900000450620884
B1311574547810N01140030EA008860103900000450420884
B1311584547818N01140032EA008870104000000520240910
B1311594547825N01140030EA008880104200000520020910
B1312004547830N01140024EA008900104400000400020910
B1312014547833N01140018EA008920104700000333140910
B1312024547834N01140012EA008940104900000262980910
B1312034547835N01140007EA008960105200000262820910
B1312044547835N01140004EA008980105500000162770910
B1312054547835N01140001EA009000105700000162720910
B1312064547833N01139998EA009020105700000162470910
B1312074547830N01139997EA009030105700000162220910
B1312084547827N01139997EA009040105800000251950910
B1312094547823N01140000EA009050105900000251680910
B1312104547821N01140006EA009060106200000301400910
B1312114547820N01140012EA009090106500000301120910
B1312124547821N01140020EA009110106800000360950910
B1312134547823N01140028EA009130107000000360780910
B1312144547825N01140036EA009150107100000430700910
B1312154547829N01140045EA009170107200000480620910
B1312164547835N01140052EA009180107300000490520910
B1312174547841N01140058EA009190107500000490420910
B1312184547848N01140060EA009200107600000480250910
B1312194547855N01140060EA009210107600000480080910
B1312204547862N01140057EA009210107600000453530930
B1312214547867N01140052EA009220107700000453380930
B1312224547870N01140046EA009230107800000353180930
B1312234547871N01140038EA009240107900000342980930
B1312244547871N01140031EA009250108000000302780930
B1312254547869N01140026EA009270108200000302580930
B1312264547866N01140023EA009290108500000212340930
B1312274547864N01140023EA009310108900000212100930
B1312284547861N01140024EA009340109200000141850930
B1312294547860N01140025EA009370109500000141600910
B1312304547858N01140029EA009390109700000211410910
B1312314547856N01140034EA009410109900000211220910
B1312324547856N01140042EA009420110000000411060910
B1312334547857N01140052EA009440110100000460900910
B1312344547860N01140061EA009460110300000470740910
B1312354547865N01140069EA009480110600000470600928
B1312364547871N01140075EA009490110700000500440928
B1312374547878N01140078EA009510110800000500280928
B1312384547886N01140078EA009510110800000510120928
B1312394547893N01140076EA009520110900000513560928
B1312404547899N01140072EA009530110900000453430928
B1312414547904N01140067EA009540111100000453300928
B1312424547908N01140061EA009550111300000343180930
B1312434547910N01140055EA009570111400000343060930
B1312444547911N01140049EA009580111600000272900929
B1312454547911N01140043EA009600111800000272740929
B1312464547910N01140039EA009620112100000172660930
B1312474547910N01140037EA009650112500000172580930
B1312484547909N01140036EA009680112800000082340930
B1312494547907N01140036EA009700113000000082100930
B1312504547905N01140038EA009720113100000171830930
B1312514547902N01140040EA009730113200000171560930
B1312524547900N01140044EA009750113400000261380930
B1312534547899N01140051EA009770113500000261200930
B1312544547900N01140059EA009780113700000410990930
B1312554547903N01140068EA009800113800000470780928
B1312564547908N01140075EA009810114000000490580928
B1312574547915N01140081EA009830114100000490380944
B1312584547922N01140085EA009840114300000490280944
B1312594547929N01140087EA009860114500000490180944
B1313004547935N01140087EA009880114800000440070944
B1313014547941N01140085EA009900115000000443560944
B1313024547947N01140081EA009910115100000413400944
B1313034547951N01140075EA009930115200000413260944
B1313044547953N01140069EA009940115400000313080944
B1313054547954N01140063EA009960115600000312900929
B1313064547952N01140059EA009980115700000212640929
B1313074547950N01140056EA010000115900000212380929
B1313084547947N01140056EA010010116100000202050929
B1313094547944N01140059EA010040116400000201720929
B1313104547942N01140063EA010070116800000261420929
B1313114547942N01140069EA010090117100000261120944
B1313124547942N01140075EA010120117300000290980944
B1313134547943N01140082EA010140117500000290840944
B1313144547944N01140088EA010160117700000330770944
B1313154547947N01140096EA010180117900000330700944
B1313164547950N01140104EA010190118000000460620944
B1313174547955N01140111EA010210118100000460540944
B1313184547961N01140117EA010230118400000490420966
B1313194547968N01140121EA010240118600000490300966
B1313204547975N01140121EA010260118700000460120966
B1313214547982N01140118EA010270118800000463540966
B1313224547987N01140112EA010280118900000453380949
B1313234547992N01140106EA010300119100000453220949
B1313244547995N01140100EA010320119400000313100949
B1313254547996N01140094EA010340119700000312980949
B1313264547996N01140090EA010360119900000212790949
B1313274547994N01140086EA010370120000000212600949
B1313284547992N01140084EA010390120100000172330949
B1313294547990N01140084EA010400120200000172060949
B1313304547987N01140086EA010420120500000191750949
B1313314547985N01140089EA010450120800000191440949
B1313324547984N01140093EA010480121200000201260949
B1313334547984N01140098EA010500121500000201080949
B1313344547983N01140103EA010530121700000251000949
B1313354547984N01140110EA010540121800000250920949
B1313364547985N01140117EA010550121800000390800966
B1313374547989N01140125EA010560121900000390680966
B1313384547994N01140132EA010580122000000490520966
B1313394548001N01140137EA010590122200000490360966
B1313404548008N01140138EA010610122400000460210966
B1313414548014N01140139EA010630122600000460060983
B1313424548020N01140137EA010650122900000413580983
B1313434548026N01140135EA010670123200000413500983
B1313444548031N01140132EA010690123400000383380983
B1313454548035N01140126EA010710123500000383260983
B1313464548038N01140120EA010720123600000333090983
B1313474548039N01140113EA010730123700000332920962
B1313484548039N01140108EA010750123900000222780962
B1313494548038N01140105EA010770124200000222640962
B1313504548037N01140103EA010790124300000132340962
B1313514548034N01140104EA010800124500000132040962
B1313524548032N01140105EA010820124600000181780962
B1313534548030N01140108EA010830124800000181520962
B1313544548029N01140114EA010850125000000271260962
B1313554548029N01140121EA010870125200000271000983
B1313564548031N01140129EA010890125400000410840983
B1313574548034N01140136EA010910125600000410680983
B1313584548039N01140143EA010930125800000450520983
B1313594548046N01140147EA010950126000000450360983
B1314004548053N01140150EA010970126100000520210983
B1314014548061N01140149EA010980126300000520060991
B1314024548067N01140145EA011000126500000450060991
B1314034548071N01140140EA011020126800000353320991
B1314044548073N01140133EA011040126900000303050991
B1314054548073N01140127EA011050127000000302780991
B1314064548073N01140122EA011050127000000242750991
B1314074548073N01140117EA011060127100000242720991
B1314084548073N01140113EA011070127200000192630981
B1314094548070N01140109EA011070127200000192540981
B1314104548066N01140106EA011070127100000332270981
B1314114548061N01140105EA011070127100000332000981
B1314124548056N01140106EA011080127300000331850962
B1314134548052N01140107EA011110127600000331700962
B1314144548049N01140110EA011140128100000201580962
B1314154548047N01140113EA011180128600000201460962
B1314164548046N01140117EA011210128900000211250983
B1314174548046N01140123EA011240129100000211040983
B1314184548045N01140130EA011250129200000361000983
B1314194548045N01140138EA011270129200000360960983
B1314204548047N01140146EA011280129300000390800983
B1314214548051N01140152EA011280129300000390640983
B1314224548057N01140156EA011290129300000440390983
B1314234548064N01140156EA011280129200000440140991
B1314244548070N01140153EA011280129100000433540991
B1314254548075N01140148EA011290129400000433340991
B1314264548077N01140143EA011300129700000263150991
B1314274548077N01140138EA011320130000000262960991
B1314284548076N01140132EA011340130100000272740991
B1314294548074N01140127EA011350130100000272520991
B1314304548071N01140121EA011360130200000302390991
B1314314548068N01140118EA011370130400000302260991
B1314324548064N01140118EA011380130500000281990991
B1314334548060N01140120EA011400130700000281720983
B1314344548056N01140122EA011420131000000221660983
B1314354548054N01140123EA011450131200000221600983
B1314364548052N01140125EA011460131400000171500983
B1314374548049N01140129EA011480131500000171400983
B1314384548046N01140135EA011490131600000361330983
B1314394548043N01140142EA011500131600000361260983
B1314404548042N01140150EA011510131800000371140983
B1314414548041N01140158EA011530132000000371020983
B1314424548043N01140166EA011540132100000400870983
B1314434548046N01140174EA011540132100000400720994
B1314444548049N01140182EA011540132100000460610994
B1314454548055N01140189EA011540132000000460500994
B1314464548061N01140194EA011530131900000500381001
B1314474548068N01140197EA011530131900000500261001
B1314484548075N01140197EA011530131900000410091001
B1314494548080N01140195EA011530132000000413521001
B1314504548083N01140191EA011540132100000263351001
B1314514548085N01140187EA011550132200000263181001
B1314524548086N01140183EA011550132300000203181001
B1314534548085N01140179EA011560132300000172721001
B1314544548084N01140176EA011570132500000132551001
B1314554548083N01140175EA011580132600000132381001
B1314564548080N01140175EA011590132700000172031001
B1314574548077N01140178EA011590132700000171681001
B1314584548073N01140182EA011600132600000341501001
B1314594548071N01140189EA011600132700000341321001
B1315004548069N01140197EA011620132900000371181001
B1315014548068N01140204EA011620133000000371041001
B1315024548067N01140211EA011630133100000331021001
B1315034548066N01140219EA011640133100000331001010
B1315044548065N01140228EA011630133000000450981010
B1315054548064N01140238EA011630132900000480961010
B1315064548064N01140248EA011630133000000480941010
B1315074548063N01140258EA011640133100000450941010
B1315084548063N01140268EA011650133300000430921024
B1315094548063N01140277EA011670133500000440921024
B1315104548063N01140287EA011680133600000420901024
B1315114548063N01140296EA011690133700000410881024
B1315124548063N01140305EA011700133800000420881024
B1315134548062N01140313EA011710133900000420921024
B1315144548061N01140320EA011710133800000320981024
B1315154548060N01140327EA011700133700000321041005
B1315164548060N01140334EA011690133500000370981005
B1315174548060N01140343EA011680133400000430921005
B1315184548061N01140353EA011670133200000470841024
B1315194548062N01140363EA011660133000000460801024
B1315204548062N01140373EA011650132900000430821001
B1315214548063N01140382EA011640132800000420861001
B1315224548064N01140391EA011630132600000440841001
B1315234548065N01140401EA011610132400000490801001
B1315244548067N01140412EA011600132200000520781001
B1315254548070N01140422EA011580132000000520720985
B1315264548073N01140432EA011570131900000490680985
B1315274548075N01140442EA011560131900000470660985
B1315284548078N01140452EA011550131900000470680985
B1315294548081N01140461EA011550131800000490680985
B1315304548084N01140472EA011540131700000520660962
B1315314548087N01140482EA011530131600000520640962
B1315324548090N01140492EA011520131500000500660962
B1315334548092N01140502EA011520131500000480680962
B1315344548095N01140512EA011520131600000480700962
B1315354548098N01140521EA011530131600000470680951
B1315364548101N01140530EA011540131800000440640951
B1315374548104N01140537EA011550132000000440600951
B1315384548106N01140545EA011560132100000370620951
B1315394548109N01140552EA011560132200000370640951
B1315404548111N01140560EA011570132100000420670969
B1315414548113N01140570EA011570132100000460700964
B1315424548114N01140580EA011560132000000480740964
B1315434548115N01140590EA011560132000000470800964
B1315444548116N01140600EA011560132000000460840964
B1315454548116N01140610EA011570132100000440860964
B1315464548117N01140619EA011580132200000410840963
B1315474548117N01140627EA011580132300000410820963
B1315484548118N01140636EA011590132300000400840963
B1315494548118N01140645EA011580132200000440880963
B1315504548118N01140655EA011580132000000460880963
B1315514548118N01140665EA011570132000000470880963
B1315524548118N01140675EA011570131900000450880960
B1315534548118N01140685EA011570131900000440880960
B1315544548118N01140694EA011560131900000450880960
B1315554548119N01140705EA011560131800000490880960
B1315564548119N01140716EA011550131700000520880960
B1315574548120N01140727EA011550131600000500860942
B1315584548120N01140736EA011550131700000420840942
B1315594548120N01140745EA011560131800000360880942
B1316004548120N01140753EA011560131900000380890942
B1316014548120N01140761EA011550131800000380900942
B1316024548120N01140771EA011550131600000450880918
B1316034548120N01140781EA011540131500000460880918
B1316044548119N01140791EA011520131300000470900918
B1316054548119N01140801EA011510131100000480920918
B1316064548118N01140812EA011490130900000490940918
B1316074548117N01140822EA011470130700000480960898
B1316084548116N01140832EA011450130500000460960898
B1316094548115N01140842EA011430130300000460980898
B1316104548114N01140852EA011410130100000480960898
B1316114548114N01140863EA011390129700000510960898
B1316124548113N01140874EA011360129400000540940874
B1316134548112N01140886EA011330129000000580940874
B1316144548111N01140899EA011300128700000600940874
B1316154548111N01140912EA011270128400000580940874
B1316164548110N01140924EA011250128200000550920865
B1316174548110N01140935EA011240128200000520940865
B1316184548109N01140946EA011230128200000500940886
B1316194548109N01140957EA011220128100000510920886
B1316204548109N01140968EA011200128000000520900870
B1316214548109N01140980EA011190127800000530860870
B1316224548110N01140991EA011170127600000520860860
B1316234548110N01141002EA011160127400000510880860
B1316244548110N01141013EA011140127200000510880860
B1316254548110N01141024EA011130127000000510900844
B1316264548109N01141035EA011110126900000500900853
B1316274548109N01141046EA011100126800000490900853
B1316284548110N01141056EA011090126800000470880844
B1316294548110N01141066EA011080126700000460860822
B1316304548110N01141076EA011080126600000480880822
B1316314548110N01141087EA011070126500000510900822
B1316324548110N01141098EA011060126400000520900822
B1316334548110N01141110EA011040126200000520900822
B1316344548110N01141121EA011030126100000530880795
B1316354548110N01141132EA011020125900000530880795
B1316364548110N01141144EA011010125800000530880795
B1316374548111N01141155EA010990125600000530880795
B1316384548112N01141166EA010980125600000520840779
B1316394548114N01141177EA010960125400000510800779
B1316404548115N01141188EA010950125300000500780779
B1316414548115N01141199EA010940125100000520800779
B1316424548116N01141210EA010910124800000530860779
B1316434548116N01141222EA010890124600000550880765
B1316444548116N01141234EA010880124400000540900765
B1316454548116N01141245EA010860124200000520880765
B1316464548116N01141256EA010840124100000510880765
B1316474548116N01141267EA010830124000000510900751
B1316484548115N01141278EA010810123800000520900751
B1316494548115N01141290EA010800123700000530920751
B1316504548114N01141301EA010790123500000540940751
B1316514548113N01141313EA010770123300000550940751
B1316524548113N01141325EA010760123200000550920725
B1316534548113N01141337EA010740123000000550900725
B1316544548112N01141349EA010730122900000560900725
B1316554548112N01141361EA010720122700000560920725
B1316564548110N01141373EA010700122600000570940722
B1316574548109N01141385EA010690122400000580980699
B1316584548109N01141398EA010670122100000590960699
B1316594548109N01141411EA010650121900000600920699
B1317004548109N01141424EA010630121700000600880723
B1317014548108N01141437EA010610121500000590880723
B1317024548108N01141449EA010590121300000580920723
B1317034548108N01141462EA010570121100000580920723
B1317044548109N01141475EA010550120900000600880746
B1317054548109N01141487EA010530120700000600860746
B1317064548109N01141500EA010510120500000570860746
B1317074548109N01141512EA010500120400000560900746
B1317084548109N01141524EA010480120300000550920769
B1317094548109N01141536EA010470120100000540900769
B1317104548109N01141548EA010450120000000550880769
B1317114548109N01141560EA010440119800000560880769
B1317124548108N01141572EA010420119600000580900778
B1317134548108N01141585EA010400119400000580920778
B1317144548107N01141597EA010390119300000550940778
B1317154548107N01141609EA010370119200000550940778
B1317164548107N01141621EA010360119000000570920781
B1317174548107N01141634EA010340118800000580880781
B1317184548108N01141646EA010330118700000580840781
B1317194548108N01141659EA010310118500000610860781
B1317204548108N01141673EA010300118300000640880768
B1317214548109N01141686EA010290118200000640880768
B1317224548110N01141700EA010280118100000620840736
B1317234548112N01141713EA010280118100000580800736
B1317244548113N01141724EA010270118200000550780693
B1317254548114N01141736EA010270118200000540800693
B1317264548116N01141748EA010260118100000550800693
B1317274548118N01141760EA010250117900000580800693
B1317284548120N01141773EA010240117700000600760657
B1317294548122N01141785EA010220117500000600740657
B1317304548123N01141798EA010210117400000580760657
B1317314548124N01141810EA010200117300000560800657
B1317324548125N01141822EA010180117200000550840622
B1317334548127N01141833EA010170117100000560820622
B1317344548129N01141845EA010150116900000580760622
B1317354548132N01141858EA010140116700000580720622
B1317364548133N01141870EA010120116500000570740581
B1317374548135N01141882EA010100116300000560800581
B1317384548136N01141894EA010080116200000550820581
B1317394548138N01141905EA010070116100000530800581
B1317404548139N01141916EA010060116000000520760540
B1317414548141N01141927EA010040115800000510760540
B1317424548143N01141938EA010030115700000510760540
B1317434548144N01141949EA010020115600000520780540
B1317444548146N01141960EA010010115400000520780540
B1317454548148N01141971EA009990115300000540780505
B1317464548149N01141983EA009980115200000550760505
B1317474548151N01141995EA009970115100000570760505
B1317484548153N01142007EA009970115000000580780505
B1317494548155N01142019EA009960115000000580760465
B1317504548158N01142031EA009960115000000560740465
B1317514548160N01142042EA009950115000000560720456
B1317524548162N01142054EA009950114900000560720456
B1317534548164N01142066EA009950114900000580740417
B1317544548167N01142079EA009940114800000600760417
B1317554548169N01142091EA009940114800000610740417
B1317564548172N01142104EA009940114700000600740417
B1317574548174N01142116EA009930114700000580740385
B1317584548176N01142128EA009930114800000550720385
B1317594548179N01142138EA009940114900000510740385
B1318004548181N01142149EA009940115000000480720385
B1318014548183N01142158EA009940115000000470700385
B1318024548185N01142168EA009950115000000490700351
B1318034548188N01142179EA009940115000000510720351
B1318044548191N01142189EA009940114900000530700351
B1318054548194N01142200EA009940114700000540680351
B1318064548196N01142211EA009930114600000550700351
B1318074548198N01142223EA009920114500000550740315
B1318084548200N01142234EA009910114400000540760315
B1318094548203N01142245EA009900114400000540740315
B1318104548206N01142256EA009890114300000530700315
B1318114548209N01142266EA009890114400000510680278
B1318124548212N01142276EA009890114400000490660273
B1318134548214N01142286EA009900114500000470680273
B1318144548216N01142295EA009900114500000430700273
B1318154548218N01142304EA009900114600000430700273
B1318164548220N01142313EA009910114700000450700273
B1318174548222N01142322EA009920114800000450720240
B1318184548224N01142331EA009930114900000440720240
B1318194548226N01142340EA009940115000000430720240
B1318204548228N01142349EA009940115100000420720240
B1318214548229N01142358EA009950115100000410760240
B1318224548231N01142367EA009960115200000420760212
B1318234548233N01142375EA009960115200000420740212
B1318244548235N01142384EA009960115200000430700212
B1318254548237N01142393EA009970115200000430700212
B1318264548239N01142402EA009970115200000450720212
B1318274548241N01142412EA009960115100000480740212
B1318284548243N01142422EA009950114800000500760175
B1318294548244N01142433EA009930114600000510740175
B1318304548246N01142444EA009900114300000510780175
B1318314548247N01142455EA009880114000000510800175
B1318324548248N01142465EA009850113700000490800144
B1318334548249N01142476EA009830113500000480820144
B1318344548250N01142486EA009810113300000490800144
B1318354548251N01142497EA009780112900000510800144
B1318364548253N01142508EA009750112500000530800144
B1318374548254N01142519EA009720112100000560780134
B1318384548255N01142531EA009680111700000560780134
B1318394548256N01142544EA009650111400000560820134
B1318404548256N01142556EA009620111100000550860134
B1318414548256N01142567EA009600110900000540900132
B1318424548256N01142579EA009570110700000540880132
B1318434548258N01142591EA009550110400000550840132
B1318444548259N01142602EA009530110200000550780132
B1318454548261N01142614EA009500110000000530780137
B1318464548261N01142625EA009480109800000510820132
B1318474548262N01142635EA009470109700000490840132
B1318484548264N01142646EA009450109600000490800132
B1318494548267N01142655EA009440109400000490720132
B1318504548270N01142665EA009420109200000490640131
B1318514548273N01142675EA009400109000000510640131
B1318524548274N01142686EA009380108700000540720131
B1318534548274N01142698EA009350108300000570820131
B1318544548274N01142710EA009330108000000560880131
B1318554548274N01142722EA009300107800000540900131
B1318564548274N01142734EA009280107700000520900131
B1318574548274N01142745EA009260107600000500900131
B1318584548273N01142755EA009230107300000510900131
B1318594548272N01142767EA009210107100000530960131
B1319004548270N01142778EA009180106700000541000131
B1319014548268N01142790EA009160106500000541020131
B1319024548268N01142801EA009140106300000530980131
B1319034548268N01142812EA009120106200000490920131
B1319044548268N01142822EA009110106200000440860120
B1319054548269N01142831EA009110106200000420840120
B1319064548270N01142840EA009100106100000420840120
B1319074548270N01142849EA009090106000000420840120
B1319084548271N01142858EA009070105700000450820120
B1319094548273N01142869EA009060105500000480780118
B1319104548274N01142879EA009040105200000500780118
B1319114548275N01142889EA009020105000000470800118
B1319124548276N01142899EA009000104900000430820118
B1319134548276N01142908EA008980104700000410820118
B1319144548277N01142917EA008960104500000430820121
B1319154548278N01142927EA008930104200000460840121
B1319164548279N01142937EA008910103900000480840121
B1319174548280N01142947EA008890103700000480800121
B1319184548281N01142957EA008870103600000460780121
B1319194548283N01142967EA008860103500000440780120
B1319204548284N01142976EA008850103400000450800120
B1319214548285N01142986EA008830103200000480800120
B1319224548287N01142997EA008820103100000500760120
B1319234548288N01143007EA008800102900000480760120
B1319244548290N01143017EA008790102900000450760120
B1319254548290N01143026EA008780102800000420800120
B1319264548291N01143035EA008780102800000400820120
B1319274548293N01143043EA008770102700000400800120
B1319284548295N01143052EA008750102400000430740120
B1319294548297N01143061EA008740102200000440720120
B1319304548298N01143071EA008720101900000460720127
B1319314548299N01143080EA008700101700000460760127
B1319324548300N01143090EA008670101500000460800127
B1319334548301N01143100EA008650101300000460820127
B1319344548302N01143110EA008630101100000470820127
B1319354548304N01143120EA008610100800000470780159
B1319364548306N01143129EA008590100600000460740159
B1319374548308N01143139EA008570100400000460700159
B1319384548311N01143148EA008550100200000480700164
B1319394548313N01143159EA008530100000000500720164
B1319404548314N01143169EA008520099900000500740214
B1319414548316N01143179EA008510099900000470760214
B1319424548317N01143189EA008510100000000430760214
B1319434548318N01143197EA008510100100000430800214
B1319444548318N01143205EA008510100200000350830214
B1319454548318N01143213EA008520100200000350860214
B1319464548319N01143221EA008520100200000380850247
B1319474548319N01143229EA008510100100000380840247
B1319484548320N01143238EA008500099900000410840247
B1319494548320N01143247EA008500099800000420840247
B1319504548321N01143256EA008490099700000420840247
B1319514548322N01143265EA008480099600000420820243
B1319524548323N01143274EA008470099500000440800243
B1319534548324N01143284EA008460099400000450780243
B1319544548325N01143293EA008460099400000430800243
B1319554548325N01143302EA008460099500000380860243
B1319564548325N01143309EA008470099700000320870243
B1319574548325N01143316EA008480099900000320880243
B1319584548326N01143322EA008490100000000280830243
B1319594548327N01143328EA008500100000000280780243
B1320004548328N01143335EA008500099900000340790243
B1320014548329N01143343EA008500099800000340800243
B1320024548329N01143351EA008490099700000380810243
B1320034548330N01143359EA008490099700000380820243
B1320044548330N01143368EA008480099600000390840228
B1320054548331N01143376EA008480099600000390840228
B1320064548332N01143385EA008490099700000390840228
B1320074548333N01143393EA008490099800000390820228
B1320084548334N01143400EA008500100000000320770228
B1320094548335N01143406EA008510100200000320720228
B1320104548336N01143412EA008520100300000300750228
B1320114548337N01143419EA008530100400000300780206
B1320124548337N01143426EA008540100500000330820206
B1320134548338N01143434EA008550100500000330860206
B1320144548338N01143442EA008560100500000390850206
B1320154548338N01143450EA008560100600000390840206
B1320164548338N01143457EA008560100600000310860206
B1320174548339N01143463EA008570100800000310880206
B1320184548339N01143468EA008580101000000220840200
B1320194548340N01143473EA008600101100000220800200
B1320204548341N01143479EA008600101100000280740200
B1320214548343N01143485EA008610101100000280680200
B1320224548345N01143490EA008620101200000260680200
B1320234548346N01143494EA008620101300000220640200
B1320244548349N01143498EA008630101400000210550200
B1320254548351N01143501EA008640101400000210460200
B1320264548353N01143504EA008640101400000230430200
B1320274548356N01143508EA008640101300000230400200
B1320284548359N01143512EA008630101200000290450200
B1320294548362N01143517EA008630101100000290500241
B1320304548365N01143522EA008620101200000300450241
B1320314548369N01143525EA008630101200000300400241
B1320324548373N01143528EA008630101300000280320241
B1320334548377N01143531EA008630101300000280240241
B1320344548381N01143533EA008630101200000330190241
B1320354548387N01143534EA008620101100000330140241
B1320364548393N01143535EA008610101000000390080241
B1320374548399N01143534EA008600100900000390020241
B1320384548404N01143531EA008600100800000423470241
B1320394548409N01143525EA008590100900000423320241
B1320404548412N01143518EA008590100900000383140301
B1320414548414N01143511EA008600101100000382960308
B1320424548415N01143504EA008610101200000332870308
B1320434548415N01143497EA008620101300000332780308
B1320444548415N01143491EA008620101400000282690308
B1320454548413N01143485EA008630101400000282600308
B1320464548412N01143478EA008630101400000322560308
B1320474548410N01143472EA008640101400000322520308
B1320484548408N01143468EA008640101500000242370243
B1320494548405N01143466EA008650101600000242220243
B1320504548402N01143464EA008650101600000182140243
B1320514548399N01143462EA008660101700000182060266
B1320524548397N01143461EA008670101800000152000266
B1320534548395N01143461EA008680101900000151940266
B1320544548393N01143462EA008680101900000141750266
B1320554548391N01143464EA008680101900000141560243
B1320564548389N01143467EA008680101900000191420243
B1320574548388N01143471EA008680101900000191280243
B1320584548387N01143475EA008680101900000201180243
B1320594548386N01143479EA008680101900000201080243
B1321004548385N01143483EA008680101900000171050243
B1321014548385N01143486EA008690102000000171020243
B1321024548384N01143489EA008690102000000131040243
B1321034548384N01143492EA008690102000000131060243
B1321044548383N01143495EA008690101900000171060243
B1321054548382N01143499EA008680101800000171060243
B1321064548381N01143504EA008670101700000251070243
B1321074548379N01143510EA008660101500000251080243
B1321084548378N01143516EA008650101300000321060241
B1321094548377N01143523EA008640101300000321040241
B1321104548376N01143529EA008640101300000271010241
B1321114548376N01143534EA008640101400000270980241
B1321124548375N01143539EA008640101500000221010241
B1321134548374N01143544EA008650101600000221040241
B1321144548373N01143548EA008650101700000221070241
B1321154548371N01143553EA008660101700000221100241
B1321164548370N01143558EA008660101800000251100241
B1321174548369N01143563EA008660101800000251100241
B1321184548367N01143567EA008670101900000231110247
B1321194548366N01143572EA008670102000000231120247
B1321204548366N01143576EA008680102100000181060247
B1321214548365N01143580EA008690102200000181000247
B1321224548364N01143585EA008700102300000221010247
B1321234548364N01143590EA008710102400000221020247
B1321244548364N01143595EA008720102400000260980247
B1321254548364N01143601EA008730102600000260920247
B1321264548363N01143606EA008740102700000230910247
B1321274548363N01143611EA008750102900000230900247
B1321284548363N01143616EA008770103000000220890280
B1321294548364N01143621EA008780103100000220880280
B1321304548364N01143627EA008790103200000270860280
B1321314548364N01143633EA008800103300000270840280
B1321324548365N01143639EA008810103400000290850280
B1321334548365N01143646EA008820103500000290860280
B1321344548365N01143652EA008830103600000280880280
B1321354548364N01143658EA008840103700000280900280
B1321364548364N01143663EA008850103800000260930280
B1321374548364N01143669EA008850103800000260960318
B1321384548363N01143675EA008860103800000280960318
B1321394548363N01143682EA008860103800000280960318
B1321404548362N01143688EA008860103700000320940318
B1321414548363N01143695EA008860103800000320920318
B1321424548364N01143701EA008860103800000290790318
B1321434548366N01143706EA008870104000000290660318
B1321444548368N01143710EA008880104100000240600318
B1321454548371N01143715EA008890104300000240540364
B1321464548373N01143718EA008910104500000240450364
B1321474548377N01143720EA008920104500000240360364
B1321484548381N01143720EA008930104600000290150364
B1321494548385N01143718EA008940104700000293540364
B1321504548389N01143715EA008950104800000303400364
B1321514548393N01143711EA008960105000000303260318
B1321524548396N01143706EA008970105200000323160318
B1321534548398N01143700EA008990105300000323060318
B1321544548400N01143694EA009010105500000282930318
B1321554548399N01143688EA009020105700000282800318
B1321564548398N01143683EA009030105700000272620318
B1321574548396N01143678EA009030105700000272440318
B1321584548392N01143674EA009030105600000262300318
B1321594548389N01143672EA009030105600000262160318
B1322004548384N01143673EA009030105600000291910318
B1322014548380N01143676EA009030105600000291660318
B1322024548377N01143680EA009030105600000301460318
B1322034548376N01143686EA009030105700000301260318
B1322044548375N01143693EA009030105700000301090318
B1322054548375N01143699EA009040105800000300920318
B1322064548375N01143704EA009050105900000240910318
B1322074548375N01143710EA009060106000000240900318
B1322084548376N01143715EA009070106100000250810364
B1322094548378N01143720EA009070106100000250720364
B1322104548381N01143725EA009070106000000320600364
B1322114548384N01143730EA009070106000000320480364
B1322124548388N01143735EA009070106000000320440364
B1322134548392N01143739EA009070106100000320400364
B1322144548395N01143742EA009080106200000260340364
B1322154548399N01143744EA009090106300000260280364
B1322164548403N01143746EA009100106400000280240364
B1322174548407N01143749EA009100106400000280200364
B1322184548411N01143750EA009110106500000310160402
B1322194548416N01143751EA009110106500000310120402
B1322204548421N01143750EA009120106500000343580402
B1322214548426N01143746EA009120106500000343440402
B1322224548431N01143741EA009120106500000423330402
B1322234548435N01143735EA009130106700000423220402
B1322244548438N01143729EA009150107000000303220402
B1322254548438N01143723EA009180107300000282920402
B1322264548438N01143717EA009200107500000292760402
B1322274548437N01143711EA009210107700000292600359
B1322284548435N01143705EA009230107900000282520359
B1322294548433N01143700EA009250108000000282440359
B1322304548429N01143698EA009260108200000252200359
B1322314548425N01143699EA009280108300000251960359
B1322324548422N01143702EA009290108400000281670359
B1322334548420N01143707EA009300108600000281380359
B1322344548419N01143712EA009320108800000231180359
B1322354548419N01143717EA009340109100000230980402
B1322364548420N01143722EA009360109300000220870402
B1322374548421N01143726EA009380109500000220760402
B1322384548423N01143731EA009400109600000260610402
B1322394548427N01143734EA009410109700000260460402
B1322404548431N01143737EA009420109700000310350402
B1322414548435N01143739EA009430109800000310240402
B1322424548440N01143739EA009440109900000320070402
B1322434548445N01143736EA009440109900000323500402
B1322444548450N01143732EA009440109900000393390402
B1322454548455N01143727EA009450110000000393280402
B1322464548458N01143721EA009460110100000373160402
B1322474548460N01143714EA009480110400000373040428
B1322484548461N01143706EA009500110600000342840396
B1322494548460N01143700EA009510110900000342660396
B1322504548458N01143694EA009530111100000262500359
B1322514548455N01143691EA009550111300000262340359
B1322524548452N01143688EA009570111400000222200359
B1322534548449N01143687EA009580111500000222060359
B1322544548445N01143687EA009590111600000221910359
B1322554548442N01143688EA009610111700000221760359
B1322564548439N01143692EA009620111800000251570359
B1322574548437N01143696EA009630112000000251380359
B1322584548436N01143701EA009650112300000221180359
B1322594548437N01143705EA009670112500000220980359
B1323004548439N01143710EA009690112600000240780359
B1323014548441N01143714EA009700112700000240580402
B1323024548444N01143718EA009710112800000260500402
B1323034548447N01143721EA009720112900000260420402
B1323044548451N01143723EA009730113000000300240402
B1323054548457N01143722EA009730113000000300060402
B1323064548462N01143719EA009730112900000393500428
B1323074548467N01143714EA009730112900000393340428
B1323084548471N01143708EA009730113000000393220396
B1323094548474N01143701EA009740113200000393100396
B1323104548476N01143694EA009760113400000353000396
B1323114548477N01143687EA009780113700000352900396
B1323124548477N01143681EA009800113900000302780396
B1323134548477N01143675EA009820114100000302660396
B1323144548475N01143669EA009830114200000272560396
B1323154548473N01143664EA009840114300000272460396
B1323164548470N01143660EA009850114300000262320374
B1323174548466N01143658EA009860114300000262180374
B1323184548462N01143657EA009860114300000271970374
B1323194548459N01143659EA009870114400000271760326
B1323204548456N01143662EA009880114500000231570326
B1323214548454N01143666EA009890114700000231380359
B1323224548453N01143671EA009900114800000241190359
B1323234548453N01143677EA009920115000000241000359
B1323244548454N01143682EA009930115100000260830359
B1323254548456N01143686EA009950115300000260660359
B1323264548459N01143689EA009970115500000230460359
B1323274548463N01143690EA009980115600000250260396
B1323284548467N01143689EA009990115600000300090396
B1323294548472N01143688EA009990115600000303520396
B1323304548477N01143685EA009990115600000383440396
B1323314548482N01143680EA010000115700000383360396
B1323324548487N01143674EA010010115800000413240396
B1323334548490N01143667EA010020116000000413120396
B1323344548492N01143660EA010040116200000342980374
B1323354548492N01143653EA010050116400000342840374
B1323364548492N01143647EA010060116600000272720374
B1323374548491N01143641EA010070116600000272600374
B1323384548489N01143635EA010070116500000302510374
B1323394548486N01143630EA010070116500000302420374
B1323404548483N01143627EA010070116400000292240374
B1323414548479N01143626EA010070116400000292060374
B1323424548475N01143628EA010080116500000261780374
B1323434548472N01143632EA010080116700000261500374
B1323444548471N01143636EA010100116900000211260374
B1323454548471N01143641EA010120117100000211020374
B1323464548472N01143645EA010130117300000180880374
B1323474548473N01143649EA010150117500000180740374
B1323484548475N01143653EA010170117700000230660374
B1323494548477N01143658EA010180117800000230580374
B1323504548480N01143662EA010200117900000280500374
B1323514548483N01143666EA010210118100000280420396
B1323524548486N01143670EA010230118200000270400396
B1323534548490N01143674EA010240118400000270380396
B1323544548494N01143679EA010250118400000360410396
B1323554548498N01143685EA010250118300000360440396
B1323564548502N01143692EA010250118200000440450396
B1323574548507N01143698EA010250118200000440460396
B1323584548510N01143703EA010270118500000290440456
B1323594548513N01143707EA010280118700000290420456
B1324004548516N01143711EA010290118700000270460456
B1324014548519N01143717EA010280118500000270500476
B1324024548523N01143724EA010260118200000440520476
B1324034548526N01143733EA010240117900000470540476
B1324044548530N01143742EA010230117700000460580476
B1324054548533N01143750EA010220117800000460600476
B1324064548536N01143758EA010230117900000410590476
B1324074548539N01143765EA010240118100000410580501
B1324084548542N01143772EA010250118400000360600501
B1324094548544N01143779EA010270118600000360620501
B1324104548546N01143786EA010290118900000330650501
B1324114548548N01143793EA010310119000000330680501
B1324124548550N01143801EA010330119200000380690501
B1324134548552N01143809EA010340119200000380700501
B1324144548554N01143816EA010360119400000390670535
B1324154548557N01143823EA010370119600000390640535
B1324164548559N01143830EA010390119900000310620535
B1324174548562N01143836EA010410120100000310600573
B1324184548564N01143842EA010430120200000340600573
B1324194548567N01143849EA010440120300000340600573
B1324204548570N01143856EA010450120300000400600573
B1324214548573N01143864EA010460120400000400600574
B1324224548576N01143871EA010470120500000390590574
B1324234548579N01143878EA010470120600000390580574
B1324244548582N01143885EA010490120700000390560574
B1324254548586N01143892EA010500120900000390540574
B1324264548589N01143899EA010510121100000370550574
B1324274548592N01143906EA010530121400000370560574
B1324284548596N01143913EA010550121600000380520574
B1324294548600N01143917EA010580122000000380480313
B1324304548605N01143918EA010610122300000330260558
B1324314548610N01143918EA010630122600000330040615
B1324324548615N01143916EA010650122600000363550615
B1324334548621N01143914EA010660122700000363460615
B1324344548626N01143912EA010660122700000373420313
B1324354548631N01143907EA010660122700000373380310
B1324364548635N01143900EA010660122500000453230618
B1324374548638N01143892EA010650122400000443080618
B1324384548640N01143883EA010640122300000402920618
B1324394548639N01143875EA010640122300000372760618
B1324404548638N01143868EA010650122400000342610618
B1324414548635N01143862EA010660122600000342460581
B1324424548633N01143859EA010670122900000172360581
B1324434548632N01143857EA010690123100000172260581
B1324444548629N01143855EA010700123200000182150581
B1324454548626N01143854EA010710123200000182040308
B1324464548622N01143855EA010720123200000241870308
B1324474548619N01143857EA010720123200000241700311
B1324484548617N01143861EA010730123300000231480311
B1324494548615N01143865EA010740123500000231260311
B1324504548614N01143869EA010750123600000201130618
B1324514548614N01143874EA010760123700000201000618
B1324524548614N01143880EA010770123800000290920311
B1324534548615N01143887EA010770123800000290840618
B1324544548617N01143894EA010780123900000350750314
B1324554548620N01143901EA010790124000000350660618
B1324564548624N01143906EA010800124200000380530618
B1324574548629N01143910EA010820124500000380400618
B1324584548634N01143912EA010850124800000300240618
B1324594548638N01143912EA010860124900000300080618
B1325004548644N01143911EA010880125000000380010618
B1325014548650N01143911EA010890125100000383540618
B1325024548656N01143913EA010890125100000380020618
B1325034548661N01143913EA010900125100000380100616
B1325044548666N01143913EA010910125200000330000616
B1325054548671N01143912EA010910125200000333500616
B1325064548677N01143911EA010910125200000363530616
B1325074548682N01143912EA010900125000000363560616
B1325084548688N01143915EA010880124700000440080665
B1325094548695N01143919EA010870124400000440200665
B1325104548702N01143922EA010850124200000500190665
B1325114548709N01143925EA010820124000000500180665
B1325124548716N01143928EA010820124000000430190652
B1325134548721N01143932EA010810124000000430200652
B1325144548726N01143938EA010800124000000410290652
B1325154548731N01143944EA010790123800000410380652
B1325164548736N01143950EA010780123700000440390652
B1325174548741N01143956EA010760123500000440400652
B1325184548745N01143964EA010750123200000440460699
B1325194548749N01143972EA010720122900000440520699
B1325204548753N01143980EA010700122600000490520699
B1325214548757N01143989EA010670122300000510560699
B1325224548762N01143999EA010640122000000530540705
B1325234548767N01144008EA010620121700000530520705
B1325244548772N01144017EA010590121500000520520719
B1325254548776N01144025EA010570121300000520520719
B1325264548781N01144034EA010550121100000500500719
B1325274548786N01144043EA010530120900000510520719
B1325284548790N01144052EA010510120600000530540719
B1325294548794N01144062EA010480120300000540560719
B1325304548798N01144073EA010460120000000540600717
B1325314548802N01144083EA010440119800000530600717
B1325324548806N01144092EA010420119700000510580717
B1325334548810N01144101EA010400119500000490580659
B1325344548814N01144110EA010380119300000490560659
B1325354548818N01144119EA010360119100000500560660
B1325364548822N01144129EA010340118800000520580660
B1325374548826N01144139EA010320118500000530600660
B1325384548830N01144148EA010290118300000530580660
B1325394548835N01144158EA010270118100000520560660
B1325404548838N01144167EA010260117900000510560684
B1325414548842N01144177EA010240117800000500600684
B1325424548845N01144186EA010230117700000480620684
B1325434548848N01144195EA010220117700000460620684
B1325444548851N01144204EA010220117700000450620684
B1325454548854N01144213EA010210117700000460620684
B1325464548858N01144222EA010210117700000470620711
B1325474548861N01144231EA010210117700000460600710
B1325484548864N01144239EA010210117700000450610710
B1325494548867N01144248EA010200117600000460620710
B1325504548871N01144258EA010190117400000510620710
B1325514548875N01144267EA010180117300000530600760
B1325524548879N01144277EA010160117100000530580760
B1325534548883N01144287EA010150117000000520600760
B1325544548887N01144297EA010150117000000510600760
B1325554548890N01144306EA010150117200000480600760
B1325564548894N01144314EA010160117400000420570790
B1325574548898N01144321EA010170117600000420540790
B1325584548901N01144328EA010180117700000380540790
B1325594548905N01144335EA010180117600000380540790
B1326004548908N01144343EA010180117500000440580790
B1326014548911N01144352EA010170117300000460600789
B1326024548915N01144360EA010160117100000460590789
B1326034548918N01144369EA010150117000000460580801
B1326044548922N01144377EA010140116900000460580801
B1326054548925N01144386EA010130116800000470580801
B1326064548929N01144395EA010120116600000480600801
B1326074548932N01144405EA010110116500000490620801
B1326084548935N01144414EA010100116400000490640806
B1326094548939N01144424EA010090116400000490620806
B1326104548942N01144433EA010090116400000500600806
B1326114548946N01144442EA010100116500000460600806
B1326124548950N01144449EA010110116800000410540806
B1326134548954N01144455EA010130117200000410480806
B1326144548958N01144460EA010160117500000350440806
B1326154548962N01144465EA010180117700000350400824
B1326164548966N01144471EA010190117900000360440824
B1326174548970N01144477EA010210117900000360480824
B1326184548974N01144483EA010210118000000390460824
B1326194548978N01144489EA010220118000000390440824
B1326204548983N01144495EA010220117900000430430824
B1326214548988N01144502EA010220117900000430420824
B1326224548992N01144509EA010220117900000450440824
B1326234548997N01144516EA010230118000000450460786
B1326244549001N01144522EA010240118200000370440786
B1326254549004N01144527EA010250118400000370420786
B1326264549008N01144533EA010260118500000330470786
B1326274549010N01144539EA010260118400000330520772
B1326284549013N01144547EA010260118200000420590772
B1326294549016N01144557EA010250118000000480660772
B1326304549018N01144566EA010240117900000470700714
B1326314549021N01144575EA010240118000000450660714
B1326324549024N01144584EA010250118200000430620714
B1326334549027N01144592EA010260118300000430620714
B1326344549030N01144600EA010270118500000420600714
B1326354549034N01144608EA010270118500000420580714
B1326364549038N01144616EA010280118500000460570683
B1326374549042N01144624EA010280118500000460560683
B1326384549045N01144631EA010290118700000410540683
B1326394549049N01144638EA010300118800000410520683
B1326404549053N01144644EA010300118800000380500683
B1326414549057N01144651EA010300118700000380480683
B1326424549061N01144658EA010290118500000440510702
B1326434549064N01144666EA010280118200000440540662
B1326444549067N01144674EA010260118100000420560662
B1326454549071N01144682EA010250117900000420580662
B1326464549074N01144689EA010240117800000400570662
B1326474549077N01144697EA010220117600000400560662
B1326484549080N01144705EA010200117400000450580662
B1326494549084N01144714EA010180117100000500600602
B1326504549087N01144724EA010150116700000530620602
B1326514549091N01144734EA010130116500000520620602
B1326524549095N01144743EA010110116400000500600602
B1326534549099N01144753EA010100116300000490580602
B1326544549103N01144762EA010090116300000500560602
B1326554549106N01144771EA010080116200000510600561
B1326564549110N01144781EA010070116100000530600565
B1326574549114N01144792EA010060116000000530620565
B1326584549117N01144802EA010050115900000530620565
B1326594549121N01144812EA010050116000000520620565
B1327004549125N01144821EA010050116000000480600508
B1327014549129N01144829EA010050116100000480560508
B1327024549133N01144835EA010050116200000390530508
B1327034549136N01144842EA010060116200000390500508
B1327044549140N01144849EA010050116100000410530508
B1327054549143N01144857EA010040115900000410560508
B1327064549147N01144867EA010020115600000520580480
B1327074549151N01144877EA010010115400000530580480
B1327084549154N01144887EA009990115200000510600480
B1327094549158N01144896EA009980115200000480620480
B1327104549161N01144905EA009970115100000470620433
B1327114549164N01144915EA009960115000000480620409
B1327124549167N01144925EA009940114700000510660409
B1327134549170N01144935EA009920114500000540680409
B1327144549173N01144946EA009900114300000540660409
B1327154549176N01144956EA009890114200000510640409
B1327164549179N01144966EA009880114200000480620375
B1327174549182N01144976EA009880114200000460680375
B1327184549184N01144985EA009870114200000450700375
B1327194549187N01144994EA009870114100000460680375
B1327204549190N01145002EA009860114000000470640375
B1327214549193N01145011EA009860113900000460600375
B1327224549197N01145020EA009850113800000470620342
B1327234549200N01145029EA009830113700000480620342
B1327244549204N01145039EA009820113500000500600342
B1327254549207N01145048EA009810113300000510600342
B1327264549211N01145058EA009790113200000510620343
B1327274549214N01145068EA009770113000000510620335
B1327284549218N01145078EA009770112900000520620335
B1327294549221N01145088EA009750112800000520640335
B1327304549225N01145098EA009740112700000510620335
B1327314549228N01145108EA009730112600000490600335
B1327324549232N01145117EA009730112600000480580357
B1327334549236N01145126EA009720112500000490580357
B1327344549240N01145135EA009710112400000500580357
B1327354549244N01145144EA009700112200000510580357
B1327364549248N01145153EA009690112100000510580357
B1327374549252N01145163EA009680112000000500560404
B1327384549256N01145172EA009670112000000490560404
B1327394549260N01145180EA009660111900000490580466
B1327404549264N01145189EA009660111800000480580466
B1327414549268N01145198EA009650111700000490580466
B1327424549271N01145207EA009640111500000490580466
B1327434549275N01145217EA009620111400000500600509
B1327444549278N01145227EA009600111200000510640509
B1327454549281N01145237EA009590111000000520660509
B1327464549284N01145247EA009570110800000510640509
B1327474549288N01145257EA009560110700000500620509
B1327484549291N01145266EA009550110700000470620520
B1327494549294N01145275EA009540110600000460620520
B1327504549297N01145284EA009530110500000460640520
B1327514549300N01145294EA009520110300000480640520
B1327524549303N01145304EA009500110100000500640520
B1327534549306N01145314EA009480109900000510660531
B1327544549309N01145324EA009470109700000510660609
B1327554549312N01145334EA009450109500000510680609
B1327564549314N01145344EA009440109300000500700609
B1327574549317N01145354EA009420109200000490680609
B1327584549320N01145364EA009410109200000470660637
B1327594549323N01145373EA009400109000000480660637
B1328004549325N01145383EA009390108900000490680637
B1328014549328N01145393EA009370108600000520680637
B1328024549332N01145403EA009350108500000530660637
B1328034549336N01145413EA009340108400000520600663
B1328044549341N01145422EA009330108300000500540663
B1328054549344N01145431EA009330108300000470540663
B1328064549347N01145440EA009330108500000420600663
B1328074549350N01145447EA009330108600000420640663
B1328084549353N01145455EA009340108700000370620663
B1328094549355N01145462EA009350108800000370600663
B1328104549358N01145470EA009350108700000420600681
B1328114549362N01145478EA009340108600000420600752
B1328124549365N01145486EA009340108500000450600752
B1328134549368N01145495EA009340108500000440600752
B1328144549371N01145503EA009340108500000430620752
B1328154549374N01145512EA009340108600000420640752
B1328164549377N01145520EA009340108600000420630771
B1328174549380N01145528EA009340108500000420620771
B1328184549382N01145537EA009340108500000440640771
B1328194549385N01145545EA009350108600000410640771
B1328204549388N01145552EA009350108700000370620771
B1328214549391N01145558EA009360108900000370540771
B1328224549394N01145565EA009370108900000350540803
B1328234549396N01145572EA009370108900000380620803
B1328244549398N01145581EA009360108700000440680803
B1328254549400N01145591EA009350108600000490740803
B1328264549402N01145601EA009350108500000490740803
B1328274549404N01145611EA009340108500000450720803
B1328284549406N01145620EA009350108600000390720809
B1328294549408N01145627EA009360108800000390720809
B1328304549410N01145633EA009370109000000310660853
B1328314549412N01145639EA009380109100000310600853
B1328324549414N01145645EA009380109100000350610853
B1328334549418N01145653EA009380108900000350620853
B1328344549421N01145661EA009370108800000490590853
B1328354549426N01145670EA009380108800000500560854
B1328364549430N01145678EA009380109000000450530854
B1328374549434N01145685EA009400109300000450500854
B1328384549438N01145691EA009420109700000370470854
B1328394549442N01145696EA009450110000000370440854
B1328404549446N01145702EA009470110300000370450854
B1328414549450N01145708EA009490110500000370460854
B1328424549453N01145714EA009520110800000340490861
B1328434549455N01145720EA009540111000000340520861
B1328444549456N01145725EA009560111200000240680861
B1328454549455N01145730EA009580111400000240840861
B1328464549453N01145734EA009590111500000231050861
B1328474549450N01145738EA009600111500000231260861
B1328484549447N01145740EA009620111800000221390861
B1328494549444N01145741EA009640112000000221520861
B1328504549442N01145740EA009660112300000141810861
B1328514549441N01145737EA009680112500000142100861
B1328524549439N01145733EA009690112500000202250861
B1328534549437N01145729EA009700112600000202400861
B1328544549435N01145724EA009710112700000262410861
B1328554549434N01145718EA009720112800000262420861
B1328564549433N01145713EA009730112900000262520861
B1328574549434N01145707EA009740113000000262620854
B1328584549435N01145700EA009740113000000332770854
B1328594549438N01145694EA009740112900000332920854
B1329004549442N01145687EA009740112800000433040854
B1329014549448N01145682EA009740112800000433160854
B1329024549455N01145679EA009750112900000463320854
B1329034549461N01145679EA009760113100000463480867
B1329044549467N01145681EA009770113300000380020867
B1329054549472N01145684EA009790113600000380160867
B1329064549476N01145687EA009810113900000310190867
B1329074549481N01145689EA009840114200000310220867
B1329084549485N01145693EA009860114400000310250867
B1329094549489N01145696EA009890114700000310280867
B1329104549493N01145700EA009910115000000320300867
B1329114549497N01145704EA009940115200000320320867
B1329124549501N01145709EA009970115500000360380867
B1329134549504N01145715EA010000115800000360440878
B1329144549506N01145721EA010030116200000260610878
B1329154549505N01145726EA010050116500000260780878
B1329164549504N01145731EA010080116700000250960878
B1329174549502N01145735EA010100116800000251140878
B1329184549499N01145737EA010110117000000191370878
B1329194549496N01145736EA010130117100000191600878
B1329204549495N01145732EA010140117200000272050878
B1329214549495N01145725EA010160117300000272500878
B1329224549498N01145717EA010170117400000412800878
B1329234549502N01145711EA010200117700000393000867
B1329244549507N01145708EA010230118100000363220867
B1329254549513N01145708EA010260118500000363440895
B1329264549518N01145711EA010280118800000410020895
B1329274549524N01145714EA010310119000000410200908
B1329284549529N01145718EA010340119400000380220908
B1329294549534N01145721EA010380119800000380240908
B1329304549538N01145724EA010420120300000280250908
B1329314549541N01145727EA010450120600000280260908
B1329324549544N01145731EA010480120900000270390908
B1329334549546N01145737EA010500121000000270520908
B1329344549548N01145744EA010520121100000350630908
B1329354549548N01145751EA010540121300000350740908
B1329364549546N01145757EA010560121500000290940908
B1329374549544N01145762EA010580121700000291140899
B1329384549542N01145764EA010600122000000181340899
B1329394549539N01145764EA010610122100000181540899
B1329404549536N01145763EA010630122300000181750899
B1329414549534N01145761EA010640122400000181960908
B1329424549531N01145759EA010650122500000162070908
B1329434549530N01145756EA010660122700000162180908
B1329444549530N01145751EA010670122800000242430908
B1329454549531N01145744EA010680122800000242680908
B1329464549533N01145737EA010690122800000392840908
B1329474549538N01145731EA010700122900000393000908
B1329484549543N01145728EA010710123100000393220908
B1329494549549N01145728EA010730123400000393440908
B1329504549554N01145730EA010750123600000370010908
B1329514549560N01145733EA010780123900000370180929
B1329524549564N01145737EA010800124100000340220929
B1329534549569N01145740EA010820124400000340260929
B1329544549572N01145745EA010850124700000320340929
B1329554549576N01145750EA010870124900000320420929
B1329564549578N01145756EA010890125100000300500929
B1329574549580N01145761EA010910125300000300580929
B1329584549580N01145767EA010930125500000280690931
B1329594549580N01145774EA010940125500000280800931
B1330004549580N01145780EA010950125600000290850931
B1330014549581N01145787EA010960125800000290900931
B1330024549583N01145794EA010970125800000380790931
B1330034549585N01145802EA010980125900000380680931
B1330044549589N01145811EA010980125800000480640931
B1330054549592N01145820EA010980125900000490620934
B1330064549596N01145829EA010990126000000460580934
B1330074549600N01145836EA011010126200000460520934
B1330084549604N01145843EA011030126500000390500934
B1330094549608N01145849EA011050126800000390480934
B1330104549611N01145855EA011070127000000330490952
B1330114549615N01145861EA011090127200000330500952
B1330124549618N01145868EA011100127200000420500952
B1330134549623N01145875EA011120127300000420500952
B1330144549627N01145881EA011130127500000390470952
B1330154549631N01145886EA011150127800000390440952
B1330164549634N01145891EA011170128100000310420952
B1330174549638N01145896EA011190128200000310400952
B1330184549642N01145901EA011190128200000370440952
B1330194549646N01145908EA011200128100000370480952
B1330204549650N01145916EA011190128000000460490954
B1330214549654N01145924EA011200128100000460500954
B1330224549658N01145930EA011210128200000380500954
B1330234549661N01145936EA011220128500000380500955
B1330244549664N01145941EA011240128700000310520955
B1330254549668N01145946EA011250128800000310480955
B1330264549672N01145951EA011260128800000380420955
B1330274549677N01145957EA011250128700000380360955
B1330284549682N01145963EA011250128500000440380957
B1330294549687N01145970EA011240128400000440400957
B1330304549692N01145976EA011230128300000430430957
B1330314549696N01145983EA011220128300000430460957
B1330324549700N01145989EA011220128200000370450957
B1330334549704N01145994EA011200128100000370440957
B1330344549709N01146000EA011190127900000420430953
B1330354549713N01146007EA011170127600000420420953
B1330364549719N01146014EA011150127300000490430975
B1330374549724N01146022EA011120127000000490440975
B1330384549729N01146030EA011100126800000490430975
B1330394549735N01146037EA011080126700000490420975
B1330404549740N01146043EA011070126600000440430975
B1330414549744N01146050EA011060126400000440440975
B1330424549748N01146057EA011040126300000410480975
B1330434549752N01146065EA011020126000000410520994
B1330444549756N01146073EA011000125700000470510994
B1330454549761N01146080EA010970125400000470501005
B1330464549767N01146088EA010940125100000510441005
B1330474549773N01146095EA010920124900000510381005
B1330484549778N01146102EA010900124700000510411005
B1330494549783N01146110EA010880124400000510441005
B1330504549789N01146119EA010850124100000540481028
B1330514549794N01146128EA010830123900000550481028
B1330524549800N01146136EA010800123700000540441028
B1330534549806N01146143EA010780123500000540401028
B1330544549812N01146151EA010770123400000500411052
B1330554549817N01146158EA010750123300000500421052
B1330564549821N01146167EA010740123200000460481063
B1330574549824N01146176EA010730123100000460561063
B1330584549827N01146185EA010720123000000480661063
B1330594549829N01146195EA010710123000000480701063
B1331004549832N01146205EA010710123000000470701063
B1331014549834N01146214EA010720123100000430661076
B1331024549837N01146221EA010730123300000370661076
B1331034549839N01146228EA010750123600000370661076
B1331044549840N01146235EA010760123900000310671076
B1331054549842N01146241EA010780124000000310681076
B1331064549844N01146248EA010790124100000350681076
B1331074549846N01146256EA010800124100000350681076
B1331084549849N01146264EA010800124000000440681040
B1331094549851N01146274EA010800124000000470681040
B1331104549854N01146284EA010800123900000490681040
B1331114549856N01146293EA010800123900000450701040
B1331124549858N01146301EA010810124100000370681040
B1331134549861N01146308EA010820124300000370661098
B1331144549863N01146314EA010830124400000310641049
B1331154549865N01146320EA010830124400000310621049
B1331164549867N01146328EA010830124300000390641049
B1331174549870N01146336EA010830124200000390661049
B1331184549873N01146344EA010820124100000420661049
B1331194549875N01146353EA010820124100000430661049
B1331204549878N01146361EA010820124100000420641049
B1331214549881N01146369EA010820124100000420621024
B1331224549885N01146376EA010830124200000380621024
B1331234549888N01146382EA010830124300000370541024
B1331244549891N01146389EA010840124400000370561024
B1331254549893N01146397EA010830124300000370581024
B1331264549896N01146405EA010830124200000440611024
B1331274549900N01146414EA010820124100000470641014
B1331284549904N01146422EA010810124000000480591014
B1331294549908N01146431EA010810123900000470541014
B1331304549912N01146438EA010810124000000440531085
B1331314549916N01146446EA010810124000000440521085
B1331324549919N01146454EA010810124000000440561085
B1331334549923N01146463EA010810124000000470601080
B1331344549926N01146472EA010800123900000480641080
B1331354549929N01146481EA010800123900000480621080
B1331364549933N01146490EA010800123900000440601080
B1331374549936N01146498EA010810124000000440581080
B1331384549939N01146506EA010810124000000410611080
B1331394549941N01146514EA010810124000000410641040
B1331404549944N01146523EA010800123900000450641040
B1331414549948N01146531EA010800123900000450621040
B1331424549952N01146540EA010800123900000460581040
B1331434549955N01146548EA010800124000000460581040
B1331444549957N01146554EA010810124200000320601040
B1331454549959N01146560EA010830124400000320621101
B1331464549961N01146565EA010840124500000250611075
B1331474549963N01146569EA010850124600000250601075
B1331484549965N01146575EA010850124600000270611075
B1331494549966N01146580EA010850124500000270621075
B1331504549968N01146587EA010850124500000320681075
B1331514549969N01146594EA010850124500000320741075
B1331524549971N01146601EA010860124600000310701075
B1331534549973N01146606EA010860124700000310661075
B1331544549975N01146612EA010860124700000300641052
B1331554549976N01146619EA010860124700000300621052
B1331564549978N01146626EA010860124600000340691052
B1331574549979N01146633EA010860124500000340761052
B1331584549981N01146640EA010860124500000330701052
B1331594549983N01146646EA010850124500000330641052
B1332004549985N01146652EA010850124500000300641052
B1332014549987N01146658EA010850124500000300641052
B1332024549988N01146665EA010840124400000340691058
B1332034549990N01146673EA010830124200000340741058
B1332044549991N01146680EA010820124100000350721058
B1332054549993N01146687EA010820124000000350701058
B1332064549995N01146693EA010810124000000310701058
B1332074549996N01146700EA010800124000000310701058
B1332084549997N01146708EA010790123800000350741058
B1332094549999N01146715EA010780123600000350781086
B1332104550000N01146724EA010770123500000390761086
B1332114550002N01146732EA010760123400000390721086
B1332124550003N01146739EA010760123500000320751086
B1332134550003N01146746EA010750123400000320781086
B1332144550003N01146753EA010750123400000360841086
B1332154550003N01146762EA010740123300000400901102
B1332164550004N01146770EA010740123400000360851102
B1332174550005N01146776EA010750123600000360801102
B1332184550007N01146781EA010770123800000210731102
B1332194550008N01146785EA010780124000000210661102
B1332204550009N01146790EA010780123900000270641101
B1332214550010N01146797EA010770123600000270721101
B1332224550011N01146805EA010760123300000390771101
B1332234550011N01146814EA010740123100000390821091
B1332244550012N01146822EA010730123000000370841091
B1332254550012N01146829EA010720123100000370861091
B1332264550011N01146835EA010720123200000280951091
B1332274550009N01146841EA010730123200000281041091
B1332284550008N01146847EA010740123400000301011095
B1332294550008N01146854EA010750123600000300981095
B1332304550009N01146862EA010760123700000360851069
B1332314550012N01146869EA010770123800000360721069
B1332324550016N01146876EA010780123900000430591069
B1332334550021N01146882EA010790124000000430461069
B1332344550027N01146885EA010800124200000420301069
B1332354550033N01146886EA010810124300000420141069
B1332364550039N01146884EA010820124400000403581069
B1332374550044N01146880EA010840124600000403421069
B1332384550047N01146876EA010860124900000263251069
B1332394550048N01146871EA010880125100000263081069
B1332404550047N01146867EA010890125100000212741069
B1332414550044N01146864EA010900125200000212401069
B1332424550041N01146862EA010910125300000232171069
B1332434550038N01146863EA010920125500000231941069
B1332444550035N01146865EA010940125700000221691069
B1332454550033N01146868EA010960125900000221441069
B1332464550031N01146871EA010980126200000151331069
B1332474550031N01146874EA011000126400000151221069
B1332484550030N01146880EA011020126500000271061069
B1332494550030N01146887EA011030126500000270901069
B1332504550030N01146894EA011030126500000320881069
B1332514550032N01146900EA011050126800000320861069
B1332524550035N01146906EA011070127000000370661069
B1332534550040N01146911EA011090127200000370461046
B1332544550046N01146915EA011100127300000430321046
B1332554550052N01146916EA011120127500000430181046
B1332564550057N01146917EA011130127700000350081046
B1332574550062N01146914EA011150128000000353581039
B1332584550066N01146911EA011170128100000303401039
B1332594550068N01146906EA011190128200000303221047
B1333004550069N01146900EA011200128300000262981047
B1333014550068N01146896EA011210128400000262741047
B1333024550067N01146892EA011220128600000152531047
B1333034550065N01146891EA011240128800000152321047
B1333044550064N01146891EA011260129000000112061047
B1333054550062N01146892EA011270129200000111801047
B1333064550059N01146893EA011280129200000171671047
B1333074550057N01146896EA011280129200000171541069
B1333084550054N01146900EA011280129200000281421069
B1333094550051N01146905EA011290129200000281301069
B1333104550049N01146909EA011300129400000221251069
B1333114550048N01146913EA011310129600000221201046
B1333124550048N01146918EA011330129800000241081046
B1333134550048N01146924EA011340129900000240961046
B1333144550048N01146931EA011350129900000340861046
B1333154550051N01146939EA011350129900000340761046
B1333164550055N01146946EA011360129900000440591046
B1333174550061N01146949EA011360129900000440421039
B1333184550067N01146950EA011370130100000390181039
B1333194550072N01146947EA011380130300000393541039
B1333204550076N01146943EA011400130500000323541039
B1333214550079N01146937EA011410130600000283141039
B1333224550080N01146932EA011430130900000242991039
B1333234550080N01146928EA011450131100000242841039
B1333244550078N01146924EA011470131300000202591039
B1333254550076N01146921EA011480131500000202341039
B1333264550073N01146920EA011500131600000182151039
B1333274550071N01146919EA011510131700000181961039
B1333284550068N01146920EA011520131800000171821039
B1333294550066N01146922EA011530131800000171681039
B1333304550063N01146924EA011530131800000241561039
B1333314550060N01146929EA011530131800000241441039
B1333324550058N01146935EA011530131700000341291046
B1333334550056N01146942EA011530131600000341141046
B1333344550057N01146951EA011530131600000420961046
B1333354550059N01146960EA011530131600000410801039
B1333364550063N01146966EA011530131700000370641043
B1333374550067N01146971EA011530131700000370481043
B1333384550072N01146975EA011530131700000370341043
B1333394550077N01146976EA011530131700000370201043
B1333404550083N01146976EA011530131700000390061043
B1333414550089N01146974EA011530131700000393521043
B1333424550093N01146969EA011540131800000343321043
B1333434550095N01146963EA011540131900000343121043
B1333444550095N01146957EA011560132100000272881039
B1333454550094N01146952EA011570132300000272641039
B1333464550093N01146949EA011590132500000122521039
B1333474550092N01146947EA011600132700000122401039
B1333484550091N01146945EA011610132800000122361039
B1333494550089N01146942EA011620132700000122321039
B1333504550086N01146939EA011610132500000272231039
B1333514550082N01146936EA011600132400000272141039
B1333524550078N01146932EA011600132400000282111039
B1333534550075N01146930EA011600132400000282081039
B1333544550071N01146927EA011590132300000252071039
B1333554550068N01146925EA011590132300000252061039
B1333564550064N01146923EA011580132200000261991039
B1333574550060N01146923EA011580132100000261921039
B1333584550056N01146924EA011570132000000251811046
B1333594550052N01146925EA011560131900000251701046
B1334004550049N01146928EA011540131800000291581046
B1334014550046N01146934EA011530131600000291461046
B1334024550044N01146940EA011510131400000341281046
B1334034550043N01146948EA011490131100000341101046
B1334044550043N01146955EA011480130900000350971046
B1334054550044N01146963EA011450130700000350841047
B1334064550044N01146971EA011430130400000390841047
B1334074550045N01146980EA011400130000000420841047
B1334084550046N01146989EA011380129700000440841047
B1334094550047N01146999EA011350129400000470801047
B1334104550048N01147009EA011320129100000490801047
B1334114550048N01147020EA011290128700000490821039
B1334124550048N01147030EA011260128400000480861039
B1334134550048N01147040EA011230128200000450901039
B1334144550048N01147050EA011210128000000440901039
B1334154550049N01147060EA011190127800000430881039
B1334164550049N01147069EA011170127600000440881017
B1334174550049N01147079EA011140127300000460881017
B1334184550049N01147089EA011120127100000460881017
B1334194550049N01147099EA011100126900000450881017
B1334204550049N01147108EA011090126800000420881017
B1334214550049N01147117EA011070126700000410880993
B1334224550050N01147126EA011060126500000410880993
B1334234550050N01147135EA011040126400000430880993
B1334244550049N01147145EA011030126100000450900993
B1334254550049N01147155EA011010125900000460920993
B1334264550049N01147165EA010990125700000460920962
B1334274550049N01147174EA010970125600000450900962
B1334284550049N01147184EA010960125500000440900962
B1334294550049N01147194EA010940125300000440880962
B1334304550049N01147203EA010930125200000450880962
B1334314550049N01147213EA010920125100000450880937
B1334324550049N01147223EA010900124900000460900937
B1334334550049N01147233EA010890124800000480900937
B1334344550049N01147244EA010870124700000480880937
B1334354550050N01147254EA010860124500000450860937
B1334364550050N01147263EA010850124500000430880902
B1334374550050N01147272EA010850124400000420880902
B1334384550050N01147282EA010840124300000420880902
B1334394550050N01147291EA010830124200000430860902
B1334404550050N01147300EA010820124000000450880902
B1334414550050N01147310EA010800123900000460900902
B1334424550050N01147320EA010790123800000460900869
B1334434550051N01147330EA010780123700000450880869
B1334444550051N01147340EA010770123600000440880869
B1334454550051N01147349EA010760123500000440880869
B1334464550051N01147359EA010750123400000440860869
B1334474550052N01147368EA010750123300000440860857
B1334484550051N01147378EA010740123300000420880857
B1334494550051N01147387EA010730123200000420920857
B1334504550051N01147396EA010720123200000420920857
B1334514550052N01147405EA010720123100000410880857
B1334524550054N01147413EA010710123000000400780852
B1334534550056N01147421EA010700123000000400680852
B1334544550059N01147429EA010700122900000400680886
B1334554550060N01147438EA010690122700000420680886
B1334564550062N01147447EA010670122500000430740886
B1334574550063N01147456EA010660122300000440780886
B1334584550064N01147465EA010640122200000440800887
B1334594550065N01147475EA010630122000000450820887
B1335004550065N01147485EA010610121900000450820887
B1335014550066N01147495EA010600121800000460820887
B1335024550067N01147504EA010590121700000460820887
B1335034550068N01147514EA010580121600000460840888
B1335044550068N01147524EA010570121500000460840888
B1335054550069N01147535EA010560121400000470840888
B1335064550069N01147545EA010560121400000470860888
B1335074550070N01147555EA010550121300000470840888
B1335084550071N01147565EA010540121300000470840880
B1335094550071N01147575EA010540121200000470820880
B1335104550072N01147586EA010530121200000460840880
B1335114550073N01147595EA010530121200000460840880
B1335124550073N01147605EA010520121100000450840880
B1335134550074N01147615EA010520121100000450820856
B1335144550075N01147625EA010520121000000460820856
B1335154550075N01147635EA010510120900000460840856
B1335164550076N01147644EA010500120900000450860856
B1335174550077N01147654EA010500120800000440820856
B1335184550078N01147663EA010490120800000430800838
B1335194550079N01147673EA010480120600000420800838
B1335204550079N01147682EA010470120500000430820838
B1335214550080N01147692EA010450120300000450860838
B1335224550080N01147701EA010440120100000460860838
B1335234550080N01147711EA010420119900000460860817
B1335244550081N01147721EA010410119800000440860817
B1335254550081N01147730EA010390119600000420860817
B1335264550081N01147739EA010380119500000420860817
B1335274550082N01147749EA010370119400000430860817
B1335284550082N01147758EA010350119200000440880817
B1335294550082N01147768EA010340119100000450880808
B1335304550082N01147778EA010330119000000450880808
B1335314550082N01147787EA010320118900000430880808
B1335324550082N01147796EA010310118800000400880808
B1335334550082N01147805EA010300118700000390880808
B1335344550083N01147814EA010290118600000410860803
B1335354550084N01147823EA010270118400000440840803
B1335364550085N01147833EA010260118200000460820803
B1335374550085N01147843EA010240118000000460820803
B1335384550086N01147852EA010230117900000450820803
B1335394550087N01147862EA010220117900000420820778
B1335404550089N01147870EA010210117900000420770778
B1335414550091N01147879EA010210117800000420720778
B1335424550093N01147888EA010200117800000440700778
B1335434550094N01147897EA010200117800000390740778
B1335444550095N01147904EA010200117900000330770778
B1335454550096N01147911EA010210118100000330800735
B1335464550097N01147917EA010220118100000310770735
B1335474550098N01147924EA010220118100000310740735
B1335484550100N01147930EA010220118100000290700735
B1335494550102N01147935EA010220118100000290660735
B1335504550104N01147941EA010220118100000280620735
B1335514550106N01147947EA010210118000000280580735
B1335524550108N01147954EA010200117800000380660735
B1335534550109N01147963EA010190117600000430740665
B1335544550110N01147973EA010180117400000450820665
B1335554550111N01147983EA010160117200000470840665
B1335564550112N01147993EA010140117100000470800665
B1335574550114N01148003EA010130117000000470780665
B1335584550115N01148013EA010120116900000460760639
B1335594550116N01148022EA010110116800000440780639
B1336004550117N01148032EA010100116600000440800639
B1336014550118N01148041EA010080116500000440820639
B1336024550119N01148051EA010070116300000440820639
B1336034550120N01148060EA010050116100000450800603
B1336044550121N01148070EA010030115900000460780603
B1336054550123N01148080EA010020115700000460780603
B1336064550123N01148090EA010000115600000460800603
B1336074550124N01148100EA009990115500000450820603
B1336084550125N01148109EA009970115300000440820603
B1336094550126N01148118EA009960115200000440800608
B1336104550128N01148128EA009950115100000470780608
B1336114550129N01148138EA009940114900000490760608
B1336124550131N01148149EA009920114800000480760608
B1336134550132N01148159EA009910114700000460780608
B1336144550133N01148168EA009900114700000440800623
B1336154550135N01148177EA009900114700000420780623
B1336164550137N01148186EA009900114700000410740623
B1336174550138N01148195EA009890114600000430740623
B1336184550139N01148204EA009880114500000460760623
B1336194550141N01148214EA009870114300000480780634
B1336204550142N01148225EA009860114100000480800634
B1336214550143N01148235EA009850114000000460780634
B1336224550144N01148244EA009840114000000440780634
B1336234550145N01148253EA009830113900000420780634
B1336244550146N01148262EA009820113800000420800610
B1336254550147N01148272EA009810113600000440820610
B1336264550148N01148282EA009790113400000470820610
B1336274550149N01148292EA009780113300000480800610
B1336284550151N01148302EA009770113200000480800610
B1336294550152N01148312EA009760113100000470780579
B1336304550154N01148322EA009750113100000470760579
B1336314550156N01148332EA009750113000000470740579
B1336324550157N01148342EA009740113000000470740579
B1336334550159N01148352EA009730112900000480740578
B1336344550161N01148362EA009720112800000490760542
B1336354550162N01148372EA009710112700000490760542
B1336364550164N01148382EA009710112600000490760542
B1336374550166N01148393EA009700112500000480760542
B1336384550167N01148402EA009690112400000460760542
B1336394550168N01148412EA009690112400000430780525
B1336404550170N01148421EA009680112300000430780525
B1336414550171N01148430EA009670112200000440780525
B1336424550173N01148439EA009660112100000450760525
B1336434550174N01148449EA009660112000000460760525
B1336444550175N01148459EA009650112000000440780525
B1336454550177N01148467EA009650112000000440760512
B1336464550178N01148476EA009650112100000380740512
B1336474550180N01148484EA009650112100000380740512
B1336484550181N01148493EA009650112100000430760512
B1336494550182N01148502EA009640112000000450780512
B1336504550184N01148512EA009640112000000430760501
B1336514550185N01148520EA009640112100000430760501
B1336524550186N01148528EA009650112200000370750501
B1336534550188N01148536EA009660112300000370740501
B1336544550190N01148544EA009660112300000390710501
B1336554550192N01148552EA009670112400000390680501
B1336564550194N01148559EA009670112400000360680501
B1336574550196N01148566EA009680112500000360680499
B1336584550198N01148573EA009690112600000330680499
B1336594550200N01148580EA009690112600000330680499
B1337004550202N01148586EA009700112700000310670499
B1337014550204N01148593EA009700112800000310660499
B1337024550205N01148599EA009710112800000310680499
B1337034550207N01148605EA009720112900000310700499
B1337044550208N01148612EA009720112900000330690500
B1337054550210N01148619EA009720112900000330680520
B1337064550212N01148626EA009730112900000340690520
B1337074550214N01148633EA009730113000000340700520
B1337084550215N01148640EA009730113000000340710520
B1337094550217N01148647EA009740113100000340720520
B1337104550218N01148653EA009740113100000320730520
B1337114550219N01148660EA009740113100000320740514
B1337124550221N01148667EA009740112900000330720514
B1337134550222N01148674EA009730112800000330700514
B1337144550224N01148682EA009710112600000380720514
B1337154550225N01148690EA009690112300000380740514
B1337164550227N01148700EA009670112000000450760514
B1337174550228N01148710EA009650111700000480760506
B1337184550230N01148720EA009630111500000480760506
B1337194550232N01148729EA009610111400000460760506
B1337204550234N01148738EA009590111300000450740506
B1337214550236N01148747EA009580111200000430700506
B1337224550238N01148756EA009570111000000420680506
B1337234550240N01148765EA009560110900000440700494
B1337244550242N01148774EA009550110700000460740494
B1337254550244N01148785EA009530110600000500740494
B1337264550247N01148795EA009530110600000500720494
B1337274550250N01148804EA009530110700000450660494
B1337284550253N01148811EA009540110900000350590483
B1337294550256N01148815EA009560111200000350520483
B1337304550259N01148819EA009580111500000260480491
B1337314550262N01148824EA009600111700000260440491
B1337324550265N01148830EA009620111800000340440491
B1337334550268N01148836EA009630111900000360520491
B1337344550271N01148842EA009650112000000340530491
B1337354550274N01148848EA009660112200000340540491
B1337364550275N01148854EA009680112400000290630491
B1337374550276N01148860EA009700112600000290720488
B1337384550277N01148866EA009710112800000300760488
B1337394550278N01148873EA009720112900000300800488
B1337404550277N01148879EA009740113000000270910488
B1337414550275N01148884EA009750113100000271020488
B1337424550273N01148888EA009750113100000231180488
B1337434550270N01148890EA009760113200000231340488
B1337444550267N01148892EA009770113300000201480488
B1337454550264N01148892EA009770113300000201620488
B1337464550261N01148890EA009780113300000211830488
B1337474550259N01148887EA009780113300000212040488
B1337484550257N01148882EA009780113300000242280472
B1337494550258N01148877EA009780113300000242520472
B1337504550259N01148871EA009780113300000292740488
B1337514550262N01148866EA009780113300000292960488
B1337524550266N01148861EA009780113300000333060488
B1337534550269N01148856EA009790113400000333160491
B1337544550273N01148852EA009790113600000293190491
B1337554550276N01148849EA009800113700000293220491
B1337564550280N01148846EA009820113900000303280491
B1337574550285N01148843EA009830114000000303340491
B1337584550289N01148841EA009850114200000273370491
B1337594550292N01148840EA009870114500000273400491
B1338004550295N01148838EA009880114700000213430491
B1338014550299N01148838EA009900114800000213460491
B1338024550303N01148838EA009910114900000313570491
B1338034550309N01148841EA009910114800000310080506
B1338044550314N01148846EA009910114700000430240506
B1338054550318N01148853EA009910114700000430400506
B1338064550320N01148860EA009920114900000340520504
B1338074550322N01148866EA009930115100000340640504
B1338084550323N01148871EA009940115200000250680504
B1338094550324N01148877EA009960115400000250720504
B1338104550324N01148882EA009970115500000270830504
B1338114550323N01148888EA009980115500000270940504
B1338124550321N01148893EA009980115600000251100504
B1338134550318N01148896EA009990115700000251260504
B1338144550316N01148898EA010000115900000181400504
B1338154550313N01148899EA010010116000000181540504
B1338164550310N01148900EA010020116000000211620504
B1338174550306N01148900EA010020116100000211700488
B1338184550303N01148898EA010030116100000241890488
B1338194550300N01148894EA010030116100000242080488
B1338204550299N01148889EA010040116200000242270488
B1338214550298N01148884EA010040116300000242460488
B1338224550297N01148879EA010050116400000222560488
B1338234550298N01148874EA010060116500000222660488
B1338244550298N01148869EA010070116600000232720488
B1338254550298N01148864EA010080116700000232780488
B1338264550298N01148859EA010080116700000252740491
B1338274550298N01148853EA010090116800000252700491
B1338284550299N01148848EA010100116900000232750491
B1338294550300N01148844EA010110117000000232800491
B1338304550303N01148840EA010120117100000242970491
B1338314550306N01148837EA010120117100000243140491
B1338324550309N01148834EA010120117100000273210506
B1338334550313N01148831EA010120117100000273280506
B1338344550318N01148830EA010120117000000363400506
B1338354550324N01148831EA010120117000000363520506
B1338364550329N01148833EA010120117000000360080506
B1338374550333N01148838EA010120117100000360240506
B1338384550336N01148843EA010130117300000320380506
B1338394550339N01148849EA010150117400000320520506
B1338404550340N01148856EA010160117500000320620506
B1338414550341N01148862EA010170117600000320720504
B1338424550341N01148869EA010170117700000300820504
B1338434550340N01148875EA010180117700000300920504
B1338444550338N01148880EA010180117800000271080504
B1338454550335N01148884EA010190117800000271240504
B1338464550332N01148887EA010190117800000261400504
B1338474550328N01148888EA010190117800000261560504
B1338484550324N01148889EA010190117800000231640504
B1338494550321N01148888EA010200117900000231720504
B1338504550317N01148886EA010200118000000251930504
B1338514550315N01148882EA010200118000000252140504
B1338524550313N01148877EA010210118100000232260504
B1338534550311N01148873EA010210118100000232380504
B1338544550310N01148869EA010220118300000192470504
B1338554550310N01148864EA010230118300000192560504
B1338564550311N01148860EA010240118400000242700504
B1338574550312N01148855EA010240118300000242840506
B1338584550313N01148850EA010240118300000202860506
B1338594550314N01148846EA010240118300000202880506
B1339004550313N01148842EA010240118200000192750506
B1339014550313N01148837EA010230118100000192620506
B1339024550312N01148832EA010210117900000272600506
B1339034550311N01148826EA010200117600000272580506
B1339044550311N01148819EA010180117400000282600506
B1339054550310N01148813EA010160117200000282620506
B1339064550309N01148806EA010130116900000332620512
B1339074550308N01148798EA010100116600000392580502
B1339084550307N01148789EA010080116200000422580502
B1339094550307N01148780EA010050115900000422600502
B1339104550307N01148772EA010030115800000382680502
B1339114550308N01148764EA010020115800000322740502
B1339124550308N01148758EA010020115800000292720512
B1339134550308N01148751EA010010115800000292700512
B1339144550308N01148745EA010000115700000312690512
B1339154550308N01148737EA009990115600000342680512
B1339164550307N01148730EA009980115400000362670512
B1339174550307N01148722EA009970115300000362660512
B1339184550308N01148714EA009960115200000362720512
B1339194550309N01148706EA009960115200000352760544
B1339204550309N01148699EA009950115200000342720544
B1339214550308N01148691EA009940115100000352680523
B1339224550308N01148683EA009940115000000362660523
B1339234550308N01148676EA009930115000000362680523
B1339244550308N01148669EA009930115000000322670523
B1339254550308N01148662EA009930115000000322660523
B1339264550307N01148655EA009930115000000332620531
B1339274550306N01148648EA009920114900000332580531
B1339284550306N01148641EA009910114800000322630531
B1339294550306N01148634EA009910114700000322680531
B1339304550306N01148627EA009900114600000322690531
B1339314550306N01148620EA009890114600000322700531
B1339324550306N01148613EA009890114500000312700531
B1339334550306N01148607EA009880114500000312700532
B1339344550305N01148600EA009880114400000302660532
B1339354550305N01148594EA009870114400000302620532
B1339364550304N01148587EA009860114300000302630532
B1339374550304N01148581EA009860114200000302640532
B1339384550304N01148574EA009850114100000292690532
B1339394550305N01148568EA009840114000000292740532
B1339404550305N01148561EA009830113800000322720532
B1339414550305N01148553EA009810113700000362700532
B1339424550305N01148545EA009800113500000392680532
B1339434550305N01148536EA009790113400000402680532
B1339444550305N01148528EA009780113300000392700532
B1339454550305N01148519EA009780113400000362720532
B1339464550305N01148512EA009780113500000342720532
B1339474550306N01148505EA009790113600000342720552
B1339484550306N01148497EA009800113700000362720552
B1339494550306N01148489EA009810113800000362740552
B1339504550306N01148482EA009820114000000342700552
B1339514550306N01148475EA009820114100000342660552
B1339524550305N01148468EA009830114200000302650552
B1339534550305N01148461EA009840114200000302640552
B1339544550305N01148455EA009840114200000322680587
B1339554550305N01148448EA009840114100000322720587
B1339564550305N01148440EA009830114000000322700587
B1339574550305N01148433EA009820113900000322680587
B1339584550305N01148426EA009810113700000352680587
B1339594550306N01148418EA009800113500000392700587
B1340004550306N01148409EA009780113300000402720609
B1340014550307N01148401EA009770113200000392740609
B1340024550307N01148393EA009760113100000352760609
B1340034550307N01148386EA009750113100000352740609
B1340044550307N01148378EA009740113000000332700609
B1340054550307N01148371EA009720112800000332680609
B1340064550307N01148363EA009700112500000382660609
B1340074550306N01148354EA009680112200000392660622
B1340084550306N01148346EA009660112000000402660622
B1340094550306N01148337EA009630111700000412660622
B1340104550306N01148328EA009610111500000422700622
B1340114550307N01148319EA009590111400000412720622
B1340124550307N01148310EA009580111200000412720622
B1340134550308N01148301EA009560111200000402720629
B1340144550308N01148293EA009550111100000402720629
B1340154550308N01148284EA009540110900000402720629
B1340164550309N01148275EA009530110800000432720679
B1340174550311N01148266EA009520110600000452780679
B1340184550312N01148257EA009500110500000432840693
B1340194550314N01148248EA009490110400000412840693
B1340204550315N01148239EA009480110300000402820693
B1340214550316N01148231EA009470110200000422800693
B1340224550318N01148221EA009460110100000442800693
B1340234550319N01148212EA009460110000000462780693
B1340244550319N01148202EA009460110000000452760707
B1340254550320N01148193EA009460110100000412760707
B1340264550321N01148185EA009470110300000362740707
B1340274550321N01148177EA009490110600000322720707
B1340284550321N01148170EA009500110700000322750707
B1340294550322N01148163EA009500110800000322780707
B1340304550323N01148154EA009500110700000422800719
B1340314550324N01148145EA009500110600000462780719
B1340324550324N01148135EA009500110500000462740719
B1340334550324N01148125EA009490110500000432700719
B1340344550325N01148117EA009490110500000402720719
B1340354550326N01148108EA009490110500000392760740
B1340364550326N01148099EA009490110400000402740740
B1340374550327N01148091EA009480110300000402740740
B1340384550327N01148082EA009470110200000392720740
B1340394550328N01148074EA009460110100000402760740
B1340404550330N01148065EA009450110000000402800740
B1340414550331N01148057EA009440109900000412820771
B1340424550333N01148048EA009430109800000422820771
B1340434550334N01148039EA009430109700000442820771
B1340444550336N01148029EA009420109600000452820771
B1340454550337N01148020EA009410109600000432820771
B1340464550339N01148011EA009410109600000432840771
B1340474550341N01148003EA009400109600000422880813
B1340484550344N01147994EA009390109500000432900813
B1340494550346N01147985EA009380109300000462900813
B1340504550349N01147975EA009370109100000502900813
B1340514550352N01147964EA009360108900000522900813
B1340524550354N01147954EA009340108700000532900858
B1340534550357N01147943EA009340108800000522900858
B1340544550360N01147934EA009350108900000472880892
B1340554550363N01147926EA009360109100000392920892
B1340564550366N01147920EA009360109200000323000892
B1340574550369N01147915EA009370109300000323080892
B1340584550371N01147909EA009370109300000323030928
B1340594550373N01147902EA009350109000000322980928
B1341004550375N01147893EA009340108800000442860928
B1341014550377N01147883EA009320108600000472820928
B1341024550378N01147874EA009310108500000462820928
B1341034550380N01147865EA009300108500000432840928
B1341044550382N01147856EA009300108500000412840966
B1341054550383N01147847EA009290108500000412840966
B1341064550385N01147839EA009290108400000402840966
B1341074550386N01147831EA009280108400000382840966
B1341084550388N01147823EA009280108400000382820966
B1341094550389N01147814EA009270108300000392820966
B1341104550391N01147806EA009270108200000442840993
B1341114550393N01147796EA009260108100000502860993
B1341124550395N01147785EA009250107900000502860993
B1341134550396N01147776EA009240107900000422820993
B1341144550396N01147768EA009240108100000322760993
B1341154550396N01147762EA009250108200000322680993
B1341164550396N01147756EA009260108300000302721006
B1341174550397N01147748EA009260108300000362761006
B1341184550399N01147740EA009260108300000402821006
B1341194550400N01147732EA009260108200000412841006
B1341204550402N01147723EA009270108300000392841006
B1341214550403N01147716EA009270108400000392821006
B1341224550403N01147709EA009280108500000292801028
B1341234550404N01147703EA009280108500000292781028
B1341244550403N01147697EA009280108500000282671028
B1341254550401N01147691EA009280108400000282561028
B1341264550398N01147685EA009270108300000352441028
B1341274550395N01147679EA009270108200000352321028
B1341284550391N01147672EA009260108100000392331028
B1341294550388N01147665EA009260108100000392341028
B1341304550386N01147658EA009260108100000372371050
B1341314550383N01147652EA009270108200000372401050
B1341324550380N01147646EA009270108300000332371050
B1341334550377N01147640EA009280108500000332341050
B1341344550376N01147635EA009300108700000252401050
B1341354550375N01147630EA009310108800000252461050
B1341364550373N01147626EA009320108900000232471050
B1341374550372N01147621EA009330109000000232481050
B1341384550370N01147617EA009330109000000232391050
B1341394550367N01147613EA009340109000000232301050
B1341404550366N01147608EA009340109000000272381078
B1341414550365N01147602EA009340109000000272461078
B1341424550364N01147596EA009340109100000272511078
B1341434550363N01147591EA009340109100000272561078
B1341444550361N01147585EA009340109100000282501078
B1341454550359N01147580EA009350109100000282441078
B1341464550356N01147577EA009350109200000232311036
B1341474550353N01147575EA009360109300000232181036
B1341484550351N01147575EA009360109400000191941036
B1341494550348N01147578EA009370109400000191701036
B1341504550346N01147581EA009370109400000221481036
B1341514550345N01147586EA009380109500000221261036
B1341524550346N01147591EA009380109600000260971036
B1341534550349N01147596EA009390109600000260681036
B1341544550354N01147600EA009380109500000400471036
B1341554550360N01147604EA009370109300000400261078
B1341564550365N01147607EA009370109300000390231078
B1341574550370N01147611EA009370109300000390201050
B1341584550375N01147616EA009370109300000390321050
B1341594550378N01147622EA009370109300000390441050
B1342004550382N01147628EA009370109400000340481050
B1342014550385N01147634EA009380109600000340521050
B1342024550388N01147638EA009400109800000300461050
B1342034550392N01147642EA009410109900000300401050
B1342044550396N01147647EA009420110000000340371050
B1342054550400N01147651EA009430110000000340341050
B1342064550404N01147656EA009440110100000310361050
B1342074550408N01147659EA009450110300000310381087
B1342084550412N01147662EA009460110400000290291066
B1342094550416N01147664EA009470110400000290201066
B1342104550421N01147666EA009470110400000350211066
B1342114550426N01147670EA009470110400000350221066
B1342124550431N01147674EA009480110500000350271066
B1342134550435N01147678EA009490110600000350321066
B1342144550438N01147681EA009500110800000270321066
B1342154550441N01147684EA009510110900000270321066
B1342164550444N01147688EA009520111000000250401066
B1342174550446N01147693EA009520110900000250501066
B1342184550448N01147698EA009530111000000240551066
B1342194550450N01147702EA009530111100000240601066
B1342204550451N01147706EA009540111200000200601066
B1342214550453N01147710EA009550111300000200601066
B1342224550454N01147714EA009560111400000240621062
B1342234550456N01147719EA009560111300000240641062
B1342244550458N01147724EA009570111400000260611062
B1342254550460N01147729EA009580111500000260581114
B1342264550463N01147732EA009590111700000230471114
B1342274550466N01147735EA009600111900000230361114
B1342284550468N01147738EA009610112000000220421114
B1342294550470N01147742EA009630112000000220481114
B1342304550472N01147747EA009630112100000250501114
B1342314550475N01147751EA009640112200000250521114
B1342324550478N01147754EA009650112300000260471114
B1342334550480N01147759EA009660112300000260421114
B1342344550482N01147763EA009660112400000230541077
B1342354550482N01147768EA009670112400000230661077
B1342364550481N01147773EA009670112300000230891077
B1342374550478N01147776EA009660112300000231121077
B1342384550475N01147778EA009660112200000271421077
B1342394550471N01147775EA009660112300000271721077
B1342404550468N01147770EA009670112400000332071077
B1342414550467N01147762EA009670112400000382421077
B1342424550468N01147754EA009680112500000412641114
B1342434550469N01147745EA009690112700000392781114
B1342444550471N01147738EA009700112800000342841114
B1342454550473N01147732EA009710113000000342901114
B1342464550475N01147725EA009720113100000322891114
B1342474550476N01147718EA009720113100000322881114
B1342484550476N01147710EA009730113100000392821122
B1342494550476N01147702EA009730113100000362741122
B1342504550475N01147694EA009730113200000342641122
B1342514550474N01147687EA009730113200000342561122
B1342524550472N01147681EA009740113200000322521122
B1342534550470N01147674EA009740113300000322481122
B1342544550468N01147669EA009740113300000312431122
B1342554550465N01147663EA009750113400000312381122
B1342564550464N01147657EA009760113500000272421133
B1342574550462N01147652EA009770113700000272461133
B1342584550461N01147648EA009780113800000222451133
B1342594550459N01147644EA009790113800000222441133
B1343004550457N01147640EA009790113800000202361087
B1343014550455N01147637EA009790113800000202281087
B1343024550452N01147633EA009790113800000252241087
B1343034550449N01147630EA009790113900000252201087
B1343044550447N01147627EA009800114000000212221087
B1343054550444N01147623EA009800114100000212241087
B1343064550442N01147618EA009810114100000292281087
B1343074550440N01147613EA009810114100000292321087
B1343084550438N01147606EA009810114200000312411118
B1343094550437N01147601EA009810114100000312501118
B1343104550435N01147596EA009820114200000262441118
B1343114550432N01147591EA009820114200000262381118
B1343124550429N01147587EA009810114100000302291118
B1343134550426N01147583EA009810114100000302201118
B1343144550422N01147580EA009810114100000252151118
B1343154550419N01147578EA009820114200000252101118
B1343164550417N01147579EA009830114400000182101118
B1343174550415N01147582EA009830114400000211581118
B1343184550414N01147587EA009840114500000231261118
B1343194550414N01147592EA009850114600000231021118
B1343204550416N01147598EA009850114600000280811118
B1343214550419N01147603EA009850114600000280601118
B1343224550423N01147608EA009850114500000370471118
B1343234550428N01147612EA009850114400000370341087
B1343244550433N01147616EA009840114400000370311087
B1343254550438N01147620EA009840114400000370281087
B1343264550442N01147625EA009840114300000370341087
B1343274550445N01147631EA009830114300000370401087
B1343284550448N01147637EA009830114200000340541087
B1343294550448N01147644EA009830114200000340681087
B1343304550447N01147651EA009820114100000320911087
B1343314550444N01147657EA009820114100000321141087
B1343324550442N01147661EA009820114200000241191066
B1343334550440N01147665EA009830114300000241241066
B1343344550440N01147670EA009830114400000221091066
B1343354550440N01147676EA009840114500000220941066
B1343364550440N01147683EA009840114500000320871066
B1343374550442N01147689EA009850114500000320801066
B1343384550444N01147694EA009860114700000290631066
B1343394550448N01147698EA009870114900000290461066
B1343404550453N01147700EA009880114900000350311066
B1343414550458N01147702EA009890114900000350161066
B1343424550463N01147705EA009890115000000340181122
B1343434550467N01147708EA009900115100000340201122
B1343444550469N01147714EA009910115100000280421114
B1343454550470N01147719EA009910115100000280641114
B1343464550469N01147724EA009920115200000240871114
B1343474550467N01147728EA009920115200000241101114
B1343484550463N01147730EA009920115200000271361114
B1343494550459N01147731EA009920115200000271621114
B1343504550455N01147732EA009930115300000241671062
B1343514550452N01147732EA009940115400000241721062
B1343524550449N01147731EA009940115500000211831062
B1343534550446N01147730EA009940115400000211941062
B1343544550443N01147730EA009940115400000211941062
B1343554550440N01147731EA009940115400000221781062
B1343564550437N01147734EA009940115400000231571062
B1343574550435N01147738EA009950115500000231361062
B1343584550434N01147742EA009950115600000201201062
B1343594550434N01147747EA009960115800000201041062
B1344004550433N01147751EA009970115900000211001062
B1344014550432N01147756EA009980115900000210961062
B1344024550431N01147760EA009990116000000211071062
B1344034550429N01147764EA010000116100000211181034
B1344044550428N01147767EA010010116200000161231034
B1344054550426N01147769EA010020116400000161281034
B1344064550424N01147771EA010040116600000161361034
B1344074550422N01147773EA010040116600000161441034
B1344084550419N01147775EA010050116700000191481034
B1344094550417N01147777EA010060116800000191521034
B1344104550414N01147779EA010070116800000221491034
B1344114550411N01147782EA010080116900000221461034
B1344124550408N01147784EA010090117000000191491034
B1344134550406N01147785EA010100117200000191520993
B1344144550403N01147784EA010110117300000161730993
B1344154550401N01147782EA010120117400000161940993
B1344164550398N01147780EA010120117400000192020993
B1344174550396N01147778EA010130117500000192100993
B1344184550394N01147774EA010130117600000222230993
B1344194550393N01147769EA010140117600000222360993
B1344204550392N01147764EA010140117600000262520993
B1344214550393N01147758EA010140117600000262681006
B1344224550395N01147751EA010140117600000332841006
B1344234550399N01147745EA010140117500000333001006
B1344244550404N01147741EA010140117500000423151006
B1344254550410N01147738EA010130117400000423301062
B1344264550417N01147737EA010130117400000463461062
B1344274550423N01147739EA010130117400000460021062
B1344284550429N01147743EA010130117400000390161062
B1344294550434N01147748EA010140117600000390301062
B1344304550438N01147752EA010150117700000310321062
B1344314550441N01147756EA010170118000000310341062
B1344324550445N01147758EA010190118200000250331062
B1344334550448N01147762EA010200118300000250321034
B1344344550451N01147767EA010200118200000310431034
B1344354550453N01147773EA010210118200000310541034
B1344364550453N01147779EA010210118100000290701034
B1344374550453N01147785EA010210118200000290861034
B1344384550451N01147790EA010210118200000241011034
B1344394550450N01147794EA010220118300000241161034
B1344404550448N01147798EA010230118500000171161034
B1344414550447N01147801EA010230118500000171161034
B1344424550446N01147805EA010230118500000201191034
B1344434550444N01147808EA010230118400000201221034
B1344444550441N01147812EA010230118400000221271005
B1344454550438N01147815EA010230118400000221321005
B1344464550435N01147817EA010220118300000241491005
B1344474550431N01147817EA010220118300000241661005
B1344484550428N01147816EA010220118300000211791005
B1344494550425N01147815EA010230118400000211921005
B1344504550423N01147813EA010240118600000152021005
B1344514550422N01147810EA010250118700000152121034
B1344524550420N01147807EA010250118800000172221034
B1344534550418N01147804EA010260118800000172321034
B1344544550416N01147800EA010270118900000232301034
B1344554550414N01147796EA010280119000000232281034
B1344564550412N01147792EA010280119100000222341034
B1344574550411N01147787EA010290119200000222441034
B1344584550412N01147781EA010300119200000302621034
B1344594550414N01147774EA010300119200000302801034
B1345004550417N01147767EA010300119200000392921034
B1345014550420N01147760EA010300119200000393041062
B1345024550423N01147753EA010310119300000353001062
B1345034550425N01147747EA010320119500000352961062
B1345044550428N01147742EA010340119700000303001062
B1345054550431N01147736EA010350119800000303041062
B1345064550434N01147732EA010360120000000333121062
B1345074550439N01147728EA010370120000000333201062
B1345084550445N01147725EA010370119900000433311062
B1345094550452N01147723EA010370119900000433421062
B1345104550458N01147725EA010370119900000433591062
B1345114550463N01147730EA010380119900000430161114
B1345124550466N01147736EA010380119900000350371114
B1345134550468N01147743EA010380120000000350581114
B1345144550469N01147749EA010380120000000270681114
B1345154550469N01147754EA010380120100000270781114
B1345164550467N01147759EA010390120100000260981114
B1345174550464N01147764EA010390120100000261181077
B1345184550460N01147767EA010390120000000331361077
B1345194550455N01147769EA010390120200000331541034
B1345204550451N01147768EA010410120400000301731034
B1345214550447N01147766EA010430120700000301921034
B1345224550443N01147763EA010450120900000252021034
B1345234550440N01147760EA010470121100000252121062
B1345244550438N01147755EA010480121200000272201062
B1345254550435N01147750EA010490121300000272281062
B1345264550434N01147744EA010490121200000302401062
B1345274550433N01147737EA010490121200000302521062
B1345284550434N01147731EA010490121100000322671062
B1345294550436N01147724EA010490121000000322821062
B1345304550437N01147717EA010480121000000332871062
B1345314550440N01147711EA010480121000000332921062
B1345324550442N01147705EA010470120900000332981066
B1345334550446N01147699EA010470120900000333041066
B1345344550450N01147694EA010470120800000383131066
B1345354550455N01147690EA010460120800000383221066
B1345364550461N01147689EA010460120800000393391122
B1345374550467N01147691EA010450120600000393561122
B1345384550472N01147695EA010440120400000410161122
B1345394550476N01147702EA010440120400000410361122
B1345404550479N01147709EA010440120500000340491122
B1345414550481N01147715EA010450120700000340621114
B1345424550483N01147720EA010460120800000270631114
B1345434550485N01147726EA010470121000000270641114
B1345444550487N01147732EA010480121100000320631114
B1345454550489N01147738EA010500121200000320621114
B1345464550492N01147744EA010510121400000320571114
B1345474550495N01147749EA010520121600000320521114
B1345484550497N01147755EA010540121800000300591114
B1345494550498N01147761EA010550121900000300661077
B1345504550498N01147768EA010570122000000300781077
B1345514550498N01147774EA010580122100000300901077
B1345524550496N01147778EA010590122200000191051077
B1345534550495N01147780EA010600122400000191201077
B1345544550492N01147780EA010620122500000151531077
B1345554550490N01147778EA010630122500000151861077
B1345564550489N01147775EA010630122600000201861077
B1345574550488N01147770EA010630122600000242381077
B1345584550488N01147764EA010640122600000262561077
B1345594550489N01147759EA010640122500000262741114
B1346004550493N01147753EA010630122500000362951114
B1346014550498N01147748EA010630122400000363161114
B1346024550505N01147745EA010620122300000493301114
B1346034550512N01147744EA010620122300000493441128
B1346044550519N01147745EA010630122500000453561128
B1346054550525N01147748EA010640122800000450081128
B1346064550530N01147752EA010660123000000340221128
B1346074550534N01147757EA010680123200000340361128
B1346084550537N01147762EA010700123400000300431085
B1346094550540N01147767EA010710123500000300501085
B1346104550543N01147773EA010720123600000330511085
B1346114550545N01147779EA010730123700000330521085
B1346124550547N01147785EA010740123800000320631085
B1346134550547N01147791EA010750123800000320741085
B1346144550545N01147797EA010750123800000270961085
B1346154550543N01147801EA010760123800000271181085
B1346164550539N01147803EA010760123900000231401085
B1346174550536N01147802EA010760123900000231621085
B1346184550533N01147800EA010770124000000241871085
B1346194550530N01147797EA010780124200000242121085
B1346204550528N01147794EA010790124400000142201085
B1346214550527N01147792EA010800124600000142281085
B1346224550527N01147788EA010810124600000182421085
B1346234550526N01147783EA010810124500000182561085
B1346244550526N01147776EA010810124400000342631085
B1346254550527N01147769EA010820124600000342701085
B1346264550529N01147764EA010840124900000252841085
B1346274550531N01147759EA010850125200000252981128
B1346284550533N01147754EA010880125400000293001128
B1346294550535N01147748EA010890125500000293021128
B1346304550539N01147742EA010910125600000363051128
B1346314550543N01147737EA010920125700000363081128
B1346324550548N01147733EA010930125800000413231128
B1346334550555N01147732EA010940125900000413381128
B1346344550561N01147732EA010950126000000433511105
B1346354550568N01147734EA010960126100000430041105
B1346364550573N01147738EA010970126300000400171105
B1346374550577N01147743EA010990126400000400301105
B1346384550581N01147749EA011000126500000340401105
B1346394550583N01147755EA011020126700000340501105
B1346404550586N01147760EA011030126900000290571105
B1346414550586N01147766EA011050127000000290641073
B1346424550586N01147772EA011050127000000260861073
B1346434550583N01147776EA011060127000000261081073
B1346444550580N01147777EA011060127000000221381073
B1346454550577N01147777EA011060127000000221681073
B1346464550574N01147774EA011070127100000211911073
B1346474550572N01147771EA011070127200000212141073
B1346484550571N01147768EA011080127400000172281073
B1346494550570N01147764EA011100127600000172421073
B1346504550569N01147760EA011110127700000202521105
B1346514550569N01147755EA011130127900000202621105
B1346524550568N01147750EA011140128100000222611105
B1346534550568N01147746EA011160128300000222601105
B1346544550569N01147741EA011180128400000242741105
B1346554550570N01147735EA011190128500000242881105
B1346564550573N01147729EA011200128600000332931105
B1346574550576N01147723EA011210128700000332981105
B1346584550579N01147718EA011220128800000353061105
B1346594550585N01147715EA011240129000000353221105
B1347004550590N01147714EA011250129100000393391105
B1347014550596N01147715EA011260129300000393561105
B1347024550601N01147718EA011280129400000350091105
B1347034550606N01147721EA011290129600000350221105
B1347044550611N01147724EA011310129800000370231123
B1347054550616N01147728EA011330130000000370241123
B1347064550620N01147733EA011340130100000340341123
B1347074550623N01147739EA011360130200000340441123
B1347084550625N01147746EA011370130300000350551123
B1347094550626N01147753EA011370130300000350661123
B1347104550626N01147758EA011380130400000240831123
B1347114550624N01147762EA011390130500000241001093
B1347124550622N01147763EA011390130500000201321093
B1347134550619N01147763EA011400130500000201641093
B1347144550616N01147762EA011410130700000181841093
B1347154550614N01147759EA011420131000000182041123
B1347164550612N01147756EA011440131200000182211123
B1347174550611N01147752EA011460131400000182381123
B1347184550610N01147747EA011470131600000252471123
B1347194550609N01147742EA011490131700000252561123
B1347204550609N01147737EA011500131800000202571123
B1347214550609N01147733EA011510131900000202581123
B1347224550609N01147729EA011520132100000192661123
B1347234550609N01147724EA011540132200000192741123
B1347244550609N01147719EA011550132300000252691123
B1347254550608N01147713EA011560132400000252641123
B1347264550607N01147708EA011570132500000252581151
B1347274550606N01147703EA011590132700000252521151
B1347284550606N01147699EA011610132900000192581151
B1347294550606N01147694EA011620133200000192641151
B1347304550607N01147689EA011640133300000252731151
B1347314550608N01147683EA011650133400000252821169
B1347324550609N01147677EA011660133400000302831169
B1347334550610N01147671EA011670133500000302841169
B1347344550613N01147666EA011680133600000312951169
B1347354550617N01147661EA011690133700000313061169
B1347364550622N01147656EA011700133700000393171217
B1347374550627N01147652EA011710133800000393281217
B1347384550633N01147650EA011720134000000403391217
B1347394550639N01147651EA011740134200000403501217
B1347404550644N01147654EA011750134400000350091217
B1347414550648N01147658EA011770134600000350281217
B1347424550652N01147663EA011780134700000340321169
B1347434550656N01147667EA011790134700000340361169
B1347444550660N01147672EA011800134700000340411215
B1347454550663N01147679EA011800134700000340461215
B1347464550664N01147686EA011800134700000340631215
B1347474550663N01147693EA011800134600000340801215
B1347484550661N01147698EA011800134600000271041215
B1347494550658N01147700EA011800134600000271281215
B1347504550655N01147699EA011800134700000221631169
B1347514550652N01147696EA011800134800000221981169
B1347524550650N01147692EA011810134900000232191169
B1347534550649N01147688EA011830135100000232401169
B1347544550648N01147683EA011850135400000212481169
B1347554550647N01147679EA011860135600000212561169
B1347564550646N01147675EA011880135800000182551169
B1347574550646N01147671EA011890135900000182541169
B1347584550645N01147667EA011900135900000192541169
B1347594550643N01147664EA011910136000000222441169
B1348004550640N01147660EA011910136000000242351217
B1348014550638N01147656EA011920136000000242261217
B1348024550635N01147652EA011930136100000262271217
B1348034550633N01147647EA011940136200000262281217
B1348044550632N01147643EA011950136400000212401217
B1348054550631N01147638EA011960136600000212521217
B1348064550632N01147633EA011980136800000232661217
B1348074550633N01147628EA011990136800000232801217
B1348084550635N01147621EA011990136800000362871217
B1348094550638N01147614EA011990136800000362941217
B1348104550643N01147607EA012000136800000463071263
B1348114550650N01147603EA012010136900000463201263
B1348124550657N01147603EA012020137100000473421263
B1348134550663N01147606EA012030137200000470041294
B1348144550666N01147611EA012050137500000320281251
B1348154550668N01147617EA012070137700000320521251
B1348164550668N01147622EA012090137900000240701251
B1348174550668N01147628EA012110138100000240881251
B1348184550667N01147633EA012120138200000230981251
B1348194550665N01147636EA012130138300000231081251
B1348204550663N01147638EA012140138300000171311251
B1348214550661N01147638EA012140138300000171541251
B1348224550658N01147637EA012140138400000191751251
B1348234550655N01147636EA012150138500000191961217
B1348244550652N01147634EA012170138700000221991217
B1348254550649N01147632EA012180138900000222021217
B1348264550646N01147631EA012210139200000161981217
B1348274550644N01147631EA012230139500000161941217
B1348284550642N01147631EA012250139800000101791217
B1348294550641N01147632EA012270140000000101641217
B1348304550639N01147632EA012300140200000111701217
B1348314550637N01147631EA012310140400000111761217
B1348324550635N01147630EA012330140500000151971217
B1348334550634N01147626EA012350140700000152181217
B1348344550633N01147622EA012360140700000222371217
B1348354550633N01147616EA012360140800000222561217
B1348364550634N01147610EA012370140800000332711263
B1348374550637N01147603EA012380140900000332861263
B1348384550641N01147597EA012390141000000413041263
B1348394550647N01147593EA012400141100000413221263
B1348404550654N01147591EA012410141200000443351263
B1348414550660N01147590EA012420141300000443481294
B1348424550667N01147592EA012430141400000430021294
B1348434550672N01147596EA012440141500000430161294
B1348444550676N01147602EA012450141500000380331294
B1348454550678N01147609EA012450141500000380501294
B1348464550678N01147615EA012460141600000270751251
B1348474550676N01147619EA012470141700000271001251
B1348484550672N01147623EA012480141900000271261251
B1348494550669N01147624EA012500142200000271521251
B1348504550666N01147625EA012530142600000151651251
B1348514550664N01147624EA012550142900000151781251
B1348524550662N01147622EA012580143100000151931251
B1348534550660N01147620EA012590143300000152081251
B1348544550657N01147617EA012610143400000232171217
B1348554550656N01147612EA012630143600000232261217
B1348564550656N01147606EA012650143800000282501263
B1348574550657N01147600EA012660144000000282741263
B1348584550659N01147594EA012680144200000322841294
B1348594550661N01147587EA012700144400000322941294
B1349004550664N01147581EA012720144500000372981294
B1349014550669N01147576EA012740144700000373081294
B1349024550674N01147572EA012750144800000433231294
B1349034550681N01147570EA012760144900000433381294
B1349044550688N01147571EA012770144900000433531294
B1349054550693N01147573EA012780145100000430081294
B1349064550698N01147577EA012800145200000330191294
B1349074550701N01147582EA012810145300000330301294
B1349084550703N01147588EA012820145400000320521294
B1349094550703N01147595EA012830145400000320741294
B1349104550701N01147600EA012850145600000251001294
B1349114550698N01147602EA012870146000000251261294
B1349124550695N01147603EA012890146300000181531294
B1349134550692N01147601EA012910146500000181801294
B1349144550690N01147600EA012930146800000201931294
B1349154550687N01147597EA012950146900000202061294
B1349164550684N01147594EA012970147100000232151294
B1349174550683N01147589EA012990147300000232241294
B1349184550682N01147584EA013010147600000262471294
B1349194550683N01147577EA013030147700000262701294
B1349204550685N01147571EA013050147900000352811294
B1349214550688N01147564EA013070148100000352921294
B1349224550690N01147557EA013090148400000352961338
B1349234550694N01147551EA013110148600000353001338
B1349244550698N01147545EA013130148900000383101338
B1349254550703N01147542EA013160149100000383201338
B1349264550709N01147541EA013180149300000423421345
B1349274550715N01147544EA013190149300000420041345
B1349284550720N01147549EA013200149400000370201345
B1349294550724N01147554EA013220149600000370361345
B1349304550726N01147558EA013240149800000240451345
B1349314550727N01147562EA013250149900000240541330
B1349324550727N01147567EA013260149900000240791330
B1349334550724N01147573EA013260149800000241041330
B1349344550721N01147580EA013260149800000381161330
B1349354550718N01147586EA013280150100000381281330
B1349364550716N01147590EA013300150600000211171330
B1349374550716N01147595EA013330151000000211061330
B1349384550716N01147599EA013350151100000220981330
B1349394550715N01147605EA013360151200000220901330
B1349404550714N01147611EA013360151100000331001295
B1349414550712N01147619EA013360151000000331101295
B1349424550710N01147627EA013350150800000431101295
B1349434550707N01147636EA013350150800000431101251
B1349444550705N01147644EA013360150900000391101251
B1349454550703N01147651EA013370151100000391101251
B1349464550701N01147657EA013380151300000301141251
B1349474550699N01147663EA013380151300000301181215
B1349484550697N01147670EA013380151200000351151215
B1349494550694N01147677EA013380151100000351121215
B1349504550692N01147684EA013370151000000371131215
B1349514550690N01147691EA013360150900000371141215
B1349524550687N01147699EA013350150800000381141215
B1349534550685N01147706EA013350150800000381141215
B1349544550682N01147713EA013350150800000341151176
B1349554550680N01147719EA013350150800000341161176
B1349564550678N01147725EA013340150800000321171176
B1349574550675N01147732EA013340150700000321181176
B1349584550673N01147739EA013330150600000371181176
B1349594550670N01147746EA013330150500000371181176
B1350004550667N01147752EA013320150500000361181176
B1350014550665N01147759EA013320150500000351201176
B1350024550662N01147766EA013320150500000351171136
B1350034550660N01147773EA013320150500000351141136
B1350044550658N01147780EA013320150400000361141136
B1350054550656N01147787EA013310150400000361141093
B1350064550654N01147794EA013310150400000351131093
B1350074550652N01147801EA013310150400000351121093
B1350084550650N01147808EA013310150400000341121093
B1350094550648N01147815EA013310150300000341121056
B1350104550646N01147821EA013300150300000331131056
B1350114550644N01147828EA013300150200000331141056
B1350124550642N01147835EA013290150200000371121056
B1350134550640N01147843EA013280150000000371101056
B1350144550638N01147852EA013270149900000421081056
B1350154550635N01147860EA013260149700000421081056
B1350164550633N01147870EA013240149500000461101013
B1350174550630N01147879EA013220149300000471141013
B1350184550627N01147888EA013210149100000461121013
B1350194550625N01147897EA013190149000000461101013
B1350204550622N01147907EA013180148900000461121013
B1350214550619N01147916EA013180148800000471140984
B1350224550616N01147925EA013170148800000481140984
B1350234550614N01147935EA013170148800000491100984
B1350244550611N01147945EA013170148800000481060984
B1350254550609N01147955EA013170148800000471060984
B1350264550607N01147964EA013160148800000461080907
B1350274550604N01147974EA013160148800000461100907
B1350284550602N01147983EA013160148700000471120907
B1350294550599N01147993EA013160148700000481100907
B1350304550597N01148002EA013160148700000471080907
B1350314550594N01148011EA013160148700000441120870
B1350324550591N01148019EA013160148800000401110870
B1350334550590N01148027EA013170149000000401100870
B1350344550589N01148035EA013190149300000361030870
B1350354550588N01148042EA013200149400000360960870
B1350364550587N01148049EA013210149500000300980870
B1350374550586N01148055EA013210149600000301000870
B1350384550585N01148062EA013210149500000351010823
B1350394550584N01148070EA013220149500000351020823
B1350404550582N01148078EA013220149500000361040823
B1350414550581N01148085EA013220149700000361060823
B1350424550579N01148092EA013240149900000321050823
B1350434550578N01148098EA013250150200000321040823
B1350444550577N01148104EA013270150400000291070823
B1350454550575N01148110EA013290150600000291100791
B1350464550573N01148115EA013310150800000271120791
B1350474550571N01148120EA013330151000000271140791
B1350484550569N01148126EA013340151100000311160791
B1350494550567N01148132EA013350151200000311180791
B1350504550564N01148139EA013360151200000351190791
B1350514550561N01148145EA013370151200000351200791
B1350524550558N01148151EA013380151300000331240791
B1350534550555N01148156EA013380151400000331280753
B1350544550552N01148162EA013390151500000341280736
B1350554550549N01148169EA013390151500000371260736
B1350564550545N01148176EA013390151400000401240736
B1350574550542N01148183EA013390151300000401220736
B1350584550538N01148191EA013390151300000441230736
B1350594550534N01148199EA013390151200000441240736
B1351004550530N01148206EA013390151100000461260736
B1351014550526N01148214EA013380151100000461280706
B1351024550522N01148222EA013380151200000441250706
B1351034550518N01148230EA013380151300000441220706
B1351044550515N01148238EA013380151200000451220706
B1351054550511N01148246EA013380151200000451220706
B1351064550506N01148255EA013370151100000491260738
B1351074550502N01148264EA013370151000000521260696
B1351084550497N01148273EA013360150900000531240696
B1351094550493N01148283EA013360150900000521220696
B1351104550489N01148291EA013370151000000481240696
B1351114550484N01148299EA013370151100000481260696
B1351124550480N01148307EA013370151200000441270696
B1351134550476N01148314EA013370151100000441280649
B1351144550471N01148322EA013370151000000471280649
B1351154550467N01148330EA013360150800000471280649
B1351164550462N01148338EA013350150700000501280649
B1351174550458N01148347EA013350150700000491280668
B1351184550453N01148354EA013350150800000461300668
B1351194550448N01148361EA013350150900000461320625
B1351204550443N01148367EA013360151000000411340625
B1351214550439N01148374EA013360151000000411360625
B1351224550436N01148380EA013350150900000381310625
B1351234550432N01148387EA013350150800000381260625
B1351244550429N01148396EA013330150600000461220625
B1351254550425N01148405EA013320150400000511180625
B1351264550421N01148414EA013300150100000521200595
B1351274550416N01148424EA013290150000000521220595
B1351284550412N01148433EA013280149800000511240595
B1351294550408N01148442EA013260149700000511260595
B1351304550403N01148451EA013250149600000501240591
B1351314550400N01148460EA013240149500000491200574
B1351324550396N01148469EA013230149500000471200574
B1351334550392N01148477EA013220149400000471220574
B1351344550388N01148485EA013210149300000471220574
B1351354550384N01148494EA013190149100000481220574
B1351364550380N01148503EA013180148800000491200574
B1351374550376N01148513EA013150148500000511180576
B1351384550372N01148522EA013130148200000531220576
B1351394550367N01148531EA013090147800000541260576
B1351404550362N01148540EA013070147500000541280576
B1351414550357N01148550EA013040147300000541260555
B1351424550353N01148560EA013020147100000531220557
B1351434550349N01148569EA013000146900000521200557
B1351444550344N01148578EA012990146800000521220557
B1351454550339N01148587EA012970146600000511260557
B1351464550335N01148596EA012950146400000521260557
B1351474550331N01148606EA012930146200000521220557
B1351484550327N01148616EA012920146000000521200551
B1351494550323N01148625EA012900145800000521200551
B1351504550318N01148635EA012880145600000521200551
B1351514550314N01148644EA012860145400000511220551
B1351524550310N01148653EA012850145200000491240551
B1351534550306N01148661EA012830145100000491240523
B1351544550302N01148670EA012820145000000471240523
B1351554550298N01148678EA012800144800000471240523
B1351564550293N01148686EA012790144700000461250523
B1351574550289N01148694EA012770144500000461260523
B1351584550285N01148702EA012750144300000481240523
B1351594550281N01148711EA012740144200000491220512
B1352004550277N01148719EA012720144000000481240512
B1352014550272N01148727EA012710143900000481260512
B1352024550268N01148736EA012700143700000471280512
B1352034550264N01148744EA012690143600000471240512
B1352044550260N01148753EA012680143400000491220512
B1352054550256N01148762EA012660143200000501200494
B1352064550252N01148772EA012640143000000501220494
B1352074550249N01148781EA012630142900000481200494
B1352084550246N01148790EA012620142800000461160494
B1352094550244N01148800EA012610142800000451080494
B1352104550242N01148809EA012600142700000451060494
B1352114550239N01148818EA012580142600000451080483
B1352124550236N01148827EA012570142400000451140483
B1352134550233N01148835EA012560142300000451160483
B1352144550231N01148844EA012550142200000441140483
B1352154550228N01148853EA012540142100000441100483
B1352164550226N01148862EA012520142000000441080472
B1352174550223N01148871EA012510141800000451100472
B1352184550220N01148880EA012500141600000461140472
B1352194550218N01148889EA012480141500000461140472
B1352204550215N01148899EA012470141400000461100472
B1352214550213N01148908EA012460141300000441080472
B1352224550211N01148916EA012450141200000431100468
B1352234550208N01148925EA012440141100000421120457
B1352244550205N01148933EA012420140900000411140457
B1352254550203N01148941EA012410140800000411120457
B1352264550200N01148950EA012400140600000421120457
B1352274550198N01148958EA012390140500000421120457
B1352284550195N01148967EA012370140400000421120453
B1352294550193N01148975EA012360140200000421120453
B1352304550190N01148983EA012350140100000441130453
B1352314550187N01148992EA012330140000000431140453
B1352324550184N01149001EA012320139800000421140453
B1352334550182N01149009EA012310139800000421140453
B1352344550179N01149017EA012300139700000421140442
B1352354550177N01149025EA012290139500000421140442
B1352364550174N01149034EA012280139400000421120442
B1352374550172N01149042EA012260139300000421120442
B1352384550169N01149051EA012250139100000421100442
B1352394550167N01149059EA012230138900000421120442
B1352404550164N01149068EA012220138800000421120441
B1352414550162N01149077EA012200138600000441100441
B1352424550160N01149086EA012180138400000451060441
B1352434550158N01149095EA012160138200000441060423
B1352444550156N01149104EA012150138000000441080423
B1352454550153N01149113EA012130137900000441120428
B1352464550150N01149121EA012120137700000431140428
B1352474550147N01149130EA012100137600000431160428
B1352484550144N01149138EA012090137400000431150428
B1352494550141N01149146EA012070137200000431140428
B1352504550138N01149154EA012060137100000431150428
B1352514550135N01149163EA012040136900000441160429
B1352524550133N01149172EA012030136700000451140429
B1352534550130N01149181EA012010136600000451120429
B1352544550127N01149190EA012000136400000441100429
B1352554550125N01149198EA011980136300000441120429
B1352564550122N01149207EA011970136200000411120429
B1352574550120N01149215EA011960136100000411100427
B1352584550118N01149223EA011950136000000401090427
B1352594550116N01149231EA011940135900000401080427
B1353004550114N01149239EA011930135800000391110427
B1353014550111N01149246EA011920135600000391140427
B1353024550109N01149254EA011910135600000401130427
B1353034550106N01149262EA011900135500000401120408
B1353044550104N01149271EA011890135400000411080408
B1353054550102N01149279EA011890135400000411080408
B1353064550100N01149287EA011880135200000401100408
B1353074550097N01149295EA011860135100000401120408
B1353084550095N01149303EA011850135000000431090408
B1353094550093N01149313EA011840134800000441060404
B1353104550092N01149322EA011830134700000431040404
B1353114550089N01149330EA011820134700000431060404
B1353124550087N01149338EA011820134700000391090404
B1353134550085N01149346EA011810134600000391120404
B1353144550083N01149354EA011810134600000411100404
B1353154550080N01149363EA011800134500000421100398
B1353164550078N01149371EA011800134500000401110398
B1353174550076N01149379EA011790134400000401120398
B1353184550073N01149387EA011790134400000391120398
B1353194550071N01149395EA011780134300000391120398
B1353204550069N01149403EA011770134100000421130398
B1353214550066N01149412EA011750133900000451140395
B1353224550063N01149421EA011740133700000471140395
B1353234550060N01149430EA011720133600000471140395
B1353244550057N01149439EA011710133400000481140387
B1353254550054N01149449EA011690133300000481160387
B1353264550051N01149458EA011680133100000491140387
B1353274550048N01149468EA011670133000000481120385
B1353284550046N01149478EA011660132900000471100385
B1353294550043N01149487EA011640132800000461120385
B1353304550040N01149496EA011630132600000461140385
B1353314550037N01149505EA011610132400000481140385
B1353324550034N01149515EA011600132200000501120378
B1353334550031N01149525EA011580132000000501100378
B1353344550028N01149535EA011560131800000491100378
B1353354550025N01149544EA011550131800000471120378
B1353364550022N01149553EA011540131700000461160378
B1353374550019N01149562EA011530131600000451160374
B1353384550016N01149571EA011520131500000461160374
B1353394550013N01149580EA011510131300000471140374
B1353404550010N01149590EA011490131200000481140374
B1353414550007N01149599EA011480131000000481140368
B1353424550004N01149609EA011470130900000481120362
B1353434550002N01149618EA011460130800000481120362
B1353444549999N01149628EA011450130700000471100362
B1353454549996N01149637EA011440130700000461100362
B1353464549994N01149646EA011430130600000451100362
B1353474549991N01149655EA011420130500000451120362
B1353484549988N01149664EA011420130400000471140350
B1353494549985N01149674EA011400130300000491160350
B1353504549981N01149683EA011390130200000501140350
B1353514549978N01149693EA011380130100000491140350
B1353524549975N01149703EA011380130000000471140350
B1353534549972N01149711EA011370130000000451140354
B1353544549969N01149720EA011360130000000451140354
B1353554549967N01149729EA011360129900000461140354
B1353564549963N01149738EA011350129700000471140354
B1353574549960N01149748EA011340129600000481140354
B1353584549957N01149757EA011330129500000481160343
B1353594549954N01149766EA011320129400000471160344
B1354004549951N01149775EA011310129400000461160344
B1354014549948N01149784EA011310129300000461140344
B1354024549945N01149794EA011300129200000461120344
B1354034549942N01149803EA011290129100000461120344
B1354044549940N01149812EA011280129000000471140340
B1354054549937N01149822EA011270128900000491120340
B1354064549934N01149832EA011260128800000491100340
B1354074549931N01149841EA011260128700000461100340
B1354084549927N01149848EA011250128700000421220340
B1354094549922N01149852EA011240128700000421340340
B1354104549917N01149852EA011240128500000381600340
B1354114549911N01149849EA011220128300000381860340
B1354124549907N01149845EA011210128100000352010334
B1354134549903N01149841EA011200128000000352160334
B1354144549899N01149838EA011190128000000302100334
B1354154549894N01149835EA011180127900000302040334
B1354164549889N01149832EA011160127600000362040334
B1354174549884N01149828EA011130127200000362040334
B1354184549879N01149824EA011100126800000412080334
B1354194549873N01149819EA011080126600000412120334
B1354204549869N01149815EA011060126500000372120334
B1354214549864N01149810EA011040126300000372120334
B1354224549860N01149805EA011020126100000362160338
B1354234549856N01149800EA010990125800000362200322
B1354244549852N01149795EA010970125500000362220322
B1354254549848N01149789EA010940125200000362240322
B1354264549844N01149783EA010910124900000392240322
B1354274549839N01149777EA010880124500000392240322
B1354284549835N01149771EA010850124200000422230322
B1354294549830N01149765EA010820123900000422220322
B1354304549825N01149760EA010800123800000382200322
B1354314549821N01149755EA010780123700000382180326
B1354324549818N01149750EA010770123600000322240326
B1354334549815N01149744EA010760123500000322300326
B1354344549812N01149739EA010740123300000332290326
B1354354549808N01149733EA010720123000000332280325
B1354364549805N01149727EA010700122800000382290325
B1354374549801N01149720EA010670122500000382300325
B1354384549797N01149714EA010650122300000392280325
B1354394549793N01149708EA010630122100000392260325
B1354404549788N01149704EA010620122100000382200325
B1354414549784N01149699EA010610122000000382140325
B1354424549779N01149693EA010610122000000372190325
B1354434549775N01149687EA010600121900000372240325
B1354444549771N01149681EA010590121700000432210325
B1354454549765N01149676EA010580121600000432180325
B1354464549759N01149670EA010570121400000492150325
B1354474549753N01149663EA010560121300000492120321
B1354484549748N01149656EA010560121300000472190320
B1354494549743N01149649EA010550121400000472260320
B1354504549739N01149643EA010550121500000422260320
B1354514549734N01149637EA010540121500000422200320
B1354524549728N01149632EA010540121400000442170320
B1354534549723N01149626EA010530121200000442140320
B1354544549718N01149618EA010510121000000472220320
B1354554549713N01149611EA010500120800000472260320
B1354564549708N01149603EA010480120600000502260310
B1354574549702N01149596EA010460120400000502240310
B1354584549697N01149588EA010440120200000502200310
B1354594549692N01149580EA010420120000000492240310
B1355004549687N01149572EA010400119800000492280310
B1355014549682N01149564EA010380119600000492320310
B1355024549677N01149556EA010360119400000502280314
B1355034549671N01149549EA010340119100000502220314
B1355044549666N01149541EA010320118900000502200314
B1355054549661N01149533EA010300118800000492240314
B1355064549656N01149525EA010280118600000492320308
B1355074549652N01149517EA010260118400000472340308
B1355084549647N01149510EA010240118200000472280308
B1355094549642N01149503EA010230118100000472220311
B1355104549636N01149496EA010210117900000472230311
B1355114549632N01149488EA010190117700000482240311
B1355124549627N01149480EA010180117500000482280311
B1355134549621N01149474EA010160117300000482240311
B1355144549615N01149468EA010140117200000502170311
B1355154549608N01149462EA010130117100000502100300
B1355164549603N01149456EA010120117000000492150303
B1355174549598N01149448EA010110116900000482200303
B1355184549593N01149441EA010100116800000472240303
B1355194549588N01149433EA010090116800000482280303
B1355204549582N01149427EA010080116800000492220303
B1355214549576N01149420EA010080116700000492160303
B1355224549571N01149413EA010080116700000482210303
B1355234549566N01149405EA010070116600000482260305
B1355244549561N01149397EA010060116500000472300305
B1355254549556N01149391EA010050116400000472240294
B1355264549550N01149386EA010040116300000462170294
B1355274549544N01149380EA010030116100000462100294
B1355284549539N01149373EA010020116000000462180294
B1355294549534N01149365EA010010115800000462260294
B1355304549530N01149358EA010000115700000452260293
B1355314549525N01149352EA009990115700000452260293
B1355324549519N01149347EA009990115800000442180293
B1355334549514N01149341EA009990115800000442100293
B1355344549510N01149334EA009990115800000412210293
B1355354549506N01149327EA009990115800000412320289
B1355364549503N01149320EA009990115900000382320289
B1355374549499N01149314EA010000116000000382320289
B1355384549496N01149308EA010010116100000372300286
B1355394549492N01149301EA010020116100000372280286
B1355404549489N01149295EA010020116100000402300286
B1355414549485N01149288EA010020116000000402320286
B1355424549480N01149282EA010020116000000412320286
B1355434549476N01149276EA010030116100000392180286
B1355444549473N01149269EA010030116200000372310286
B1355454549471N01149262EA010040116300000372440286
B1355464549470N01149255EA010040116400000322460278
B1355474549467N01149249EA010050116500000322480278
B1355484549463N01149243EA010050116500000372370278
B1355494549459N01149237EA010050116400000372260278
B1355504549456N01149231EA010050116200000392280272
B1355514549452N01149224EA010040116100000392300272
B1355524549448N01149218EA010040116200000382280272
B1355534549444N01149212EA010040116200000382260272
B1355544549441N01149206EA010040116200000332300275
B1355554549439N01149200EA010030116200000332340275
B1355564549436N01149194EA010020116100000332370275
B1355574549433N01149187EA010010115900000332400275
B1355584549430N01149180EA010000115700000382370275
B1355594549427N01149174EA009990115500000382340275
B1356004549422N01149167EA009970115300000412300275
B1356014549418N01149161EA009960115200000412260275
B1356024549415N01149154EA009950115000000382290278
B1356034549411N01149148EA009930114900000382320278
B1356044549408N01149142EA009920114700000362300269
B1356054549404N01149136EA009900114600000362280269
B1356064549399N01149130EA009880114300000402240269
B1356074549395N01149124EA009860114100000402200269
B1356084549390N01149117EA009840113900000432250269
B1356094549386N01149110EA009830113800000432300269
B1356104549382N01149104EA009810113700000382270271
B1356114549378N01149098EA009800113600000382240271
B1356124549374N01149092EA009790113500000382260271
B1356134549370N01149086EA009780113300000382280271
B1356144549367N01149078EA009770113200000422320271
B1356154549363N01149071EA009750113000000422320271
B1356164549359N01149065EA009740112900000402290271
B1356174549354N01149058EA009720112700000402260262
B1356184549351N01149052EA009710112500000402280262
B1356194549347N01149045EA009690112300000402300262
B1356204549343N01149037EA009670112100000442320262
B1356214549338N01149030EA009650111800000442300262
B1356224549333N01149022EA009630111700000462280262
B1356234549329N01149015EA009620111500000462260262
B1356244549325N01149008EA009600111500000412290258
B1356254549321N01149001EA009590111400000412320258
B1356264549317N01148994EA009580111300000412290258
B1356274549313N01148988EA009560111100000412260258
B1356284549308N01148982EA009550110900000442230251
B1356294549303N01148975EA009530110700000442200251
B1356304549298N01148969EA009520110600000422230251
B1356314549294N01148962EA009500110400000422260251
B1356324549290N01148955EA009480110200000432260249
B1356334549285N01148948EA009460110000000432260249
B1356344549281N01148941EA009440109800000452250249
B1356354549276N01148934EA009420109600000452240249
B1356364549271N01148927EA009400109300000462250249
B1356374549267N01148920EA009380109200000462260249
B1356384549262N01148913EA009370109000000432260249
B1356394549258N01148906EA009350108900000432260242
B1356404549253N01148899EA009330108700000422260242
B1356414549249N01148892EA009320108500000422260242
B1356424549245N01148885EA009300108300000422290242
B1356434549241N01148878EA009280108100000422320242
B1356444549237N01148871EA009260107900000432300242
B1356454549232N01148864EA009240107700000432280242
B1356464549228N01148858EA009220107500000422260240
B1356474549223N01148851EA009210107300000422240240
B1356484549220N01148845EA009190107200000392260240
B1356494549216N01148839EA009170107000000392280240
B1356504549212N01148833EA009150106800000372250240
B1356514549208N01148827EA009130106600000372220236
B1356524549204N01148821EA009110106400000392250236
B1356534549199N01148815EA009090106100000392280236
B1356544549195N01148808EA009070105900000422260236
B1356554549191N01148802EA009040105600000422240236
B1356564549186N01148795EA009020105400000422260236
B1356574549182N01148788EA009000105200000422280236
B1356584549179N01148781EA008980105000000412290236
B1356594549175N01148774EA008960104800000412300236
B1357004549171N01148768EA008940104700000402290236
B1357014549167N01148761EA008930104500000402280236
B1357024549162N01148754EA008920104400000442300239
B1357034549158N01148746EA008910104300000462320227
B1357044549154N01148738EA008900104200000452320227
B1357054549150N01148731EA008890104100000452300227
B1357064549146N01148725EA008890104100000392280227
B1357074549142N01148719EA008880104100000392260227
B1357084549138N01148711EA008880104000000402300227
B1357094549135N01148704EA008870103800000402360232
B1357104549131N01148697EA008860103700000422330232
B1357114549126N01148690EA008840103500000422300232
B1357124549122N01148684EA008830103400000402280232
B1357134549118N01148677EA008820103300000402260232
B1357144549115N01148670EA008810103200000392290232
B1357154549111N01148663EA008790102900000392320232
B1357164549107N01148656EA008770102700000432300218
B1357174549103N01148649EA008750102400000432280218
B1357184549098N01148642EA008730102200000442280218
B1357194549094N01148634EA008710102000000432280218
B1357204549090N01148627EA008690101800000442280218
B1357214549085N01148620EA008670101600000442280218
B1357224549081N01148612EA008650101400000442280218
B1357234549077N01148605EA008640101400000442300223
B1357244549074N01148598EA008630101300000392320223
B1357254549070N01148591EA008620101100000392340223
B1357264549067N01148584EA008600100900000402340223
B1357274549063N01148577EA008580100700000402340223
B1357284549059N01148569EA008560100300000452340217
B1357294549055N01148561EA008530100000000442320217
B1357304549052N01148554EA008510099900000422320219
B1357314549048N01148547EA008500099700000422320219
B1357324549045N01148541EA008480099600000362330219
B1357334549041N01148534EA008460099400000362340219
B1357344549038N01148528EA008440099100000382310219
B1357354549034N01148521EA008410098800000382280219
B1357364549030N01148514EA008380098400000422290219
B1357374549026N01148507EA008360098100000422300214
B1357384549022N01148500EA008330097900000402310214
B1357394549019N01148494EA008310097800000402320214
B1357404549015N01148487EA008300097700000362310214
B1357414549012N01148481EA008280097500000362300214
B1357424549008N01148475EA008260097300000382300208
B1357434549004N01148468EA008240097000000382300208
B1357444549000N01148461EA008210096700000422300208
B1357454548997N01148453EA008190096400000422320208
B1357464548993N01148446EA008170096300000432320208
B1357474548989N01148439EA008150096100000432320208
B1357484548985N01148432EA008130095900000422320208
B1357494548981N01148425EA008120095800000422320208
B1357504548977N01148418EA008110095700000392310208
B1357514548973N01148411EA008100095600000392300208
B1357524548969N01148405EA008090095500000412280208
B1357534548965N01148398EA008080095400000412260208
B1357544548961N01148391EA008070095300000412270208
B1357554548957N01148385EA008060095300000412280204
B1357564548953N01148379EA008060095300000372260204
B1357574548949N01148374EA008060095400000372240204
B1357584548946N01148368EA008060095400000342260204
B1357594548942N01148362EA008050095300000342280204
B1358004548939N01148356EA008050095200000352280201
B1358014548935N01148351EA008040095100000352280201
B1358024548932N01148345EA008030095000000362270201
B1358034548928N01148339EA008020094900000362260201
B1358044548925N01148331EA008010094700000392340201
B1358054548922N01148324EA008000094500000392400201
B1358064548919N01148317EA007980094400000372360201
B1358074548916N01148311EA007970094300000372320201
B1358084548912N01148305EA007960094200000382310197
B1358094548909N01148298EA007950093900000382300192
B1358104548906N01148290EA007930093700000422380192
B1358114548902N01148282EA007910093500000412420192
B1358124548899N01148275EA007890093400000402360192
B1358134548895N01148269EA007880093200000402300192
B1358144548891N01148263EA007860093100000382290192
B1358154548888N01148256EA007840092900000382280192
B1358164548884N01148248EA007820092600000412360192
B1358174548881N01148240EA007800092300000442380192
B1358184548877N01148233EA007780092100000442320192
B1358194548872N01148227EA007750091900000442260192
B1358204548867N01148220EA007740091800000422260192
B1358214548864N01148213EA007730091700000422260192
B1358224548861N01148205EA007710091600000412380190
B1358234548859N01148197EA007700091500000402460185
B1358244548856N01148189EA007700091500000402460185
B1358254548853N01148182EA007690091300000402400185
B1358264548850N01148174EA007670091200000422380185
B1358274548847N01148165EA007660091000000442420185
B1358284548844N01148157EA007650090900000442440184
B1358294548841N01148149EA007640090900000432420184
B1358304548837N01148141EA007630090800000432360184
B1358314548833N01148135EA007630090900000432300184
B1358324548829N01148127EA007630090900000402300184
B1358334548826N01148120EA007630090900000402340184
B1358344548822N01148113EA007620090900000412330184
B1358354548818N01148106EA007620090800000412320185
B1358364548813N01148100EA007610090700000422290185
B1358374548809N01148093EA007610090600000422260178
B1358384548805N01148085EA007600090500000442300178
B1358394548802N01148078EA007590090400000442340178
B1358404548797N01148070EA007570090300000442340178
B1358414548793N01148063EA007570090200000432300178
B1358424548789N01148056EA007560090100000412300176
B1358434548785N01148049EA007550090100000412300176
B1358444548782N01148041EA007550090000000422340176
B1358454548779N01148033EA007540089900000452380176
B1358464548775N01148025EA007530089800000462380176
B1358474548771N01148017EA007530089800000452340176
B1358484548767N01148010EA007530089900000422320176
B1358494548763N01148003EA007540090100000422300175
B1358504548760N01147996EA007540090200000372340175
B1358514548757N01147989EA007550090200000372380172
B1358524548754N01147982EA007550090200000402340172
B1358534548749N01147975EA007540090000000402300172
B1358544548745N01147968EA007540089900000462310172
B1358554548741N01147960EA007530089900000462320171
B1358564548738N01147951EA007540089900000442380171
B1358574548735N01147943EA007540090000000422420171
B1358584548731N01147936EA007540090100000412360171
B1358594548727N01147929EA007550090100000412300171
B1359004548723N01147922EA007560090200000422310171
B1359014548720N01147915EA007560090200000422320171
B1359024548717N01147907EA007560090300000422380170
B1359034548713N01147899EA007570090300000422400170
B1359044548709N01147893EA007580090400000402330168
B1359054548705N01147887EA007580090500000402260168
B1359064548702N01147881EA007590090600000352290168
B1359074548699N01147874EA007600090700000352320168
B1359084548697N01147866EA007600090700000392440168
B1359094548695N01147859EA007600090600000392500166
B1359104548692N01147852EA007600090700000342410166
B1359114548689N01147847EA007610090700000342320166
B1359124548687N01147842EA007610090800000252350166
B1359134548685N01147837EA007610090900000252380166
B1359144548683N01147832EA007600090700000312400166
B1359154548680N01147825EA007590090400000312420166
B1359164548677N01147818EA007580090100000422370166
B1359174548673N01147811EA007560090000000422320166
B1359184548671N01147803EA007550090000000382380167
B1359194548669N01147796EA007550090000000382480167
B1359204548667N01147789EA007550090100000312420167
B1359214548663N01147784EA007540090000000312360167
B1359224548660N01147779EA007530089700000362290167
B1359234548656N01147773EA007510089500000362220162
B1359244548652N01147765EA007490089200000432320162
B1359254548649N01147757EA007470089000000422380163
B1359264548645N01147751EA007460088900000392310163
B1359274548641N01147745EA007440088800000392240163
B1359284548637N01147740EA007430088700000352270163
B1359294548634N01147733EA007420088600000352300163
B1359304548632N01147725EA007410088500000382420163
B1359314548629N01147718EA007390088300000382440163
B1359324548626N01147711EA007380088000000402380163
B1359334548622N01147704EA007360087800000402320165
B1359344548619N01147697EA007350087700000392360165
B1359354548616N01147690EA007330087500000392400165
B1359364548613N01147683EA007310087400000352380165
B1359374548610N01147677EA007300087200000352360165
B1359384548606N01147671EA007270086900000372260159
B1359394548602N01147665EA007250086600000372240159
B1359404548598N01147658EA007220086300000412290156
B1359414548595N01147651EA007200086000000412340156
B1359424548591N01147645EA007180085800000392290156
B1359434548587N01147639EA007160085600000392240156
B1359444548583N01147633EA007140085500000372270156
B1359454548580N01147626EA007120085300000372300156
B1359464548577N01147619EA007100085100000402340156
B1359474548573N01147612EA007080084900000402380156
B1359484548569N01147606EA007060084700000392290156
B1359494548565N01147600EA007050084500000392200156
B1359504548561N01147595EA007040084500000392220156
B1359514548557N01147588EA007030084300000392240156
B1359524548553N01147582EA007020084200000372250156
B1359534548549N01147577EA007000084100000372260156
B1359544548544N01147572EA006990084000000372220156
B1359554548540N01147566EA006980083900000372180156
B1359564548537N01147560EA006960083600000382260156
B1359574548533N01147553EA006950083500000382340156
B1359584548530N01147548EA006940083400000342310156
B1359594548527N01147542EA006930083300000342280156
B1400004548523N01147537EA006920083200000332290156
B1400014548520N01147531EA006900083100000332300156
B1400024548517N01147524EA006890082900000382320156
B1400034548513N01147517EA006870082700000382340156
B1400044548509N01147511EA006850082500000402300152
B1400054548505N01147504EA006840082400000402260154
B1400064548502N01147497EA006830082300000382320154
B1400074548499N01147490EA006820082200000382380154
B1400084548496N01147484EA006810082100000382360154
B1400094548493N01147477EA006790082000000382340154
B1400104548489N01147471EA006780081800000372310154
B1400114548486N01147465EA006770081700000372280154
B1400124548483N01147458EA006760081700000362340153
B1400134548480N01147451EA006750081600000362400153
B1400144548477N01147445EA006740081400000372380153
B1400154548474N01147438EA006720081200000372360153
B1400164548470N01147432EA006700080900000412310153
B1400174548466N01147425EA006680080700000412260153
B1400184548462N01147417EA006670080600000422320153
B1400194548458N01147410EA006650080400000422360154
B1400204548455N01147403EA006640080300000392340154
B1400214548451N01147397EA006630080200000392320154
B1400224548447N01147392EA006610080100000382260154
B1400234548443N01147386EA006600079900000382200154
B1400244548439N01147380EA006580079700000382240154
B1400254548435N01147373EA006560079500000382280154
B1400264548432N01147367EA006540079300000382290154
B1400274548428N01147361EA006520079100000382300154
B1400284548423N01147355EA006500078900000382260154
B1400294548419N01147349EA006480078600000382220154
B1400304548415N01147342EA006460078400000412260154
B1400314548411N01147335EA006440078200000412300154
B1400324548407N01147330EA006420078000000402250151
B1400334548402N01147324EA006400077800000402200151
B1400344548397N01147320EA006380077600000402170151
B1400354548392N01147314EA006360077400000402140151
B1400364548388N01147308EA006340077200000402180155
B1400374548383N01147303EA006330077000000402220155
B1400384548380N01147297EA006320077000000342220155
B1400394548377N01147292EA006310077000000292240155
B1400404548375N01147287EA006300076900000262330155
B1400414548373N01147282EA006290076800000262420155
B1400424548370N01147277EA006270076600000282360155
B1400434548367N01147273EA006250076200000282300155
B1400444548363N01147269EA006220075900000332160155
B1400454548358N01147267EA006190075600000332020152
B1400464548354N01147264EA006180075600000272040152
B1400474548352N01147261EA006170075600000272060152
B1400484548351N01147258EA006170075700000162310152
B1400494548351N01147254EA006160075600000162560152
B1400504548351N01147249EA006150075500000252630152
B1400514548350N01147243EA006140075200000252700152
B1400524548347N01147238EA006130075000000332700152
B1400534548342N01147236EA006120074900000352140152
B1400544548337N01147237EA006110074900000331950152
B1400554548333N01147236EA006110075000000331760152
B1400564548330N01147234EA006110075200000191940152
B1400574548328N01147230EA006120075100000192120152
B1400584548326N01147226EA006110074900000272250152
B1400594548323N01147221EA006100074800000272380152
B1401004548318N01147219EA006100074800000342140152
B1401014548313N01147219EA006090074800000341900152
B1401024548309N01147219EA006100074900000251850153
B1401034548305N01147218EA006100074900000251800153
B1401044548302N01147217EA006100074800000261890153
B1401054548297N01147215EA006090074600000261980153
B1401064548292N01147215EA006080074500000351880153
B1401074548287N01147215EA006070074400000351780153
B1401084548283N01147215EA006060074400000241840153
B1401094548280N01147212EA006050074400000241900153
B1401104548278N01147209EA006050074200000212080156
B1401114548275N01147206EA006030074000000212260156
B1401124548272N01147204EA006010073800000282140156
B1401134548267N01147201EA005990073500000282020156
B1401144548263N01147199EA005970073300000292000156
B1401154548259N01147197EA005960073100000291980161
B1401164548255N01147194EA005940073000000262020161
B1401174548252N01147192EA005920072800000262060161
B1401184548248N01147189EA005910072600000302060161
B1401194548244N01147185EA005890072400000302060161
B1401204548239N01147182EA005870072200000322100161
B1401214548236N01147178EA005860072100000322140161
B1401224548232N01147175EA005850072100000272120161
B1401234548229N01147172EA005840072000000272100161
B1401244548225N01147170EA005820071800000272060161
B1401254548221N01147167EA005800071500000272020161
B1401264548217N01147165EA005780071300000302020161
B1401274548212N01147162EA005760071000000302020161
B1401284548208N01147161EA005740070900000281980166
B1401294548204N01147160EA005720070700000281940162
B1401304548200N01147160EA005700070500000261870162
B1401314548196N01147159EA005680070300000261800162
B1401324548192N01147158EA005660070100000271850162
B1401334548188N01147157EA005640069800000271900162
B1401344548184N01147156EA005620069600000291880162
B1401354548179N01147156EA005600069300000291860162
B1401364548175N01147155EA005580069100000271850162
B1401374548171N01147155EA005550068900000271840162
B1401384548167N01147153EA005530068600000271900162
B1401394548163N01147151EA005510068400000271960162
B1401404548159N01147149EA005490068200000311990161
B1401414548155N01147146EA005470068000000312020161
B1401424548152N01147143EA005470068000000222120161
B1401434548151N01147139EA005460068000000222220161
B1401444548153N01147134EA005450067800000292640161
B1401454548157N01147129EA005430067400000293060161
B1401464548163N01147127EA005400067200000393270162
B1401474548169N01147128EA005390067100000393480162
B1401484548173N01147134EA005380067000000420180162
B1401494548176N01147143EA005360066800000460480162
B1401504548176N01147152EA005340066500000460740162
B1401514548172N01147160EA005320066300000460980162
B1401524548167N01147163EA005300066100000381320166
B1401534548162N01147161EA005280065800000381660166
B1401544548160N01147154EA005260065500000372120162
B1401554548162N01147147EA005240065300000372560162
B1401564548168N01147143EA005220065100000443020162
B1401574548175N01147146EA005200064900000443480162
B1401584548179N01147155EA005170064500000540260162
B1401594548180N01147166EA005150064300000520620166
B1402004548176N01147174EA005130064100000470990166
B1402014548170N01147176EA005110063800000471360166
B1402024548165N01147172EA005080063500000381810166
B1402034548165N01147164EA005060063300000382260166
B1402044548169N01147159EA005040063000000432780162
B1402054548176N01147159EA005020062700000433300162
B1402064548182N01147168EA004990062300000580160166
B1402074548182N01147180EA004960062000000570560166
B1402084548178N01147188EA004930061600000510990166
B1402094548171N01147188EA004900061300000511420166
B1402104548168N01147181EA004870060900000431950166
B1402114548170N01147173EA004830060500000472480166
B1402124548177N01147171EA004800060100000543040166
B1402134548184N01147179EA004760059700000540000166
B1402144548184N01147191EA004730059200000640520166
B1402154548178N01147199EA004680058600000641040166
B1402164548171N01147194EA004630058000000551650166
B1402174548172N01147184EA004590057400000532260166
B1402184548179N01147179EA004540056600000502850166
B1402194548184N01147190EA004490056100000683440166
B1402204548180N01147202EA004440055700000680700166
B1402214548172N01147204EA004390055200000681280166
B1402224548167N01147195EA004340054700000521900166
B1402234548171N01147187EA004300054800000542440166
B1402244548179N01147186EA004270054500000573160166
B1402254548186N01147193EA004250054500000570080166
B1402264548189N01147202EA004240054500000440440166
B1402274548189N01147210EA004230054800000440740166
B1402284548190N01147216EA004230054900000250800161
B1402294548191N01147222EA004230054800000250860161
B1402304548192N01147229EA004220054600000370820161
B1402314548193N01147238EA004200054100000460780161
B1402324548191N01147248EA004170053800000430880161
B1402334548187N01147254EA004150053600000431100161
B1402344548182N01147254EA004130053300000351480161
B1402354548177N01147249EA004110052900000351860161
B1402364548176N01147242EA004080052800000352280161
B1402374548179N01147236EA004070052800000352700161
B1402384548184N01147234EA004060052700000363100161
B1402394548190N01147235EA004040052500000363500161
B1402404548195N01147239EA004030052400000390090161
B1402414548200N01147243EA004020052300000390280161
B1402424548205N01147244EA004010052300000290160161
B1402434548208N01147242EA004000052200000290040161
B1402444548211N01147237EA003980051900000323290154
B1402454548211N01147230EA003960051500000322940154
B1402464548208N01147225EA003930051300000332520161
B1402474548203N01147226EA003910051100000332100161
B1402484548199N01147234EA003880050700000522100161
B1402494548200N01147246EA003840050200000591120161
B1402504548206N01147254EA003800049700000580700161
B1402514548214N01147254EA003770049400000510280154
B1402524548218N01147247EA003730049100000443400154
B1402534548216N01147239EA003700048700000432920154
B1402544548209N01147237EA003670048300000472340161
B1402554548204N01147244EA003640048000000471760161
B1402564548204N01147255EA003610047800000561240161
B1402574548210N01147264EA003580047500000570760151
B1402584548217N01147265EA003560047300000510360151
B1402594548223N01147261EA003540047200000513560151
B1403004548225N01147254EA003520047100000323150154
B1403014548223N01147249EA003510047000000322740154
B1403024548220N01147246EA003490046900000242420154
B1403034548217N01147243EA003480046900000242100154
B1403044548214N01147240EA003470046700000222160154
B1403054548212N01147236EA003450046600000222220154
B1403064548212N01147230EA003440046300000282440154
B1403074548213N01147224EA003420046200000282660154
B1403084548217N01147220EA003400046000000362980154
B1403094548223N01147219EA003390045700000363300154
B1403104548229N01147222EA003370045500000453570154
B1403114548235N01147228EA003350045300000450240154
B1403124548238N01147236EA003340045100000410450154
B1403134548238N01147244EA003320045000000410660154
B1403144548238N01147252EA003310044900000390840154
B1403154548236N01147261EA003290044700000431020151
B1403164548235N01147270EA003270044500000411040151
B1403174548237N01147278EA003260044400000410920151
B1403184548241N01147284EA003250044300000420640151
B1403194548248N01147287EA003230044000000420360151
B1403204548254N01147287EA003200043700000420130151
B1403214548259N01147285EA003180043600000423500151
B1403224548262N01147281EA003170043600000253290154
B1403234548263N01147275EA003160043500000253080154
B1403244548264N01147270EA003150043300000292940154
B1403254548267N01147264EA003140043200000292800154
B1403264548272N01147261EA003120043100000393140154
B1403274548278N01147264EA003110042900000393480154
B1403284548284N01147272EA003090042500000560210154
B1403294548285N01147283EA003070042300000540540154
B1403304548282N01147292EA003050042000000500900154
B1403314548276N01147296EA003030041700000501280154
B1403324548270N01147292EA003010041500000371720154
B1403334548268N01147286EA003000041600000372160154
B1403344548270N01147281EA003000041800000252580154
B1403354548272N01147278EA003000041800000253000154
B1403364548274N01147274EA003000041800000202980154
B1403374548273N01147269EA003000041800000202960154
B1403384548271N01147265EA002980041500000302600154
B1403394548268N01147260EA002970041200000302240153
B1403404548268N01147254EA002960041200000252520153
B1403414548271N01147250EA002950041200000252800153
B1403424548278N01147249EA002920040700000513210153
B1403434548285N01147254EA002900040300000510020153
B1403444548290N01147264EA002880040300000520320154
B1403454548290N01147274EA002870040200000480640154
B1403464548285N01147281EA002850039900000451010154
B1403474548280N01147283EA002830039600000451380154
B1403484548275N01147280EA002810039500000301790154
B1403494548274N01147274EA002800039500000302200154
B1403504548276N01147269EA002790039400000302680154
B1403514548279N01147264EA002780039300000303040154
B1403524548280N01147260EA002780039300000192940153
B1403534548279N01147255EA002770039300000192840153
B1403544548276N01147251EA002750039000000302520153
B1403554548274N01147246EA002740038700000302200153
B1403564548275N01147240EA002720038600000292550153
B1403574548279N01147235EA002700038400000292900153
B1403584548286N01147235EA002680037900000523260153
B1403594548294N01147239EA002650037600000530020153
B1404004548298N01147248EA002630037500000490300153
B1404014548299N01147257EA002610037300000460600153
B1404024548297N01147266EA002590037100000420920154
B1404034548293N01147272EA002570036900000421180154
B1404044548289N01147276EA002560036900000301290154
B1404054548287N01147281EA002550037000000301400154
B1404064548286N01147289EA002540036900000371150154
B1404074548287N01147299EA002530036600000490900154
B1404084548288N01147310EA002510036200000510780154
B1404094548286N01147319EA002490036100000440860153
B1404104548282N01147325EA002480036000000371170153
B1404114548277N01147325EA002460035800000371480153
B1404124548272N01147321EA002440035400000361860153
B1404134548271N01147315EA002420035400000362240153
B1404144548271N01147310EA002410035500000232590154
B1404154548274N01147306EA002400035500000232940154
B1404164548277N01147303EA002390035400000253040154
B1404174548278N01147298EA002380035200000253140154
B1404184548276N01147294EA002360035000000272690154
B1404194548271N01147292EA002340034700000272240154
B1404204548266N01147296EA002320034500000421850154
B1404214548262N01147304EA002310034600000421460154
B1404224548262N01147314EA002310034500000501140153
B1404234548265N01147324EA002300034500000500840153
B1404244548270N01147331EA002290034400000460600153
B1404254548276N01147334EA002290034300000460360153
B1404264548281N01147336EA002280034300000350200153
B1404274548286N01147336EA002270034300000350040153
B1404284548291N01147337EA002270034200000350050153
B1404294548297N01147337EA002260034100000350060153
B1404304548302N01147338EA002250034000000330030153
B1404314548306N01147337EA002250034100000330000153
B1404324548309N01147334EA002250034100000243390153
B1404334548312N01147329EA002240033900000243180153
B1404344548315N01147324EA002230033700000303120153
B1404354548318N01147319EA002210033500000303060153
B1404364548322N01147316EA002200033300000283150153
B1404374548324N01147312EA002190033200000283240153
B1404384548324N01147308EA002170033100000192990152
B1404394548323N01147304EA002150032800000192740152
B1404404548320N01147300EA002130032300000302470152
B1404414548316N01147297EA002100032100000302200152
B1404424548313N01147295EA002090032000000222100152
B1404434548310N01147293EA002080032000000222000152
B1404444548307N01147292EA002070031900000191990154
B1404454548305N01147291EA002060031800000191980154
B1404464548303N01147289EA002050031800000142050154
B1404474548301N01147287EA002050031800000142120154
B1404484548301N01147283EA002040031700000172380154
B1404494548301N01147279EA002030031500000172640154
B1404504548300N01147274EA002010031300000232570154
B1404514548298N01147270EA001990031100000232500154
B1404524548296N01147265EA001980031000000252450154
B1404534548295N01147260EA001960030800000252400153
B1404544548293N01147254EA001950030600000312430153
B1404554548291N01147248EA001930030400000312460153
B1404564548288N01147242EA001920030300000292400153
B1404574548286N01147237EA001910030300000292340153
B1404584548285N01147233EA001900030200000232400153
B1404594548284N01147227EA001890030100000232460153
B1405004548283N01147221EA001880029900000282530153
B1405014548282N01147216EA001860029700000282600153
B1405024548282N01147210EA001850029700000242600156
B1405034548282N01147205EA001850029600000242600156
B1405044548282N01147201EA001840029600000222700156
B1405054548283N01147196EA001830029500000222800156
B1405064548284N01147191EA001820029400000252820156
B1405074548285N01147185EA001810029200000252840156
B1405084548285N01147180EA001800029000000222800156
B1405094548285N01147176EA001780028900000222760156
B1405104548285N01147171EA001770028700000232710156
B1405114548285N01147165EA001750028500000232660156
B1405124548285N01147160EA001740028400000252650160
B1405134548284N01147155EA001730028300000252640160
B1405144548284N01147150EA001720028300000212600160
B1405154548283N01147145EA001710028200000212560160
B1405164548282N01147139EA001700028100000282590160
B1405174548282N01147133EA001690027900000282620160
B1405184548282N01147126EA001680027700000322640160
B1405194548281N01147120EA001670027700000322660160
B1405204548281N01147115EA001670027800000232630160
B1405214548280N01147110EA001660027700000232600169
B1405224548280N01147104EA001650027600000252610169
B1405234548279N01147098EA001640027300000252620169
B1405244548278N01147091EA001630027100000352620169
B1405254548278N01147084EA001610027000000352620169
B1405264548278N01147078EA001610027000000252670169
B1405274548279N01147073EA001600027000000252720169
B1405284548280N01147068EA001580026700000262720169
B1405294548282N01147062EA001560026400000312940169
B1405304548283N01147055EA001530026000000342880174
B1405314548284N01147048EA001510025700000342820174
B1405324548286N01147041EA001480025500000302840174
B1405334548287N01147036EA001460025400000302860174
B1405344548290N01147031EA001450025200000252960174
B1405354548292N01147027EA001430025100000253060174
B1405364548296N01147024EA001410024800000283160174
B1405374548300N01147020EA001390024500000283260174
B1405384548305N01147016EA001360024200000383270174
B1405394548310N01147012EA001340023900000383280163
B1405404548316N01147009EA001320023700000413360160
B1405414548322N01147008EA001300023600000413440160
B1405424548327N01147006EA001290023600000353450160
B1405434548332N01147004EA001280023500000353460160
B1405444548337N01147002EA001270023400000353440160
B1405454548342N01147000EA001260023200000353420160
B1405464548348N01146998EA001240023100000373460160
B1405474548353N01146998EA001230022900000373500160
B1405484548359N01146999EA001220022800000350000160
B1405494548364N01147001EA001200022700000350100161
B1405504548369N01147003EA001190022500000330120161
B1405514548374N01147004EA001170022300000330140161
B1405524548379N01147005EA001150022100000350120161
B1405534548384N01147007EA001130021800000350100161
B1405544548390N01147009EA001120021600000420120161
B1405554548397N01147011EA001100021400000420140160
B1405564548402N01147013EA001090021400000370100160
B1405574548407N01147014EA001100021600000370060160
B1405584548411N01147015EA001100021800000230130167
B1405594548414N01147018EA001110021900000230200167
B1406004548417N01147021EA001110021800000280280167
B1406014548421N01147025EA001110021600000280360167
B1406024548426N01147029EA001100021500000380320167
B1406034548431N01147033EA001090021400000380280167
B1406044548435N01147037EA001080021400000330290167
B1406054548439N01147041EA001080021400000330300167
B1406064548444N01147045EA001080021400000340330167
B1406074548448N01147049EA001080021400000340360167
B1406084548451N01147054EA001070021300000320390167
B1406094548455N01147059EA001070021300000320420167
B1406104548457N01147064EA001060021200000310490164
B1406114548460N01147070EA001050021100000310560168
B1406124548462N01147077EA001040020900000340630168
B1406134548463N01147084EA001040020900000340700168
B1406144548463N01147091EA001030020800000310790168
B1406154548463N01147098EA001030020900000310880168
B1406164548462N01147103EA001030021000000270900168
B1406174548462N01147109EA001040021100000270920168
B1406184548463N01147116EA001040021100000300920168
B1406194548463N01147123EA001040021000000330860168
B1406204548462N01147130EA001030021000000340910168
B1406214548461N01147137EA001030020800000340960168
B1406224548459N01147143EA001020020700000301070159
B1406234548457N01147148EA001010020600000301180159
B1406244548454N01147151EA001000020600000201290159
B1406254548452N01147152EA000990020500000201400159
B1406264548449N01147151EA000980020300000221720159
B1406274548446N01147147EA000970020100000222040159
B1406284548445N01147141EA000950019900000252300159
B1406294548445N01147137EA000950019900000252560159
B1406304548445N01147133EA000940019900000162640159
B1406314548445N01147130EA000940019900000162720159
B1406324548444N01147126EA000930019900000182540159
B1406334548442N01147124EA000930019700000182360159
B1406344548440N01147122EA000920019700000132250159
B1406354548438N01147121EA000910019600000132140159
B1406364548436N01147122EA000900019500000171860159
B1406374548434N01147125EA000890019400000171580159
B1406384548431N01147128EA000880019300000221470159
B1406394548429N01147131EA000870019200000221360159
B1406404548426N01147133EA000860019100000191420159
B1406414548424N01147135EA000850019000000191480159
B1406424548421N01147136EA000840018800000191570159
B1406434548418N01147137EA000830018700000191660159
B1406444548415N01147137EA000810018500000231730159
B1406454548411N01147137EA000800018300000231800159
B1406464548407N01147138EA000780018200000251730157
B1406474548404N01147140EA000770018000000251660157
B1406484548400N01147141EA000760017900000231650157
B1406494548396N01147142EA000740017700000231640157
B1406504548392N01147141EA000720017500000301740157
B1406514548387N01147141EA000700017300000301840157
B1406524548383N01147140EA000690017100000291860157
B1406534548379N01147139EA000670017000000291880157
B1406544548375N01147137EA000660016900000261920157
B1406554548371N01147136EA000650016900000261960157
B1406564548368N01147135EA000650016900000211910157
B1406574548365N01147135EA000640016800000211860157
B1406584548364N01147135EA000630016700000091860157
B1406594548363N01147135EA000630016700000051780157
B1407004548362N01147135EA000630016700000031740157
B1407014548361N01147135EA000630016700000031700157
B1407024548361N01147135EA000630016600000031850157
B1407034548361N01147134EA000630016600000032000157
B1407044548361N01147134EA000630016600000032000157
B1407054548361N01147134EA000630016600000032000157
B1407064548361N01147134EA000620016600000002000157
B1407074548361N01147134EA000620016600000002000157
B1407084548361N01147133EA000620016600000002000157
B1407094548361N01147133EA000620016600000002000157
B1407104548361N01147133EA000620016600000002000157
B1407114548361N01147133EA000620016600000002000157
B1407124548361N01147133EA000620016600000002000157
B1407134548361N01147133EA000620016600000002000157
B1407144548361N01147133EA000620016600000002000157
B1407154548361N01147133EA000620016500000000000157
B1407164548361N01147133EA000620016600000000000157
B1407174548361N01147133EA000620016600000000000157
B1407184548361N01147133EA000620016600000000000157
B1407194548361N01147133EA000620016600000000000157
B1407204548361N01147133EA000620016500000020000157
B1407214548361N01147133EA000620016500000020000157
B1407224548362N01147133EA000620016500000010000157
B1407234548362N01147133EA000620016500000010000157
B1407244548362N01147133EA000620016500000010000157
B1407254548362N01147132EA000620016500000013300157
B1407264548362N01147132EA000620016500000013300157
B1407274548363N01147132EA000630016500000013200157
B1407284548363N01147131EA000630016500000013200157
B1407294548363N01147131EA000630016500000013200157
B1407304548363N01147131EA000620016500000012880157
B1407314548362N01147131EA000620016500000012560157
B1407324548362N01147131EA000620016400000002560157
B1407334548362N01147131EA000620016400000002560157
B1407344548362N01147131EA000620016400000002560157
B1407354548361N01147131EA000620016400000001960157
B1407364548361N01147130EA000620016400000031960157
B1407374548360N01147130EA000620016400000031960157
B1407384548360N01147129EA000620016400000032090157
B1407394548359N01147129EA000620016300000032220158
B1407404548359N01147128EA000620016300000032220158
B1407414548359N01147128EA000620016300000032220158
B1407424548358N01147127EA000620016300000032100158
B1407434548358N01147127EA000620016200000031980158
B1407444548357N01147127EA000620016200000022030158
B1407454548357N01147126EA000620016200000022080158
B1407464548357N01147126EA000620016100000022060158
B1407474548356N01147126EA000620016100000022040158
B1407484548356N01147126EA000620016000000022040158
G8FF75F891E02A618F0D180F9B5DD90D4
