AXSFwn
HFDTEDATE:070826
HFPLTPILOTINCHARGE:Alberto Restifo
HFCM2CREW2:NIL
HFGTYGLIDERTYPE:GIN GTO 3 
HFGIDGLIDERID:NIL
HFDTMGPSDATUM:WGS84
HFRFWFIRMWAREVERSION:EU_2.00V
HFRHWHARDWAREVERSION:4.5
HFFTYFRTYPE:alfapilot,Voolaris Tracker
HFGPSRECEIVER:UBLOX,M10,72,50000,GPS,GLO,GAL
HFPRSPRESSALTSENSOR:ST,LPS22HB,10000
HFALGALTGPS:GEO
HFALPALTPRESSURE:ISA
HFTZNTIMEZONE:0
B1011584202759N00044775EA0145001567
B1011594202759N00044775EA0144901567
B1012004202759N00044775EA0144901567
B1012014202759N00044775EA0145001567
B1012024202760N00044775EA0145001567
B1012034202760N00044775EA0144901567
B1012044202759N00044775EA0145001567
B1012054202758N00044774EA0144801567
B1012064202756N00044773EA0144701567
B1012074202755N00044772EA0144501566
B1012084202752N00044770EA0144301565
B1012094202748N00044769EA0144201562
B1012104202744N00044768EA0144101559
B1012114202739N00044767EA0144101557
B1012124202735N00044765EA0143901556
B1012134202731N00044763EA0143801556
B1012144202726N00044760EA0144001557
B1012154202722N00044758EA0144401561
B1012164202719N00044758EA0144601564
B1012174202716N00044759EA0144901566
B1012184202714N00044761EA0144901567
B1012194202710N00044764EA0144801567
B1012204202707N00044767EA0144801567
B1012214202703N00044771EA0144801568
B1012224202699N00044775EA0144901568
B1012234202695N00044778EA0145001569
B1012244202692N00044781EA0145001570
B1012254202688N00044785EA0145101569
B1012264202685N00044788EA0144901568
B1012274202680N00044791EA0144701566
B1012284202675N00044794EA0144401565
B1012294202670N00044796EA0144601566
B1012304202665N00044799EA0144901567
B1012314202662N00044804EA0145001568
B1012324202659N00044810EA0144901569
B1012334202656N00044816EA0145001568
B1012344202654N00044823EA0144701567
B1012354202651N00044830EA0144601565
B1012364202648N00044838EA0144301563
B1012374202645N00044846EA0144201562
B1012384202641N00044853EA0144101560
B1012394202638N00044860EA0143901558
B1012404202634N00044868EA0143601556
B1012414202630N00044875EA0143401553
B1012424202625N00044882EA0143301551
B1012434202621N00044890EA0143101550
B1012444202617N00044897EA0143101549
B1012454202613N00044905EA0143201548
B1012464202609N00044912EA0143001547
B1012474202606N00044918EA0143001546
B1012484202602N00044925EA0142701544
B1012494202598N00044933EA0142601542
B1012504202595N00044942EA0142601543
B1012514202592N00044950EA0142801543
B1012524202590N00044957EA0142701543
B1012534202587N00044964EA0142801543
B1012544202584N00044970EA0142701543
B1012554202582N00044978EA0142801544
B1012564202579N00044985EA0143001546
B1012574202577N00044993EA0143301549
B1012584202575N00044999EA0143701552
B1012594202574N00045005EA0143801553
B1013004202572N00045011EA0143701553
B1013014202571N00045018EA0143401552
B1013024202569N00045025EA0143601552
B1013034202567N00045033EA0143701554
B1013044202565N00045040EA0143901555
B1013054202564N00045047EA0144101557
B1013064202562N00045053EA0144201557
B1013074202561N00045059EA0144101557
B1013084202559N00045066EA0143901557
B1013094202556N00045073EA0144001556
B1013104202554N00045080EA0144101557
B1013114202552N00045088EA0144101558
B1013124202550N00045095EA0144301559
B1013134202548N00045103EA0144401560
B1013144202546N00045110EA0144501561
B1013154202545N00045116EA0144601564
B1013164202543N00045123EA0144801566
B1013174202541N00045129EA0145101567
B1013184202540N00045135EA0145001567
B1013194202538N00045143EA0145101568
B1013204202537N00045150EA0145401570
B1013214202535N00045156EA0145501572
B1013224202533N00045162EA0145801574
B1013234202532N00045167EA0145801575
B1013244202531N00045173EA0145801575
B1013254202529N00045181EA0145801574
B1013264202528N00045189EA0145701575
B1013274202526N00045196EA0146001577
B1013284202525N00045203EA0146201579
B1013294202524N00045209EA0146301579
B1013304202523N00045215EA0146101579
B1013314202522N00045222EA0146201579
B1013324202520N00045230EA0146201580
B1013334202518N00045237EA0146401582
B1013344202517N00045245EA0146801585
B1013354202516N00045251EA0147001587
B1013364202515N00045257EA0147101588
B1013374202515N00045262EA0147101588
B1013384202514N00045269EA0146901587
B1013394202512N00045275EA0146701586
B1013404202510N00045283EA0146701585
B1013414202508N00045290EA0146901586
B1013424202507N00045297EA0147001587
B1013434202505N00045304EA0146901587
B1013444202504N00045311EA0146901587
B1013454202502N00045318EA0146901587
B1013464202500N00045324EA0146801586
B1013474202498N00045331EA0146801586
B1013484202496N00045338EA0146801585
B1013494202494N00045345EA0146701585
B1013504202491N00045352EA0146801585
B1013514202490N00045358EA0146801586
B1013524202488N00045365EA0146801586
B1013534202485N00045371EA0146801586
B1013544202483N00045378EA0146701585
B1013554202480N00045384EA0146601584
B1013564202478N00045391EA0146701584
B1013574202475N00045398EA0146701585
B1013584202472N00045404EA0146701585
B1013594202470N00045411EA0146801586
B1014004202468N00045418EA0146701585
B1014014202465N00045425EA0146701585
B1014024202463N00045432EA0146701586
B1014034202461N00045438EA0146701586
B1014044202458N00045445EA0146701585
B1014054202456N00045451EA0146501584
B1014064202453N00045458EA0146601583
B1014074202450N00045464EA0146401582
B1014084202447N00045470EA0146301581
B1014094202443N00045474EA0146401580
B1014104202440N00045479EA0146301581
B1014114202437N00045483EA0146401581
B1014124202435N00045489EA0146301580
B1014134202434N00045495EA0146001578
B1014144202432N00045502EA0146001577
B1014154202430N00045509EA0145901577
B1014164202427N00045516EA0145901577
B1014174202423N00045522EA0146001578
B1014184202421N00045529EA0146201579
B1014194202419N00045534EA0146401580
B1014204202416N00045539EA0146301580
B1014214202414N00045544EA0146101578
B1014224202411N00045550EA0145901577
B1014234202407N00045557EA0146001578
B1014244202404N00045563EA0146201579
B1014254202400N00045567EA0146301580
B1014264202397N00045570EA0146301580
B1014274202393N00045573EA0146101579
B1014284202389N00045577EA0146001577
B1014294202385N00045581EA0145801575
B1014304202381N00045587EA0145501573
B1014314202378N00045595EA0145301571
B1014324202376N00045603EA0145201570
B1014334202373N00045611EA0145201568
B1014344202371N00045618EA0144901567
B1014354202369N00045626EA0144701565
B1014364202366N00045634EA0144601563
B1014374202363N00045641EA0144501561
B1014384202360N00045649EA0144401560
B1014394202357N00045656EA0144401560
B1014404202353N00045662EA0144201559
B1014414202350N00045668EA0144101558
B1014424202345N00045672EA0144001557
B1014434202340N00045674EA0143801555
B1014444202336N00045673EA0143701554
B1014454202333N00045671EA0143801553
B1014464202330N00045667EA0143901554
B1014474202328N00045661EA0143901554
B1014484202327N00045656EA0143901554
B1014494202328N00045650EA0143801554
B1014504202329N00045645EA0143801553
B1014514202331N00045639EA0143401551
B1014524202331N00045633EA0143201549
B1014534202330N00045627EA0143101548
B1014544202329N00045620EA0143101548
B1014554202328N00045614EA0143301548
B1014564202327N00045609EA0143401549
B1014574202328N00045603EA0143201548
B1014584202328N00045598EA0143201548
B1014594202330N00045592EA0143301548
B1015004202331N00045588EA0143301548
B1015014202333N00045583EA0143301548
B1015024202335N00045578EA0143201547
B1015034202338N00045572EA0143001546
B1015044202341N00045567EA0143001546
B1015054202343N00045561EA0143201547
B1015064202346N00045558EA0143501548
B1015074202349N00045555EA0143501548
B1015084202352N00045552EA0143301548
B1015094202354N00045548EA0143101546
B1015104202355N00045542EA0143001545
B1015114202355N00045536EA0143001545
B1015124202355N00045531EA0143001545
B1015134202354N00045526EA0143201546
B1015144202352N00045520EA0143101546
B1015154202351N00045514EA0143101546
B1015164202350N00045508EA0143001547
B1015174202350N00045503EA0143201547
B1015184202350N00045497EA0143201547
B1015194202350N00045493EA0143001546
B1015204202350N00045488EA0142801544
B1015214202350N00045483EA0142501542
B1015224202349N00045477EA0142201539
B1015234202348N00045470EA0142201538
B1015244202347N00045464EA0142201537
B1015254202347N00045457EA0142001536
B1015264202346N00045451EA0142201537
B1015274202345N00045444EA0142301537
B1015284202343N00045438EA0142501539
B1015294202342N00045432EA0142501540
B1015304202340N00045427EA0142601541
B1015314202339N00045423EA0142601541
B1015324202339N00045418EA0142401540
B1015334202338N00045412EA0142201539
B1015344202337N00045406EA0142101537
B1015354202337N00045400EA0141901536
B1015364202336N00045394EA0141801534
B1015374202335N00045389EA0141601532
B1015384202333N00045383EA0141201530
B1015394202333N00045377EA0141201528
B1015404202332N00045370EA0141201527
B1015414202332N00045365EA0141101526
B1015424202332N00045359EA0141101525
B1015434202332N00045354EA0140801523
B1015444202332N00045348EA0140501521
B1015454202331N00045341EA0140401519
B1015464202329N00045335EA0140401518
B1015474202327N00045331EA0140601518
B1015484202325N00045327EA0140401518
B1015494202324N00045323EA0140101516
B1015504202322N00045319EA0139901513
B1015514202320N00045313EA0139701511
B1015524202318N00045307EA0139801511
B1015534202316N00045302EA0139901512
B1015544202315N00045297EA0140001513
B1015554202313N00045293EA0139901512
B1015564202311N00045288EA0139701512
B1015574202309N00045284EA0139701511
B1015584202307N00045280EA0139701510
B1015594202304N00045276EA0139501510
B1016004202302N00045272EA0139501509
B1016014202299N00045267EA0139301508
B1016024202297N00045262EA0139301507
B1016034202294N00045256EA0139201506
B1016044202292N00045252EA0139301505
B1016054202289N00045247EA0139001504
B1016064202286N00045243EA0139001503
B1016074202283N00045240EA0138801502
B1016084202280N00045236EA0138701500
B1016094202277N00045231EA0138501499
B1016104202274N00045226EA0138401498
B1016114202271N00045222EA0138301497
B1016124202267N00045217EA0138401497
B1016134202264N00045213EA0138401497
B1016144202260N00045209EA0138401497
B1016154202256N00045205EA0138401497
B1016164202253N00045202EA0138301497
B1016174202249N00045199EA0138401497
B1016184202246N00045196EA0138301496
B1016194202243N00045193EA0138301495
B1016204202240N00045190EA0138101494
B1016214202236N00045187EA0137901492
B1016224202232N00045184EA0137601491
B1016234202228N00045181EA0137601489
B1016244202224N00045179EA0137401489
B1016254202219N00045177EA0137401488
B1016264202215N00045175EA0137401487
B1016274202211N00045174EA0137401486
B1016284202207N00045173EA0137101484
B1016294202202N00045172EA0136801482
B1016304202197N00045171EA0136601480
B1016314202192N00045169EA0136401478
B1016324202187N00045168EA0136401477
B1016334202183N00045167EA0136301475
B1016344202178N00045166EA0136001473
B1016354202174N00045165EA0135901472
B1016364202169N00045163EA0135701470
B1016374202164N00045160EA0135601469
B1016384202160N00045156EA0135501468
B1016394202156N00045152EA0135601468
B1016404202152N00045148EA0135501467
B1016414202148N00045145EA0135401466
B1016424202144N00045141EA0135301465
B1016434202140N00045138EA0135201464
B1016444202136N00045134EA0135101463
B1016454202132N00045129EA0135001462
B1016464202129N00045125EA0135001462
B1016474202126N00045121EA0134801461
B1016484202122N00045117EA0134801459
B1016494202118N00045114EA0134701457
B1016504202114N00045111EA0134201455
B1016514202110N00045107EA0133901452
B1016524202105N00045103EA0133701449
B1016534202100N00045098EA0133601448
B1016544202095N00045093EA0133701448
B1016554202091N00045090EA0133701448
B1016564202086N00045088EA0133701448
B1016574202082N00045086EA0133401446
B1016584202077N00045083EA0133201443
B1016594202073N00045081EA0132901439
B1017004202068N00045078EA0132601437
B1017014202062N00045076EA0132401435
B1017024202057N00045074EA0132301434
B1017034202052N00045073EA0132201433
B1017044202046N00045073EA0132301433
B1017054202041N00045074EA0132201432
B1017064202036N00045075EA0132001431
B1017074202031N00045077EA0131801430
B1017084202025N00045078EA0131801429
B1017094202020N00045080EA0131701428
B1017104202015N00045082EA0131801428
B1017114202010N00045084EA0131601427
B1017124202006N00045085EA0131401426
B1017134202001N00045087EA0131401424
B1017144201996N00045089EA0131101423
B1017154201991N00045092EA0131101422
B1017164201986N00045095EA0131101421
B1017174201981N00045098EA0131001420
B1017184201977N00045101EA0130901419
B1017194201973N00045105EA0130601418
B1017204201968N00045109EA0130601416
B1017214201964N00045114EA0130501415
B1017224201959N00045119EA0130301414
B1017234201955N00045125EA0130301414
B1017244201950N00045130EA0130401414
B1017254201946N00045134EA0130501414
B1017264201942N00045139EA0130301413
B1017274201938N00045144EA0130101411
B1017284201934N00045150EA0129801410
B1017294201930N00045156EA0129801408
B1017304201926N00045162EA0129501406
B1017314201922N00045169EA0129501405
B1017324201918N00045176EA0129501404
B1017334201915N00045182EA0129401404
B1017344201912N00045188EA0129501403
B1017354201909N00045195EA0129301403
B1017364201906N00045201EA0129201402
B1017374201903N00045208EA0129101400
B1017384201900N00045215EA0129001399
B1017394201897N00045223EA0128901398
B1017404201894N00045231EA0128801398
B1017414201890N00045240EA0128901398
B1017424201886N00045247EA0128901398
B1017434201882N00045255EA0128901399
B1017444201879N00045262EA0128901399
B1017454201876N00045269EA0128901399
B1017464201873N00045277EA0128901398
B1017474201869N00045284EA0128901398
B1017484201866N00045292EA0128901397
B1017494201863N00045300EA0128801397
B1017504201860N00045307EA0128901397
B1017514201857N00045315EA0128701396
B1017524201854N00045323EA0128601396
B1017534201850N00045331EA0128601395
B1017544201847N00045339EA0128601395
B1017554201844N00045348EA0128501394
B1017564201840N00045356EA0128501394
B1017574201837N00045364EA0128401394
B1017584201833N00045372EA0128201393
B1017594201830N00045380EA0128201391
B1018004201826N00045388EA0128101390
B1018014201823N00045397EA0127901388
B1018024201820N00045405EA0127601387
B1018034201817N00045414EA0127601386
B1018044201813N00045422EA0127601385
B1018054201810N00045430EA0127501385
B1018064201807N00045438EA0127401384
B1018074201804N00045446EA0127201382
B1018084201802N00045454EA0127201381
B1018094201799N00045462EA0127101381
B1018104201796N00045471EA0127001380
B1018114201794N00045479EA0127201381
B1018124201793N00045486EA0127201380
B1018134201791N00045493EA0127101380
B1018144201790N00045501EA0126901379
B1018154201788N00045509EA0126901378
B1018164201786N00045518EA0127001379
B1018174201785N00045526EA0127101380
B1018184201783N00045534EA0127401381
B1018194201782N00045542EA0127301382
B1018204201780N00045550EA0127301382
B1018214201778N00045559EA0127301384
B1018224201776N00045568EA0127801386
B1018234201774N00045576EA0128101389
B1018244201770N00045582EA0128201391
B1018254201766N00045585EA0128101391
B1018264201761N00045586EA0128101390
B1018274201757N00045584EA0128201391
B1018284201754N00045580EA0128301392
B1018294201752N00045575EA0128501393
B1018304201753N00045569EA0128701395
B1018314201756N00045565EA0128901396
B1018324201760N00045562EA0128801397
B1018334201764N00045562EA0128801397
B1018344201770N00045564EA0128901397
B1018354201775N00045568EA0129001397
B1018364201780N00045575EA0129101399
B1018374201782N00045584EA0129101400
B1018384201783N00045592EA0129301401
B1018394201782N00045601EA0129401402
B1018404201780N00045608EA0129601404
B1018414201777N00045615EA0129601404
B1018424201773N00045619EA0129601404
B1018434201769N00045623EA0129601404
B1018444201764N00045625EA0129601404
B1018454201760N00045626EA0129701404
B1018464201755N00045625EA0129801405
B1018474201751N00045623EA0129901406
B1018484201748N00045619EA0130001408
B1018494201746N00045615EA0130001408
B1018504201744N00045610EA0130101409
B1018514201744N00045605EA0130201410
B1018524201745N00045600EA0130201411
B1018534201747N00045595EA0130401412
B1018544201750N00045591EA0130301413
B1018554201754N00045587EA0130701414
B1018564201758N00045584EA0130701416
B1018574201763N00045583EA0131001417
B1018584201768N00045584EA0130901418
B1018594201774N00045586EA0130901418
B1019004201779N00045590EA0130801418
B1019014201784N00045596EA0130901418
B1019024201788N00045603EA0131001419
B1019034201790N00045611EA0131201420
B1019044201791N00045619EA0131401422
B1019054201791N00045627EA0131401422
B1019064201790N00045635EA0131401423
B1019074201789N00045643EA0131501424
B1019084201787N00045651EA0131501424
B1019094201784N00045658EA0131701424
B1019104201780N00045664EA0131701425
B1019114201776N00045669EA0131601425
B1019124201772N00045674EA0131701426
B1019134201767N00045676EA0131901427
B1019144201762N00045677EA0132001429
B1019154201758N00045677EA0132301431
B1019164201754N00045676EA0132401432
B1019174201752N00045674EA0132401432
B1019184201750N00045671EA0132201432
B1019194201748N00045667EA0132201432
B1019204201748N00045662EA0132201431
B1019214201748N00045657EA0132201431
B1019224201750N00045652EA0132201431
B1019234201752N00045646EA0132301432
B1019244201754N00045642EA0132301433
B1019254201757N00045637EA0132401434
B1019264201759N00045632EA0132601435
B1019274201761N00045627EA0132601436
B1019284201763N00045623EA0132801437
B1019294201765N00045619EA0132801438
B1019304201768N00045615EA0132801438
B1019314201772N00045612EA0132801438
B1019324201777N00045611EA0132801438
B1019334201783N00045611EA0132901438
B1019344201789N00045614EA0132901438
B1019354201795N00045619EA0132801438
B1019364201800N00045626EA0133001439
B1019374201803N00045635EA0132901438
B1019384201804N00045645EA0132801438
B1019394201803N00045654EA0132701437
B1019404201801N00045663EA0132901437
B1019414201798N00045670EA0132901438
B1019424201794N00045677EA0132901438
B1019434201790N00045682EA0133001439
B1019444201785N00045685EA0133101439
B1019454201781N00045687EA0133001439
B1019464201776N00045688EA0132801438
B1019474201771N00045686EA0132801438
B1019484201767N00045683EA0132901438
B1019494201765N00045678EA0133001439
B1019504201765N00045673EA0133001439
B1019514201767N00045668EA0133001439
B1019524201770N00045663EA0133201440
B1019534201773N00045659EA0133201442
B1019544201777N00045656EA0133401444
B1019554201781N00045653EA0133501445
B1019564201785N00045650EA0133601446
B1019574201789N00045646EA0133601447
B1019584201792N00045641EA0133701448
B1019594201793N00045635EA0133801449
B1020004201793N00045629EA0133901450
B1020014201791N00045623EA0133901450
B1020024201787N00045620EA0134001451
B1020034201782N00045620EA0134101452
B1020044201778N00045622EA0134101452
B1020054201775N00045625EA0134001452
B1020064201771N00045629EA0134101451
B1020074201767N00045635EA0133901450
B1020084201764N00045641EA0133901450
B1020094201761N00045650EA0133901451
B1020104201760N00045660EA0134101452
B1020114201760N00045670EA0134401454
B1020124201762N00045678EA0134401456
B1020134201766N00045684EA0134701458
B1020144201771N00045689EA0134801459
B1020154201776N00045691EA0134901460
B1020164201781N00045692EA0135201461
B1020174201786N00045691EA0135201463
B1020184201791N00045689EA0135201463
B1020194201794N00045685EA0135201463
B1020204201797N00045680EA0135201463
B1020214201799N00045674EA0135301464
B1020224201800N00045668EA0135301464
B1020234201799N00045663EA0135201464
B1020244201797N00045658EA0135301465
B1020254201795N00045654EA0135401465
B1020264201792N00045652EA0135401464
B1020274201788N00045651EA0135101463
B1020284201784N00045651EA0134901460
B1020294201780N00045653EA0134701458
B1020304201775N00045654EA0134401455
B1020314201769N00045655EA0134401454
B1020324201764N00045653EA0134101452
B1020334201761N00045650EA0134001451
B1020344201759N00045644EA0133801449
B1020354201760N00045639EA0133701447
B1020364201762N00045636EA0133501445
B1020374201766N00045634EA0133401443
B1020384201771N00045634EA0133201442
B1020394201776N00045636EA0133201441
B1020404201781N00045639EA0133101440
B1020414201786N00045642EA0133001439
B1020424201790N00045645EA0132801438
B1020434201795N00045648EA0132701437
B1020444201799N00045652EA0132601436
B1020454201803N00045658EA0132601434
B1020464201806N00045666EA0132201432
B1020474201806N00045675EA0132001429
B1020484201805N00045685EA0131901428
B1020494201803N00045694EA0132201429
B1020504201801N00045702EA0132401430
B1020514201799N00045710EA0132501431
B1020524201797N00045718EA0132301430
B1020534201795N00045726EA0132001428
B1020544201793N00045736EA0131901427
B1020554201791N00045746EA0132001427
B1020564201789N00045756EA0131901428
B1020574201787N00045766EA0132001428
B1020584201785N00045775EA0132001429
B1020594201784N00045785EA0132301430
B1021004201783N00045794EA0132601431
B1021014201782N00045802EA0132601432
B1021024201781N00045809EA0132501432
B1021034201778N00045815EA0132601433
B1021044201774N00045821EA0132801433
B1021054201770N00045826EA0132901435
B1021064201765N00045829EA0133101437
B1021074201760N00045832EA0133301440
B1021084201756N00045834EA0133701443
B1021094201752N00045838EA0133701445
B1021104201749N00045844EA0133701445
B1021114201746N00045852EA0133601445
B1021124201744N00045861EA0133901446
B1021134201745N00045871EA0133901447
B1021144201750N00045879EA0133801447
B1021154201756N00045883EA0133501446
B1021164201763N00045882EA0133601446
B1021174201769N00045878EA0134001448
B1021184201772N00045873EA0134001449
B1021194201774N00045868EA0134101451
B1021204201775N00045864EA0134301452
B1021214201776N00045859EA0134501454
B1021224201777N00045855EA0134601456
B1021234201775N00045851EA0134701457
B1021244201772N00045849EA0134801457
B1021254201768N00045848EA0134701457
B1021264201764N00045848EA0134801458
B1021274201759N00045849EA0135001460
B1021284201754N00045852EA0135201461
B1021294201750N00045858EA0135201463
B1021304201747N00045865EA0135401464
B1021314201746N00045874EA0135601466
B1021324201746N00045884EA0135701468
B1021334201747N00045894EA0135901470
B1021344201750N00045904EA0136101472
B1021354201754N00045911EA0136201474
B1021364201759N00045916EA0136301475
B1021374201765N00045918EA0136301476
B1021384201770N00045917EA0136601478
B1021394201775N00045916EA0136701479
B1021404201778N00045914EA0136901481
B1021414201781N00045911EA0137001482
B1021424201782N00045908EA0137001482
B1021434201783N00045905EA0136901481
B1021444201783N00045901EA0136901481
B1021454201783N00045896EA0136801481
B1021464201782N00045892EA0136901481
B1021474201780N00045888EA0136901482
B1021484201778N00045884EA0136901482
B1021494201774N00045883EA0136901483
B1021504201769N00045882EA0137001483
B1021514201765N00045881EA0137101484
B1021524201760N00045882EA0137201485
B1021534201755N00045884EA0137301486
B1021544201750N00045888EA0137501487
B1021554201746N00045895EA0137601488
B1021564201742N00045903EA0137701489
B1021574201740N00045912EA0137901491
B1021584201740N00045921EA0138001492
B1021594201742N00045929EA0138101492
B1022004201746N00045937EA0137901492
B1022014201751N00045944EA0138001492
B1022024201757N00045950EA0138001492
B1022034201764N00045955EA0138101494
B1022044201771N00045957EA0138301496
B1022054201777N00045957EA0138501499
B1022064201782N00045955EA0138901501
B1022074201786N00045953EA0139001503
B1022084201790N00045950EA0139101504
B1022094201792N00045947EA0139101505
B1022104201793N00045943EA0139001504
B1022114201792N00045939EA0138801503
B1022124201790N00045935EA0138701503
B1022134201787N00045932EA0138901503
B1022144201783N00045930EA0138901503
B1022154201778N00045931EA0139001503
B1022164201773N00045934EA0139001504
B1022174201769N00045940EA0139001505
B1022184201765N00045948EA0139201505
B1022194201763N00045957EA0139101506
B1022204201763N00045966EA0139301506
B1022214201765N00045975EA0139401507
B1022224201769N00045983EA0139401507
B1022234201773N00045990EA0139401507
B1022244201779N00045995EA0139301508
B1022254201785N00045999EA0139501509
B1022264201791N00046001EA0139701510
B1022274201797N00046001EA0139901512
B1022284201802N00046000EA0140001513
B1022294201807N00045999EA0140101514
B1022304201810N00045996EA0140001514
B1022314201813N00045992EA0139801513
B1022324201816N00045988EA0139901513
B1022334201818N00045984EA0140001512
B1022344201819N00045979EA0139901512
B1022354201819N00045974EA0139901512
B1022364201818N00045970EA0139801512
B1022374201815N00045966EA0139701511
B1022384201811N00045964EA0139701510
B1022394201807N00045962EA0139701510
B1022404201803N00045959EA0139801511
B1022414201799N00045956EA0139901512
B1022424201796N00045954EA0140001512
B1022434201792N00045952EA0140001512
B1022444201788N00045952EA0139801511
B1022454201782N00045953EA0139501509
B1022464201777N00045957EA0139301507
B1022474201771N00045962EA0139201505
B1022484201766N00045970EA0139201504
B1022494201763N00045979EA0139201504
B1022504201762N00045988EA0139301504
B1022514201761N00045997EA0139101504
B1022524201763N00046007EA0139001502
B1022534201765N00046016EA0138901502
B1022544201769N00046025EA0139001502
B1022554201774N00046032EA0138901502
B1022564201780N00046037EA0139001501
B1022574201786N00046040EA0138901501
B1022584201792N00046041EA0138901501
B1022594201797N00046040EA0138901500
B1023004201803N00046038EA0138701500
B1023014201808N00046034EA0138801500
B1023024201812N00046030EA0138901501
B1023034201815N00046024EA0139001503
B1023044201817N00046019EA0139201504
B1023054201820N00046015EA0139401506
B1023064201822N00046010EA0139401507
B1023074201823N00046005EA0139501507
B1023084201825N00046000EA0139501507
B1023094201825N00045995EA0139401507
B1023104201824N00045991EA0139301506
B1023114201822N00045988EA0139101503
B1023124201818N00045985EA0138601500
B1023134201814N00045983EA0138301497
B1023144201809N00045980EA0138201494
B1023154201804N00045978EA0137801492
B1023164201799N00045975EA0137801490
B1023174201793N00045974EA0137601489
B1023184201788N00045974EA0137601488
B1023194201782N00045975EA0137401487
B1023204201776N00045978EA0137401486
B1023214201770N00045981EA0137301484
B1023224201764N00045987EA0137201483
B1023234201759N00045993EA0137201482
B1023244201754N00046001EA0137201482
B1023254201751N00046009EA0137101482
B1023264201748N00046017EA0137101480
B1023274201746N00046025EA0136801479
B1023284201745N00046035EA0136601477
B1023294201744N00046046EA0136301475
B1023304201744N00046056EA0136301474
B1023314201745N00046066EA0136401474
B1023324201746N00046075EA0136701475
B1023334201748N00046082EA0136401474
B1023344201750N00046090EA0136201473
B1023354201753N00046098EA0136001470
B1023364201757N00046106EA0135801468
B1023374201762N00046113EA0135601467
B1023384201768N00046119EA0135801467
B1023394201774N00046123EA0135701467
B1023404201780N00046125EA0135601466
B1023414201786N00046125EA0135301465
B1023424201791N00046123EA0135301464
B1023434201795N00046119EA0135301463
B1023444201798N00046115EA0135401463
B1023454201801N00046110EA0135401464
B1023464201804N00046105EA0135401465
B1023474201806N00046101EA0135401465
B1023484201808N00046096EA0135501465
B1023494201810N00046092EA0135501465
B1023504201811N00046089EA0135501465
B1023514201812N00046086EA0135301464
B1023524201812N00046082EA0135101462
B1023534201813N00046078EA0134901460
B1023544201813N00046073EA0134701457
B1023554201814N00046067EA0134401455
B1023564201815N00046062EA0134501454
B1023574201815N00046056EA0134201453
B1023584201816N00046051EA0134501453
B1023594201816N00046046EA0134501454
B1024004201817N00046042EA0134601455
B1024014201817N00046038EA0134501454
B1024024201817N00046035EA0134201452
B1024034201817N00046031EA0133801449
B1024044201817N00046025EA0133601446
B1024054201817N00046019EA0133501445
B1024064201818N00046013EA0133601445
B1024074201818N00046008EA0133601444
B1024084201818N00046003EA0133501444
B1024094201817N00045999EA0133301442
B1024104201817N00045994EA0133101440
B1024114201817N00045988EA0132901438
B1024124201816N00045982EA0132801437
B1024134201815N00045977EA0132701436
B1024144201815N00045971EA0132701435
B1024154201814N00045965EA0132801434
B1024164201815N00045959EA0132501434
B1024174201815N00045953EA0132501433
B1024184201816N00045947EA0132401432
B1024194201816N00045941EA0132201431
B1024204201816N00045935EA0132201431
B1024214201817N00045930EA0132301431
B1024224201817N00045924EA0132201431
B1024234201817N00045920EA0132201431
B1024244201817N00045915EA0132301431
B1024254201818N00045911EA0132201430
B1024264201818N00045906EA0132201429
B1024274201819N00045902EA0132101428
B1024284201819N00045896EA0132001428
B1024294201819N00045891EA0132001427
B1024304201820N00045886EA0132001426
B1024314201820N00045880EA0131901426
B1024324201821N00045875EA0131801425
B1024334201822N00045870EA0131501423
B1024344201823N00045865EA0131201421
B1024354201824N00045859EA0130901419
B1024364201824N00045853EA0131001418
B1024374201824N00045848EA0130901417
B1024384201825N00045843EA0130801416
B1024394201825N00045839EA0130801415
B1024404201826N00045834EA0130801415
B1024414201827N00045829EA0130901415
B1024424201828N00045825EA0130801415
B1024434201828N00045820EA0130701414
B1024444201828N00045815EA0130701414
B1024454201828N00045809EA0130801414
B1024464201828N00045803EA0130701414
B1024474201828N00045798EA0131001415
B1024484201828N00045793EA0131101416
B1024494201827N00045789EA0131101417
B1024504201827N00045784EA0131001417
B1024514201826N00045779EA0131001417
B1024524201825N00045774EA0131201417
B1024534201823N00045770EA0131101417
B1024544201822N00045767EA0131201417
B1024554201820N00045763EA0131201417
B1024564201818N00045760EA0131101416
B1024574201817N00045756EA0131001415
B1024584201817N00045751EA0131001414
B1024594201819N00045746EA0130801414
B1025004201825N00045743EA0130701413
B1025014201832N00045745EA0130601412
B1025024201838N00045751EA0130501412
B1025034201842N00045761EA0130901413
B1025044201843N00045770EA0131101415
B1025054201843N00045779EA0131001417
B1025064201842N00045787EA0131201418
B1025074201840N00045795EA0131301418
B1025084201838N00045802EA0131301419
B1025094201835N00045808EA0131401418
B1025104201832N00045812EA0131201418
B1025114201827N00045816EA0131101417
B1025124201823N00045818EA0131001417
B1025134201818N00045820EA0131001417
B1025144201814N00045819EA0131101416
B1025154201811N00045817EA0131101416
B1025164201808N00045814EA0131001415
B1025174201807N00045809EA0130801414
B1025184201807N00045805EA0130801414
B1025194201807N00045800EA0130801413
B1025204201809N00045795EA0130801413
B1025214201812N00045791EA0131001414
B1025224201816N00045790EA0130901414
B1025234201821N00045791EA0130901413
B1025244201826N00045796EA0130601412
B1025254201831N00045803EA0130501411
B1025264201835N00045812EA0130601410
B1025274201836N00045822EA0130601410
B1025284201836N00045832EA0130501410
B1025294201834N00045841EA0130401409
B1025304201831N00045850EA0130301408
B1025314201828N00045858EA0130301408
B1025324201825N00045865EA0130401409
B1025334201823N00045872EA0130501409
B1025344201820N00045879EA0130301409
B1025354201818N00045886EA0130301408
B1025364201815N00045894EA0130101407
B1025374201813N00045902EA0130101407
B1025384201810N00045910EA0130201407
B1025394201808N00045918EA0130301408
B1025404201806N00045926EA0130501409
B1025414201803N00045933EA0130501410
B1025424201801N00045939EA0130601410
B1025434201799N00045945EA0130301409
B1025444201797N00045952EA0130101406
B1025454201794N00045959EA0129801403
B1025464201791N00045967EA0129501400
B1025474201788N00045975EA0129301399
B1025484201785N00045984EA0129201398
B1025494201782N00045992EA0129201397
B1025504201779N00046000EA0129001396
B1025514201777N00046008EA0129101395
B1025524201774N00046017EA0128901394
B1025534201772N00046025EA0128901394
B1025544201771N00046034EA0128901393
B1025554201769N00046043EA0128801392
B1025564201768N00046051EA0128801392
B1025574201767N00046060EA0128701391
B1025584201765N00046068EA0128601390
B1025594201764N00046076EA0128501389
B1026004201763N00046085EA0128301388
B1026014201762N00046093EA0128301387
B1026024201761N00046102EA0128101386
B1026034201760N00046111EA0127901384
B1026044201759N00046120EA0127801383
B1026054201758N00046129EA0127601382
B1026064201757N00046138EA0127601381
B1026074201756N00046146EA0127301380
B1026084201756N00046155EA0127201378
B1026094201755N00046164EA0127001376
B1026104201754N00046173EA0126701374
B1026114201753N00046182EA0126701372
B1026124201751N00046191EA0126501370
B1026134201750N00046200EA0126401370
B1026144201748N00046209EA0126401369
B1026154201746N00046217EA0126201367
B1026164201743N00046224EA0126001365
B1026174201739N00046230EA0125801364
B1026184201735N00046234EA0125801362
B1026194201730N00046235EA0125501360
B1026204201726N00046233EA0125201357
B1026214201723N00046228EA0125001355
B1026224201723N00046222EA0124801353
B1026234201724N00046216EA0124701352
B1026244201726N00046211EA0124601350
B1026254201728N00046206EA0124501349
B1026264201730N00046201EA0124301347
B1026274201731N00046195EA0123901345
B1026284201733N00046189EA0123701342
B1026294201734N00046183EA0123701341
B1026304201736N00046177EA0123501340
B1026314201737N00046172EA0123401339
B1026324201739N00046166EA0123301337
B1026334201740N00046161EA0123001336
B1026344201741N00046155EA0123101334
B1026354201742N00046150EA0123001333
B1026364201743N00046144EA0122801332
B1026374201745N00046139EA0122701331
B1026384201746N00046133EA0122601330
B1026394201747N00046127EA0122601329
B1026404201748N00046121EA0122601329
B1026414201749N00046116EA0122601329
B1026424201750N00046111EA0122501329
B1026434201750N00046106EA0122401327
B1026444201751N00046101EA0122101325
B1026454201751N00046096EA0121901322
B1026464201751N00046090EA0121701320
B1026474201752N00046084EA0121501317
B1026484201752N00046078EA0121201315
B1026494201752N00046072EA0121101314
B1026504201752N00046067EA0121101312
B1026514201751N00046062EA0121001310
B1026524201751N00046057EA0120801308
B1026534201750N00046052EA0120401306
B1026544201749N00046046EA0120401305
B1026554201748N00046039EA0120501306
B1026564201747N00046033EA0120801309
B1026574201746N00046027EA0121201313
B1026584201746N00046022EA0121601316
B1026594201746N00046018EA0121901318
B1027004201747N00046015EA0122001320
B1027014201747N00046012EA0122101321
B1027024201746N00046009EA0122101321
B1027034201744N00046006EA0122001322
B1027044201741N00046003EA0122101322
B1027054201738N00046001EA0122201323
B1027064201733N00046001EA0122301324
B1027074201728N00046004EA0122301325
B1027084201724N00046009EA0122301326
B1027094201720N00046015EA0122601327
B1027104201717N00046024EA0122601328
B1027114201716N00046033EA0122601328
B1027124201717N00046042EA0122501328
B1027134201719N00046051EA0122601328
B1027144201724N00046058EA0122601328
B1027154201731N00046063EA0122601328
B1027164201738N00046064EA0122301327
B1027174201745N00046062EA0122401327
B1027184201751N00046057EA0122701328
B1027194201753N00046051EA0122701330
B1027204201754N00046046EA0122901332
B1027214201754N00046041EA0123201333
B1027224201754N00046037EA0123201335
B1027234201755N00046033EA0123501337
B1027244201755N00046029EA0123701338
B1027254201755N00046027EA0123601338
B1027264201753N00046023EA0123301337
B1027274201751N00046020EA0123101336
B1027284201747N00046016EA0123401337
B1027294201742N00046013EA0123801340
B1027304201736N00046013EA0123901342
B1027314201731N00046014EA0124101343
B1027324201727N00046019EA0124001343
B1027334201723N00046025EA0123901342
B1027344201721N00046034EA0123801342
B1027354201720N00046044EA0123901341
B1027364201722N00046053EA0124001342
B1027374201726N00046061EA0123901343
B1027384201732N00046066EA0124001344
B1027394201738N00046068EA0124001344
B1027404201744N00046067EA0124001345
B1027414201749N00046064EA0124201347
B1027424201752N00046059EA0124701350
B1027434201752N00046054EA0124901353
B1027444201751N00046050EA0125101354
B1027454201749N00046046EA0125001355
B1027464201747N00046042EA0125101355
B1027474201744N00046038EA0125001355
B1027484201741N00046036EA0124901354
B1027494201737N00046035EA0124701352
B1027504201732N00046034EA0124401350
B1027514201727N00046034EA0124201348
B1027524201722N00046035EA0124201347
B1027534201717N00046039EA0124101345
B1027544201714N00046045EA0123801343
B1027554201712N00046053EA0123601341
B1027564201712N00046063EA0123501339
B1027574201715N00046072EA0123401338
B1027584201719N00046080EA0123401338
B1027594201724N00046087EA0123601339
B1028004201729N00046092EA0123801340
B1028014201734N00046097EA0123701340
B1028024201739N00046103EA0123701340
B1028034201742N00046110EA0123701339
B1028044201744N00046119EA0123501338
B1028054201743N00046129EA0123401337
B1028064201739N00046137EA0123401337
B1028074201734N00046141EA0123401337
B1028084201728N00046140EA0123501338
B1028094201724N00046136EA0123601339
B1028104201723N00046130EA0123801340
B1028114201723N00046125EA0124001341
B1028124201725N00046121EA0124001342
B1028134201727N00046117EA0124001341
B1028144201729N00046113EA0123801340
B1028154201731N00046108EA0123701339
B1028164201734N00046104EA0123601338
B1028174201737N00046099EA0123501337
B1028184201739N00046094EA0123301336
B1028194201741N00046089EA0123101334
B1028204201742N00046083EA0122901331
B1028214201742N00046077EA0122701330
B1028224201742N00046072EA0122801329
B1028234201743N00046067EA0122701328
B1028244201743N00046062EA0122501327
B1028254201743N00046058EA0122401326
B1028264201743N00046053EA0122201324
B1028274201743N00046048EA0122101322
B1028284201743N00046043EA0121901321
B1028294201743N00046038EA0122001320
B1028304201743N00046034EA0121801319
B1028314201743N00046030EA0121601317
B1028324201744N00046025EA0121601317
B1028334201744N00046020EA0121701317
B1028344201745N00046016EA0121901319
B1028354201746N00046013EA0122101320
B1028364201747N00046011EA0122101321
B1028374201747N00046009EA0122001320
B1028384201747N00046007EA0121701318
B1028394201747N00046003EA0121601316
B1028404201748N00045999EA0121501316
B1028414201749N00045994EA0121801317
B1028424201749N00045991EA0121801318
B1028434201749N00045988EA0121701317
B1028444201749N00045986EA0121601315
B1028454201749N00045982EA0121201313
B1028464201749N00045978EA0121201311
B1028474201749N00045973EA0121001310
B1028484201750N00045969EA0120901308
B1028494201750N00045965EA0120701307
B1028504201749N00045961EA0120301304
B1028514201749N00045956EA0120201302
B1028524201748N00045951EA0120101301
B1028534201748N00045946EA0120201301
B1028544201747N00045942EA0120201301
B1028554201747N00045938EA0120101300
B1028564201747N00045933EA0120001299
B1028574201746N00045929EA0120001299
B1028584201746N00045924EA0119901298
B1028594201745N00045920EA0119901298
B1029004201742N00045917EA0119801297
B1029014201738N00045916EA0119501296
B1029024201733N00045917EA0119301293
B1029034201728N00045922EA0119101291
B1029044201723N00045929EA0119001289
B1029054201720N00045938EA0119101289
B1029064201719N00045948EA0119001289
B1029074201718N00045957EA0119001288
B1029084201717N00045967EA0119001288
B1029094201716N00045976EA0118801287
B1029104201714N00045986EA0118901287
B1029114201713N00045996EA0118601286
B1029124201712N00046006EA0118701286
B1029134201712N00046016EA0118801286
B1029144201712N00046025EA0118701285
B1029154201713N00046033EA0118601284
B1029164201713N00046042EA0118601283
B1029174201714N00046052EA0118301282
B1029184201715N00046062EA0118401282
B1029194201715N00046072EA0118501284
B1029204201716N00046082EA0118601285
B1029214201715N00046090EA0118601285
B1029224201714N00046099EA0118701284
B1029234201713N00046107EA0118501284
B1029244201712N00046116EA0118301282
B1029254201711N00046126EA0118301281
B1029264201710N00046136EA0118101280
B1029274201708N00046146EA0118001278
B1029284201707N00046156EA0117801277
B1029294201706N00046166EA0117801276
B1029304201706N00046176EA0117601275
B1029314201705N00046186EA0117601274
B1029324201704N00046196EA0117501272
B1029334201702N00046205EA0117301270
B1029344201701N00046214EA0116901268
B1029354201699N00046223EA0116601265
B1029364201697N00046232EA0116301262
B1029374201695N00046241EA0116101259
B1029384201692N00046250EA0115901256
B1029394201690N00046259EA0115701254
B1029404201688N00046268EA0115401252
B1029414201685N00046277EA0115401250
B1029424201683N00046286EA0115001248
B1029434201681N00046296EA0115101248
B1029444201678N00046304EA0115101247
B1029454201675N00046312EA0115101248
B1029464201672N00046319EA0115301248
B1029474201669N00046327EA0115201249
B1029484201667N00046336EA0115101249
B1029494201665N00046345EA0115001248
B1029504201664N00046355EA0115201248
B1029514201662N00046365EA0115101249
B1029524201661N00046375EA0115201249
B1029534201660N00046385EA0115301250
B1029544201658N00046395EA0115201251
B1029554201657N00046405EA0115401252
B1029564201656N00046415EA0115401254
B1029574201656N00046425EA0115701255
B1029584201657N00046435EA0116001257
B1029594201658N00046444EA0116201260
B1030004201659N00046453EA0116501264
B1030014201660N00046461EA0116901268
B1030024201660N00046468EA0117101270
B1030034201658N00046475EA0117401272
B1030044201655N00046481EA0117301273
B1030054201650N00046485EA0117201272
B1030064201645N00046485EA0117301273
B1030074201640N00046483EA0117401274
B1030084201637N00046479EA0117601275
B1030094201636N00046474EA0117701276
B1030104201637N00046470EA0117801277
B1030114201640N00046466EA0117901277
B1030124201644N00046464EA0117901277
B1030134201649N00046464EA0117701276
B1030144201655N00046466EA0117601276
B1030154201662N00046470EA0117801276
B1030164201667N00046478EA0117901278
B1030174201671N00046487EA0118001279
B1030184201672N00046496EA0118401281
B1030194201671N00046506EA0118501284
B1030204201669N00046514EA0118801287
B1030214201666N00046521EA0119101289
B1030224201662N00046526EA0119201291
B1030234201658N00046529EA0119301292
B1030244201654N00046532EA0119201291
B1030254201650N00046533EA0118901290
B1030264201645N00046532EA0118801289
B1030274201642N00046530EA0118801288
B1030284201640N00046526EA0118701287
B1030294201639N00046522EA0118701287
B1030304201639N00046517EA0118601286
B1030314201640N00046512EA0118501285
B1030324201642N00046507EA0118301282
B1030334201646N00046502EA0118101280
B1030344201651N00046497EA0118001279
B1030354201657N00046494EA0118001279
B1030364201662N00046492EA0118201280
B1030374201667N00046491EA0118301281
B1030384201672N00046490EA0118201281
B1030394201676N00046489EA0118301280
B1030404201680N00046487EA0118001280
B1030414201685N00046484EA0118101280
B1030424201688N00046480EA0118501282
B1030434201689N00046477EA0118701285
B1030444201688N00046473EA0118801288
B1030454201686N00046470EA0119101290
B1030464201682N00046469EA0119201292
B1030474201677N00046470EA0119301295
B1030484201673N00046472EA0119801297
B1030494201669N00046476EA0119801297
B1030504201667N00046481EA0119701296
B1030514201664N00046488EA0119501294
B1030524201661N00046497EA0119201292
B1030534201659N00046506EA0119201291
B1030544201657N00046516EA0119301291
B1030554201656N00046525EA0119301291
B1030564201656N00046535EA0119301291
B1030574201656N00046544EA0119301291
B1030584201656N00046553EA0119201290
B1030594201656N00046561EA0119001289
B1031004201655N00046571EA0118901288
B1031014201655N00046580EA0119001288
B1031024201655N00046589EA0119201289
B1031034201655N00046598EA0119301291
B1031044201655N00046606EA0119401292
B1031054201655N00046615EA0119401292
B1031064201655N00046623EA0119301292
B1031074201655N00046632EA0119301291
B1031084201655N00046642EA0119201290
B1031094201655N00046651EA0119101290
B1031104201653N00046661EA0119201290
B1031114201652N00046671EA0119301291
B1031124201651N00046681EA0119501293
B1031134201650N00046690EA0119701295
B1031144201648N00046698EA0119901297
B1031154201645N00046705EA0119901298
B1031164201642N00046710EA0120001299
B1031174201637N00046711EA0120001299
B1031184201633N00046711EA0120101300
B1031194201630N00046708EA0120101301
B1031204201630N00046703EA0120301302
B1031214201631N00046699EA0120401303
B1031224201635N00046695EA0120501304
B1031234201639N00046692EA0120501306
B1031244201644N00046689EA0120701307
B1031254201649N00046687EA0120901309
B1031264201652N00046683EA0120901310
B1031274201653N00046679EA0121001311
B1031284201651N00046675EA0121101312
B1031294201647N00046673EA0121201314
B1031304201642N00046674EA0121501316
B1031314201638N00046677EA0121901319
B1031324201634N00046681EA0122101321
B1031334201631N00046686EA0122101323
B1031344201628N00046693EA0122301324
B1031354201627N00046700EA0122201324
B1031364201627N00046709EA0122301324
B1031374201628N00046719EA0122301325
B1031384201631N00046729EA0122501327
B1031394201636N00046736EA0122601329
B1031404201643N00046741EA0122601330
B1031414201649N00046742EA0122901332
B1031424201655N00046742EA0123201334
B1031434201660N00046739EA0123401336
B1031444201663N00046736EA0123501337
B1031454201665N00046732EA0123601338
B1031464201666N00046728EA0123601339
B1031474201667N00046724EA0123601341
B1031484201666N00046719EA0123801342
B1031494201663N00046716EA0124101344
B1031504201659N00046715EA0124001345
B1031514201655N00046716EA0124301346
B1031524201651N00046718EA0124301347
B1031534201647N00046722EA0124501348
B1031544201644N00046725EA0124401347
B1031554201640N00046730EA0124201347
B1031564201637N00046735EA0124001346
B1031574201634N00046743EA0124101345
B1031584201632N00046751EA0124001344
B1031594201631N00046760EA0124001344
B1032004201631N00046770EA0124201344
B1032014201632N00046780EA0124201345
B1032024201634N00046790EA0124301345
B1032034201638N00046799EA0124301346
B1032044201643N00046807EA0124301347
B1032054201649N00046812EA0124401348
B1032064201656N00046816EA0124601349
B1032074201663N00046816EA0124801351
B1032084201669N00046815EA0124801352
B1032094201673N00046811EA0124801352
B1032104201675N00046806EA0125001354
B1032114201677N00046801EA0125401357
B1032124201677N00046797EA0125701360
B1032134201676N00046795EA0125901362
B1032144201674N00046793EA0125901363
B1032154201671N00046792EA0125901364
B1032164201668N00046792EA0125901364
B1032174201665N00046793EA0126001365
B1032184201662N00046796EA0126101365
B1032194201659N00046801EA0125901364
B1032204201656N00046807EA0125801363
B1032214201653N00046815EA0125801363
B1032224201652N00046824EA0126001364
B1032234201651N00046834EA0126301366
B1032244201652N00046843EA0126501368
B1032254201655N00046853EA0126501370
B1032264201659N00046862EA0126701371
B1032274201664N00046870EA0126701372
B1032284201670N00046877EA0127001373
B1032294201676N00046882EA0127001374
B1032304201682N00046885EA0127001375
B1032314201689N00046886EA0127201376
B1032324201695N00046886EA0127301377
B1032334201700N00046884EA0127401379
B1032344201704N00046881EA0127601380
B1032354201707N00046879EA0127701382
B1032364201710N00046877EA0127901383
B1032374201713N00046874EA0127801384
B1032384201714N00046872EA0127801383
B1032394201716N00046868EA0127601383
B1032404201716N00046865EA0127901383
B1032414201715N00046862EA0127801383
B1032424201715N00046859EA0127901384
B1032434201714N00046856EA0127901384
B1032444201713N00046854EA0127901384
B1032454201712N00046851EA0127801383
B1032464201710N00046848EA0127601383
B1032474201709N00046845EA0127701383
B1032484201707N00046843EA0127701382
B1032494201704N00046841EA0127701382
B1032504201701N00046839EA0127601381
B1032514201698N00046838EA0127401380
B1032524201694N00046838EA0127501380
B1032534201690N00046838EA0127501380
B1032544201686N00046839EA0127601381
B1032554201682N00046840EA0127701381
B1032564201677N00046841EA0127701382
B1032574201673N00046843EA0127701382
B1032584201669N00046846EA0127801382
B1032594201664N00046851EA0127901383
B1033004201660N00046857EA0127901384
B1033014201656N00046864EA0128001385
B1033024201653N00046872EA0128201386
B1033034201650N00046880EA0128301387
B1033044201649N00046890EA0128401387
B1033054201648N00046899EA0128501389
B1033064201649N00046909EA0128601390
B1033074201652N00046919EA0128801392
B1033084201657N00046926EA0128901394
B1033094201663N00046932EA0129001394
B1033104201669N00046934EA0128901394
B1033114201676N00046935EA0128801394
B1033124201683N00046934EA0128801394
B1033134201689N00046931EA0129101396
B1033144201694N00046929EA0129201398
B1033154201699N00046926EA0129301400
B1033164201701N00046923EA0129401401
B1033174201703N00046919EA0129401400
B1033184201705N00046916EA0129301400
B1033194201705N00046912EA0129201399
B1033204201706N00046907EA0129201400
B1033214201705N00046904EA0129401400
B1033224201704N00046901EA0129401401
B1033234201702N00046898EA0129401401
B1033244201698N00046897EA0129401401
B1033254201695N00046897EA0129301401
B1033264201690N00046899EA0129401401
B1033274201685N00046902EA0129501402
B1033284201680N00046907EA0129701403
B1033294201676N00046912EA0129901405
B1033304201673N00046919EA0130201408
B1033314201670N00046927EA0130401410
B1033324201669N00046936EA0130401410
B1033334201668N00046945EA0130301410
B1033344201668N00046954EA0130201409
B1033354201667N00046964EA0130101408
B1033364201668N00046974EA0130101408
B1033374201670N00046984EA0130101409
B1033384201675N00046992EA0130301409
B1033394201680N00046999EA0130401410
B1033404201686N00047004EA0130401410
B1033414201692N00047008EA0130401411
B1033424201698N00047011EA0130301410
B1033434201704N00047013EA0130201409
B1033444201711N00047013EA0130001408
B1033454201718N00047013EA0130001408
B1033464201724N00047010EA0130101408
B1033474201729N00047008EA0130301409
B1033484201733N00047005EA0130301410
B1033494201736N00047003EA0130201409
B1033504201739N00047000EA0129901407
B1033514201742N00046997EA0129701406
B1033524201745N00046992EA0129701404
B1033534201747N00046988EA0129701404
B1033544201749N00046984EA0129901405
B1033554201750N00046980EA0130001405
B1033564201750N00046977EA0129901405
B1033574201751N00046973EA0129701404
B1033584201751N00046969EA0129601403
B1033594201750N00046964EA0129501402
B1034004201749N00046959EA0129701402
B1034014201749N00046955EA0130001403
B1034024201748N00046952EA0130201406
B1034034201747N00046950EA0130401408
B1034044201746N00046949EA0130501409
B1034054201746N00046947EA0130201409
B1034064201745N00046943EA0130201409
B1034074201743N00046939EA0130401410
B1034084201743N00046935EA0130801412
B1034094201742N00046932EA0131101415
B1034104201740N00046930EA0131201417
B1034114201738N00046928EA0131201418
B1034124201734N00046928EA0131201419
B1034134201731N00046928EA0131301419
B1034144201726N00046930EA0131301419
B1034154201721N00046934EA0131301420
B1034164201716N00046939EA0131501421
B1034174201712N00046946EA0131601422
B1034184201710N00046955EA0131701423
B1034194201709N00046964EA0131701423
B1034204201709N00046974EA0131801424
B1034214201711N00046983EA0131901425
B1034224201713N00046993EA0131901425
B1034234201717N00047002EA0131801425
B1034244201722N00047010EA0131801425
B1034254201728N00047017EA0131801425
B1034264201733N00047022EA0131901425
B1034274201739N00047026EA0131801424
B1034284201744N00047029EA0131701423
B1034294201749N00047029EA0131501422
B1034304201755N00047027EA0131401421
B1034314201760N00047024EA0131401421
B1034324201765N00047020EA0131601422
B1034334201769N00047016EA0131901424
B1034344201772N00047011EA0132201426
B1034354201775N00047007EA0132201428
B1034364201777N00047003EA0132201430
B1034374201779N00046999EA0132501431
B1034384201780N00046994EA0132501433
B1034394201780N00046989EA0132701434
B1034404201778N00046985EA0132701435
B1034414201774N00046981EA0132801436
B1034424201770N00046980EA0133001437
B1034434201765N00046981EA0133001438
B1034444201760N00046985EA0133201439
B1034454201756N00046989EA0133301440
B1034464201752N00046994EA0133401440
B1034474201748N00046999EA0133001439
B1034484201744N00047006EA0132801437
B1034494201740N00047013EA0132601435
B1034504201736N00047022EA0132601434
B1034514201733N00047032EA0132701435
B1034524201732N00047042EA0132801436
B1034534201733N00047052EA0133001437
B1034544201736N00047061EA0133101438
B1034554201740N00047068EA0133301440
B1034564201744N00047075EA0133501441
B1034574201748N00047080EA0133501442
B1034584201754N00047085EA0133401442
B1034594201760N00047089EA0133401442
B1035004201766N00047093EA0133501442
B1035014201774N00047094EA0133501443
B1035024201781N00047095EA0133701444
B1035034201787N00047094EA0133801445
B1035044201793N00047092EA0133901446
B1035054201798N00047088EA0134001447
B1035064201803N00047085EA0134001448
B1035074201807N00047080EA0134001449
B1035084201810N00047075EA0134101449
B1035094201812N00047070EA0134101449
B1035104201814N00047065EA0134101449
B1035114201815N00047059EA0134001448
B1035124201816N00047054EA0133801447
B1035134201816N00047048EA0133901447
B1035144201816N00047042EA0133901449
B1035154201815N00047037EA0134301450
B1035164201812N00047035EA0134301451
B1035174201809N00047033EA0134201451
B1035184201804N00047030EA0134101451
B1035194201800N00047027EA0134301451
B1035204201796N00047024EA0134401453
B1035214201792N00047023EA0134401453
B1035224201788N00047024EA0134301452
B1035234201783N00047027EA0134101451
B1035244201778N00047032EA0134001450
B1035254201773N00047039EA0134201450
B1035264201771N00047048EA0134201451
B1035274201770N00047057EA0134101451
B1035284201769N00047066EA0134301451
B1035294201770N00047075EA0134101450
B1035304201770N00047086EA0133901449
B1035314201772N00047096EA0133701448
B1035324201775N00047106EA0133701447
B1035334201779N00047116EA0133701447
B1035344201784N00047124EA0133701446
B1035354201790N00047131EA0133801446
B1035364201796N00047135EA0133601446
B1035374201802N00047138EA0133501445
B1035384201808N00047139EA0133601445
B1035394201815N00047139EA0133401444
B1035404201822N00047137EA0133501445
B1035414201828N00047135EA0133701445
B1035424201834N00047131EA0133701446
B1035434201838N00047127EA0133801447
B1035444201842N00047122EA0133801447
B1035454201846N00047117EA0133701447
B1035464201850N00047112EA0133701448
B1035474201854N00047106EA0133801448
B1035484201857N00047101EA0134101450
B1035494201860N00047096EA0134101450
B1035504201863N00047090EA0134101451
B1035514201866N00047084EA0134001451
B1035524201868N00047077EA0134001452
B1035534201870N00047071EA0134301453
B1035544201871N00047065EA0134501455
B1035554201872N00047060EA0134601456
B1035564201873N00047055EA0134501456
B1035574201874N00047049EA0134201454
B1035584201875N00047042EA0134101452
B1035594201875N00047036EA0134001452
B1036004201875N00047030EA0134301452
B1036014201874N00047025EA0134201452
B1036024201874N00047021EA0134201452
B1036034201873N00047016EA0133901450
B1036044201872N00047010EA0133801449
B1036054201870N00047005EA0134101450
B1036064201869N00047001EA0134401452
B1036074201868N00046998EA0134501453
B1036084201867N00046996EA0134601453
B1036094201867N00046994EA0134501453
B1036104201867N00046991EA0134201451
B1036114201866N00046988EA0134101450
B1036124201865N00046984EA0134101449
B1036134201864N00046981EA0134101449
B1036144201863N00046977EA0134101448
B1036154201862N00046973EA0134001448
B1036164201862N00046969EA0134201449
B1036174201861N00046964EA0134501451
B1036184201860N00046960EA0134601454
B1036194201859N00046957EA0135001457
B1036204201857N00046955EA0135101460
B1036214201854N00046953EA0135401462
B1036224201850N00046953EA0135501464
B1036234201846N00046954EA0135901466
B1036244201841N00046958EA0135901469
B1036254201837N00046963EA0136201472
B1036264201835N00046971EA0136601475
B1036274201834N00046980EA0136801477
B1036284201834N00046990EA0137101479
B1036294201837N00047000EA0137101481
B1036304201841N00047009EA0137201483
B1036314201847N00047016EA0137501485
B1036324201854N00047020EA0137601486
B1036334201860N00047023EA0137901488
B1036344201867N00047023EA0138001490
B1036354201872N00047021EA0138001492
B1036364201876N00047018EA0138001493
B1036374201880N00047013EA0138301493
B1036384201882N00047009EA0138501495
B1036394201883N00047005EA0138701497
B1036404201883N00047001EA0138701499
B1036414201883N00046997EA0139001501
B1036424201881N00046995EA0139101503
B1036434201879N00046993EA0139101504
B1036444201876N00046992EA0139201505
B1036454201873N00046991EA0139501507
B1036464201869N00046992EA0139801510
B1036474201866N00046995EA0140001511
B1036484201863N00047000EA0140001512
B1036494201860N00047006EA0139901513
B1036504201858N00047012EA0140101513
B1036514201856N00047020EA0140301514
B1036524201854N00047029EA0140401516
B1036534201854N00047038EA0140701517
B1036544201855N00047048EA0140801519
B1036554201857N00047057EA0140701520
B1036564201860N00047066EA0140901521
B1036574201864N00047075EA0141001522
B1036584201868N00047083EA0141201524
B1036594201874N00047089EA0141501526
B1037004201879N00047094EA0141501527
B1037014201885N00047096EA0141401527
B1037024201892N00047096EA0141501527
B1037034201898N00047094EA0141401528
B1037044201904N00047091EA0141701530
B1037054201909N00047087EA0142001532
B1037064201913N00047084EA0142101533
B1037074201916N00047080EA0142201534
B1037084201918N00047077EA0142101534
B1037094201919N00047073EA0142101534
B1037104201921N00047069EA0142001534
B1037114201923N00047064EA0142001533
B1037124201925N00047059EA0142001533
B1037134201927N00047053EA0142201534
B1037144201928N00047048EA0142101534
B1037154201930N00047042EA0142301535
B1037164201931N00047037EA0142301536
B1037174201932N00047032EA0142501537
B1037184201933N00047026EA0142401538
B1037194201933N00047021EA0142601539
B1037204201933N00047015EA0142901540
B1037214201932N00047011EA0143001541
B1037224201931N00047008EA0143001543
B1037234201928N00047006EA0142901543
B1037244201925N00047003EA0143001543
B1037254201922N00047001EA0143001545
B1037264201917N00046999EA0143401546
B1037274201913N00047000EA0143601549
B1037284201909N00047002EA0143901552
B1037294201905N00047007EA0144201554
B1037304201902N00047012EA0144101556
B1037314201900N00047020EA0144401557
B1037324201898N00047028EA0144501558
B1037334201896N00047036EA0144501559
B1037344201895N00047045EA0144701560
B1037354201895N00047055EA0144801561
B1037364201896N00047065EA0144701562
B1037374201898N00047076EA0144901562
B1037384201902N00047086EA0144801563
B1037394201906N00047094EA0144901563
B1037404201911N00047101EA0144801563
B1037414201917N00047107EA0144801563
B1037424201924N00047111EA0144801562
B1037434201931N00047114EA0144601561
B1037444201938N00047115EA0144501560
B1037454201945N00047114EA0144601560
B1037464201950N00047112EA0144501560
B1037474201956N00047108EA0144601561
B1037484201961N00047104EA0144601562
B1037494201965N00047099EA0145001564
B1037504201969N00047095EA0145101565
B1037514201972N00047091EA0145001565
B1037524201974N00047087EA0144901565
B1037534201977N00047082EA0144901565
B1037544201979N00047077EA0144901565
B1037554201981N00047072EA0145201567
B1037564201982N00047068EA0145401568
B1037574201983N00047065EA0145301568
B1037584201985N00047062EA0145401568
B1037594201986N00047058EA0145301568
B1038004201988N00047055EA0145201567
B1038014201989N00047051EA0145101566
B1038024201990N00047047EA0145101566
B1038034201991N00047043EA0144901565
B1038044201992N00047039EA0144901564
B1038054201992N00047035EA0145001564
B1038064201992N00047030EA0144901564
B1038074201992N00047026EA0144801563
B1038084201992N00047020EA0144801563
B1038094201991N00047014EA0144801563
B1038104201990N00047008EA0144801563
B1038114201990N00047002EA0145001564
B1038124201989N00046996EA0145101565
B1038134201989N00046991EA0145201566
B1038144201988N00046986EA0145301567
B1038154201988N00046980EA0145301567
B1038164201987N00046975EA0145301568
B1038174201986N00046969EA0145601569
B1038184201985N00046964EA0145701571
B1038194201984N00046959EA0145701573
B1038204201982N00046954EA0146001575
B1038214201981N00046949EA0146201576
B1038224201979N00046945EA0146201577
B1038234201977N00046940EA0146301577
B1038244201975N00046936EA0146401578
B1038254201971N00046933EA0146401579
B1038264201968N00046930EA0146501579
B1038274201963N00046928EA0146501581
B1038284201959N00046928EA0146701582
B1038294201956N00046929EA0146801583
B1038304201952N00046932EA0146701583
B1038314201948N00046936EA0146601583
B1038324201943N00046941EA0146601582
B1038334201940N00046948EA0146601582
B1038344201936N00046956EA0146601583
B1038354201934N00046965EA0146801584
B1038364201933N00046973EA0147101585
B1038374201933N00046982EA0147101587
B1038384201934N00046990EA0147201588
B1038394201936N00046998EA0147101588
B1038404201940N00047005EA0147201588
B1038414201943N00047012EA0147301589
B1038424201948N00047019EA0147401591
B1038434201953N00047025EA0147601592
B1038444201959N00047029EA0147701593
B1038454201966N00047030EA0147801594
B1038464201971N00047029EA0147801595
B1038474201976N00047026EA0147901596
B1038484201979N00047021EA0147901597
B1038494201982N00047016EA0147901597
B1038504201983N00047010EA0148101598
B1038514201985N00047004EA0148201600
B1038524201986N00046997EA0148501602
B1038534201987N00046991EA0148601604
B1038544201988N00046985EA0148901606
B1038554201987N00046981EA0149001607
B1038564201985N00046977EA0149001608
B1038574201983N00046974EA0149001608
B1038584201979N00046971EA0148801608
B1038594201975N00046968EA0148901607
B1039004201971N00046966EA0148901608
B1039014201966N00046965EA0149201609
B1039024201962N00046966EA0149401610
B1039034201957N00046968EA0149401611
B1039044201953N00046972EA0149401612
B1039054201950N00046977EA0149401612
B1039064201946N00046983EA0149401611
B1039074201942N00046989EA0149201610
B1039084201939N00046996EA0149301610
B1039094201936N00047003EA0149301611
B1039104201934N00047011EA0149501612
B1039114201933N00047020EA0149601613
B1039124201934N00047028EA0149601613
B1039134201935N00047036EA0149501613
B1039144201937N00047045EA0149501612
B1039154201939N00047054EA0149601612
B1039164201942N00047062EA0149601613
B1039174201945N00047069EA0149601613
B1039184201949N00047076EA0149501612
B1039194201955N00047082EA0149501612
B1039204201960N00047086EA0149601613
B1039214201965N00047090EA0149701614
B1039224201970N00047092EA0149701615
B1039234201976N00047093EA0149801615
B1039244201981N00047092EA0149801616
B1039254201986N00047090EA0149901616
B1039264201990N00047087EA0149901617
B1039274201993N00047083EA0150001618
B1039284201996N00047079EA0150001618
B1039294201999N00047075EA0149901617
B1039304202002N00047070EA0149801617
B1039314202005N00047065EA0149801616
B1039324202008N00047060EA0149701616
B1039334202010N00047054EA0149801615
B1039344202012N00047047EA0149601615
B1039354202014N00047040EA0149801617
B1039364202015N00047034EA0150201618
B1039374202015N00047028EA0150201620
B1039384202015N00047023EA0150301621
B1039394202014N00047018EA0150401622
B1039404202014N00047013EA0150501623
B1039414202013N00047008EA0150501623
B1039424202011N00047004EA0150401623
B1039434202009N00046999EA0150301622
B1039444202007N00046994EA0150301622
B1039454202003N00046990EA0150401621
B1039464202000N00046986EA0150401621
B1039474201996N00046985EA0150501622
B1039484201992N00046984EA0150401623
B1039494201987N00046985EA0150401622
B1039504201983N00046988EA0150201621
B1039514201978N00046992EA0150301621
B1039524201974N00046997EA0150301620
B1039534201971N00047003EA0150301620
B1039544201968N00047010EA0150201619
B1039554201965N00047017EA0150101618
B1039564201962N00047025EA0149801616
B1039574201960N00047033EA0149601613
B1039584201957N00047042EA0149401612
B1039594201955N00047051EA0149201610
B1040004201953N00047060EA0149101608
B1040014201951N00047070EA0149001607
B1040024201950N00047080EA0148901606
B1040034201949N00047089EA0148901606
B1040044201947N00047099EA0148701605
B1040054201946N00047108EA0148701604
B1040064201944N00047117EA0148501603
B1040074201941N00047127EA0148401602
B1040084201938N00047136EA0148501602
B1040094201936N00047145EA0148601603
B1040104201933N00047153EA0148701604
B1040114201930N00047161EA0148701604
B1040124201927N00047168EA0148601604
B1040134201924N00047176EA0148401603
B1040144201921N00047184EA0148601602
B1040154201919N00047194EA0148401602
B1040164201918N00047204EA0148401602
B1040174201920N00047213EA0148301601
B1040184201923N00047222EA0148301601
B1040194201928N00047228EA0148201599
B1040204201933N00047233EA0148001599
B1040214201940N00047236EA0148101599
B1040224201946N00047237EA0148201599
B1040234201951N00047237EA0148101599
B1040244201956N00047235EA0148101599
B1040254201961N00047232EA0148101599
B1040264201965N00047229EA0148001599
B1040274201969N00047227EA0148101598
B1040284201973N00047224EA0148001598
B1040294201977N00047222EA0147901596
B1040304201980N00047219EA0147701595
B1040314201984N00047214EA0147501594
B1040324201988N00047210EA0147601593
B1040334201992N00047205EA0147801594
B1040344201995N00047200EA0147801595
B1040354201998N00047196EA0147801595
B1040364202002N00047192EA0147701594
B1040374202005N00047187EA0147501593
B1040384202008N00047181EA0147401592
B1040394202012N00047176EA0147501592
B1040404202015N00047171EA0147501593
B1040414202018N00047166EA0147601594
B1040424202020N00047162EA0147601593
B1040434202023N00047158EA0147401592
B1040444202025N00047153EA0147301590
B1040454202028N00047147EA0147001588
B1040464202031N00047140EA0147001587
B1040474202035N00047134EA0147001587
B1040484202038N00047129EA0147101587
B1040494202041N00047124EA0147101588
B1040504202044N00047120EA0147101587
B1040514202047N00047116EA0146901587
B1040524202050N00047111EA0146801585
B1040534202053N00047107EA0146601584
B1040544202056N00047102EA0146601583
B1040554202059N00047097EA0146601582
B1040564202062N00047091EA0146501582
B1040574202064N00047086EA0146801583
B1040584202067N00047081EA0146801585
B1040594202068N00047077EA0147001586
B1041004202070N00047073EA0146901586
B1041014202072N00047068EA0146701584
B1041024202073N00047064EA0146601583
B1041034202075N00047059EA0146501582
B1041044202078N00047056EA0146401581
B1041054202081N00047052EA0146101580
B1041064202085N00047049EA0146001578
B1041074202090N00047046EA0146101578
B1041084202095N00047045EA0146301579
B1041094202101N00047044EA0146401579
B1041104202106N00047044EA0146301580
B1041114202111N00047044EA0146101579
B1041124202116N00047044EA0146201578
B1041134202121N00047045EA0146001577
B1041144202126N00047045EA0146001576
B1041154202132N00047045EA0145801575
B1041164202137N00047046EA0145601574
B1041174202142N00047046EA0145701573
B1041184202148N00047045EA0145601573
B1041194202154N00047042EA0145701574
B1041204202159N00047038EA0145801575
B1041214202163N00047033EA0146101577
B1041224202166N00047028EA0146301578
B1041234202168N00047024EA0146401580
B1041244202169N00047019EA0146501581
B1041254202169N00047014EA0146401582
B1041264202169N00047010EA0146601582
B1041274202170N00047006EA0146401581
B1041284202170N00047002EA0146201580
B1041294202169N00046996EA0146101578
B1041304202169N00046990EA0146101576
B1041314202168N00046983EA0146001576
B1041324202168N00046977EA0146201575
B1041334202167N00046972EA0145901574
B1041344202167N00046967EA0145901573
B1041354202166N00046961EA0145701573
B1041364202165N00046955EA0146001574
B1041374202165N00046950EA0146201575
B1041384202164N00046945EA0146301577
B1041394202163N00046940EA0146301577
B1041404202162N00046936EA0146201577
B1041414202160N00046931EA0146101577
B1041424202158N00046926EA0146201578
B1041434202156N00046920EA0146401579
B1041444202155N00046915EA0146501579
B1041454202155N00046910EA0146401580
B1041464202154N00046903EA0146601580
B1041474202154N00046897EA0146601581
B1041484202154N00046891EA0146801582
B1041494202153N00046886EA0146801582
B1041504202152N00046881EA0146701582
B1041514202150N00046876EA0146701582
B1041524202147N00046871EA0146801582
B1041534202143N00046868EA0147101585
B1041544202139N00046865EA0147401587
B1041554202135N00046864EA0147701590
B1041564202131N00046864EA0147701591
B1041574202127N00046866EA0147701592
B1041584202123N00046870EA0147701593
B1041594202119N00046875EA0147901594
B1042004202116N00046882EA0148001595
B1042014202114N00046890EA0148101597
B1042024202114N00046898EA0148201598
B1042034202116N00046906EA0148501600
B1042044202120N00046912EA0148701602
B1042054202125N00046917EA0148701604
B1042064202132N00046920EA0148801605
B1042074202139N00046921EA0148901606
B1042084202145N00046919EA0149101608
B1042094202151N00046915EA0149401610
B1042104202154N00046910EA0149701612
B1042114202157N00046904EA0149801614
B1042124202158N00046898EA0149901616
B1042134202158N00046891EA0149801617
B1042144202157N00046885EA0150101619
B1042154202154N00046880EA0150301621
B1042164202150N00046878EA0150501623
B1042174202145N00046878EA0150701624
B1042184202140N00046881EA0150701626
B1042194202136N00046885EA0150901627
B1042204202133N00046892EA0151101629
B1042214202131N00046899EA0151301630
B1042224202130N00046907EA0151401632
B1042234202130N00046914EA0151501633
B1042244202131N00046922EA0151701634
B1042254202134N00046928EA0151901636
B1042264202139N00046933EA0152001638
B1042274202144N00046936EA0152201639
B1042284202150N00046937EA0152201641
B1042294202157N00046936EA0152301642
B1042304202163N00046933EA0152401643
B1042314202168N00046929EA0152601645
B1042324202173N00046924EA0152601647
B1042334202177N00046918EA0152801648
B1042344202180N00046911EA0153101651
B1042354202181N00046905EA0153301653
B1042364202181N00046900EA0153501655
B1042374202179N00046896EA0153601657
B1042384202176N00046893EA0154001659
B1042394202172N00046891EA0154301662
B1042404202168N00046891EA0154401665
B1042414202163N00046892EA0154701668
B1042424202159N00046896EA0155001671
B1042434202155N00046901EA0155201673
B1042444202152N00046908EA0155401675
B1042454202151N00046916EA0155801677
B1042464202152N00046924EA0155701679
B1042474202155N00046930EA0155901680
B1042484202158N00046935EA0155901681
B1042494202163N00046938EA0156001680
B1042504202168N00046941EA0155701680
B1042514202174N00046942EA0155801680
B1042524202180N00046943EA0155701680
B1042534202186N00046941EA0155801681
B1042544202192N00046939EA0155901681
B1042554202197N00046935EA0156001682
B1042564202201N00046930EA0156001682
B1042574202204N00046925EA0156201683
B1042584202207N00046920EA0156401685
B1042594202209N00046915EA0156601687
B1043004202210N00046909EA0156701689
B1043014202211N00046902EA0156901691
B1043024202212N00046894EA0156901693
B1043034202212N00046888EA0157301696
B1043044202212N00046882EA0157701699
B1043054202210N00046877EA0157901702
B1043064202209N00046872EA0158101703
B1043074202206N00046868EA0158301705
B1043084202202N00046866EA0158401705
B1043094202198N00046866EA0158201705
B1043104202195N00046868EA0158001704
B1043114202191N00046870EA0158001703
B1043124202187N00046873EA0157601701
B1043134202183N00046878EA0157601699
B1043144202180N00046884EA0157501698
B1043154202177N00046891EA0157501697
B1043164202176N00046898EA0157401696
B1043174202174N00046906EA0157401696
B1043184202173N00046915EA0158001699
B1043194202172N00046923EA0158101703
B1043204202171N00046929EA0158701706
B1043214202172N00046934EA0158701707
B1043224202174N00046938EA0158401706
B1043234202176N00046942EA0158301704
B1043244202179N00046948EA0157901702
B1043254202181N00046954EA0157901700
B1043264202184N00046960EA0157701699
B1043274202186N00046966EA0157501697
B1043284202187N00046974EA0157301695
B1043294202187N00046981EA0157101694
B1043304202184N00046988EA0157101693
B1043314202181N00046992EA0157101694
B1043324202177N00046995EA0157401695
B1043334202173N00046997EA0157601697
B1043344202170N00046997EA0157701698
B1043354202167N00046997EA0157701698
B1043364202163N00046995EA0157601698
B1043374202161N00046992EA0157501697
B1043384202159N00046988EA0157401696
B1043394202158N00046983EA0157501697
B1043404202159N00046979EA0157501697
B1043414202161N00046975EA0157501696
B1043424202163N00046972EA0157601696
B1043434202166N00046969EA0157501696
B1043444202168N00046966EA0157501696
B1043454202171N00046962EA0157501695
B1043464202174N00046958EA0157301695
B1043474202178N00046954EA0157301694
B1043484202181N00046949EA0157301694
B1043494202186N00046945EA0157401695
B1043504202190N00046941EA0157401696
B1043514202194N00046937EA0157601696
B1043524202196N00046933EA0157601696
B1043534202199N00046930EA0157201695
B1043544202202N00046925EA0157201693
B1043554202205N00046920EA0157001692
B1043564202210N00046916EA0156901691
B1043574202215N00046913EA0157201692
B1043584202220N00046911EA0157301693
B1043594202224N00046909EA0157301694
B1044004202228N00046907EA0157301693
B1044014202233N00046904EA0157001692
B1044024202237N00046899EA0156701691
B1044034202243N00046891EA0156801692
B1044044202247N00046883EA0157301696
B1044054202250N00046876EA0157901701
B1044064202251N00046871EA0158201704
B1044074202250N00046866EA0158301706
B1044084202248N00046861EA0158201706
B1044094202245N00046855EA0158301706
B1044104202242N00046850EA0158301707
B1044114202237N00046847EA0158501708
B1044124202231N00046846EA0158501709
B1044134202225N00046849EA0158501710
B1044144202220N00046855EA0158801710
B1044154202217N00046863EA0158901711
B1044164202215N00046870EA0159001712
B1044174202216N00046878EA0159201713
B1044184202218N00046885EA0159101714
B1044194202221N00046891EA0159001713
B1044204202226N00046896EA0159001713
B1044214202232N00046898EA0159201714
B1044224202237N00046896EA0159201715
B1044234202241N00046891EA0159501717
B1044244202244N00046885EA0159601720
B1044254202245N00046878EA0160101723
B1044264202246N00046870EA0160101726
B1044274202246N00046864EA0160501728
B1044284202246N00046858EA0160701731
B1044294202246N00046852EA0160901733
B1044304202246N00046846EA0161201735
B1044314202244N00046841EA0161201738
B1044324202240N00046837EA0161401739
B1044334202235N00046836EA0161401740
B1044344202230N00046836EA0161601741
B1044354202224N00046838EA0161901743
B1044364202219N00046843EA0161901744
B1044374202215N00046849EA0162001745
B1044384202213N00046856EA0161901745
B1044394202211N00046865EA0161901744
B1044404202211N00046873EA0161801744
B1044414202213N00046881EA0161701743
B1044424202216N00046887EA0161601742
B1044434202221N00046891EA0161601741
B1044444202226N00046893EA0161401740
B1044454202232N00046894EA0161601741
B1044464202236N00046893EA0161801742
B1044474202241N00046890EA0161801743
B1044484202244N00046886EA0161901744
B1044494202246N00046880EA0161901744
B1044504202248N00046873EA0161901744
B1044514202249N00046865EA0162201747
B1044524202250N00046857EA0162701751
B1044534202250N00046850EA0163301757
B1044544202249N00046845EA0163501762
B1044554202247N00046840EA0164001766
B1044564202245N00046837EA0164201769
B1044574202241N00046835EA0164401770
B1044584202236N00046834EA0164501773
B1044594202231N00046836EA0164801776
B1045004202227N00046840EA0165201780
B1045014202224N00046845EA0165401782
B1045024202223N00046852EA0165401782
B1045034202223N00046860EA0165301782
B1045044202225N00046869EA0165201782
B1045054202228N00046876EA0165301784
B1045064202232N00046881EA0165801786
B1045074202237N00046883EA0165901787
B1045084202241N00046880EA0165901788
B1045094202244N00046874EA0165901787
B1045104202247N00046867EA0165901789
B1045114202248N00046859EA0166201791
B1045124202248N00046852EA0166601794
B1045134202246N00046847EA0166801797
B1045144202243N00046843EA0167001798
B1045154202238N00046840EA0167101800
B1045164202233N00046838EA0167201802
B1045174202227N00046838EA0167601805
B1045184202222N00046840EA0167901808
B1045194202218N00046846EA0168101809
B1045204202215N00046853EA0168001811
B1045214202213N00046862EA0168201813
B1045224202213N00046871EA0168501815
B1045234202214N00046879EA0168901818
B1045244202217N00046885EA0169001818
B1045254202221N00046890EA0168801818
B1045264202225N00046895EA0168801817
B1045274202228N00046902EA0168601816
B1045284202228N00046911EA0168501815
B1045294202228N00046919EA0168501814
B1045304202227N00046927EA0168601813
B1045314202226N00046935EA0168301812
B1045324202224N00046942EA0168001809
B1045334202220N00046949EA0167801806
B1045344202215N00046954EA0167501804
B1045354202209N00046957EA0167301802
B1045364202204N00046955EA0167201800
B1045374202200N00046951EA0167001799
B1045384202198N00046945EA0167101798
B1045394202198N00046939EA0167101797
B1045404202198N00046933EA0167001797
B1045414202199N00046927EA0167101797
B1045424202200N00046922EA0167101797
B1045434202202N00046917EA0167001797
B1045444202204N00046911EA0167001797
B1045454202206N00046906EA0167201799
B1045464202208N00046901EA0167301801
B1045474202210N00046897EA0167501802
B1045484202212N00046893EA0167501803
B1045494202215N00046889EA0167401802
B1045504202217N00046885EA0167401801
B1045514202221N00046880EA0167301802
B1045524202224N00046875EA0167701804
B1045534202228N00046870EA0168001808
B1045544202231N00046866EA0168401811
B1045554202234N00046862EA0168601814
B1045564202237N00046858EA0168801816
B1045574202238N00046854EA0168901817
B1045584202238N00046849EA0168901818
B1045594202237N00046845EA0169001818
B1046004202233N00046842EA0169001818
B1046014202228N00046840EA0169001819
B1046024202222N00046842EA0169101819
B1046034202217N00046847EA0169101819
B1046044202213N00046854EA0169101820
B1046054202209N00046862EA0169101819
B1046064202208N00046872EA0169101820
B1046074202208N00046881EA0169101820
B1046084202210N00046891EA0169001820
B1046094202214N00046898EA0169201821
B1046104202220N00046903EA0169401823
B1046114202226N00046905EA0169801825
B1046124202231N00046904EA0169801826
B1046134202234N00046900EA0170101828
B1046144202237N00046896EA0170301830
B1046154202240N00046891EA0170401832
B1046164202242N00046886EA0170401833
B1046174202243N00046881EA0170401834
B1046184202243N00046876EA0170501834
B1046194202241N00046870EA0170401835
B1046204202238N00046866EA0170601836
B1046214202234N00046864EA0170701836
B1046224202230N00046864EA0170701837
B1046234202225N00046865EA0170801837
B1046244202220N00046867EA0170801837
B1046254202215N00046870EA0170901837
B1046264202210N00046875EA0170801837
B1046274202205N00046880EA0170801836
B1046284202200N00046887EA0170601835
B1046294202195N00046896EA0170401835
B1046304202191N00046905EA0170501835
B1046314202189N00046915EA0170601836
B1046324202187N00046925EA0170801836
B1046334202187N00046934EA0170701837
B1046344202188N00046944EA0170601836
B1046354202189N00046954EA0170701836
B1046364202192N00046963EA0170801838
B1046374202195N00046971EA0171101840
B1046384202199N00046976EA0171201841
B1046394202204N00046978EA0171001841
B1046404202209N00046978EA0171001840
B1046414202214N00046976EA0170901840
B1046424202218N00046972EA0170901840
B1046434202222N00046968EA0171001841
B1046444202225N00046963EA0171201843
B1046454202228N00046958EA0171401847
B1046464202231N00046953EA0172001850
B1046474202233N00046950EA0172101852
B1046484202235N00046947EA0172101853
B1046494202237N00046944EA0172101853
B1046504202239N00046940EA0172101853
B1046514202242N00046935EA0172001853
B1046524202245N00046930EA0172201854
B1046534202248N00046926EA0172401856
B1046544202250N00046922EA0172701858
B1046554202251N00046919EA0173001860
B1046564202252N00046915EA0172901860
B1046574202251N00046912EA0172701860
B1046584202250N00046907EA0172601859
B1046594202249N00046903EA0172701858
B1047004202248N00046898EA0172701858
B1047014202248N00046893EA0172701858
B1047024202248N00046889EA0172601858
B1047034202248N00046885EA0172501857
B1047044202249N00046881EA0172501856
B1047054202249N00046875EA0172501856
B1047064202249N00046870EA0172801857
B1047074202249N00046865EA0172701858
B1047084202248N00046860EA0172901860
B1047094202248N00046856EA0172901861
B1047104202248N00046851EA0173001861
B1047114202249N00046846EA0172801861
B1047124202249N00046841EA0172901861
B1047134202250N00046835EA0173001861
B1047144202249N00046830EA0173101862
B1047154202249N00046826EA0173201863
B1047164202247N00046821EA0173301864
B1047174202246N00046817EA0173201864
B1047184202244N00046814EA0173201864
B1047194202242N00046810EA0173301864
B1047204202239N00046807EA0173301864
B1047214202236N00046804EA0173301865
B1047224202233N00046803EA0173301865
B1047234202229N00046802EA0173301865
B1047244202224N00046802EA0173201864
B1047254202219N00046803EA0173201864
B1047264202214N00046805EA0173301864
B1047274202209N00046808EA0173301864
B1047284202204N00046814EA0173401865
B1047294202200N00046821EA0173301866
B1047304202196N00046830EA0173601868
B1047314202193N00046839EA0174101871
B1047324202191N00046848EA0174401874
B1047334202190N00046857EA0174601876
B1047344202191N00046866EA0174601878
B1047354202195N00046875EA0174601879
B1047364202200N00046882EA0174901881
B1047374202205N00046886EA0175001883
B1047384202210N00046886EA0174901884
B1047394202213N00046885EA0174901883
B1047404202216N00046882EA0175001883
B1047414202217N00046879EA0174901883
B1047424202217N00046876EA0175201884
B1047434202217N00046873EA0175101885
B1047444202216N00046870EA0175101885
B1047454202214N00046867EA0175101885
B1047464202211N00046865EA0175001884
B1047474202208N00046863EA0175101884
B1047484202203N00046862EA0174901883
B1047494202198N00046862EA0175101883
B1047504202191N00046862EA0175201884
B1047514202185N00046861EA0175401886
B1047524202180N00046862EA0175601888
B1047534202174N00046863EA0175701889
B1047544202169N00046866EA0175501889
B1047554202163N00046871EA0175401887
B1047564202158N00046878EA0175201886
B1047574202152N00046885EA0175301885
B1047584202148N00046893EA0175301886
B1047594202144N00046902EA0175401885
B1048004202142N00046911EA0175301885
B1048014202140N00046922EA0175101885
B1048024202140N00046933EA0175101884
B1048034202141N00046943EA0175401886
B1048044202145N00046951EA0175401887
B1048054202149N00046956EA0175501888
B1048064202154N00046959EA0175601889
B1048074202160N00046961EA0175801891
B1048084202164N00046961EA0176001894
B1048094202168N00046961EA0176301896
B1048104202171N00046960EA0176601898
B1048114202172N00046958EA0176501899
B1048124202174N00046955EA0176401899
B1048134202175N00046951EA0176401899
B1048144202177N00046947EA0176701901
B1048154202179N00046943EA0177001903
B1048164202180N00046941EA0177001904
B1048174202182N00046938EA0177201905
B1048184202183N00046934EA0177001906
B1048194202185N00046931EA0177101906
B1048204202186N00046928EA0177401908
B1048214202187N00046925EA0177401908
B1048224202187N00046923EA0177501908
B1048234202187N00046920EA0177201907
B1048244202187N00046916EA0177201907
B1048254202187N00046912EA0177301907
B1048264202187N00046907EA0177501908
B1048274202186N00046903EA0177401908
B1048284202183N00046900EA0177401908
B1048294202179N00046898EA0177401908
B1048304202174N00046897EA0177301907
B1048314202169N00046897EA0177401907
B1048324202163N00046899EA0177401907
B1048334202157N00046902EA0177301907
B1048344202151N00046906EA0177201906
B1048354202146N00046912EA0177101906
B1048364202140N00046918EA0177101905
B1048374202134N00046927EA0177101904
B1048384202130N00046936EA0177001904
B1048394202126N00046946EA0177101904
B1048404202123N00046957EA0177001904
B1048414202122N00046968EA0177101905
B1048424202121N00046979EA0177101905
B1048434202121N00046990EA0177101905
B1048444202122N00047001EA0177001905
B1048454202123N00047012EA0177201905
B1048464202126N00047021EA0177101905
B1048474202129N00047030EA0177101905
B1048484202134N00047036EA0177101905
B1048494202139N00047039EA0177001904
B1048504202144N00047041EA0177001904
B1048514202149N00047041EA0176901903
B1048524202153N00047040EA0176801903
B1048534202156N00047039EA0176801903
B1048544202160N00047039EA0176901903
B1048554202164N00047039EA0176901903
B1048564202168N00047040EA0176901902
B1048574202172N00047042EA0176801902
B1048584202177N00047043EA0176801901
B1048594202181N00047044EA0176401900
B1049004202186N00047043EA0176501900
B1049014202191N00047041EA0176701900
B1049024202196N00047040EA0176801902
B1049034202201N00047039EA0177101904
B1049044202205N00047039EA0177201906
B1049054202209N00047040EA0177301908
B1049064202213N00047041EA0177401908
B1049074202218N00047041EA0177401908
B1049084202223N00047041EA0177401909
B1049094202229N00047042EA0177501910
B1049104202234N00047043EA0178001913
B1049114202239N00047044EA0178101915
B1049124202243N00047046EA0178201916
B1049134202247N00047048EA0178001916
B1049144202252N00047049EA0177901915
B1049154202257N00047049EA0178001915
B1049164202262N00047049EA0178001915
B1049174202268N00047049EA0178101917
B1049184202273N00047049EA0178401919
B1049194202277N00047048EA0178701922
B1049204202281N00047047EA0178801924
B1049214202284N00047046EA0178901924
B1049224202288N00047045EA0178601923
B1049234202293N00047043EA0178601922
B1049244202298N00047042EA0178701923
B1049254202303N00047041EA0178801924
B1049264202308N00047041EA0178901925
B1049274202314N00047042EA0178901926
B1049284202320N00047044EA0179201927
B1049294202325N00047046EA0179301928
B1049304202330N00047047EA0179401930
B1049314202335N00047049EA0179501931
B1049324202340N00047051EA0179601931
B1049334202345N00047054EA0179601931
B1049344202350N00047057EA0179501932
B1049354202356N00047059EA0179601932
B1049364202362N00047062EA0179801933
B1049374202368N00047064EA0179701934
B1049384202373N00047066EA0179801934
B1049394202378N00047068EA0179801934
B1049404202384N00047070EA0179601933
B1049414202390N00047073EA0179801933
B1049424202396N00047075EA0179901934
B1049434202403N00047077EA0180001936
B1049444202409N00047079EA0180201938
B1049454202414N00047081EA0180601941
B1049464202420N00047084EA0180701942
B1049474202425N00047088EA0180801944
B1049484202431N00047093EA0180801945
B1049494202438N00047097EA0181101947
B1049504202444N00047101EA0181201948
B1049514202451N00047103EA0181501950
B1049524202457N00047103EA0181601952
B1049534202463N00047101EA0181801954
B1049544202468N00047097EA0182001956
B1049554202472N00047092EA0182201959
B1049564202475N00047086EA0182501962
B1049574202476N00047080EA0182801965
B1049584202476N00047074EA0183101969
B1049594202474N00047069EA0183401973
B1050004202472N00047066EA0183901977
B1050014202470N00047065EA0184301981
B1050024202467N00047065EA0184501983
B1050034202463N00047066EA0184601984
B1050044202458N00047069EA0184601985
B1050054202454N00047074EA0184701987
B1050064202450N00047082EA0185201991
B1050074202448N00047092EA0185401994
B1050084202450N00047103EA0186001999
B1050094202453N00047112EA0186602003
B1050104202457N00047118EA0186702007
B1050114202462N00047122EA0186902008
B1050124202467N00047124EA0186802009
B1050134202474N00047125EA0186802009
B1050144202480N00047124EA0187102011
B1050154202486N00047122EA0187402014
B1050164202491N00047119EA0187702017
B1050174202494N00047115EA0188002020
B1050184202495N00047110EA0188102022
B1050194202495N00047106EA0188402025
B1050204202493N00047102EA0188602028
B1050214202490N00047101EA0188802030
B1050224202487N00047100EA0189202033
B1050234202483N00047102EA0189302034
B1050244202478N00047104EA0189402035
B1050254202473N00047108EA0189402036
B1050264202468N00047114EA0189602038
B1050274202464N00047121EA0189802041
B1050284202460N00047129EA0190202044
B1050294202458N00047139EA0190402047
B1050304202458N00047148EA0190802049
B1050314202459N00047158EA0191102052
B1050324202461N00047166EA0191202054
B1050334202465N00047174EA0191202055
B1050344202471N00047180EA0191402056
B1050354202476N00047184EA0191402057
B1050364202483N00047187EA0191502058
B1050374202489N00047189EA0191602058
B1050384202495N00047188EA0191502058
B1050394202500N00047187EA0191602058
B1050404202505N00047184EA0191702059
B1050414202509N00047181EA0191902061
B1050424202513N00047178EA0192102064
B1050434202516N00047175EA0192402066
B1050444202518N00047172EA0192502068
B1050454202519N00047169EA0192502069
B1050464202519N00047166EA0192802070
B1050474202518N00047162EA0192802072
B1050484202516N00047159EA0193002074
B1050494202515N00047156EA0193102075
B1050504202514N00047154EA0193302077
B1050514202512N00047152EA0193602079
B1050524202511N00047150EA0193302079
B1050534202508N00047150EA0193202078
B1050544202504N00047152EA0193502078
B1050554202500N00047154EA0193402079
B1050564202497N00047157EA0193602080
B1050574202493N00047159EA0193702080
B1050584202489N00047160EA0193602081
B1050594202485N00047160EA0193502081
B1051004202481N00047159EA0193802082
B1051014202477N00047156EA0193902084
B1051024202474N00047153EA0194202087
B1051034202472N00047149EA0194602090
B1051044202469N00047146EA0194902092
B1051054202466N00047144EA0195102095
B1051064202463N00047142EA0195202097
B1051074202458N00047140EA0195402098
B1051084202453N00047139EA0195802102
B1051094202449N00047137EA0196302106
B1051104202444N00047137EA0196702110
B1051114202439N00047139EA0196602111
B1051124202435N00047142EA0196402110
B1051134202429N00047148EA0195902107
B1051144202424N00047155EA0195902106
B1051154202418N00047162EA0195902106
B1051164202414N00047171EA0196102106
B1051174202410N00047180EA0196102107
B1051184202407N00047190EA0196102107
B1051194202404N00047200EA0196402109
B1051204202402N00047210EA0196702111
B1051214202400N00047220EA0196702113
B1051224202401N00047230EA0196802113
B1051234202404N00047240EA0196602112
B1051244202410N00047248EA0196602112
B1051254202416N00047252EA0196702112
B1051264202422N00047254EA0196902113
B1051274202426N00047253EA0197002115
B1051284202430N00047252EA0197202116
B1051294202432N00047251EA0197102116
B1051304202435N00047248EA0197102116
B1051314202436N00047244EA0197102117
B1051324202437N00047240EA0197302118
B1051334202437N00047236EA0197602119
B1051344202436N00047233EA0197402120
B1051354202433N00047231EA0197602121
B1051364202431N00047229EA0197702121
B1051374202428N00047227EA0197702122
B1051384202426N00047225EA0197602122
B1051394202423N00047225EA0197702122
B1051404202420N00047224EA0197602122
B1051414202416N00047224EA0197502120
B1051424202413N00047223EA0197102118
B1051434202408N00047222EA0196902115
B1051444202403N00047221EA0196602113
B1051454202398N00047219EA0196702112
B1051464202393N00047217EA0196702113
B1051474202388N00047216EA0196802113
B1051484202383N00047216EA0196802114
B1051494202378N00047216EA0196802113
B1051504202372N00047217EA0196702113
B1051514202366N00047217EA0196602112
B1051524202360N00047218EA0196702112
B1051534202353N00047220EA0196902113
B1051544202347N00047222EA0196802113
B1051554202340N00047225EA0196802113
B1051564202334N00047230EA0196702113
B1051574202328N00047237EA0196602113
B1051584202322N00047245EA0196702113
B1051594202318N00047254EA0196602112
B1052004202316N00047265EA0196502110
B1052014202315N00047276EA0196402109
B1052024202315N00047286EA0196202107
B1052034202317N00047297EA0196002105
B1052044202319N00047306EA0196002104
B1052054202323N00047315EA0195802102
B1052064202328N00047323EA0195702102
B1052074202333N00047329EA0195802102
B1052084202338N00047334EA0195902102
B1052094202343N00047337EA0195802103
B1052104202348N00047340EA0196002103
B1052114202353N00047342EA0196002103
B1052124202358N00047345EA0196002104
B1052134202363N00047347EA0195902104
B1052144202368N00047350EA0196002104
B1052154202373N00047351EA0196202105
B1052164202378N00047351EA0196202106
B1052174202381N00047350EA0196102106
B1052184202383N00047347EA0196002105
B1052194202384N00047344EA0195802104
B1052204202385N00047340EA0195702102
B1052214202385N00047336EA0195602101
B1052224202385N00047332EA0195502100
B1052234202385N00047328EA0195602100
B1052244202385N00047324EA0195602100
B1052254202384N00047321EA0195502099
B1052264202383N00047318EA0195402099
B1052274202380N00047316EA0195502098
B1052284202378N00047314EA0195302097
B1052294202374N00047312EA0195302097
B1052304202371N00047311EA0195402098
B1052314202366N00047310EA0195302098
B1052324202362N00047309EA0195302098
B1052334202356N00047309EA0195202097
B1052344202351N00047308EA0195202097
B1052354202346N00047308EA0195102096
B1052364202340N00047308EA0195102096
B1052374202335N00047308EA0195002095
B1052384202329N00047307EA0194802094
B1052394202323N00047307EA0194802093
B1052404202317N00047308EA0194802092
B1052414202310N00047311EA0194702091
B1052424202303N00047315EA0194402089
B1052434202295N00047321EA0194402088
B1052444202288N00047326EA0194602089
B1052454202282N00047331EA0194702090
B1052464202276N00047335EA0194802091
B1052474202270N00047340EA0194502090
B1052484202264N00047345EA0194202088
B1052494202258N00047350EA0194002085
B1052504202251N00047355EA0193802083
B1052514202244N00047359EA0193802082
B1052524202238N00047363EA0193702081
B1052534202232N00047365EA0193402079
B1052544202227N00047366EA0193102076
B1052554202222N00047367EA0192802073
B1052564202216N00047368EA0192302069
B1052574202210N00047369EA0192202066
B1052584202203N00047369EA0191802063
B1052594202197N00047369EA0191702061
B1053004202191N00047370EA0191702060
B1053014202185N00047370EA0191602059
B1053024202180N00047370EA0191402058
B1053034202175N00047370EA0191302056
B1053044202170N00047369EA0191002053
B1053054202165N00047369EA0190702051
B1053064202159N00047368EA0190602049
B1053074202153N00047368EA0190302047
B1053084202147N00047368EA0190402046
B1053094202141N00047368EA0190102044
B1053104202135N00047367EA0189902043
B1053114202130N00047365EA0189802042
B1053124202124N00047364EA0189802041
B1053134202119N00047363EA0189702040
B1053144202113N00047364EA0189702039
B1053154202108N00047363EA0189402036
B1053164202102N00047363EA0189202034
B1053174202097N00047362EA0188702031
B1053184202091N00047360EA0188602029
B1053194202085N00047359EA0188502027
B1053204202079N00047358EA0188502027
B1053214202073N00047357EA0188602027
B1053224202068N00047356EA0188502026
B1053234202064N00047355EA0188102025
B1053244202059N00047354EA0188002022
B1053254202053N00047352EA0187902021
B1053264202048N00047350EA0187702019
B1053274202042N00047348EA0187702019
B1053284202037N00047347EA0187802020
B1053294202032N00047346EA0187802020
B1053304202027N00047344EA0187802019
B1053314202022N00047342EA0187702018
B1053324202017N00047341EA0187402017
B1053334202011N00047340EA0187402016
B1053344202005N00047338EA0187402016
B1053354202000N00047337EA0187502016
B1053364201995N00047337EA0187502016
B1053374201990N00047336EA0187302015
B1053384201985N00047334EA0186902013
B1053394201980N00047332EA0186702010
B1053404201974N00047330EA0186402007
B1053414201967N00047327EA0186402006
B1053424201961N00047325EA0186402006
B1053434201956N00047322EA0186402006
B1053444201951N00047321EA0186402006
B1053454201945N00047319EA0186302005
B1053464201940N00047317EA0186002003
B1053474201934N00047315EA0185902002
B1053484201928N00047313EA0185802000
B1053494201922N00047311EA0185802000
B1053504201917N00047309EA0185701999
B1053514201912N00047307EA0185601998
B1053524201906N00047305EA0185501997
B1053534201901N00047303EA0185401996
B1053544201896N00047300EA0185401996
B1053554201891N00047297EA0185401995
B1053564201886N00047295EA0185301995
B1053574201881N00047293EA0185401994
B1053584201876N00047290EA0185201994
B1053594201872N00047287EA0185201993
B1054004201867N00047285EA0184901992
B1054014201862N00047282EA0185101991
B1054024201856N00047280EA0184801991
B1054034201851N00047278EA0184901990
B1054044201846N00047276EA0184901990
B1054054201840N00047274EA0184801989
B1054064201835N00047271EA0184701989
B1054074201830N00047269EA0184701988
B1054084201825N00047267EA0184701988
B1054094201820N00047265EA0184701987
B1054104201815N00047262EA0184501987
B1054114201810N00047260EA0184401986
B1054124201805N00047257EA0184501986
B1054134201800N00047255EA0184401985
B1054144201795N00047252EA0184301984
B1054154201790N00047250EA0184301984
B1054164201785N00047248EA0184201983
B1054174201779N00047246EA0184201983
B1054184201774N00047244EA0184101982
B1054194201769N00047242EA0184101982
B1054204201763N00047241EA0184101982
B1054214201758N00047239EA0184101982
B1054224201752N00047238EA0184001981
B1054234201746N00047236EA0183901981
B1054244201741N00047234EA0184001981
B1054254201735N00047232EA0184001981
B1054264201730N00047230EA0183901981
B1054274201725N00047228EA0183901981
B1054284201720N00047226EA0184001981
B1054294201715N00047223EA0183901981
B1054304201710N00047220EA0184101981
B1054314201705N00047217EA0184001981
B1054324201700N00047214EA0183801981
B1054334201695N00047211EA0183901981
B1054344201690N00047209EA0183901981
B1054354201684N00047206EA0183901981
B1054364201679N00047204EA0183901981
B1054374201674N00047201EA0184001981
B1054384201668N00047199EA0183901980
B1054394201663N00047197EA0183801980
B1054404201657N00047195EA0183801980
B1054414201651N00047193EA0183901979
B1054424201645N00047191EA0183801979
B1054434201640N00047190EA0183701979
B1054444201634N00047188EA0183801979
B1054454201628N00047187EA0183701978
B1054464201622N00047185EA0183601978
B1054474201616N00047183EA0183601977
B1054484201611N00047181EA0183501977
B1054494201605N00047179EA0183501977
B1054504201599N00047177EA0183501977
B1054514201593N00047175EA0183501976
B1054524201588N00047173EA0183501976
B1054534201582N00047171EA0183401976
B1054544201576N00047169EA0183401975
B1054554201571N00047167EA0183201975
B1054564201566N00047164EA0183201974
B1054574201560N00047162EA0183301974
B1054584201554N00047159EA0183201974
B1054594201549N00047157EA0183201974
B1055004201543N00047155EA0183301974
B1055014201538N00047153EA0183201974
B1055024201532N00047151EA0183301973
B1055034201526N00047149EA0183101973
B1055044201521N00047147EA0183001972
B1055054201515N00047145EA0183101971
B1055064201509N00047143EA0183001970
B1055074201503N00047141EA0182901970
B1055084201497N00047139EA0182801970
B1055094201492N00047136EA0182901970
B1055104201486N00047134EA0182801969
B1055114201481N00047132EA0182801969
B1055124201475N00047131EA0182701967
B1055134201469N00047129EA0182401966
B1055144201463N00047127EA0182301964
B1055154201456N00047125EA0182301963
B1055164201450N00047123EA0182201963
B1055174201445N00047121EA0182301963
B1055184201439N00047119EA0182201962
B1055194201433N00047117EA0182001961
B1055204201427N00047116EA0181801960
B1055214201420N00047114EA0181801959
B1055224201414N00047112EA0181801959
B1055234201408N00047111EA0181901959
B1055244201402N00047109EA0181901959
B1055254201397N00047108EA0181701958
B1055264201392N00047106EA0181501956
B1055274201386N00047104EA0181401955
B1055284201380N00047102EA0181301954
B1055294201374N00047099EA0181301953
B1055304201369N00047097EA0181301953
B1055314201363N00047096EA0181201952
B1055324201357N00047095EA0181101951
B1055334201351N00047093EA0181101950
B1055344201345N00047092EA0180901949
B1055354201340N00047090EA0180901948
B1055364201334N00047088EA0180701948
B1055374201329N00047086EA0180801947
B1055384201323N00047084EA0180801946
B1055394201318N00047082EA0180601945
B1055404201313N00047080EA0180501944
B1055414201308N00047078EA0180401943
B1055424201303N00047075EA0180301942
B1055434201298N00047073EA0180201941
B1055444201293N00047070EA0180101940
B1055454201289N00047067EA0179901939
B1055464201285N00047063EA0179901938
B1055474201281N00047060EA0179701937
B1055484201276N00047057EA0179701936
B1055494201272N00047054EA0179701934
B1055504201267N00047051EA0179401933
B1055514201263N00047048EA0179401932
B1055524201258N00047045EA0179301931
B1055534201253N00047042EA0179301930
B1055544201249N00047039EA0179101929
B1055554201244N00047036EA0178901928
B1055564201240N00047033EA0178901927
B1055574201235N00047030EA0178801926
B1055584201231N00047026EA0178701925
B1055594201227N00047023EA0178601924
B1056004201222N00047020EA0178401923
B1056014201217N00047018EA0178401922
B1056024201213N00047015EA0178301921
B1056034201208N00047012EA0178201920
B1056044201203N00047009EA0178201919
B1056054201198N00047007EA0178101918
B1056064201194N00047004EA0178001917
B1056074201189N00047002EA0178001916
B1056084201184N00046999EA0177701915
B1056094201180N00046996EA0177701914
B1056104201175N00046993EA0177501913
B1056114201171N00046991EA0177601912
B1056124201166N00046988EA0177501912
B1056134201162N00046985EA0177501911
B1056144201157N00046982EA0177301910
B1056154201153N00046979EA0177201910
B1056164201149N00046976EA0177201909
B1056174201144N00046973EA0177101908
B1056184201140N00046970EA0177001907
B1056194201137N00046966EA0176901907
B1056204201133N00046962EA0176901906
B1056214201129N00046959EA0176801905
B1056224201126N00046955EA0176801904
B1056234201122N00046951EA0176801903
B1056244201119N00046948EA0176701903
B1056254201116N00046944EA0176501902
B1056264201112N00046940EA0176501901
B1056274201109N00046936EA0176401900
B1056284201106N00046932EA0176401899
B1056294201103N00046928EA0176301899
B1056304201099N00046924EA0176201898
B1056314201096N00046920EA0176201897
B1056324201092N00046916EA0176001897
B1056334201089N00046912EA0176101896
B1056344201086N00046908EA0175901895
B1056354201084N00046904EA0175801894
B1056364201081N00046900EA0175601893
B1056374201079N00046895EA0175501892
B1056384201076N00046891EA0175601891
B1056394201073N00046887EA0175501890
B1056404201070N00046883EA0175401889
B1056414201067N00046879EA0175301888
B1056424201064N00046875EA0175201887
B1056434201062N00046870EA0175101886
B1056444201059N00046866EA0175001884
B1056454201057N00046861EA0174801883
B1056464201054N00046856EA0174701882
B1056474201052N00046851EA0174701881
B1056484201050N00046846EA0174701881
B1056494201047N00046842EA0174401880
B1056504201045N00046837EA0174401878
B1056514201043N00046833EA0174301877
B1056524201041N00046828EA0174201876
B1056534201038N00046823EA0174101875
B1056544201036N00046819EA0174001874
B1056554201033N00046814EA0173901873
B1056564201030N00046810EA0173701872
B1056574201027N00046806EA0173701870
B1056584201025N00046801EA0173501869
B1056594201023N00046796EA0173401868
B1057004201021N00046791EA0173301867
B1057014201019N00046786EA0173301866
B1057024201018N00046781EA0173201865
B1057034201016N00046776EA0173101864
B1057044201014N00046771EA0173001863
B1057054201013N00046766EA0172901862
B1057064201011N00046762EA0172801861
B1057074201009N00046757EA0172701860
B1057084201007N00046752EA0172701859
B1057094201005N00046747EA0172501858
B1057104201002N00046743EA0172301857
B1057114201000N00046738EA0172301856
B1057124200997N00046734EA0172201855
B1057134200995N00046729EA0172101854
B1057144200993N00046724EA0172001853
B1057154200990N00046720EA0172001852
B1057164200988N00046715EA0171801851
B1057174200986N00046710EA0171801850
B1057184200985N00046706EA0171701849
B1057194200983N00046701EA0171601848
B1057204200981N00046696EA0171501847
B1057214200980N00046691EA0171401846
B1057224200978N00046686EA0171201845
B1057234200976N00046682EA0171101844
B1057244200973N00046677EA0171201843
B1057254200971N00046673EA0171101842
B1057264200968N00046668EA0170901841
B1057274200966N00046664EA0170801840
B1057284200964N00046659EA0170801839
B1057294200962N00046655EA0170701838
B1057304200960N00046650EA0170701837
B1057314200958N00046645EA0170401836
B1057324200955N00046641EA0170201835
B1057334200954N00046636EA0170201834
B1057344200952N00046632EA0170201834
B1057354200950N00046627EA0170201833
B1057364200948N00046623EA0170101832
B1057374200947N00046619EA0169901831
B1057384200945N00046615EA0169901830
B1057394200943N00046611EA0169801829
B1057404200941N00046607EA0169701828
B1057414200939N00046603EA0169501827
B1057424200937N00046599EA0169501826
B1057434200935N00046595EA0169301825
B1057444200933N00046592EA0169301824
B1057454200931N00046588EA0169301823
B1057464200928N00046584EA0169101822
B1057474200926N00046580EA0169201821
B1057484200923N00046577EA0169001821
B1057494200921N00046573EA0168901820
B1057504200919N00046570EA0168901819
B1057514200916N00046566EA0168801818
B1057524200914N00046562EA0168601816
B1057534200912N00046559EA0168401815
B1057544200909N00046555EA0168401815
B1057554200906N00046552EA0168501814
B1057564200904N00046549EA0168401813
B1057574200901N00046546EA0168201812
B1057584200899N00046542EA0168101811
B1057594200897N00046539EA0168001810
B1058004200894N00046535EA0168001809
B1058014200892N00046531EA0167901808
B1058024200890N00046528EA0167701807
B1058034200888N00046524EA0167701806
B1058044200886N00046520EA0167601805
B1058054200884N00046517EA0167401804
B1058064200881N00046513EA0167401803
B1058074200879N00046509EA0167301802
B1058084200877N00046505EA0167201801
B1058094200875N00046502EA0167101800
B1058104200873N00046498EA0167101799
B1058114200871N00046494EA0166901798
B1058124200868N00046490EA0167001797
B1058134200866N00046486EA0166801797
B1058144200864N00046482EA0166701796
B1058154200861N00046479EA0166701795
B1058164200858N00046475EA0166501795
B1058174200855N00046472EA0166601794
B1058184200853N00046468EA0166601793
B1058194200850N00046465EA0166301792
B1058204200847N00046462EA0166201791
B1058214200845N00046458EA0166101790
B1058224200842N00046455EA0166001789
B1058234200839N00046451EA0165901788
B1058244200837N00046447EA0165901787
B1058254200834N00046443EA0165901787
B1058264200832N00046439EA0165801786
B1058274200830N00046435EA0165601785
B1058284200829N00046431EA0165501784
B1058294200827N00046426EA0165401783
B1058304200825N00046422EA0165301782
B1058314200823N00046417EA0165301781
B1058324200822N00046413EA0165201780
B1058334200820N00046408EA0165201780
B1058344200819N00046403EA0165101779
B1058354200818N00046399EA0165101778
B1058364200816N00046394EA0164801777
B1058374200815N00046389EA0164801776
B1058384200814N00046384EA0164501775
B1058394200812N00046380EA0164601774
B1058404200810N00046375EA0164501773
B1058414200807N00046370EA0164401772
B1058424200805N00046365EA0164401771
B1058434200803N00046361EA0164301770
B1058444200802N00046356EA0164101769
B1058454200800N00046351EA0164101767
B1058464200798N00046346EA0163801766
B1058474200796N00046341EA0163701765
B1058484200793N00046336EA0163801764
B1058494200791N00046331EA0163601763
B1058504200789N00046326EA0163501762
B1058514200786N00046322EA0163401761
B1058524200784N00046317EA0163301760
B1058534200782N00046312EA0163101758
B1058544200779N00046307EA0163001757
B1058554200776N00046302EA0162801756
B1058564200774N00046297EA0162901755
B1058574200771N00046293EA0162701754
B1058584200768N00046288EA0162601752
B1058594200766N00046284EA0162501751
B1059004200763N00046279EA0162301749
B1059014200759N00046274EA0162101748
B1059024200756N00046270EA0162001746
B1059034200752N00046265EA0161901745
B1059044200748N00046261EA0161901745
B1059054200745N00046257EA0161801744
B1059064200742N00046252EA0161601743
B1059074200738N00046248EA0161601742
B1059084200734N00046244EA0161401740
B1059094200730N00046241EA0161301739
B1059104200727N00046237EA0161301739
B1059114200723N00046233EA0161201737
B1059124200720N00046228EA0161101736
B1059134200717N00046224EA0161001735
B1059144200714N00046220EA0160701734
B1059154200710N00046216EA0160601733
B1059164200707N00046212EA0160701732
B1059174200704N00046207EA0160501731
B1059184200702N00046203EA0160501731
B1059194200699N00046198EA0160601730
B1059204200697N00046193EA0160501730
B1059214200696N00046189EA0160501730
B1059224200694N00046185EA0160201729
B1059234200692N00046181EA0160001727
B1059244200691N00046176EA0160001725
B1059254200689N00046171EA0159801724
B1059264200688N00046166EA0159701723
B1059274200686N00046161EA0159601722
B1059284200685N00046156EA0159601721
B1059294200684N00046151EA0159601721
B1059304200684N00046145EA0159501720
B1059314200683N00046140EA0159501719
B1059324200683N00046135EA0159301718
B1059334200683N00046129EA0159201717
B1059344200683N00046124EA0159101716
B1059354200683N00046118EA0158901714
B1059364200683N00046112EA0159001714
B1059374200684N00046105EA0159001714
B1059384200685N00046099EA0159001714
B1059394200686N00046093EA0159001714
B1059404200686N00046086EA0159001714
B1059414200686N00046080EA0158901714
B1059424200687N00046075EA0159001714
B1059434200687N00046070EA0158701713
B1059444200687N00046064EA0158601712
B1059454200688N00046059EA0158401710
B1059464200688N00046053EA0158501709
B1059474200689N00046047EA0158401708
B1059484200690N00046041EA0158201706
B1059494200691N00046035EA0158001706
B1059504200692N00046030EA0158101705
B1059514200693N00046024EA0158001704
B1059524200694N00046019EA0157901703
B1059534200694N00046013EA0157601701
B1059544200694N00046007EA0157401700
B1059554200695N00046000EA0157401698
B1059564200695N00045994EA0157301698
B1059574200696N00045988EA0157301697
B1059584200696N00045982EA0157101696
B1059594200698N00045977EA0157001695
B1100004200699N00045972EA0157001694
B1100014200700N00045966EA0157001693
B1100024200701N00045961EA0156901693
B1100034200703N00045956EA0156901692
B1100044200705N00045952EA0156701691
B1100054200708N00045948EA0156601690
B1100064200712N00045944EA0156401688
B1100074200716N00045941EA0156401687
B1100084200721N00045938EA0156301686
B1100094200726N00045935EA0156201685
B1100104200731N00045933EA0156101684
B1100114200736N00045930EA0155801683
B1100124200741N00045928EA0155601681
B1100134200748N00045926EA0155401680
B1100144200754N00045924EA0155501679
B1100154200760N00045922EA0155501679
B1100164200765N00045920EA0155501679
B1100174200771N00045919EA0155501678
B1100184200777N00045917EA0155301677
B1100194200783N00045916EA0155101676
B1100204200789N00045915EA0155201675
B1100214200795N00045915EA0155101675
B1100224200801N00045914EA0155001674
B1100234200807N00045914EA0154801672
B1100244200813N00045914EA0154601671
B1100254200819N00045913EA0154501669
B1100264200825N00045913EA0154401668
B1100274200832N00045912EA0154301667
B1100284200838N00045911EA0154301666
B1100294200844N00045911EA0154201665
B1100304200851N00045910EA0154101664
B1100314200857N00045910EA0154001663
B1100324200863N00045910EA0153801661
B1100334200870N00045910EA0153601660
B1100344200876N00045911EA0153601659
B1100354200883N00045912EA0153601658
B1100364200890N00045913EA0153401657
B1100374200896N00045914EA0153201656
B1100384200903N00045916EA0153101654
B1100394200909N00045917EA0153001652
B1100404200916N00045917EA0152701650
B1100414200922N00045917EA0152601649
B1100424200929N00045918EA0152501647
B1100434200935N00045918EA0152401646
B1100444200941N00045919EA0152201645
B1100454200948N00045920EA0152101643
B1100464200954N00045920EA0151901642
B1100474200961N00045920EA0151801640
B1100484200967N00045921EA0151801639
B1100494200974N00045922EA0151601638
B1100504200981N00045922EA0151501636
B1100514200987N00045923EA0151201635
B1100524200994N00045924EA0151301634
B1100534201001N00045924EA0151201633
B1100544201007N00045925EA0151101632
B1100554201013N00045925EA0151001631
B1100564201019N00045925EA0151001630
B1100574201025N00045925EA0150801629
B1100584201031N00045925EA0150701628
B1100594201037N00045924EA0150601627
B1101004201043N00045924EA0150401625
B1101014201049N00045924EA0150301623
B1101024201055N00045924EA0150001622
B1101034201061N00045924EA0149901620
B1101044201067N00045925EA0149801618
B1101054201073N00045924EA0149601617
B1101064201079N00045923EA0149601615
B1101074201084N00045922EA0149401614
B1101084201090N00045921EA0149201613
B1101094201096N00045919EA0149101611
B1101104201101N00045918EA0149001609
B1101114201107N00045917EA0148801608
B1101124201113N00045916EA0148701606
B1101134201118N00045915EA0148501605
B1101144201124N00045914EA0148401604
B1101154201130N00045913EA0148401603
B1101164201135N00045911EA0148301602
B1101174201140N00045910EA0148101600
B1101184201145N00045909EA0147901599
B1101194201150N00045908EA0147801598
B1101204201156N00045907EA0147901597
B1101214201161N00045907EA0147801596
B1101224201167N00045906EA0147801595
B1101234201172N00045904EA0147501594
B1101244201177N00045903EA0147101592
B1101254201183N00045901EA0146601588
B1101264201189N00045899EA0146401585
B1101274201196N00045897EA0146001582
B1101284201203N00045894EA0145901579
B1101294201210N00045891EA0145701578
B1101304201217N00045888EA0145801578
B1101314201224N00045885EA0145901577
B1101324201230N00045883EA0145701576
B1101334201236N00045880EA0145601575
B1101344201242N00045877EA0145401573
B1101354201249N00045873EA0145201571
B1101364201256N00045870EA0145001570
B1101374201262N00045867EA0144901569
B1101384201268N00045863EA0144901568
B1101394201274N00045860EA0144701566
B1101404201280N00045856EA0144501564
B1101414201286N00045854EA0144401562
B1101424201292N00045851EA0144001560
B1101434201298N00045849EA0143901557
B1101444201305N00045846EA0143601555
B1101454201312N00045844EA0143401552
B1101464201318N00045841EA0143201550
B1101474201325N00045838EA0142901547
B1101484201331N00045835EA0142801545
B1101494201337N00045831EA0142701543
B1101504201344N00045827EA0142501542
B1101514201350N00045824EA0142401540
B1101524201356N00045821EA0142101539
B1101534201363N00045818EA0142101537
B1101544201369N00045815EA0141901535
B1101554201375N00045812EA0141701533
B1101564201381N00045809EA0141401531
B1101574201387N00045806EA0141301529
B1101584201393N00045802EA0141101527
B1101594201398N00045798EA0140901525
B1102004201404N00045793EA0140701522
B1102014201410N00045789EA0140501520
B1102024201416N00045785EA0140301518
B1102034201422N00045782EA0140101516
B1102044201429N00045778EA0139801514
B1102054201436N00045774EA0139901513
B1102064201442N00045771EA0139801512
B1102074201448N00045767EA0139701511
B1102084201455N00045764EA0139601510
B1102094201461N00045760EA0139301508
B1102104201468N00045756EA0139301507
B1102114201474N00045752EA0139401506
B1102124201480N00045749EA0139101505
B1102134201487N00045745EA0139101504
B1102144201494N00045741EA0138901503
B1102154201500N00045737EA0138901502
B1102164201507N00045733EA0138901502
B1102174201513N00045729EA0138701501
B1102184201519N00045725EA0138501499
B1102194201526N00045722EA0138401498
B1102204201533N00045718EA0138401497
B1102214201540N00045715EA0138201496
B1102224201547N00045711EA0138101495
B1102234201553N00045708EA0138001494
B1102244201559N00045704EA0138001493
B1102254201566N00045701EA0137801491
B1102264201572N00045697EA0137501489
B1102274201578N00045693EA0137401487
B1102284201584N00045689EA0137201485
B1102294201591N00045686EA0137001483
B1102304201598N00045683EA0137001482
B1102314201604N00045679EA0136601481
B1102324201611N00045676EA0136701479
B1102334201617N00045673EA0136501477
B1102344201623N00045670EA0136301475
B1102354201630N00045667EA0136101473
B1102364201636N00045663EA0135801471
B1102374201643N00045660EA0135501468
B1102384201649N00045657EA0135401466
B1102394201656N00045654EA0135201464
B1102404201663N00045650EA0135001462
B1102414201669N00045647EA0134901460
B1102424201676N00045644EA0134701459
B1102434201682N00045640EA0134501457
B1102444201688N00045636EA0134401455
B1102454201695N00045631EA0134201453
B1102464201701N00045627EA0134001451
B1102474201707N00045622EA0133701450
B1102484201713N00045617EA0133601448
B1102494201719N00045612EA0133501446
B1102504201725N00045606EA0133201445
B1102514201731N00045601EA0133201443
B1102524201737N00045596EA0133001442
B1102534201742N00045590EA0132801440
B1102544201747N00045584EA0132801439
B1102554201753N00045578EA0132601437
B1102564201758N00045572EA0132501436
B1102574201763N00045566EA0132301434
B1102584201768N00045559EA0132101433
B1102594201773N00045553EA0131901431
B1103004201777N00045546EA0131701428
B1103014201781N00045539EA0131501426
B1103024201785N00045532EA0131301423
B1103034201789N00045524EA0131201421
B1103044201792N00045517EA0131101420
B1103054201794N00045510EA0131101419
B1103064201796N00045503EA0131101419
B1103074201798N00045497EA0130901417
B1103084201800N00045491EA0130601415
B1103094201803N00045484EA0130301413
B1103104201805N00045477EA0130101410
B1103114201807N00045470EA0130001409
B1103124201809N00045464EA0130001407
B1103134201811N00045457EA0129801406
B1103144201812N00045451EA0129601404
B1103154201813N00045444EA0129301402
B1103164201815N00045438EA0129201399
B1103174201815N00045431EA0129001397
B1103184201816N00045424EA0128701395
B1103194201816N00045417EA0128501393
B1103204201816N00045410EA0128601392
B1103214201816N00045404EA0128501391
B1103224201815N00045398EA0128301390
B1103234201814N00045392EA0128101388
B1103244201813N00045386EA0128101387
B1103254201811N00045380EA0128001386
B1103264201809N00045374EA0128001386
B1103274201808N00045368EA0128301388
B1103284201807N00045363EA0128601390
B1103294201806N00045358EA0128701392
B1103304201806N00045353EA0129001394
B1103314201807N00045348EA0129201396
B1103324201808N00045344EA0129501398
B1103334201811N00045340EA0129501400
B1103344201815N00045338EA0129501402
B1103354201821N00045340EA0129501401
B1103364201827N00045346EA0129401401
B1103374201831N00045356EA0129401401
B1103384201832N00045367EA0129701402
B1103394201831N00045378EA0129901404
B1103404201828N00045386EA0130201407
B1103414201824N00045392EA0130501409
B1103424201820N00045396EA0130601411
B1103434201816N00045398EA0130701412
B1103444201812N00045400EA0130701413
B1103454201807N00045401EA0130701414
B1103464201803N00045401EA0130901415
B1103474201798N00045400EA0131301417
B1103484201794N00045399EA0131601421
B1103494201791N00045397EA0131901425
B1103504201789N00045395EA0132301429
B1103514201787N00045393EA0132601432
B1103524201787N00045391EA0132701434
B1103534201789N00045389EA0132601434
B1103544201792N00045386EA0132701434
B1103554201796N00045384EA0132601434
B1103564201802N00045383EA0132801435
B1103574201808N00045384EA0132901435
B1103584201814N00045387EA0132801435
B1103594201820N00045393EA0133001435
B1104004201824N00045402EA0133001435
B1104014201826N00045413EA0132901436
B1104024201827N00045424EA0133201438
B1104034201827N00045434EA0133601442
B1104044201827N00045443EA0133801445
B1104054201826N00045450EA0134101447
B1104064201823N00045457EA0134001447
B1104074201819N00045464EA0133901446
B1104084201814N00045468EA0133901446
B1104094201809N00045469EA0133901446
B1104104201804N00045468EA0134001447
B1104114201801N00045465EA0134501450
B1104124201800N00045462EA0134601453
B1104134201799N00045461EA0135001456
B1104144201799N00045460EA0135101457
B1104154201798N00045459EA0134901457
B1104164201797N00045457EA0134801456
B1104174201796N00045454EA0134901456
B1104184201793N00045451EA0134901457
B1104194201791N00045449EA0135001457
B1104204201789N00045446EA0135101458
B1104214201787N00045443EA0135201459
B1104224201785N00045441EA0135401460
B1104234201784N00045439EA0135401461
B1104244201783N00045436EA0135401461
B1104254201783N00045433EA0135401462
B1104264201784N00045429EA0135601463
B1104274201785N00045424EA0135701464
B1104284201787N00045420EA0135901466
B1104294201790N00045416EA0135801468
B1104304201793N00045411EA0136101470
B1104314201796N00045407EA0136401473
B1104324201800N00045403EA0136601475
B1104334201806N00045401EA0136901478
B1104344201812N00045402EA0137201481
B1104354201818N00045406EA0137501484
B1104364201824N00045411EA0138001488
B1104374201828N00045418EA0138201491
B1104384201832N00045426EA0138401494
B1104394201834N00045435EA0138501496
B1104404201835N00045445EA0138801498
B1104414201834N00045455EA0138901500
B1104424201832N00045464EA0139101501
B1104434201828N00045472EA0139301503
B1104444201824N00045476EA0139401505
B1104454201819N00045478EA0139401506
B1104464201815N00045477EA0139601508
B1104474201812N00045476EA0139801510
B1104484201810N00045473EA0140001512
B1104494201809N00045470EA0140201513
B1104504201809N00045467EA0140201513
B1104514201809N00045463EA0140301514
B1104524201810N00045458EA0140501515
B1104534201813N00045454EA0140501517
B1104544201817N00045450EA0140801519
B1104554201822N00045448EA0141001521
B1104564201828N00045449EA0141201524
B1104574201834N00045453EA0141401526
B1104584201840N00045460EA0141501527
B1104594201843N00045469EA0141701530
B1105004201844N00045480EA0141901531
B1105014201844N00045489EA0142201534
B1105024201842N00045497EA0142301536
B1105034201839N00045504EA0142501537
B1105044201835N00045509EA0142601539
B1105054201831N00045512EA0142701540
B1105064201827N00045512EA0142601540
B1105074201823N00045510EA0142701540
B1105084201821N00045506EA0142601540
B1105094201820N00045502EA0142801540
B1105104201820N00045497EA0142901542
B1105114201820N00045493EA0143201544
B1105124201822N00045489EA0143201545
B1105134201825N00045485EA0143301546
B1105144201830N00045483EA0143401548
B1105154201836N00045483EA0143701551
B1105164201842N00045487EA0144001553
B1105174201847N00045493EA0144101555
B1105184201850N00045500EA0144201557
B1105194201851N00045509EA0144401558
B1105204201851N00045518EA0144401558
B1105214201850N00045527EA0144501559
B1105224201847N00045535EA0144601560
B1105234201843N00045542EA0144601561
B1105244201838N00045545EA0144601562
B1105254201833N00045545EA0144701562
B1105264201829N00045544EA0144601562
B1105274201826N00045541EA0144701563
B1105284201822N00045539EA0145001564
B1105294201819N00045537EA0145101565
B1105304201816N00045535EA0145301566
B1105314201813N00045532EA0145301566
B1105324201811N00045528EA0145301567
B1105334201809N00045523EA0145501569
B1105344201808N00045518EA0145801572
B1105354201807N00045513EA0146101576
B1105364201808N00045510EA0146401580
B1105374201809N00045507EA0146701583
B1105384201811N00045503EA0146801585
B1105394201814N00045500EA0147201588
B1105404201818N00045497EA0147601591
B1105414201823N00045496EA0147701593
B1105424201828N00045497EA0147801595
B1105434201834N00045501EA0148101597
B1105444201839N00045507EA0148201599
B1105454201843N00045515EA0148601602
B1105464201846N00045524EA0148801605
B1105474201846N00045534EA0149101608
B1105484201844N00045543EA0149201610
B1105494201841N00045550EA0149601612
B1105504201836N00045555EA0149801615
B1105514201831N00045557EA0149901617
B1105524201827N00045555EA0150001618
B1105534201824N00045552EA0150201620
B1105544201822N00045549EA0150501622
B1105554201821N00045545EA0150701624
B1105564201821N00045541EA0150901626
B1105574201823N00045538EA0151001628
B1105584201826N00045535EA0151101629
B1105594201830N00045533EA0151401632
B1106004201834N00045531EA0151601634
B1106014201839N00045531EA0151901637
B1106024201844N00045534EA0151901638
B1106034201848N00045539EA0151901638
B1106044201852N00045547EA0152001638
B1106054201854N00045556EA0152101639
B1106064201855N00045566EA0152301641
B1106074201855N00045576EA0152501642
B1106084201854N00045585EA0152601644
B1106094201851N00045594EA0152601646
B1106104201848N00045602EA0153001649
B1106114201844N00045607EA0153301652
B1106124201839N00045608EA0153101652
B1106134201836N00045607EA0153201653
B1106144201833N00045603EA0153301654
B1106154201832N00045598EA0153501656
B1106164201833N00045594EA0153901659
B1106174201835N00045590EA0154201662
B1106184201838N00045587EA0154501664
B1106194201842N00045586EA0154601667
B1106204201847N00045586EA0154801669
B1106214201853N00045588EA0155001670
B1106224201858N00045592EA0155101671
B1106234201863N00045599EA0155301673
B1106244201866N00045607EA0155401674
B1106254201868N00045616EA0155401675
B1106264201869N00045626EA0155501676
B1106274201868N00045635EA0155501677
B1106284201866N00045644EA0155601678
B1106294201862N00045651EA0155701678
B1106304201858N00045656EA0155701678
B1106314201853N00045658EA0155701679
B1106324201848N00045659EA0155801680
B1106334201844N00045659EA0156101681
B1106344201841N00045657EA0156001682
B1106354201839N00045654EA0156001683
B1106364201837N00045649EA0156201684
B1106374201836N00045645EA0156501686
B1106384201836N00045641EA0156701688
B1106394201838N00045636EA0157201692
B1106404201840N00045633EA0157501695
B1106414201843N00045630EA0157701698
B1106424201846N00045627EA0157901701
B1106434201850N00045624EA0158201703
B1106444201853N00045622EA0158301705
B1106454201857N00045620EA0158301706
B1106464201860N00045618EA0158601707
B1106474201864N00045616EA0158501708
B1106484201867N00045615EA0158501707
B1106494201871N00045613EA0158401707
B1106504201875N00045610EA0158101704
B1106514201880N00045608EA0157801702
B1106524201885N00045605EA0157501700
B1106534201890N00045602EA0157601699
B1106544201895N00045600EA0157701699
B1106554201899N00045597EA0157601699
B1106564201903N00045595EA0157401697
B1106574201907N00045593EA0157101695
B1106584201912N00045590EA0157001693
B1106594201916N00045587EA0156701690
B1107004201922N00045584EA0156501688
B1107014201927N00045581EA0156501687
B1107024201931N00045578EA0156401686
B1107034201936N00045575EA0156301685
B1107044201941N00045572EA0156201684
B1107054201947N00045570EA0156101683
B1107064201952N00045569EA0156201683
B1107074201958N00045569EA0156201683
B1107084201963N00045569EA0156201683
B1107094201968N00045569EA0156001681
B1107104201973N00045568EA0155701678
B1107114201980N00045568EA0155501676
B1107124201987N00045567EA0155301674
B1107134201994N00045567EA0155401674
B1107144202000N00045566EA0155401674
B1107154202005N00045566EA0155401674
B1107164202011N00045566EA0155401673
B1107174202017N00045566EA0155201672
B1107184202023N00045566EA0155201672
B1107194202030N00045566EA0155501674
B1107204202037N00045567EA0155601676
B1107214202044N00045568EA0155801678
B1107224202050N00045569EA0155901679
B1107234202055N00045570EA0156001680
B1107244202061N00045570EA0155901680
B1107254202067N00045569EA0155901680
B1107264202072N00045568EA0156001681
B1107274202078N00045566EA0156101681
B1107284202083N00045563EA0156101682
B1107294202087N00045560EA0156101684
B1107304202091N00045556EA0156301685
B1107314202095N00045553EA0156401687
B1107324202098N00045549EA0156601689
B1107334202102N00045545EA0157101692
B1107344202106N00045542EA0157201694
B1107354202110N00045539EA0157301695
B1107364202114N00045535EA0157401697
B1107374202119N00045531EA0157701699
B1107384202123N00045527EA0157801701
B1107404202132N00045520EA0158101704
B1107414202136N00045517EA0157901703
B1107434202145N00045510EA0157701702
B1107444202149N00045506EA0157701701
B1107454202153N00045503EA0157701700
B1107464202157N00045499EA0157501699
B1107474202161N00045496EA0157201697
B1107484202165N00045492EA0157101695
B1107494202169N00045488EA0156901693
B1107504202173N00045484EA0156901692
B1107514202177N00045481EA0156601690
B1107524202182N00045477EA0156401689
B1107534202187N00045474EA0156201687
B1107544202192N00045470EA0156301686
B1107554202197N00045468EA0156201684
B1107564202202N00045465EA0156001683
B1107574202207N00045462EA0155701680
B1107584202212N00045459EA0155501678
B1107594202218N00045455EA0155301676
B1108004202223N00045452EA0155101674
B1108014202229N00045449EA0155001671
B1108024202235N00045446EA0154701669
B1108034202241N00045442EA0154501667
B1108044202247N00045439EA0154601667
B1108054202253N00045436EA0154601666
B1108064202258N00045432EA0154601666
B1108074202263N00045429EA0154401665
B1108084202268N00045425EA0154101663
B1108094202273N00045422EA0153901661
B1108104202279N00045418EA0153801659
B1108114202284N00045415EA0153701657
B1108124202289N00045411EA0153701657
B1108134202294N00045407EA0153401656
B1108144202299N00045404EA0153501655
B1108154202304N00045401EA0153301653
B1108164202309N00045398EA0153301652
B1108174202315N00045396EA0153101651
B1108184202320N00045394EA0153001650
B1108194202326N00045392EA0152901648
B1108204202331N00045390EA0152701647
B1108214202337N00045388EA0152701645
B1108224202342N00045386EA0152501643
B1108234202348N00045385EA0152301642
B1108244202354N00045383EA0152201640
B1108254202361N00045381EA0152001640
B1108264202367N00045379EA0152201640
B1108274202373N00045378EA0152101640
B1108284202379N00045376EA0152101640
B1108294202385N00045374EA0152001639
B1108304202391N00045372EA0151901639
B1108314202398N00045369EA0152001639
B1108324202404N00045366EA0152101641
B1108334202411N00045363EA0152601645
B1108344202417N00045361EA0152901648
B1108354202422N00045358EA0153201650
B1108364202427N00045354EA0153101650
B1108374202432N00045350EA0153001651
B1108384202438N00045345EA0153101652
B1108394202443N00045340EA0153501653
B1108404202449N00045335EA0153601655
B1108414202454N00045330EA0153701657
B1108424202458N00045324EA0153801658
B1108434202462N00045319EA0153801658
B1108444202466N00045312EA0153701657
B1108454202470N00045305EA0153601657
B1108464202474N00045298EA0153801657
B1108474202479N00045291EA0153901659
B1108484202483N00045284EA0154101660
B1108494202488N00045277EA0154101662
B1108504202492N00045271EA0154301662
B1108514202495N00045265EA0154201663
B1108524202498N00045258EA0154201663
B1108534202502N00045252EA0154301662
B1108544202505N00045245EA0154001661
B1108554202510N00045239EA0154001661
B1108564202514N00045234EA0153901660
B1108574202518N00045228EA0154101660
B1108584202521N00045222EA0154001660
B1108594202525N00045217EA0153901659
B1109004202529N00045212EA0153801658
B1109014202533N00045207EA0153501655
B1109024202536N00045200EA0153101652
B1109034202540N00045194EA0152801650
B1109044202543N00045187EA0153001650
B1109054202547N00045180EA0153301652
B1109064202551N00045176EA0153601655
B1109074202555N00045172EA0153901657
B1109084202559N00045169EA0154101659
B1109094202562N00045166EA0154001659
B1109104202564N00045160EA0154101660
B1109114202567N00045155EA0154101661
B1109124202570N00045149EA0154501664
B1109134202574N00045144EA0154901668
B1109144202579N00045140EA0155401671
B1109154202584N00045138EA0155801675
B1109164202590N00045136EA0156001679
B1109174202595N00045132EA0156101682
B1109184202598N00045127EA0156601686
B1109194202601N00045123EA0157201691
B1109204202602N00045120EA0157701696
B1109214202603N00045118EA0158301700
B1109224202603N00045116EA0158401704
B1109234202604N00045114EA0158501707
B1109244202604N00045112EA0159001710
B1109254202606N00045110EA0159001711
B1109264202607N00045108EA0158901711
B1109274202609N00045106EA0158601709
B1109284202610N00045104EA0158401707
B1109294202612N00045100EA0158201704
B1109304202614N00045095EA0158101704
B1109314202615N00045091EA0158201704
B1109324202617N00045087EA0158601704
B1109334202619N00045083EA0158301704
B1109344202620N00045078EA0158101704
B1109354202621N00045073EA0158401705
B1109364202621N00045067EA0158601706
B1109374202623N00045062EA0158601707
B1109384202625N00045057EA0158701708
B1109394202627N00045052EA0158701708
B1109404202629N00045046EA0158601708
B1109414202631N00045040EA0158601709
B1109424202633N00045034EA0158601709
B1109434202635N00045029EA0158701708
B1109444202637N00045024EA0158201706
B1109454202639N00045018EA0158101704
B1109464202642N00045011EA0157801701
B1109474202644N00045004EA0157601699
B1109484202647N00044997EA0157701698
B1109494202650N00044991EA0157601698
B1109504202653N00044985EA0157601698
B1109514202655N00044979EA0157401697
B1109524202658N00044973EA0157201695
B1109534202661N00044967EA0157101694
B1109544202663N00044961EA0156801692
B1109554202666N00044954EA0156901691
B1109564202669N00044948EA0156701689
B1109574202671N00044942EA0156601688
B1109584202674N00044936EA0156501687
B1109594202676N00044930EA0156201685
B1110004202679N00044924EA0156201683
B1110014202682N00044917EA0156001681
B1110024202685N00044911EA0155801680
B1110034202688N00044904EA0155701678
B1110044202691N00044898EA0155401676
B1110054202695N00044892EA0155301675
B1110064202698N00044885EA0155001673
B1110074202702N00044879EA0154901671
B1110084202705N00044872EA0154901670
B1110094202708N00044865EA0154701668
B1110104202711N00044858EA0154601667
B1110114202713N00044851EA0154201665
B1110124202716N00044845EA0154201663
B1110134202719N00044838EA0154001661
B1110144202722N00044831EA0153801659
B1110154202725N00044825EA0153501657
B1110164202728N00044818EA0153301655
B1110174202731N00044811EA0153001653
B1110184202735N00044803EA0152901651
B1110194202738N00044796EA0152901650
B1110204202742N00044789EA0152801648
B1110214202745N00044781EA0152501647
B1110224202748N00044774EA0152301645
B1110234202751N00044766EA0152201643
B1110244202754N00044759EA0151901640
B1110254202757N00044750EA0151601638
B1110264202761N00044742EA0151601637
B1110274202764N00044733EA0151901638
B1110284202767N00044727EA0152101640
B1110294202770N00044721EA0152101640
B1110304202772N00044716EA0151901639
B1110314202774N00044709EA0151501637
B1110324202777N00044702EA0151101634
B1110334202780N00044694EA0151001632
B1110344202783N00044686EA0150901631
B1110354202786N00044679EA0151101632
B1110364202789N00044672EA0151101632
B1110374202792N00044665EA0151101631
B1110384202794N00044658EA0150801629
B1110394202796N00044651EA0150801628
B1110404202798N00044644EA0150801629
B1110414202800N00044638EA0151101630
B1110424202801N00044631EA0151101632
B1110434202803N00044625EA0151401634
B1110444202805N00044619EA0151501635
B1110454202807N00044613EA0151501636
B1110464202809N00044607EA0151701638
B1110474202811N00044599EA0152101641
B1110484202812N00044593EA0152701645
B1110494202812N00044588EA0153201650
B1110504202814N00044586EA0153501654
B1110514202815N00044584EA0153401655
B1110524202817N00044582EA0153401655
B1110534202819N00044578EA0153201654
B1110544202822N00044574EA0153101653
B1110554202824N00044569EA0153401654
B1110564202826N00044564EA0153401655
B1110574202829N00044560EA0153401656
B1110584202831N00044557EA0153301655
B1110594202833N00044553EA0153201654
B1111004202835N00044548EA0153201653
B1111014202837N00044544EA0153001652
B1111024202839N00044539EA0152901650
B1111034202841N00044533EA0152801649
B1111044202843N00044528EA0152801649
B1111054202844N00044523EA0152701649
B1111064202846N00044518EA0152901650
B1111074202847N00044514EA0152801649
B1111084202848N00044510EA0153001650
B1111094202849N00044505EA0153301653
B1111104202850N00044501EA0153801657
B1111114202852N00044497EA0154001660
B1111124202854N00044495EA0154201662
B1111134202855N00044492EA0154101662
B1111144202857N00044489EA0153901661
B1111154202858N00044485EA0153901661
B1111164202859N00044480EA0153901661
B1111174202860N00044476EA0153901661
B1111184202861N00044472EA0153901661
B1111194202862N00044468EA0153801660
B1111204202863N00044464EA0153801659
B1111214202864N00044459EA0153701658
B1111224202865N00044454EA0153601657
B1111234202867N00044449EA0153501656
B1111244202868N00044444EA0153501656
B1111254202869N00044439EA0153401655
B1111264202871N00044434EA0153201655
B1111274202872N00044430EA0153301654
B1111284202873N00044425EA0153101653
B1111294202875N00044419EA0153001652
B1111304202876N00044413EA0152901651
B1111314202877N00044407EA0153101652
B1111324202878N00044400EA0153301654
B1111334202879N00044395EA0153401655
B1111344202879N00044390EA0153401656
B1111354202880N00044385EA0153401655
B1111364202881N00044379EA0153401654
B1111374202882N00044374EA0153301653
B1111384202884N00044368EA0153101652
B1111394202885N00044361EA0153101652
B1111404202887N00044355EA0153101652
B1111414202889N00044350EA0153201651
B1111424202891N00044345EA0153101650
B1111434202893N00044339EA0152801649
B1111444202895N00044333EA0152701648
B1111454202897N00044327EA0152801647
B1111464202899N00044321EA0152801647
B1111474202901N00044315EA0152701647
B1111484202903N00044310EA0152801647
B1111494202905N00044304EA0152601646
B1111504202907N00044298EA0152301644
B1111514202909N00044291EA0152101642
B1111524202911N00044284EA0152101642
B1111534202913N00044278EA0152001641
B1111544202915N00044271EA0152101641
B1111554202916N00044265EA0152001641
B1111564202918N00044258EA0151901640
B1111574202919N00044252EA0152101639
B1111584202921N00044246EA0151901639
B1111594202923N00044239EA0151801638
B1112004202925N00044233EA0151701637
B1112014202927N00044226EA0151701637
B1112024202929N00044220EA0151701636
B1112034202931N00044214EA0151601635
B1112044202934N00044207EA0151301633
B1112054202936N00044200EA0151101631
B1112064202938N00044194EA0150901629
B1112074202941N00044187EA0150801627
B1112084202943N00044180EA0150801626
B1112094202945N00044174EA0150701625
B1112104202946N00044168EA0150701624
B1112114202947N00044162EA0150301622
B1112124202948N00044155EA0150101621
B1112134202950N00044149EA0150001619
B1112144202951N00044143EA0150001618
B1112154202952N00044137EA0149801616
B1112164202952N00044131EA0149701614
B1112174202952N00044125EA0149501612
B1112184202952N00044119EA0149101609
B1112194202952N00044113EA0148901607
B1112204202952N00044107EA0148801604
B1112214202952N00044101EA0148401601
B1112224202951N00044095EA0148101598
B1112234202951N00044088EA0147901595
B1112244202950N00044081EA0147701594
B1112254202951N00044074EA0147701594
B1112264202951N00044066EA0147901595
B1112274202952N00044059EA0148201597
B1112284202952N00044054EA0148301598
B1112294202952N00044049EA0148501600
B1112304202952N00044044EA0148301600
B1112314202953N00044038EA0148301599
B1112324202953N00044032EA0148201599
B1112334202954N00044024EA0148201599
B1112344202954N00044017EA0148401599
B1112354202955N00044010EA0148501601
B1112364202954N00044004EA0148601603
B1112374202953N00043999EA0148701604
B1112384202952N00043994EA0148801604
B1112394202951N00043989EA0148701604
B1112404202951N00043984EA0148601603
B1112414202951N00043977EA0148601603
B1112424202951N00043970EA0148601604
B1112434202951N00043964EA0148901606
B1112444202952N00043960EA0149201608
B1112454202952N00043955EA0149301610
B1112464202952N00043951EA0149301609
B1112474202952N00043947EA0148901608
B1112484202952N00043941EA0148901607
B1112494202951N00043935EA0148701605
B1112504202951N00043928EA0148701604
B1112514202951N00043922EA0148801603
B1112524202950N00043915EA0148901604
B1112534202950N00043909EA0148901605
B1112544202950N00043903EA0148901606
B1112554202951N00043897EA0148801605
B1112564202951N00043890EA0148601603
B1112574202951N00043883EA0148501602
B1112584202951N00043876EA0148801603
B1112594202951N00043868EA0148901605
B1113004202951N00043862EA0149401609
B1113014202952N00043857EA0149701612
B1113024202953N00043852EA0149901614
B1113034202955N00043847EA0149701615
B1113044202956N00043842EA0149701614
B1113054202957N00043835EA0149501613
B1113064202958N00043828EA0149601613
B1113074202959N00043820EA0149501613
B1113084202960N00043813EA0149701614
B1113094202961N00043806EA0149801615
B1113104202961N00043800EA0149701615
B1113114202961N00043794EA0149701614
B1113124202961N00043788EA0149401612
B1113134202962N00043781EA0149201611
B1113144202962N00043775EA0149101609
B1113154202963N00043768EA0149101608
B1113164202964N00043762EA0149301610
B1113174202965N00043755EA0149401611
B1113184202966N00043750EA0149501611
B1113194202967N00043744EA0149201611
B1113204202969N00043737EA0149001609
B1113214202970N00043730EA0148901607
B1113224202971N00043722EA0148801605
B1113234202972N00043714EA0148501604
B1113244202973N00043706EA0148601603
B1113254202974N00043699EA0148701603
B1113264202975N00043693EA0148701603
B1113274202975N00043687EA0148601603
B1113284202976N00043682EA0148801603
B1113294202977N00043676EA0148701604
B1113304202978N00043670EA0148801604
B1113314202980N00043664EA0148901605
B1113324202980N00043658EA0148901606
B1113334202981N00043652EA0149001606
B1113344202981N00043645EA0149001606
B1113354202982N00043639EA0148901606
B1113364202983N00043633EA0148901607
B1113374202984N00043626EA0148801606
B1113384202985N00043619EA0148801605
B1113394202986N00043612EA0149001606
B1113404202987N00043605EA0149301608
B1113414202988N00043599EA0149501610
B1113424202990N00043593EA0149501610
B1113434202991N00043588EA0149401610
B1113444202992N00043582EA0149401609
B1113454202993N00043576EA0149201609
B1113464202994N00043570EA0149301609
B1113474202994N00043564EA0149701611
B1113484202995N00043558EA0149901613
B1113494202996N00043553EA0150001615
B1113504202997N00043549EA0150101616
B1113514202997N00043545EA0150001616
B1113524202998N00043539EA0149901616
B1113534202999N00043532EA0150101617
B1113544203000N00043527EA0150301620
B1113554203000N00043522EA0150801623
B1113564203000N00043520EA0151201626
B1113574203000N00043517EA0151101628
B1113584203001N00043514EA0151301629
B1113594203002N00043510EA0151401630
B1114004203003N00043505EA0151501632
B1114014203004N00043501EA0151801635
B1114024203004N00043497EA0152001637
B1114034203004N00043494EA0152201638
B1114044203003N00043490EA0152401640
B1114054203002N00043485EA0152301640
B1114064203002N00043480EA0152401641
B1114074203002N00043474EA0152601643
B1114084203002N00043469EA0152801645
B1114094203002N00043464EA0153001647
B1114104203002N00043460EA0153101647
B1114114203002N00043456EA0152901647
B1114124203002N00043451EA0152701646
B1114134203003N00043445EA0152501644
B1114144203003N00043438EA0152501643
B1114154203003N00043432EA0152601643
B1114164203003N00043426EA0152601643
B1114174203003N00043420EA0152501642
B1114184203003N00043414EA0152201641
B1114194203003N00043408EA0152201639
B1114204203003N00043401EA0152001639
B1114214203003N00043394EA0151901637
B1114224203004N00043387EA0151801637
B1114234203004N00043380EA0151901635
B1114244203004N00043373EA0151801635
B1114254203005N00043366EA0151601634
B1114264203005N00043359EA0151601633
B1114274203006N00043353EA0151401632
B1114284203007N00043347EA0151301631
B1114294203007N00043340EA0151201630
B1114304203007N00043333EA0151001628
B1114314203007N00043326EA0150601625
B1114324203008N00043318EA0150501623
B1114334203008N00043310EA0150601622
B1114344203009N00043303EA0150401622
B1114354203010N00043297EA0150201620
B1114364203010N00043290EA0150001618
B1114374203010N00043283EA0149801616
B1114384203010N00043276EA0149501613
B1114394203010N00043268EA0149401611
B1114404203011N00043260EA0149301611
B1114414203011N00043252EA0149301610
B1114424203011N00043244EA0149301610
B1114434203011N00043237EA0149101609
B1114444203010N00043229EA0149201608
B1114454203011N00043221EA0148901607
B1114464203011N00043213EA0148801606
B1114474203012N00043205EA0149001605
B1114484203013N00043197EA0148801605
B1114494203013N00043189EA0148801605
B1114504203013N00043182EA0148801606
B1114514203014N00043174EA0149001607
B1114524203014N00043166EA0149301609
B1114534203014N00043159EA0149501612
B1114544203015N00043152EA0149801614
B1114554203015N00043145EA0149801615
B1114564203015N00043137EA0149801616
B1114574203015N00043129EA0150101618
B1114584203015N00043122EA0150501621
B1114594203015N00043115EA0150901625
B1115004203015N00043109EA0151301629
B1115014203015N00043104EA0151501632
B1115024203015N00043100EA0151601634
B1115034203016N00043095EA0151801636
B1115044203017N00043090EA0152101639
B1115054203018N00043085EA0152401641
B1115064203020N00043079EA0152601644
B1115074203021N00043074EA0152901648
B1115084203023N00043069EA0153201651
B1115094203024N00043064EA0153601654
B1115104203026N00043059EA0154001658
B1115114203027N00043053EA0154601663
B1115124203028N00043048EA0154701666
B1115134203029N00043043EA0154901669
B1115144203030N00043039EA0155001670
B1115154203030N00043034EA0154801670
B1115164203031N00043028EA0154701669
B1115174203031N00043021EA0154701669
B1115184203031N00043013EA0154701670
B1115194203032N00043006EA0155101672
B1115204203032N00043000EA0155301673
B1115214203033N00042995EA0155401674
B1115224203033N00042991EA0155001673
B1115234203034N00042987EA0154901669
B1115244203034N00042983EA0154301665
B1115254203034N00042977EA0153801660
B1115264203035N00042970EA0153401657
B1115274203035N00042962EA0153301654
B1115284203036N00042956EA0153201653
B1115294203037N00042949EA0153101652
B1115304203037N00042943EA0153001650
B1115314203038N00042937EA0152701648
B1115324203039N00042931EA0152401646
B1115334203041N00042924EA0152101643
B1115344203042N00042917EA0152001641
B1115354203043N00042909EA0151901639
B1115364203044N00042902EA0151701637
B1115374203045N00042895EA0151501636
B1115384203046N00042888EA0151501635
B1115394203047N00042881EA0151401635
B1115404203049N00042874EA0151501634
B1115414203050N00042866EA0151301633
B1115424203051N00042859EA0151201632
B1115434203052N00042852EA0151201631
B1115444203053N00042845EA0150901630
B1115454203053N00042839EA0150801629
B1115464203054N00042832EA0150801628
B1115474203054N00042825EA0150801627
B1115484203055N00042818EA0150601626
B1115494203055N00042811EA0150401624
B1115504203056N00042804EA0150101621
B1115514203056N00042797EA0149801618
B1115524203056N00042789EA0149701616
B1115534203056N00042781EA0149401614
B1115544203056N00042774EA0149301613
B1115554203057N00042766EA0149201612
B1115564203057N00042759EA0149301611
B1115574203058N00042752EA0149301611
B1115584203058N00042746EA0149101610
B1115594203057N00042740EA0148901608
B1116004203057N00042733EA0148801606
B1116014203058N00042726EA0148801606
B1116024203058N00042720EA0148901607
B1116034203058N00042713EA0149201609
B1116044203058N00042706EA0149601611
B1116054203058N00042700EA0149701614
B1116064203058N00042694EA0149901615
B1116074203058N00042688EA0149901616
B1116084203058N00042681EA0149801616
B1116094203057N00042673EA0149901616
B1116104203056N00042666EA0149901617
B1116114203055N00042659EA0150301619
B1116124203056N00042652EA0150301621
B1116134203056N00042646EA0150701623
B1116144203056N00042639EA0150701625
B1116154203056N00042633EA0150901625
B1116164203057N00042627EA0150801625
B1116174203058N00042621EA0150601625
B1116184203059N00042615EA0150501623
B1116194203059N00042608EA0150301622
B1116204203060N00042601EA0150401621
B1116214203060N00042593EA0150301623
B1116224203060N00042585EA0150801625
B1116234203060N00042578EA0151101628
B1116244203060N00042572EA0151301631
B1116254203060N00042566EA0151501633
B1116264203060N00042559EA0151601634
B1116274203061N00042553EA0151701636
B1116284203063N00042546EA0151901637
B1116294203064N00042540EA0152201639
B1116304203065N00042533EA0152201641
B1116314203066N00042527EA0152401642
B1116324203068N00042520EA0152501643
B1116334203069N00042514EA0152801644
B1116344203070N00042507EA0152701646
B1116354203072N00042500EA0153001648
B1116364203073N00042495EA0153101650
B1116374203075N00042489EA0153201651
B1116384203076N00042484EA0153201651
B1116394203078N00042478EA0153101650
B1116404203079N00042472EA0153101650
B1116414203081N00042467EA0153201650
B1116424203083N00042462EA0153201650
B1116434203084N00042456EA0153201650
B1116444203086N00042450EA0153401651
B1116454203088N00042445EA0153401653
B1116464203090N00042439EA0153401653
B1116474203092N00042434EA0153401653
B1116484203095N00042429EA0153501653
B1116494203097N00042424EA0153301653
B1116504203099N00042419EA0153301652
B1116514203101N00042413EA0153201651
B1116524203103N00042407EA0153101651
B1116534203104N00042400EA0153001650
B1116544203106N00042393EA0153001649
B1116554203107N00042386EA0152901648
B1116564203108N00042379EA0152601647
B1116574203110N00042372EA0152601645
B1116584203111N00042365EA0152401643
B1116594203113N00042358EA0152101640
B1117004203114N00042350EA0151701637
B1117014203116N00042343EA0151301634
B1117024203118N00042336EA0151201630
B1117034203119N00042328EA0150801627
B1117044203121N00042320EA0150501624
B1117054203123N00042312EA0150301621
B1117064203125N00042304EA0149901619
B1117074203126N00042296EA0149901617
B1117084203128N00042288EA0149901617
B1117094203129N00042279EA0149801617
B1117104203131N00042272EA0150001617
B1117114203133N00042265EA0149901617
B1117124203136N00042258EA0149901617
B1117134203138N00042250EA0149901617
B1117144203140N00042242EA0149801616
B1117154203142N00042234EA0149701615
B1117164203144N00042225EA0149701615
B1117174203147N00042217EA0149801615
B1117184203149N00042209EA0149801615
B1117194203151N00042201EA0149801616
B1117204203153N00042194EA0149701615
B1117214203155N00042187EA0149601614
B1117224203157N00042180EA0149401613
B1117234203160N00042174EA0149201611
B1117244203163N00042168EA0149101609
B1117254203165N00042160EA0149001607
B1117264203167N00042153EA0148901606
B1117274203170N00042145EA0148701604
B1117284203173N00042138EA0148401603
B1117294203176N00042130EA0148501602
B1117304203179N00042123EA0148401601
B1117314203182N00042116EA0148501601
B1117324203186N00042110EA0148601602
B1117334203188N00042105EA0148401601
B1117344203191N00042100EA0148101600
B1117354203194N00042094EA0148001597
B1117364203196N00042088EA0147701594
B1117374203200N00042080EA0147601592
B1117384203203N00042073EA0147601591
B1117394203207N00042066EA0147601592
B1117404203210N00042060EA0147801593
B1117414203214N00042054EA0147801593
B1117424203217N00042049EA0147601592
B1117434203221N00042043EA0147301590
B1117444203225N00042037EA0147201589
B1117454203229N00042031EA0147101588
B1117464203234N00042025EA0147201587
B1117474203238N00042019EA0147101586
B1117484203242N00042013EA0147001586
B1117494203246N00042007EA0146901585
B1117504203250N00042001EA0146901583
B1117514203254N00041994EA0146601582
B1117524203257N00041987EA0146601581
B1117534203261N00041980EA0146601581
B1117544203265N00041973EA0146501580
B1117554203269N00041966EA0146501579
B1117564203272N00041960EA0146201578
B1117574203276N00041953EA0146101577
B1117584203279N00041946EA0146101575
B1117594203282N00041939EA0145801573
B1118004203286N00041932EA0145401572
B1118014203289N00041925EA0145301570
B1118024203293N00041918EA0145301568
B1118034203296N00041912EA0145201567
B1118044203300N00041905EA0145101566
B1118054203303N00041898EA0145001565
B1118064203307N00041892EA0144801564
B1118074203311N00041885EA0144501563
B1118084203314N00041879EA0144501561
B1118094203318N00041872EA0144401560
B1118104203321N00041866EA0144301559
B1118114203325N00041859EA0144201558
B1118124203328N00041853EA0144001556
B1118134203332N00041847EA0144001555
B1118144203336N00041841EA0143801554
B1118154203339N00041835EA0143701553
B1118164203343N00041829EA0143601552
B1118174203346N00041823EA0143401550
B1118184203349N00041817EA0143401549
B1118194203353N00041811EA0143401548
B1118204203356N00041804EA0143201548
B1118214203359N00041798EA0143201547
B1118224203362N00041791EA0142901545
B1118234203365N00041784EA0142601544
B1118244203369N00041777EA0142501541
B1118254203373N00041770EA0142201539
B1118264203377N00041762EA0142201538
B1118274203381N00041754EA0142101537
B1118284203385N00041747EA0142101537
B1118294203388N00041740EA0141901536
B1118304203392N00041733EA0141701534
B1118314203397N00041726EA0141601532
B1118324203401N00041719EA0141501530
B1118334203405N00041711EA0141201529
B1118344203409N00041704EA0141101527
B1118354203414N00041697EA0141101526
B1118364203418N00041690EA0141001525
B1118374203423N00041682EA0141001524
B1118384203427N00041675EA0140601522
B1118394203432N00041668EA0140601520
B1118404203437N00041661EA0140401519
B1118414203441N00041655EA0140301517
B1118424203446N00041648EA0140201516
B1118434203451N00041641EA0139901515
B1118444203455N00041634EA0139801513
B1118454203460N00041628EA0139701512
B1118464203465N00041621EA0139501510
B1118474203470N00041615EA0139401509
B1118484203475N00041608EA0139401507
B1118494203480N00041602EA0139301506
B1118504203485N00041595EA0139101505
B1118514203490N00041588EA0138901504
B1118524203494N00041582EA0138901503
B1118534203499N00041575EA0139001502
B1118544203504N00041569EA0138601500
B1118554203508N00041562EA0138601499
B1118564203512N00041555EA0138501497
B1118574203516N00041547EA0138501496
B1118584203520N00041540EA0138601496
B1118594203523N00041532EA0138501497
B1119004203526N00041524EA0138701498
B1119014203530N00041516EA0138901499
B1119024203533N00041509EA0138801500
B1119034203536N00041502EA0138701499
B1119044203540N00041496EA0138601497
B1119054203543N00041489EA0138301496
B1119064203547N00041482EA0138301495
B1119074203551N00041475EA0138401495
B1119084203555N00041470EA0138501495
B1119094203559N00041465EA0138401496
B1119104203563N00041461EA0138501495
B1119114203566N00041456EA0138201493
B1119124203571N00041450EA0137901491
B1119134203575N00041445EA0137901491
B1119144203581N00041439EA0138401492
B1119154203586N00041434EA0138301494
B1119164203591N00041430EA0138501495
B1119174203596N00041426EA0138501495
B1119184203601N00041423EA0138301494
B1119194203606N00041418EA0138201493
B1119204203611N00041414EA0138101491
B1119214203617N00041409EA0137901490
B1119224203622N00041405EA0137901489
B1119234203629N00041401EA0137901489
B1119244203634N00041398EA0137801489
B1119254203640N00041395EA0137801489
B1119264203646N00041393EA0137801488
B1119274203653N00041391EA0137701487
B1119284203659N00041388EA0137601486
B1119294203665N00041384EA0137501485
B1119304203670N00041381EA0137501485
B1119314203676N00041378EA0137301484
B1119324203683N00041376EA0137301483
B1119334203689N00041375EA0137301483
B1119344203696N00041374EA0137201482
B1119354203702N00041371EA0137101481
B1119364203708N00041368EA0137001480
B1119374203714N00041365EA0137001479
B1119384203721N00041362EA0136901478
B1119394203726N00041358EA0136901478
B1119404203732N00041355EA0136701477
B1119414203737N00041350EA0136601476
B1119424203740N00041345EA0136201474
B1119434203742N00041339EA0136401473
B1119444203742N00041334EA0136201473
B1119454203740N00041330EA0136301472
B1119464203736N00041329EA0136201472
B1119474203733N00041329EA0136101471
B1119484203729N00041331EA0136101471
B1119494203725N00041334EA0136001471
B1119504203722N00041336EA0135901470
B1119514203718N00041337EA0135801468
B1119524203714N00041339EA0135601466
B1119534203709N00041341EA0135301464
B1119544203705N00041344EA0135101463
B1119554203700N00041348EA0135101462
B1119564203695N00041351EA0135101462
B1119574203691N00041353EA0135401463
B1119584203687N00041356EA0135701465
B1119594203683N00041358EA0135601466
B1120004203680N00041361EA0135801467
B1120014203676N00041365EA0135601466
B1120024203673N00041368EA0135501465
B1120034203669N00041373EA0135501465
B1120044203665N00041376EA0135401465
B1120054203660N00041380EA0135501465
B1120064203655N00041383EA0135601466
B1120074203651N00041387EA0135701466
B1120084203647N00041391EA0135701466
B1120094203643N00041395EA0135601466
B1120104203639N00041398EA0135401465
B1120114203635N00041401EA0135401463
B1120124203631N00041404EA0135201461
B1120134203626N00041407EA0135001460
B1120144203621N00041411EA0134901459
B1120154203615N00041414EA0134901459
B1120164203610N00041418EA0134801459
B1120174203605N00041422EA0134901460
B1120184203600N00041426EA0135201462
B1120194203595N00041431EA0135701464
B1120204203590N00041436EA0135701466
B1120214203586N00041441EA0135801468
B1120224203581N00041445EA0135901468
B1120234203577N00041450EA0135801469
B1120244203571N00041454EA0135901469
B1120254203566N00041459EA0136201471
B1120264203562N00041464EA0136501474
B1120274203558N00041468EA0136601476
B1120284203554N00041472EA0136501477
B1120294203550N00041476EA0136601477
B1120304203545N00041481EA0136501477
B1120314203539N00041486EA0136601478
B1120324203534N00041491EA0136901480
B1120334203529N00041496EA0137001482
B1120344203524N00041501EA0137101483
B1120354203520N00041506EA0137401485
B1120364203516N00041511EA0137401486
B1120374203512N00041517EA0137701487
B1120384203508N00041523EA0137601488
B1120394203504N00041529EA0137701488
B1120404203501N00041534EA0137401487
B1120414203497N00041539EA0137201485
B1120424203492N00041545EA0137001483
B1120434203487N00041551EA0137201483
B1120444203483N00041557EA0137201483
B1120454203479N00041563EA0137201483
B1120464203475N00041568EA0137001482
B1120474203471N00041574EA0136901481
B1120484203467N00041579EA0136701479
B1120494203463N00041586EA0136701478
B1120504203459N00041592EA0136601478
B1120514203456N00041597EA0136801478
B1120524203452N00041601EA0136701478
B1120534203450N00041605EA0136501477
B1120544203447N00041610EA0136401476
B1120554203443N00041615EA0136201474
B1120564203439N00041619EA0135901472
B1120574203435N00041624EA0136101471
B1120584203431N00041630EA0136101471
B1120594203427N00041634EA0136301472
B1121004203423N00041639EA0136301472
B1121014203419N00041644EA0136101471
B1121024203415N00041649EA0135801470
B1121034203410N00041655EA0135801469
B1121044203405N00041661EA0136101469
B1121054203400N00041666EA0136401472
B1121064203396N00041670EA0136501474
B1121074203392N00041674EA0136701476
B1121084203389N00041678EA0136501476
B1121094203385N00041683EA0136201474
B1121104203380N00041690EA0136201473
B1121114203374N00041698EA0136301474
B1121124203369N00041706EA0136801478
B1121134203364N00041712EA0137401482
B1121144203361N00041717EA0137601485
B1121154203358N00041722EA0137501485
B1121164203355N00041727EA0137101484
B1121174203351N00041734EA0136901480
B1121184203346N00041741EA0136601478
B1121194203342N00041747EA0136701477
B1121204203338N00041754EA0136901477
B1121214203334N00041759EA0136901478
B1121224203330N00041765EA0136801478
B1121234203327N00041771EA0136701476
B1121244203324N00041777EA0136401474
B1121254203320N00041784EA0136201472
B1121264203316N00041790EA0136101470
B1121274203312N00041796EA0136001469
B1121284203307N00041801EA0135901467
B1121294203303N00041807EA0135501466
B1121304203299N00041814EA0135401464
B1121314203295N00041822EA0135401463
B1121324203291N00041830EA0135601464
B1121334203288N00041837EA0135801465
B1121344203285N00041843EA0135901467
B1121354203282N00041849EA0135701467
B1121364203278N00041854EA0135701467
B1121374203273N00041859EA0135701467
B1121384203269N00041865EA0135801467
B1121394203264N00041870EA0135901469
B1121404203260N00041875EA0136301472
B1121414203257N00041880EA0136601474
B1121424203254N00041885EA0136801477
B1121434203251N00041890EA0137001478
B1121444203248N00041896EA0137001479
B1121454203245N00041901EA0137001480
B1121464203242N00041908EA0137001480
B1121474203238N00041914EA0137301481
B1121484203234N00041921EA0137501483
B1121494203231N00041927EA0137801486
B1121504203228N00041932EA0137901489
B1121514203225N00041938EA0138201491
B1121524203222N00041944EA0138101491
B1121534203218N00041951EA0138101492
B1121544203215N00041958EA0138301492
B1121554203211N00041965EA0138201492
B1121564203208N00041971EA0138401493
B1121574203205N00041978EA0138301492
B1121584203202N00041986EA0138101491
B1121594203199N00041994EA0137901490
B1122004203195N00042001EA0137601488
B1122014203191N00042008EA0137701487
B1122024203187N00042016EA0137601486
B1122034203184N00042023EA0137601486
B1122044203181N00042031EA0137501486
B1122054203179N00042038EA0137501485
B1122064203177N00042044EA0137301484
B1122074203174N00042051EA0137201483
B1122084203172N00042059EA0137001481
B1122094203169N00042066EA0136701479
B1122104203167N00042074EA0136701477
B1122114203164N00042082EA0136601476
B1122124203162N00042090EA0136501474
B1122134203159N00042097EA0136301473
B1122144203156N00042105EA0136101472
B1122154203153N00042112EA0136101471
B1122164203150N00042120EA0136101470
B1122174203147N00042128EA0136101470
B1122184203144N00042135EA0136001470
B1122194203142N00042143EA0136001470
B1122204203139N00042150EA0135901469
B1122214203137N00042158EA0135801468
B1122224203134N00042166EA0135601467
B1122234203132N00042174EA0135601466
B1122244203130N00042182EA0135501465
B1122254203128N00042190EA0135401464
B1122264203126N00042197EA0135201463
B1122274203124N00042205EA0135201462
B1122284203122N00042213EA0135201462
B1122294203120N00042222EA0135201462
B1122304203119N00042230EA0135201462
B1122314203117N00042238EA0135201463
B1122324203116N00042245EA0135401464
B1122334203114N00042253EA0135401465
B1122344203113N00042260EA0135501465
B1122354203112N00042267EA0135401464
B1122364203111N00042275EA0135301463
B1122374203109N00042282EA0135201463
B1122384203107N00042290EA0135201463
B1122394203106N00042298EA0135301463
B1122404203105N00042305EA0135401464
B1122414203103N00042313EA0135301464
B1122424203102N00042320EA0135201463
B1122434203101N00042327EA0135101462
B1122444203099N00042335EA0135001460
B1122454203098N00042343EA0134901459
B1122464203096N00042350EA0134701458
B1122474203094N00042358EA0134601457
B1122484203093N00042365EA0134601456
B1122494203091N00042373EA0134601456
B1122504203090N00042380EA0134501455
B1122514203088N00042386EA0134401454
B1122524203087N00042393EA0134201452
B1122534203086N00042400EA0133901449
B1122544203084N00042407EA0133501447
B1122554203082N00042415EA0133301444
B1122564203079N00042423EA0133101443
B1122574203076N00042432EA0133501443
B1122584203074N00042441EA0133701446
B1122594203072N00042448EA0134101448
B1123004203070N00042454EA0134301450
B1123014203069N00042460EA0134301452
B1123024203067N00042467EA0134301452
B1123034203066N00042474EA0134401453
B1123044203064N00042482EA0134701456
B1123054203063N00042489EA0134901459
B1123064203062N00042496EA0135501462
B1123074203061N00042502EA0135601465
B1123084203060N00042507EA0135601465
B1123094203060N00042512EA0135401464
B1123104203059N00042519EA0134901460
B1123114203058N00042526EA0134601457
B1123124203057N00042533EA0134601456
B1123134203055N00042541EA0134601455
B1123144203054N00042547EA0134701456
B1123154203052N00042554EA0134601455
B1123164203051N00042560EA0134701455
B1123174203050N00042566EA0134501454
B1123184203048N00042573EA0134301453
B1123194203046N00042580EA0134301452
B1123204203044N00042588EA0134401452
B1123214203043N00042596EA0134601454
B1123224203042N00042605EA0134701455
B1123234203040N00042613EA0134901457
B1123244203039N00042622EA0134901458
B1123254203038N00042630EA0135101459
B1123264203037N00042638EA0135101460
B1123274203036N00042647EA0135001460
B1123284203034N00042656EA0135201461
B1123294203033N00042666EA0135401463
B1123304203032N00042676EA0135701466
B1123314203031N00042684EA0136101469
B1123324203030N00042691EA0136201470
B1123334203029N00042698EA0136101470
B1123344203028N00042706EA0135901469
B1123354203027N00042715EA0135901469
B1123364203025N00042724EA0136101471
B1123374203024N00042733EA0136501473
B1123384203023N00042742EA0136801477
B1123394203022N00042749EA0137301481
B1123404203022N00042756EA0137601484
B1123414203021N00042763EA0137901487
B1123424203019N00042768EA0138001489
B1123434203016N00042773EA0137901490
B1123444203012N00042777EA0138001491
B1123454203006N00042778EA0138001491
B1123464203002N00042776EA0138001491
B1123474202998N00042771EA0138001491
B1123484202998N00042764EA0138001492
B1123494202999N00042758EA0138101493
B1123504203003N00042752EA0138501496
B1123514203007N00042750EA0138701499
B1123524203011N00042748EA0139101502
B1123534203015N00042747EA0139401505
B1123544203019N00042745EA0139601507
B1123554203022N00042743EA0139701508
B1123564203026N00042741EA0139701509
B1123574203029N00042737EA0139801510
B1123584203029N00042732EA0139701511
B1123594203029N00042727EA0139901511
B1124004203026N00042723EA0140001512
B1124014203023N00042721EA0140201513
B1124024203019N00042720EA0140201514
B1124034203014N00042723EA0140101514
B1124044203010N00042728EA0140101515
B1124054203007N00042735EA0140301515
B1124064203005N00042744EA0140301516
B1124074203005N00042753EA0140501517
B1124084203005N00042761EA0140401517
B1124094203005N00042770EA0140501517
B1124104203005N00042779EA0140601518
B1124114203004N00042788EA0140501519
B1124124203004N00042796EA0140801520
B1124134203003N00042805EA0141001521
B1124144203003N00042813EA0141101523
B1124154203002N00042822EA0141501527
B1124164203002N00042829EA0141801530
B1124174203001N00042836EA0142301534
B1124184203001N00042842EA0142501536
B1124194203001N00042847EA0142601538
B1124204203001N00042853EA0142601539
B1124214203000N00042861EA0142501539
B1124224203000N00042870EA0142601540
B1124234202999N00042880EA0143101544
B1124244202998N00042888EA0143701548
B1124254202997N00042895EA0143901552
B1124264202996N00042901EA0144001554
B1124274202996N00042906EA0144101554
B1124284202996N00042913EA0144001553
B1124294202996N00042921EA0143801553
B1124304202996N00042929EA0144101554
B1124314202996N00042937EA0144201556
B1124324202996N00042944EA0144401557
B1124334202996N00042950EA0144401558
B1124344202996N00042957EA0144201557
B1124354202997N00042965EA0144001556
B1124364202997N00042974EA0144001555
B1124374202997N00042983EA0144201555
B1124384202998N00042992EA0144101554
B1124394202998N00043001EA0143801553
B1124404202998N00043010EA0143701552
B1124414202998N00043020EA0143701552
B1124424202998N00043030EA0143701552
B1124434202998N00043039EA0143601551
B1124444202997N00043048EA0143501550
B1124454202996N00043058EA0143401548
B1124464202996N00043068EA0143201547
B1124474202996N00043078EA0143101546
B1124484202996N00043088EA0143101545
B1124494202995N00043098EA0143001544
B1124504202995N00043108EA0142801543
B1124514202995N00043118EA0142601541
B1124524202994N00043128EA0142401540
B1124534202993N00043139EA0142601539
B1124544202992N00043149EA0142801541
B1124554202992N00043159EA0142901542
B1124564202991N00043167EA0143001543
B1124574202990N00043175EA0142901543
B1124584202989N00043184EA0142801542
B1124594202988N00043194EA0142601541
B1125004202987N00043205EA0142801542
B1125014202986N00043215EA0143101543
B1125024202985N00043224EA0143401545
B1125034202984N00043233EA0143601547
B1125044202983N00043242EA0143501548
B1125054202983N00043251EA0143601548
B1125064202983N00043260EA0143401548
B1125074202982N00043270EA0143401548
B1125084202982N00043280EA0143501548
B1125094202981N00043289EA0143601549
B1125104202979N00043297EA0143601549
B1125114202978N00043306EA0143401549
B1125124202975N00043315EA0143501550
B1125134202973N00043324EA0143801551
B1125144202971N00043331EA0144101553
B1125154202970N00043337EA0144001554
B1125164202969N00043343EA0144001554
B1125174202969N00043350EA0143801552
B1125184202968N00043356EA0143501550
B1125194202967N00043364EA0143201548
B1125204202965N00043372EA0143201546
B1125214202963N00043380EA0143201546
B1125224202961N00043388EA0143401547
B1125234202960N00043395EA0143201546
B1125244202959N00043403EA0143401546
B1125254202957N00043410EA0143401546
B1125264202955N00043417EA0143201547
B1125274202952N00043424EA0143501547
B1125284202948N00043430EA0143401547
B1125294202946N00043437EA0143401548
B1125304202945N00043444EA0143501548
B1125314202944N00043450EA0143501548
B1125324202944N00043457EA0143301547
B1125334202943N00043464EA0143101545
B1125344202943N00043472EA0142701542
B1125354202942N00043481EA0142701540
B1125364202941N00043490EA0142501539
B1125374202940N00043498EA0142401538
B1125384202939N00043507EA0142301537
B1125394202938N00043515EA0142201536
B1125404202938N00043524EA0142301536
B1125414202937N00043532EA0142401537
B1125424202938N00043540EA0142301536
B1125434202938N00043548EA0142201536
B1125444202938N00043556EA0142101534
B1125454202938N00043565EA0141901533
B1125464202937N00043574EA0141601531
B1125474202938N00043584EA0141701530
B1125484202938N00043594EA0141701530
B1125494202938N00043603EA0141601529
B1125504202938N00043611EA0141401528
B1125514202938N00043620EA0141301527
B1125524202938N00043630EA0141001525
B1125534202938N00043640EA0141001523
B1125544202937N00043649EA0140901522
B1125554202937N00043659EA0140901522
B1125564202936N00043668EA0140901522
B1125574202936N00043677EA0140801522
B1125584202935N00043686EA0140801521
B1125594202935N00043694EA0140701520
B1126004202934N00043703EA0140501518
B1126014202934N00043713EA0140501517
B1126024202933N00043722EA0140501517
B1126034202933N00043732EA0140501517
B1126044202933N00043741EA0140301516
B1126054202933N00043749EA0140201515
B1126064202932N00043758EA0140101513
B1126074202932N00043767EA0139901511
B1126084202931N00043776EA0139701510
B1126094202930N00043786EA0139701509
B1126104202929N00043794EA0139701509
B1126114202928N00043803EA0139501507
B1126124202927N00043812EA0139301506
B1126134202926N00043820EA0139101504
B1126144202925N00043829EA0139101503
B1126154202924N00043838EA0138901501
B1126164202922N00043847EA0138901500
B1126174202921N00043857EA0138701499
B1126184202920N00043866EA0138601499
B1126194202918N00043875EA0138701498
B1126204202916N00043884EA0138501496
B1126214202915N00043893EA0138501495
B1126224202914N00043902EA0138101492
B1126234202912N00043911EA0137801490
B1126244202911N00043922EA0137601488
B1126254202909N00043933EA0138001488
B1126264202907N00043944EA0138501491
B1126274202906N00043954EA0138401494
B1126284202906N00043963EA0138801496
B1126294202905N00043971EA0138801496
B1126304202904N00043979EA0138401495
B1126314202902N00043988EA0138201493
B1126324202900N00043998EA0138101492
B1126334202897N00044008EA0138101493
B1126344202894N00044018EA0138501496
B1126354202891N00044027EA0139001500
B1126364202889N00044036EA0139501503
B1126374202888N00044044EA0139601505
B1126384202887N00044051EA0139701507
B1126394202886N00044057EA0139601507
B1126404202885N00044064EA0139401506
B1126414202883N00044072EA0139301504
B1126424202882N00044080EA0139201504
B1126434202880N00044088EA0139201503
B1126444202879N00044096EA0139301503
B1126454202877N00044103EA0139201503
B1126464202875N00044110EA0139201502
B1126474202874N00044118EA0138901501
B1126484202872N00044127EA0138901500
B1126494202870N00044136EA0138801499
B1126504202869N00044145EA0138801498
B1126514202867N00044153EA0138501497
B1126524202864N00044161EA0138301495
B1126534202861N00044168EA0138201494
B1126544202859N00044176EA0138201493
B1126554202856N00044183EA0138101492
B1126564202854N00044190EA0137901491
B1126574202851N00044198EA0137801490
B1126584202849N00044206EA0138001490
B1126594202846N00044213EA0138001490
B1127004202844N00044220EA0137901490
B1127014202842N00044227EA0137701489
B1127024202840N00044235EA0137601488
B1127034202837N00044242EA0137701488
B1127044202835N00044250EA0137801488
B1127054202832N00044257EA0137901490
B1127064202830N00044265EA0138001490
B1127074202828N00044272EA0138101490
B1127084202825N00044279EA0137801490
B1127094202823N00044286EA0137801489
B1127104202819N00044295EA0138001489
B1127114202817N00044303EA0138001490
B1127124202814N00044311EA0138301493
B1127134202813N00044319EA0138601495
B1127144202811N00044325EA0138601496
B1127154202809N00044332EA0138601496
B1127164202806N00044340EA0138601496
B1127174202804N00044347EA0138801497
B1127184202802N00044355EA0138901498
B1127194202800N00044363EA0138901499
B1127204202797N00044370EA0139301501
B1127214202795N00044377EA0139601504
B1127224202793N00044384EA0139601507
B1127234202790N00044390EA0139801509
B1127244202787N00044395EA0140001510
B1127254202784N00044400EA0140301512
B1127264202780N00044403EA0140201513
B1127274202776N00044404EA0140201514
B1127284202772N00044401EA0140301515
B1127294202771N00044396EA0140401516
B1127304202772N00044391EA0140801518
B1127314202775N00044387EA0141001520
B1127324202780N00044386EA0141101522
B1127334202786N00044385EA0141201524
B1127344202791N00044385EA0141601527
B1127354202796N00044383EA0141901530
B1127364202800N00044381EA0142201532
B1127374202802N00044378EA0142101533
B1127384202803N00044374EA0142001533
B1127394202802N00044370EA0142001533
B1127404202798N00044368EA0142101533
B1127414202794N00044370EA0141901532
B1127424202789N00044375EA0141801532
B1127434202785N00044383EA0142301534
B1127444202783N00044392EA0142601538
B1127454202783N00044400EA0143201543
B1127464202783N00044408EA0143401546
B1127474202783N00044414EA0143301547
B1127484202781N00044419EA0143001545
B1127494202778N00044424EA0142501541
B1127504202773N00044428EA0142501539
B1127514202768N00044434EA0142701541
B1127524202766N00044441EA0143101543
B1127534202765N00044448EA0143401546
B1127544202764N00044455EA0143501547
B1127554202764N00044461EA0143301546
B1127564202762N00044468EA0143201544
B1127574202761N00044476EA0142901543
B1127584202759N00044484EA0142701542
B1127594202758N00044492EA0142901542
B1128004202756N00044500EA0142901541
B1128014202753N00044507EA0142801541
B1128024202751N00044514EA0142701540
B1128034202748N00044522EA0142401538
B1128044202746N00044530EA0142301537
B1128054202744N00044539EA0142101535
B1128064202741N00044548EA0142101535
B1128074202738N00044556EA0142501537
B1128084202736N00044564EA0142901541
B1128094202734N00044572EA0143301545
B1128104202732N00044579EA0143501547
B1128114202731N00044587EA0143401548
B1128124202729N00044595EA0143301548
B1128134202727N00044603EA0143501549
B1128144202725N00044610EA0143701551
B1128154202723N00044616EA0144101553
B1128164202722N00044622EA0144101555
B1128174202722N00044627EA0144201554
B1128184202721N00044632EA0143901553
B1128194202720N00044638EA0143801552
B1128204202718N00044644EA0143701551
B1128214202717N00044651EA0143901552
B1128224202715N00044657EA0144101554
B1128234202713N00044663EA0144301556
B1128244202712N00044669EA0144301556
B1128254202711N00044674EA0144201556
B1128264202709N00044681EA0144001555
B1128274202707N00044687EA0144101554
B1128284202705N00044694EA0144001553
B1128294202703N00044700EA0144001554
B1128304202702N00044706EA0144101554
B1128314202701N00044712EA0144001554
B1128324202699N00044717EA0143901553
B1128334202698N00044722EA0143801551
B1128344202696N00044727EA0143601549
B1128354202694N00044733EA0143401547
B1128364202691N00044738EA0143101544
B1128374202689N00044744EA0142901543
B1128384202686N00044749EA0142701541
B1128394202684N00044754EA0142701539
B1128404202681N00044759EA0142501538
B1128414202678N00044763EA0142301536
B1128424202674N00044766EA0142201535
B1128434202670N00044770EA0142101534
B1128444202666N00044774EA0142101534
B1128454202662N00044777EA0142101533
B1128464202658N00044780EA0141801532
B1128474202654N00044783EA0141701530
B1128484202650N00044785EA0141601529
B1128494202645N00044788EA0141401528
B1128504202640N00044791EA0141301527
B1128514202635N00044794EA0141301526
B1128524202631N00044797EA0141201525
B1128534202626N00044799EA0141301526
B1128544202621N00044801EA0141501527
B1128554202617N00044802EA0141601528
B1128564202613N00044803EA0141701530
B1128574202609N00044804EA0141901531
B1128584202606N00044804EA0142001532
B1128594202603N00044806EA0141901532
B1129004202599N00044809EA0141701531
B1129014202595N00044813EA0141401529
B1129024202591N00044816EA0141301527
B1129034202585N00044819EA0141001525
B1129044202580N00044821EA0141101525
B1129054202575N00044823EA0141201524
B1129064202570N00044825EA0141001524
B1129074202565N00044827EA0140901522
B1129084202560N00044829EA0140701520
B1129094202555N00044831EA0140501519
B1129104202549N00044832EA0140601520
B1129114202543N00044834EA0141001521
B1129124202540N00044834EA0141201523
B1129134202537N00044834EA0141101523
B1129144202534N00044834EA0140901521
B1129154202530N00044834EA0140501519
B1129164202525N00044834EA0140501518
B1129174202519N00044834EA0140601518
B1129184202515N00044835EA0140901520
B1129194202511N00044835EA0141001521
B1129204202508N00044835EA0140901521
B1129214202504N00044836EA0140601519
B1129224202500N00044836EA0140301515
B1129234202495N00044838EA0139901513
B1129244202490N00044839EA0139901512
B1129254202485N00044840EA0139801510
B1129264202481N00044841EA0139801509
B1129274202477N00044842EA0139701508
B1129284202472N00044843EA0139501507
B1129294202468N00044843EA0139401505
B1129304202463N00044843EA0139201504
B1129314202458N00044842EA0139001504
B1129324202454N00044843EA0139401505
B1129334202450N00044843EA0139501506
B1129344202446N00044844EA0139601506
B1129354202443N00044845EA0139401506
B1129364202440N00044846EA0139301504
B1129374202436N00044847EA0139201503
B1129384202432N00044848EA0139001502
B1129394202428N00044850EA0139001501
B1129404202424N00044852EA0138901501
B1129414202420N00044853EA0138801499
B1129424202415N00044855EA0138601498
B1129434202409N00044858EA0138601497
B1129444202404N00044859EA0138901498
B1129454202400N00044861EA0138901499
B1129464202396N00044862EA0138801499
B1129474202391N00044864EA0138601497
B1129484202387N00044867EA0138201495
B1129494202382N00044870EA0138201494
B1129504202377N00044873EA0138201494
B1129514202372N00044876EA0138401494
B1129524202369N00044879EA0138501496
B1129534202365N00044882EA0138601496
B1129544202363N00044884EA0138601496
B1129554202361N00044887EA0138201494
B1129564202358N00044889EA0137801491
B1129574202354N00044891EA0137501487
B1129584202349N00044892EA0137401485
B1129594202345N00044893EA0137401485
B1130004202341N00044893EA0137501484
B1130014202339N00044893EA0137301483
B1130024202336N00044892EA0137101481
B1130034202333N00044892EA0136601477
B1130044202328N00044893EA0136001472
B1130054202323N00044894EA0135801469
B1130064202318N00044897EA0135701467
B1130074202313N00044899EA0135501465
B1130084202308N00044902EA0135401464
B1130094202304N00044904EA0135101462
B1130104202299N00044907EA0134701459
B1130114202293N00044910EA0134601456
B1130124202288N00044915EA0134501455
B1130134202283N00044920EA0134701455
B1130144202279N00044924EA0134701455
B1130154202275N00044927EA0134601454
B1130164202271N00044930EA0134201452
B1130174202267N00044933EA0133901449
B1130184202262N00044937EA0133701447
B1130194202257N00044941EA0133801446
B1130204202252N00044944EA0133701445
B1130214202247N00044947EA0133601444
B1130224202242N00044950EA0133401443
B1130234202237N00044952EA0133301442
B1130244202232N00044954EA0133201440
B1130254202228N00044955EA0133001438
B1130264202223N00044956EA0133001437
B1130274202218N00044956EA0133001436
B1130284202213N00044956EA0132801436
B1130294202209N00044956EA0132501434
B1130304202205N00044957EA0132601432
B1130314202201N00044958EA0132201430
B1130324202196N00044958EA0132101428
B1130334202191N00044957EA0131901427
B1130344202185N00044956EA0132201428
B1130354202180N00044955EA0132301429
B1130364202176N00044954EA0132401430
B1130374202172N00044953EA0132401431
B1130384202168N00044953EA0132301430
B1130394202165N00044953EA0131801427
B1130404202160N00044953EA0131401424
B1130414202155N00044953EA0131301420
B1130424202150N00044953EA0131201418
B1130434202145N00044954EA0131101417
B1130444202140N00044955EA0130901415
B1130454202136N00044956EA0130601413
B1130464202131N00044957EA0130201410
B1130474202126N00044958EA0130001408
B1130484202121N00044960EA0129901406
B1130494202116N00044962EA0130001405
B1130504202112N00044963EA0130001405
B1130514202108N00044965EA0129801404
B1130524202105N00044967EA0129601401
B1130534202101N00044969EA0129201398
B1130544202096N00044969EA0128901395
B1130554202092N00044970EA0128701393
B1130564202087N00044970EA0128701392
B1130574202083N00044971EA0128501390
B1130584202079N00044971EA0128401389
B1130594202075N00044972EA0128101386
B1131004202071N00044972EA0127801383
B1131014202067N00044972EA0127501381
B1131024202062N00044972EA0127301378
B1131034202057N00044973EA0127101376
B1131044202053N00044973EA0126901374
B1131054202048N00044973EA0126701372
B1131064202043N00044974EA0126701371
B1131074202039N00044975EA0126501369
B1131084202035N00044976EA0126301367
B1131094202030N00044977EA0126101365
B1131104202026N00044979EA0126001363
B1131114202022N00044982EA0125701361
B1131124202017N00044984EA0125501359
B1131134202013N00044986EA0125301357
B1131144202008N00044987EA0125301356
B1131154202003N00044989EA0125401355
B1131164201999N00044990EA0125301355
B1131174201995N00044993EA0125101353
B1131184201991N00044996EA0124801352
B1131194201987N00044999EA0124601350
B1131204201982N00045003EA0124701349
B1131214201978N00045007EA0124601348
B1131224201974N00045011EA0124601349
B1131234201970N00045015EA0124801349
B1131244201966N00045019EA0124701350
B1131254201963N00045023EA0124701349
B1131264201959N00045027EA0124501348
B1131274201955N00045031EA0124301346
B1131284201951N00045036EA0124101344
B1131294201947N00045040EA0124101343
B1131304201943N00045045EA0123901342
B1131314201939N00045049EA0123801340
B1131324201936N00045054EA0123801340
B1131334201932N00045059EA0123601339
B1131344201928N00045063EA0123701339
B1131354201924N00045067EA0123701339
B1131364201920N00045071EA0123701339
B1131374201916N00045074EA0123901340
B1131384201913N00045078EA0124001341
B1131394201909N00045082EA0124101343
B1131404201906N00045084EA0124301345
B1131414201904N00045086EA0124401345
B1131424201901N00045088EA0124201344
B1131434201898N00045092EA0124001343
B1131444201894N00045096EA0123901342
B1131454201891N00045101EA0124001342
B1131464201888N00045106EA0123901341
B1131474201885N00045111EA0123901341
B1131484201883N00045117EA0123801340
B1131494201881N00045123EA0123901340
B1131504201878N00045130EA0123801340
B1131514201875N00045138EA0124001341
B1131524201872N00045145EA0124301344
B1131534201869N00045151EA0124701348
B1131544201866N00045156EA0125101352
B1131554201863N00045160EA0125301355
B1131564201861N00045164EA0125501356
B1131574201857N00045167EA0125601357
B1131584201853N00045169EA0125501358
B1131594201849N00045169EA0125501358
B1132004201845N00045166EA0125401357
B1132014201843N00045159EA0125201356
B1132024201844N00045151EA0125301354
B1132034201847N00045143EA0125201354
B1132044201852N00045138EA0125301356
B1132054201858N00045136EA0125601356
B1132064201864N00045137EA0125501356
B1132074201869N00045140EA0125301356
B1132084201874N00045146EA0125601357
B1132094201877N00045154EA0125701358
B1132104201877N00045162EA0125701359
B1132114201875N00045169EA0125901360
B1132124201872N00045174EA0125901361
B1132134201868N00045178EA0126101362
B1132144201865N00045183EA0126201364
B1132154201862N00045188EA0126301365
B1132164201860N00045192EA0126301365
B1132174201858N00045197EA0126101364
B1132184201855N00045201EA0125901362
B1132194201852N00045207EA0125501359
B1132204201849N00045213EA0125401358
B1132214201846N00045220EA0125601358
B1132224201844N00045226EA0125701359
B1132234201841N00045232EA0125701359
B1132244201839N00045237EA0125601359
B1132254201837N00045242EA0125501358
B1132264201834N00045248EA0125301356
B1132274201831N00045253EA0125101354
B1132284201828N00045259EA0124901352
B1132294201824N00045266EA0124901352
B1132304201821N00045272EA0125201353
B1132314201818N00045279EA0125301355
B1132324201815N00045285EA0125501357
B1132334201812N00045289EA0125501358
B1132344201810N00045294EA0125501357
B1132354201808N00045300EA0125301356
B1132364201806N00045306EA0125101354
B1132374201804N00045313EA0125001353
B1132384201801N00045319EA0125001353
B1132394201798N00045325EA0125101352
B1132404201795N00045330EA0124901352
B1132414201792N00045337EA0124901351
B1132424201789N00045343EA0124901351
B1132434201785N00045349EA0124901352
B1132444201782N00045356EA0125001353
B1132454201780N00045362EA0125101354
B1132464201777N00045368EA0125301355
B1132474201774N00045374EA0125201355
B1132484201772N00045380EA0125401356
B1132494201768N00045385EA0125501357
B1132504201765N00045390EA0125401357
B1132514201762N00045395EA0125501358
B1132524201758N00045401EA0125601359
B1132534201755N00045406EA0125801362
B1132544201753N00045411EA0126101364
B1132554201751N00045416EA0126301365
B1132564201749N00045421EA0126201366
B1132574201747N00045426EA0126201365
B1132584201746N00045432EA0126201365
B1132594201743N00045438EA0126301364
B1133004201741N00045444EA0126001364
B1133014201737N00045449EA0126101364
B1133024201734N00045455EA0126101365
B1133034201731N00045460EA0126301365
B1133044201729N00045465EA0126201365
B1133054201727N00045471EA0126101364
B1133064201725N00045478EA0125901363
B1133074201723N00045486EA0125801361
B1133084201722N00045494EA0125801361
B1133094201720N00045502EA0125801361
B1133104201720N00045510EA0125801362
B1133114201719N00045518EA0125901361
B1133124201719N00045526EA0125801361
B1133134201718N00045534EA0125601359
B1133144201718N00045543EA0125401358
B1133154201718N00045551EA0125201357
B1133164201718N00045560EA0125201356
B1133174201718N00045568EA0125101355
B1133184201717N00045577EA0124801353
B1133194201717N00045586EA0124801352
B1133204201716N00045595EA0124701351
B1133214201715N00045604EA0124601350
B1133224201714N00045613EA0124501349
B1133234201714N00045622EA0124501349
B1133244201713N00045632EA0124501348
B1133254201713N00045641EA0124401348
B1133264201712N00045650EA0124401347
B1133274201712N00045659EA0124401346
B1133284201711N00045668EA0124201345
B1133294201711N00045678EA0124101344
B1133304201710N00045687EA0124101343
B1133314201709N00045696EA0124001343
B1133324201708N00045705EA0123901342
B1133334201708N00045714EA0123901341
B1133344201707N00045724EA0123801340
B1133354201707N00045733EA0123601339
B1133364201707N00045742EA0123501338
B1133374201706N00045752EA0123501337
B1133384201705N00045761EA0123401336
B1133394201704N00045771EA0123401336
B1133404201704N00045780EA0123301335
B1133414201703N00045790EA0123301335
B1133424201701N00045799EA0123201334
B1133434201700N00045808EA0123101334
B1133444201699N00045818EA0123101333
B1133454201698N00045827EA0123001332
B1133464201697N00045837EA0122901332
B1133474201696N00045846EA0122901332
B1133484201695N00045856EA0122801331
B1133494201694N00045866EA0122901331
B1133504201694N00045875EA0122801330
B1133514201693N00045885EA0122801329
B1133524201693N00045895EA0122501327
B1133534201692N00045906EA0122401326
B1133544201692N00045917EA0122301326
B1133554201691N00045929EA0122401326
B1133564201691N00045940EA0122501326
B1133574201690N00045951EA0122401326
B1133584201690N00045962EA0122501327
B1133594201689N00045972EA0122601327
B1134004201688N00045983EA0122601327
B1134014201688N00045993EA0122601328
B1134024201688N00046002EA0122501327
B1134034201687N00046013EA0122201326
B1134044201686N00046023EA0122101324
B1134054201686N00046034EA0122001322
B1134064201686N00046045EA0122001321
B1134074201686N00046056EA0121701320
B1134084201686N00046066EA0121701318
B1134094201685N00046076EA0121501317
B1134104201686N00046087EA0121301315
B1134114201686N00046097EA0121201313
B1134124201686N00046108EA0120901311
B1134134201686N00046119EA0120801309
B1134144201685N00046129EA0120801308
B1134154201684N00046139EA0120701307
B1134164201684N00046149EA0120601306
B1134174201683N00046160EA0120601305
B1134184201682N00046171EA0120301304
B1134194201680N00046182EA0120301304
B1134204201678N00046194EA0120501304
B1134214201676N00046204EA0120601305
B1134224201675N00046213EA0120701306
B1134234201673N00046222EA0120601306
B1134244201672N00046232EA0120501305
B1134254201670N00046243EA0120301304
B1134264201669N00046254EA0120701306
B1134274201668N00046264EA0121201309
B1134284201667N00046273EA0121401313
B1134294201666N00046280EA0121801316
B1134304201665N00046285EA0121901318
B1134314201663N00046291EA0121901317
B1134324201660N00046295EA0121601316
B1134334201656N00046297EA0121501315
B1134344201652N00046295EA0121301314
B1134354201649N00046291EA0121301312
B1134364201649N00046284EA0121201312
B1134374201651N00046278EA0121301312
B1134384201655N00046272EA0121701315
B1134394201659N00046268EA0122101319
B1134404201664N00046266EA0122501322
B1134414201669N00046266EA0122401323
B1134424201675N00046269EA0122201323
B1134434201682N00046275EA0122201322
B1134444201687N00046283EA0122401323
B1134454201690N00046293EA0122401323
B1134464201690N00046303EA0122301323
B1134474201687N00046312EA0122501324
B1134484201685N00046320EA0123101327
B1134494201683N00046326EA0123401331
B1134504201682N00046331EA0123401333
B1134514201680N00046334EA0123201333
B1134524201678N00046337EA0123101331
B1134534201674N00046338EA0122901330
B1134544201670N00046337EA0123101331
B1134554201668N00046333EA0123201332
B1134564201667N00046329EA0123401334
B1134574201668N00046324EA0123401334
B1134584201669N00046318EA0123401335
B1134594201670N00046313EA0123601335
B1135004201672N00046307EA0123801338
B1135014201674N00046302EA0124101340
B1135024201676N00046297EA0124301343
B1135034201676N00046293EA0124501345
B1135044201674N00046290EA0124601346
B1135054201672N00046288EA0124801347
B1135064201669N00046288EA0124801348
B1135074201665N00046290EA0124801349
B1135084201662N00046295EA0124801350
B1135094201660N00046302EA0124901350
B1135104201659N00046310EA0125201352
B1135114201661N00046318EA0125301353
B1135124201664N00046326EA0125301355
B1135134201669N00046332EA0125601357
B1135144201674N00046336EA0125801359
B1135154201680N00046337EA0125701360
B1135164201686N00046334EA0125601360
B1135174201691N00046329EA0125701360
B1135184201694N00046323EA0126001362
B1135194201696N00046318EA0126401365
B1135204201696N00046313EA0126701368
B1135214201695N00046310EA0126601370
B1135224201693N00046308EA0126701370
B1135234201690N00046307EA0126701370
B1135244201687N00046307EA0126701370
B1135254201684N00046308EA0126601370
B1135264201680N00046311EA0126801370
B1135274201678N00046316EA0126701370
B1135284201676N00046323EA0126701370
B1135294201675N00046331EA0126701371
B1135304201675N00046340EA0126701371
B1135314201677N00046348EA0127101374
B1135324201678N00046356EA0127501378
B1135334201681N00046362EA0127901381
B1135344201686N00046367EA0127901383
B1135354201691N00046371EA0128001384
B1135364201698N00046372EA0128101386
B1135374201704N00046370EA0128301388
B1135384201709N00046365EA0128601389
B1135394201711N00046360EA0128601390
B1135404201711N00046354EA0128601391
B1135414201710N00046349EA0128801392
B1135424201707N00046347EA0128701392
B1135434201704N00046346EA0128801392
B1135444201701N00046347EA0128601391
B1135454201697N00046350EA0128501390
B1135464201693N00046354EA0128401389
B1135474201690N00046360EA0128401388
B1135484201686N00046367EA0128601389
B1135494201684N00046376EA0128601391
B1135504201684N00046385EA0129101394
B1135514201687N00046393EA0129301398
B1135524201692N00046399EA0129701401
B1135534201697N00046403EA0129901404
B1135544201704N00046404EA0130101407
B1135554201710N00046402EA0130601410
B1135564201715N00046399EA0131001414
B1135574201719N00046394EA0131001417
B1135584201720N00046388EA0131101418
B1135594201719N00046382EA0131201418
B1136004201717N00046378EA0131201419
B1136014201713N00046376EA0131301419
B1136024201708N00046377EA0131301421
B1136034201704N00046380EA0131501422
B1136044201701N00046385EA0131501423
B1136054201698N00046391EA0131701424
B1136064201696N00046398EA0131701425
B1136074201695N00046407EA0131801426
B1136084201696N00046416EA0132101429
B1136094201699N00046424EA0132501431
B1136104201704N00046430EA0132501433
B1136114201709N00046434EA0132901436
B1136124201715N00046435EA0133001438
B1136134201721N00046432EA0133101439
B1136144201725N00046426EA0133101441
B1136154201728N00046419EA0133601444
B1136164201728N00046413EA0134001447
B1136174201727N00046408EA0134301451
B1136184201725N00046406EA0134501452
B1136194201722N00046406EA0134501453
B1136204201718N00046408EA0134401453
B1136214201715N00046411EA0134301452
B1136224201712N00046414EA0134401452
B1136234201709N00046419EA0134201451
B1136244201705N00046424EA0134101450
B1136254201702N00046432EA0134101450
B1136264201700N00046440EA0134201451
B1136274201701N00046449EA0134501453
B1136284201703N00046457EA0134701455
B1136294201708N00046463EA0134701457
B1136304201713N00046467EA0134801458
B1136314201719N00046469EA0135101459
B1136324201725N00046468EA0135301462
B1136334201731N00046465EA0135601464
B1136344201736N00046462EA0135701466
B1136354201740N00046457EA0135901467
B1136364201743N00046451EA0135901468
B1136374201745N00046445EA0135901469
B1136384201746N00046438EA0136101470
B1136394201745N00046432EA0136101472
B1136404201742N00046427EA0136501473
B1136414201740N00046425EA0136401474
B1136424201738N00046425EA0136301472
B1136434201736N00046425EA0135801469
B1136444201734N00046423EA0135101464
B1136454201731N00046419EA0134701459
B1136464201727N00046415EA0134601455
B1136474201722N00046414EA0134301453
B1136484201718N00046417EA0134201451
B1136494201714N00046423EA0133801448
B1136504201712N00046430EA0133701446
B1136514201710N00046438EA0133801445
B1136524201708N00046445EA0133801444
B1136534201707N00046452EA0133601443
B1136544201705N00046459EA0133501442
B1136554201703N00046466EA0133701443
B1136564201701N00046474EA0134001445
B1136574201699N00046481EA0134201448
B1136584201697N00046487EA0134601452
B1136594201694N00046493EA0134801455
B1137004201692N00046498EA0135201458
B1137014201690N00046504EA0135401460
B1137024201689N00046510EA0135601463
B1137034201687N00046516EA0135701465
B1137044201687N00046522EA0136001466
B1137054201687N00046528EA0135901467
B1137064201689N00046534EA0135901468
B1137074201693N00046540EA0135901468
B1137084201699N00046543EA0135901469
B1137094201706N00046543EA0136101471
B1137104201712N00046540EA0136501475
B1137114201716N00046535EA0137201480
B1137124201717N00046529EA0137701484
B1137134201716N00046523EA0137801487
B1137144201714N00046517EA0138001489
B1137154201711N00046512EA0138301492
B1137164201707N00046508EA0138601494
B1137174201704N00046505EA0138801497
B1137184201700N00046506EA0138901498
B1137194201697N00046508EA0138701498
B1137204201693N00046512EA0138801498
B1137214201691N00046518EA0138901499
B1137224201690N00046525EA0139001500
B1137234201690N00046531EA0139101501
B1137244201692N00046538EA0139301502
B1137254201695N00046543EA0139301503
B1137264201700N00046547EA0139401504
B1137274201705N00046549EA0139601505
B1137284201710N00046550EA0139601507
B1137294201715N00046548EA0139801509
B1137304201720N00046543EA0140001510
B1137314201723N00046536EA0140101513
B1137324201723N00046528EA0140501514
B1137334201721N00046522EA0140501515
B1137344201717N00046516EA0140401515
B1137354201712N00046513EA0140501515
B1137364201707N00046513EA0140601517
B1137374201704N00046513EA0140701519
B1137384201701N00046516EA0140801519
B1137394201698N00046519EA0140801519
B1137404201696N00046524EA0140701518
B1137414201693N00046529EA0140601518
B1137424201692N00046536EA0140601518
B1137434201691N00046544EA0140701518
B1137444201691N00046551EA0140901520
B1137454201691N00046558EA0141001521
B1137464201691N00046563EA0140901521
B1137474201691N00046570EA0140901520
B1137484201691N00046576EA0140701519
B1137494201691N00046584EA0140601518
B1137504201690N00046592EA0140501517
B1137514201690N00046600EA0140501517
B1137524201690N00046608EA0140701518
B1137534201689N00046615EA0140601518
B1137544201689N00046623EA0140701518
B1137554201689N00046632EA0140701519
B1137564201689N00046640EA0140801521
B1137574201688N00046648EA0141201523
B1137584201687N00046655EA0141201524
B1137594201685N00046661EA0141301525
B1138004201684N00046667EA0141501526
B1138014201682N00046674EA0141401526
B1138024201680N00046681EA0141501528
B1138034201679N00046688EA0141901530
B1138044201676N00046694EA0141801532
B1138054201673N00046700EA0142201535
B1138064201671N00046704EA0142401536
B1138074201668N00046709EA0142601537
B1138084201666N00046715EA0142401538
B1138094201664N00046721EA0142801539
B1138104201663N00046728EA0142701540
B1138114201662N00046736EA0142801541
B1138124201663N00046744EA0142901543
B1138134201664N00046752EA0143101544
B1138144201667N00046759EA0143401546
B1138154201671N00046764EA0143401548
B1138164201675N00046766EA0143401548
B1138174201680N00046766EA0143401548
B1138184201685N00046763EA0143501548
B1138194201689N00046759EA0143801550
B1138204201691N00046754EA0143801552
B1138214201692N00046748EA0143901553
B1138224201692N00046742EA0144001555
B1138234201690N00046736EA0144401557
B1138244201688N00046732EA0144701559
B1138254201685N00046729EA0144701560
B1138264201682N00046728EA0144701560
B1138274201677N00046729EA0144601560
B1138284201672N00046731EA0144801561
B1138294201667N00046735EA0144901562
B1138304201663N00046740EA0145101564
B1138314201660N00046747EA0145301566
B1138324201657N00046754EA0145301568
B1138334201656N00046762EA0145601570
B1138344201655N00046769EA0145801571
B1138354201654N00046776EA0145901572
B1138364201653N00046784EA0145901573
B1138374201653N00046792EA0145901574
B1138384201653N00046800EA0146001575
B1138394201652N00046809EA0146201576
B1138404201651N00046817EA0146301578
B1138414201650N00046826EA0146501579
B1138424201649N00046834EA0146801581
B1138434201648N00046842EA0146801583
B1138444201648N00046851EA0147001584
B1138454201646N00046860EA0147101586
B1138464201646N00046869EA0147301588
B1138474201645N00046878EA0147601590
B1138484201645N00046886EA0147601592
B1138494201644N00046894EA0147801592
B1138504201643N00046901EA0147701592
B1138514201641N00046910EA0147501592
B1138524201639N00046919EA0147501591
B1138534201638N00046928EA0147601591
B1138544201637N00046938EA0147501591
B1138554201636N00046946EA0147401591
B1138564201635N00046955EA0147501591
B1138574201634N00046963EA0147401590
B1138584201633N00046972EA0147301589
B1138594201632N00046981EA0147001588
B1139004201631N00046990EA0147101587
B1139014201631N00046999EA0146901586
B1139024201630N00047008EA0146901585
B1139034201629N00047018EA0146701585
B1139044201628N00047028EA0146801585
B1139054201627N00047038EA0146901585
B1139064201627N00047047EA0146901586
B1139074201626N00047056EA0147001586
B1139084201625N00047065EA0147001586
B1139094201625N00047075EA0147201588
B1139104201624N00047085EA0147401589
B1139114201624N00047094EA0147501591
B1139124201623N00047104EA0147501592
B1139134201623N00047114EA0147701593
B1139144201623N00047123EA0147601593
B1139154201624N00047133EA0147601593
B1139164201624N00047143EA0147601592
B1139174201625N00047153EA0147501592
B1139184201625N00047162EA0147601592
B1139194201626N00047172EA0147601593
B1139204201626N00047181EA0147801594
B1139214201627N00047190EA0148101596
B1139224201628N00047198EA0148101598
B1139234201629N00047206EA0148401599
B1139244201630N00047213EA0148401600
B1139254201631N00047221EA0148201600
B1139264201631N00047229EA0148201599
B1139274201631N00047238EA0148301600
B1139284201630N00047247EA0148401601
B1139294201629N00047255EA0148601602
B1139304201628N00047263EA0148501603
B1139314201627N00047271EA0148501603
B1139324201627N00047279EA0148701603
B1139334201627N00047287EA0148501602
B1139344201627N00047295EA0148301600
B1139354201627N00047303EA0148001597
B1139364201627N00047312EA0147601595
B1139374201627N00047320EA0147601593
B1139384201626N00047329EA0147401591
B1139394201626N00047337EA0147201588
B1139404201626N00047345EA0146901585
B1139414201625N00047353EA0146601583
B1139424201625N00047362EA0146301580
B1139434201625N00047371EA0146201578
B1139444201625N00047379EA0146301577
B1139454201625N00047387EA0146101577
B1139464201625N00047396EA0146201578
B1139474201626N00047404EA0146401579
B1139484201626N00047411EA0146401580
B1139494201626N00047419EA0146501580
B1139504201626N00047427EA0146401580
B1139514201626N00047436EA0146501580
B1139524201626N00047444EA0146501580
B1139534201625N00047453EA0146501581
B1139544201625N00047461EA0146701581
B1139554201625N00047470EA0146601581
B1139564201626N00047480EA0146501581
B1139574201626N00047489EA0146601582
B1139584201627N00047498EA0146801583
B1139594201628N00047507EA0147001584
B1140004201628N00047515EA0146901584
B1140014201628N00047523EA0146901584
B1140024201628N00047532EA0146801584
B1140034201628N00047541EA0146801584
B1140044201628N00047550EA0146901585
B1140054201628N00047559EA0147101585
B1140064201628N00047568EA0147101586
B1140074201628N00047577EA0147101586
B1140084201627N00047586EA0146901585
B1140094201627N00047595EA0146701583
B1140104201626N00047605EA0146701583
B1140114201626N00047614EA0147001584
B1140124201626N00047624EA0147101585
B1140134201627N00047634EA0147001586
B1140144201627N00047644EA0147201587
B1140154201628N00047653EA0147501590
B1140164201628N00047662EA0147801592
B1140174201628N00047671EA0148001595
B1140184201628N00047679EA0148101596
B1140194201629N00047687EA0148101597
B1140204201629N00047696EA0148001596
B1140214201629N00047706EA0148001596
B1140224201630N00047715EA0148101597
B1140234201632N00047724EA0148301599
B1140244201636N00047731EA0148701601
B1140254201640N00047735EA0148601601
B1140264201646N00047738EA0148701601
B1140274201651N00047740EA0148501601
B1140284201657N00047744EA0148601602
B1140294201661N00047750EA0148501602
B1140304201664N00047758EA0148601602
B1140314201665N00047766EA0148701602
B1140324201665N00047775EA0148801603
B1140334201665N00047783EA0149001605
B1140344201664N00047791EA0149001606
B1140354201663N00047799EA0149101607
B1140364201662N00047807EA0149101608
B1140374201661N00047814EA0149201609
B1140384201660N00047821EA0149201610
B1140394201659N00047829EA0149301610
B1140404201658N00047837EA0149201610
B1140414201658N00047846EA0149301609
B1140424201659N00047856EA0149101610
B1140434201659N00047865EA0149401611
B1140444201660N00047874EA0149501612
B1140454201660N00047882EA0149801614
B1140464201661N00047890EA0149801615
B1140474201661N00047899EA0149901615
B1140484201661N00047908EA0149801616
B1140494201661N00047917EA0149801616
B1140504201660N00047927EA0150101618
B1140514201659N00047936EA0150201620
B1140524201658N00047945EA0150401622
B1140534201658N00047954EA0150701625
B1140544201659N00047962EA0150901627
B1140554201658N00047970EA0151201629
B1140564201657N00047978EA0151301630
B1140574201656N00047986EA0151501631
B1140584201656N00047993EA0151501632
B1140594201656N00048001EA0151401632
B1141004201657N00048009EA0151501632
B1141014201657N00048018EA0151501632
B1141024201657N00048028EA0151401632
B1141034201657N00048038EA0151401633
B1141044201656N00048047EA0151601634
B1141054201656N00048055EA0151701634
B1141064201655N00048064EA0151601634
B1141074201655N00048073EA0151601634
B1141084201656N00048082EA0151701635
B1141094201656N00048092EA0152001636
B1141104201656N00048100EA0152201638
B1141114201656N00048108EA0152301640
B1141124201655N00048116EA0152101640
B1141134201655N00048124EA0152001639
B1141144201654N00048134EA0152001638
B1141154201654N00048144EA0151901638
B1141164201654N00048154EA0152001639
B1141174201653N00048164EA0152301641
B1141184201653N00048173EA0152401642
B1141194201652N00048181EA0152401643
B1141204201651N00048189EA0152401642
B1141214201649N00048199EA0152201642
B1141224201648N00048208EA0152301642
B1141234201647N00048217EA0152501643
B1141244201646N00048225EA0152501643
B1141254201645N00048232EA0152401642
B1141264201644N00048240EA0152101640
B1141274201644N00048248EA0151801637
B1141284201643N00048258EA0151701636
B1141294201643N00048268EA0151601635
B1141304201643N00048277EA0151601635
B1141314201643N00048286EA0151801635
B1141324201643N00048294EA0151601634
B1141334201643N00048303EA0151401633
B1141344201642N00048313EA0151201632
B1141354201641N00048322EA0151201631
B1141364201639N00048332EA0151201631
B1141374201638N00048341EA0151101630
B1141384201636N00048350EA0151101630
B1141394201636N00048359EA0151001629
B1141404201636N00048369EA0151101628
B1141414201636N00048378EA0150901628
B1141424201636N00048387EA0151001626
B1141434201637N00048397EA0150701624
B1141444201636N00048407EA0150401622
B1141454201636N00048417EA0150201621
B1141464201636N00048427EA0150201620
B1141474201637N00048437EA0150201619
B1141484201637N00048446EA0150101618
B1141494201637N00048456EA0149801616
B1141504201637N00048466EA0149601613
B1141514201636N00048476EA0149301611
B1141524201635N00048487EA0149301609
B1141534201633N00048497EA0149001608
B1141544201632N00048507EA0149001606
B1141554201630N00048517EA0148801604
B1141564201628N00048526EA0148501602
B1141574201626N00048536EA0148101599
B1141584201624N00048545EA0148101597
B1141594201622N00048555EA0147801595
B1142004201619N00048565EA0147701593
B1142014201617N00048574EA0147501591
B1142024201615N00048584EA0147201589
B1142034201613N00048594EA0147001587
B1142044201611N00048604EA0146801584
B1142054201610N00048613EA0146501582
B1142064201608N00048623EA0146301579
B1142074201606N00048633EA0146101577
B1142084201605N00048643EA0145701574
B1142094201605N00048653EA0145601571
B1142104201604N00048664EA0145101568
B1142114201604N00048675EA0144901566
B1142124201603N00048686EA0144701563
B1142134201603N00048696EA0144501561
B1142144201602N00048707EA0144401559
B1142154201602N00048717EA0144201556
B1142164201602N00048727EA0143701553
B1142174201601N00048738EA0143401550
B1142184201601N00048749EA0143201548
B1142194201601N00048759EA0143001545
B1142204201602N00048770EA0142801543
B1142214201602N00048780EA0142501540
B1142224201603N00048791EA0142101537
B1142234201603N00048802EA0141801534
B1142244201603N00048812EA0141601531
B1142254201603N00048823EA0141401529
B1142264201603N00048834EA0141301526
B1142274201603N00048844EA0141001524
B1142284201603N00048854EA0140701522
B1142294201603N00048864EA0140301518
B1142304201603N00048875EA0140001515
B1142314201603N00048886EA0139901513
B1142324201603N00048897EA0139801511
B1142334201604N00048907EA0139601509
B1142344201604N00048918EA0139401507
B1142354201605N00048928EA0139201505
B1142364201604N00048938EA0138901503
B1142374201604N00048948EA0138601500
B1142384201604N00048959EA0138301497
B1142394201603N00048970EA0138201495
B1142404201603N00048981EA0138001494
B1142414201602N00048991EA0137801492
B1142424201602N00049002EA0137801490
B1142434201602N00049012EA0137501488
B1142444201602N00049023EA0137301485
B1142454201602N00049034EA0137001483
B1142464201602N00049045EA0136801481
B1142474201602N00049056EA0136601479
B1142484201603N00049067EA0136501477
B1142494201604N00049077EA0136301476
B1142504201605N00049088EA0136101474
B1142514201606N00049099EA0136001472
B1142524201607N00049110EA0135801471
B1142534201608N00049121EA0135801469
B1142544201609N00049132EA0135701468
B1142554201610N00049142EA0135601467
B1142564201611N00049153EA0135301465
B1142574201612N00049163EA0135201464
B1142584201613N00049174EA0134901462
B1142594201613N00049185EA0134901460
B1143004201614N00049196EA0134601458
B1143014201614N00049207EA0134501456
B1143024201614N00049218EA0134201454
B1143034201613N00049229EA0134001452
B1143044201613N00049240EA0133901451
B1143054201613N00049251EA0133901449
B1143064201612N00049262EA0133801448
B1143074201611N00049272EA0133501446
B1143084201610N00049282EA0133301444
B1143094201608N00049293EA0133201442
B1143104201607N00049304EA0133101440
B1143114201606N00049315EA0132901439
B1143124201605N00049326EA0132801438
B1143134201604N00049336EA0132801437
B1143144201603N00049347EA0132601436
B1143154201602N00049357EA0132501435
B1143164201601N00049368EA0132201433
B1143174201600N00049379EA0132201431
B1143184201599N00049390EA0132001430
B1143194201598N00049401EA0132101430
B1143204201597N00049412EA0131901429
B1143214201596N00049422EA0131901428
B1143224201595N00049433EA0131801427
B1143234201595N00049444EA0131701426
B1143244201594N00049455EA0131601425
B1143254201593N00049465EA0131501424
B1143264201592N00049476EA0131401423
B1143274201591N00049486EA0131301422
B1143284201590N00049497EA0131201421
B1143294201589N00049509EA0131201420
B1143304201588N00049520EA0131101419
B1143314201587N00049531EA0131001419
B1143324201587N00049542EA0131101420
B1143334201586N00049553EA0131101420
B1143344201585N00049564EA0131101420
B1143354201584N00049575EA0131101420
B1143364201582N00049586EA0131001420
B1143374201581N00049598EA0131201421
B1143384201580N00049610EA0131401422
B1143394201579N00049621EA0131501424
B1143404201578N00049633EA0131701426
B1143414201578N00049644EA0131901427
B1143424201577N00049656EA0132001428
B1143434201576N00049667EA0132001429
B1143444201575N00049678EA0131901429
B1143454201574N00049690EA0131901429
B1143464201573N00049702EA0131901429
B1143474201572N00049713EA0132001429
B1143484201570N00049723EA0132001428
B1143494201569N00049734EA0131701427
B1143504201567N00049745EA0131601425
B1143514201566N00049756EA0131301423
B1143524201565N00049767EA0131301422
B1143534201563N00049779EA0131101420
B1143544201561N00049790EA0131001419
B1143554201560N00049802EA0130901419
B1143564201560N00049813EA0131001418
B1143574201559N00049824EA0131001418
B1143584201558N00049834EA0130801416
B1143594201556N00049845EA0130501414
B1144004201555N00049857EA0130401413
B1144014201554N00049868EA0130601412
B1144024201553N00049879EA0130501413
B1144034201553N00049890EA0130501413
B1144044201552N00049900EA0130401412
B1144054201551N00049911EA0130101410
B1144064201550N00049922EA0130101409
B1144074201549N00049932EA0130101408
B1144084201548N00049942EA0130001407
B1144094201546N00049952EA0129801406
B1144104201545N00049962EA0129601404
B1144114201543N00049972EA0129501402
B1144124201541N00049982EA0129401400
B1144134201539N00049993EA0129001398
B1144144201538N00050004EA0128901396
B1144154201536N00050015EA0128701394
B1144164201534N00050025EA0128601393
B1144174201532N00050036EA0128601392
B1144184201531N00050046EA0128401391
B1144194201529N00050056EA0128301389
B1144204201528N00050067EA0128101387
B1144214201526N00050077EA0127801386
B1144224201524N00050088EA0127801384
B1144234201522N00050099EA0127801383
B1144244201520N00050109EA0127701382
B1144254201518N00050119EA0127601381
B1144264201516N00050129EA0127301379
B1144274201515N00050139EA0127001377
B1144284201513N00050150EA0127001375
B1144294201511N00050160EA0126901374
B1144304201509N00050170EA0126601372
B1144314201507N00050181EA0126501371
B1144324201505N00050191EA0126401369
B1144334201503N00050202EA0126301368
B1144344201502N00050212EA0126201366
B1144354201500N00050222EA0126001365
B1144364201498N00050232EA0125901363
B1144374201497N00050242EA0125601361
B1144384201495N00050252EA0125301359
B1144394201494N00050263EA0125201357
B1144404201492N00050274EA0125001355
B1144414201491N00050285EA0125201355
B1144424201490N00050295EA0125201355
B1144434201489N00050305EA0125001354
B1144444201487N00050314EA0124901353
B1144454201486N00050324EA0124601351
B1144464201485N00050335EA0124401349
B1144474201483N00050345EA0124401347
B1144484201481N00050355EA0124301346
B1144494201479N00050365EA0124101345
B1144504201478N00050375EA0124201345
B1144514201476N00050385EA0124101344
B1144524201474N00050396EA0124001343
B1144534201472N00050406EA0124001342
B1144544201469N00050416EA0123801341
B1144554201467N00050426EA0123801341
B1144564201465N00050436EA0123701340
B1144574201463N00050446EA0123901340
B1144584201461N00050457EA0123601339
B1144594201459N00050467EA0123601339
B1145004201457N00050477EA0123501338
B1145014201455N00050487EA0123501338
B1145024201454N00050498EA0123601338
B1145034201452N00050507EA0123601338
B1145044201451N00050517EA0123501337
B1145054201450N00050527EA0123401336
B1145064201449N00050537EA0123301335
B1145074201448N00050547EA0123101334
B1145084201447N00050557EA0123101333
B1145094201446N00050568EA0123001332
B1145104201445N00050578EA0122801330
B1145114201443N00050588EA0122701329
B1145124201442N00050597EA0122601327
B1145134201440N00050607EA0122401325
B1145144201438N00050617EA0122301324
B1145154201436N00050627EA0122201323
B1145164201434N00050637EA0122001322
B1145174201432N00050647EA0121801321
B1145184201431N00050657EA0121801319
B1145194201429N00050667EA0121701319
B1145204201427N00050677EA0121601318
B1145214201425N00050687EA0121501317
B1145224201423N00050697EA0121501316
B1145234201422N00050707EA0121601316
B1145244201420N00050716EA0121401315
B1145254201418N00050726EA0121401315
B1145264201416N00050735EA0121201313
B1145274201414N00050745EA0121201312
B1145284201412N00050755EA0121001311
B1145294201411N00050765EA0121001310
B1145304201409N00050774EA0120801309
B1145314201407N00050784EA0120601307
B1145324201404N00050794EA0120401306
B1145334201402N00050803EA0120601306
B1145344201400N00050812EA0120401305
B1145354201398N00050822EA0120401304
B1145364201396N00050830EA0120201303
B1145374201394N00050839EA0120201301
B1145384201392N00050848EA0120001300
B1145394201390N00050857EA0119701298
B1145404201387N00050867EA0119701297
B1145414201385N00050876EA0119501296
B1145424201383N00050886EA0119501295
B1145434201381N00050895EA0119401294
B1145444201380N00050905EA0119301293
B1145454201378N00050914EA0119101292
B1145464201377N00050923EA0119201291
B1145474201375N00050933EA0119001290
B1145484201373N00050943EA0118901289
B1145494201371N00050952EA0118701287
B1145504201370N00050962EA0118801286
B1145514201368N00050971EA0118601286
B1145524201367N00050981EA0118601285
B1145534201365N00050990EA0118501284
B1145544201363N00050999EA0118401283
B1145554201362N00051008EA0118101281
B1145564201360N00051017EA0118001279
B1145574201358N00051027EA0117901277
B1145584201357N00051037EA0117801276
B1145594201355N00051046EA0117601275
B1146004201354N00051055EA0117401273
B1146014201353N00051064EA0117301271
B1146024201351N00051073EA0117101269
B1146034201349N00051082EA0116901268
B1146044201347N00051091EA0116801266
B1146054201345N00051100EA0116601265
B1146064201343N00051109EA0116701264
B1146074201341N00051118EA0116401263
B1146084201340N00051126EA0116401261
B1146094201338N00051135EA0116101259
B1146104201336N00051143EA0115801256
B1146114201334N00051152EA0115601254
B1146124201332N00051161EA0115301252
B1146134201330N00051171EA0115201250
B1146144201328N00051180EA0115201249
B1146154201326N00051188EA0115101247
B1146164201324N00051197EA0114901246
B1146174201322N00051206EA0114701244
B1146184201321N00051215EA0114501242
B1146194201319N00051223EA0114301240
B1146204201318N00051233EA0114101238
B1146214201316N00051242EA0113901236
B1146224201315N00051251EA0113701234
B1146234201313N00051260EA0113601232
B1146244201312N00051269EA0113401231
B1146254201311N00051278EA0113301229
B1146264201309N00051287EA0113101227
B1146274201307N00051296EA0112801225
B1146284201305N00051305EA0112701223
B1146294201303N00051313EA0112401221
B1146304201301N00051322EA0112401219
B1146314201299N00051330EA0112301218
B1146324201297N00051338EA0112001216
B1146334201294N00051346EA0111801214
B1146344201292N00051355EA0111701212
B1146354201290N00051363EA0111501211
B1146364201288N00051371EA0111501209
B1146374201285N00051380EA0111301207
B1146384201284N00051388EA0111001206
B1146394201282N00051397EA0110801204
B1146404201280N00051405EA0110601202
B1146414201278N00051414EA0110601200
B1146424201277N00051423EA0110501198
B1146434201275N00051431EA0110301197
B1146444201273N00051440EA0110001195
B1146454201271N00051449EA0109801193
B1146464201269N00051458EA0109701192
B1146474201267N00051467EA0109701191
B1146484201266N00051476EA0109601190
B1146494201264N00051484EA0109601189
B1146504201263N00051492EA0109301188
B1146514201261N00051501EA0109201186
B1146524201259N00051510EA0108801183
B1146534201257N00051520EA0108801181
B1146544201256N00051529EA0108601180
B1146554201254N00051539EA0108701180
B1146564201252N00051547EA0108701180
B1146574201251N00051556EA0108501178
B1146584201249N00051564EA0108401177
B1146594201247N00051573EA0108101175
B1147004201245N00051581EA0107901173
B1147014201243N00051591EA0107801171
B1147024201240N00051599EA0107601169
B1147034201238N00051608EA0107501168
B1147044201235N00051617EA0107501166
B1147054201233N00051625EA0107301165
B1147064201231N00051634EA0107001163
B1147074201228N00051643EA0107001162
B1147084201226N00051651EA0106801160
B1147094201224N00051660EA0106601159
B1147104201221N00051669EA0106601157
B1147114201219N00051677EA0106501156
B1147124201216N00051686EA0106201154
B1147134201214N00051694EA0106101153
B1147144201212N00051703EA0106001151
B1147154201209N00051711EA0106001150
B1147164201206N00051719EA0105701148
B1147174201203N00051727EA0105501147
B1147184201199N00051734EA0105401145
B1147194201195N00051739EA0105301144
B1147204201190N00051742EA0104901142
B1147214201186N00051743EA0104901140
B1147224201181N00051742EA0104701138
B1147234201177N00051739EA0104701137
B1147244201174N00051736EA0104601136
B1147254201172N00051732EA0104501135
B1147264201170N00051728EA0104301133
B1147274201169N00051723EA0104101132
B1147284201168N00051718EA0104001130
B1147294201167N00051713EA0103901128
B1147304201165N00051707EA0103701127
B1147314201164N00051702EA0103801126
B1147324201163N00051697EA0103601125
B1147334201163N00051692EA0103501124
B1147344201162N00051686EA0103401123
B1147354201161N00051681EA0103301122
B1147364201161N00051676EA0103201120
B1147374201161N00051670EA0102901119
B1147384201160N00051664EA0102801117
B1147394201160N00051659EA0102601115
B1147404201160N00051653EA0102501114
B1147414201159N00051647EA0102401113
B1147424201159N00051641EA0102201112
B1147434201159N00051636EA0102201110
B1147444201159N00051630EA0102101109
B1147454201159N00051624EA0101801107
B1147464201159N00051618EA0101701105
B1147474201159N00051612EA0101401103
B1147484201159N00051606EA0101401102
B1147494201159N00051600EA0101401101
B1147504201159N00051594EA0101201101
B1147514201159N00051588EA0101301100
B1147524201158N00051582EA0101201100
B1147534201158N00051576EA0101001099
B1147544201158N00051570EA0101101098
B1147554201157N00051564EA0101001098
B1147564201157N00051558EA0101001097
B1147574201156N00051551EA0100901097
B1147584201156N00051544EA0100901097
B1147594201155N00051538EA0100901096
B1148004201155N00051531EA0100901095
B1148014201154N00051525EA0100801094
B1148024201154N00051518EA0100601093
B1148034201153N00051512EA0100401092
B1148044201153N00051506EA0100201090
B1148054201152N00051499EA0100001088
B1148064201152N00051492EA0100001087
B1148074201152N00051486EA0099801086
B1148084201152N00051480EA0099701084
B1148094201152N00051474EA0099501083
B1148104201152N00051467EA0099301081
B1148114201152N00051461EA0099301079
B1148124201152N00051454EA0099101077
B1148134201152N00051448EA0098901075
B1148144201152N00051441EA0098701074
B1148154201152N00051435EA0098501072
B1148164201152N00051428EA0098401070
B1148174201152N00051422EA0098201069
B1148184201152N00051415EA0098101067
B1148194201152N00051408EA0097901066
B1148204201152N00051401EA0097801064
B1148214201151N00051395EA0097701063
B1148224201151N00051389EA0097601061
B1148234201151N00051382EA0097401059
B1148244201152N00051376EA0097101057
B1148254201152N00051369EA0096901055
B1148264201152N00051361EA0096801053
B1148274201153N00051354EA0096701051
B1148284201154N00051347EA0096501050
B1148294201155N00051340EA0096201048
B1148304201155N00051333EA0096101045
B1148314201156N00051326EA0095801043
B1148324201156N00051319EA0095701041
B1148334201155N00051311EA0095701040
B1148344201155N00051304EA0095501039
B1148354201155N00051297EA0095301037
B1148364201154N00051291EA0095201036
B1148374201154N00051284EA0094901034
B1148384201153N00051276EA0094801032
B1148394201153N00051269EA0094701031
B1148404201152N00051262EA0094501029
B1148414201152N00051255EA0094401027
B1148424201152N00051248EA0094201025
B1148434201151N00051241EA0094001024
B1148444201150N00051234EA0093901022
B1148454201150N00051227EA0093801021
B1148464201149N00051221EA0093601019
B1148474201148N00051214EA0093501018
B1148484201146N00051207EA0093401017
B1148494201145N00051200EA0093301015
B1148504201143N00051193EA0093001013
B1148514201141N00051186EA0092901012
B1148524201138N00051178EA0092901011
B1148534201136N00051171EA0092901011
B1148544201134N00051164EA0093001011
B1148554201133N00051157EA0092901011
B1148564201131N00051150EA0092801010
B1148574201129N00051143EA0092701009
B1148584201128N00051136EA0092601009
B1148594201126N00051128EA0092601008
B1149004201124N00051121EA0092701008
B1149014201122N00051115EA0092601007
B1149024201119N00051109EA0092601007
B1149034201116N00051104EA0092501006
B1149044201114N00051098EA0092501005
B1149054201111N00051092EA0092301004
B1149064201108N00051085EA0092101002
B1149074201106N00051078EA0092201001
B1149084201104N00051071EA0092101001
B1149094201102N00051064EA0092101001
B1149104201101N00051058EA0092001001
B1149114201100N00051052EA0091801000
B1149124201098N00051045EA0091700999
B1149134201097N00051038EA0091700997
B1149144201095N00051032EA0091500996
B1149154201093N00051026EA0091700996
B1149164201091N00051021EA0091800997
B1149174201089N00051016EA0091700997
B1149184201087N00051012EA0091700996
B1149194201085N00051007EA0091600996
B1149204201083N00051001EA0091500995
B1149214201082N00050995EA0091400995
B1149224201080N00050989EA0091600995
B1149234201080N00050984EA0091500994
B1149244201079N00050979EA0091400994
B1149254201079N00050975EA0091300992
B1149264201078N00050970EA0091000991
B1149274201078N00050966EA0090900989
B1149284201078N00050960EA0090600987
B1149294201077N00050955EA0090700986
B1149304201077N00050950EA0090500985
B1149314201076N00050945EA0090500984
B1149324201075N00050941EA0090500984
B1149334201075N00050936EA0090200982
B1149344201074N00050932EA0090200981
B1149354201074N00050927EA0090000979
B1149364201073N00050922EA0089900978
B1149374201072N00050918EA0089800977
B1149384201071N00050913EA0089900978
B1149394201069N00050909EA0090100979
B1149404201067N00050906EA0090200980
B1149414201066N00050902EA0090100979
B1149424201065N00050898EA0089800977
B1149434201064N00050893EA0089500974
B1149444201063N00050887EA0089200971
B1149454201061N00050881EA0089000969
B1149464201060N00050874EA0089000968
B1149474201058N00050868EA0088900968
B1149484201057N00050863EA0089100968
B1149494201056N00050858EA0088800967
B1149504201054N00050854EA0088700966
B1149514201053N00050848EA0088500964
B1149524201051N00050842EA0088300962
B1149534201050N00050835EA0088300960
B1149544201048N00050828EA0088400960
B1149554201047N00050821EA0088600962
B1149564201046N00050816EA0088600963
B1149574201044N00050811EA0088600963
B1149584201042N00050806EA0088500963
B1149594201040N00050800EA0088400962
B1150004201038N00050795EA0088300962
B1150014201036N00050788EA0088500962
B1150024201034N00050782EA0088600963
B1150034201032N00050776EA0088600963
B1150044201029N00050771EA0088600964
B1150054201026N00050766EA0088500964
B1150064201022N00050761EA0088700964
B1150074201019N00050757EA0088600965
B1150084201016N00050753EA0088800965
B1150094201013N00050749EA0088800965
B1150104201011N00050745EA0088600965
B1150114201008N00050742EA0088500963
B1150124201004N00050739EA0088500962
B1150134201001N00050737EA0088400961
B1150144200997N00050735EA0088200960
B1150154200993N00050733EA0088000959
B1150164200989N00050732EA0087900956
B1150174200985N00050730EA0087400954
B1150184200981N00050727EA0087200951
B1150194200976N00050724EA0087200949
B1150204200972N00050720EA0087000948
B1150214200969N00050716EA0087000947
B1150224200965N00050713EA0087100947
B1150234200962N00050709EA0086900946
B1150244200959N00050706EA0086900946
B1150254200956N00050701EA0086700945
B1150264200954N00050696EA0086600944
B1150274200952N00050692EA0086600943
B1150284200951N00050687EA0086400942
B1150294200949N00050682EA0086100940
B1150304200948N00050676EA0086100938
B1150314200947N00050670EA0086000937
B1150324200945N00050664EA0086000937
B1150334200944N00050659EA0086100936
B1150344200943N00050654EA0085900935
B1150354200943N00050649EA0085700934
B1150364200942N00050643EA0085500931
B1150374200941N00050637EA0085300929
B1150384200940N00050631EA0085200928
B1150394200939N00050625EA0085100928
B1150404200938N00050619EA0085300928
B1150414200938N00050615EA0085400929
B1150424200938N00050611EA0085400929
B1150434200939N00050606EA0085200927
B1150444200939N00050602EA0084900926
B1150454200940N00050596EA0084800924
B1150464200941N00050590EA0084800923
B1150474200943N00050584EA0084700923
B1150484200944N00050579EA0084700923
B1150494200946N00050574EA0084700922
B1150504200947N00050569EA0084500921
B1150514200948N00050563EA0084100918
B1150524200950N00050557EA0084100917
B1150534200952N00050550EA0084100916
B1150544200954N00050544EA0084300917
B1150554200954N00050539EA0084200917
B1150564200955N00050534EA0084200917
B1150574200956N00050529EA0083900916
B1150584200957N00050523EA0083800914
B1150594200958N00050516EA0083700912
B1151004200958N00050509EA0083800912
B1151014200958N00050503EA0083600911
B1151024200959N00050497EA0083600911
B1151034200960N00050491EA0083500910
B1151044200960N00050484EA0083400908
B1151054200961N00050477EA0083200907
B1151064200962N00050471EA0083100906
B1151074200962N00050464EA0083000905
B1151084200963N00050457EA0083000904
B1151094200964N00050451EA0082800904
B1151104200964N00050444EA0082700903
B1151114200965N00050438EA0082600901
B1151124200965N00050432EA0082400900
B1151134200966N00050425EA0082200898
B1151144200966N00050418EA0082000896
B1151154200966N00050411EA0081900895
B1151164200967N00050404EA0081900894
B1151174200967N00050397EA0081900894
B1151184200967N00050390EA0081700893
B1151194200967N00050383EA0081600892
B1151204200968N00050376EA0081600890
B1151214200968N00050369EA0081500889
B1151224200968N00050362EA0081500889
B1151234200968N00050355EA0081500889
B1151244200969N00050348EA0081400889
B1151254200971N00050342EA0081600889
B1151264200972N00050335EA0081500889
B1151274200973N00050329EA0081300887
B1151284200973N00050322EA0081200885
B1151294200974N00050316EA0081000884
B1151304200975N00050309EA0080900883
B1151314200976N00050303EA0080700881
B1151324200976N00050297EA0080600880
B1151334200977N00050290EA0080400878
B1151344200978N00050284EA0080200876
B1151354200978N00050277EA0079900874
B1151364200979N00050270EA0079900872
B1151374200979N00050263EA0079700870
B1151384200980N00050257EA0079500868
B1151394200980N00050251EA0079300866
B1151404200981N00050244EA0079100864
B1151414200981N00050238EA0078800862
B1151424200982N00050231EA0078600859
B1151434200982N00050225EA0078300856
B1151444200982N00050218EA0078100854
B1151454200983N00050211EA0078000852
B1151464200984N00050204EA0077700850
B1151474200985N00050198EA0077600848
B1151484200987N00050192EA0077300845
B1151494200989N00050185EA0077100843
B1151504200991N00050178EA0076800840
B1151514200992N00050170EA0076500838
B1151524200994N00050163EA0076300835
B1151534200995N00050156EA0076200834
B1151544200996N00050149EA0076000832
B1151554200997N00050143EA0075900830
B1151564200997N00050138EA0075700828
B1151574200998N00050132EA0075400825
B1151584200998N00050126EA0075000821
B1151594200999N00050120EA0074800818
B1152004200999N00050115EA0074400815
B1152014201000N00050109EA0074000811
B1152024201000N00050102EA0073500806
B1152034201000N00050096EA0073200803
B1152044200999N00050089EA0073000799
B1152054200999N00050083EA0072700796
B1152064200998N00050077EA0072400793
B1152074200996N00050071EA0072200790
B1152084200994N00050065EA0071800787
B1152094200991N00050061EA0071600784
B1152104200987N00050056EA0071500782
B1152114200984N00050052EA0071200779
B1152124200981N00050048EA0071000777
B1152134200977N00050043EA0070700775
B1152144200973N00050039EA0070400772
B1152154200970N00050035EA0070300771
B1152164200966N00050031EA0070300769
B1152174200962N00050027EA0070200768
B1152184200959N00050023EA0070100767
B1152194200956N00050018EA0069900765
B1152204200952N00050012EA0069800764
B1152214200950N00050007EA0069700763
B1152224200947N00050001EA0069500761
B1152234200944N00049995EA0069200759
B1152244200941N00049989EA0069100757
B1152254200939N00049983EA0068900755
B1152264200936N00049977EA0068800753
B1152274200934N00049971EA0068600750
B1152284200932N00049965EA0068300748
B1152294200929N00049959EA0067900745
B1152304200927N00049952EA0067700742
B1152314200925N00049945EA0067400740
B1152324200923N00049938EA0067400738
B1152334200922N00049931EA0067200736
B1152344200920N00049924EA0067000734
B1152354200919N00049918EA0066800733
B1152364200917N00049911EA0066600731
B1152374200916N00049904EA0066600728
B1152384200914N00049898EA0066300726
B1152394200913N00049891EA0065900723
B1152404200911N00049884EA0065700720
B1152414200909N00049876EA0065400718
B1152424200907N00049869EA0065300716
B1152434200904N00049862EA0065200715
B1152444200902N00049855EA0065100714
B1152454200901N00049849EA0065000712
B1152464200899N00049842EA0064700710
B1152474200897N00049835EA0064400708
B1152484200894N00049828EA0064300706
B1152494200893N00049820EA0064100704
B1152504200891N00049812EA0064000702
B1152514200889N00049804EA0063800700
B1152524200888N00049796EA0063600699
B1152534200886N00049789EA0063400697
B1152544200885N00049781EA0063400695
B1152554200883N00049773EA0063100694
B1152564200882N00049765EA0063000692
B1152574200880N00049758EA0062700690
B1152584200878N00049750EA0062600688
B1152594200877N00049742EA0062500687
B1153004200875N00049735EA0062600687
B1153014200874N00049727EA0062600686
B1153024200873N00049720EA0062400685
B1153034200872N00049713EA0062200684
B1153044200871N00049705EA0062100682
B1153054200870N00049698EA0061900680
B1153064200868N00049690EA0061700678
B1153074200867N00049682EA0061500676
B1153084200866N00049674EA0061400674
B1153094200865N00049666EA0061200672
B1153104200865N00049659EA0061100671
B1153114200864N00049651EA0061000669
B1153124200864N00049644EA0060900668
B1153134200863N00049636EA0060800667
B1153144200862N00049629EA0060700666
B1153154200861N00049623EA0060700665
B1153164200861N00049616EA0060500664
B1153174200861N00049610EA0060400662
B1153184200860N00049603EA0060300660
B1153194200859N00049596EA0060000658
B1153204200858N00049589EA0059900656
B1153214200858N00049581EA0059800655
B1153224200857N00049574EA0059700654
B1153234200856N00049567EA0059600654
B1153244200855N00049559EA0059600653
B1153254200854N00049552EA0059400652
B1153264200853N00049545EA0059400651
B1153274200851N00049538EA0059200649
B1153284200850N00049531EA0059200648
B1153294200849N00049524EA0059000647
B1153304200848N00049517EA0058900646
B1153314200847N00049510EA0058800646
B1153324200845N00049503EA0058800645
B1153334200843N00049497EA0058700644
B1153344200840N00049493EA0058600643
B1153354200835N00049492EA0058400642
B1153364200831N00049493EA0058300641
B1153374200828N00049497EA0058400641
B1153384200826N00049502EA0058400641
B1153394200826N00049507EA0058400641
B1153404200828N00049512EA0058400641
B1153414200829N00049518EA0058300641
B1153424200830N00049523EA0058100640
B1153434200831N00049529EA0058100639
B1153444200832N00049535EA0058000637
B1153454200832N00049541EA0057800636
B1153464200831N00049547EA0057800635
B1153474200830N00049553EA0057700635
B1153484200829N00049558EA0057900635
B1153494200827N00049562EA0057900635
B1153504200825N00049567EA0057800636
B1153514200824N00049571EA0057900636
B1153524200823N00049576EA0057800636
B1153534200822N00049581EA0057900636
B1153544200820N00049585EA0057900636
B1153554200818N00049590EA0057800636
B1153564200816N00049595EA0057800637
B1153574200815N00049599EA0057900637
B1153584200813N00049603EA0057900636
B1153594200810N00049607EA0057800636
B1154004200807N00049610EA0057700635
B1154014200804N00049611EA0057600633
B1154024200800N00049609EA0057400632
B1154034200797N00049603EA0057200630
B1154044200797N00049596EA0057200630
B1154054200799N00049587EA0057200630
B1154064200802N00049580EA0057300631
B1154074200806N00049573EA0057500632
B1154084200809N00049567EA0057600633
B1154094200811N00049561EA0057500633
B1154104200814N00049555EA0057500633
B1154114200816N00049548EA0057300632
B1154124200819N00049542EA0057300631
B1154134200822N00049535EA0057400630
B1154144200824N00049529EA0057200630
B1154154200826N00049522EA0057300630
B1154164200828N00049515EA0057400630
B1154174200830N00049508EA0057300630
B1154184200830N00049500EA0057500631
B1154194200831N00049493EA0057600632
B1154204200830N00049486EA0057700633
B1154214200830N00049479EA0057800635
B1154224200830N00049472EA0057900635
B1154234200829N00049466EA0058000636
B1154244200828N00049460EA0057900636
B1154254200826N00049456EA0057700634
B1154264200824N00049452EA0057500633
B1154274200821N00049451EA0057300631
B1154284200817N00049453EA0057100630
B1154294200815N00049458EA0057100629
B1154304200814N00049463EA0057100629
B1154314200815N00049470EA0057100629
B1154324200816N00049475EA0057000628
B1154334200817N00049481EA0056900627
B1154344200817N00049486EA0056900626
B1154354200818N00049492EA0056700625
B1154364200817N00049498EA0056500624
B1154374200817N00049504EA0056400623
B1154384200816N00049510EA0056500623
B1154394200816N00049516EA0056600623
B1154404200815N00049520EA0056500623
B1154414200815N00049525EA0056600623
B1154424200814N00049530EA0056500622
B1154434200814N00049535EA0056400621
B1154444200814N00049541EA0056100620
B1154454200814N00049547EA0056200619
B1154464200814N00049553EA0056000618
B1154474200815N00049559EA0056000617
B1154484200815N00049565EA0055800616
B1154494200815N00049571EA0055600614
B1154504200814N00049577EA0055500613
B1154514200814N00049582EA0055400611
B1154524200813N00049588EA0055100609
B1154534200811N00049594EA0055000607
B1154544200809N00049598EA0054900605
B1154554200805N00049599EA0054600604
B1154564200802N00049597EA0054500603
B1154574200799N00049593EA0054400601
B1154584200797N00049586EA0054400601
B1154594200797N00049579EA0054400601
B1155004200797N00049573EA0054600601
B1155014200797N00049568EA0054400600
B1155024200797N00049563EA0054300598
B1155034200797N00049558EA0053900596
B1155044200796N00049552EA0053700594
B1155054200795N00049546EA0053600592
B1155064200793N00049541EA0053600591
B1155074200792N00049536EA0053500590
B1155084200790N00049531EA0053300589
B1155094200788N00049527EA0053200587
B1155104200786N00049524EA0053000585
B1155114200782N00049521EA0052800583
B1155124200778N00049520EA0052500581
B1155134200774N00049521EA0052500579
B1155144200771N00049524EA0052300577
B1155154200768N00049527EA0052300576
B1155164200765N00049531EA0052000575
B1155174200763N00049534EA0051900574
B1155184200760N00049537EA0051800573
B1155194200757N00049540EA0051900572
B1155204200754N00049543EA0051800572
B1155214200752N00049546EA0051600570
B1155224200749N00049548EA0051400568
B1155234200746N00049549EA0050900565
B1155244200741N00049548EA0050500562
B1155254200737N00049546EA0050500560
B1155264200732N00049544EA0050600559
B1155274200728N00049542EA0050600559
B1155284200724N00049542EA0050600558
B1155294200722N00049541EA0050600557
B1155304200721N00049541EA0050600556
B1155314200721N00049541EA0050700556
B1155324200720N00049541EA0050600556
B1155334200720N00049541EA0050600556
B1155344200720N00049541EA0050600556
B1155354200720N00049541EA0050600556
B1155364200720N00049541EA0050700556
B1155374200720N00049541EA0050600556
B1155384200720N00049541EA0050600557
B1155394200720N00049541EA0050600557
B1155404200720N00049541EA0050600557
B1155414200720N00049541EA0050700557
B1155424200720N00049541EA0050700557
B1155434200720N00049541EA0050700557
B1155444200720N00049541EA0050600557
B1155454200720N00049541EA0050600557
B1155464200720N00049541EA0050700557
GlytAdlGcDPqvLh3Cx77sjqlujwJEy+fsjQ7ujEIW87jUTzno8ucuwYfyvcWzKMBloU8EzVFX6PP
GyhoxmLIFnxhi/w2RRG28UxXIaJAYT/QV6I81aHtXTRZNLdOE3AxNXWoTJSOt5VNlmb33esjHp4Q
GU7PcQnnz16lToYWFA84AA=
