AXSFwn
HFDTEDATE:070826
HFPLTPILOTINCHARGE:Javier Gomez De Segura
HFCM2CREW2:NIL
HFGTYGLIDERTYPE:Ozone rush 6 
HFGIDGLIDERID:NIL
HFDTMGPSDATUM:WGS84
HFRFWFIRMWAREVERSION:EU_2.00V
HFRHWHARDWAREVERSION:4.5
HFFTYFRTYPE:alfapilot,Voolaris Tracker
HFGPSRECEIVER:UBLOX,M10,72,50000,GPS,GLO,GAL
HFPRSPRESSALTSENSOR:ST,LPS22HB,10000
HFALGALTGPS:GEO
HFALPALTPRESSURE:ISA
HFTZNTIMEZONE:0
B1034524202763N00044768EA0144701565
B1034534202763N00044768EA0144701565
B1034544202762N00044768EA0144601565
B1034554202762N00044768EA0144701565
B1034564202762N00044768EA0144601565
B1034574202763N00044768EA0144801565
B1034584202762N00044768EA0144801565
B1034594202762N00044768EA0144801565
B1035004202762N00044768EA0144801565
B1035014202762N00044767EA0144401565
B1035024202761N00044766EA0144701565
B1035034202759N00044765EA0144401564
B1035044202756N00044764EA0144301563
B1035054202753N00044763EA0144501564
B1035064202750N00044762EA0144801567
B1035074202748N00044762EA0145101570
B1035084202747N00044760EA0145201571
B1035094202746N00044758EA0145001571
B1035104202745N00044755EA0145101572
B1035114202743N00044752EA0145301572
B1035124202742N00044750EA0145101572
B1035134202740N00044749EA0145101572
B1035144202738N00044748EA0144901570
B1035154202736N00044745EA0144601568
B1035164202734N00044743EA0144501566
B1035174202730N00044742EA0144501565
B1035184202726N00044742EA0144401564
B1035194202723N00044743EA0144301564
B1035204202720N00044744EA0144301564
B1035214202717N00044746EA0144201562
B1035224202713N00044748EA0144001559
B1035234202708N00044753EA0143801557
B1035244202703N00044757EA0143701557
B1035254202699N00044760EA0143901558
B1035264202695N00044763EA0144001559
B1035274202691N00044766EA0144001559
B1035284202688N00044770EA0143801557
B1035294202684N00044774EA0143501555
B1035304202679N00044779EA0143501554
B1035314202676N00044785EA0143401553
B1035324202673N00044791EA0143401553
B1035334202670N00044798EA0143301553
B1035344202668N00044804EA0143301553
B1035354202667N00044810EA0143201552
B1035364202664N00044817EA0142801550
B1035374202662N00044825EA0142801548
B1035384202660N00044833EA0142701548
B1035394202658N00044840EA0142901548
B1035404202657N00044847EA0142701547
B1035414202656N00044854EA0142601546
B1035424202655N00044861EA0142301544
B1035434202653N00044870EA0142301542
B1035444202650N00044878EA0142201541
B1035454202648N00044885EA0142301541
B1035464202646N00044893EA0142201541
B1035474202644N00044901EA0142201542
B1035484202642N00044908EA0142301542
B1035494202640N00044916EA0142201541
B1035504202637N00044923EA0142201540
B1035514202632N00044930EA0142201540
B1035524202627N00044937EA0142201541
B1035534202623N00044944EA0142401542
B1035544202620N00044952EA0142301542
B1035554202619N00044960EA0142401542
B1035564202617N00044968EA0142301541
B1035574202615N00044976EA0142101540
B1035584202612N00044984EA0142101540
B1035594202610N00044992EA0142101540
B1036004202608N00045000EA0142001539
B1036014202605N00045008EA0142001538
B1036024202602N00045016EA0141901537
B1036034202599N00045024EA0141801536
B1036044202595N00045032EA0141801536
B1036054202591N00045040EA0142001538
B1036064202588N00045047EA0142301541
B1036074202586N00045053EA0142701545
B1036084202585N00045058EA0142901547
B1036094202584N00045062EA0142901548
B1036104202582N00045066EA0142801547
B1036114202579N00045068EA0142601545
B1036124202574N00045067EA0142301543
B1036134202571N00045062EA0142101541
B1036144202570N00045053EA0142101540
B1036154202573N00045044EA0142201540
B1036164202578N00045036EA0142501543
B1036174202583N00045031EA0142901546
B1036184202587N00045027EA0143101550
B1036194202590N00045022EA0143301551
B1036204202592N00045016EA0143301551
B1036214202595N00045010EA0143201551
B1036224202598N00045002EA0143401552
B1036234202603N00044996EA0143501553
B1036244202607N00044992EA0143601554
B1036254202610N00044988EA0143701554
B1036264202612N00044983EA0143501553
B1036274202613N00044978EA0143001549
B1036284202610N00044972EA0142701546
B1036294202605N00044968EA0142601544
B1036304202599N00044967EA0142901545
B1036314202594N00044969EA0143101547
B1036324202591N00044973EA0143201550
B1036334202589N00044976EA0143501551
B1036344202586N00044979EA0143601553
B1036354202584N00044984EA0143601554
B1036364202581N00044991EA0143801555
B1036374202580N00044998EA0143901558
B1036384202579N00045005EA0144301561
B1036394202579N00045012EA0144501564
B1036404202578N00045019EA0144801566
B1036414202577N00045026EA0144901568
B1036424202577N00045034EA0145101570
B1036434202577N00045042EA0145201572
B1036444202577N00045049EA0145501574
B1036454202577N00045057EA0145801576
B1036464202577N00045065EA0145701577
B1036474202576N00045073EA0145901578
B1036484202576N00045080EA0145901579
B1036494202574N00045086EA0146001580
B1036504202570N00045089EA0145901579
B1036514202566N00045090EA0145801579
B1036524202562N00045088EA0145901579
B1036534202560N00045082EA0146001580
B1036544202560N00045075EA0146001580
B1036554202563N00045069EA0146101581
B1036564202567N00045064EA0146201583
B1036574202571N00045060EA0146501585
B1036584202575N00045057EA0146801588
B1036594202578N00045053EA0146901590
B1037004202582N00045049EA0147101591
B1037014202586N00045046EA0147201593
B1037024202590N00045042EA0147401595
B1037034202593N00045037EA0147501596
B1037044202596N00045031EA0147601597
B1037054202598N00045025EA0147901600
B1037064202602N00045020EA0148101602
B1037074202605N00045015EA0148501604
B1037084202608N00045009EA0148801607
B1037094202611N00045003EA0149001610
B1037104202614N00044998EA0149101613
B1037114202617N00044994EA0149501617
B1037124202620N00044989EA0149901620
B1037134202622N00044985EA0150101623
B1037144202621N00044981EA0150601626
B1037154202619N00044978EA0150701629
B1037164202617N00044975EA0151001633
B1037174202615N00044973EA0151401636
B1037184202613N00044971EA0151601639
B1037194202611N00044970EA0151701640
B1037204202608N00044972EA0151701641
B1037214202605N00044978EA0151801640
B1037224202604N00044987EA0151801641
B1037234202607N00044996EA0152101643
B1037244202612N00045004EA0152501647
B1037254202618N00045009EA0152901652
B1037264202622N00045013EA0153101655
B1037274202625N00045017EA0153301657
B1037284202630N00045021EA0153401659
B1037294202636N00045025EA0153501659
B1037304202643N00045027EA0153701660
B1037314202650N00045025EA0153901663
B1037324202654N00045022EA0154301667
B1037334202656N00045017EA0154601670
B1037344202655N00045013EA0154801672
B1037354202653N00045010EA0155101675
B1037364202651N00045006EA0155601678
B1037374202649N00045003EA0155701681
B1037384202647N00045000EA0156001684
B1037394202644N00044997EA0156301687
B1037404202641N00044997EA0156501690
B1037414202637N00044998EA0156801693
B1037424202634N00045001EA0157101696
B1037434202632N00045005EA0157301698
B1037444202630N00045011EA0157201699
B1037454202628N00045018EA0157501700
B1037464202628N00045027EA0157501701
B1037474202631N00045037EA0157801703
B1037484202636N00045045EA0157801704
B1037494202643N00045051EA0158101707
B1037504202650N00045052EA0158401711
B1037514202656N00045052EA0158701714
B1037524202661N00045050EA0158901716
B1037534202666N00045048EA0159001717
B1037544202670N00045044EA0159101719
B1037554202673N00045039EA0159501721
B1037564202675N00045033EA0159601723
B1037574202675N00045027EA0159901725
B1037584202674N00045023EA0159901727
B1037594202672N00045020EA0160201730
B1038004202671N00045017EA0160401731
B1038014202669N00045014EA0160501732
B1038024202667N00045011EA0160601733
B1038034202664N00045008EA0160801735
B1038044202661N00045004EA0160901738
B1038054202660N00044999EA0161201741
B1038064202660N00044995EA0161501744
B1038074202659N00044991EA0161801747
B1038084202658N00044989EA0162001749
B1038094202656N00044987EA0162001750
B1038104202653N00044988EA0162201752
B1038114202651N00044991EA0162301753
B1038124202648N00044996EA0162501754
B1038134202648N00045003EA0162401755
B1038144202650N00045011EA0162601756
B1038154202653N00045019EA0162701758
B1038164202657N00045028EA0163001760
B1038174202662N00045035EA0163101762
B1038184202667N00045040EA0163301763
B1038194202673N00045043EA0163301764
B1038204202679N00045043EA0163301764
B1038214202684N00045040EA0163301764
B1038224202688N00045036EA0163401765
B1038234202689N00045031EA0163401765
B1038244202689N00045027EA0163701767
B1038254202687N00045025EA0163801768
B1038264202684N00045024EA0163901769
B1038274202681N00045025EA0163801770
B1038284202678N00045027EA0163901771
B1038294202675N00045031EA0164101771
B1038304202672N00045035EA0164201772
B1038314202669N00045038EA0164201774
B1038324202666N00045041EA0164601776
B1038334202663N00045044EA0164701778
B1038344202660N00045047EA0164901780
B1038354202657N00045050EA0165001781
B1038364202654N00045052EA0165201782
B1038374202650N00045053EA0165201784
B1038384202647N00045053EA0165501786
B1038394202644N00045052EA0165601788
B1038404202641N00045051EA0165901790
B1038414202638N00045051EA0165901791
B1038424202636N00045054EA0165901791
B1038434202633N00045059EA0165901790
B1038444202632N00045067EA0165801789
B1038454202632N00045075EA0165801790
B1038464202635N00045083EA0165901790
B1038474202639N00045090EA0165801790
B1038484202644N00045096EA0165801790
B1038494202650N00045100EA0165701789
B1038504202657N00045102EA0165701789
B1038514202663N00045102EA0165701789
B1038524202668N00045100EA0165501789
B1038534202672N00045097EA0165701788
B1038544202673N00045092EA0165701788
B1038554202672N00045088EA0165601788
B1038564202671N00045084EA0165701789
B1038574202670N00045081EA0165801790
B1038584202671N00045077EA0166001791
B1038594202672N00045073EA0166101793
B1039004202671N00045070EA0166201795
B1039014202670N00045068EA0166301796
B1039024202669N00045065EA0166401797
B1039034202668N00045061EA0166401797
B1039044202668N00045056EA0166401797
B1039054202667N00045051EA0166501797
B1039064202666N00045045EA0166701799
B1039074202664N00045040EA0166901800
B1039084202663N00045036EA0167101803
B1039094202661N00045031EA0167401806
B1039104202660N00045027EA0167601809
B1039114202660N00045023EA0167801811
B1039124202661N00045019EA0167801811
B1039134202660N00045015EA0167801810
B1039144202658N00045010EA0167701809
B1039154202654N00045005EA0167701809
B1039164202650N00045004EA0167601809
B1039174202645N00045005EA0167701809
B1039184202641N00045009EA0167901810
B1039194202639N00045015EA0167901810
B1039204202638N00045021EA0167701810
B1039214202639N00045029EA0167701809
B1039224202641N00045036EA0167501808
B1039234202646N00045042EA0167401807
B1039244202653N00045046EA0167601807
B1039254202660N00045045EA0167601808
B1039264202664N00045042EA0167701808
B1039274202667N00045036EA0167601807
B1039284202668N00045030EA0167501806
B1039294202668N00045024EA0167201805
B1039304202667N00045019EA0167001804
B1039314202666N00045015EA0167001802
B1039324202666N00045010EA0166901800
B1039334202666N00045005EA0166701798
B1039344202666N00045001EA0166401797
B1039354202665N00044997EA0166201795
B1039364202663N00044993EA0166301793
B1039374202661N00044989EA0166001791
B1039384202660N00044985EA0165801789
B1039394202658N00044980EA0165501787
B1039404202655N00044975EA0165401786
B1039414202651N00044972EA0165401785
B1039424202647N00044971EA0165401785
B1039434202643N00044969EA0165401784
B1039444202640N00044968EA0165201783
B1039454202636N00044967EA0165101782
B1039464202632N00044967EA0164901780
B1039474202626N00044969EA0164801779
B1039484202621N00044972EA0164701778
B1039494202617N00044975EA0164701778
B1039504202612N00044980EA0164701778
B1039514202609N00044985EA0164701777
B1039524202605N00044991EA0164601776
B1039534202601N00044997EA0164501776
B1039544202598N00045002EA0164501775
B1039554202594N00045007EA0164201774
B1039564202591N00045013EA0163901772
B1039574202587N00045019EA0163801770
B1039584202583N00045026EA0163901768
B1039594202579N00045033EA0163901768
B1040004202576N00045040EA0163901769
B1040014202573N00045047EA0164001769
B1040024202570N00045054EA0164001769
B1040034202568N00045062EA0163901770
B1040044202565N00045070EA0163901770
B1040054202562N00045078EA0164101771
B1040064202558N00045087EA0164201772
B1040074202555N00045095EA0164201773
B1040084202550N00045101EA0164201773
B1040094202546N00045107EA0164201774
B1040104202542N00045112EA0164401775
B1040114202538N00045117EA0164401775
B1040124202534N00045123EA0164401775
B1040134202530N00045128EA0164301775
B1040144202526N00045135EA0164401775
B1040154202522N00045143EA0164301775
B1040164202519N00045150EA0164401775
B1040174202515N00045157EA0164401775
B1040184202511N00045163EA0164401776
B1040194202508N00045168EA0164501777
B1040204202505N00045174EA0164401775
B1040214202502N00045180EA0164301774
B1040224202498N00045187EA0164201773
B1040234202494N00045193EA0164301773
B1040244202491N00045200EA0164301774
B1040254202490N00045208EA0164301775
B1040264202490N00045216EA0164201773
B1040274202493N00045224EA0163801771
B1040284202497N00045232EA0163701768
B1040294202503N00045237EA0163701767
B1040304202508N00045240EA0163601766
B1040314202513N00045240EA0163601766
B1040324202518N00045238EA0163401765
B1040334202521N00045236EA0163401765
B1040344202524N00045234EA0163501765
B1040354202526N00045231EA0163401765
B1040364202527N00045228EA0163501764
B1040374202526N00045225EA0163401764
B1040384202524N00045223EA0163201763
B1040394202520N00045221EA0162901761
B1040404202516N00045219EA0162901760
B1040414202512N00045216EA0162801758
B1040424202509N00045212EA0162901758
B1040434202505N00045208EA0163001759
B1040444202502N00045205EA0163201760
B1040454202498N00045204EA0163201762
B1040464202494N00045202EA0163301763
B1040474202492N00045200EA0163201763
B1040484202489N00045198EA0163301763
B1040494202487N00045195EA0163401764
B1040504202486N00045192EA0163501766
B1040514202486N00045188EA0163501767
B1040524202487N00045185EA0163701767
B1040534202487N00045181EA0163801768
B1040544202486N00045179EA0163501767
B1040554202483N00045178EA0163501765
B1040564202478N00045179EA0163401764
B1040574202474N00045181EA0163401764
B1040584202470N00045185EA0163401764
B1040594202466N00045191EA0163501764
B1041004202464N00045198EA0163501765
B1041014202462N00045206EA0163501765
B1041024202460N00045214EA0163601766
B1041034202460N00045222EA0163701767
B1041044202460N00045230EA0163701767
B1041054202461N00045237EA0163601767
B1041074202464N00045252EA0163401764
B1041094202475N00045263EA0163201762
B1041104202480N00045264EA0163201762
B1041114202485N00045265EA0163301763
B1041124202490N00045265EA0163401764
B1041134202493N00045266EA0163301764
B1041144202496N00045265EA0163401763
B1041154202500N00045264EA0163101761
B1041164202503N00045261EA0163001760
B1041174202507N00045257EA0163001760
B1041184202509N00045254EA0163101761
B1041194202511N00045250EA0163201761
B1041204202513N00045246EA0163101762
B1041214202514N00045242EA0163301763
B1041224202515N00045238EA0163301764
B1041234202517N00045235EA0163501765
B1041244202518N00045231EA0163601765
B1041254202517N00045227EA0163601766
B1041264202516N00045223EA0163701766
B1041274202516N00045218EA0163701766
B1041284202517N00045213EA0163701767
B1041294202518N00045209EA0163901768
B1041304202519N00045206EA0163801769
B1041314202518N00045202EA0164001769
B1041324202516N00045197EA0163901769
B1041334202514N00045193EA0164201771
B1041344202513N00045188EA0164501774
B1041354202513N00045184EA0164701777
B1041364202514N00045182EA0164901779
B1041374202514N00045179EA0164901780
B1041384202515N00045175EA0165201781
B1041394202514N00045171EA0165301783
B1041404202512N00045167EA0165401785
B1041414202510N00045165EA0165701787
B1041424202508N00045163EA0165801789
B1041434202505N00045162EA0165901790
B1041444202502N00045164EA0165901790
B1041454202498N00045167EA0165901789
B1041464202493N00045173EA0165901789
B1041474202489N00045180EA0166001791
B1041484202487N00045188EA0166201793
B1041494202486N00045196EA0166401795
B1041504202486N00045204EA0166401795
B1041514202487N00045212EA0166201795
B1041524202488N00045220EA0166301794
B1041534202490N00045229EA0166001793
B1041544202494N00045237EA0166001792
B1041554202499N00045243EA0165901791
B1041564202505N00045247EA0165801790
B1041574202510N00045248EA0165901791
B1041584202514N00045248EA0166001791
B1041594202517N00045246EA0165901790
B1042004202519N00045243EA0165901789
B1042014202520N00045239EA0165801789
B1042024202521N00045235EA0165701789
B1042034202522N00045231EA0165801789
B1042044202521N00045227EA0165701790
B1042054202521N00045224EA0166001791
B1042064202520N00045221EA0165901791
B1042074202520N00045217EA0165901791
B1042084202520N00045213EA0165901791
B1042094202520N00045208EA0166101792
B1042104202520N00045203EA0166401794
B1042114202520N00045198EA0166501796
B1042124202520N00045195EA0166601798
B1042134202520N00045192EA0166901800
B1042144202518N00045189EA0166901800
B1042154202516N00045186EA0167001801
B1042164202513N00045185EA0167201804
B1042174202509N00045186EA0167501806
B1042184202505N00045188EA0167601808
B1042194202502N00045193EA0167501809
B1042204202498N00045198EA0167801810
B1042214202495N00045205EA0168101812
B1042224202492N00045212EA0168301814
B1042234202492N00045221EA0168401816
B1042244202493N00045229EA0168301815
B1042254202496N00045237EA0168201814
B1042264202500N00045244EA0168201814
B1042274202505N00045249EA0168201815
B1042284202510N00045251EA0168201814
B1042294202514N00045250EA0168101814
B1042304202516N00045247EA0168001814
B1042314202516N00045242EA0168101813
B1042324202514N00045239EA0168201814
B1042334202513N00045235EA0168401816
B1042344202513N00045232EA0168601818
B1042354202513N00045229EA0168601819
B1042364202511N00045226EA0168701820
B1042374202509N00045223EA0168801821
B1042384202505N00045220EA0169001822
B1042394202501N00045217EA0169401826
B1042404202498N00045214EA0169701829
B1042414202496N00045212EA0169701830
B1042424202493N00045211EA0169501830
B1042434202490N00045212EA0169301827
B1042444202485N00045214EA0169001824
B1042454202479N00045219EA0169101823
B1042464202473N00045224EA0169201825
B1042474202468N00045225EA0169501828
B1042484202463N00045224EA0169601829
B1042494202459N00045223EA0169701831
B1042504202454N00045224EA0169701831
B1042514202449N00045227EA0169901830
B1042524202443N00045232EA0170001832
B1042534202437N00045236EA0170101835
B1042544202432N00045237EA0170201836
B1042554202428N00045236EA0170301837
B1042564202424N00045235EA0170501838
B1042574202420N00045235EA0170401838
B1042584202415N00045235EA0170501838
B1042594202411N00045237EA0170201837
B1043004202406N00045238EA0170001835
B1043014202400N00045240EA0170001834
B1043024202395N00045243EA0169901833
B1043034202390N00045247EA0169701832
B1043044202385N00045252EA0169601831
B1043054202380N00045258EA0169501830
B1043064202376N00045263EA0169401829
B1043074202371N00045268EA0169401829
B1043084202367N00045274EA0169301827
B1043094202364N00045280EA0169101826
B1043104202361N00045287EA0168801823
B1043114202359N00045294EA0168601821
B1043124202356N00045302EA0168201818
B1043134202353N00045312EA0168101815
B1043144202351N00045322EA0168001814
B1043154202349N00045331EA0168001814
B1043164202347N00045340EA0168101814
B1043174202345N00045349EA0168101814
B1043184202344N00045359EA0168001813
B1043194202343N00045369EA0168001813
B1043204202343N00045379EA0168101814
B1043214202344N00045389EA0168001814
B1043224202346N00045397EA0168001815
B1043234202349N00045405EA0168001814
B1043244202352N00045412EA0168001814
B1043254202355N00045420EA0167901814
B1043264202359N00045427EA0168001813
B1043274202364N00045433EA0167901813
B1043284202368N00045437EA0167901813
B1043294202372N00045440EA0167901813
B1043304202377N00045442EA0167901813
B1043314202381N00045444EA0167801813
B1043324202386N00045444EA0167901813
B1043334202389N00045444EA0167901813
B1043344202392N00045444EA0167801813
B1043354202395N00045443EA0167701812
B1043364202397N00045443EA0167701811
B1043374202400N00045442EA0167601810
B1043384202402N00045441EA0167301808
B1043394202405N00045438EA0167201807
B1043404202407N00045436EA0167201806
B1043414202409N00045433EA0167101805
B1043424202412N00045430EA0167101804
B1043434202415N00045428EA0167101804
B1043444202419N00045425EA0167101804
B1043454202422N00045423EA0167101804
B1043464202424N00045421EA0167101804
B1043474202426N00045418EA0167001804
B1043484202429N00045415EA0166801803
B1043494202431N00045411EA0166901803
B1043504202433N00045408EA0167101804
B1043514202436N00045406EA0167101804
B1043524202438N00045403EA0167101805
B1043534202441N00045401EA0167101804
B1043544202442N00045397EA0167001803
B1043554202444N00045394EA0166901803
B1043564202446N00045390EA0167001803
B1043574202448N00045387EA0167001803
B1043584202449N00045383EA0167001803
B1043594202450N00045379EA0166901803
B1044004202451N00045376EA0167001803
B1044014202451N00045372EA0166901802
B1044024202452N00045368EA0166901801
B1044034202453N00045364EA0166901801
B1044044202453N00045360EA0166801801
B1044054202454N00045356EA0167001802
B1044064202455N00045353EA0166901802
B1044074202456N00045350EA0166901801
B1044084202458N00045346EA0166801801
B1044094202459N00045342EA0166801802
B1044104202459N00045338EA0166901802
B1044114202460N00045335EA0167001802
B1044124202462N00045331EA0166901802
B1044134202464N00045329EA0166901801
B1044144202466N00045327EA0166801800
B1044154202469N00045325EA0166801800
B1044164202473N00045323EA0166701799
B1044174202477N00045321EA0166801799
B1044184202481N00045320EA0166901800
B1044194202486N00045320EA0167001802
B1044204202490N00045320EA0167201804
B1044214202493N00045320EA0167501806
B1044224202496N00045319EA0167501808
B1044234202498N00045318EA0167501808
B1044244202501N00045316EA0167601809
B1044254202503N00045313EA0167601808
B1044264202503N00045309EA0167501808
B1044274202502N00045306EA0167501809
B1044284202500N00045303EA0167701810
B1044294202498N00045301EA0167801811
B1044304202496N00045299EA0167901811
B1044314202494N00045299EA0167601810
B1044324202490N00045300EA0167301807
B1044334202484N00045303EA0167101804
B1044344202479N00045307EA0167001802
B1044354202474N00045313EA0166901802
B1044364202471N00045320EA0167001802
B1044374202469N00045327EA0166901802
B1044384202467N00045334EA0166801801
B1044394202465N00045342EA0166601800
B1044404202463N00045352EA0166501798
B1044414202462N00045362EA0166501797
B1044424202461N00045373EA0166501796
B1044434202461N00045383EA0166501797
B1044444202461N00045392EA0166501797
B1044454202463N00045400EA0166301796
B1044464202466N00045408EA0166301794
B1044474202469N00045415EA0166001792
B1044484202474N00045421EA0165801789
B1044494202480N00045424EA0165701788
B1044504202485N00045426EA0165701788
B1044514202490N00045427EA0165601788
B1044524202493N00045427EA0165501787
B1044534202497N00045426EA0165501787
B1044544202502N00045425EA0165501786
B1044554202506N00045423EA0165601786
B1044564202510N00045420EA0165601787
B1044574202514N00045418EA0165701789
B1044584202517N00045416EA0165801789
B1044594202520N00045414EA0165601788
B1045004202523N00045411EA0165701788
B1045014202525N00045408EA0165701787
B1045024202527N00045404EA0165601788
B1045034202530N00045400EA0165601788
B1045044202533N00045396EA0165801788
B1045054202536N00045392EA0165801789
B1045064202539N00045389EA0166001790
B1045074202543N00045387EA0165901790
B1045084202546N00045384EA0166001791
B1045094202550N00045381EA0165901791
B1045104202554N00045378EA0166001792
B1045114202558N00045375EA0166301793
B1045124202562N00045373EA0166201793
B1045134202567N00045372EA0166301794
B1045144202572N00045370EA0166401795
B1045154202576N00045367EA0166501796
B1045164202579N00045364EA0166601797
B1045174202580N00045360EA0166601797
B1045184202581N00045356EA0166601798
B1045194202581N00045352EA0166801799
B1045204202580N00045349EA0166801799
B1045214202578N00045345EA0166901799
B1045224202576N00045342EA0166801799
B1045234202574N00045338EA0166801800
B1045244202571N00045335EA0166701799
B1045254202569N00045331EA0166901799
B1045264202566N00045327EA0166701799
B1045274202564N00045323EA0166601799
B1045284202562N00045319EA0166601798
B1045294202559N00045314EA0166501796
B1045304202556N00045310EA0166201794
B1045314202553N00045306EA0166201794
B1045324202550N00045301EA0166101793
B1045334202549N00045297EA0165901791
B1045344202548N00045293EA0165701788
B1045354202546N00045287EA0165301784
B1045364202544N00045281EA0164901780
B1045374202542N00045273EA0165001780
B1045384202541N00045265EA0165101781
B1045394202540N00045260EA0165301783
B1045404202539N00045256EA0165201783
B1045414202538N00045253EA0165101782
B1045424202537N00045249EA0164701779
B1045434202535N00045244EA0164301774
B1045444202534N00045238EA0163901771
B1045454202532N00045231EA0163901769
B1045464202531N00045225EA0163801768
B1045474202529N00045220EA0163701767
B1045484202528N00045214EA0163601766
B1045494202526N00045208EA0163501765
B1045504202525N00045202EA0163401764
B1045514202523N00045196EA0163501764
B1045524202521N00045191EA0163601764
B1045534202520N00045186EA0163601766
B1045544202520N00045180EA0163901767
B1045554202519N00045175EA0163901769
B1045564202519N00045170EA0164001770
B1045574202519N00045166EA0164101771
B1045584202520N00045161EA0164201772
B1045594202521N00045157EA0164201772
B1046004202522N00045151EA0164301772
B1046014202522N00045146EA0164301772
B1046024202523N00045140EA0164201773
B1046034202523N00045135EA0164301774
B1046044202523N00045131EA0164301774
B1046054202525N00045127EA0164501774
B1046064202526N00045123EA0164601774
B1046074202527N00045117EA0164401774
B1046084202527N00045112EA0164601775
B1046094202526N00045106EA0164801777
B1046104202525N00045102EA0164901780
B1046114202524N00045098EA0164901781
B1046124202522N00045095EA0165001781
B1046134202521N00045091EA0165001780
B1046144202519N00045086EA0164801779
B1046154202518N00045080EA0164701778
B1046164202518N00045074EA0164701778
B1046174202518N00045068EA0164801779
B1046184202518N00045062EA0164801780
B1046194202519N00045057EA0165101781
B1046204202520N00045051EA0165201782
B1046214202520N00045046EA0165001782
B1046224202518N00045041EA0165001781
B1046234202515N00045037EA0164901780
B1046244202510N00045034EA0164801778
B1046254202505N00045033EA0164601776
B1046264202499N00045032EA0164401775
B1046274202494N00045033EA0164201773
B1046284202490N00045034EA0164001772
B1046294202485N00045036EA0163801769
B1046304202480N00045038EA0163701766
B1046314202475N00045041EA0163201764
B1046324202470N00045046EA0163101761
B1046334202465N00045053EA0162901759
B1046344202463N00045060EA0162801758
B1046354202462N00045067EA0162701756
B1046364202462N00045075EA0162601755
B1046374202463N00045082EA0162401753
B1046384202466N00045089EA0162101751
B1046394202469N00045096EA0162101750
B1046404202472N00045102EA0162001750
B1046414202476N00045107EA0162001750
B1046424202480N00045112EA0162101749
B1046434202485N00045116EA0161901749
B1046444202489N00045120EA0161901748
B1046454202494N00045123EA0161801748
B1046464202500N00045126EA0161801748
B1046474202505N00045129EA0161801748
B1046484202510N00045132EA0161701747
B1046494202515N00045137EA0161601746
B1046504202520N00045142EA0161601745
B1046514202525N00045149EA0161601745
B1046524202529N00045157EA0161701746
B1046534202532N00045165EA0161801747
B1046544202535N00045172EA0161801748
B1046554202538N00045179EA0161801748
B1046564202541N00045187EA0161801748
B1046574202543N00045195EA0161801747
B1046584202546N00045202EA0161801747
B1046594202551N00045208EA0161601746
B1047004202556N00045213EA0161501745
B1047014202563N00045216EA0161501745
B1047024202569N00045218EA0161501745
B1047034202574N00045218EA0161601746
B1047044202579N00045218EA0161701746
B1047054202585N00045217EA0161801746
B1047064202589N00045215EA0161801747
B1047074202594N00045213EA0161701748
B1047084202597N00045210EA0161901748
B1047094202599N00045208EA0161901748
B1047104202600N00045205EA0161801748
B1047114202601N00045201EA0161801747
B1047124202602N00045197EA0161801747
B1047134202602N00045193EA0161801748
B1047144202603N00045189EA0161901748
B1047154202602N00045186EA0161901747
B1047164202601N00045183EA0162101748
B1047174202599N00045179EA0162001749
B1047184202597N00045175EA0162301751
B1047194202594N00045171EA0162501752
B1047204202593N00045166EA0162701754
B1047214202592N00045161EA0162601755
B1047224202593N00045157EA0162701755
B1047234202593N00045153EA0162501754
B1047244202591N00045149EA0162101750
B1047254202588N00045146EA0161701747
B1047264202584N00045143EA0161701746
B1047274202581N00045142EA0161601746
B1047284202579N00045142EA0161601746
B1047294202577N00045144EA0161301743
B1047304202574N00045147EA0161001740
B1047314202570N00045151EA0160801737
B1047324202566N00045154EA0160801737
B1047334202563N00045157EA0160801737
B1047344202560N00045159EA0160701736
B1047354202557N00045160EA0160501733
B1047364202553N00045162EA0160101731
B1047374202549N00045163EA0159801728
B1047384202544N00045165EA0159601726
B1047394202540N00045167EA0159601724
B1047404202537N00045170EA0159201721
B1047414202533N00045172EA0158801718
B1047424202529N00045174EA0158501714
B1047434202525N00045175EA0158201710
B1047444202520N00045178EA0157901708
B1047454202515N00045180EA0157801706
B1047464202511N00045181EA0157601705
B1047474202508N00045180EA0157301701
B1047484202506N00045176EA0156901697
B1047494202504N00045171EA0156701694
B1047504202503N00045166EA0156301691
B1047514202501N00045160EA0156201689
B1047524202500N00045154EA0156101688
B1047534202499N00045149EA0156001687
B1047544202498N00045145EA0155901686
B1047554202497N00045140EA0155801685
B1047564202496N00045136EA0155601683
B1047574202494N00045131EA0155501681
B1047584202492N00045125EA0155501680
B1047594202491N00045119EA0155601680
B1048004202490N00045113EA0155401680
B1048014202490N00045106EA0155601681
B1048024202490N00045101EA0155701683
B1048034202490N00045096EA0155801683
B1048044202489N00045092EA0155801684
B1048054202489N00045086EA0155901684
B1048064202489N00045081EA0155901684
B1048074202490N00045074EA0156101686
B1048084202490N00045069EA0156201688
B1048094202491N00045064EA0156401689
B1048104202492N00045059EA0156401691
B1048114202493N00045055EA0156601692
B1048124202494N00045051EA0156801694
B1048134202495N00045047EA0156801695
B1048144202496N00045044EA0156901695
B1048154202496N00045041EA0156901695
B1048164202494N00045037EA0156901695
B1048174202491N00045035EA0156901695
B1048184202488N00045035EA0156901696
B1048194202484N00045038EA0157001696
B1048204202480N00045041EA0157001696
B1048214202477N00045047EA0157001696
B1048224202474N00045054EA0157001695
B1048234202472N00045063EA0156801694
B1048244202472N00045072EA0156701694
B1048254202476N00045080EA0156601693
B1048264202481N00045085EA0156601692
B1048274202488N00045087EA0156601692
B1048284202493N00045086EA0156701693
B1048294202498N00045084EA0156801693
B1048304202501N00045081EA0156901695
B1048314202505N00045079EA0156901695
B1048324202508N00045077EA0157001695
B1048334202511N00045074EA0156901695
B1048344202513N00045070EA0157101696
B1048354202515N00045066EA0157201697
B1048364202516N00045062EA0157501700
B1048374202517N00045059EA0157701702
B1048384202518N00045056EA0157701704
B1048394202519N00045053EA0157901704
B1048404202520N00045050EA0157901705
B1048414202519N00045047EA0157901706
B1048424202518N00045045EA0158001706
B1048434202515N00045045EA0158101706
B1048444202511N00045045EA0157901705
B1048454202506N00045049EA0158001705
B1048464202502N00045055EA0158101706
B1048474202499N00045063EA0158001706
B1048484202501N00045073EA0158001705
B1048494202505N00045081EA0158001705
B1048504202512N00045085EA0157901705
B1048514202518N00045085EA0157901705
B1048524202523N00045082EA0158101707
B1048534202526N00045078EA0158601710
B1048544202529N00045075EA0158801713
B1048554202531N00045073EA0159001715
B1048564202533N00045070EA0158801715
B1048574202535N00045066EA0158801714
B1048584202538N00045062EA0158901715
B1048594202541N00045057EA0159001716
B1049004202543N00045053EA0159001717
B1049014202545N00045050EA0159101718
B1049024202545N00045046EA0159101718
B1049034202544N00045042EA0158901717
B1049044202541N00045038EA0158801715
B1049054202536N00045037EA0158801714
B1049064202531N00045040EA0158701713
B1049074202526N00045045EA0158701714
B1049084202523N00045051EA0158901716
B1049094202522N00045058EA0158901717
B1049104202522N00045065EA0158901716
B1049114202523N00045074EA0158701714
B1049124202525N00045084EA0158601714
B1049134202529N00045092EA0158801714
B1049144202533N00045098EA0158701715
B1049154202539N00045101EA0158701715
B1049164202544N00045100EA0158601713
B1049174202549N00045098EA0158601713
B1049184202554N00045094EA0158601714
B1049194202558N00045090EA0158801715
B1049204202561N00045087EA0158901716
B1049214202563N00045083EA0159001717
B1049224202564N00045079EA0159001718
B1049234202565N00045075EA0158901717
B1049244202565N00045071EA0158701716
B1049254202565N00045066EA0158601714
B1049264202563N00045061EA0158301712
B1049274202560N00045058EA0158301710
B1049284202555N00045057EA0158101709
B1049294202550N00045058EA0158001708
B1049304202546N00045061EA0157901707
B1049314202542N00045065EA0157801706
B1049324202538N00045071EA0157601705
B1049334202535N00045078EA0157801704
B1049344202532N00045085EA0157701705
B1049354202529N00045092EA0157701705
B1049364202527N00045098EA0157801705
B1049374202524N00045104EA0157801705
B1049384202522N00045111EA0157701705
B1049394202521N00045119EA0157701705
B1049404202520N00045126EA0157701705
B1049414202518N00045133EA0157701704
B1049424202516N00045139EA0157601704
B1049434202514N00045146EA0157601703
B1049444202515N00045154EA0157401702
B1049454202516N00045161EA0157301700
B1049464202520N00045168EA0157001698
B1049474202525N00045174EA0157001698
B1049484202530N00045178EA0157001698
B1049494202535N00045181EA0157001697
B1049504202540N00045181EA0157001697
B1049514202545N00045180EA0156901695
B1049524202549N00045177EA0156701694
B1049534202552N00045172EA0156801695
B1049544202554N00045168EA0156801694
B1049554202555N00045164EA0156701694
B1049564202556N00045160EA0156601693
B1049574202558N00045156EA0156301691
B1049584202559N00045152EA0156201689
B1049594202560N00045147EA0156201689
B1050004202560N00045143EA0156201688
B1050014202562N00045139EA0156201688
B1050024202563N00045135EA0156001687
B1050034202563N00045131EA0155801684
B1050044202563N00045126EA0155501682
B1050054202563N00045121EA0155401680
B1050064202563N00045115EA0155401680
B1050074202565N00045110EA0155601681
B1050084202567N00045104EA0155601682
B1050094202569N00045099EA0155901683
B1050104202570N00045094EA0155801683
B1050114202570N00045090EA0155901684
B1050124202569N00045086EA0155801684
B1050134202569N00045082EA0156101685
B1050144202570N00045079EA0156101686
B1050154202571N00045075EA0156201686
B1050164202572N00045072EA0156201687
B1050174202573N00045069EA0156401689
B1050184202574N00045065EA0156601691
B1050194202575N00045062EA0156701692
B1050204202575N00045059EA0156801694
B1050214202574N00045056EA0156901695
B1050224202572N00045055EA0156801694
B1050234202568N00045055EA0156501692
B1050244202563N00045056EA0156401690
B1050254202557N00045059EA0156501690
B1050264202553N00045063EA0156601691
B1050274202550N00045070EA0156501692
B1050284202549N00045076EA0156601691
B1050294202548N00045084EA0156501690
B1050304202547N00045092EA0156201688
B1050314202547N00045101EA0156001686
B1050324202549N00045111EA0155801684
B1050334202554N00045119EA0155501680
B1050344202560N00045123EA0155101678
B1050354202566N00045124EA0155001676
B1050364202571N00045122EA0154901675
B1050374202575N00045118EA0154801673
B1050384202579N00045113EA0154901673
B1050394202583N00045106EA0154901674
B1050404202587N00045101EA0155301677
B1050414202589N00045096EA0155401679
B1050424202592N00045091EA0155501680
B1050434202594N00045087EA0155601680
B1050444202596N00045081EA0155501680
B1050454202597N00045075EA0155501680
B1050464202597N00045070EA0155701682
B1050474202597N00045065EA0155801683
B1050484202597N00045061EA0155801683
B1050494202598N00045056EA0155801683
B1050504202598N00045051EA0155701682
B1050514202596N00045047EA0155601682
B1050524202593N00045044EA0155601681
B1050534202590N00045044EA0155501681
B1050544202586N00045047EA0155401680
B1050554202583N00045050EA0155501680
B1050564202580N00045055EA0155501680
B1050574202578N00045061EA0155301679
B1050584202577N00045068EA0155101678
B1050594202577N00045077EA0155101676
B1051004202579N00045085EA0154901675
B1051014202582N00045093EA0154701673
B1051024202588N00045098EA0154501671
B1051034202596N00045100EA0154401669
B1051044202603N00045098EA0154401668
B1051054202608N00045094EA0154301668
B1051064202611N00045089EA0154201668
B1051074202613N00045086EA0154401668
B1051084202614N00045082EA0154301668
B1051094202615N00045079EA0154201667
B1051104202617N00045074EA0154201666
B1051114202618N00045069EA0153901664
B1051124202618N00045064EA0153901663
B1051134202618N00045059EA0153801663
B1051144202619N00045053EA0153801662
B1051154202621N00045047EA0153801662
B1051164202622N00045042EA0153601662
B1051174202622N00045036EA0153801662
B1051184202622N00045031EA0153601661
B1051194202622N00045027EA0153601660
B1051204202621N00045022EA0153501660
B1051214202621N00045016EA0153401659
B1051224202620N00045010EA0153601660
B1051234202619N00045004EA0153601661
B1051244202619N00044999EA0153801662
B1051254202619N00044994EA0153801663
B1051264202618N00044990EA0153801663
B1051274202618N00044985EA0153701662
B1051284202618N00044979EA0153601660
B1051294202617N00044973EA0153401659
B1051304202616N00044967EA0153301659
B1051314202615N00044961EA0153701660
B1051324202615N00044956EA0153701662
B1051334202615N00044951EA0154001665
B1051344202615N00044947EA0154201667
B1051354202615N00044943EA0154301668
B1051364202615N00044938EA0154301668
B1051374202615N00044932EA0154301668
B1051384202616N00044926EA0154401669
B1051394202616N00044919EA0154801672
B1051404202617N00044913EA0155001675
B1051414202618N00044908EA0155501678
B1051424202618N00044902EA0155701681
B1051434202618N00044897EA0155801684
B1051444202618N00044892EA0156301688
B1051454202618N00044887EA0156701691
B1051464202618N00044882EA0157101695
B1051474202618N00044877EA0157401699
B1051484202618N00044873EA0157601702
B1051494202617N00044869EA0157601704
B1051504202616N00044865EA0158201707
B1051514202617N00044862EA0158301710
B1051524202618N00044859EA0158501713
B1051534202618N00044858EA0158501713
B1051544202615N00044859EA0158501711
B1051554202611N00044863EA0158401711
B1051564202608N00044869EA0158501713
B1051574202606N00044877EA0158801716
B1051584202607N00044886EA0159101717
B1051594202610N00044895EA0159101719
B1052004202613N00044903EA0159401722
B1052014202617N00044911EA0159701724
B1052024202623N00044916EA0159701725
B1052034202630N00044917EA0159901726
B1052044202636N00044915EA0160001729
B1052054202640N00044912EA0160301731
B1052064202643N00044910EA0160601735
B1052074202645N00044908EA0160901737
B1052084202646N00044907EA0161001738
B1052094202647N00044905EA0161001738
B1052104202646N00044902EA0160901738
B1052114202643N00044900EA0161101739
B1052124202640N00044899EA0161301742
B1052134202638N00044900EA0161501744
B1052144202636N00044902EA0161601746
B1052154202634N00044907EA0161701747
B1052164202631N00044913EA0161901747
B1052174202629N00044921EA0162001748
B1052184202627N00044931EA0162001749
B1052194202628N00044941EA0162201751
B1052204202631N00044951EA0162301752
B1052214202637N00044958EA0162401753
B1052224202644N00044962EA0162601755
B1052234202650N00044964EA0163001759
B1052244202655N00044965EA0163401763
B1052254202660N00044965EA0163601765
B1052264202663N00044965EA0163701766
B1052274202667N00044962EA0163701767
B1052284202668N00044959EA0163701767
B1052294202667N00044957EA0163901768
B1052304202665N00044956EA0164001768
B1052314202661N00044958EA0163901770
B1052324202658N00044961EA0164201772
B1052334202655N00044966EA0164601776
B1052344202652N00044971EA0164901779
B1052354202651N00044977EA0165101782
B1052364202650N00044984EA0165101783
B1052374202650N00044993EA0165101782
B1052384202652N00045003EA0165001781
B1052394202657N00045013EA0164901780
B1052404202664N00045020EA0164801780
B1052414202671N00045023EA0165001780
B1052424202678N00045020EA0164901780
B1052434202682N00045016EA0165101781
B1052444202684N00045012EA0165201783
B1052454202685N00045009EA0165501785
B1052464202685N00045007EA0165501786
B1052474202686N00045004EA0165501787
B1052484202686N00045001EA0165601787
B1052494202684N00044999EA0165701789
B1052504202681N00044997EA0166201792
B1052514202680N00044995EA0166501796
B1052524202679N00044994EA0167001800
B1052534202678N00044993EA0167101803
B1052544202675N00044994EA0167101804
B1052554202672N00044998EA0167401805
B1052564202668N00045003EA0167601807
B1052574202666N00045010EA0167601809
B1052584202665N00045018EA0167701810
B1052594202667N00045028EA0167801809
B1053004202671N00045038EA0167801810
B1053014202676N00045045EA0167901811
B1053024202682N00045050EA0168001812
B1053034202688N00045051EA0167901813
B1053044202694N00045050EA0168201814
B1053054202697N00045048EA0168201816
B1053064202700N00045045EA0168601818
B1053074202702N00045043EA0168801820
B1053084202702N00045041EA0168801821
B1053094202702N00045040EA0168901822
B1053104202701N00045039EA0168901822
B1053114202699N00045038EA0169001822
B1053124202696N00045038EA0169001823
B1053134202693N00045039EA0169201825
B1053144202689N00045042EA0169301828
B1053154202687N00045044EA0169501829
B1053164202684N00045047EA0169701831
B1053174202682N00045052EA0169601830
B1053184202680N00045059EA0169301828
B1053194202679N00045068EA0169201826
B1053204202681N00045079EA0169001824
B1053214202687N00045089EA0168701821
B1053224202695N00045094EA0168601819
B1053234202702N00045095EA0168701819
B1053244202708N00045092EA0168601820
B1053254202711N00045089EA0168601820
B1053264202712N00045086EA0168801821
B1053274202711N00045084EA0168801821
B1053284202711N00045082EA0168701821
B1053294202709N00045080EA0168601820
B1053304202708N00045077EA0168601820
B1053314202707N00045075EA0168501819
B1053324202706N00045073EA0168601819
B1053334202705N00045072EA0168501818
B1053344202704N00045070EA0168301817
B1053354202702N00045067EA0168201816
B1053364202701N00045064EA0168201816
B1053374202700N00045062EA0168301816
B1053384202698N00045061EA0168301816
B1053394202696N00045060EA0168301816
B1053404202695N00045060EA0168201816
B1053414202694N00045058EA0168301816
B1053424202692N00045056EA0168201817
B1053434202691N00045054EA0168401817
B1053444202689N00045053EA0168301818
B1053454202687N00045052EA0168201818
B1053464202685N00045052EA0168201818
B1053474202683N00045050EA0168201816
B1053484202681N00045047EA0168201815
B1053494202678N00045043EA0168201816
B1053504202675N00045040EA0168601818
B1053514202673N00045037EA0168701821
B1053524202672N00045034EA0168701823
B1053534202670N00045032EA0168701823
B1053544202668N00045030EA0168801823
B1053554202664N00045029EA0168901824
B1053564202660N00045027EA0169001825
B1053574202657N00045026EA0169101827
B1053584202653N00045024EA0169301829
B1053594202650N00045021EA0169401830
B1054004202647N00045018EA0169601832
B1054014202644N00045014EA0169801834
B1054024202641N00045012EA0170101836
B1054034202638N00045009EA0170301838
B1054044202635N00045008EA0170301840
B1054054202632N00045007EA0170401841
B1054064202629N00045006EA0170401841
B1054074202624N00045007EA0170401840
B1054084202619N00045010EA0170401840
B1054094202613N00045016EA0170501841
B1054104202610N00045025EA0170801844
B1054114202609N00045033EA0171001846
B1054124202609N00045042EA0171201848
B1054134202611N00045050EA0171401849
B1054144202614N00045058EA0171401850
B1054154202619N00045064EA0171401850
B1054164202625N00045066EA0171301849
B1054174202631N00045065EA0171201848
B1054184202636N00045062EA0171401849
B1054194202638N00045058EA0171601852
B1054204202640N00045054EA0171801855
B1054214202639N00045051EA0172301858
B1054224202638N00045048EA0172201859
B1054234202637N00045046EA0172101858
B1054244202634N00045044EA0172001857
B1054254202631N00045042EA0172001856
B1054264202626N00045041EA0172001855
B1054274202621N00045042EA0172001855
B1054284202616N00045045EA0172001856
B1054294202611N00045048EA0172201858
B1054304202607N00045051EA0172201858
B1054314202602N00045052EA0172301858
B1054324202597N00045054EA0172301859
B1054334202592N00045058EA0172301860
B1054344202588N00045064EA0172701862
B1054354202584N00045069EA0172901864
B1054364202581N00045072EA0172901865
B1054374202578N00045074EA0172901865
B1054384202575N00045077EA0173001866
B1054394202573N00045083EA0172801865
B1054404202573N00045093EA0172801863
B1054414202576N00045103EA0172801863
B1054424202582N00045110EA0172801865
B1054434202589N00045113EA0173001866
B1054444202595N00045113EA0173101867
B1054454202599N00045111EA0173101868
B1054464202603N00045108EA0173201868
B1054474202606N00045104EA0173301868
B1054484202607N00045100EA0173301868
B1054494202608N00045095EA0173101868
B1054504202607N00045091EA0173001867
B1054514202605N00045088EA0172901866
B1054524202602N00045086EA0172901865
B1054534202599N00045083EA0172701864
B1054544202594N00045082EA0172701863
B1054554202588N00045082EA0172701862
B1054564202583N00045084EA0172801863
B1054574202578N00045086EA0172701864
B1054584202573N00045087EA0172801864
B1054594202568N00045088EA0172701863
B1055004202563N00045089EA0172801863
B1055014202557N00045091EA0172901864
B1055024202552N00045093EA0172801865
B1055034202547N00045095EA0173001866
B1055044202542N00045097EA0173001867
B1055054202537N00045098EA0173201868
B1055064202532N00045100EA0173201868
B1055074202527N00045104EA0173301868
B1055084202521N00045107EA0173201868
B1055094202516N00045110EA0173301869
B1055104202510N00045112EA0173301869
B1055114202505N00045114EA0173301869
B1055124202500N00045117EA0173201869
B1055134202494N00045120EA0173201869
B1055144202489N00045123EA0173301869
B1055154202483N00045125EA0173301868
B1055164202478N00045128EA0173101868
B1055174202472N00045132EA0173201868
B1055184202467N00045135EA0173201868
B1055194202462N00045139EA0173201868
B1055204202457N00045142EA0173001867
B1055214202451N00045145EA0172801866
B1055224202445N00045147EA0172801865
B1055234202439N00045150EA0172901864
B1055244202433N00045153EA0172801864
B1055254202427N00045156EA0172901864
B1055264202421N00045159EA0172601864
B1055274202416N00045162EA0172701863
B1055284202410N00045165EA0172501862
B1055294202405N00045167EA0172601861
B1055304202399N00045170EA0172501859
B1055314202392N00045173EA0172301858
B1055324202386N00045177EA0172301858
B1055334202381N00045180EA0172101857
B1055344202375N00045183EA0171901856
B1055354202370N00045185EA0171701854
B1055364202364N00045188EA0171801853
B1055374202358N00045191EA0171601851
B1055384202352N00045195EA0171601850
B1055394202346N00045198EA0171401850
B1055404202340N00045202EA0171301849
B1055414202335N00045205EA0171301848
B1055424202330N00045209EA0170901846
B1055434202324N00045213EA0170701843
B1055444202318N00045216EA0170601842
B1055454202312N00045220EA0170401840
B1055464202306N00045224EA0170501839
B1055474202301N00045227EA0170301838
B1055484202295N00045232EA0170101837
B1055494202289N00045236EA0170001835
B1055504202284N00045239EA0169901834
B1055514202278N00045243EA0169601832
B1055524202273N00045247EA0169701831
B1055534202268N00045251EA0169501830
B1055544202262N00045255EA0169301829
B1055554202257N00045258EA0169201827
B1055564202252N00045262EA0169001826
B1055574202247N00045266EA0168901824
B1055584202242N00045270EA0168801823
B1055594202237N00045274EA0168701822
B1056004202232N00045278EA0168601820
B1056014202227N00045282EA0168501819
B1056024202222N00045286EA0168301818
B1056034202217N00045291EA0168201816
B1056044202212N00045295EA0168101815
B1056054202207N00045300EA0167901814
B1056064202202N00045305EA0167901813
B1056074202197N00045311EA0167901812
B1056084202193N00045316EA0167601811
B1056094202188N00045321EA0167501810
B1056104202183N00045325EA0167601809
B1056114202178N00045330EA0167401808
B1056124202173N00045335EA0167301808
B1056134202168N00045340EA0167301807
B1056144202163N00045345EA0167201806
B1056154202158N00045350EA0167101806
B1056164202153N00045355EA0167101805
B1056174202148N00045359EA0167101804
B1056184202143N00045363EA0167001804
B1056194202138N00045366EA0166901803
B1056204202132N00045369EA0166901802
B1056214202127N00045372EA0166801801
B1056224202122N00045375EA0166701800
B1056234202116N00045378EA0166601799
B1056244202111N00045381EA0166601799
B1056254202106N00045383EA0166501798
B1056264202101N00045386EA0166501798
B1056274202096N00045388EA0166401797
B1056284202091N00045391EA0166201796
B1056294202086N00045394EA0166101795
B1056304202081N00045396EA0166101794
B1056314202076N00045399EA0166101793
B1056324202071N00045401EA0166001793
B1056334202066N00045404EA0165901792
B1056344202061N00045407EA0165801791
B1056354202056N00045409EA0165701790
B1056364202051N00045412EA0165701789
B1056374202046N00045415EA0165501788
B1056384202041N00045417EA0165501787
B1056394202035N00045420EA0165401786
B1056404202030N00045423EA0165301785
B1056414202025N00045425EA0165101784
B1056424202019N00045428EA0165001782
B1056434202014N00045431EA0164901781
B1056444202009N00045434EA0164901781
B1056454202003N00045437EA0164801780
B1056464201998N00045440EA0164801779
B1056474201993N00045443EA0164601778
B1056484201988N00045445EA0164501776
B1056494201983N00045448EA0164301775
B1056504201977N00045451EA0164201774
B1056514201972N00045454EA0164001773
B1056524201966N00045457EA0164001772
B1056534201961N00045459EA0163801770
B1056544201956N00045462EA0163801769
B1056554201950N00045465EA0163501768
B1056564201945N00045468EA0163401766
B1056574201939N00045470EA0163301764
B1056584201934N00045473EA0163201763
B1056594201928N00045476EA0163101762
B1057004201923N00045479EA0162901760
B1057014201917N00045483EA0162801758
B1057024201911N00045487EA0162501756
B1057034201905N00045490EA0162501754
B1057044201899N00045493EA0162401753
B1057054201893N00045497EA0162101752
B1057064201887N00045500EA0162101751
B1057074201882N00045504EA0162101750
B1057084201876N00045507EA0161901749
B1057094201871N00045510EA0161801747
B1057104201865N00045514EA0161501745
B1057114201860N00045517EA0161501744
B1057124201854N00045521EA0161201742
B1057134201849N00045524EA0161101741
B1057144201843N00045527EA0161101739
B1057154201837N00045530EA0161001738
B1057164201831N00045533EA0160801736
B1057174201826N00045536EA0160601735
B1057184201820N00045538EA0160601734
B1057194201815N00045539EA0160401732
B1057204201809N00045541EA0160101730
B1057214201804N00045542EA0160001729
B1057224201798N00045545EA0159801727
B1057234201792N00045547EA0159801725
B1057244201786N00045549EA0159501724
B1057254201780N00045551EA0159501723
B1057264201775N00045553EA0159301722
B1057274201769N00045555EA0159301721
B1057284201764N00045557EA0159201720
B1057294201759N00045559EA0159201719
B1057304201754N00045561EA0159101718
B1057314201749N00045563EA0158901717
B1057324201743N00045565EA0158801716
B1057334201738N00045567EA0158701715
B1057344201733N00045568EA0158701713
B1057354201727N00045570EA0158501712
B1057364201722N00045572EA0158401711
B1057374201716N00045575EA0158301710
B1057384201711N00045578EA0158201710
B1057394201706N00045580EA0158201709
B1057404201700N00045582EA0158101708
B1057414201695N00045585EA0158001706
B1057424201690N00045589EA0157801705
B1057434201684N00045592EA0157601704
B1057444201679N00045596EA0157501702
B1057454201674N00045598EA0157501701
B1057464201668N00045601EA0157401700
B1057474201663N00045603EA0157301699
B1057484201658N00045605EA0157301699
B1057494201653N00045607EA0157101698
B1057504201648N00045608EA0157101697
B1057514201643N00045610EA0157001695
B1057524201638N00045612EA0156601693
B1057534201632N00045615EA0156601692
B1057544201627N00045617EA0156501691
B1057554201621N00045620EA0156401691
B1057564201616N00045622EA0156501691
B1057574201611N00045623EA0156401690
B1057584201606N00045625EA0156201689
B1057594201601N00045626EA0156101687
B1058004201596N00045628EA0156001686
B1058014201591N00045630EA0156001686
B1058024201586N00045631EA0155901685
B1058034201581N00045633EA0155801685
B1058044201577N00045635EA0155801684
B1058054201572N00045637EA0155701682
B1058064201567N00045639EA0155501681
B1058074201562N00045640EA0155501680
B1058084201557N00045642EA0155401679
B1058094201552N00045644EA0155201678
B1058104201548N00045646EA0155101677
B1058114201543N00045648EA0154901676
B1058124201538N00045650EA0154901675
B1058134201533N00045652EA0154801674
B1058144201528N00045654EA0154801673
B1058154201523N00045656EA0154701672
B1058164201518N00045659EA0154501671
B1058174201512N00045661EA0154501670
B1058184201507N00045664EA0154501669
B1058194201502N00045666EA0154401668
B1058204201496N00045668EA0154201667
B1058214201491N00045669EA0154201667
B1058224201486N00045671EA0154001666
B1058234201480N00045673EA0154101665
B1058244201475N00045674EA0154001664
B1058254201470N00045675EA0153801664
B1058264201465N00045676EA0153801662
B1058274201459N00045677EA0153601661
B1058284201454N00045679EA0153501660
B1058294201448N00045680EA0153401659
B1058304201443N00045681EA0153301658
B1058314201438N00045682EA0153101657
B1058324201433N00045682EA0153101656
B1058334201428N00045683EA0152901654
B1058344201422N00045684EA0152901653
B1058354201417N00045685EA0152801652
B1058364201412N00045686EA0152601651
B1058374201406N00045687EA0152601650
B1058384201401N00045687EA0152401648
B1058394201396N00045688EA0152301647
B1058404201390N00045689EA0152201646
B1058414201385N00045690EA0152001645
B1058424201379N00045691EA0151901643
B1058434201374N00045692EA0151801642
B1058444201368N00045694EA0151701641
B1058454201363N00045695EA0151701639
B1058464201357N00045696EA0151501638
B1058474201351N00045697EA0151301637
B1058484201345N00045698EA0151201635
B1058494201339N00045699EA0151201634
B1058504201333N00045700EA0151101633
B1058514201327N00045702EA0150901632
B1058524201321N00045703EA0150801631
B1058534201316N00045704EA0150701631
B1058544201310N00045705EA0150601630
B1058554201305N00045707EA0150501629
B1058564201300N00045708EA0150501627
B1058574201294N00045709EA0150301626
B1058584201288N00045710EA0150201624
B1058594201283N00045711EA0150101623
B1059004201277N00045711EA0150101623
B1059014201272N00045712EA0150001622
B1059024201266N00045713EA0150001622
B1059034201261N00045714EA0149901622
B1059044201257N00045715EA0149801621
B1059054201252N00045715EA0149501620
B1059064201247N00045716EA0149601618
B1059074201241N00045715EA0149301617
B1059084201236N00045715EA0149501616
B1059094201231N00045715EA0149401616
B1059104201226N00045715EA0149401616
B1059114201221N00045715EA0149401616
B1059124201216N00045715EA0149401616
B1059134201212N00045715EA0149301615
B1059144201207N00045714EA0149201614
B1059154201203N00045713EA0148901613
B1059164201199N00045712EA0148901612
B1059174201194N00045711EA0148901610
B1059184201189N00045709EA0148801609
B1059194201184N00045708EA0148701609
B1059204201179N00045708EA0148701609
B1059214201175N00045708EA0148801609
B1059224201170N00045708EA0148701609
B1059234201166N00045707EA0148601608
B1059244201161N00045706EA0148301606
B1059254201156N00045706EA0148201605
B1059264201151N00045705EA0148101604
B1059274201146N00045705EA0148001603
B1059284201140N00045705EA0148001602
B1059294201135N00045705EA0147801600
B1059304201130N00045705EA0147601599
B1059314201125N00045705EA0147401596
B1059324201120N00045705EA0147401595
B1059334201114N00045705EA0147201594
B1059344201108N00045705EA0147201593
B1059354201103N00045706EA0147001592
B1059364201098N00045706EA0146801591
B1059374201092N00045707EA0146701590
B1059384201087N00045707EA0146701588
B1059394201081N00045707EA0146701587
B1059404201076N00045707EA0146601587
B1059414201071N00045706EA0146501586
B1059424201066N00045706EA0146501586
B1059434201062N00045706EA0146301585
B1059444201057N00045706EA0146201584
B1059454201052N00045706EA0146101582
B1059464201048N00045707EA0145801580
B1059474201043N00045708EA0145801578
B1059484201038N00045709EA0145601577
B1059494201033N00045709EA0145401576
B1059504201029N00045710EA0145201574
B1059514201024N00045710EA0145201572
B1059524201019N00045710EA0144901571
B1059534201015N00045709EA0144801569
B1059544201010N00045709EA0144701568
B1059554201004N00045710EA0144701567
B1059564200999N00045710EA0144501565
B1059574200994N00045711EA0144301563
B1059584200990N00045711EA0144101561
B1059594200985N00045711EA0143901559
B1100004200981N00045712EA0143901558
B1100014200976N00045713EA0143601555
B1100024200972N00045714EA0143401553
B1100034200967N00045715EA0143201551
B1100044200962N00045716EA0143101550
B1100054200957N00045717EA0143001549
B1100064200953N00045717EA0142901548
B1100074200949N00045718EA0142801547
B1100084200945N00045719EA0142501545
B1100094200941N00045721EA0142401543
B1100104200937N00045723EA0142201542
B1100114200933N00045724EA0142201541
B1100124200929N00045725EA0142101539
B1100134200925N00045726EA0141901537
B1100144200921N00045728EA0141601535
B1100154200917N00045730EA0141601534
B1100164200914N00045731EA0141501533
B1100174200910N00045732EA0141601533
B1100184200906N00045733EA0141501532
B1100194200903N00045733EA0141401531
B1100204200899N00045734EA0141201530
B1100214200896N00045735EA0141301530
B1100224200893N00045735EA0141301530
B1100234200890N00045735EA0141301529
B1100244200887N00045735EA0141201529
B1100254200884N00045735EA0141001528
B1100264200881N00045736EA0140801526
B1100274200877N00045736EA0140801525
B1100284200874N00045736EA0140701524
B1100294200870N00045736EA0140601524
B1100304200867N00045735EA0140501523
B1100314200865N00045734EA0140401522
B1100324200862N00045732EA0140201520
B1100334200859N00045730EA0140101519
B1100344200855N00045729EA0140001518
B1100354200852N00045727EA0140101517
B1100364200849N00045726EA0139901517
B1100374200846N00045726EA0140001516
B1100384200842N00045727EA0139901516
B1100394200839N00045728EA0139901515
B1100404200835N00045729EA0139801514
B1100414200832N00045730EA0139701513
B1100424200828N00045731EA0139501513
B1100434200825N00045733EA0139501512
B1100444200821N00045735EA0139501512
B1100454200818N00045737EA0139501511
B1100464200814N00045739EA0139501511
B1100474200811N00045741EA0139301511
B1100484200808N00045744EA0139201510
B1100494200804N00045747EA0139401510
B1100504200801N00045751EA0139201509
B1100514200798N00045754EA0139201509
B1100524200795N00045757EA0139101508
B1100534200792N00045761EA0139301508
B1100544200789N00045764EA0139101508
B1100554200786N00045768EA0139101508
B1100564200783N00045771EA0139101507
B1100574200781N00045775EA0138901506
B1100584200778N00045779EA0138901505
B1100594200775N00045783EA0138801504
B1101004200771N00045787EA0138801504
B1101014200768N00045791EA0138701503
B1101024200766N00045796EA0138601503
B1101034200763N00045800EA0138601502
B1101044200761N00045804EA0138401501
B1101054200758N00045808EA0138301500
B1101064200755N00045813EA0138301499
B1101074200752N00045817EA0138201497
B1101084200749N00045822EA0138201497
B1101094200746N00045828EA0138201497
B1101104200744N00045833EA0138101498
B1101114200741N00045836EA0138201497
B1101124200737N00045839EA0137901496
B1101134200733N00045840EA0138001495
B1101144200730N00045839EA0138001495
B1101154200727N00045838EA0138001495
B1101164200724N00045836EA0137901495
B1101174200722N00045833EA0137701494
B1101184200721N00045830EA0137601492
B1101194200720N00045825EA0137501491
B1101204200720N00045820EA0137401490
B1101214200721N00045815EA0137301489
B1101224200723N00045809EA0137201488
B1101234200725N00045804EA0137201488
B1101244200729N00045798EA0137101487
B1101254200732N00045793EA0137001486
B1101264200737N00045788EA0137001486
B1101274200742N00045784EA0136901486
B1101284200747N00045780EA0136901485
B1101294200753N00045776EA0136901485
B1101304200759N00045773EA0136801484
B1101314200764N00045769EA0136701483
B1101324200771N00045766EA0136601482
B1101334200777N00045763EA0136601481
B1101344200784N00045760EA0136501480
B1101354200790N00045757EA0136401479
B1101364200796N00045754EA0136401479
B1101374200802N00045751EA0136301478
B1101384200808N00045748EA0136301477
B1101394200814N00045745EA0136201476
B1101404200820N00045741EA0136101475
B1101414200826N00045738EA0136001475
B1101424200832N00045735EA0135901474
B1101434200839N00045733EA0135901473
B1101444200845N00045730EA0135801473
B1101454200852N00045728EA0135701472
B1101464200858N00045726EA0135701471
B1101474200865N00045724EA0135801471
B1101484200871N00045722EA0135801471
B1101494200878N00045720EA0135701470
B1101504200884N00045718EA0135501469
B1101514200890N00045715EA0135401468
B1101524200896N00045712EA0135201466
B1101534200902N00045708EA0135101465
B1101544200908N00045705EA0135101464
B1101554200914N00045702EA0134901463
B1101564200920N00045699EA0134901463
B1101574200926N00045696EA0134701462
B1101584200931N00045693EA0134701461
B1101594200937N00045689EA0134601459
B1102004200942N00045686EA0134501458
B1102014200947N00045683EA0134301457
B1102024200952N00045679EA0134201455
B1102034200958N00045675EA0134101454
B1102044200963N00045672EA0134101453
B1102054200969N00045668EA0133901452
B1102064200974N00045665EA0133801451
B1102074200979N00045661EA0133801450
B1102084200984N00045658EA0133601449
B1102094200990N00045654EA0133501448
B1102104200995N00045651EA0133501447
B1102114201000N00045647EA0133301446
B1102124201005N00045644EA0133201445
B1102134201010N00045640EA0133101443
B1102144201016N00045637EA0132801441
B1102154201021N00045635EA0132801440
B1102164201027N00045632EA0132601438
B1102174201033N00045629EA0132501437
B1102184201039N00045627EA0132301435
B1102194201044N00045624EA0132101433
B1102204201050N00045621EA0132001431
B1102214201056N00045618EA0131801429
B1102224201062N00045615EA0131601428
B1102234201068N00045612EA0131501426
B1102244201074N00045610EA0131401425
B1102254201080N00045607EA0131101423
B1102264201086N00045605EA0131001421
B1102274201092N00045603EA0130901420
B1102284201098N00045601EA0130701418
B1102294201104N00045599EA0130501417
B1102304201110N00045597EA0130401415
B1102314201116N00045596EA0130301414
B1102324201122N00045594EA0130201412
B1102334201128N00045592EA0129901410
B1102344201135N00045590EA0129701408
B1102354201141N00045587EA0129601406
B1102364201147N00045585EA0129301405
B1102374201153N00045583EA0129301404
B1102384201158N00045581EA0129101403
B1102394201164N00045579EA0128901401
B1102404201170N00045577EA0128801399
B1102414201176N00045575EA0128601397
B1102424201182N00045572EA0128601396
B1102434201188N00045570EA0128401394
B1102444201193N00045567EA0128201393
B1102454201199N00045565EA0128001391
B1102464201204N00045562EA0127801389
B1102474201210N00045560EA0127801387
B1102484201216N00045557EA0127701386
B1102494201222N00045555EA0127501384
B1102504201227N00045552EA0127401383
B1102514201233N00045550EA0127201382
B1102524201238N00045548EA0127001380
B1102534201244N00045546EA0126901379
B1102544201249N00045543EA0126901377
B1102554201255N00045541EA0126701376
B1102564201260N00045539EA0126601375
B1102574201265N00045537EA0126401374
B1102584201270N00045536EA0126201372
B1102594201276N00045533EA0126101370
B1103004201281N00045531EA0126001368
B1103014201287N00045529EA0125701366
B1103024201292N00045526EA0125501365
B1103034201297N00045523EA0125501364
B1103044201302N00045521EA0125301362
B1103054201307N00045518EA0125201361
B1103064201313N00045516EA0124901359
B1103074201318N00045514EA0124801357
B1103084201323N00045511EA0124701356
B1103094201329N00045509EA0124701355
B1103104201334N00045507EA0124601354
B1103114201339N00045505EA0124401353
B1103124201344N00045503EA0124101351
B1103134201349N00045500EA0124201350
B1103144201355N00045498EA0124201350
B1103154201360N00045495EA0124201350
B1103164201364N00045494EA0124201349
B1103174201369N00045493EA0124001349
B1103184201373N00045492EA0123901347
B1103194201378N00045491EA0123901347
B1103204201383N00045491EA0123801346
B1103214201388N00045490EA0123701345
B1103224201393N00045489EA0123601343
B1103234201398N00045487EA0123501342
B1103244201402N00045486EA0123301341
B1103254201407N00045485EA0123201340
B1103264201412N00045483EA0123101338
B1103274201416N00045481EA0122901336
B1103284201420N00045478EA0122701334
B1103294201424N00045476EA0122301332
B1103304201429N00045473EA0122101329
B1103314201433N00045471EA0121901325
B1103324201438N00045468EA0121501322
B1103334201443N00045466EA0121101318
B1103344201448N00045464EA0120701314
B1103354201454N00045461EA0120501311
B1103364201460N00045458EA0120101308
B1103374201465N00045456EA0119901306
B1103384201471N00045453EA0119801303
B1103394201476N00045451EA0119301300
B1103404201482N00045448EA0118901296
B1103414201487N00045444EA0118501293
B1103424201492N00045441EA0118501290
B1103434201498N00045437EA0118101287
B1103444201503N00045434EA0118101285
B1103454201508N00045430EA0117701283
B1103464201513N00045427EA0117601281
B1103474201518N00045423EA0117401278
B1103484201522N00045420EA0117101275
B1103494201528N00045417EA0116801272
B1103504201533N00045412EA0116601270
B1103514201539N00045406EA0116501269
B1103524201544N00045402EA0116701270
B1103534201549N00045400EA0116801272
B1103544201553N00045399EA0117001274
B1103554201557N00045398EA0117001274
B1103564201560N00045396EA0116901272
B1103574201563N00045393EA0116701270
B1103584201567N00045388EA0116701270
B1103594201571N00045384EA0117001272
B1104004201574N00045381EA0117301276
B1104014201577N00045379EA0117101277
B1104024201580N00045379EA0117201277
B1104034201583N00045377EA0117201275
B1104044201587N00045375EA0116901272
B1104054201591N00045372EA0116601270
B1104064201595N00045368EA0116501269
B1104074201599N00045365EA0116401268
B1104084201603N00045362EA0116201267
B1104094201607N00045361EA0116301265
B1104104201611N00045359EA0116001264
B1104114201615N00045357EA0115901263
B1104124201620N00045354EA0115901262
B1104134201624N00045352EA0115901262
B1104144201628N00045350EA0115801261
B1104154201632N00045348EA0115701260
B1104164201636N00045346EA0115601259
B1104174201640N00045344EA0115501257
B1104184201644N00045341EA0115401256
B1104194201649N00045338EA0115201255
B1104204201653N00045334EA0115301256
B1104214201658N00045330EA0115501257
B1104224201663N00045326EA0115801259
B1104234201668N00045323EA0115901262
B1104244201673N00045320EA0116101263
B1104254201677N00045317EA0116101264
B1104264201682N00045314EA0116301265
B1104274201687N00045311EA0116401267
B1104284201692N00045308EA0116701270
B1104294201696N00045305EA0116901272
B1104304201701N00045303EA0117101274
B1104314201704N00045300EA0117201276
B1104324201708N00045297EA0117601278
B1104334201710N00045294EA0117801280
B1104344201711N00045289EA0118001282
B1104354201710N00045284EA0118101283
B1104364201707N00045279EA0118201284
B1104374201703N00045278EA0118301286
B1104384201698N00045279EA0118501287
B1104394201693N00045284EA0118701289
B1104404201691N00045291EA0118701290
B1104414201692N00045299EA0118701291
B1104424201695N00045306EA0118901292
B1104434201700N00045310EA0119001294
B1104444201705N00045311EA0119301296
B1104454201710N00045312EA0119601299
B1104464201715N00045312EA0119901303
B1104474201719N00045313EA0120101305
B1104484201723N00045311EA0120301308
B1104494201728N00045309EA0120601310
B1104504201733N00045307EA0120901312
B1104514201737N00045305EA0121101315
B1104524201740N00045303EA0121001316
B1104534201742N00045300EA0121201317
B1104544201741N00045295EA0121001316
B1104554201739N00045290EA0121001316
B1104564201735N00045288EA0121101316
B1104574201729N00045289EA0121101316
B1104584201724N00045294EA0121101316
B1104594201721N00045302EA0121201317
B1105004201720N00045310EA0121601320
B1105014201721N00045318EA0121801322
B1105024201722N00045324EA0122001325
B1105034201724N00045330EA0122201328
B1105044201726N00045337EA0122301329
B1105054201729N00045342EA0122501331
B1105064201734N00045346EA0122601332
B1105074201739N00045346EA0122701333
B1105084201744N00045343EA0122901334
B1105094201746N00045338EA0123201337
B1105104201747N00045332EA0123501341
B1105114201745N00045328EA0123801345
B1105124201742N00045326EA0123901346
B1105134201738N00045326EA0123801346
B1105144201734N00045327EA0123901346
B1105154201729N00045331EA0123801346
B1105164201725N00045337EA0124001347
B1105174201722N00045344EA0124601351
B1105184201721N00045351EA0125001355
B1105194201721N00045357EA0125101358
B1105204201720N00045362EA0125301361
B1105214201720N00045368EA0125501362
B1105224201721N00045375EA0125601363
B1105234201725N00045382EA0125701364
B1105244201730N00045387EA0125901365
B1105254201737N00045387EA0126001367
B1105264201742N00045385EA0126201370
B1105274201747N00045381EA0126601373
B1105284201750N00045377EA0126901377
B1105294201753N00045373EA0127301380
B1105304201754N00045369EA0127401383
B1105314201755N00045365EA0127601385
B1105324201753N00045361EA0127801386
B1105334201750N00045358EA0127801386
B1105344201745N00045357EA0128001387
B1105354201739N00045360EA0128001389
B1105364201735N00045363EA0128401393
B1105374201732N00045366EA0128801396
B1105384201730N00045370EA0128901399
B1105394201729N00045374EA0129101400
B1105404201726N00045381EA0129201401
B1105414201725N00045389EA0129501404
B1105424201724N00045396EA0129801409
B1105434201725N00045402EA0130201413
B1105444201727N00045408EA0130401416
B1105454201729N00045413EA0130501417
B1105464201732N00045419EA0130601418
B1105474201737N00045424EA0130901419
B1105484201743N00045425EA0131001420
B1105494201749N00045424EA0131201423
B1105504201753N00045419EA0131701427
B1105514201754N00045414EA0131901431
B1105524201754N00045410EA0132301435
B1105534201753N00045407EA0132701439
B1105544201750N00045405EA0132801441
B1105554201747N00045402EA0133001442
B1105564201744N00045400EA0133001443
B1105574201739N00045401EA0133101444
B1105584201734N00045405EA0133301445
B1105594201731N00045412EA0133501446
B1106004201731N00045420EA0133701449
B1106014201732N00045427EA0134201453
B1106024201733N00045432EA0134201456
B1106034201734N00045436EA0134401458
B1106044201737N00045442EA0134401457
B1106054201742N00045447EA0134301456
B1106064201748N00045451EA0134501458
B1106074201754N00045452EA0134801460
B1106084201759N00045451EA0134901463
B1106094201764N00045449EA0135301465
B1106104201768N00045446EA0135601468
B1106114201771N00045441EA0135701470
B1106124201773N00045436EA0136101473
B1106134201773N00045430EA0136301476
B1106144201771N00045426EA0136401479
B1106154201768N00045424EA0136801481
B1106164201765N00045422EA0137001484
B1106174201762N00045420EA0137201487
B1106184201759N00045418EA0137401488
B1106194201755N00045420EA0137501488
B1106204201750N00045425EA0137301488
B1106214201747N00045432EA0137601490
B1106224201746N00045439EA0137801492
B1106234201747N00045445EA0137901494
B1106244201751N00045451EA0137901494
B1106254201756N00045455EA0138001495
B1106264201762N00045458EA0138301498
B1106274201768N00045459EA0138601501
B1106284201772N00045458EA0138901504
B1106294201776N00045456EA0138901506
B1106304201779N00045454EA0139001506
B1106314201782N00045449EA0139101506
B1106324201784N00045444EA0139201508
B1106334201784N00045439EA0139401510
B1106344201783N00045435EA0139601512
B1106354201782N00045432EA0139601513
B1106364201780N00045428EA0139601512
B1106374201775N00045426EA0139601512
B1106384201770N00045426EA0139501512
B1106394201766N00045430EA0139601512
B1106404201764N00045436EA0139501512
B1106414201765N00045444EA0139601513
B1106424201767N00045450EA0139601514
B1106434201770N00045456EA0139901515
B1106444201774N00045461EA0140001516
B1106454201778N00045465EA0140001517
B1106464201782N00045470EA0140001517
B1106474201786N00045475EA0139901517
B1106484201791N00045478EA0139901517
B1106494201796N00045481EA0140001518
B1106504201801N00045484EA0140101518
B1106514201806N00045488EA0140201519
B1106524201810N00045491EA0140401521
B1106534201815N00045494EA0140401522
B1106544201819N00045497EA0140601523
B1106554201823N00045502EA0140901524
B1106564201827N00045508EA0140901526
B1106574201831N00045516EA0141101527
B1106584201833N00045524EA0141001528
B1106594201835N00045533EA0141201530
B1107004201837N00045541EA0141501532
B1107014201838N00045549EA0141601533
B1107024201839N00045558EA0141801535
B1107034201841N00045567EA0142001538
B1107044201842N00045576EA0142301542
B1107054201843N00045585EA0142801545
B1107064201844N00045593EA0142901548
B1107074201845N00045600EA0143101550
B1107084201846N00045608EA0143201551
B1107094201846N00045616EA0143301552
B1107104201845N00045625EA0143501554
B1107114201843N00045632EA0143901557
B1107124201841N00045637EA0144101559
B1107134201839N00045643EA0144101561
B1107144201836N00045648EA0144301562
B1107154201833N00045652EA0144401564
B1107164201829N00045655EA0144701566
B1107174201825N00045655EA0145001569
B1107184201823N00045655EA0145101572
B1107194201820N00045654EA0145301574
B1107204201818N00045652EA0145701577
B1107214201815N00045650EA0146101579
B1107224201814N00045646EA0146301582
B1107234201814N00045643EA0146701585
B1107244201815N00045640EA0146801588
B1107254201817N00045638EA0147101591
B1107264201819N00045636EA0147301593
B1107274201822N00045635EA0147501595
B1107284201827N00045635EA0147501595
B1107294201832N00045638EA0147401596
B1107304201838N00045643EA0147601597
B1107314201842N00045650EA0147801599
B1107324201846N00045657EA0148201602
B1107334201849N00045665EA0148301605
B1107344201850N00045673EA0148501606
B1107354201850N00045681EA0148501607
B1107364201848N00045690EA0148701608
B1107374201844N00045697EA0149101611
B1107384201840N00045702EA0149401614
B1107394201836N00045707EA0149701618
B1107404201833N00045710EA0149901621
B1107414201829N00045711EA0150001622
B1107424201825N00045710EA0149901622
B1107434201821N00045708EA0150001621
B1107444201818N00045704EA0150201622
B1107454201816N00045698EA0150101622
B1107464201815N00045692EA0150301625
B1107474201814N00045686EA0150601628
B1107484201815N00045682EA0151101633
B1107494201815N00045679EA0151401637
B1107504201817N00045676EA0151601640
B1107514201818N00045673EA0151601640
B1107524201819N00045669EA0152001643
B1107534201822N00045666EA0152201645
B1107544201827N00045666EA0152301646
B1107554201832N00045669EA0152201646
B1107564201837N00045674EA0152301646
B1107574201841N00045680EA0152501648
B1107584201844N00045687EA0152601650
B1107594201847N00045694EA0152701651
B1108004201850N00045702EA0152701651
B1108014201851N00045711EA0152801651
B1108024201849N00045719EA0152801651
B1108034201846N00045727EA0152901652
B1108044201842N00045732EA0153101655
B1108054201838N00045735EA0153601658
B1108064201835N00045737EA0153901661
B1108074201831N00045738EA0153901663
B1108084201827N00045737EA0154101665
B1108094201823N00045734EA0154301667
B1108104201821N00045729EA0154701670
B1108114201820N00045724EA0154901672
B1108124201820N00045720EA0155101674
B1108134201821N00045716EA0155001675
B1108144201823N00045713EA0154901674
B1108154201827N00045709EA0154901673
B1108164201831N00045705EA0155001674
B1108174201836N00045704EA0155201676
B1108184201841N00045703EA0155201679
B1108194201845N00045703EA0155501680
B1108204201849N00045703EA0155301679
B1108214201854N00045705EA0155301678
B1108224201859N00045707EA0155401677
B1108234201865N00045712EA0155401678
B1108244201869N00045718EA0155501679
B1108254201871N00045724EA0155501680
B1108264201873N00045731EA0155601681
B1108274201875N00045738EA0155501680
B1108284201875N00045746EA0155301680
B1108294201874N00045753EA0155301679
B1108304201872N00045761EA0155501681
B1108314201870N00045766EA0155701683
B1108324201868N00045771EA0155901685
B1108334201866N00045775EA0156101687
B1108344201863N00045780EA0156101687
B1108354201860N00045784EA0156101686
B1108364201855N00045788EA0156001687
B1108374201850N00045789EA0156301689
B1108384201847N00045790EA0156601692
B1108394201843N00045789EA0156601693
B1108404201841N00045787EA0156801695
B1108414201839N00045784EA0156801695
B1108424201837N00045780EA0157201697
B1108434201835N00045777EA0157201699
B1108444201835N00045774EA0157301700
B1108454201835N00045772EA0157401700
B1108464201836N00045769EA0157301700
B1108474201838N00045765EA0157301700
B1108484201841N00045762EA0157501701
B1108494201844N00045760EA0157801703
B1108504201848N00045759EA0157801705
B1108514201852N00045761EA0157801704
B1108524201856N00045765EA0157501702
B1108534201861N00045770EA0157401701
B1108544201865N00045777EA0157601702
B1108554201869N00045784EA0157801703
B1108564201871N00045792EA0158001705
B1108574201873N00045800EA0158001707
B1108584201873N00045809EA0158201709
B1108594201873N00045817EA0158301710
B1109004201871N00045825EA0158401710
B1109014201867N00045832EA0158401710
B1109024201861N00045837EA0158301710
B1109034201856N00045839EA0158501711
B1109044201852N00045840EA0158601713
B1109054201849N00045839EA0158601714
B1109064201847N00045837EA0158701714
B1109074201845N00045834EA0158701714
B1109084201844N00045831EA0158801714
B1109094201845N00045828EA0158601713
B1109104201846N00045824EA0158801714
B1109114201848N00045820EA0158801714
B1109124201849N00045816EA0158901716
B1109134201851N00045812EA0159001716
B1109144201853N00045809EA0159001716
B1109154201855N00045805EA0158901716
B1109164201859N00045800EA0158901716
B1109174201863N00045795EA0158901717
B1109184201865N00045790EA0159301718
B1109194201868N00045785EA0159501721
B1109204201870N00045781EA0159601722
B1109214201873N00045778EA0159501722
B1109224201875N00045775EA0159301721
B1109234201878N00045771EA0159201718
B1109244201881N00045766EA0158901716
B1109254201885N00045761EA0158801714
B1109264201889N00045757EA0158501712
B1109274201893N00045753EA0158401711
B1109284201896N00045749EA0158401710
B1109294201900N00045745EA0158201708
B1109304201903N00045741EA0158001706
B1109314201907N00045738EA0157701704
B1109324201911N00045734EA0157601701
B1109334201916N00045730EA0157401699
B1109344201920N00045727EA0157301698
B1109354201924N00045723EA0157001696
B1109364201928N00045721EA0156801693
B1109374201933N00045718EA0156501690
B1109384201937N00045715EA0156201688
B1109394201942N00045712EA0156101685
B1109404201946N00045710EA0155801682
B1109414201952N00045709EA0155501679
B1109424201957N00045707EA0155201676
B1109434201962N00045704EA0154901674
B1109444201966N00045701EA0154801672
B1109454201970N00045698EA0154501669
B1109464201975N00045695EA0154301666
B1109474201980N00045691EA0153901663
B1109484201985N00045688EA0153801660
B1109494201991N00045684EA0154001660
B1109504201996N00045682EA0154101663
B1109514202000N00045680EA0154501667
B1109524202003N00045680EA0154701669
B1109534202005N00045680EA0154801670
B1109544202008N00045680EA0154501669
B1109554202012N00045680EA0154501667
B1109564202016N00045680EA0154201665
B1109574202021N00045680EA0154101663
B1109584202026N00045680EA0153901662
B1109594202032N00045681EA0154001662
B1110004202037N00045683EA0154201663
B1110014202042N00045684EA0154201664
B1110024202047N00045685EA0154201665
B1110034202052N00045686EA0154501667
B1110044202057N00045688EA0154601669
B1110054202062N00045690EA0154901671
B1110064202066N00045692EA0154901673
B1110074202070N00045692EA0155201675
B1110084202075N00045693EA0155301676
B1110094202079N00045694EA0155401677
B1110104202085N00045695EA0155501678
B1110114202090N00045697EA0155501679
B1110124202095N00045698EA0155701681
B1110134202099N00045700EA0155801683
B1110144202103N00045702EA0155901683
B1110154202108N00045703EA0155701682
B1110164202114N00045704EA0155701680
B1110174202119N00045704EA0155701680
B1110184202125N00045703EA0155701681
B1110194202131N00045703EA0155701681
B1110204202136N00045702EA0155701681
B1110214202141N00045701EA0155701680
B1110224202147N00045700EA0155601679
B1110234202152N00045698EA0155601679
B1110244202157N00045697EA0155301677
B1110254202161N00045695EA0155101675
B1110264202166N00045694EA0154701672
B1110274202171N00045692EA0154501669
B1110284202176N00045690EA0154301667
B1110294202181N00045687EA0154401667
B1110304202186N00045685EA0154301667
B1110314202190N00045683EA0154101666
B1110324202194N00045682EA0153901664
B1110334202198N00045681EA0153901661
B1110344202204N00045678EA0153601659
B1110354202209N00045676EA0153401657
B1110364202215N00045674EA0153401657
B1110374202220N00045672EA0153401657
B1110384202225N00045670EA0153301656
B1110394202230N00045668EA0153201655
B1110404202235N00045665EA0153001654
B1110414202240N00045662EA0152901652
B1110424202246N00045658EA0152901651
B1110434202251N00045654EA0153101652
B1110444202257N00045650EA0153101653
B1110454202261N00045647EA0153301656
B1110464202265N00045644EA0153201656
B1110474202267N00045642EA0153101655
B1110484202270N00045639EA0152801653
B1110494202273N00045635EA0152801650
B1110504202278N00045631EA0152701648
B1110514202283N00045626EA0152401647
B1110524202288N00045621EA0152701649
B1110534202291N00045617EA0152901651
B1110544202294N00045614EA0152901652
B1110554202297N00045611EA0152801651
B1110564202301N00045608EA0152601649
B1110574202304N00045604EA0152301647
B1110584202308N00045600EA0152101645
B1110594202312N00045595EA0152101643
B1111004202317N00045591EA0152001642
B1111014202321N00045587EA0151901641
B1111024202325N00045583EA0151801641
B1111034202328N00045578EA0151801640
B1111044202332N00045574EA0151701640
B1111054202336N00045569EA0151701639
B1111064202340N00045565EA0151701638
B1111074202344N00045560EA0151501637
B1111084202348N00045556EA0151501637
B1111094202352N00045552EA0151501637
B1111104202356N00045548EA0151501637
B1111114202359N00045545EA0151401636
B1111124202364N00045541EA0151201635
B1111134202368N00045538EA0151101633
B1111144202373N00045534EA0150901631
B1111154202377N00045530EA0150801630
B1111164202381N00045526EA0150801629
B1111174202385N00045521EA0150701628
B1111184202389N00045517EA0150501626
B1111194202393N00045513EA0150301625
B1111204202396N00045509EA0150201624
B1111214202400N00045505EA0150001623
B1111224202403N00045500EA0150001622
B1111234202407N00045494EA0150101622
B1111244202410N00045489EA0150201622
B1111254202414N00045484EA0150501625
B1111264202417N00045481EA0150801628
B1111274202421N00045478EA0150901630
B1111284202424N00045475EA0151101632
B1111294202427N00045471EA0151201633
B1111304202430N00045466EA0151401634
B1111314202434N00045461EA0151601636
B1111324202438N00045456EA0151701639
B1111334202442N00045452EA0151901641
B1111344202445N00045448EA0151801641
B1111354202449N00045445EA0151601640
B1111364202452N00045440EA0151601638
B1111374202456N00045434EA0151501636
B1111384202461N00045429EA0151501635
B1111394202465N00045423EA0151401635
B1111404202470N00045418EA0151401636
B1111414202473N00045413EA0151501637
B1111424202476N00045409EA0151501637
B1111434202478N00045404EA0151501637
B1111444202481N00045400EA0151601637
B1111454202484N00045396EA0151501637
B1111464202487N00045391EA0151501637
B1111474202490N00045387EA0151501636
B1111484202493N00045382EA0151401636
B1111494202495N00045376EA0151501636
B1111504202498N00045371EA0151601636
B1111514202500N00045365EA0151701638
B1111524202503N00045359EA0151901640
B1111534202505N00045353EA0152001642
B1111544202507N00045348EA0152101644
B1111554202509N00045343EA0152301645
B1111564202510N00045339EA0152401646
B1111574202512N00045334EA0152301646
B1111584202513N00045328EA0152401646
B1111594202514N00045322EA0152401646
B1112004202516N00045317EA0152501647
B1112014202517N00045312EA0152501648
B1112024202518N00045307EA0152601648
B1112034202520N00045302EA0152701648
B1112044202521N00045296EA0152701649
B1112054202521N00045290EA0152701650
B1112064202522N00045284EA0152801651
B1112074202524N00045280EA0152801651
B1112084202525N00045275EA0152801650
B1112094202526N00045270EA0152601649
B1112104202528N00045264EA0152601648
B1112114202529N00045258EA0152601648
B1112124202530N00045252EA0152601648
B1112134202531N00045246EA0152501647
B1112144202532N00045241EA0152401646
B1112154202533N00045236EA0152301645
B1112164202534N00045230EA0152201644
B1112174202536N00045225EA0152101643
B1112184202539N00045219EA0152101643
B1112194202541N00045213EA0152201642
B1112204202543N00045208EA0152201642
B1112214202545N00045202EA0152101643
B1112224202547N00045195EA0152201644
B1112234202550N00045188EA0152501646
B1112244202551N00045182EA0152701649
B1112254202552N00045176EA0153001651
B1112264202553N00045170EA0153101653
B1112274202553N00045164EA0153201654
B1112284202554N00045157EA0153301655
B1112294202555N00045150EA0153601657
B1112304202555N00045144EA0153701658
B1112314202555N00045136EA0154001661
B1112324202555N00045129EA0154201664
B1112334202556N00045124EA0154601668
B1112344202558N00045119EA0154801671
B1112354202560N00045116EA0155001674
B1112364202560N00045113EA0155301675
B1112374202560N00045108EA0155101675
B1112384202557N00045104EA0155301675
B1112394202553N00045102EA0155301676
B1112404202549N00045104EA0155501677
B1112414202546N00045110EA0155401678
B1112424202546N00045117EA0155601679
B1112434202547N00045125EA0155701681
B1112444202549N00045132EA0155901683
B1112454202552N00045139EA0156101684
B1112464202557N00045145EA0156101685
B1112474202562N00045151EA0156301686
B1112484202569N00045154EA0156401687
B1112494202575N00045155EA0156301688
B1112504202580N00045154EA0156501688
B1112514202585N00045150EA0156301688
B1112524202588N00045144EA0156701689
B1112534202591N00045138EA0156801692
B1112544202594N00045133EA0156901695
B1112554202595N00045129EA0157301698
B1112564202596N00045125EA0157501700
B1112574202597N00045120EA0157601700
B1112584202598N00045115EA0157501701
B1112594202598N00045110EA0157601702
B1113004202596N00045107EA0157601702
B1113014202593N00045106EA0157501701
B1113024202588N00045108EA0157401700
B1113034202585N00045112EA0157401700
B1113044202582N00045118EA0157401700
B1113054202580N00045126EA0157601700
B1113064202581N00045134EA0157401700
B1113074202583N00045142EA0157501700
B1113084202587N00045150EA0157401700
B1113094202593N00045157EA0157401700
B1113104202600N00045160EA0157501700
B1113114202607N00045161EA0157601700
B1113124202613N00045158EA0157601701
B1113134202617N00045153EA0157501701
B1113144202619N00045148EA0157601701
B1113154202620N00045144EA0157701702
B1113164202621N00045140EA0157601702
B1113174202623N00045137EA0157701702
B1113184202623N00045134EA0157501701
B1113194202624N00045130EA0157501700
B1113204202624N00045127EA0157501699
B1113214202625N00045122EA0157301698
B1113224202625N00045118EA0157301697
B1113234202625N00045113EA0157101696
B1113244202624N00045109EA0157001695
B1113254202623N00045105EA0156801693
B1113264202622N00045101EA0156701691
B1113274202623N00045096EA0156501689
B1113284202624N00045091EA0156601689
B1113294202625N00045087EA0156601691
B1113304202626N00045083EA0156801691
B1113314202627N00045080EA0156701691
B1113324202629N00045077EA0156601690
B1113334202629N00045073EA0156501688
B1113344202630N00045068EA0156401687
B1113354202631N00045063EA0156301687
B1113364202632N00045058EA0156501688
B1113374202633N00045054EA0156701689
B1113384202634N00045050EA0156501690
B1113394202634N00045046EA0156601689
B1113404202634N00045041EA0156601689
B1113414202635N00045035EA0156501689
B1113424202636N00045029EA0156701691
B1113434202638N00045024EA0156801692
B1113444202638N00045019EA0157001694
B1113454202639N00045015EA0156901694
B1113464202639N00045010EA0157001694
B1113474202639N00045003EA0157101694
B1113484202639N00044996EA0157201696
B1113494202638N00044990EA0157401699
B1113504202638N00044984EA0157701702
B1113514202639N00044979EA0157901704
B1113524202639N00044974EA0158001705
B1113534202638N00044969EA0158101706
B1113544202636N00044966EA0158201706
B1113554202632N00044965EA0158301707
B1113564202627N00044967EA0158401709
B1113574202624N00044972EA0158601711
B1113584202623N00044978EA0158901714
B1113594202623N00044984EA0158901716
B1114004202623N00044990EA0159101717
B1114014202625N00044996EA0159101718
B1114024202628N00045002EA0159201718
B1114034202633N00045007EA0159201718
B1114044202639N00045009EA0159301718
B1114054202646N00045007EA0159201718
B1114064202652N00045001EA0159401719
B1114074202655N00044995EA0159701723
B1114084202658N00044990EA0160001726
B1114094202661N00044987EA0160101728
B1114104202664N00044984EA0160101728
B1114114202665N00044979EA0159901725
B1114124202666N00044973EA0159601722
B1114134202665N00044965EA0159601722
B1114144202665N00044958EA0159601723
B1114154202665N00044953EA0159701724
B1114164202666N00044950EA0159701724
B1114174202667N00044947EA0159501723
B1114184202667N00044944EA0159201719
B1114194202666N00044939EA0158701715
B1114204202664N00044934EA0158601711
B1114214202662N00044928EA0158201708
B1114224202661N00044922EA0158001705
B1114234202661N00044916EA0157801703
B1114244202661N00044910EA0157501701
B1114254202661N00044905EA0157501699
B1114264202661N00044899EA0157401699
B1114274202661N00044894EA0157501699
B1114284202661N00044889EA0157501699
B1114294202661N00044884EA0157401699
B1114304202661N00044879EA0157401698
B1114314202661N00044873EA0157201698
B1114324202661N00044867EA0157301698
B1114334202662N00044861EA0157401699
B1114344202662N00044855EA0157401700
B1114354202663N00044850EA0157701701
B1114364202664N00044845EA0157601702
B1114374202665N00044840EA0157801702
B1114384202666N00044835EA0157601702
B1114394202667N00044829EA0157601702
B1114404202668N00044823EA0157601701
B1114414202668N00044817EA0157701702
B1114424202669N00044811EA0157701703
B1114434202669N00044805EA0157901705
B1114444202670N00044801EA0158201707
B1114454202671N00044796EA0158201708
B1114464202672N00044792EA0158301709
B1114474202673N00044787EA0158201708
B1114484202673N00044782EA0158201708
B1114494202674N00044776EA0158301709
B1114504202675N00044770EA0158501710
B1114514202676N00044765EA0158601712
B1114524202677N00044760EA0158901714
B1114534202678N00044756EA0158801715
B1114544202680N00044751EA0158801715
B1114554202681N00044746EA0158901716
B1114564202682N00044740EA0159001716
B1114574202684N00044735EA0159201717
B1114584202686N00044729EA0159201718
B1114594202687N00044724EA0159301719
B1115004202689N00044719EA0159501721
B1115014202690N00044714EA0159601722
B1115024202691N00044709EA0159801724
B1115034202692N00044704EA0159701725
B1115044202693N00044699EA0160001727
B1115054202694N00044695EA0160201729
B1115064202695N00044690EA0160401730
B1115074202696N00044686EA0160601732
B1115084202698N00044681EA0160701733
B1115094202699N00044676EA0160501733
B1115104202700N00044671EA0160601734
B1115114202702N00044666EA0160801734
B1115124202703N00044661EA0160901735
B1115134202703N00044656EA0160901736
B1115144202701N00044653EA0160901737
B1115154202698N00044651EA0161001736
B1115164202693N00044651EA0161001737
B1115174202689N00044653EA0161201739
B1115184202685N00044657EA0161301740
B1115194202683N00044661EA0161401742
B1115204202681N00044666EA0161401742
B1115214202680N00044672EA0161301742
B1115224202680N00044679EA0161301740
B1115234202682N00044687EA0161101739
B1115244202686N00044694EA0161101738
B1115254202693N00044698EA0161101737
B1115264202700N00044698EA0160901737
B1115274202705N00044694EA0161001738
B1115284202709N00044690EA0161501741
B1115294202712N00044687EA0161601744
B1115304202715N00044684EA0161801746
B1115314202717N00044680EA0162001747
B1115324202719N00044675EA0162101748
B1115334202720N00044669EA0162301750
B1115344202721N00044664EA0162601753
B1115354202723N00044660EA0162801756
B1115364202725N00044655EA0162901758
B1115374202727N00044651EA0163101759
B1115384202728N00044647EA0163101760
B1115394202728N00044643EA0163201761
B1115404202726N00044641EA0163001760
B1115414202723N00044639EA0163201761
B1115424202720N00044640EA0163201761
B1115434202717N00044643EA0163301762
B1115444202715N00044648EA0163401764
B1115454202714N00044654EA0163601765
B1115464202714N00044661EA0163701766
B1115474202717N00044668EA0163701767
B1115484202720N00044674EA0163601767
B1115494202725N00044680EA0163601766
B1115504202731N00044683EA0163601766
B1115514202738N00044684EA0163701766
B1115524202745N00044682EA0163801767
B1115534202749N00044677EA0163901768
B1115544202752N00044672EA0164101770
B1115554202754N00044667EA0164101771
B1115564202756N00044662EA0164101772
B1115574202758N00044657EA0164201771
B1115584202761N00044651EA0164001770
B1115594202762N00044644EA0164101770
B1116004202762N00044638EA0164101772
B1116014202763N00044633EA0164501774
B1116024202764N00044627EA0164901777
B1116034202765N00044621EA0164801779
B1116044202765N00044616EA0165201782
B1116054202766N00044611EA0165501784
B1116064202767N00044606EA0165601785
B1116074202768N00044600EA0165801787
B1116084202769N00044595EA0165901789
B1116094202769N00044591EA0166101792
B1116104202767N00044589EA0166301793
B1116114202763N00044589EA0166101792
B1116124202759N00044593EA0166201792
B1116134202757N00044601EA0166401793
B1116144202758N00044611EA0166501795
B1116154202762N00044619EA0166801797
B1116164202768N00044624EA0166801798
B1116174202775N00044625EA0166901800
B1116184202781N00044624EA0167201802
B1116194202786N00044622EA0167301804
B1116204202791N00044619EA0167601806
B1116214202794N00044616EA0167701807
B1116224202797N00044611EA0167501806
B1116234202797N00044605EA0167501806
B1116244202795N00044599EA0167701806
B1116254202792N00044596EA0167701808
B1116264202789N00044596EA0167901810
B1116274202786N00044598EA0168001810
B1116284202783N00044603EA0168001812
B1116294202781N00044608EA0168201813
B1116304202779N00044614EA0168301815
B1116314202779N00044622EA0168301815
B1116324202780N00044630EA0168501816
B1116334202783N00044638EA0168401816
B1116344202788N00044646EA0168401817
B1116354202794N00044651EA0168501818
B1116364202800N00044653EA0168701819
B1116374202807N00044653EA0168701819
B1116384202812N00044651EA0168701820
B1116394202816N00044647EA0168801820
B1116404202818N00044642EA0168801820
B1116414202819N00044637EA0168701820
B1116424202819N00044633EA0168601820
B1116434202819N00044628EA0168401818
B1116444202819N00044624EA0168301817
B1116454202819N00044619EA0168201815
B1116464202820N00044613EA0168201814
B1116474202821N00044607EA0168001812
B1116484202821N00044602EA0167901812
B1116494202822N00044596EA0167801811
B1116504202823N00044589EA0167601809
B1116514202824N00044582EA0167501806
B1116524202825N00044576EA0167301804
B1116534202826N00044569EA0167101801
B1116544202827N00044562EA0166901800
B1116554202828N00044556EA0166701799
B1116564202829N00044550EA0166501797
B1116574202831N00044544EA0166401795
B1116584202832N00044539EA0166201793
B1116594202833N00044533EA0165801790
B1117004202835N00044527EA0165601786
B1117014202836N00044521EA0165201783
B1117024202836N00044514EA0165001780
B1117034202836N00044507EA0164701778
B1117044202836N00044500EA0164601776
B1117054202837N00044493EA0164501775
B1117064202838N00044487EA0164301774
B1117074202838N00044481EA0164101772
B1117084202839N00044475EA0163901769
B1117094202839N00044469EA0163601765
B1117104202840N00044462EA0163201761
B1117114202841N00044455EA0163001758
B1117124202842N00044447EA0162801757
B1117134202842N00044441EA0162701756
B1117144202843N00044435EA0162501754
B1117154202843N00044430EA0162201751
B1117164202844N00044423EA0161801748
B1117174202844N00044416EA0161601745
B1117184202844N00044408EA0161501743
B1117194202845N00044400EA0161501743
B1117204202845N00044393EA0161601744
B1117214202846N00044387EA0161501743
B1117224202847N00044382EA0161301742
B1117234202847N00044376EA0161101740
B1117244202848N00044369EA0161001738
B1117254202849N00044362EA0160901737
B1117264202850N00044355EA0160801736
B1117274202850N00044348EA0160801736
B1117284202851N00044342EA0160701735
B1117294202852N00044336EA0160601734
B1117304202853N00044330EA0160501733
B1117314202853N00044325EA0160301731
B1117324202854N00044319EA0159901728
B1117334202854N00044312EA0159701726
B1117344202855N00044306EA0159601724
B1117354202856N00044300EA0159501722
B1117364202857N00044293EA0159401721
B1117374202858N00044287EA0159301720
B1117384202859N00044281EA0159101719
B1117394202859N00044276EA0159201718
B1117404202860N00044271EA0159101718
B1117414202861N00044266EA0159001717
B1117424202862N00044261EA0158801715
B1117434202862N00044255EA0158501713
B1117444202863N00044248EA0158501711
B1117454202865N00044242EA0158501710
B1117464202866N00044237EA0158301709
B1117474202866N00044231EA0158101707
B1117484202867N00044226EA0157801705
B1117494202867N00044220EA0157401702
B1117504202868N00044213EA0157101698
B1117514202869N00044206EA0157001695
B1117524202870N00044198EA0157101694
B1117534202871N00044191EA0156901695
B1117544202872N00044186EA0157101696
B1117554202873N00044182EA0157001696
B1117564202873N00044177EA0157101696
B1117574202874N00044172EA0157001695
B1117584202875N00044167EA0157001695
B1117594202876N00044161EA0157101695
B1118004202876N00044155EA0157001695
B1118014202876N00044149EA0157101696
B1118024202876N00044145EA0157301698
B1118034202876N00044141EA0157401700
B1118044202876N00044138EA0157401700
B1118054202876N00044134EA0157301699
B1118064202875N00044129EA0157201697
B1118074202874N00044123EA0157101697
B1118084202872N00044117EA0157401699
B1118094202870N00044112EA0157601701
B1118104202869N00044107EA0157701703
B1118114202868N00044103EA0157801704
B1118124202869N00044099EA0157801704
B1118134202869N00044094EA0157701703
B1118144202869N00044089EA0157701702
B1118154202869N00044084EA0157701702
B1118164202868N00044078EA0157701702
B1118174202867N00044073EA0157801702
B1118184202866N00044067EA0157801703
B1118194202865N00044061EA0158001704
B1118204202864N00044055EA0158401707
B1118214202863N00044050EA0158601710
B1118224202862N00044046EA0158501712
B1118234202862N00044042EA0158801713
B1118244202861N00044038EA0158601712
B1118254202859N00044034EA0158501711
B1118264202856N00044031EA0158301709
B1118274202851N00044030EA0158201708
B1118284202847N00044033EA0158201708
B1118294202844N00044038EA0158201708
B1118304202843N00044045EA0158301709
B1118314202843N00044053EA0158301709
B1118324202844N00044060EA0158201708
B1118334202847N00044067EA0158101707
B1118344202852N00044073EA0157901705
B1118354202859N00044076EA0157701704
B1118364202865N00044077EA0157701703
B1118374202871N00044076EA0157901704
B1118384202876N00044075EA0158101706
B1118394202880N00044073EA0158201707
B1118404202883N00044070EA0158301708
B1118414202886N00044066EA0158301708
B1118424202889N00044061EA0158301709
B1118434202891N00044056EA0158601710
B1118444202892N00044051EA0158601711
B1118454202895N00044046EA0158701711
B1118464202897N00044041EA0158501711
B1118474202900N00044035EA0158401710
B1118484202902N00044029EA0158601710
B1118494202904N00044024EA0158501710
B1118504202906N00044018EA0158501710
B1118514202907N00044013EA0158601710
B1118524202908N00044007EA0158301709
B1118534202909N00044001EA0158001706
B1118544202909N00043993EA0158101705
B1118554202910N00043987EA0158001705
B1118564202910N00043981EA0157901705
B1118574202910N00043976EA0157901704
B1118584202911N00043970EA0157701703
B1118594202912N00043964EA0157601701
B1119004202914N00043958EA0157401700
B1119014202917N00043951EA0157601699
B1119024202919N00043944EA0157401699
B1119034202920N00043938EA0157301698
B1119044202922N00043932EA0157401697
B1119054202923N00043925EA0157201696
B1119064202924N00043918EA0157201696
B1119074202925N00043912EA0157101695
B1119084202925N00043906EA0157001695
B1119094202925N00043900EA0156901694
B1119104202925N00043895EA0156601692
B1119114202925N00043889EA0156401689
B1119124202925N00043883EA0156301687
B1119134202925N00043876EA0156201685
B1119144202925N00043870EA0156101685
B1119154202925N00043864EA0156101685
B1119164202925N00043858EA0156101685
B1119174202925N00043853EA0156001684
B1119184202925N00043847EA0156101685
B1119194202924N00043842EA0156201686
B1119204202923N00043837EA0156101686
B1119214202922N00043833EA0156201686
B1119224202922N00043829EA0155901685
B1119234202921N00043824EA0155801682
B1119244202921N00043818EA0155701680
B1119254202921N00043811EA0155401678
B1119264202922N00043804EA0155101676
B1119274202922N00043798EA0155101675
B1119284202922N00043792EA0155101674
B1119294202922N00043786EA0155101674
B1119304202923N00043780EA0154801673
B1119314202924N00043774EA0154701670
B1119324202926N00043768EA0154401668
B1119334202927N00043761EA0154301666
B1119344202929N00043754EA0154201665
B1119354202929N00043748EA0154001663
B1119364202931N00043742EA0153801662
B1119374202932N00043735EA0153601660
B1119384202934N00043729EA0153501658
B1119394202935N00043722EA0153301656
B1119404202937N00043716EA0153201655
B1119414202938N00043709EA0153201653
B1119424202940N00043702EA0153001652
B1119434202941N00043696EA0153101652
B1119444202942N00043690EA0152901652
B1119454202944N00043684EA0152901651
B1119464202945N00043679EA0152601649
B1119474202946N00043674EA0152401647
B1119484202947N00043667EA0152101643
B1119494202948N00043660EA0151801640
B1119504202949N00043652EA0151601637
B1119514202950N00043644EA0151601636
B1119524202951N00043637EA0151501637
B1119534202951N00043631EA0151501637
B1119544202952N00043625EA0151201636
B1119554202953N00043620EA0151301634
B1119564202954N00043613EA0151001631
B1119574202955N00043606EA0150801630
B1119584202955N00043599EA0150601628
B1119594202956N00043592EA0150701628
B1120004202957N00043585EA0150501627
B1120014202958N00043579EA0150501626
B1120024202958N00043573EA0150301624
B1120034202959N00043566EA0150101622
B1120044202960N00043559EA0150001621
B1120054202960N00043552EA0150001620
B1120064202960N00043545EA0149801619
B1120074202960N00043539EA0149801619
B1120084202960N00043532EA0149701618
B1120094202959N00043525EA0149601617
B1120104202959N00043519EA0149501616
B1120114202959N00043512EA0149401616
B1120124202958N00043505EA0149401615
B1120134202958N00043499EA0149401615
B1120144202958N00043492EA0149301614
B1120154202958N00043485EA0149201612
B1120164202957N00043478EA0149101611
B1120174202957N00043471EA0149001611
B1120184202958N00043464EA0148901610
B1120194202958N00043457EA0148801609
B1120204202959N00043450EA0148801608
B1120214202960N00043443EA0148701608
B1120224202960N00043437EA0148701607
B1120234202961N00043431EA0148601607
B1120244202962N00043425EA0148401605
B1120254202963N00043419EA0148601605
B1120264202964N00043412EA0148601606
B1120274202964N00043406EA0148801607
B1120284202963N00043399EA0148901609
B1120294202963N00043394EA0149001610
B1120304202963N00043389EA0149201611
B1120314202964N00043383EA0149201612
B1120324202965N00043377EA0149301612
B1120334202966N00043370EA0149301614
B1120344202967N00043365EA0149401615
B1120354202968N00043359EA0149601617
B1120364202969N00043353EA0149701618
B1120374202970N00043348EA0149901619
B1120384202971N00043342EA0150001621
B1120394202972N00043337EA0150001622
B1120404202973N00043332EA0150001622
B1120414202975N00043328EA0150201622
B1120424202978N00043324EA0150101622
B1120434202982N00043320EA0150101622
B1120444202985N00043317EA0150201622
B1120454202990N00043315EA0150201622
B1120464202996N00043314EA0150001620
B1120474203003N00043316EA0150101620
B1120484203010N00043317EA0150501623
B1120494203015N00043318EA0150601627
B1120504203019N00043319EA0150901630
B1120514203023N00043320EA0151001630
B1120524203028N00043322EA0150901630
B1120534203034N00043326EA0151101629
B1120544203040N00043332EA0151301631
B1120554203045N00043340EA0151401634
B1120564203046N00043349EA0151701636
B1120574203045N00043358EA0151801637
B1120584203042N00043366EA0152001640
B1120594203039N00043370EA0152201643
B1121004203036N00043372EA0152401645
B1121014203034N00043373EA0152301646
B1121024203031N00043372EA0152201645
B1121034203028N00043369EA0152101644
B1121044203025N00043365EA0152101644
B1121054203024N00043359EA0152401644
B1121064203025N00043352EA0152301646
B1121074203026N00043347EA0152601649
B1121084203028N00043343EA0152901651
B1121094203030N00043339EA0153101653
B1121104203034N00043337EA0152901652
B1121114203039N00043335EA0153001651
B1121124203045N00043336EA0152901652
B1121134203051N00043339EA0153101653
B1121144203056N00043343EA0153301654
B1121154203061N00043348EA0153301655
B1121164203064N00043355EA0153501657
B1121174203067N00043363EA0153701658
B1121184203069N00043372EA0153801661
B1121194203070N00043380EA0154101664
B1121204203070N00043388EA0154301667
B1121214203070N00043395EA0154501669
B1121224203069N00043401EA0154401669
B1121234203066N00043407EA0154501669
B1121244203063N00043411EA0154601671
B1121254203059N00043413EA0154801673
B1121264203055N00043412EA0155101674
B1121274203053N00043411EA0155101676
B1121284203051N00043408EA0155301677
B1121294203049N00043404EA0155501678
B1121304203048N00043399EA0155401678
B1121314203049N00043392EA0155501679
B1121324203052N00043387EA0155501679
B1121334203057N00043384EA0155501679
B1121344203063N00043384EA0155501679
B1121354203069N00043387EA0155601679
B1121364203075N00043391EA0155801682
B1121374203080N00043397EA0155901684
B1121384203084N00043403EA0156101686
B1121394203087N00043411EA0156401687
B1121404203089N00043419EA0156401688
B1121414203089N00043426EA0156301689
B1121424203087N00043433EA0156601689
B1121434203085N00043438EA0156501690
B1121444203081N00043441EA0156801693
B1121454203079N00043444EA0156801694
B1121464203076N00043445EA0157001695
B1121474203074N00043445EA0156801694
B1121484203071N00043443EA0156801693
B1121494203068N00043439EA0156901694
B1121504203064N00043435EA0157201698
B1121514203061N00043433EA0157701703
B1121524203059N00043431EA0158101706
B1121534203058N00043429EA0158301709
B1121544203057N00043426EA0158401709
B1121554203056N00043421EA0158401710
B1121564203057N00043415EA0158501711
B1121574203059N00043411EA0158701713
B1121584203063N00043408EA0158701713
B1121594203069N00043408EA0158701713
B1122004203075N00043410EA0158601712
B1122014203080N00043415EA0158701713
B1122024203084N00043421EA0158601713
B1122034203086N00043429EA0158701712
B1122044203086N00043438EA0159001714
B1122054203084N00043445EA0159101717
B1122064203081N00043451EA0159401722
B1122074203079N00043456EA0159801725
B1122084203076N00043460EA0160101728
B1122094203072N00043464EA0160301729
B1122104203069N00043467EA0160601731
B1122114203066N00043466EA0160601733
B1122124203064N00043463EA0160801736
B1122134203062N00043460EA0161201738
B1122144203060N00043459EA0161401741
B1122154203058N00043458EA0161601743
B1122164203057N00043456EA0161601743
B1122174203057N00043452EA0161501742
B1122184203060N00043449EA0161301741
B1122194203065N00043445EA0161501742
B1122204203072N00043442EA0161701744
B1122214203079N00043443EA0162101747
B1122224203085N00043447EA0162001748
B1122234203090N00043455EA0162201749
B1122244203092N00043464EA0162401751
B1122254203091N00043471EA0162601754
B1122264203089N00043476EA0162801757
B1122274203086N00043479EA0163001759
B1122284203083N00043480EA0163201760
B1122294203080N00043481EA0163301761
B1122304203078N00043480EA0163101762
B1122314203077N00043478EA0163301763
B1122324203077N00043473EA0163301762
B1122334203079N00043467EA0163401762
B1122344203083N00043461EA0163301763
B1122354203087N00043457EA0163701766
B1122364203092N00043454EA0163701767
B1122374203098N00043454EA0163801767
B1122384203105N00043455EA0164001768
B1122394203112N00043457EA0164001770
B1122404203117N00043462EA0164301772
B1122414203121N00043468EA0164401772
B1122424203124N00043477EA0164401773
B1122434203124N00043485EA0164601775
B1122444203124N00043492EA0164901779
B1122454203123N00043498EA0165101781
B1122464203121N00043503EA0165201782
B1122474203119N00043507EA0165101782
B1122484203116N00043508EA0165101782
B1122494203113N00043508EA0165101782
B1122504203111N00043505EA0165401783
B1122514203111N00043502EA0165501785
B1122524203111N00043498EA0165701787
B1122534203113N00043495EA0165801788
B1122544203115N00043491EA0165901789
B1122554203118N00043486EA0165901790
B1122564203123N00043483EA0166001790
B1122574203129N00043481EA0166001790
B1122584203136N00043484EA0166201790
B1122594203142N00043490EA0166101790
B1123004203145N00043498EA0166101791
B1123014203147N00043506EA0166201793
B1123024203146N00043513EA0166301793
B1123034203143N00043518EA0166401794
B1123044203140N00043521EA0166501796
B1123054203137N00043523EA0166601797
B1123064203134N00043524EA0166701799
B1123074203133N00043525EA0166901799
B1123084203131N00043524EA0166801799
B1123094203128N00043521EA0166601797
B1123104203126N00043517EA0166601797
B1123114203125N00043511EA0166701798
B1123124203124N00043506EA0166901800
B1123134203124N00043500EA0167101801
B1123144203122N00043495EA0167201803
B1123154203121N00043489EA0167401804
B1123164203119N00043484EA0167401806
B1123174203118N00043479EA0167701808
B1123184203118N00043475EA0167701809
B1123194203117N00043471EA0167801810
B1123204203116N00043467EA0167801810
B1123214203115N00043462EA0167901810
B1123414203091N00043381EA0166401795
B1123424203090N00043377EA0166001792
B1123434203089N00043372EA0165801788
B1123444203088N00043366EA0165301784
B1123454203086N00043358EA0165201782
B1123464203086N00043350EA0165201781
B1123474203085N00043342EA0165201782
B1123484203086N00043336EA0165301783
B1123494203086N00043330EA0165201783
B1123504203086N00043325EA0165101782
B1123514203086N00043320EA0165101781
B1123524203087N00043315EA0164901779
B1123534203086N00043310EA0164801778
B1123544203086N00043305EA0164601777
B1123554203086N00043299EA0164601776
B1123564203086N00043293EA0164501775
B1123574203087N00043287EA0164801776
B1123584203087N00043282EA0164801777
B1123594203087N00043277EA0164901778
B1124004203087N00043272EA0164901779
B1124014203087N00043268EA0164901780
B1124024203087N00043264EA0164901780
B1124034203087N00043259EA0164901779
B1124044203088N00043254EA0164601777
B1124054203087N00043248EA0164501775
B1124064203087N00043242EA0164301774
B1124074203086N00043236EA0164201773
B1124084203086N00043231EA0164201772
B1124094203086N00043225EA0164101771
B1124104203086N00043219EA0164101770
B1124114203086N00043213EA0163901769
B1124124203086N00043207EA0163801767
B1124134203085N00043201EA0163501766
B1124144203084N00043195EA0163601765
B1124154203083N00043190EA0163601764
B1124164203083N00043185EA0163401763
B1124174203083N00043179EA0163201762
B1124184203083N00043174EA0163201761
B1124194203083N00043168EA0163101759
B1124204203083N00043162EA0163001758
B1124214203083N00043156EA0162901758
B1124224203083N00043151EA0162901758
B1124234203083N00043146EA0162801757
B1124244203083N00043142EA0162701756
B1124254203083N00043137EA0162501754
B1124264203083N00043131EA0162301752
B1124274203082N00043126EA0162101751
B1124284203082N00043119EA0162101749
B1124294203082N00043113EA0161701747
B1124304203083N00043107EA0161601744
B1124314203083N00043100EA0161201742
B1124324203083N00043094EA0161001740
B1124334203082N00043088EA0160901738
B1124344203082N00043081EA0160701736
B1124354203081N00043075EA0160601734
B1124364203080N00043069EA0160501733
B1124374203080N00043063EA0160401732
B1124384203080N00043058EA0160201730
B1124394203080N00043052EA0160201729
B1124404203081N00043047EA0159801727
B1124414203081N00043040EA0159801725
B1124424203081N00043034EA0159701724
B1124434203081N00043028EA0159701724
B1124444203081N00043021EA0159801724
B1124454203081N00043015EA0159801724
B1124464203082N00043010EA0159601724
B1124474203083N00043005EA0159501722
B1124484203084N00042999EA0159301720
B1124494203084N00042993EA0159201718
B1124504203084N00042986EA0159001717
B1124514203083N00042979EA0158901716
B1124524203083N00042973EA0158901716
B1124534203083N00042968EA0159001716
B1124544203083N00042963EA0158701715
B1124554203083N00042959EA0158401713
B1124564203084N00042954EA0158101709
B1124574203084N00042947EA0157901705
B1124584203085N00042939EA0157601702
B1124594203085N00042931EA0157701702
B1125004203085N00042924EA0157901703
B1125014203085N00042918EA0158001706
B1125024203086N00042914EA0158201708
B1125034203087N00042910EA0158301709
B1125044203087N00042906EA0158401710
B1125054203088N00042902EA0158401710
B1125064203088N00042896EA0158401710
B1125074203089N00042890EA0158401709
B1125084203089N00042884EA0158401709
B1125094203090N00042877EA0158401710
B1125104203090N00042872EA0158501711
B1125114203091N00042866EA0158601712
B1125124203091N00042859EA0158601712
B1125134203091N00042853EA0158701713
B1125144203091N00042846EA0158801714
B1125154203092N00042840EA0159001715
B1125164203092N00042834EA0158901715
B1125174203091N00042828EA0159001715
B1125184203091N00042822EA0158801714
B1125194203091N00042816EA0158801714
B1125204203090N00042811EA0158701713
B1125214203089N00042806EA0158801713
B1125224203088N00042801EA0158601712
B1125234203088N00042796EA0158401710
B1125244203089N00042791EA0158201708
B1125254203090N00042785EA0158001705
B1125264203091N00042779EA0157701703
B1125274203092N00042772EA0157301699
B1125284203093N00042765EA0156901696
B1125294203095N00042757EA0156901694
B1125304203096N00042750EA0156801692
B1125314203097N00042743EA0156601691
B1125324203098N00042737EA0156401690
B1125334203098N00042730EA0156201688
B1125344203099N00042724EA0156001686
B1125354203100N00042717EA0155901684
B1125364203100N00042710EA0155801682
B1125374203101N00042704EA0155501681
B1125384203102N00042698EA0155501679
B1125394203103N00042692EA0155201678
B1125404203104N00042686EA0155101675
B1125414203105N00042680EA0154701672
B1125424203106N00042673EA0154501669
B1125434203107N00042666EA0154201667
B1125444203108N00042659EA0154201666
B1125454203109N00042653EA0154101664
B1125464203110N00042647EA0153901662
B1125474203112N00042641EA0153601660
B1125484203113N00042634EA0153501658
B1125494203114N00042628EA0153301657
B1125504203115N00042621EA0153101655
B1125514203116N00042615EA0153101654
B1125524203118N00042608EA0153001653
B1125534203119N00042602EA0152901652
B1125544203120N00042595EA0152701651
B1125554203121N00042588EA0152701650
B1125564203121N00042581EA0152701649
B1125574203122N00042574EA0152601648
B1125584203123N00042567EA0152401647
B1125594203123N00042561EA0152301646
B1126004203123N00042555EA0152301645
B1126014203123N00042549EA0152001643
B1126024203123N00042543EA0151901642
B1126034203123N00042537EA0151801641
B1126044203124N00042530EA0151701640
B1126054203124N00042524EA0151701639
B1126064203125N00042518EA0151701639
B1126074203126N00042512EA0151601638
B1126084203126N00042506EA0151501638
B1126094203127N00042500EA0151501636
B1126104203128N00042494EA0151201635
B1126114203129N00042488EA0151101633
B1126124203130N00042482EA0151001632
B1126134203131N00042476EA0150801630
B1126144203132N00042469EA0150801629
B1126154203133N00042463EA0150501628
B1126164203134N00042457EA0150401626
B1126174203135N00042451EA0150201625
B1126184203136N00042445EA0150201624
B1126194203136N00042439EA0150101623
B1126204203138N00042432EA0150001622
B1126214203139N00042426EA0149901621
B1126224203140N00042420EA0149901620
B1126234203141N00042413EA0149801619
B1126244203142N00042407EA0149701618
B1126254203144N00042400EA0149601617
B1126264203146N00042394EA0149501616
B1126274203148N00042388EA0149401614
B1126284203151N00042382EA0149201613
B1126294203153N00042375EA0149101612
B1126304203155N00042368EA0149001611
B1126314203157N00042362EA0149101611
B1126324203159N00042356EA0149001612
B1126334203161N00042351EA0149101612
B1126344203163N00042346EA0149001612
B1126354203165N00042341EA0149001610
B1126364203167N00042335EA0148901608
B1126374203169N00042329EA0148701607
B1126384203170N00042322EA0148601606
B1126394203173N00042316EA0148601606
B1126404203175N00042310EA0148701606
B1126414203176N00042304EA0148701606
B1126424203178N00042299EA0148501606
B1126434203180N00042294EA0148401605
B1126444203183N00042289EA0148301604
B1126454203185N00042283EA0148301602
B1126464203187N00042277EA0148101602
B1126474203189N00042271EA0148301602
B1126484203191N00042265EA0148201603
B1126494203192N00042260EA0148301603
B1126504203195N00042255EA0148201603
B1126514203198N00042249EA0148101602
B1126524203200N00042244EA0148101601
B1126534203203N00042238EA0148101601
B1126544203205N00042232EA0148001601
B1126554203208N00042226EA0148201601
B1126564203211N00042220EA0148101601
B1126574203213N00042215EA0148101601
B1126584203216N00042210EA0148101601
B1126594203218N00042205EA0148101600
B1127004203220N00042199EA0148001600
B1127014203222N00042194EA0148001600
B1127024203225N00042188EA0148001600
B1127034203227N00042182EA0147901599
B1127044203229N00042177EA0147801599
B1127054203231N00042171EA0147801599
B1127064203233N00042166EA0147701598
B1127074203235N00042161EA0147801597
B1127084203238N00042156EA0147501596
B1127094203240N00042151EA0147401594
B1127104203242N00042146EA0147301593
B1127114203244N00042141EA0147201591
B1127124203246N00042136EA0147201590
B1127134203249N00042131EA0147001589
B1127144203251N00042126EA0146701588
B1127154203254N00042121EA0146601586
B1127164203257N00042115EA0146601585
B1127174203260N00042108EA0146601585
B1127184203263N00042103EA0146601586
B1127194203265N00042097EA0146801587
B1127204203268N00042092EA0146801587
B1127214203271N00042087EA0146801587
B1127224203274N00042083EA0146601586
B1127234203276N00042078EA0146501585
B1127244203279N00042073EA0146401583
B1127254203282N00042067EA0146401582
B1127264203286N00042060EA0146401582
B1127274203289N00042053EA0146501584
B1127284203291N00042047EA0146501585
B1127294203293N00042041EA0146701587
B1127304203295N00042036EA0146901587
B1127314203298N00042031EA0146901588
B1127324203300N00042025EA0147001588
B1127334203302N00042019EA0147001589
B1127344203304N00042014EA0147201591
B1127354203306N00042010EA0147201591
B1127364203307N00042005EA0147101591
B1127374203309N00041999EA0147001590
B1127384203311N00041993EA0147001590
B1127394203312N00041986EA0146901590
B1127404203314N00041979EA0147201590
B1127414203316N00041974EA0147401592
B1127424203319N00041969EA0147201592
B1127434203321N00041965EA0147101592
B1127444203323N00041961EA0147001590
B1127454203325N00041957EA0146801587
B1127464203328N00041952EA0146401583
B1127474203330N00041945EA0146201581
B1127484203332N00041938EA0146001580
B1127494203334N00041931EA0146001579
B1127504203336N00041926EA0146101579
B1127514203338N00041921EA0146001579
B1127524203340N00041916EA0145801578
B1127534203342N00041911EA0145601576
B1127544203344N00041905EA0145401573
B1127554203346N00041899EA0145301571
B1127564203348N00041892EA0145201570
B1127574203350N00041886EA0145001570
B1127584203352N00041881EA0145101569
B1127594203355N00041875EA0145001568
B1128004203357N00041868EA0145001567
B1128014203359N00041862EA0144901566
B1128024203362N00041856EA0144801566
B1128034203364N00041850EA0144601565
B1128044203367N00041844EA0144701565
B1128054203370N00041838EA0144501564
B1128064203373N00041832EA0144601563
B1128074203376N00041826EA0144401562
B1128084203380N00041820EA0144401561
B1128094203383N00041814EA0144301561
B1128104203387N00041808EA0144301561
B1128114203390N00041802EA0144301561
B1128124203393N00041796EA0144401560
B1128134203396N00041790EA0144201560
B1128144203399N00041785EA0144201559
B1128154203402N00041780EA0144001558
B1128164203405N00041774EA0143801556
B1128174203408N00041768EA0143901556
B1128184203411N00041762EA0143901556
B1128194203414N00041757EA0143901556
B1128204203416N00041753EA0143801556
B1128214203418N00041748EA0143701555
B1128224203421N00041744EA0143501553
B1128234203423N00041739EA0143501551
B1128244203426N00041734EA0143301550
B1128254203428N00041728EA0143301549
B1128264203430N00041723EA0143101548
B1128274203432N00041718EA0143001547
B1128284203434N00041713EA0142901546
B1128294203436N00041709EA0142801545
B1128304203438N00041704EA0142601543
B1128314203440N00041698EA0142401541
B1128324203443N00041693EA0142401540
B1128334203445N00041687EA0142301540
B1128344203448N00041682EA0142401540
B1128354203451N00041675EA0142401540
B1128364203453N00041668EA0142601542
B1128374203455N00041661EA0143101545
B1128384203457N00041655EA0143301549
B1128394203458N00041650EA0143701553
B1128404203460N00041646EA0143501553
B1128414203461N00041642EA0143501552
B1128424203462N00041638EA0143301549
B1128434203463N00041631EA0143101548
B1128444203465N00041623EA0143101548
B1128454203469N00041616EA0143201549
B1128464203472N00041612EA0143501551
B1128474203475N00041610EA0143401551
B1128484203478N00041606EA0143101548
B1128494203480N00041601EA0142901546
B1128504203482N00041594EA0142801544
B1128514203485N00041587EA0142701544
B1128524203488N00041581EA0142901545
B1128534203490N00041577EA0142901545
B1128544203492N00041573EA0142701545
B1128554203495N00041568EA0142601543
B1128564203498N00041563EA0142401541
B1128574203501N00041558EA0142301540
B1128584203505N00041552EA0142201539
B1128594203509N00041547EA0142201539
B1129004203513N00041543EA0142101538
B1129014203517N00041539EA0141901537
B1129024203521N00041535EA0141801535
B1129034203525N00041530EA0141601532
B1129044203530N00041525EA0141401531
B1129054203534N00041520EA0141401530
B1129064203538N00041515EA0141301529
B1129074203541N00041510EA0141301529
B1129084203545N00041506EA0141001527
B1129094203548N00041501EA0140801525
B1129104203552N00041496EA0140701523
B1129114203555N00041491EA0140601522
B1129124203558N00041486EA0140401521
B1129134203562N00041481EA0140501520
B1129144203565N00041476EA0140401519
B1129154203569N00041472EA0140201518
B1129164203572N00041467EA0140101517
B1129174203576N00041462EA0139901515
B1129184203580N00041458EA0139901514
B1129194203584N00041453EA0139701513
B1129204203588N00041448EA0139501512
B1129214203592N00041443EA0139601511
B1129224203596N00041439EA0139401510
B1129234203600N00041434EA0139301509
B1129244203605N00041430EA0139301508
B1129254203609N00041426EA0139201507
B1129264203614N00041422EA0138901506
B1129274203618N00041417EA0138901505
B1129284203622N00041413EA0138901504
B1129294203626N00041408EA0138701503
B1129304203630N00041403EA0138701502
B1129314203634N00041399EA0138601501
B1129324203638N00041394EA0138501501
B1129334203642N00041390EA0138501500
B1129344203646N00041385EA0138401499
B1129354203650N00041380EA0138301498
B1129364203654N00041375EA0138201497
B1129374203658N00041370EA0138201497
B1129384203662N00041365EA0138101496
B1129394203665N00041360EA0138101496
B1129404203669N00041355EA0138101497
B1129414203672N00041350EA0138101496
B1129424203675N00041345EA0138001495
B1129434203678N00041340EA0137901494
B1129444203681N00041334EA0137801493
B1129454203683N00041328EA0137801492
B1129464203683N00041322EA0137601491
B1129474203682N00041316EA0137501490
B1129484203679N00041312EA0137401489
B1129494203675N00041311EA0137501489
B1129504203671N00041311EA0137301488
B1129514203668N00041314EA0137201488
B1129524203665N00041317EA0137301487
B1129534203662N00041322EA0137101486
B1129544203659N00041327EA0137101485
B1129554203656N00041332EA0137101484
B1129564203652N00041337EA0136901484
B1129574203649N00041343EA0137001483
B1129584203647N00041348EA0136801483
B1129594203644N00041354EA0136801482
B1130004203641N00041359EA0136801482
B1130014203638N00041363EA0136701481
B1130024203634N00041368EA0136701480
B1130034203631N00041373EA0136501479
B1130044203627N00041378EA0136401478
B1130054203624N00041382EA0136401478
B1130064203621N00041387EA0136301477
B1130074203618N00041392EA0136301476
B1130084203615N00041397EA0136101475
B1130094203612N00041401EA0136101474
B1130104203609N00041407EA0135901472
B1130114203606N00041412EA0135801471
B1130124203603N00041417EA0135801470
B1130134203600N00041422EA0135601470
B1130144203597N00041427EA0135501469
B1130154203594N00041432EA0135401467
B1130164203591N00041437EA0135301466
B1130174203588N00041443EA0135201465
B1130184203585N00041448EA0135101463
B1130194203582N00041454EA0134901462
B1130204203580N00041459EA0134801461
B1130214203577N00041465EA0134701459
B1130224203573N00041470EA0134601458
B1130234203569N00041475EA0134601458
B1130244203566N00041479EA0134701459
B1130254203562N00041482EA0134801460
B1130264203559N00041484EA0134801461
B1130274203556N00041485EA0134801461
B1130284203552N00041486EA0134901461
B1130294203548N00041487EA0135001462
B1130304203545N00041488EA0135101463
B1130314203542N00041488EA0135201464
B1130324203538N00041489EA0135201464
B1130334203534N00041490EA0135201464
B1130344203530N00041494EA0135301465
B1130354203525N00041498EA0135501467
B1130364203521N00041502EA0135801471
B1130374203518N00041506EA0136001474
B1130384203514N00041509EA0136301475
B1130394203511N00041513EA0136201476
B1130404203508N00041518EA0136201476
B1130414203505N00041524EA0136201476
B1130424203501N00041529EA0136301477
B1130434203498N00041535EA0136401478
B1130444203495N00041541EA0136401479
B1130454203492N00041547EA0136601480
B1130464203489N00041553EA0136601480
B1130474203487N00041560EA0136701481
B1130484203485N00041566EA0136701482
B1130494203482N00041572EA0136801482
B1130504203479N00041578EA0136801482
B1130514203476N00041585EA0136701483
B1130524203474N00041590EA0136701482
B1130534203472N00041596EA0136801482
B1130544203470N00041603EA0136501480
B1130554203467N00041609EA0136501479
B1130564203465N00041615EA0136301478
B1130574203462N00041621EA0136401478
B1130584203459N00041626EA0136201478
B1130594203457N00041630EA0136201477
B1131004203455N00041635EA0136201477
B1131014203452N00041641EA0136401477
B1131024203450N00041646EA0136401477
B1131034203447N00041652EA0136301478
B1131044203444N00041658EA0136401479
B1131054203442N00041663EA0136501480
B1131064203439N00041668EA0136601481
B1131074203437N00041673EA0136701481
B1131084203435N00041679EA0136601481
B1131094203433N00041685EA0136701481
B1131104203430N00041693EA0136801482
B1131114203428N00041701EA0137001484
B1131124203426N00041709EA0137101485
B1131134203423N00041716EA0137101487
B1131144203420N00041721EA0137401488
B1131154203417N00041724EA0137401489
B1131164203413N00041726EA0137501490
B1131174203410N00041728EA0137601490
B1131184203408N00041731EA0137701491
B1131194203405N00041735EA0137501490
B1131204203402N00041740EA0137601490
B1131214203399N00041746EA0137301489
B1131224203397N00041753EA0137201488
B1131234203393N00041759EA0137301488
B1131244203390N00041765EA0137501489
B1131254203387N00041770EA0137401489
B1131264203384N00041775EA0137401489
B1131274203382N00041781EA0137401489
B1131284203379N00041787EA0137301488
B1131294203377N00041793EA0137201487
B1131304203374N00041798EA0137101486
B1131314203370N00041804EA0136901484
B1131324203367N00041810EA0136901484
B1131334203364N00041814EA0136801483
B1131344203361N00041818EA0136601482
B1131354203358N00041822EA0136301480
B1131364203355N00041826EA0136201477
B1131374203352N00041831EA0135901474
B1131384203349N00041836EA0135601471
B1131394203346N00041841EA0135301468
B1131404203342N00041846EA0135001465
B1131414203338N00041851EA0134701461
B1131424203335N00041855EA0134601458
B1131434203331N00041861EA0134201455
B1131444203327N00041867EA0134001453
B1131454203323N00041873EA0133801451
B1131464203319N00041879EA0133701449
B1131474203315N00041886EA0133601448
B1131484203312N00041893EA0133601448
B1131494203308N00041900EA0133901450
B1131504203305N00041906EA0133801451
B1131514203302N00041912EA0133801451
B1131524203299N00041918EA0133801450
B1131534203296N00041924EA0133901450
B1131544203293N00041931EA0133901450
B1131554203289N00041937EA0134001452
B1131564203286N00041944EA0134201454
B1131574203283N00041950EA0134401456
B1131584203280N00041957EA0134401457
B1131594203276N00041963EA0134601457
B1132004203272N00041969EA0134501458
B1132014203267N00041973EA0134701458
B1132024203263N00041977EA0134701459
B1132034203260N00041980EA0134701460
B1132044203256N00041985EA0134501459
B1132054203253N00041990EA0134501458
B1132064203249N00041996EA0134501457
B1132074203245N00042003EA0134401457
B1132084203242N00042010EA0134401457
B1132094203239N00042017EA0134701458
B1132104203236N00042025EA0134601459
B1132114203234N00042033EA0134701460
B1132124203231N00042041EA0134901461
B1132134203229N00042048EA0135101463
B1132144203226N00042055EA0135201466
B1132154203224N00042063EA0135401468
B1132164203221N00042070EA0135701470
B1132174203218N00042077EA0135901471
B1132184203215N00042084EA0135901473
B1132194203211N00042091EA0136101474
B1132204203209N00042096EA0136001475
B1132214203206N00042102EA0136001475
B1132224203204N00042108EA0136001474
B1132234203201N00042114EA0136001472
B1132244203197N00042122EA0135801472
B1132254203194N00042130EA0136101474
B1132264203191N00042137EA0136401477
B1132274203188N00042144EA0136801481
B1132284203186N00042150EA0136801484
B1132294203184N00042155EA0137001485
B1132304203181N00042162EA0137001485
B1132314203178N00042169EA0137101485
B1132324203175N00042178EA0137401487
B1132334203171N00042187EA0138101492
B1132344203169N00042194EA0138701499
B1132354203168N00042202EA0139201506
B1132364203168N00042208EA0139201508
B1132374203168N00042215EA0139401510
B1132384203167N00042223EA0139401510
B1132394203165N00042230EA0139701512
B1132404203163N00042235EA0140001515
B1132414203161N00042239EA0140101518
B1132424203159N00042244EA0140501521
B1132434203158N00042250EA0140701523
B1132444203156N00042255EA0141101527
B1132454203154N00042258EA0141401530
B1132464203151N00042259EA0141601533
B1132474203149N00042259EA0141901536
B1132484203147N00042259EA0142101539
B1132494203145N00042258EA0142301542
B1132504203143N00042257EA0142601543
B1132514203141N00042254EA0142701545
B1132524203139N00042251EA0142801546
B1132534203139N00042247EA0143001548
B1132544203141N00042243EA0143201549
B1132554203144N00042239EA0143201549
B1132564203149N00042236EA0143301550
B1132574203154N00042235EA0143501552
B1132584203160N00042235EA0143701554
B1132594203166N00042237EA0143801555
B1133004203172N00042240EA0144101557
B1133014203178N00042244EA0144301559
B1133024203184N00042249EA0144701562
B1133034203189N00042255EA0144701565
B1133044203192N00042262EA0144901566
B1133054203195N00042268EA0145001568
B1133064203197N00042276EA0145401570
B1133074203198N00042283EA0145701574
B1133084203199N00042290EA0145901578
B1133094203198N00042296EA0146201581
B1133104203198N00042301EA0146601583
B1133114203197N00042306EA0146801585
B1133124203195N00042310EA0146901587
B1133134203192N00042313EA0147001588
B1133144203189N00042314EA0147201591
B1133154203187N00042314EA0147601594
B1133164203185N00042314EA0147701597
B1133174203183N00042315EA0148001600
B1133184203181N00042316EA0148101601
B1133194203179N00042317EA0148101602
B1133204203177N00042316EA0148101602
B1133214203175N00042313EA0148101601
B1133224203175N00042310EA0148001601
B1133234203176N00042305EA0148001601
B1133244203178N00042300EA0148001601
B1133254203180N00042295EA0148201602
B1133264203182N00042291EA0148301603
B1133274203185N00042287EA0148401605
B1133284203188N00042282EA0148601606
B1133294203192N00042278EA0148701608
B1133304203195N00042273EA0148901610
B1133314203199N00042268EA0149301614
B1133324203201N00042265EA0149701618
B1133334203203N00042263EA0150001621
B1133344203204N00042261EA0150001622
B1133354203203N00042259EA0150101623
B1133364203201N00042256EA0150101623
B1133374203198N00042256EA0150301624
B1133384203194N00042258EA0150501626
B1133394203191N00042263EA0150801628
B1133404203189N00042269EA0150901631
B1133414203187N00042275EA0151101634
B1133424203186N00042282EA0151301635
B1133434203184N00042288EA0151301636
B1133444203182N00042294EA0151501637
B1133454203179N00042300EA0151401636
B1133464203177N00042307EA0151401637
B1133474203173N00042312EA0151501637
B1133484203170N00042317EA0151601638
B1133494203167N00042321EA0151701640
B1133504203164N00042325EA0151901641
B1133514203162N00042329EA0151901642
B1133524203159N00042334EA0151801642
B1133534203156N00042339EA0151901642
B1133544203153N00042344EA0151901642
B1133554203150N00042349EA0152001643
B1133564203147N00042354EA0152201645
B1133574203144N00042360EA0152401646
B1133584203141N00042365EA0152501648
B1133594203138N00042370EA0152601649
B1134004203135N00042373EA0152801651
B1134014203131N00042376EA0152901652
B1134024203127N00042377EA0153101654
B1134034203124N00042377EA0153301657
B1134044203121N00042376EA0153501659
B1134054203118N00042375EA0153601660
B1134064203116N00042374EA0153601661
B1134074203113N00042371EA0153701661
B1134084203112N00042365EA0153701662
B1134094203112N00042359EA0153901663
B1134104203115N00042354EA0154001665
B1134114203119N00042351EA0154401667
B1134124203124N00042349EA0154401668
B1134134203129N00042350EA0154501669
B1134144203134N00042352EA0154401669
B1134154203138N00042356EA0154401669
B1134164203142N00042363EA0154401668
B1134174203144N00042371EA0154501668
B1134184203145N00042379EA0154501669
B1134194203144N00042387EA0154701671
B1134204203144N00042394EA0154801673
B1134214203143N00042400EA0154801674
B1134224203142N00042406EA0154801673
B1134234203140N00042413EA0154801673
B1134244203137N00042421EA0154801673
B1134254203135N00042428EA0154901674
B1134264203132N00042435EA0155101676
B1134274203131N00042441EA0155201676
B1134284203129N00042447EA0155101676
B1134294203126N00042453EA0155101675
B1134304203124N00042459EA0154901674
B1134314203121N00042466EA0154801673
B1134324203119N00042474EA0154801673
B1134334203117N00042482EA0154901673
B1134344203115N00042489EA0154901675
B1134354203113N00042495EA0155101676
B1134364203111N00042502EA0155201676
B1134374203108N00042508EA0155301677
B1134384203106N00042515EA0155401678
B1134394203104N00042521EA0155401680
B1134404203102N00042527EA0155701681
B1134414203101N00042532EA0155601681
B1134424203099N00042538EA0155501681
B1134434203097N00042544EA0155401679
B1134444203095N00042552EA0155201677
B1134454203093N00042560EA0155101677
B1134464203091N00042568EA0155101676
B1134474203090N00042575EA0155001675
B1134484203088N00042581EA0154701674
B1134494203087N00042588EA0154501671
B1134504203087N00042595EA0154301668
B1134514203086N00042603EA0153801664
B1134524203085N00042611EA0153801662
B1134534203083N00042620EA0153601661
B1134544203082N00042627EA0153501660
B1134554203081N00042634EA0153601659
B1134564203080N00042641EA0153301657
B1134574203079N00042648EA0153001654
B1134584203079N00042656EA0152701652
B1134594203079N00042665EA0152501650
B1135004203079N00042673EA0152301648
B1135014203080N00042682EA0152301646
B1135024203080N00042691EA0152101643
B1135034203080N00042701EA0151701640
B1135044203079N00042711EA0151501637
B1135054203078N00042722EA0151501637
B1135064203077N00042732EA0151701637
B1135074203076N00042741EA0151701639
B1135084203076N00042749EA0151901641
B1135094203076N00042757EA0152001642
B1135104203076N00042765EA0152001643
B1135114203075N00042773EA0152001643
B1135124203075N00042780EA0152101642
B1135134203074N00042789EA0152001642
B1135144203074N00042798EA0151901642
B1135154203073N00042807EA0152101643
B1135164203073N00042816EA0152101643
B1135174203072N00042823EA0152001643
B1135184203070N00042831EA0151901642
B1135194203069N00042838EA0151801641
B1135204203069N00042847EA0151701639
B1135214203068N00042856EA0151501637
B1135224203068N00042865EA0151401636
B1135234203068N00042874EA0151301636
B1135244203068N00042883EA0151301635
B1135254203067N00042892EA0151101634
B1135264203067N00042901EA0150901633
B1135274203068N00042910EA0150901631
B1135284203068N00042919EA0151001631
B1135294203067N00042928EA0151001631
B1135304203066N00042936EA0151201633
B1135314203065N00042943EA0151301634
B1135324203064N00042949EA0151201635
B1135334203063N00042955EA0151201634
B1135344203062N00042961EA0151101632
B1135354203062N00042969EA0150901630
B1135364203062N00042976EA0150701629
B1135374203061N00042985EA0150601627
B1135384203060N00042992EA0150601627
B1135394203059N00042999EA0150501627
B1135404203058N00043006EA0150501626
B1135414203057N00043012EA0150201624
B1135424203056N00043019EA0150101622
B1135434203056N00043026EA0149701619
B1135444203055N00043034EA0149501616
B1135454203054N00043042EA0149401614
B1135464203053N00043051EA0149201613
B1135474203051N00043059EA0149001611
B1135484203051N00043068EA0149001610
B1135494203051N00043076EA0148801610
B1135504203051N00043084EA0148701609
B1135514203051N00043092EA0148701607
B1135524203050N00043099EA0148501605
B1135534203050N00043107EA0148301603
B1135544203049N00043115EA0148201602
B1135554203048N00043124EA0148201601
B1135564203048N00043132EA0148201601
B1135574203047N00043140EA0148201602
B1135584203047N00043147EA0148101602
B1135594203046N00043155EA0148201601
B1136004203045N00043162EA0148101600
B1136014203044N00043169EA0147901599
B1136024203043N00043177EA0147801597
B1136034203042N00043185EA0147701596
B1136044203042N00043192EA0147601596
B1136054203041N00043200EA0147601595
B1136064203040N00043207EA0147401594
B1136074203039N00043213EA0147301592
B1136084203037N00043220EA0147201591
B1136094203036N00043227EA0146901589
B1136104203035N00043234EA0146801588
B1136114203034N00043241EA0146801586
B1136124203033N00043248EA0146601585
B1136134203031N00043255EA0146401583
B1136144203030N00043261EA0146201581
B1136154203029N00043269EA0146101579
B1136164203028N00043276EA0145901577
B1136174203026N00043284EA0145801575
B1136184203025N00043292EA0145701574
B1136194203023N00043300EA0145601574
B1136204203021N00043307EA0145701574
B1136214203020N00043313EA0145701575
B1136224203018N00043320EA0145801575
B1136234203016N00043327EA0145801576
B1136244203013N00043334EA0146001577
B1136254203011N00043341EA0146101578
B1136264203008N00043348EA0146401581
B1136274203005N00043355EA0146501583
B1136284203002N00043362EA0146701585
B1136294202998N00043369EA0146801586
B1136304202994N00043377EA0147001587
B1136314202991N00043383EA0147301590
B1136324202987N00043388EA0147601593
B1136334202984N00043392EA0147701595
B1136344202981N00043394EA0147801596
B1136354202977N00043396EA0147701596
B1136364202974N00043396EA0147601595
B1136374202972N00043393EA0147601594
B1136384202971N00043388EA0147601594
B1136394202973N00043383EA0147701595
B1136404202978N00043381EA0147801596
B1136414202984N00043381EA0147801597
B1136424202990N00043385EA0148001598
B1136434202996N00043390EA0148001599
B1136444203001N00043396EA0148201601
B1136454203006N00043403EA0148301602
B1136464203010N00043412EA0148301602
B1136474203012N00043422EA0148301602
B1136484203013N00043433EA0148401603
B1136494203011N00043442EA0148601605
B1136504203008N00043448EA0149001608
B1136514203005N00043452EA0149401612
B1136524203003N00043456EA0149701616
B1136534203002N00043459EA0149901618
B1136544203000N00043462EA0150001619
B1136554202997N00043463EA0150001620
B1136564202994N00043462EA0150101622
B1136574202993N00043461EA0150401624
B1136584202992N00043458EA0150601626
B1136594202994N00043455EA0150701627
B1137004202996N00043452EA0150601627
B1137014203000N00043449EA0150801628
B1137024203004N00043448EA0150901630
B1137034203009N00043449EA0151001631
B1137044203015N00043452EA0150901630
B1137054203021N00043456EA0150801629
B1137064203026N00043460EA0150801629
B1137074203032N00043467EA0150601628
B1137084203036N00043475EA0150801628
B1137094203039N00043485EA0150901629
B1137104203040N00043493EA0151001631
B1137114203039N00043500EA0151101632
B1137124203038N00043507EA0151201634
B1137134203037N00043512EA0151301635
B1137144203036N00043518EA0151401636
B1137154203035N00043522EA0151401636
B1137164203033N00043525EA0151401635
B1137174203030N00043526EA0151401635
B1137184203027N00043526EA0151501635
B1137194203026N00043526EA0151401636
B1137204203024N00043525EA0151401636
B1137214203023N00043523EA0151301635
B1137224203022N00043520EA0151101633
B1137234203021N00043515EA0151101632
B1137244203020N00043510EA0151201633
B1137254203020N00043505EA0151201634
B1137264203019N00043500EA0151401636
B1137274203018N00043496EA0151601637
B1137284203017N00043492EA0151801640
B1137294203016N00043489EA0152001642
B1137304203016N00043487EA0152001643
B1137314203015N00043485EA0152101643
B1137324203013N00043484EA0152101643
B1137334203010N00043482EA0152101644
B1137344203007N00043481EA0152201645
B1137354203004N00043481EA0152301646
B1137364203001N00043483EA0152301647
B1137374202998N00043485EA0152501648
B1137384202996N00043489EA0152501649
B1137394202993N00043495EA0152701649
B1137404202992N00043503EA0152601649
B1137414202991N00043511EA0152801650
B1137424202991N00043518EA0152901652
B1137434202990N00043525EA0153001654
B1137444202990N00043531EA0153001654
B1137454202989N00043537EA0152701652
B1137464202988N00043544EA0152601650
B1137474202988N00043552EA0152501649
B1137484202988N00043559EA0152401648
B1137494202988N00043566EA0152401647
B1137504202987N00043572EA0152101646
B1137514202986N00043578EA0152101645
B1137524202985N00043584EA0151901644
B1137534202985N00043590EA0152001644
B1137544202983N00043597EA0152101644
B1137554202981N00043602EA0152101644
B1137564202979N00043607EA0152001644
B1137574202977N00043612EA0152001643
B1137584202975N00043618EA0152101644
B1137594202973N00043624EA0152101644
B1138004202971N00043630EA0152201645
B1138014202970N00043636EA0152201646
B1138024202969N00043642EA0152301646
B1138034202967N00043647EA0152201646
B1138044202966N00043652EA0152301646
B1138054202965N00043657EA0152301646
B1138064202964N00043664EA0152201645
B1138074202963N00043670EA0152101645
B1138084202962N00043675EA0152201645
B1138094202961N00043680EA0152101645
B1138104202959N00043684EA0152001644
B1138114202957N00043686EA0152001644
B1138124202954N00043688EA0151901643
B1138134202951N00043690EA0151801641
B1138144202948N00043694EA0151701641
B1138154202945N00043699EA0151801641
B1138164202943N00043703EA0151801642
B1138174202942N00043707EA0151901643
B1138184202941N00043711EA0151801643
B1138194202941N00043716EA0151501641
B1138204202940N00043721EA0151401638
B1138214202939N00043727EA0151101635
B1138224202938N00043735EA0150901632
B1138234202937N00043744EA0150701630
B1138244202937N00043753EA0150701629
B1138254202937N00043761EA0150601629
B1138264202936N00043769EA0150601628
B1138274202935N00043777EA0150401627
B1138284202934N00043785EA0150301625
B1138294202934N00043794EA0150301624
B1138304202933N00043803EA0150301624
B1138314202933N00043812EA0150501626
B1138324202933N00043820EA0150501627
B1138334202932N00043828EA0150601628
B1138344202932N00043836EA0150601628
B1138354202931N00043844EA0150701628
B1138364202930N00043853EA0150701629
B1138374202929N00043862EA0151001631
B1138384202928N00043870EA0151301633
B1138394202928N00043878EA0151501635
B1138404202927N00043886EA0151701637
B1138414202927N00043894EA0151701639
B1138424202926N00043903EA0151901640
B1138434202926N00043912EA0152201642
B1138444202926N00043921EA0152401645
B1138454202925N00043928EA0152801649
B1138464202924N00043935EA0153001651
B1138474202923N00043942EA0153101653
B1138484202921N00043948EA0153001654
B1138494202919N00043952EA0153101654
B1138504202915N00043953EA0153201655
B1138514202913N00043951EA0153401656
B1138524202912N00043947EA0153601657
B1138534202913N00043943EA0153601659
B1138544202916N00043940EA0153701660
B1138554202920N00043938EA0153901660
B1138564202926N00043937EA0153801661
B1138574202932N00043937EA0154001662
B1138584202939N00043940EA0154001663
B1138594202945N00043947EA0154101664
B1139004202950N00043956EA0154301665
B1139014202952N00043966EA0154401667
B1139024202953N00043974EA0154601670
B1139034202954N00043982EA0154701672
B1139044202956N00043989EA0154901673
B1139054202956N00043996EA0154901673
B1139064202956N00044002EA0154701672
B1139074202955N00044009EA0154601671
B1139084202952N00044015EA0154601670
B1139094202950N00044020EA0154701671
B1139104202947N00044023EA0154801672
B1139114202945N00044025EA0154801673
B1139124202943N00044026EA0154801673
B1139134202941N00044026EA0154801673
B1139144202939N00044026EA0154801673
B1139154202937N00044026EA0154801673
B1139164202935N00044025EA0154701672
B1139174202934N00044021EA0154601671
B1139184202935N00044017EA0154601670
B1139194202937N00044012EA0154701670
B1139204202940N00044009EA0154701672
B1139214202945N00044007EA0154801672
B1139224202949N00044005EA0154801673
B1139234202955N00044003EA0154801673
B1139244202961N00044002EA0154801673
B1139254202967N00044001EA0155001674
B1139264202974N00044002EA0155001675
B1139274202981N00044004EA0155101676
B1139284202987N00044007EA0155301677
B1139294202994N00044009EA0155401677
B1139304203001N00044013EA0155501679
B1139314203007N00044018EA0155701681
B1139324203012N00044024EA0155801682
B1139334203016N00044031EA0155801682
B1139344203019N00044039EA0155801682
B1139354203019N00044047EA0155601681
B1139364203018N00044054EA0155501680
B1139374203016N00044059EA0155401679
B1139384203014N00044064EA0155301678
B1139394203012N00044069EA0155301678
B1139404203009N00044073EA0155201677
B1139414203007N00044076EA0155101676
B1139424203004N00044079EA0154901675
B1139434203002N00044082EA0154901674
B1139444202999N00044086EA0154701672
B1139454202997N00044091EA0154501670
B1139464202994N00044095EA0154401669
B1139474202991N00044099EA0154201668
B1139484202989N00044103EA0154201666
B1139494202987N00044107EA0153901664
B1139504202985N00044113EA0153601660
B1139514202982N00044118EA0153201657
B1139524202979N00044124EA0153201654
B1139534202976N00044130EA0153101653
B1139544202973N00044135EA0152801653
B1139554202971N00044140EA0152701652
B1139564202969N00044146EA0152601650
B1139574202967N00044151EA0152301647
B1139584202963N00044155EA0152201644
B1139594202959N00044157EA0151801641
B1140004202955N00044161EA0151601639
B1140014202951N00044166EA0151601637
B1140024202948N00044171EA0151401636
B1140034202945N00044177EA0151401635
B1140044202942N00044182EA0151201634
B1140054202940N00044187EA0151001633
B1140064202938N00044192EA0150901632
B1140074202936N00044197EA0150801630
B1140084202933N00044203EA0150801630
B1140094202932N00044208EA0150701630
B1140104202930N00044214EA0150801630
B1140114202928N00044218EA0150901631
B1140124202926N00044223EA0150901630
B1140134202925N00044228EA0150801630
B1140144202923N00044233EA0150801630
B1140154202921N00044239EA0150901630
B1140164202920N00044244EA0150901631
B1140174202918N00044249EA0150901631
B1140184202917N00044253EA0150901631
B1140194202915N00044257EA0150901631
B1140204202913N00044261EA0150801631
B1140214202911N00044265EA0150901631
B1140224202909N00044270EA0150901631
B1140234202908N00044275EA0151001632
B1140244202906N00044279EA0151201633
B1140254202904N00044283EA0151201634
B1140264202902N00044288EA0151301636
B1140274202899N00044292EA0151601638
B1140284202897N00044296EA0151801639
B1140294202894N00044299EA0151701640
B1140304202891N00044302EA0151801640
B1140314202888N00044305EA0151801640
B1140324202884N00044308EA0151901641
B1140334202881N00044310EA0151801641
B1140344202878N00044312EA0151801641
B1140354202875N00044313EA0151701641
B1140364202872N00044314EA0151701640
B1140374202869N00044317EA0151301637
B1140384202865N00044323EA0151101635
B1140394202862N00044330EA0151101635
B1140404202859N00044336EA0151301636
B1140414202856N00044340EA0151301636
B1140424202854N00044344EA0151301636
B1140434202852N00044349EA0151101635
B1140444202851N00044355EA0150901632
B1140454202850N00044362EA0150601630
B1140464202847N00044370EA0150601629
B1140474202844N00044376EA0150701630
B1140484202842N00044383EA0150801631
B1140494202841N00044389EA0150801632
B1140504202839N00044396EA0150901631
B1140514202838N00044402EA0150701630
B1140524202837N00044408EA0150601629
B1140534202835N00044415EA0150501627
B1140544202833N00044422EA0150401626
B1140554202831N00044430EA0150401626
B1140564202829N00044438EA0150401626
B1140574202827N00044445EA0150501627
B1140584202826N00044451EA0150501628
B1140594202824N00044456EA0150501628
B1141004202821N00044462EA0150601628
B1141014202818N00044467EA0150401628
B1141024202815N00044473EA0150501628
B1141034202811N00044477EA0150501628
B1141044202808N00044481EA0150601628
B1141054202805N00044486EA0150501628
B1141064202802N00044490EA0150301626
B1141074202799N00044496EA0150101624
B1141084202796N00044502EA0150001622
B1141094202793N00044509EA0149801620
B1141104202790N00044517EA0149801618
B1141114202788N00044526EA0149801619
B1141124202786N00044533EA0149901622
B1141134202785N00044540EA0150201625
B1141144202784N00044546EA0150501627
B1141154202784N00044551EA0150601628
B1141164202784N00044558EA0150601629
B1141174202784N00044564EA0150601629
B1141184202783N00044571EA0150801630
B1141194202781N00044578EA0151001631
B1141204202780N00044585EA0151101633
B1141214202778N00044591EA0151201634
B1141224202777N00044597EA0151101635
B1141234202775N00044602EA0151201634
B1141244202773N00044608EA0151101634
B1141254202771N00044614EA0151201633
B1141264202769N00044620EA0151201633
B1141274202766N00044627EA0151101633
B1141284202764N00044633EA0151401635
B1141294202762N00044638EA0151501637
B1141304202760N00044643EA0151701639
B1141314202759N00044648EA0151601639
B1141324202757N00044653EA0151601639
B1141334202755N00044658EA0151501638
B1141344202752N00044663EA0151701638
B1141354202749N00044668EA0151601638
B1141364202746N00044673EA0151501638
B1141374202745N00044678EA0151501638
B1141384202743N00044683EA0151401637
B1141394202742N00044689EA0151401636
B1141404202740N00044695EA0151301635
B1141414202738N00044701EA0151101634
B1141424202736N00044706EA0150901632
B1141434202735N00044712EA0150701630
B1141444202733N00044718EA0150601628
B1141454202731N00044726EA0150401626
B1141464202730N00044733EA0150301626
B1141474202728N00044739EA0150301625
B1141484202726N00044745EA0150301625
B1141494202724N00044750EA0150201625
B1141504202722N00044756EA0150001624
B1141514202720N00044762EA0150001622
B1141524202718N00044769EA0150001621
B1141534202717N00044776EA0149801620
B1141544202716N00044784EA0149801619
B1141554202715N00044793EA0149701619
B1141564202714N00044801EA0149801619
B1141574202712N00044808EA0150001620
B1141584202710N00044814EA0149901622
B1141594202709N00044819EA0150101622
B1142004202708N00044826EA0149901622
B1142014202707N00044832EA0149601620
B1142024202707N00044839EA0149601617
B1142034202705N00044846EA0149301615
B1142044202703N00044852EA0149101612
B1142054202702N00044859EA0148901611
B1142064202700N00044866EA0148801610
B1142074202698N00044872EA0148701609
B1142084202696N00044878EA0148701608
B1142094202693N00044884EA0148601607
B1142104202691N00044890EA0148401606
B1142114202689N00044895EA0148301605
B1142124202686N00044900EA0148101603
B1142134202683N00044906EA0148101602
B1142144202679N00044913EA0148201601
B1142154202676N00044920EA0148201601
B1142164202674N00044926EA0148201601
B1142174202671N00044933EA0148101601
B1142184202667N00044939EA0148201602
B1142194202663N00044945EA0148401605
B1142204202660N00044949EA0148501607
B1142214202658N00044954EA0148701608
B1142224202656N00044959EA0148801609
B1142234202653N00044965EA0148801609
B1142244202650N00044971EA0148901610
B1142254202647N00044977EA0149101612
B1142264202644N00044983EA0149501616
B1142274202641N00044988EA0149701619
B1142284202639N00044992EA0149901621
B1142294202636N00044997EA0150001623
B1142304202634N00045000EA0150101624
B1142314202632N00045003EA0150101624
B1142324202629N00045007EA0150201624
B1142334202626N00045010EA0150301625
B1142344202623N00045012EA0150301626
B1142354202620N00045013EA0150501627
B1142364202616N00045014EA0150601628
B1142374202613N00045013EA0150801629
B1142384202610N00045011EA0150801631
B1142394202607N00045009EA0151101633
B1142404202605N00045008EA0151101634
B1142414202603N00045007EA0151201635
B1142424202600N00045005EA0151201635
B1142434202598N00045002EA0151301635
B1142444202597N00044997EA0151201636
B1142454202597N00044991EA0151501636
B1142464202597N00044985EA0151401637
B1142474202598N00044979EA0151601638
B1142484202602N00044974EA0151601638
B1142494202606N00044969EA0151601638
B1142504202613N00044967EA0151501637
B1142514202620N00044966EA0151401637
B1142524202627N00044968EA0151701637
B1142534202633N00044973EA0151601639
B1142544202638N00044980EA0151801639
B1142554202640N00044987EA0151801639
B1142564202640N00044995EA0151701639
B1142574202638N00045002EA0151701639
B1142584202636N00045008EA0151801640
B1142594202634N00045013EA0151901642
B1143004202632N00045017EA0152001643
B1143014202629N00045021EA0152101643
B1143024202626N00045025EA0152101644
B1143034202624N00045029EA0152101645
B1143044202622N00045033EA0152201645
B1143054202620N00045037EA0152201644
B1143064202618N00045041EA0152201644
B1143074202616N00045045EA0152301645
B1143084202614N00045048EA0152401646
B1143094202612N00045052EA0152301646
B1143104202611N00045057EA0152301645
B1143114202609N00045062EA0152201645
B1143124202607N00045066EA0152301645
B1143134202605N00045070EA0152401645
B1143144202602N00045074EA0152401646
B1143154202601N00045078EA0152301647
B1143164202599N00045083EA0152201646
B1143174202598N00045088EA0152301646
B1143184202597N00045094EA0152101645
B1143194202594N00045100EA0152201645
B1143204202592N00045106EA0152201645
B1143214202590N00045110EA0152101645
B1143224202588N00045115EA0152001644
B1143234202586N00045119EA0151901643
B1143244202584N00045125EA0152001642
B1143254202581N00045131EA0151801641
B1143264202579N00045138EA0152001642
B1143274202576N00045144EA0152301644
B1143284202574N00045149EA0152301647
B1143294202573N00045153EA0152501649
B1143304202572N00045158EA0152501649
B1143314202571N00045163EA0152501648
B1143324202570N00045168EA0152401647
B1143334202569N00045175EA0152401647
B1143344202567N00045181EA0152401647
B1143354202565N00045187EA0152501649
B1143364202564N00045191EA0152701650
B1143374202563N00045195EA0152501650
B1143384202562N00045200EA0152501649
B1143394202561N00045206EA0152501648
B1143404202560N00045212EA0152401648
B1143414202558N00045218EA0152401647
B1143424202556N00045223EA0152201646
B1143434202554N00045229EA0152201645
B1143444202552N00045235EA0152201645
B1143454202551N00045241EA0151901644
B1143464202549N00045246EA0151901643
B1143474202547N00045253EA0152101642
B1143484202544N00045259EA0152001644
B1143494202542N00045265EA0152201645
B1143504202540N00045270EA0152201646
B1143514202538N00045275EA0152201645
B1143524202537N00045280EA0152001644
B1143534202535N00045286EA0151901642
B1143544202533N00045292EA0151701641
B1143554202530N00045297EA0151701640
B1143564202528N00045303EA0151501640
B1143574202526N00045308EA0151501639
B1143584202524N00045314EA0151301637
B1143594202522N00045320EA0151201636
B1144004202520N00045326EA0151101634
B1144014202517N00045332EA0151001633
B1144024202514N00045339EA0150801631
B1144034202511N00045346EA0150901631
B1144044202509N00045353EA0150901631
B1144054202506N00045360EA0150901631
B1144064202504N00045366EA0150801631
B1144074202501N00045373EA0150901631
B1144084202499N00045379EA0151001632
B1144094202497N00045386EA0151101633
B1144104202495N00045393EA0151101634
B1144114202493N00045399EA0151101634
B1144124202492N00045407EA0151101633
B1144134202490N00045415EA0151001632
B1144144202487N00045423EA0151101634
B1144154202485N00045429EA0151301636
B1144164202483N00045434EA0151401637
B1144174202481N00045438EA0151401637
B1144184202479N00045443EA0151001635
B1144194202477N00045448EA0151001632
B1144204202475N00045454EA0150601630
B1144214202472N00045459EA0150601628
B1144224202468N00045465EA0150501628
B1144234202466N00045471EA0150401628
B1144244202463N00045476EA0150401627
B1144254202460N00045481EA0150101625
B1144264202458N00045486EA0150001623
B1144274202454N00045491EA0149701621
B1144284202451N00045496EA0149501619
B1144294202447N00045501EA0149401617
B1144304202444N00045507EA0149301615
B1144314202440N00045512EA0148901613
B1144324202436N00045518EA0148801611
B1144334202433N00045523EA0148801610
B1144344202428N00045528EA0148701609
B1144354202424N00045533EA0149001609
B1144364202420N00045539EA0149001611
B1144374202416N00045544EA0149201613
B1144384202413N00045548EA0149501616
B1144394202410N00045551EA0149601618
B1144404202407N00045553EA0149701619
B1144414202403N00045556EA0149601619
B1144424202399N00045558EA0149901620
B1144434202394N00045558EA0150001621
B1144444202390N00045556EA0149901623
B1144454202387N00045553EA0150501626
B1144464202386N00045549EA0150801630
B1144474202384N00045547EA0151201633
B1144484202383N00045546EA0151201635
B1144494202382N00045544EA0151501637
B1144504202381N00045541EA0151501637
B1144514202381N00045536EA0151701639
B1144524202383N00045532EA0152001641
B1144534202387N00045529EA0152101643
B1144544202393N00045528EA0152301644
B1144554202400N00045529EA0152401646
B1144564202406N00045532EA0152801648
B1144574202413N00045536EA0153101651
B1144584202418N00045542EA0153101652
B1144594202421N00045550EA0153101653
B1145004202422N00045558EA0153201654
B1145014202420N00045566EA0153201656
B1145024202417N00045572EA0153601659
B1145034202414N00045575EA0154001662
B1145044202411N00045577EA0154201664
B1145054202407N00045579EA0154301666
B1145064202404N00045580EA0154401667
B1145074202399N00045580EA0154701669
B1145084202395N00045578EA0155001673
B1145094202392N00045575EA0155601678
B1145104202390N00045573EA0156001683
B1145114202388N00045572EA0156101687
B1145124202387N00045571EA0156301688
B1145134202385N00045568EA0156601689
B1145144202384N00045562EA0156601689
B1145154202384N00045556EA0157001692
B1145164202387N00045550EA0157301696
B1145174202392N00045547EA0157501700
B1145184202397N00045546EA0157701703
B1145194202402N00045546EA0158001705
B1145204202408N00045546EA0158201707
B1145214202413N00045547EA0158401709
B1145224202419N00045550EA0158301709
B1145234202424N00045557EA0158401708
B1145244202427N00045566EA0158401709
B1145254202427N00045576EA0158801711
B1145264202425N00045584EA0159301717
B1145274202423N00045589EA0159701722
B1145284202422N00045592EA0159901727
B1145294202420N00045595EA0160301730
B1145304202418N00045598EA0160601732
B1145314202415N00045601EA0160601734
B1145324202411N00045604EA0160901736
B1145334202408N00045606EA0161101740
B1145344202404N00045608EA0161501743
B1145354202401N00045609EA0161801746
B1145364202398N00045612EA0162201749
B1145374202394N00045614EA0162601752
B1145384202390N00045616EA0162801756
B1145394202387N00045618EA0163301762
B1145404202384N00045618EA0163801767
B1145414202382N00045619EA0164001770
B1145424202381N00045621EA0164101771
B1145434202378N00045621EA0164101772
B1145444202375N00045620EA0164201772
B1145454202373N00045615EA0164301773
B1145464202375N00045609EA0164601775
B1145474202379N00045604EA0164801777
B1145484202385N00045601EA0165301781
B1145494202392N00045600EA0165501785
B1145504202398N00045602EA0165801790
B1145514202403N00045605EA0166301793
B1145524202409N00045609EA0166501795
B1145534202414N00045614EA0166701797
B1145544202419N00045622EA0167001799
B1145554202421N00045631EA0167201802
B1145564202422N00045639EA0167401805
B1145574202420N00045646EA0167701808
B1145584202418N00045651EA0167901811
B1145594202416N00045655EA0168301814
B1146004202413N00045658EA0168301816
B1146014202411N00045660EA0168701819
B1146024202409N00045661EA0168801821
B1146034202406N00045661EA0169201824
B1146044202403N00045661EA0169201826
B1146054202400N00045660EA0169301827
B1146064202397N00045658EA0169701830
B1146074202395N00045656EA0169901833
B1146084202392N00045655EA0170101835
B1146094202390N00045654EA0170301836
B1146104202387N00045651EA0170401838
B1146114202386N00045647EA0170601840
B1146124202386N00045641EA0171001843
B1146134202388N00045637EA0171301847
B1146144202391N00045632EA0171801850
B1146154202394N00045628EA0172101854
B1146164202397N00045625EA0172301858
B1146174202402N00045623EA0172601861
B1146184202407N00045622EA0172801863
B1146194202413N00045621EA0173201865
B1146204202418N00045621EA0173401868
B1146214202423N00045622EA0173601870
B1146224202429N00045627EA0173701871
B1146234202434N00045634EA0173801872
B1146244202439N00045642EA0174201876
B1146254202443N00045651EA0174601881
B1146264202445N00045658EA0175001885
B1146274202446N00045666EA0175201888
B1146284202445N00045673EA0175401889
B1146294202444N00045681EA0175501891
B1146304202441N00045688EA0175901894
B1146314202438N00045694EA0176101897
B1146324202435N00045698EA0176301900
B1146334202432N00045700EA0176601903
B1146344202429N00045701EA0176701904
B1146354202426N00045701EA0176901905
B1146364202424N00045698EA0176901906
B1146374202424N00045693EA0177201907
B1146384202425N00045687EA0177501911
B1146394202426N00045682EA0177901916
B1146404202426N00045679EA0178301921
B1146414202426N00045679EA0178701925
B1146424202427N00045678EA0178701927
B1146434202430N00045676EA0178701925
B1146444202434N00045673EA0178701925
B1146454202441N00045672EA0179001926
B1146464202448N00045673EA0179001928
B1146474202454N00045679EA0179201930
B1146484202459N00045687EA0179401932
B1146494202463N00045694EA0179701935
B1146504202467N00045702EA0180001939
B1146514202469N00045709EA0180301941
B1146524202470N00045716EA0180501943
B1146534202470N00045724EA0180401944
B1146544202469N00045731EA0180601945
B1146554202466N00045736EA0180701947
B1146564202463N00045740EA0180901948
B1146574202459N00045741EA0181101949
B1146584202457N00045739EA0181201951
B1146594202455N00045736EA0181401954
B1147004202455N00045733EA0181601956
B1147014202457N00045730EA0181801958
B1147024202460N00045727EA0182001959
B1147034202464N00045725EA0182001961
B1147044202469N00045723EA0182401963
B1147054202474N00045722EA0182401965
B1147064202480N00045723EA0182501966
B1147074202487N00045727EA0182601967
B1147084202493N00045733EA0182901969
B1147094202499N00045740EA0183101971
B1147104202503N00045747EA0183201974
B1147114202506N00045754EA0183401976
B1147124202508N00045761EA0183601978
B1147134202509N00045770EA0183701979
B1147144202509N00045778EA0183901980
B1147154202508N00045786EA0184101982
B1147164202506N00045794EA0184201984
B1147174202504N00045800EA0184301986
B1147184202502N00045806EA0184701989
B1147194202499N00045812EA0184801990
B1147204202497N00045816EA0184901992
B1147214202494N00045820EA0184801992
B1147224202492N00045825EA0184901991
B1147234202489N00045830EA0184801991
B1147244202485N00045835EA0184701991
B1147254202482N00045837EA0184801991
B1147264202478N00045839EA0184701990
B1147274202474N00045840EA0184701990
B1147284202470N00045841EA0184701990
B1147294202466N00045842EA0184701991
B1147304202462N00045843EA0184801992
B1147314202460N00045844EA0185001993
B1147324202458N00045845EA0184901993
B1147334202455N00045847EA0184901993
B1147344202452N00045849EA0184901992
B1147354202449N00045850EA0185001992
B1147364202446N00045850EA0185101993
B1147374202443N00045849EA0185101994
B1147384202440N00045849EA0185301996
B1147394202437N00045850EA0185601998
B1147404202435N00045850EA0185702000
B1147414202432N00045851EA0185902002
B1147424202430N00045851EA0185902002
B1147434202428N00045851EA0186002004
B1147444202427N00045851EA0186202005
B1147454202425N00045851EA0186202005
B1147464202424N00045851EA0186202005
B1147474202423N00045850EA0186302006
B1147484202423N00045846EA0186202006
B1147494202425N00045842EA0186302008
B1147504202429N00045838EA0186702010
B1147514202434N00045836EA0186902012
B1147524202440N00045836EA0186902013
B1147534202447N00045839EA0186902013
B1147544202454N00045843EA0187102015
B1147554202462N00045848EA0187502017
B1147564202467N00045853EA0187802020
B1147574202471N00045860EA0187702022
B1147584202473N00045867EA0187802022
B1147594202473N00045875EA0187802022
B1148004202474N00045884EA0187802023
B1148014202474N00045892EA0187902023
B1148024202474N00045901EA0187902024
B1148034202473N00045909EA0187902024
B1148044202472N00045917EA0188002025
B1148054202471N00045925EA0188002025
B1148064202470N00045933EA0188002025
B1148074202469N00045942EA0187902024
B1148084202467N00045951EA0188002024
B1148094202466N00045961EA0188102025
B1148104202464N00045970EA0188002026
B1148114202462N00045978EA0188102027
B1148124202460N00045985EA0188102026
B1148134202459N00045993EA0188002025
B1148144202457N00046002EA0187802022
B1148154202455N00046011EA0187702021
B1148164202453N00046021EA0187702021
B1148174202451N00046029EA0187702022
B1148184202449N00046037EA0187802022
B1148194202447N00046044EA0187702022
B1148204202445N00046051EA0187502021
B1148214202443N00046058EA0187402019
B1148224202441N00046066EA0187302017
B1148234202439N00046075EA0187202016
B1148244202438N00046083EA0187202015
B1148254202437N00046090EA0186902014
B1148264202436N00046097EA0186702012
B1148274202435N00046105EA0186602009
B1148284202434N00046113EA0186102005
B1148294202433N00046122EA0185902003
B1148304202432N00046131EA0185602001
B1148314202432N00046140EA0185501999
B1148324202432N00046149EA0185401997
B1148334202432N00046158EA0185201995
B1148344202432N00046166EA0184901992
B1148354202431N00046176EA0184601988
B1148364202429N00046186EA0184201985
B1148374202428N00046196EA0184001982
B1148384202427N00046205EA0184101982
B1148394202426N00046213EA0183801981
B1148404202425N00046221EA0183801981
B1148414202425N00046228EA0183501979
B1148424202423N00046235EA0183401976
B1148434202422N00046244EA0183101973
B1148444202421N00046253EA0182801970
B1148454202419N00046262EA0182701968
B1148464202418N00046271EA0182701968
B1148474202417N00046278EA0182501968
B1148484202416N00046284EA0182401966
B1148494202414N00046290EA0182001962
B1148504202413N00046297EA0181501956
B1148514202411N00046307EA0180901951
B1148524202409N00046318EA0181001949
B1148534202408N00046329EA0181001949
B1148544202407N00046337EA0181001951
B1148554202407N00046343EA0180901950
B1148564202406N00046349EA0180701948
B1148574202406N00046356EA0180201944
B1148584202405N00046365EA0179901938
B1148594202404N00046375EA0179501934
B1149004202402N00046386EA0179301932
B1149014202401N00046395EA0179301933
B1149024202400N00046403EA0179101932
B1149034202399N00046409EA0178901930
B1149044202398N00046417EA0178701926
B1149054202397N00046426EA0178201922
B1149064202396N00046436EA0177801918
B1149074202395N00046446EA0177701916
B1149084202393N00046455EA0177501915
B1149094202392N00046463EA0177401913
B1149104202390N00046471EA0177201910
B1149114202389N00046480EA0176701907
B1149124202387N00046490EA0176401902
B1149134202385N00046500EA0176101899
B1149144202383N00046511EA0176001897
B1149154202380N00046520EA0176001897
B1149164202379N00046529EA0176001897
B1149174202378N00046536EA0175901896
B1149184202376N00046544EA0175601893
B1149194202375N00046552EA0175201891
B1149204202373N00046560EA0175301889
B1149214202372N00046569EA0175201888
B1149224202370N00046578EA0175101886
B1149234202369N00046588EA0174901885
B1149244202368N00046597EA0174901884
B1149254202366N00046607EA0175001885
B1149264202364N00046616EA0174901886
B1149274202363N00046624EA0175101887
B1149284202361N00046631EA0175001887
B1149294202358N00046638EA0175101887
B1149304202356N00046646EA0174901886
B1149314202353N00046654EA0174801884
B1149324202351N00046662EA0174601882
B1149334202349N00046672EA0174601882
B1149344202346N00046680EA0174601883
B1149354202344N00046688EA0174701883
B1149364202341N00046695EA0174501882
B1149374202339N00046702EA0174501881
B1149384202336N00046710EA0174401880
B1149394202334N00046719EA0174301880
B1149404202332N00046727EA0174501880
B1149414202330N00046735EA0174501881
B1149424202328N00046743EA0174501882
B1149434202327N00046751EA0174701882
B1149444202325N00046758EA0174701883
B1149454202323N00046766EA0174701884
B1149464202320N00046773EA0174801884
B1149474202318N00046781EA0174901886
B1149484202317N00046789EA0175201888
B1149494202316N00046797EA0175601892
B1149504202315N00046803EA0175901895
B1149514202314N00046809EA0176101898
B1149524202313N00046816EA0176101898
B1149534202312N00046823EA0176001898
B1149544202311N00046831EA0176301899
B1149554202309N00046838EA0176201900
B1149564202307N00046844EA0176301900
B1149574202304N00046849EA0176301901
B1149584202301N00046855EA0176401902
B1149594202299N00046861EA0176301901
B1150004202297N00046867EA0176301901
B1150014202295N00046874EA0176301901
B1150024202291N00046881EA0176401900
B1150034202287N00046887EA0176501902
B1150044202284N00046894EA0176501904
B1150054202281N00046901EA0176901907
B1150064202279N00046908EA0177201910
B1150074202277N00046914EA0177601913
B1150084202274N00046921EA0177701915
B1150094202271N00046927EA0177701916
B1150104202268N00046935EA0177901917
B1150114202266N00046943EA0178201920
B1150124202263N00046951EA0178401923
B1150134202261N00046957EA0178801925
B1150144202258N00046964EA0178801928
B1150154202256N00046970EA0179001929
B1150164202254N00046976EA0178901929
B1150174202252N00046984EA0179001929
B1150184202251N00046993EA0179001928
B1150194202249N00047003EA0179001928
B1150204202246N00047011EA0179001929
B1150214202244N00047019EA0179101931
B1150224202241N00047026EA0179101931
B1150234202240N00047033EA0179001930
B1150244202239N00047040EA0178801928
B1150254202238N00047049EA0178701925
B1150264202236N00047059EA0178501923
B1150274202235N00047069EA0178401922
B1150284202234N00047079EA0178401923
B1150294202232N00047087EA0178401923
B1150304202231N00047095EA0178201922
B1150314202231N00047104EA0178101920
B1150324202230N00047113EA0178001917
B1150334202228N00047122EA0177801916
B1150344202227N00047132EA0177701915
B1150354202226N00047141EA0177801916
B1150364202224N00047150EA0177901917
B1150374202224N00047158EA0178001918
B1150384202223N00047168EA0178101919
B1150394202223N00047178EA0178201920
B1150404202223N00047188EA0178401921
B1150414202223N00047197EA0178601923
B1150424202222N00047206EA0178501924
B1150434202222N00047215EA0178501924
B1150444202221N00047225EA0178401923
B1150454202219N00047234EA0178401922
B1150464202216N00047244EA0178601923
B1150474202214N00047254EA0178801925
B1150484202212N00047264EA0178901927
B1150494202211N00047273EA0179201931
B1150504202210N00047281EA0179401933
B1150514202209N00047288EA0179601935
B1150524202208N00047295EA0179601935
B1150534202206N00047303EA0179701936
B1150544202205N00047310EA0179801936
B1150554202203N00047318EA0179801937
B1150564202202N00047327EA0179801938
B1150574202200N00047335EA0180101939
B1150584202198N00047344EA0180201941
B1150594202196N00047352EA0180401944
B1151004202194N00047360EA0180601946
B1151014202193N00047368EA0180601947
B1151024202192N00047375EA0180701947
B1151034202191N00047384EA0180601946
B1151044202190N00047394EA0180501946
B1151054202189N00047405EA0180901947
B1151064202189N00047416EA0181001949
B1151074202188N00047425EA0181301951
B1151084202187N00047433EA0181101952
B1151094202186N00047441EA0181201952
B1151104202185N00047450EA0181201951
B1151114202184N00047460EA0181201950
B1151124202182N00047471EA0181201950
B1151134202180N00047482EA0181401952
B1151144202179N00047492EA0181601955
B1151154202177N00047500EA0181801958
B1151164202176N00047507EA0181901959
B1151174202175N00047514EA0181901959
B1151184202174N00047522EA0181801958
B1151194202172N00047531EA0181601956
B1151204202171N00047540EA0181601956
B1151214202169N00047549EA0181501955
B1151224202168N00047558EA0181601956
B1151234202167N00047567EA0181501955
B1151244202166N00047575EA0181401955
B1151254202165N00047584EA0181401953
B1151264202163N00047593EA0181201952
B1151274202161N00047603EA0181001951
B1151284202160N00047613EA0181001950
B1151294202158N00047623EA0181101950
B1151304202157N00047633EA0180901949
B1151314202156N00047643EA0180701947
B1151324202155N00047653EA0180601945
B1151334202154N00047664EA0180401943
B1151344202153N00047674EA0180301942
B1151354202151N00047684EA0180201941
B1151364202151N00047694EA0180001939
B1151374202150N00047704EA0179601936
B1151384202150N00047714EA0179501933
B1151394202149N00047725EA0179201931
B1151404202149N00047735EA0179001930
B1151414202149N00047745EA0178901928
B1151424202149N00047755EA0178801926
B1151434202149N00047765EA0178501923
B1151444202148N00047777EA0178301921
B1151454202148N00047789EA0178101919
B1151464202147N00047801EA0178201918
B1151474202147N00047812EA0178201919
B1151484202146N00047822EA0178201920
B1151494202146N00047831EA0178301920
B1151504202146N00047840EA0178201920
B1151514202146N00047849EA0177901918
B1151524202146N00047858EA0177901917
B1151534202147N00047868EA0177801915
B1151544202147N00047879EA0177701914
B1151554202147N00047889EA0177601913
B1151564202147N00047899EA0177501913
B1151574202147N00047909EA0177601913
B1151584202146N00047918EA0177701913
B1151594202146N00047927EA0177601913
B1152004202145N00047936EA0177501913
B1152014202145N00047945EA0177401913
B1152024202144N00047953EA0177401912
B1152034202143N00047962EA0177401911
B1152044202143N00047971EA0177301910
B1152054202142N00047981EA0177201909
B1152064202142N00047990EA0177101908
B1152074202141N00047999EA0177001907
B1152084202140N00048007EA0176901906
B1152094202139N00048016EA0176801905
B1152104202138N00048026EA0176601903
B1152114202137N00048036EA0176601903
B1152124202136N00048045EA0176701903
B1152134202136N00048053EA0176601903
B1152144202136N00048061EA0176601902
B1152154202135N00048070EA0176401900
B1152164202135N00048079EA0176201899
B1152174202134N00048088EA0176101897
B1152184202134N00048097EA0176101897
B1152194202133N00048106EA0176101897
B1152204202133N00048114EA0175901896
B1152214202133N00048123EA0175901896
B1152224202133N00048131EA0175801895
B1152234202133N00048139EA0175701894
B1152244202133N00048148EA0175701893
B1152254202132N00048156EA0175501892
B1152264202132N00048165EA0175501891
B1152274202131N00048173EA0175301889
B1152284202131N00048181EA0175201888
B1152294202131N00048190EA0175001886
B1152304202133N00048200EA0175001885
B1152314202134N00048209EA0175001885
B1152324202137N00048217EA0175001885
B1152334202139N00048226EA0174801885
B1152344202141N00048234EA0174801883
B1152354202144N00048243EA0174701881
B1152364202146N00048252EA0174601880
B1152374202149N00048262EA0174701881
B1152384202152N00048272EA0174901883
B1152394202155N00048280EA0175301886
B1152404202158N00048287EA0175301889
B1152414202161N00048293EA0175401890
B1152424202163N00048299EA0175301889
B1152434202166N00048305EA0175201888
B1152444202167N00048312EA0174901886
B1152454202168N00048320EA0174801884
B1152464202167N00048328EA0174701883
B1152474202164N00048335EA0174601882
B1152484202160N00048341EA0174601881
B1152494202156N00048345EA0174501880
B1152504202152N00048347EA0174301879
B1152514202148N00048347EA0174301877
B1152524202144N00048345EA0174101875
B1152534202140N00048341EA0173801874
B1152544202137N00048335EA0173801873
B1152554202135N00048329EA0173801874
B1152564202133N00048324EA0173801874
B1152574202131N00048320EA0173801874
B1152584202129N00048316EA0173701874
B1152594202128N00048312EA0173601872
B1153004202128N00048306EA0173401870
B1153014202129N00048300EA0173501870
B1153024202132N00048296EA0173601871
B1153034202134N00048294EA0173601872
B1153044202137N00048292EA0173401871
B1153054202140N00048291EA0173301869
B1153064202145N00048289EA0173001867
B1153074202151N00048288EA0173001865
B1153084202157N00048289EA0172801865
B1153094202163N00048291EA0173001865
B1153104202168N00048295EA0173001866
B1153114202172N00048299EA0172901865
B1153124202177N00048304EA0172901865
B1153134202182N00048309EA0173001865
B1153144202186N00048315EA0172901866
B1153154202190N00048320EA0173101866
B1153164202193N00048325EA0173101867
B1153174202196N00048331EA0173101867
B1153184202200N00048336EA0173201866
B1153194202203N00048342EA0173101867
B1153204202207N00048348EA0173201867
B1153214202210N00048354EA0173201868
B1153224202213N00048359EA0173201868
B1153234202216N00048365EA0173201868
B1153244202219N00048372EA0173201867
B1153254202221N00048379EA0172901866
B1153264202223N00048386EA0172701864
B1153274202226N00048393EA0172601862
B1153284202229N00048400EA0172401860
B1153294202232N00048408EA0172201858
B1153304202234N00048415EA0172101857
B1153314202237N00048422EA0172001856
B1153324202239N00048430EA0171901854
B1153334202241N00048437EA0171501852
B1153344202244N00048444EA0171401850
B1153354202247N00048452EA0171101847
B1153364202251N00048460EA0171201846
B1153374202255N00048468EA0171201846
B1153384202258N00048475EA0171201846
B1153394202262N00048482EA0171201847
B1153404202265N00048487EA0171201846
B1153414202269N00048493EA0171101845
B1153424202273N00048500EA0171001844
B1153434202277N00048507EA0170901843
B1153444202281N00048514EA0170901843
B1153454202285N00048520EA0171001843
B1153464202288N00048526EA0170901843
B1153474202291N00048531EA0170801842
B1153484202294N00048537EA0170601840
B1153494202299N00048543EA0170501838
B1153504202304N00048549EA0170401838
B1153514202309N00048554EA0170501838
B1153524202314N00048559EA0170501839
B1153534202318N00048565EA0170401839
B1153544202322N00048572EA0170401837
B1153554202326N00048579EA0170401838
B1153564202330N00048587EA0170501839
B1153574202334N00048595EA0170701840
B1153584202339N00048602EA0170901842
B1153594202343N00048609EA0171101844
B1154004202348N00048614EA0171301846
B1154014202352N00048620EA0171501848
B1154024202357N00048626EA0171701850
B1154034202363N00048632EA0171801852
B1154044202368N00048638EA0172101856
B1154054202372N00048644EA0172501859
B1154064202377N00048649EA0172801861
B1154074202383N00048654EA0173001864
B1154084202389N00048658EA0173201866
B1154094202394N00048663EA0173601869
B1154104202399N00048669EA0173701872
B1154114202402N00048677EA0173801873
B1154124202402N00048686EA0174201874
B1154134202401N00048694EA0174301877
B1154144202398N00048699EA0174601880
B1154154202394N00048702EA0174701882
B1154164202391N00048703EA0175101885
B1154174202387N00048703EA0175301887
B1154184202385N00048702EA0175301889
B1154194202382N00048699EA0175701891
B1154204202381N00048696EA0175801894
B1154214202381N00048692EA0176001896
B1154224202382N00048689EA0176401899
B1154234202383N00048686EA0176501901
B1154244202385N00048683EA0176601903
B1154254202389N00048681EA0176801906
B1154264202393N00048679EA0177201908
B1154274202399N00048679EA0177401910
B1154284202404N00048680EA0177701913
B1154294202410N00048683EA0177801915
B1154304202416N00048688EA0178001917
B1154314202420N00048695EA0178201919
B1154324202424N00048702EA0178401921
B1154334202426N00048710EA0178601922
B1154344202427N00048718EA0178501923
B1154354202427N00048727EA0178701924
B1154364202426N00048734EA0178801925
B1154374202424N00048741EA0179101928
B1154384202422N00048747EA0179201930
B1154394202419N00048751EA0179401931
B1154404202415N00048753EA0179401932
B1154414202411N00048754EA0179701934
B1154424202408N00048754EA0179901937
B1154434202407N00048753EA0179901939
B1154444202406N00048751EA0180101940
B1154454202406N00048748EA0180201940
B1154464202407N00048745EA0180301941
B1154474202409N00048741EA0180501943
B1154484202413N00048739EA0180701944
B1154494202418N00048739EA0180801946
B1154504202424N00048742EA0180801948
B1154514202430N00048746EA0181101951
B1154524202436N00048751EA0181401953
B1154534202440N00048758EA0181701955
B1154544202445N00048766EA0181601956
B1154554202448N00048775EA0181701957
B1154564202450N00048785EA0181901957
B1154574202450N00048794EA0182101959
B1154584202449N00048802EA0182201961
B1154594202446N00048809EA0182401963
B1155004202443N00048814EA0182501964
B1155014202440N00048819EA0182601966
B1155024202438N00048823EA0182901967
B1155034202435N00048825EA0182901968
B1155044202433N00048827EA0182901968
B1155054202430N00048826EA0182901969
B1155064202428N00048825EA0182901969
B1155074202427N00048822EA0183001970
B1155084202428N00048819EA0183001971
B1155094202429N00048816EA0183001971
B1155104202432N00048814EA0183101971
B1155114202435N00048812EA0183201972
B1155124202440N00048810EA0183101972
B1155134202445N00048810EA0183201972
B1155144202451N00048811EA0183201973
B1155154202457N00048813EA0183401974
B1155164202463N00048817EA0183501975
B1155174202469N00048822EA0183801976
B1155184202474N00048828EA0183801978
B1155194202479N00048836EA0183801979
B1155204202484N00048843EA0184001980
B1155214202489N00048850EA0184001981
B1155224202493N00048857EA0184101982
B1155234202497N00048864EA0184101982
B1155244202499N00048873EA0184101982
B1155254202501N00048881EA0184001982
B1155264202502N00048890EA0184301984
B1155274202502N00048897EA0184301984
B1155284202500N00048903EA0184401984
B1155294202497N00048908EA0184301984
B1155304202494N00048911EA0184601986
B1155314202490N00048912EA0184701988
B1155324202488N00048914EA0185001991
B1155334202487N00048915EA0185001993
B1155344202486N00048916EA0185001992
B1155354202485N00048916EA0184801990
B1155364202483N00048914EA0184701988
B1155374202483N00048910EA0184701988
B1155384202486N00048905EA0184601988
B1155394202490N00048902EA0184601988
B1155404202496N00048901EA0184601988
B1155414202502N00048902EA0184701988
B1155424202508N00048905EA0184601988
B1155434202514N00048910EA0184601987
B1155444202519N00048917EA0184801988
B1155454202523N00048924EA0184801990
B1155464202524N00048931EA0184801990
B1155474202524N00048938EA0184801990
B1155484202524N00048945EA0184801990
B1155494202522N00048950EA0184701989
B1155504202520N00048955EA0184601988
B1155514202518N00048957EA0184501987
B1155524202514N00048959EA0184401986
B1155534202510N00048961EA0184501985
B1155544202506N00048963EA0184401986
B1155554202503N00048967EA0184601987
B1155564202501N00048971EA0184701989
B1155574202498N00048975EA0184801989
B1155584202496N00048980EA0184701989
B1155594202494N00048984EA0184701989
B1156004202491N00048989EA0184701989
B1156014202488N00048993EA0184701990
B1156024202485N00048996EA0184801990
B1156034202482N00048999EA0184801990
B1156044202479N00049003EA0184801990
B1156054202475N00049008EA0184801991
B1156064202473N00049012EA0184901992
B1156074202470N00049017EA0185201994
B1156084202468N00049022EA0185301995
B1156094202465N00049026EA0185401996
B1156104202464N00049032EA0185401997
B1156114202462N00049037EA0185501997
B1156124202460N00049043EA0185501996
B1156134202456N00049050EA0185201995
B1156144202452N00049055EA0185501996
B1156154202449N00049060EA0185601998
B1156164202446N00049065EA0185801999
B1156174202444N00049069EA0185701999
B1156184202442N00049073EA0185601998
B1156194202439N00049076EA0185401996
B1156204202435N00049076EA0185401995
B1156214202432N00049075EA0185501994
B1156224202432N00049071EA0185301994
B1156234202434N00049066EA0185201994
B1156244202437N00049062EA0185401995
B1156254202441N00049059EA0185401995
B1156264202445N00049057EA0185401995
B1156274202451N00049056EA0185401995
B1156284202457N00049057EA0185401995
B1156294202464N00049060EA0185301994
B1156304202469N00049067EA0185201993
B1156314202473N00049076EA0185101993
B1156324202476N00049085EA0185401994
B1156334202478N00049093EA0185401996
B1156344202480N00049101EA0185401996
B1156354202481N00049109EA0185301994
B1156364202481N00049118EA0184901992
B1156374202480N00049126EA0184801990
B1156384202478N00049133EA0184801989
B1156394202477N00049141EA0184701989
B1156404202476N00049149EA0184701989
B1156414202476N00049156EA0184501988
B1156424202474N00049163EA0184401986
B1156434202473N00049169EA0184101984
B1156444202470N00049177EA0184001981
B1156454202469N00049185EA0183901979
B1156464202467N00049193EA0183601978
B1156474202465N00049201EA0183601976
B1156484202463N00049207EA0183301975
B1156494202460N00049214EA0183101972
B1156504202457N00049220EA0182901970
B1156514202455N00049228EA0182801968
B1156524202453N00049235EA0182601967
B1156534202450N00049243EA0182401965
B1156544202448N00049251EA0182301963
B1156554202445N00049258EA0182101961
B1156564202442N00049266EA0182101960
B1156574202439N00049273EA0181801959
B1156584202436N00049280EA0181501956
B1156594202433N00049286EA0181201953
B1157004202430N00049293EA0181001949
B1157014202427N00049301EA0180701945
B1157024202424N00049310EA0180301943
B1157034202422N00049318EA0180101940
B1157044202420N00049326EA0179701938
B1157054202418N00049335EA0179401935
B1157064202416N00049344EA0179401932
B1157074202413N00049354EA0179401930
B1157084202410N00049364EA0179501931
B1157094202408N00049372EA0179601934
B1157104202406N00049380EA0179801936
B1157114202405N00049387EA0179801937
B1157124202403N00049393EA0179801936
B1157134202400N00049401EA0179701935
B1157144202398N00049409EA0179601934
B1157154202395N00049417EA0179601934
B1157164202392N00049424EA0179501933
B1157174202390N00049432EA0179401932
B1157184202387N00049439EA0179201931
B1157194202385N00049447EA0179101929
B1157204202381N00049454EA0179001928
B1157214202377N00049459EA0179001928
B1157224202374N00049464EA0178901928
B1157234202372N00049468EA0178901926
B1157244202369N00049474EA0178501924
B1157254202367N00049481EA0178301920
B1157264202364N00049490EA0177801916
B1157274202360N00049499EA0177701915
B1157284202356N00049508EA0177801915
B1157294202353N00049516EA0177901916
B1157304202349N00049523EA0178001918
B1157314202346N00049530EA0178201919
B1157324202343N00049536EA0178101919
B1157334202340N00049543EA0178301919
B1157344202337N00049550EA0178301920
B1157354202334N00049557EA0178301921
B1157364202332N00049563EA0178401922
B1157374202329N00049569EA0178301921
B1157384202325N00049575EA0178301921
B1157394202321N00049582EA0178401922
B1157404202318N00049588EA0178401923
B1157414202314N00049594EA0178601924
B1157424202312N00049600EA0178601924
B1157434202308N00049606EA0178501923
B1157444202305N00049613EA0178401922
B1157454202301N00049620EA0178401922
B1157464202298N00049626EA0178501923
B1157474202294N00049631EA0178701924
B1157484202291N00049637EA0178601924
B1157494202287N00049643EA0178501923
B1157504202284N00049650EA0178401922
B1157514202281N00049656EA0178201920
B1157524202277N00049663EA0178101919
B1157534202274N00049670EA0178001917
B1157544202270N00049677EA0177901916
B1157554202266N00049685EA0177701915
B1157564202262N00049693EA0177701915
B1157574202258N00049700EA0177801915
B1157584202255N00049707EA0177701915
B1157594202252N00049714EA0177701914
B1158004202249N00049721EA0177401913
B1158014202245N00049728EA0177401911
B1158024202242N00049736EA0177001909
B1158034202238N00049744EA0176801906
B1158044202234N00049753EA0176701905
B1158054202231N00049762EA0176601904
B1158064202227N00049771EA0176601903
B1158074202224N00049778EA0176701903
B1158084202221N00049785EA0176601903
B1158094202218N00049793EA0176501902
B1158104202216N00049801EA0176501901
B1158114202213N00049809EA0176201899
B1158124202210N00049819EA0176101898
B1158134202206N00049828EA0176001897
B1158144202203N00049837EA0176401899
B1158154202201N00049846EA0176401900
B1158164202199N00049853EA0176401901
B1158174202197N00049861EA0176401901
B1158184202194N00049868EA0176301900
B1158194202191N00049874EA0176201899
B1158204202187N00049881EA0176001898
B1158214202184N00049888EA0176001896
B1158224202180N00049896EA0175801895
B1158234202176N00049903EA0175801894
B1158244202173N00049911EA0175601893
B1158254202170N00049918EA0175601892
B1158264202167N00049926EA0175501891
B1158274202163N00049934EA0175701892
B1158284202160N00049942EA0176001895
B1158294202158N00049948EA0176101897
B1158304202156N00049955EA0176201898
B1158314202155N00049961EA0176101898
B1158324202152N00049969EA0176101896
B1158334202149N00049977EA0176101896
B1158344202147N00049985EA0176001896
B1158354202144N00049994EA0176101896
B1158364202142N00050002EA0176201897
B1158374202141N00050010EA0176101898
B1158384202139N00050016EA0176301898
B1158394202136N00050023EA0176301898
B1158404202134N00050030EA0176101898
B1158414202132N00050039EA0176201898
B1158424202130N00050047EA0176401899
B1158434202127N00050054EA0176401900
B1158444202125N00050060EA0176401899
B1158454202122N00050065EA0176301898
B1158464202119N00050072EA0176201896
B1158474202117N00050080EA0175901895
B1158484202114N00050087EA0175901894
B1158494202112N00050094EA0175801892
B1158504202109N00050100EA0175601891
B1158514202106N00050107EA0175401889
B1158524202104N00050115EA0175201887
B1158534202101N00050123EA0175201887
B1158544202099N00050131EA0175301887
B1158554202097N00050138EA0175301887
B1158564202095N00050145EA0175301888
B1158574202094N00050151EA0175301888
B1158584202093N00050157EA0175101887
B1158594202091N00050164EA0175201885
B1159004202090N00050172EA0174901883
B1159014202088N00050181EA0174601881
B1159024202087N00050191EA0174601880
B1159034202086N00050199EA0174401879
B1159044202084N00050207EA0174301877
B1159054202083N00050214EA0174201875
B1159064202081N00050222EA0173701871
B1159074202080N00050231EA0173201867
B1159084202078N00050241EA0172801862
B1159094202076N00050253EA0172501859
B1159104202074N00050264EA0172601858
B1159114202072N00050273EA0172501859
B1159124202070N00050281EA0172501859
B1159134202069N00050287EA0172301857
B1159144202067N00050295EA0171801854
B1159154202065N00050303EA0171601849
B1159164202063N00050314EA0171201845
B1159174202060N00050324EA0171001843
B1159184202058N00050334EA0170901843
B1159194202056N00050342EA0170801842
B1159204202054N00050349EA0170401839
B1159214202052N00050356EA0170401835
B1159224202050N00050363EA0169701829
B1159234202047N00050373EA0169201824
B1159244202043N00050383EA0168901821
B1159254202040N00050391EA0169001821
B1159264202037N00050398EA0168901820
B1159274202035N00050404EA0168601818
B1159284202032N00050410EA0168201815
B1159294202029N00050417EA0167901811
B1159304202025N00050425EA0167701808
B1159314202021N00050434EA0167601808
B1159324202018N00050441EA0167801809
B1159334202016N00050446EA0167701809
B1159344202014N00050452EA0167601808
B1159354202012N00050458EA0167401805
B1159364202010N00050464EA0167201803
B1159374202007N00050472EA0167101801
B1159384202004N00050480EA0167001800
B1159394202001N00050488EA0167001799
B1159404201998N00050496EA0167001800
B1159414201996N00050503EA0166901800
B1159424201993N00050510EA0167001800
B1159434201991N00050517EA0166801799
B1159444201989N00050524EA0166701798
B1159454201987N00050532EA0166601796
B1159464201985N00050540EA0166301794
B1159474201982N00050547EA0166201792
B1159484201980N00050555EA0166101791
B1159494201977N00050563EA0165801789
B1159504201975N00050572EA0165601787
B1159514201974N00050580EA0165501786
B1159524201972N00050589EA0165301784
B1159534201970N00050598EA0165201781
B1159544201968N00050607EA0165001779
B1159554201966N00050617EA0164801776
B1159564201963N00050627EA0164701775
B1159574201961N00050637EA0164601774
B1159584201958N00050646EA0164401774
B1159594201957N00050654EA0164301772
B1200004201955N00050661EA0164101770
B1200014201953N00050670EA0163801767
B1200024201952N00050680EA0163501764
B1200034201949N00050691EA0163401762
B1200044201947N00050701EA0163301761
B1200054201945N00050709EA0163301761
B1200064201944N00050717EA0163201760
B1200074201942N00050726EA0162901758
B1200084201940N00050734EA0162701756
B1200094201938N00050744EA0162601754
B1200104201936N00050753EA0162401752
B1200114201933N00050762EA0162401750
B1200124201931N00050771EA0162201749
B1200134201929N00050780EA0162101748
B1200144201926N00050789EA0162001747
B1200154201924N00050798EA0161901747
B1200164201922N00050806EA0161901746
B1200174201920N00050815EA0161801745
B1200184201919N00050824EA0161701745
B1200194201917N00050832EA0161701745
B1200204201915N00050841EA0161801744
B1200214201913N00050850EA0161701744
B1200224201910N00050858EA0161801744
B1200234201907N00050866EA0161701744
B1200244201904N00050873EA0161701744
B1200254201902N00050881EA0161501744
B1200264201899N00050889EA0161501742
B1200274201896N00050897EA0161301740
B1200284201893N00050906EA0161301739
B1200294201889N00050914EA0161201740
B1200304201886N00050922EA0161401740
B1200314201884N00050929EA0161401741
B1200324201882N00050935EA0161301740
B1200334201879N00050941EA0161101739
B1200344201876N00050947EA0160801737
B1200354201874N00050954EA0160701735
B1200364201871N00050961EA0160701733
B1200374201868N00050968EA0160601732
B1200384201865N00050976EA0160401730
B1200394201862N00050984EA0160301729
B1200404201860N00050992EA0160101728
B1200414201857N00051000EA0160001726
B1200424201855N00051009EA0159901725
B1200434201852N00051018EA0159801724
B1200444201849N00051026EA0159801723
B1200454201845N00051034EA0159701723
B1200464201842N00051042EA0159701722
B1200474201839N00051050EA0159501721
B1200484201836N00051058EA0159301719
B1200494201833N00051066EA0159301718
B1200504201829N00051074EA0159201717
B1200514201826N00051081EA0159101717
B1200524201823N00051089EA0159101716
B1200534201820N00051096EA0159101715
B1200544201817N00051104EA0159001714
B1200554201814N00051112EA0158801713
B1200564201811N00051120EA0158601711
B1200574201808N00051129EA0158501710
B1200584201806N00051138EA0158501709
B1200594201803N00051147EA0158401708
B1201004201800N00051156EA0158301707
B1201014201798N00051165EA0158001706
B1201024201796N00051174EA0157901704
B1201034201794N00051183EA0157901703
B1201044201792N00051192EA0157701701
B1201054201789N00051201EA0157601700
B1201064201787N00051210EA0157501699
B1201074201785N00051219EA0157401698
B1201084201782N00051228EA0157301697
B1201094201779N00051237EA0157301697
B1201104201776N00051246EA0157201697
B1201114201774N00051254EA0157301697
B1201124201771N00051262EA0157101696
B1201134201768N00051270EA0157101695
B1201144201765N00051279EA0156901693
B1201154201762N00051288EA0156801692
B1201164201759N00051297EA0156701691
B1201174201756N00051306EA0156601690
B1201184201752N00051315EA0156701690
B1201194201748N00051323EA0156501690
B1201204201745N00051331EA0156601690
B1201214201742N00051338EA0156601690
B1201224201739N00051346EA0156401689
B1201234201736N00051354EA0156401687
B1201244201732N00051362EA0156201686
B1201254201728N00051369EA0156201685
B1201264201725N00051377EA0156101685
B1201274201721N00051385EA0156001685
B1201284201718N00051392EA0156001684
B1201294201714N00051400EA0155901684
B1201304201710N00051407EA0155801683
B1201314201707N00051415EA0155801682
B1201324201703N00051423EA0155701681
B1201334201699N00051430EA0155701681
B1201344201695N00051438EA0155701681
B1201354201691N00051446EA0155801681
B1201364201688N00051454EA0155601680
B1201374201684N00051462EA0155601679
B1201384201681N00051470EA0155601679
B1201394201677N00051478EA0155601679
B1201404201673N00051486EA0155501679
B1201414201670N00051494EA0155601678
B1201424201666N00051503EA0155401678
B1201434201663N00051511EA0155401677
B1201444201660N00051520EA0155201676
B1201454201657N00051528EA0155301675
B1201464201653N00051536EA0155201674
B1201474201650N00051543EA0155101673
B1201484201647N00051551EA0154901672
B1201494201643N00051559EA0154801670
B1201504201639N00051568EA0154801669
B1201514201635N00051576EA0154701669
B1201524201632N00051585EA0154701669
B1201534201629N00051593EA0154701669
B1201544201627N00051601EA0154701669
B1201554201624N00051609EA0154601669
B1201564201621N00051616EA0154401667
B1201574201619N00051624EA0154301665
B1201584201616N00051632EA0154101663
B1201594201613N00051641EA0153901661
B1202004201610N00051650EA0153701660
B1202014201608N00051658EA0153601659
B1202024201605N00051665EA0153401658
B1202034201603N00051671EA0153401656
B1202044201600N00051679EA0153101653
B1202054201598N00051687EA0152701649
B1202064201596N00051698EA0152301646
B1202074201593N00051709EA0152201644
B1202084201591N00051719EA0152301643
B1202094201588N00051729EA0152201642
B1202104201586N00051738EA0152001642
B1202114201583N00051747EA0152001640
B1202124201581N00051756EA0151701639
B1202134201579N00051765EA0151801638
B1202144201576N00051773EA0151601637
B1202154201574N00051782EA0151401636
B1202164201572N00051791EA0151301634
B1202174201570N00051799EA0151201632
B1202184201567N00051808EA0151001631
B1202194201565N00051817EA0151001630
B1202204201562N00051825EA0150701628
B1202214201560N00051833EA0150601626
B1202224201557N00051842EA0150301624
B1202234201555N00051850EA0150101622
B1202244201552N00051859EA0150001619
B1202254201548N00051868EA0149801618
B1202264201545N00051877EA0149601616
B1202274201543N00051886EA0149501615
B1202284201540N00051895EA0149401614
B1202294201538N00051904EA0149201612
B1202304201536N00051913EA0149201610
B1202314201534N00051922EA0148801608
B1202324201531N00051932EA0148701607
B1202334201529N00051940EA0148601606
B1202344201527N00051949EA0148601605
B1202354201525N00051957EA0148501604
B1202364201523N00051965EA0148301603
B1202374201520N00051973EA0148101601
B1202384201518N00051982EA0148101599
B1202394201516N00051991EA0147801597
B1202404201514N00051999EA0147701597
B1202414201512N00052008EA0147801595
B1202424201511N00052017EA0147601594
B1202434201509N00052025EA0147301592
B1202444201507N00052034EA0147101590
B1202454201505N00052043EA0147001589
B1202464201504N00052053EA0147001588
B1202474201502N00052062EA0146901587
B1202484201501N00052070EA0146801586
B1202494201499N00052078EA0146601585
B1202504201498N00052087EA0146501583
B1202514201496N00052096EA0146401582
B1202524201494N00052105EA0146301581
B1202534201493N00052113EA0146301580
B1202544201491N00052122EA0146201579
B1202554201490N00052130EA0146201578
B1202564201488N00052138EA0145901576
B1202574201486N00052146EA0145801575
B1202584201484N00052154EA0145501573
B1202594201483N00052163EA0145501572
B1203004201481N00052171EA0145301571
B1203014201480N00052179EA0145201569
B1203024201478N00052187EA0145001566
B1203034201476N00052195EA0144801564
B1203044201475N00052203EA0144801563
B1203054201473N00052211EA0144601563
B1203064201472N00052218EA0144601563
B1203074201471N00052225EA0144601562
B1203084201471N00052232EA0144401561
B1203094201469N00052238EA0144201559
B1203104201468N00052245EA0144101557
B1203114201467N00052252EA0144001556
B1203124201466N00052260EA0143801554
B1203134201465N00052268EA0143701553
B1203144201463N00052275EA0143501552
B1203154201461N00052282EA0143601552
B1203164201460N00052289EA0143501552
B1203174201459N00052295EA0143301551
B1203184201458N00052301EA0143401550
B1203194201457N00052308EA0143201547
B1203204201455N00052315EA0142801544
B1203214201453N00052322EA0142501541
B1203224201451N00052330EA0142601540
B1203234201449N00052337EA0142401540
B1203244201448N00052344EA0142601539
B1203254201447N00052351EA0142301538
B1203264201446N00052357EA0142101536
B1203274201444N00052364EA0141701533
B1203284201443N00052372EA0141501530
B1203294201442N00052381EA0141201528
B1203304201440N00052388EA0141101526
B1203314201439N00052395EA0140901524
B1203324201437N00052402EA0140801523
B1203334201436N00052409EA0140801522
B1203344201435N00052416EA0140501520
B1203354201433N00052423EA0140501518
B1203364201432N00052430EA0140201515
B1203374201430N00052437EA0140001513
B1203384201428N00052445EA0139801512
B1203394201426N00052452EA0139901512
B1203404201425N00052458EA0139801512
B1203414201424N00052465EA0139801511
B1203424201423N00052470EA0139501508
B1203434201421N00052476EA0139201506
B1203444201419N00052482EA0138901503
B1203454201417N00052489EA0138801500
B1203464201414N00052497EA0138601499
B1203474201412N00052504EA0138601498
B1203484201410N00052510EA0138601499
B1203494201408N00052516EA0138601499
B1203504201406N00052522EA0138501498
B1203514201404N00052528EA0138301496
B1203524201402N00052534EA0138301495
B1203534201399N00052541EA0138001493
B1203544201397N00052549EA0138001492
B1203554201394N00052556EA0137901492
B1203564201392N00052563EA0138101493
B1203574201390N00052569EA0138001493
B1203584201388N00052575EA0138001493
B1203594201387N00052581EA0138001492
B1204004201385N00052588EA0137801490
B1204014201383N00052596EA0137701489
B1204024201381N00052604EA0137601488
B1204034201378N00052612EA0137501488
B1204044201376N00052620EA0137501488
B1204054201374N00052626EA0137501488
B1204064201372N00052633EA0137401487
B1204074201369N00052639EA0137401486
B1204084201367N00052645EA0137301485
B1204094201364N00052652EA0137201484
B1204104201361N00052659EA0137101483
B1204114201359N00052666EA0137001482
B1204124201356N00052673EA0137001482
B1204134201353N00052679EA0137001482
B1204144201351N00052686EA0136901481
B1204154201350N00052693EA0136901481
B1204164201348N00052700EA0136901481
B1204174201347N00052707EA0136901481
B1204184201345N00052713EA0136901481
B1204194201344N00052720EA0136901481
B1204204201342N00052726EA0137001481
B1204214201340N00052732EA0136901481
B1204224201339N00052738EA0137101482
B1204234201338N00052744EA0137001482
B1204244201337N00052750EA0137101482
B1204254201337N00052755EA0137001483
B1204264201336N00052761EA0137101482
B1204274201335N00052768EA0137001482
B1204284201335N00052775EA0137101482
B1204294201334N00052782EA0137101482
B1204304201333N00052788EA0137101482
B1204314201332N00052794EA0137201483
B1204324201331N00052800EA0137101483
B1204334201331N00052806EA0137001482
B1204344201330N00052813EA0137001481
B1204354201328N00052821EA0137001481
B1204364201327N00052828EA0137001481
B1204374201325N00052836EA0137001481
B1204384201324N00052843EA0137101482
B1204394201322N00052849EA0137101482
B1204404201321N00052856EA0137001482
B1204414201319N00052863EA0137001481
B1204424201317N00052870EA0136901481
B1204434201315N00052878EA0136801480
B1204444201314N00052884EA0136901480
B1204454201312N00052891EA0136701479
B1204464201311N00052897EA0136501478
B1204474201310N00052904EA0136501476
B1204484201309N00052911EA0136101473
B1204494201307N00052919EA0136001472
B1204504201305N00052926EA0136001471
B1204514201304N00052933EA0135901470
B1204524201302N00052940EA0135801469
B1204534201300N00052946EA0135501467
B1204544201299N00052953EA0135401464
B1204554201297N00052961EA0135001461
B1204564201295N00052969EA0135001459
B1204574201293N00052977EA0134801457
B1204584201291N00052985EA0134601457
B1204594201289N00052992EA0134701457
B1205004201288N00052999EA0134501456
B1205014201287N00053005EA0134401454
B1205024201286N00053013EA0134201451
B1205034201284N00053021EA0133801448
B1205044201282N00053029EA0133601445
B1205054201280N00053038EA0133501443
B1205064201279N00053046EA0133401442
B1205074201277N00053053EA0133301441
B1205084201276N00053060EA0133101440
B1205094201276N00053067EA0132901439
B1205104201275N00053074EA0132701436
B1205114201273N00053081EA0132401433
B1205124201272N00053089EA0132201431
B1205134201270N00053097EA0132001429
B1205144201268N00053105EA0132001428
B1205154201267N00053112EA0131901428
B1205164201266N00053118EA0131801427
B1205174201265N00053124EA0131701426
B1205184201263N00053130EA0131501423
B1205194201262N00053137EA0131301420
B1205204201259N00053145EA0130901418
B1205214201257N00053153EA0130901416
B1205224201255N00053161EA0130701416
B1205234201253N00053168EA0130701415
B1205244201252N00053174EA0130601414
B1205254201250N00053180EA0130501412
B1205264201249N00053186EA0130201410
B1205274201247N00053192EA0129901407
B1205284201244N00053199EA0129601405
B1205294201242N00053207EA0129501403
B1205304201240N00053213EA0129301402
B1205314201239N00053220EA0129201400
B1205324201237N00053225EA0129101399
B1205334201235N00053231EA0129101397
B1205344201233N00053237EA0128701394
B1205354201230N00053243EA0128401391
B1205364201228N00053249EA0128201389
B1205374201226N00053255EA0128101387
B1205384201224N00053261EA0127601385
B1205394201222N00053266EA0127501381
B1205404201219N00053272EA0127101378
B1205414201216N00053278EA0126601374
B1205424201213N00053284EA0126401372
B1205434201210N00053289EA0126201369
B1205444201207N00053294EA0126001366
B1205454201204N00053299EA0125501362
B1205464201201N00053305EA0125001357
B1205474201198N00053312EA0124501352
B1205484201195N00053319EA0124201348
B1205494201192N00053325EA0124101345
B1205504201189N00053331EA0123601341
B1205514201186N00053337EA0123201337
B1205524201182N00053342EA0122701333
B1205534201179N00053348EA0122301330
B1205544201177N00053354EA0122301327
B1205554201175N00053360EA0122201325
B1205564201173N00053366EA0121901322
B1205574201170N00053372EA0121501319
B1205584201167N00053378EA0121101315
B1205594201164N00053385EA0120801312
B1206004201160N00053391EA0120701309
B1206014201157N00053396EA0120401307
B1206024201153N00053402EA0120201304
B1206034201149N00053408EA0119801301
B1206044201146N00053414EA0119801300
B1206054201142N00053421EA0119901300
B1206064201139N00053427EA0119901300
B1206074201136N00053432EA0119901300
B1206084201134N00053437EA0119901300
B1206094201132N00053443EA0119801300
B1206104201129N00053447EA0119801300
B1206114201127N00053451EA0119801300
B1206124201124N00053456EA0119801299
B1206134201122N00053460EA0119601299
B1206144201120N00053465EA0119501298
B1206154201119N00053469EA0119301296
B1206164201117N00053474EA0119201294
B1206174201114N00053479EA0119101292
B1206184201112N00053484EA0118901290
B1206194201109N00053489EA0118801289
B1206204201107N00053493EA0118701288
B1206214201105N00053498EA0118601287
B1206224201103N00053502EA0118501286
B1206234201101N00053506EA0118301284
B1206244201099N00053511EA0118001281
B1206254201096N00053515EA0117901280
B1206264201093N00053520EA0117701278
B1206274201090N00053524EA0117501277
B1206284201088N00053530EA0117401275
B1206294201085N00053535EA0117301273
B1206304201083N00053541EA0117101272
B1206314201080N00053546EA0117001270
B1206324201078N00053551EA0116801268
B1206334201075N00053556EA0116501266
B1206344201073N00053562EA0116401264
B1206354201070N00053567EA0116301262
B1206364201068N00053573EA0116101261
B1206374201066N00053579EA0116001259
B1206384201063N00053586EA0115901257
B1206394201061N00053593EA0115701255
B1206404201058N00053600EA0115601254
B1206414201055N00053606EA0115501254
B1206424201052N00053611EA0115501254
B1206434201050N00053616EA0115401252
B1206444201047N00053621EA0115201249
B1206454201045N00053627EA0114801246
B1206464201042N00053634EA0114501242
B1206474201038N00053641EA0114301240
B1206484201035N00053648EA0114201239
B1206494201032N00053654EA0114201240
B1206504201030N00053660EA0114201239
B1206514201029N00053665EA0114001239
B1206524201027N00053671EA0114001236
B1206534201025N00053678EA0113601234
B1206544201023N00053686EA0113401231
B1206554201020N00053694EA0113601231
B1206564201018N00053702EA0113501232
B1206574201017N00053708EA0113601233
B1206584201015N00053714EA0113701233
B1206594201014N00053719EA0113301232
B1207004201012N00053726EA0113501230
B1207014201011N00053733EA0113301229
B1207024201009N00053741EA0113201228
B1207034201007N00053748EA0113101228
B1207044201005N00053755EA0113201228
B1207054201002N00053762EA0113201227
B1207064200999N00053767EA0113201227
B1207074200996N00053773EA0113001227
B1207084200994N00053780EA0113201228
B1207094200991N00053787EA0113301228
B1207104200988N00053793EA0113501230
B1207114200985N00053800EA0113701233
B1207124200982N00053806EA0114001236
B1207134200979N00053812EA0114301239
B1207144200975N00053818EA0114701243
B1207154200972N00053824EA0114901245
B1207164200968N00053830EA0114901248
B1207174200965N00053835EA0115201249
B1207184200961N00053839EA0115401250
B1207194200957N00053841EA0115301250
B1207204200953N00053841EA0115401251
B1207214200950N00053838EA0115601252
B1207224200948N00053835EA0115701254
B1207234200947N00053831EA0116001257
B1207244200946N00053828EA0116301260
B1207254200946N00053824EA0116401262
B1207264200944N00053819EA0116901265
B1207274200942N00053816EA0117001268
B1207284200940N00053813EA0117301272
B1207294200938N00053808EA0117601274
B1207304200938N00053802EA0117901277
B1207314200938N00053797EA0118101279
B1207324200940N00053792EA0118201281
B1207334200943N00053787EA0118301282
B1207344200947N00053785EA0118401283
B1207354200953N00053784EA0118601284
B1207364200958N00053786EA0118701286
B1207374200962N00053790EA0118901288
B1207384200965N00053796EA0119001290
B1207394200967N00053802EA0119101291
B1207404200969N00053809EA0119201292
B1207414200969N00053815EA0119101292
B1207424200968N00053822EA0119201292
B1207434200967N00053829EA0119201292
B1207444200963N00053835EA0119301293
B1207454200960N00053839EA0119801298
B1207464200957N00053841EA0120301302
B1207474200955N00053842EA0120601306
B1207484200952N00053843EA0120801309
B1207494200949N00053845EA0120801310
B1207504200946N00053846EA0121101313
B1207514200944N00053847EA0121401316
B1207524200942N00053846EA0121601318
B1207534200941N00053845EA0121901320
B1207544200939N00053842EA0121901321
B1207554200937N00053838EA0122101323
B1207564200937N00053831EA0122401325
B1207574200940N00053824EA0122601327
B1207584200945N00053818EA0122701329
B1207594200951N00053816EA0122901332
B1208004200957N00053815EA0123101334
B1208014200963N00053816EA0123201335
B1208024200969N00053819EA0123401337
B1208034200973N00053823EA0123401338
B1208044200976N00053829EA0123501339
B1208054200977N00053835EA0123601339
B1208064200975N00053841EA0123701340
B1208074200972N00053845EA0124001343
B1208084200969N00053847EA0124201345
B1208094200967N00053849EA0124301347
B1208104200965N00053851EA0124301349
B1208114200962N00053852EA0124601350
B1208124200959N00053853EA0124901353
B1208134200956N00053854EA0125301356
B1208144200955N00053855EA0125401358
B1208154200954N00053855EA0125401359
B1208164200952N00053855EA0125301358
B1208174200949N00053853EA0125501358
B1208184200947N00053849EA0125301358
B1208194200945N00053844EA0125501359
B1208204200945N00053837EA0125501360
B1208214200946N00053831EA0125701361
B1208224200948N00053825EA0125801362
B1208234200952N00053821EA0125701362
B1208244200958N00053819EA0125601360
B1208254200965N00053818EA0125501360
B1208264200972N00053819EA0125601361
B1208274200978N00053820EA0125601362
B1208284200984N00053822EA0125701362
B1208294200989N00053825EA0125701362
B1208304200993N00053831EA0125701361
B1208314200995N00053837EA0125501359
B1208324200995N00053844EA0125401358
B1208334200993N00053850EA0125401359
B1208344200991N00053854EA0125501359
B1208354200990N00053859EA0125501360
B1208364200988N00053864EA0125501360
B1208374200987N00053869EA0125601360
B1208384200986N00053874EA0125501361
B1208394200984N00053880EA0125701361
B1208404200981N00053885EA0126001364
B1208414200979N00053891EA0126401367
B1208424200977N00053897EA0126701371
B1208434200977N00053902EA0127001375
B1208444200976N00053906EA0127301377
B1208454200976N00053912EA0127601380
B1208464200974N00053916EA0127701382
B1208474200972N00053919EA0128101385
B1208484200970N00053921EA0128201387
B1208494200967N00053921EA0128401390
B1208504200964N00053920EA0128801394
B1208514200962N00053917EA0129201397
B1208524200961N00053912EA0129501400
B1208534200961N00053906EA0129901404
B1208544200963N00053901EA0130001407
B1208554200967N00053896EA0130501411
B1208564200972N00053891EA0130801414
B1208574200978N00053888EA0131101417
B1208584200984N00053885EA0131401420
B1208594200991N00053885EA0131601423
B1209004200997N00053888EA0131701426
B1209014201003N00053892EA0132101429
B1209024201006N00053898EA0132401432
B1209034201009N00053904EA0132601434
B1209044201010N00053910EA0132601436
B1209054201010N00053917EA0132901438
B1209064201010N00053923EA0133101440
B1209074201009N00053928EA0133401443
B1209084201008N00053932EA0133701446
B1209094201006N00053935EA0133801447
B1209104201004N00053937EA0134001449
B1209114201001N00053936EA0134201451
B1209124201000N00053932EA0134301452
B1209134201000N00053926EA0134401453
B1209144201004N00053920EA0134501455
B1209154201009N00053915EA0134701457
B1209164201015N00053913EA0134901459
B1209174201022N00053913EA0135001461
B1209184201028N00053916EA0135301463
B1209194201033N00053920EA0135501465
B1209204201038N00053925EA0135701467
B1209214201041N00053932EA0135701468
B1209224201043N00053939EA0135901470
B1209234201043N00053946EA0136201472
B1209244201042N00053952EA0136601475
B1209254201041N00053958EA0136901479
B1209264201040N00053963EA0137201483
B1209274201039N00053968EA0137401486
B1209284201038N00053973EA0137601488
B1209294201035N00053977EA0137801489
B1209304201032N00053979EA0137801490
B1209314201030N00053979EA0137801491
B1209324201027N00053976EA0137901492
B1209334201027N00053971EA0138101493
B1209344201028N00053966EA0138201494
B1209354201032N00053961EA0138501496
B1209364201038N00053958EA0138701498
B1209374201044N00053957EA0139001501
B1209384201050N00053958EA0139201505
B1209394201055N00053960EA0139501507
B1209404201061N00053962EA0139501508
B1209414201067N00053965EA0139701510
B1209424201073N00053970EA0139801510
B1209434201077N00053977EA0140101512
B1209444201080N00053985EA0140301516
B1209454201083N00053991EA0140801521
B1209464201085N00053996EA0141201524
B1209474201086N00054000EA0141501527
B1209484201085N00054005EA0141501529
B1209494201083N00054009EA0141701531
B1209504201081N00054011EA0141801533
B1209514201079N00054010EA0142001535
B1209524201078N00054008EA0142001535
B1209534201077N00054005EA0142101536
B1209544201076N00054001EA0142001536
B1209554201075N00053998EA0142001537
B1209564201076N00053993EA0142201537
B1209574201077N00053987EA0142301537
B1209584201081N00053981EA0142401538
B1209594201085N00053975EA0142701541
B1210004201090N00053971EA0143001544
B1210014201097N00053968EA0143201547
B1210024201104N00053967EA0143301548
B1210034201111N00053968EA0143601550
B1210044201117N00053972EA0143701553
B1210054201122N00053976EA0144101556
B1210064201125N00053982EA0144201558
B1210074201127N00053988EA0144401560
B1210084201128N00053994EA0144601562
B1210094201127N00053999EA0144901566
B1210104201126N00054001EA0145201570
B1210114201125N00054002EA0145501573
B1210124201124N00054004EA0145601574
B1210134201124N00054008EA0145601575
B1210144201123N00054011EA0145701575
B1210154201121N00054014EA0145801575
B1210164201119N00054015EA0145901576
B1210174201115N00054014EA0146001576
B1210184201112N00054012EA0146101578
B1210194201110N00054009EA0146301580
B1210204201109N00054006EA0146301582
B1210214201109N00054002EA0146601583
B1210224201109N00053996EA0146801585
B1210234201110N00053990EA0147101588
B1210244201110N00053985EA0147401592
B1210254201111N00053981EA0147801596
B1210264201113N00053977EA0148001598
B1210274201114N00053972EA0148101599
B1210284201115N00053966EA0148301601
B1210294201116N00053959EA0148501603
B1210304201118N00053953EA0148701605
B1210314201122N00053948EA0148501605
B1210324201128N00053944EA0148501604
B1210334201136N00053943EA0148601605
B1210344201143N00053944EA0148801608
B1210354201148N00053947EA0149101610
B1210364201152N00053952EA0149101611
B1210374201155N00053957EA0149201612
B1210384201156N00053964EA0149301613
B1210394201157N00053969EA0149401614
B1210404201157N00053974EA0149501615
B1210414201155N00053978EA0149601616
B1210424201153N00053981EA0149801617
B1210434201151N00053985EA0150101620
B1210444201149N00053988EA0150401623
B1210454201147N00053992EA0150701627
B1210464201144N00053994EA0151101630
B1210474201142N00053997EA0151401634
B1210484201139N00053999EA0151801637
B1210494201137N00054002EA0152101640
B1210504201135N00054005EA0152301643
B1210514201134N00054008EA0152701647
B1210524201132N00054010EA0152901649
B1210534201130N00054011EA0152901651
B1210544201127N00054011EA0153201653
B1210554201125N00054011EA0153201655
B1210564201122N00054010EA0153501656
B1210574201120N00054008EA0153501657
B1210584201119N00054003EA0153401657
B1210594201120N00053997EA0153601658
B1211004201121N00053991EA0153601659
B1211014201123N00053987EA0153901661
B1211024201126N00053983EA0154101663
B1211034201130N00053980EA0153901663
B1211044201135N00053976EA0154201663
B1211054201142N00053973EA0154501666
B1211064201147N00053970EA0154701670
B1211074201152N00053968EA0155101673
B1211084201156N00053969EA0155001674
B1211094201161N00053970EA0155001673
B1211104201167N00053974EA0154801672
B1211114201174N00053980EA0155001672
B1211124201178N00053989EA0154801672
B1211134201178N00053998EA0155001673
B1211144201177N00054006EA0155101675
B1211154201175N00054012EA0155501679
B1211164201173N00054017EA0156101684
B1211174201171N00054021EA0156501688
B1211184201169N00054025EA0156801692
B1211194201167N00054028EA0157101695
B1211204201165N00054030EA0157101696
B1211214201162N00054032EA0157401698
B1211224201159N00054031EA0157401699
B1211234201156N00054029EA0157401699
B1211244201154N00054025EA0157501700
B1211254201153N00054021EA0157501700
B1211264201153N00054015EA0157601701
B1211274201155N00054010EA0157601701
B1211284201158N00054004EA0157601701
B1211294201162N00053998EA0157601701
B1211304201167N00053993EA0157701702
B1211314201172N00053990EA0157701702
B1211324201179N00053988EA0157801703
B1211334201185N00053989EA0158001704
B1211344201191N00053991EA0158101706
B1211354201196N00053995EA0158001706
B1211364201200N00054001EA0158001706
B1211374201204N00054008EA0158001705
B1211384201207N00054015EA0158201706
B1211394201209N00054023EA0158401708
B1211404201209N00054030EA0158601710
B1211414201207N00054035EA0158701712
B1211424201205N00054039EA0158901715
B1211434201203N00054043EA0159201717
B1211444201200N00054045EA0159401720
B1211454201197N00054048EA0159701722
B1211464201194N00054051EA0159701723
B1211474201192N00054053EA0159801725
B1211484201189N00054055EA0159901726
B1211494201187N00054056EA0159901726
B1211504201184N00054056EA0159801725
B1211514201181N00054055EA0159801725
B1211524201179N00054053EA0159801725
B1211534201177N00054049EA0159701724
B1211544201176N00054044EA0159701724
B1211554201176N00054038EA0159601724
B1211564201178N00054033EA0159901725
B1211574201181N00054029EA0159901725
B1211584201185N00054026EA0159901725
B1211594201191N00054025EA0159601723
B1212004201197N00054025EA0159601722
B1212014201204N00054027EA0159601723
B1212024201210N00054029EA0159701723
B1212034201216N00054031EA0159701724
B1212044201221N00054034EA0159801725
B1212054201226N00054038EA0159801725
B1212064201231N00054042EA0159901725
B1212074201235N00054049EA0159901725
B1212084201239N00054056EA0160001726
B1212094201243N00054063EA0160401729
B1212104201247N00054069EA0160801734
B1212114201250N00054074EA0161101737
B1212124201253N00054080EA0161301739
B1212134201255N00054085EA0161401740
B1212144201258N00054091EA0161401740
B1212154201261N00054099EA0161501741
B1212164201263N00054107EA0161601742
B1212174201263N00054116EA0161801743
B1212184201261N00054122EA0161901745
B1212194201258N00054126EA0162001746
B1212204201254N00054127EA0162201748
B1212214201252N00054125EA0162201750
B1212224201250N00054122EA0162401751
B1212234201249N00054117EA0162501752
B1212244201249N00054111EA0162801754
B1212254201251N00054106EA0162801755
B1212264201254N00054102EA0162601754
B1212274201260N00054099EA0162301751
B1212284201267N00054098EA0162401751
B1212294201275N00054099EA0162801754
B1212304201281N00054102EA0163001758
B1212314201286N00054106EA0163501763
B1212324201290N00054109EA0163801766
B1212334201294N00054114EA0164101769
B1212344201297N00054119EA0164301771
B1212354201299N00054125EA0164301773
B1212364201299N00054131EA0164501774
B1212374201298N00054138EA0164501775
B1212384201295N00054144EA0164601775
B1212394201292N00054149EA0164701776
B1212404201289N00054154EA0164901778
B1212414201286N00054157EA0165101781
B1212424201283N00054159EA0165601784
B1212434201281N00054162EA0165501786
B1212444201279N00054165EA0165501787
B1212454201276N00054167EA0165501786
B1212464201273N00054168EA0165601785
B1212474201269N00054167EA0165401784
B1212484201265N00054165EA0165401784
B1212494201263N00054163EA0165401784
B1212504201261N00054159EA0165201784
B1212514201260N00054156EA0165101783
B1212524201257N00054154EA0165201782
B1212534201254N00054153EA0164901780
B1212544201251N00054154EA0164701778
B1212554201247N00054156EA0164601777
B1212564201244N00054159EA0164601776
B1212574201242N00054161EA0164401776
B1212584201240N00054164EA0164301774
B1212594201237N00054168EA0164101772
B1213004201235N00054172EA0163901770
B1213014201232N00054178EA0163701767
B1213024201230N00054185EA0163501765
B1213034201227N00054191EA0163401763
B1213044201224N00054197EA0163301762
B1213054201222N00054204EA0163101761
B1213064201220N00054210EA0163001759
B1213074201218N00054217EA0162801757
B1213084201216N00054223EA0162601756
B1213094201214N00054229EA0162501755
B1213104201211N00054235EA0162401754
B1213114201209N00054241EA0162201752
B1213124201207N00054248EA0162001750
B1213134201204N00054255EA0162201749
B1213144201201N00054263EA0162001749
B1213154201198N00054270EA0162201750
B1213164201195N00054277EA0162201750
B1213174201193N00054282EA0162201750
B1213184201190N00054288EA0162001748
B1213194201187N00054294EA0161901747
B1213204201184N00054301EA0161901746
B1213214201181N00054308EA0161801745
B1213224201179N00054314EA0161901745
B1213234201176N00054319EA0161601744
B1213244201174N00054324EA0161501743
B1213254201171N00054330EA0161201740
B1213264201169N00054336EA0160901737
B1213274201166N00054343EA0160601734
B1213284201163N00054351EA0160501732
B1213294201161N00054360EA0160501732
B1213304201158N00054367EA0160501732
B1213314201156N00054374EA0160501732
B1213324201155N00054380EA0160401731
B1213334201153N00054386EA0160201729
B1213344201150N00054391EA0160001727
B1213354201147N00054398EA0160001725
B1213364201145N00054404EA0159901725
B1213374201142N00054409EA0159801725
B1213384201140N00054413EA0159701724
B1213394201138N00054416EA0159501723
B1213404201135N00054420EA0159301719
B1213414201131N00054425EA0158901715
B1213424201126N00054430EA0158601711
B1213434201121N00054437EA0158401710
B1213444201117N00054443EA0158601710
B1213454201113N00054449EA0158701712
B1213464201110N00054454EA0158601713
B1213474201108N00054458EA0158501712
B1213484201104N00054463EA0158501710
B1213494201101N00054469EA0158401709
B1213504201096N00054475EA0158401708
B1213514201092N00054481EA0158401709
B1213524201088N00054486EA0158301709
B1213534201084N00054491EA0158201708
B1213544201080N00054497EA0158101707
B1213554201076N00054503EA0157901705
B1213564201072N00054510EA0157801703
B1213574201068N00054517EA0157801702
B1213584201063N00054523EA0157701702
B1213594201059N00054529EA0157701701
B1214004201055N00054534EA0157501700
B1214014201051N00054540EA0157301699
B1214024201048N00054547EA0157301698
B1214034201045N00054554EA0157301697
B1214044201041N00054560EA0157301697
B1214054201038N00054566EA0157001696
B1214064201034N00054571EA0156801694
B1214074201031N00054577EA0156601691
B1214084201028N00054582EA0156301688
B1214094201024N00054588EA0156201686
B1214104201020N00054593EA0156001684
B1214114201017N00054599EA0155801683
B1214124201013N00054605EA0155701681
B1214134201010N00054611EA0155701680
B1214144201007N00054616EA0155501678
B1214154201005N00054622EA0155301676
B1214164201002N00054629EA0155001674
B1214174200999N00054635EA0154801672
B1214184200996N00054641EA0154801670
B1214194200993N00054648EA0154601669
B1214204200989N00054655EA0154601668
B1214214200986N00054662EA0154501669
B1214224200984N00054669EA0154701669
B1214234200982N00054675EA0154701669
B1214244200979N00054681EA0154501669
B1214254200977N00054686EA0154401668
B1214264200975N00054692EA0154201666
B1214274200973N00054699EA0153801663
B1214284200970N00054706EA0153501659
B1214294200967N00054713EA0153401656
B1214304200963N00054720EA0153201654
B1214314200959N00054727EA0153001653
B1214324200955N00054733EA0153101653
B1214334200953N00054739EA0152901652
B1214344200950N00054745EA0152701650
B1214354200947N00054751EA0152501648
B1214364200944N00054758EA0152301645
B1214374200940N00054766EA0152201643
B1214384200937N00054772EA0152201643
B1214394200934N00054778EA0152101643
B1214404200932N00054783EA0152001643
B1214414200930N00054788EA0151901641
B1214424200929N00054793EA0151601639
B1214434200926N00054798EA0151501637
B1214444200923N00054804EA0151501636
B1214454200920N00054810EA0151301635
B1214464200917N00054816EA0151301635
B1214474200913N00054821EA0151401635
B1214484200910N00054826EA0151601637
B1214494200908N00054831EA0151801639
B1214504200907N00054834EA0151801640
B1214514200906N00054837EA0151901641
B1214524200904N00054840EA0151901640
B1214534200902N00054844EA0151901640
B1214544200899N00054849EA0151901640
B1214554200897N00054855EA0152001641
B1214564200895N00054861EA0152101642
B1214574200892N00054867EA0152301644
B1214584200889N00054873EA0152401646
B1214594200886N00054878EA0152401645
B1215004200884N00054884EA0152201645
B1215014200883N00054890EA0152201644
B1215024200881N00054896EA0152201645
B1215034200879N00054902EA0152201645
B1215044200875N00054908EA0152301646
B1215054200871N00054913EA0152701648
B1215064200867N00054916EA0153001652
B1215074200864N00054917EA0153101653
B1215084200862N00054918EA0152901653
B1215094200859N00054919EA0152601650
B1215104200856N00054922EA0152301645
B1215114200850N00054925EA0151701642
B1215124200845N00054929EA0151601638
B1215134200839N00054934EA0151601637
B1215144200833N00054939EA0151601637
B1215154200827N00054943EA0151701638
B1215164200823N00054949EA0151801640
B1215174200820N00054954EA0151701641
B1215184200817N00054959EA0151701640
B1215194200815N00054964EA0151501637
B1215204200812N00054969EA0150901633
B1215214200808N00054975EA0150601629
B1215224200805N00054982EA0150501626
B1215234200802N00054989EA0150301624
B1215244200799N00054995EA0150301623
B1215254200796N00055000EA0150101622
B1215264200794N00055005EA0149901620
B1215274200791N00055012EA0149701617
B1215284200788N00055019EA0149401615
B1215294200785N00055026EA0149301614
B1215304200783N00055033EA0149301613
B1215314200781N00055039EA0149101612
B1215324200780N00055044EA0148901611
B1215334200778N00055049EA0148601608
B1215344200776N00055056EA0148401604
B1215354200774N00055063EA0148001599
B1215364200772N00055071EA0147701597
B1215374200769N00055078EA0147501595
B1215384200767N00055084EA0147401594
B1215394200765N00055090EA0147401592
B1215404200763N00055095EA0147101590
B1215414200761N00055101EA0146801586
B1215424200759N00055107EA0146201582
B1215434200756N00055115EA0145901578
B1215444200753N00055122EA0145701576
B1215454200751N00055128EA0145701574
B1215464200749N00055134EA0145601573
B1215474200747N00055139EA0145201571
B1215484200745N00055144EA0145101569
B1215494200743N00055149EA0144801565
B1215504200740N00055155EA0144601561
B1215514200738N00055163EA0144201558
B1215524200735N00055170EA0143901555
B1215534200732N00055178EA0143801553
B1215544200730N00055185EA0143501552
B1215554200729N00055192EA0143501550
B1215564200729N00055199EA0143101548
B1215574200728N00055207EA0142801544
B1215584200727N00055215EA0142401540
B1215594200725N00055224EA0142101536
B1216004200724N00055234EA0141901533
B1216014200723N00055243EA0141701532
B1216024200722N00055251EA0141701531
B1216034200720N00055258EA0141501530
B1216044200719N00055264EA0141301528
B1216054200717N00055271EA0140901525
B1216064200716N00055279EA0140801522
B1216074200714N00055289EA0140601519
B1216084200713N00055299EA0140401518
B1216094200712N00055308EA0140501518
B1216104200710N00055316EA0140201517
B1216114200708N00055323EA0140201516
B1216124200706N00055330EA0140001514
B1216134200704N00055339EA0139901511
B1216144200702N00055347EA0139701509
B1216154200700N00055356EA0139601508
B1216164200698N00055365EA0139701509
B1216174200697N00055374EA0139701509
B1216184200696N00055382EA0139501509
B1216194200695N00055390EA0139501508
B1216204200694N00055399EA0139401508
B1216214200693N00055408EA0139501508
B1216224200691N00055417EA0139701509
B1216234200690N00055425EA0140001511
B1216244200690N00055433EA0140001513
B1216254200690N00055440EA0140301515
B1216264200690N00055447EA0140301515
B1216274200690N00055454EA0140201515
B1216284200690N00055461EA0140201514
B1216294200690N00055469EA0139901512
B1216304200689N00055478EA0139901511
B1216314200689N00055487EA0140001511
B1216324200688N00055496EA0140301514
B1216334200687N00055505EA0140401517
B1216344200686N00055512EA0140701520
B1216354200685N00055518EA0140901521
B1216364200684N00055526EA0141001522
B1216374200683N00055535EA0141201524
B1216384200682N00055544EA0141601527
B1216394200681N00055551EA0141801531
B1216404200680N00055557EA0142101534
B1216414200678N00055563EA0142301536
B1216424200676N00055569EA0142501539
B1216434200673N00055574EA0142901541
B1216444200669N00055575EA0143101544
B1216454200666N00055574EA0143201546
B1216464200665N00055570EA0143501549
B1216474200666N00055565EA0143901552
B1216484200668N00055561EA0144201555
B1216494200671N00055558EA0144301558
B1216504200675N00055556EA0144401560
B1216514200681N00055556EA0144701562
B1216524200687N00055558EA0144901563
B1216534200693N00055563EA0145001565
B1216544200698N00055570EA0145401569
B1216554200701N00055577EA0145601572
B1216564200703N00055585EA0146001576
B1216574200704N00055592EA0146101578
B1216584200704N00055600EA0146601581
B1216594200704N00055608EA0146901584
B1217004200703N00055615EA0147001587
B1217014200700N00055621EA0147401591
B1217024200698N00055627EA0147601594
B1217034200694N00055632EA0147901597
B1217044200690N00055635EA0148301600
B1217054200687N00055636EA0148501602
B1217064200683N00055636EA0148801605
B1217074200681N00055633EA0149201609
B1217084200681N00055630EA0149601613
B1217094200682N00055626EA0150001617
B1217104200684N00055621EA0150601622
B1217114200687N00055618EA0150801627
B1217124200690N00055618EA0151201631
B1217134200693N00055619EA0151401634
B1217144200698N00055620EA0151601635
B1217154200703N00055622EA0151801637
B1217164200708N00055625EA0152101640
B1217174200713N00055631EA0152201642
B1217184200716N00055640EA0152301643
B1217194200717N00055650EA0152601646
B1217204200716N00055658EA0153201651
B1217214200715N00055665EA0153601655
B1217224200713N00055671EA0153801659
B1217234200710N00055675EA0154101662
B1217244200706N00055679EA0154301665
B1217254200702N00055680EA0154601668
B1217264200699N00055679EA0155001670
B1217274200696N00055676EA0155101673
B1217284200694N00055672EA0155401676
B1217294200692N00055670EA0155801681
B1217304200690N00055668EA0156501686
B1217314200688N00055665EA0156901690
B1217324200688N00055661EA0157201693
B1217334200688N00055656EA0157301696
B1217344200689N00055651EA0157601699
B1217354200692N00055646EA0158001703
B1217364200696N00055643EA0158301706
B1217374200702N00055643EA0158501708
B1217384200708N00055644EA0158501710
B1217394200714N00055648EA0158901714
B1217404200718N00055653EA0159101716
B1217414200722N00055659EA0159301718
B1217424200725N00055665EA0159501720
B1217434200726N00055673EA0159601720
B1217444200727N00055681EA0159601721
B1217454200726N00055690EA0159801723
B1217464200726N00055699EA0160001726
B1217474200724N00055706EA0160501729
B1217484200722N00055712EA0160801732
B1217494200718N00055717EA0161101735
B1217504200714N00055720EA0161401739
B1217514200711N00055722EA0161801743
B1217524200708N00055722EA0162001747
B1217534200705N00055721EA0162501751
B1217544200702N00055721EA0162901754
B1217554200699N00055721EA0163201758
B1217564200695N00055722EA0163601762
B1217574200692N00055722EA0164001767
B1217584200689N00055723EA0164501771
B1217594200686N00055723EA0164901775
B1218004200682N00055724EA0164901778
B1218014200678N00055726EA0165101780
B1218024200674N00055727EA0165401782
B1218034200671N00055726EA0165801785
B1218044200670N00055724EA0166001788
B1218054200670N00055721EA0166101790
B1218064200671N00055718EA0166401792
B1218074200673N00055715EA0166501793
B1218084200676N00055712EA0166601795
B1218094200680N00055709EA0166601795
B1218104200686N00055708EA0166701795
B1218114200693N00055709EA0166601796
B1218124200700N00055712EA0166801798
B1218134200706N00055717EA0167101800
B1218144200711N00055723EA0167201802
B1218154200715N00055728EA0167501804
B1218164200719N00055735EA0167601806
B1218174200722N00055743EA0167801807
B1218184200724N00055752EA0168001810
B1218194200726N00055761EA0168501814
B1218204200726N00055768EA0169001819
B1218214200725N00055775EA0169201823
B1218224200723N00055781EA0169501826
B1218234200721N00055788EA0169801830
B1218244200720N00055795EA0170201833
B1218254200717N00055800EA0170701837
B1218264200714N00055803EA0170801839
B1218274200709N00055804EA0171001841
B1218284200705N00055802EA0171501845
B1218294200703N00055799EA0171901850
B1218304200701N00055797EA0172301855
B1218314200701N00055795EA0172701859
B1218324200702N00055793EA0172701860
B1218334200704N00055791EA0172801861
B1218344200709N00055788EA0172701862
B1218354200714N00055786EA0172901863
B1218364200720N00055786EA0173201865
B1218374200725N00055789EA0173201867
B1218384200731N00055793EA0173501869
B1218394200735N00055799EA0173801871
B1218404200737N00055806EA0174001873
B1218414200739N00055815EA0174001875
B1218424200739N00055823EA0174501877
B1218434200738N00055833EA0174601881
B1218444200737N00055841EA0175101886
B1218454200737N00055849EA0175601891
B1218464200737N00055856EA0176201896
B1218474200735N00055862EA0176601900
B1218484200732N00055868EA0176601902
B1218494200729N00055873EA0177101905
B1218504200726N00055878EA0177001907
B1218514200723N00055880EA0177301909
B1218524200720N00055881EA0177501911
B1218534200717N00055881EA0177601912
B1218544200714N00055879EA0177901915
B1218554200712N00055877EA0178101917
B1218564200712N00055874EA0178501919
B1218574200713N00055871EA0178601922
B1218584200715N00055868EA0178901924
B1218594200718N00055865EA0179001927
B1219004200722N00055864EA0179301929
B1219014200728N00055863EA0179501932
B1219024200733N00055865EA0179701934
B1219034200738N00055870EA0179901936
B1219044200742N00055876EA0180201938
B1219054200745N00055884EA0180301941
B1219064200748N00055891EA0180601945
B1219074200750N00055897EA0181001948
B1219084200751N00055904EA0181301951
B1219094200752N00055911EA0181501952
B1219104200753N00055919EA0181601954
B1219114200755N00055927EA0181701956
B1219124200755N00055935EA0181701957
B1219134200754N00055942EA0181801958
B1219144200751N00055950EA0181801957
B1219154200747N00055955EA0181901958
B1219164200742N00055957EA0182201960
B1219174200738N00055957EA0182401962
B1219184200735N00055956EA0182501964
B1219194200732N00055955EA0182701966
B1219204200731N00055953EA0182801967
B1219214200729N00055950EA0182701967
B1219224200729N00055947EA0182801967
B1219234200729N00055943EA0182901968
B1219244200731N00055939EA0183101970
B1219254200734N00055936EA0183301972
B1219264200737N00055934EA0183401974
B1219274200740N00055932EA0183701975
B1219284200744N00055931EA0183701976
B1219294200747N00055930EA0183801977
B1219304200751N00055930EA0183801978
B1219314200755N00055931EA0183701978
B1219324200760N00055933EA0183801977
B1219334200765N00055938EA0183701977
B1219344200769N00055943EA0183801977
B1219354200771N00055951EA0183701977
B1219364200772N00055958EA0183701978
B1219374200771N00055966EA0183701978
B1219384200770N00055974EA0184101980
B1219394200769N00055980EA0184101982
B1219404200768N00055986EA0184101982
B1219414200766N00055992EA0184001981
B1219424200763N00055998EA0184001981
B1219434200759N00056002EA0183901980
B1219444200754N00056006EA0184001981
B1219454200750N00056007EA0184101982
B1219464200746N00056007EA0184301983
B1219474200743N00056006EA0184401984
B1219484200741N00056006EA0184401985
B1219494200739N00056005EA0184401986
B1219504200737N00056004EA0184401985
B1219514200735N00056002EA0184401985
B1219524200735N00055997EA0184701986
B1219534200737N00055993EA0184601987
B1219544200740N00055989EA0184701988
B1219554200744N00055988EA0184901990
B1219564200748N00055987EA0184801990
B1219574200752N00055987EA0184801989
B1219584200757N00055988EA0184701989
B1219594200763N00055990EA0184701989
B1220004200769N00055994EA0184801989
B1220014200774N00055999EA0184901990
B1220024200779N00056006EA0185101991
B1220034200783N00056013EA0185001992
B1220044200786N00056021EA0185001992
B1220054200788N00056031EA0185101992
B1220064200790N00056040EA0185201993
B1220074200792N00056049EA0185401994
B1220084200795N00056058EA0185401996
B1220094200797N00056067EA0185501997
B1220104200799N00056075EA0185401997
B1220114200800N00056084EA0185501997
B1220124200800N00056094EA0185601998
B1220134200801N00056103EA0185601998
B1220144200800N00056113EA0185801999
B1220154200798N00056122EA0185802000
B1220164200795N00056129EA0185902000
B1220174200791N00056135EA0185902001
B1220184200787N00056139EA0185702001
B1220194200782N00056141EA0185702000
B1220204200779N00056142EA0185802000
B1220214200776N00056142EA0185801999
B1220224200773N00056141EA0185501998
B1220234200770N00056139EA0185401997
B1220244200768N00056136EA0185401996
B1220254200767N00056132EA0185401995
B1220264200768N00056128EA0185301995
B1220274200770N00056125EA0185301995
B1220284200772N00056122EA0185201994
B1220294200775N00056120EA0185101993
B1220304200780N00056119EA0185001992
B1220314200785N00056120EA0185001992
B1220324200791N00056123EA0185101992
B1220334200796N00056127EA0185101992
B1220344200800N00056133EA0185101992
B1220354200804N00056141EA0185101992
B1220364200806N00056149EA0185001991
B1220374200808N00056158EA0184901989
B1220384200808N00056168EA0184701988
B1220394200808N00056178EA0184601988
B1220404200807N00056187EA0184601988
B1220414200807N00056197EA0184601988
B1220424200806N00056206EA0184601987
B1220434200805N00056215EA0184401985
B1220444200803N00056225EA0184201984
B1220454200801N00056236EA0184301984
B1220464200799N00056246EA0184501985
B1220474200797N00056255EA0184501986
B1220484200795N00056264EA0184401986
B1220494200794N00056272EA0184401985
B1220504200792N00056282EA0184301984
B1220514200790N00056292EA0184101982
B1220524200788N00056302EA0184001982
B1220534200785N00056312EA0184201982
B1220544200783N00056321EA0184201983
B1220554200782N00056330EA0184301983
B1220564200779N00056339EA0184301983
B1220574200777N00056347EA0184101982
B1220584200774N00056357EA0184101981
B1220594200771N00056366EA0184001980
B1221004200769N00056376EA0184001980
B1221014200765N00056385EA0183901979
B1221024200762N00056394EA0183701978
B1221034200759N00056403EA0183701978
B1221044200756N00056412EA0183501976
B1221054200753N00056421EA0183301975
B1221064200749N00056430EA0183101973
B1221074200746N00056438EA0182901971
B1221084200742N00056447EA0182701968
B1221094200739N00056457EA0182401966
B1221104200736N00056467EA0182401964
B1221114200733N00056476EA0182201962
B1221124200730N00056485EA0182201961
B1221134200727N00056494EA0182001960
B1221144200724N00056503EA0181801958
B1221154200721N00056512EA0181701956
B1221164200718N00056522EA0181301954
B1221174200715N00056531EA0181201952
B1221184200712N00056540EA0180901950
B1221194200709N00056549EA0180801947
B1221204200706N00056559EA0180601945
B1221214200703N00056568EA0180501943
B1221224200700N00056578EA0180301941
B1221234200698N00056588EA0179901939
B1221244200695N00056597EA0179601936
B1221254200691N00056606EA0179501933
B1221264200688N00056616EA0179001930
B1221274200685N00056626EA0178901927
B1221284200683N00056635EA0178701926
B1221294200681N00056644EA0178601924
B1221304200680N00056652EA0178601922
B1221314200678N00056660EA0178201920
B1221324200676N00056669EA0177901917
B1221334200674N00056679EA0177601914
B1221344200671N00056689EA0177501912
B1221354200669N00056699EA0177401910
B1221364200666N00056709EA0177101907
B1221374200662N00056719EA0177001905
B1221384200659N00056729EA0176701904
B1221394200656N00056739EA0176501902
B1221404200654N00056748EA0176301900
B1221414200651N00056758EA0176401898
B1221424200648N00056767EA0175901896
B1221434200646N00056777EA0175801894
B1221444200644N00056788EA0175801893
B1221454200643N00056798EA0175501891
B1221464200641N00056808EA0175601891
B1221474200639N00056817EA0175401889
B1221484200637N00056826EA0175301888
B1221494200635N00056835EA0175101886
B1221504200633N00056844EA0175001885
B1221514200632N00056853EA0174701883
B1221524200631N00056863EA0174601880
B1221534200629N00056873EA0174401878
B1221544200627N00056884EA0174101876
B1221554200625N00056894EA0173801873
B1221564200623N00056905EA0173701871
B1221574200622N00056916EA0173501869
B1221584200620N00056926EA0173301867
B1221594200618N00056936EA0173001865
B1222004200616N00056946EA0172801863
B1222014200613N00056956EA0172501860
B1222024200611N00056967EA0172401857
B1222034200609N00056978EA0172301856
B1222044200606N00056988EA0172301855
B1222054200604N00056997EA0172101854
B1222064200602N00057006EA0171901853
B1222074200600N00057014EA0171701850
B1222084200598N00057023EA0171501847
B1222094200596N00057034EA0171201844
B1222104200594N00057044EA0171001842
B1222114200592N00057054EA0170901842
B1222124200589N00057062EA0170801841
B1222134200588N00057070EA0170601840
B1222144200586N00057078EA0170501837
B1222154200584N00057087EA0170101834
B1222164200583N00057097EA0170101832
B1222174200581N00057108EA0169901831
B1222184200580N00057117EA0170101831
B1222194200578N00057125EA0169901832
B1222204200576N00057133EA0169801831
B1222214200575N00057141EA0169601828
B1222224200573N00057149EA0169201825
B1222234200571N00057160EA0169001822
B1222244200569N00057171EA0169001820
B1222254200567N00057182EA0168901820
B1222264200566N00057191EA0168801821
B1222274200565N00057199EA0168801821
B1222284200564N00057207EA0168701820
B1222294200562N00057215EA0168401816
B1222304200560N00057225EA0168201813
B1222314200559N00057236EA0168001811
B1222324200557N00057246EA0168001810
B1222334200556N00057256EA0167901810
B1222344200555N00057264EA0167901810
B1222354200553N00057271EA0167701808
B1222364200551N00057279EA0167501806
B1222374200550N00057288EA0167201802
B1222384200548N00057298EA0166801799
B1222394200546N00057308EA0166801797
B1222404200544N00057319EA0166701796
B1222414200542N00057328EA0166601796
B1222424200540N00057335EA0166301795
B1222434200538N00057343EA0166301793
B1222444200537N00057351EA0166001791
B1222454200535N00057359EA0165701788
B1222464200534N00057368EA0165501785
B1222474200532N00057378EA0165301782
B1222484200530N00057388EA0165201780
B1222494200527N00057397EA0165101779
B1222504200525N00057406EA0164801778
B1222514200523N00057414EA0164901777
B1222524200522N00057423EA0164701776
B1222534200521N00057431EA0164601774
B1222544200519N00057440EA0164301772
B1222554200518N00057450EA0164201770
B1222564200516N00057459EA0164101770
B1222574200515N00057468EA0164301770
B1222584200513N00057476EA0164101770
B1222594200512N00057483EA0163901769
B1223004200511N00057490EA0163701766
B1223014200510N00057499EA0163301762
B1223024200509N00057509EA0163101758
B1223034200508N00057520EA0163001756
B1223044200507N00057530EA0162901757
B1223054200506N00057539EA0162901757
B1223064200505N00057546EA0162901757
B1223074200503N00057553EA0162601755
B1223084200503N00057560EA0162301751
B1223094200502N00057569EA0161901746
B1223104200501N00057580EA0161401742
B1223114200499N00057590EA0161301740
B1223124200497N00057600EA0161501741
B1223134200496N00057608EA0161401742
B1223144200494N00057614EA0161401742
B1223154200494N00057620EA0161201740
B1223164200492N00057628EA0160801736
B1223174200491N00057637EA0160301732
B1223184200489N00057647EA0160301729
B1223194200487N00057657EA0160201727
B1223204200486N00057666EA0160001727
B1223214200486N00057674EA0159901727
B1223224200485N00057681EA0159801725
B1223234200484N00057688EA0159801723
B1223244200482N00057696EA0159301719
B1223254200481N00057705EA0158901715
B1223264200479N00057715EA0158601712
B1223274200478N00057725EA0158401710
B1223284200476N00057735EA0158301709
B1223294200475N00057743EA0158201708
B1223304200474N00057751EA0158001706
B1223314200473N00057758EA0157801703
B1223324200471N00057767EA0157401699
B1223334200470N00057776EA0157101696
B1223344200468N00057786EA0157001694
B1223354200467N00057795EA0156901692
B1223364200466N00057803EA0156701691
B1223374200464N00057811EA0156501689
B1223384200463N00057818EA0156101686
B1223394200461N00057827EA0155801683
B1223404200460N00057837EA0155801679
B1223414200459N00057847EA0155501677
B1223424200458N00057857EA0155301676
B1223434200456N00057866EA0155201675
B1223444200455N00057875EA0155001673
B1223454200455N00057883EA0154901671
B1223464200454N00057892EA0154501668
B1223474200453N00057901EA0154301665
B1223484200451N00057910EA0154001663
B1223494200448N00057919EA0154001661
B1223504200446N00057929EA0153801660
B1223514200444N00057937EA0153801659
B1223524200442N00057945EA0153701658
B1223534200441N00057953EA0153501657
B1223544200439N00057962EA0153201654
B1223554200438N00057971EA0153001651
B1223564200437N00057982EA0152901649
B1223574200436N00057992EA0152701648
B1223584200436N00058002EA0152701647
B1223594200435N00058011EA0152601647
B1224004200435N00058019EA0152401646
B1224014200435N00058027EA0152101643
B1224024200435N00058037EA0152001641
B1224034200435N00058047EA0151801639
B1224044200434N00058058EA0151801638
B1224054200435N00058067EA0151601638
B1224064200435N00058076EA0151701638
B1224074200434N00058084EA0151701636
B1224084200433N00058093EA0151501635
B1224094200431N00058102EA0151301633
B1224104200430N00058112EA0151301631
B1224114200430N00058122EA0151001630
B1224124200430N00058131EA0151001630
B1224134200430N00058139EA0150801629
B1224144200429N00058147EA0150701628
B1224154200429N00058155EA0150601625
B1224164200428N00058165EA0150301623
B1224174200427N00058174EA0150301622
B1224184200427N00058183EA0150101621
B1224194200426N00058192EA0150101620
B1224204200426N00058200EA0149901618
B1224214200425N00058209EA0149701616
B1224224200424N00058218EA0149601614
B1224234200424N00058227EA0149301612
B1224244200423N00058236EA0149201610
B1224254200422N00058245EA0149001609
B1224264200422N00058254EA0148801608
B1224274200421N00058263EA0148801607
B1224284200420N00058272EA0148601605
B1224294200419N00058281EA0148501604
B1224304200418N00058290EA0148401602
B1224314200417N00058299EA0148301601
B1224324200416N00058308EA0148201600
B1224334200415N00058317EA0148001599
B1224344200414N00058326EA0148001597
B1224354200414N00058335EA0147901596
B1224364200413N00058345EA0147701595
B1224374200413N00058355EA0147701594
B1224384200412N00058364EA0147701594
B1224394200412N00058373EA0147601593
B1224404200412N00058381EA0147401592
B1224414200412N00058389EA0147201590
B1224424200411N00058398EA0147201588
B1224434200411N00058406EA0146801585
B1224444200410N00058416EA0146701583
B1224454200409N00058425EA0146401581
B1224464200408N00058435EA0146401580
B1224474200406N00058445EA0146201579
B1224484200405N00058454EA0146301578
B1224494200404N00058462EA0146001577
B1224504200402N00058471EA0145901576
B1224514200402N00058480EA0145801575
B1224524200401N00058489EA0145701574
B1224534200400N00058497EA0145701572
B1224544200398N00058504EA0145401571
B1224554200397N00058513EA0145301568
B1224564200395N00058521EA0145101566
B1224574200394N00058531EA0144901563
B1224584200393N00058541EA0144801563
B1224594200393N00058550EA0144701563
B1225004200392N00058558EA0144601562
B1225014200391N00058566EA0144501561
B1225024200390N00058574EA0144401559
B1225034200389N00058582EA0144201557
B1225044200389N00058592EA0144001555
B1225054200388N00058601EA0143801553
B1225064200388N00058609EA0143701552
B1225074200387N00058617EA0143501550
B1225084200387N00058625EA0143201547
B1225094200387N00058633EA0142701543
B1225104200386N00058642EA0142401539
B1225114200385N00058652EA0142201536
B1225124200385N00058661EA0142201535
B1225134200385N00058670EA0142101535
B1225144200385N00058677EA0142001534
B1225154200385N00058684EA0141801532
B1225164200386N00058692EA0141301528
B1225174200386N00058701EA0141101523
B1225184200386N00058711EA0140701520
B1225194200386N00058721EA0140601518
B1225204200385N00058730EA0140401518
B1225214200385N00058737EA0140301517
B1225224200385N00058743EA0140301515
B1225234200385N00058749EA0139901511
B1225244200385N00058758EA0139301505
B1225254200384N00058768EA0138801500
B1225264200383N00058778EA0138501497
B1225274200381N00058788EA0138401496
B1225284200380N00058797EA0138301495
B1225294200379N00058805EA0138201493
B1225304200378N00058813EA0137701490
B1225314200376N00058823EA0137601487
B1225324200375N00058834EA0137501485
B1225334200374N00058844EA0137401484
B1225344200374N00058853EA0137201484
B1225354200374N00058861EA0137101482
B1225364200374N00058869EA0136801480
B1225374200373N00058878EA0136501476
B1225384200373N00058887EA0136001473
B1225394200373N00058898EA0136001469
B1225404200374N00058908EA0136001468
B1225414200375N00058917EA0135901469
B1225424200375N00058925EA0135901469
B1225434200375N00058931EA0135701468
B1225444200375N00058938EA0135501465
B1225454200375N00058946EA0135301462
B1225464200375N00058955EA0135001459
B1225474200376N00058964EA0134801457
B1225484200376N00058973EA0134601455
B1225494200375N00058982EA0134401453
B1225504200375N00058992EA0134201451
B1225514200376N00059001EA0134101450
B1225524200376N00059009EA0134101449
B1225534200376N00059016EA0133801447
B1225544200376N00059024EA0133501445
B1225554200376N00059032EA0133301441
B1225564200375N00059042EA0133101438
B1225574200374N00059052EA0132901436
B1225584200373N00059062EA0132901436
B1225594200372N00059071EA0133001437
B1226004200371N00059079EA0133001438
B1226014200371N00059086EA0133101438
B1226024200371N00059093EA0133001437
B1226034200371N00059101EA0132801435
B1226044200370N00059109EA0132501432
B1226054200370N00059118EA0132301430
B1226064200370N00059127EA0132101427
B1226074200370N00059136EA0131901425
B1226084200370N00059146EA0131801424
B1226094200370N00059154EA0131801423
B1226104200369N00059163EA0131501422
B1226114200369N00059171EA0131301420
B1226124200369N00059180EA0131301418
B1226134200369N00059189EA0131101416
B1226144200368N00059199EA0130901414
B1226154200368N00059208EA0130501413
B1226164200368N00059218EA0130601411
B1226174200367N00059228EA0130501410
B1226184200366N00059237EA0130401410
B1226194200366N00059246EA0130301409
B1226204200365N00059255EA0130201407
B1226214200364N00059264EA0129901404
B1226224200362N00059274EA0129701402
B1226234200361N00059285EA0129601400
B1226244200359N00059294EA0129601400
B1226254200357N00059303EA0129401399
B1226264200356N00059311EA0129201398
B1226274200355N00059319EA0129001394
B1226284200355N00059327EA0128501389
B1226294200353N00059338EA0128001384
B1226304200352N00059350EA0127701381
B1226314200351N00059362EA0127601380
B1226324200349N00059372EA0127601380
B1226334200349N00059381EA0127501380
B1226344200348N00059389EA0127401379
B1226354200347N00059397EA0127001375
B1226364200346N00059407EA0126501370
B1226374200345N00059418EA0126201366
B1226384200343N00059430EA0126001363
B1226394200341N00059441EA0126101364
B1226404200339N00059451EA0126201365
B1226414200339N00059459EA0126301366
B1226424200340N00059468EA0126501367
B1226434200340N00059476EA0126401368
B1226444200340N00059484EA0126501368
B1226454200340N00059493EA0126301367
B1226464200339N00059502EA0126001365
B1226474200339N00059512EA0126101364
B1226484200340N00059522EA0126101363
B1226494200339N00059532EA0126101364
B1226504200339N00059540EA0126401366
B1226514200338N00059548EA0126301367
B1226524200338N00059555EA0126501368
B1226534200339N00059562EA0126601369
B1226544200340N00059570EA0126701370
B1226554200341N00059576EA0126701371
B1226564200343N00059582EA0126701370
B1226574200347N00059587EA0126601369
B1226584200352N00059591EA0126601368
B1226594200358N00059593EA0126601369
B1227004200363N00059593EA0126701370
B1227014200366N00059591EA0126901372
B1227024200369N00059588EA0127001373
B1227034200372N00059586EA0127101374
B1227044200376N00059584EA0127101375
B1227054200379N00059581EA0127101374
B1227064200380N00059578EA0127001374
B1227074200381N00059573EA0127101374
B1227084200381N00059568EA0127101375
B1227094200379N00059565EA0127201376
B1227104200378N00059564EA0127301377
B1227114200376N00059563EA0127201377
B1227124200374N00059562EA0127201377
B1227134200371N00059562EA0127001375
B1227144200368N00059563EA0127001374
B1227154200365N00059565EA0127001373
B1227164200361N00059569EA0127001374
B1227174200358N00059572EA0127201374
B1227184200355N00059576EA0127001374
B1227194200352N00059580EA0126901373
B1227204200350N00059585EA0126901372
B1227214200347N00059591EA0126901371
B1227224200345N00059597EA0126901371
B1227234200344N00059604EA0126701371
B1227244200342N00059609EA0126801371
B1227254200341N00059614EA0126601370
B1227264200339N00059620EA0126601369
B1227274200339N00059628EA0126401368
B1227284200340N00059636EA0126301367
B1227294200344N00059644EA0126301366
B1227304200349N00059649EA0126301366
B1227314200354N00059651EA0126301366
B1227324200359N00059652EA0126301365
B1227334200365N00059652EA0126201365
B1227344200370N00059650EA0126201365
B1227354200374N00059646EA0126201365
B1227364200376N00059641EA0126301365
B1227374200378N00059637EA0126301366
B1227384200378N00059632EA0126401367
B1227394200378N00059628EA0126301367
B1227404200377N00059623EA0126401367
B1227414200377N00059619EA0126401367
B1227424200377N00059614EA0126301367
B1227434200376N00059609EA0126401367
B1227444200377N00059605EA0126301366
B1227454200377N00059601EA0126101365
B1227464200377N00059597EA0125901364
B1227474200377N00059592EA0126101363
B1227484200377N00059588EA0126001363
B1227494200377N00059584EA0125901362
B1227504200377N00059581EA0125901362
B1227514200376N00059579EA0125601360
B1227524200374N00059578EA0125301357
B1227534200371N00059577EA0125101354
B1227544200366N00059578EA0124701350
B1227554200361N00059580EA0124301347
B1227564200357N00059586EA0124101344
B1227574200353N00059594EA0123701340
B1227584200350N00059602EA0123401337
B1227594200346N00059611EA0123201334
B1228004200342N00059619EA0123001332
B1228014200337N00059626EA0122901332
B1228024200334N00059634EA0122901332
B1228034200332N00059642EA0122801330
B1228044200331N00059650EA0122701329
B1228054200329N00059659EA0122501327
B1228064200326N00059667EA0122501325
B1228074200324N00059676EA0122401324
B1228084200322N00059685EA0122401324
B1228094200321N00059693EA0122401324
B1228104200320N00059701EA0122201324
B1228114200319N00059709EA0122101323
B1228124200318N00059717EA0122101321
B1228134200316N00059725EA0121901320
B1228144200315N00059734EA0121901319
B1228154200315N00059742EA0121901318
B1228164200314N00059751EA0121601317
B1228174200314N00059760EA0121401315
B1228184200314N00059768EA0121301314
B1228194200313N00059777EA0121301313
B1228204200313N00059785EA0121201312
B1228214200313N00059794EA0121201311
B1228224200313N00059802EA0121001310
B1228234200312N00059810EA0120701308
B1228244200312N00059819EA0120701306
B1228254200311N00059828EA0120601306
B1228264200311N00059837EA0120501305
B1228274200310N00059846EA0120601305
B1228284200310N00059854EA0120501304
B1228294200309N00059862EA0120201303
B1228304200308N00059870EA0120001300
B1228314200308N00059879EA0119901297
B1228324200308N00059889EA0119601295
B1228334200307N00059898EA0119301292
B1228344200307N00059907EA0119201290
B1228354200306N00059916EA0119001288
B1228364200305N00059925EA0118701286
B1228374200305N00059935EA0118701285
B1228384200304N00059944EA0118601284
B1228394200303N00059953EA0118501283
B1228404200302N00059962EA0118501283
B1228414200301N00059970EA0118301282
B1228424200301N00059977EA0118301280
B1228434200300N00059985EA0118001278
B1228444200299N00059994EA0117801275
B1228454200298N00100004EA0117601273
B1228464200297N00100014EA0117401272
B1228474200297N00100024EA0117501272
B1228484200297N00100031EA0117301271
B1228494200296N00100038EA0117001269
B1228504200295N00100046EA0116801266
B1228514200294N00100055EA0116501261
B1228524200294N00100066EA0116201258
B1228534200293N00100077EA0116101257
B1228544200292N00100086EA0116001257
B1228554200291N00100093EA0115901256
B1228564200291N00100100EA0115601254
B1228574200290N00100108EA0115201250
B1228584200289N00100117EA0115101246
B1228594200288N00100128EA0114701243
B1229004200286N00100138EA0114601241
B1229014200285N00100148EA0114601241
B1229024200284N00100156EA0114501240
B1229034200284N00100164EA0114201239
B1229044200284N00100173EA0114001235
B1229054200283N00100184EA0113601231
B1229064200283N00100196EA0113401228
B1229074200282N00100208EA0113301227
B1229084200281N00100219EA0113501229
B1229094200280N00100228EA0113501230
B1229104200279N00100235EA0113501231
B1229114200277N00100243EA0113401230
B1229124200277N00100251EA0113201228
B1229134200276N00100261EA0113101226
B1229144200276N00100270EA0112901224
B1229154200275N00100280EA0112801223
B1229164200274N00100290EA0112701222
B1229174200273N00100299EA0112801222
B1229184200272N00100308EA0112801222
B1229194200271N00100317EA0112701222
B1229204200271N00100326EA0112801222
B1229214200271N00100334EA0112701221
B1229224200271N00100343EA0112601221
B1229234200271N00100352EA0112601220
B1229244200270N00100360EA0112401219
B1229254200270N00100369EA0112301218
B1229264200269N00100378EA0112201216
B1229274200269N00100387EA0112101215
B1229284200268N00100396EA0112001213
B1229294200267N00100405EA0111901212
B1229304200266N00100414EA0111701211
B1229314200265N00100423EA0111701210
B1229324200264N00100433EA0111501209
B1229334200263N00100442EA0111501208
B1229344200262N00100452EA0111301207
B1229354200260N00100461EA0111201206
B1229364200259N00100470EA0111101204
B1229374200258N00100479EA0111101203
B1229384200257N00100488EA0110901202
B1229394200256N00100498EA0110901201
B1229404200255N00100507EA0110701200
B1229414200254N00100516EA0110601199
B1229424200253N00100524EA0110501197
B1229434200252N00100533EA0110401195
B1229444200251N00100542EA0110101194
B1229454200250N00100551EA0110001192
B1229464200248N00100560EA0109901191
B1229474200247N00100568EA0109901190
B1229484200245N00100577EA0109701189
B1229494200244N00100585EA0109601187
B1229504200244N00100593EA0109301186
B1229514200243N00100601EA0109301184
B1229524200243N00100610EA0109201182
B1229534200242N00100619EA0109101181
B1229544200241N00100627EA0108901180
B1229554200240N00100636EA0108801179
B1229564200239N00100644EA0108601177
B1229574200238N00100652EA0108401175
B1229584200237N00100660EA0108301173
B1229594200235N00100669EA0108301172
B1230004200234N00100677EA0108101171
B1230014200233N00100685EA0108001171
B1230024200231N00100693EA0107901170
B1230034200230N00100700EA0107701168
B1230044200229N00100708EA0107501166
B1230054200228N00100717EA0107401164
B1230064200227N00100726EA0107201162
B1230074200226N00100734EA0107101161
B1230084200224N00100743EA0107001160
B1230094200223N00100751EA0106901159
B1230104200223N00100760EA0106901158
B1230114200222N00100768EA0106901157
B1230124200222N00100776EA0106701157
B1230134200222N00100784EA0106501156
B1230144200223N00100792EA0106501154
B1230154200223N00100801EA0106401153
B1230164200223N00100809EA0106401152
B1230174200223N00100818EA0106201151
B1230184200223N00100826EA0106101150
B1230194200224N00100835EA0106101149
B1230204200224N00100843EA0105901148
B1230214200225N00100852EA0105801147
B1230224200225N00100861EA0105801146
B1230234200225N00100871EA0105801146
B1230244200225N00100880EA0106101148
B1230254200224N00100889EA0106001149
B1230264200222N00100897EA0106101149
B1230274200221N00100904EA0106101149
B1230284200220N00100913EA0106001148
B1230294200219N00100923EA0106101148
B1230304200220N00100933EA0106301150
B1230314200222N00100943EA0106501153
B1230324200225N00100952EA0106701155
B1230334200229N00100960EA0106901157
B1230344200234N00100966EA0107101159
B1230354200239N00100972EA0107201160
B1230364200245N00100975EA0107201160
B1230374200250N00100976EA0107101160
B1230384200256N00100974EA0107301161
B1230394200260N00100970EA0107701164
B1230404200263N00100968EA0108001168
B1230414200266N00100966EA0108201171
B1230424200268N00100965EA0108201172
B1230434200269N00100964EA0108001170
B1230444200269N00100963EA0107701167
B1230454200266N00100962EA0107401164
B1230464200262N00100963EA0107401162
B1230474200258N00100965EA0107501164
B1230484200254N00100968EA0107501165
B1230494200251N00100971EA0107601166
B1230504200248N00100975EA0107601166
B1230514200245N00100978EA0107701165
B1230524200241N00100983EA0107701166
B1230534200236N00100987EA0108101169
B1230544200233N00100991EA0108301173
B1230554200230N00100994EA0108501175
B1230564200227N00100997EA0108601176
B1230574200224N00101001EA0108601176
B1230584200219N00101004EA0108601177
B1230594200215N00101006EA0108901179
B1231004200212N00101007EA0109101181
B1231014200210N00101006EA0109101183
B1231024200207N00101007EA0109401184
B1231034200204N00101009EA0109401184
B1231044200201N00101014EA0109301184
B1231054200198N00101020EA0109301184
B1231064200196N00101028EA0109301184
B1231074200196N00101036EA0109201184
B1231084200198N00101045EA0109301184
B1231094200203N00101052EA0109401185
B1231104200209N00101057EA0109601186
B1231114200216N00101058EA0109601187
B1231124200223N00101056EA0109801188
B1231134200227N00101052EA0110001190
B1231144200230N00101049EA0110101192
B1231154200231N00101046EA0110001193
B1231164200232N00101044EA0110001192
B1231174200232N00101040EA0110001192
B1231184200233N00101035EA0110201192
B1231194200233N00101030EA0110201195
B1231204200233N00101026EA0110601197
B1231214200234N00101023EA0110701199
B1231224200234N00101020EA0110801201
B1231234200233N00101017EA0111001201
B1231244200231N00101015EA0111101202
B1231254200227N00101014EA0111201204
B1231264200223N00101013EA0111501207
B1231274200220N00101013EA0111801211
B1231284200218N00101012EA0112201214
B1231294200216N00101011EA0112301215
B1231304200213N00101011EA0112401216
B1231314200210N00101012EA0112501217
B1231324200207N00101017EA0112601218
B1231334200206N00101025EA0112601218
B1231344200208N00101034EA0112701218
B1231354200213N00101042EA0112801219
B1231364200219N00101045EA0113101223
B1231374200223N00101044EA0113501226
B1231384200226N00101042EA0113801230
B1231394200228N00101040EA0114101234
B1231404200230N00101037EA0114201236
B1231414200232N00101034EA0114401238
B1231424200234N00101031EA0114601240
B1231434200235N00101028EA0114401240
B1231444200235N00101025EA0114501239
B1231454200235N00101022EA0114401239
B1231464200233N00101021EA0114401238
B1231474200230N00101020EA0114201236
B1231484200226N00101021EA0114001235
B1231494200223N00101025EA0114001235
B1231504200219N00101029EA0114001235
B1231514200217N00101034EA0114001236
B1231524200216N00101040EA0114001235
B1231534200215N00101046EA0113901234
B1231544200214N00101054EA0113801232
B1231554200213N00101063EA0113801232
B1231564200213N00101071EA0113801232
B1231574200212N00101078EA0113901233
B1231584200212N00101085EA0114001234
B1231594200213N00101092EA0113801234
B1232004200214N00101100EA0113801232
B1232014200215N00101109EA0113701232
B1232024200217N00101118EA0113801232
B1232034200220N00101126EA0113901233
B1232044200223N00101134EA0114001234
B1232054200228N00101140EA0114001235
B1232064200234N00101144EA0114101235
B1232074200240N00101146EA0114201236
B1232084200246N00101146EA0114301238
B1232094200251N00101147EA0114601241
B1232104200256N00101147EA0114801243
B1232114200261N00101147EA0114801244
B1232124200265N00101145EA0114901244
B1232134200268N00101142EA0114901243
B1232144200269N00101137EA0114801244
B1232154200267N00101133EA0115201245
B1232164200263N00101132EA0115401248
B1232174200259N00101135EA0115601250
B1232184200255N00101140EA0115701253
B1232194200253N00101145EA0116001256
B1232204200251N00101149EA0116301258
B1232214200249N00101154EA0116201258
B1232224200248N00101160EA0116101258
B1232234200247N00101169EA0116101257
B1232244200247N00101179EA0116201258
B1232254200249N00101189EA0116401259
B1232264200253N00101197EA0116401261
B1232274200257N00101203EA0116601262
B1232284200263N00101207EA0116601262
B1232294200269N00101210EA0116601262
B1232304200275N00101212EA0116801263
B1232314200281N00101211EA0116801263
B1232324200285N00101207EA0116701263
B1232334200287N00101202EA0116901263
B1232344200287N00101196EA0117001265
B1232354200286N00101192EA0117101268
B1232364200285N00101190EA0117401271
B1232374200284N00101190EA0117901274
B1232384200282N00101190EA0117901276
B1232394200278N00101193EA0117801276
B1232404200275N00101197EA0117901275
B1232414200271N00101205EA0118001276
B1232424200268N00101213EA0118101277
B1232434200266N00101221EA0118401280
B1232444200265N00101229EA0118701282
B1232454200265N00101236EA0118801284
B1232464200266N00101243EA0118801284
B1232474200269N00101251EA0118801284
B1232484200274N00101258EA0118801284
B1232494200280N00101263EA0118801284
B1232504200286N00101265EA0118801284
B1232514200293N00101265EA0118901285
B1232524200298N00101263EA0118901285
B1232534200303N00101259EA0118901285
B1232544200307N00101255EA0119001287
B1232554200310N00101251EA0119101288
B1232564200312N00101247EA0119201289
B1232574200313N00101243EA0119201290
B1232584200313N00101240EA0119401291
B1232594200312N00101236EA0119601292
B1233004200310N00101233EA0119801294
B1233014200307N00101230EA0120101297
B1233024200305N00101229EA0120101300
B1233034200304N00101229EA0120301302
B1233044200301N00101230EA0120301302
B1233054200298N00101232EA0120301301
B1233064200294N00101236EA0120401301
B1233074200290N00101241EA0120401303
B1233084200287N00101247EA0120601306
B1233094200286N00101253EA0120701307
B1233104200286N00101260EA0120901308
B1233114200286N00101268EA0120701307
B1233124200288N00101277EA0120701306
B1233134200292N00101286EA0120801307
B1233144200297N00101292EA0120901308
B1233154200303N00101295EA0120901308
B1233164200309N00101294EA0121001308
B1233174200314N00101292EA0121001308
B1233184200319N00101288EA0121101310
B1233194200323N00101285EA0121301311
B1233204200326N00101283EA0121301312
B1233214200327N00101280EA0121401313
B1233224200328N00101277EA0121401313
B1233234200327N00101274EA0121501313
B1233244200325N00101272EA0121401313
B1233254200322N00101271EA0121501314
B1233264200319N00101271EA0121601315
B1233274200316N00101273EA0121701316
B1233284200313N00101277EA0121701316
B1233294200310N00101281EA0121801317
B1233304200307N00101286EA0121801318
B1233314200304N00101292EA0122001319
B1233324200303N00101300EA0122001319
B1233334200304N00101308EA0122001319
B1233344200307N00101317EA0122001320
B1233354200312N00101324EA0122101320
B1233364200317N00101330EA0122101321
B1233374200323N00101335EA0122301322
B1233384200329N00101338EA0122301323
B1233394200336N00101342EA0122301323
B1233404200342N00101345EA0122501324
B1233414200349N00101348EA0122401324
B1233424200356N00101350EA0122601325
B1233434200363N00101352EA0122701326
B1233444200370N00101354EA0122701328
B1233454200376N00101355EA0122801328
B1233464200382N00101355EA0122701327
B1233474200387N00101353EA0122601326
B1233484200391N00101348EA0122601326
B1233494200393N00101343EA0122501326
B1233504200394N00101338EA0122701327
B1233514200395N00101335EA0122801328
B1233524200395N00101331EA0122901329
B1233534200395N00101328EA0122901329
B1233544200394N00101325EA0122701328
B1233554200391N00101323EA0122601327
B1233564200388N00101321EA0122801327
B1233574200386N00101319EA0122701328
B1233584200384N00101316EA0122801329
B1233594200383N00101314EA0122901329
B1234004200382N00101312EA0123001330
B1234014200380N00101312EA0123001330
B1234024200379N00101310EA0123001330
B1234034200377N00101308EA0123001330
B1234044200376N00101305EA0123001330
B1234054200375N00101303EA0123001330
B1234064200373N00101302EA0122901330
B1234074200371N00101301EA0122801328
B1234084200368N00101300EA0122601327
B1234094200365N00101297EA0122401325
B1234104200363N00101292EA0122401324
B1234114200361N00101287EA0122601325
B1234124200359N00101282EA0122601326
B1234134200356N00101280EA0122801328
B1234144200354N00101278EA0122801329
B1234154200352N00101276EA0122901329
B1234164200350N00101274EA0122901329
B1234174200348N00101272EA0123001329
B1234184200346N00101270EA0122901330
B1234194200344N00101268EA0123001330
B1234204200342N00101265EA0122901329
B1234214200340N00101263EA0122801328
B1234224200338N00101259EA0122601327
B1234234200336N00101256EA0122801327
B1234244200333N00101252EA0122701327
B1234254200330N00101249EA0122701328
B1234264200328N00101246EA0122801328
B1234274200326N00101243EA0122801329
B1234284200324N00101241EA0122901329
B1234294200322N00101238EA0122801329
B1234304200320N00101235EA0122801328
B1234314200318N00101231EA0122801327
B1234324200316N00101227EA0122701328
B1234334200315N00101223EA0122701328
B1234344200313N00101221EA0122801328
B1234354200311N00101218EA0122501326
B1234364200309N00101216EA0122301324
B1234374200306N00101213EA0122401323
B1234384200304N00101210EA0122301322
B1234394200300N00101211EA0122301322
B1234404200297N00101213EA0122101322
B1234414200293N00101218EA0122201321
B1234424200289N00101224EA0122301321
B1234434200286N00101232EA0122401322
B1234444200284N00101240EA0122501323
B1234454200283N00101247EA0122501324
B1234464200283N00101256EA0122501323
B1234474200283N00101265EA0122301322
B1234484200284N00101275EA0122301321
B1234494200284N00101285EA0122201321
B1234504200285N00101294EA0122401322
B1234514200286N00101302EA0122401323
B1234524200288N00101310EA0122301323
B1234534200290N00101318EA0122201321
B1234544200294N00101326EA0122101319
B1234554200299N00101334EA0122001318
B1234564200305N00101341EA0122201319
B1234574200310N00101347EA0122101320
B1234584200315N00101351EA0122201320
B1234594200320N00101353EA0122001319
B1235004200325N00101355EA0122001318
B1235014200331N00101355EA0122001318
B1235024200335N00101353EA0122001318
B1235034200339N00101351EA0122001319
B1235044200343N00101350EA0122201321
B1235054200347N00101348EA0122401322
B1235064200350N00101347EA0122401323
B1235074200353N00101344EA0122501325
B1235084200356N00101342EA0122701326
B1235094200358N00101340EA0122801327
B1235104200361N00101338EA0122801328
B1235114200364N00101337EA0122801329
B1235124200366N00101335EA0122901330
B1235134200368N00101332EA0123101331
B1235144200369N00101329EA0123101331
B1235154200371N00101326EA0123201333
B1235164200374N00101324EA0123101333
B1235174200376N00101322EA0123101333
B1235184200378N00101320EA0123101331
B1235194200378N00101317EA0122701329
B1235204200378N00101313EA0122601328
B1235214200376N00101310EA0122701327
B1235224200373N00101308EA0122601328
B1235234200370N00101309EA0122701327
B1235244200367N00101310EA0122601327
B1235254200363N00101313EA0122501326
B1235264200359N00101317EA0122501325
B1235274200355N00101321EA0122501326
B1235284200350N00101326EA0122701328
B1235294200347N00101331EA0123001331
B1235304200344N00101335EA0123201333
B1235314200342N00101340EA0123501334
B1235324200340N00101347EA0123401334
B1235334200340N00101355EA0123401334
B1235344200340N00101364EA0123401336
B1235354200343N00101372EA0123601337
B1235364200347N00101378EA0123601337
B1235374200352N00101381EA0123601337
B1235384200358N00101383EA0123401337
B1235394200363N00101383EA0123601337
B1235404200367N00101382EA0123701338
B1235414200369N00101379EA0123601338
B1235424200370N00101375EA0123601338
B1235434200369N00101372EA0123701339
B1235444200368N00101369EA0123801340
B1235454200367N00101365EA0123901341
B1235464200366N00101362EA0124101342
B1235474200365N00101359EA0124101344
B1235484200364N00101357EA0124301346
B1235494200362N00101355EA0124401347
B1235504200358N00101354EA0124601348
B1235514200354N00101354EA0124801350
B1235524200351N00101355EA0125001353
B1235534200348N00101356EA0125101354
B1235544200346N00101359EA0125101355
B1235554200343N00101364EA0125101354
B1235564200341N00101370EA0125201355
B1235574200340N00101378EA0125301355
B1235584200341N00101387EA0125401356
B1235594200344N00101395EA0125401357
B1236004200349N00101402EA0125701359
B1236014200354N00101408EA0125901361
B1236024200359N00101412EA0126201364
B1236034200365N00101415EA0126401366
B1236044200370N00101416EA0126501367
B1236054200376N00101416EA0126601368
B1236064200381N00101415EA0126701369
B1236074200386N00101412EA0126701371
B1236084200390N00101408EA0127001372
B1236094200392N00101404EA0127001374
B1236104200392N00101400EA0127101375
B1236114200392N00101396EA0127301377
B1236124200391N00101393EA0127601379
B1236134200388N00101392EA0127701381
B1236144200384N00101394EA0128001383
B1236154200380N00101400EA0128301385
B1236164200378N00101408EA0128601388
B1236174200377N00101417EA0128801392
B1236184200379N00101426EA0129301396
B1236194200382N00101434EA0129401399
B1236204200387N00101441EA0129601401
B1236214200392N00101447EA0130101404
B1236224200399N00101451EA0130101407
B1236234200405N00101453EA0130701410
B1236244200411N00101452EA0130701414
B1236254200416N00101451EA0131101417
B1236264200420N00101450EA0131501419
B1236274200424N00101448EA0131601421
B1236284200428N00101445EA0131801424
B1236294200432N00101441EA0132101427
B1236304200436N00101438EA0132401431
B1236314200439N00101436EA0132601434
B1236324200441N00101434EA0132801435
B1236334200442N00101432EA0132901436
B1236344200442N00101429EA0132901437
B1236354200441N00101427EA0133001438
B1236364200439N00101426EA0133101439
B1236374200435N00101426EA0133201439
B1236384200432N00101427EA0133201439
B1236394200427N00101430EA0133301440
B1236404200424N00101434EA0133501443
B1236414200421N00101440EA0133901445
B1236424200419N00101445EA0134101447
B1236434200417N00101452EA0134301450
B1236444200415N00101461EA0134301451
B1236454200414N00101471EA0134801454
B1236464200415N00101483EA0135101458
B1236474200418N00101493EA0135301461
B1236484200423N00101502EA0135601464
B1236494200428N00101508EA0135901467
B1236504200434N00101513EA0136001469
B1236514200440N00101514EA0136301470
B1236524200446N00101513EA0136501472
B1236534200450N00101511EA0136801475
B1236544200452N00101509EA0137101478
B1236554200454N00101508EA0137101481
B1236564200455N00101506EA0137301482
B1236574200454N00101503EA0137101481
B1236584200452N00101501EA0137101480
B1236594200448N00101501EA0137201481
B1237004200443N00101502EA0137301483
B1237014200438N00101504EA0137801487
B1237024200433N00101507EA0138201491
B1237034200428N00101510EA0138601495
B1237044200425N00101513EA0138701497
B1237054200421N00101516EA0139001499
B1237064200417N00101521EA0139101501
B1237074200413N00101528EA0139301503
B1237084200411N00101536EA0139801506
B1237094200410N00101544EA0140001509
B1237104200409N00101551EA0140001511
B1237114200409N00101559EA0140101511
B1237124200410N00101567EA0139901510
B1237134200411N00101577EA0140001509
B1237144200414N00101587EA0140001510
B1237154200418N00101596EA0139901510
B1237164200424N00101602EA0140001510
B1237174200431N00101605EA0140001511
B1237184200438N00101606EA0140401513
B1237194200443N00101605EA0140601516
B1237204200447N00101604EA0140801519
B1237214200450N00101604EA0141001521
B1237224200452N00101603EA0141101523
B1237234200453N00101602EA0141201524
B1237244200454N00101599EA0141401525
B1237254200453N00101597EA0141701528
B1237264200452N00101595EA0142001531
B1237274200451N00101595EA0142001534
B1237284200450N00101596EA0142201535
B1237294200449N00101597EA0142101535
B1237304200447N00101598EA0142001534
B1237314200445N00101597EA0142101534
B1237324200444N00101595EA0142201534
B1237334200442N00101593EA0142301536
B1237344200442N00101591EA0142301537
B1237354200441N00101589EA0142401538
B1237364200439N00101589EA0142401538
B1237374200437N00101590EA0142301537
B1237384200433N00101593EA0142101535
B1237394200428N00101599EA0142001534
B1237404200424N00101608EA0142301536
B1237414200420N00101618EA0142801540
B1237424200418N00101626EA0143001543
B1237434200416N00101633EA0143001544
B1237444200414N00101639EA0142801543
B1237454200411N00101647EA0142701541
B1237464200410N00101658EA0142301538
B1237474200411N00101670EA0142201536
B1237484200414N00101681EA0142201535
B1237494200418N00101691EA0142101535
B1237504200423N00101698EA0142201534
B1237514200428N00101703EA0142001533
B1237524200433N00101706EA0141901531
B1237534200438N00101707EA0141801530
B1237544200442N00101707EA0141801530
B1237554200445N00101706EA0141801530
B1237564200448N00101704EA0142001532
B1237574200449N00101704EA0142101534
B1237584200451N00101705EA0142201536
B1237594200453N00101707EA0142201536
B1238004200455N00101709EA0142101535
B1238014200455N00101710EA0141901532
B1238024200455N00101709EA0141601530
B1238034200455N00101707EA0141701529
B1238044200455N00101706EA0141801530
B1238054200454N00101706EA0141801531
B1238064200453N00101706EA0141801531
B1238074200451N00101706EA0141901531
B1238084200450N00101705EA0141901531
B1238094200448N00101705EA0141901531
B1238104200446N00101706EA0141801532
B1238114200444N00101707EA0141801532
B1238124200442N00101708EA0141801531
B1238134200439N00101710EA0141801531
B1238144200436N00101711EA0141701530
B1238154200434N00101712EA0141501529
B1238164200432N00101712EA0141601529
B1238174200430N00101712EA0141401528
B1238184200430N00101711EA0141201525
B1238194200430N00101709EA0140901523
B1238204200430N00101707EA0140701520
B1238214200431N00101703EA0140501517
B1238224200432N00101699EA0140101513
B1238234200433N00101695EA0139801511
B1238244200433N00101690EA0139801510
B1238254200433N00101686EA0139801510
B1238264200433N00101681EA0139901511
B1238274200434N00101677EA0140001513
B1238284200436N00101673EA0140301515
B1238294200438N00101670EA0140301516
B1238304200440N00101668EA0140401517
B1238314200441N00101666EA0140601517
B1238324200442N00101663EA0140501518
B1238334200443N00101660EA0140701519
B1238344200445N00101657EA0140701521
B1238354200446N00101653EA0141001523
B1238364200448N00101651EA0141201525
B1238374200449N00101648EA0141501527
B1238384200450N00101646EA0141501529
B1238394200450N00101644EA0141601530
B1238404200451N00101642EA0141701530
B1238414200452N00101639EA0141501530
B1238424200452N00101636EA0141601530
B1238434200452N00101632EA0141601530
B1238444200452N00101629EA0141801531
B1238454200452N00101626EA0141901533
B1238464200453N00101622EA0142201535
B1238474200457N00101619EA0142401537
B1238484200460N00101616EA0142701540
B1238494200463N00101614EA0142801543
B1238504200465N00101612EA0143101546
B1238514200468N00101610EA0143301548
B1238524200472N00101608EA0143601550
B1238534200477N00101608EA0143701551
B1238544200481N00101607EA0143601552
B1238554200485N00101606EA0143901554
B1238564200490N00101606EA0144101556
B1238574200495N00101609EA0144201557
B1238584200501N00101615EA0144201558
B1238594200508N00101623EA0144401559
B1239004200514N00101631EA0144701561
B1239014200519N00101640EA0145001564
B1239024200522N00101649EA0145001566
B1239034200524N00101658EA0145201567
B1239044200524N00101666EA0145401568
B1239054200523N00101673EA0145401569
B1239064200522N00101679EA0145701571
B1239074200520N00101684EA0145801572
B1239084200518N00101688EA0146001575
B1239094200516N00101692EA0146201578
B1239104200515N00101694EA0146301579
B1239114200514N00101695EA0146301579
B1239124200512N00101695EA0146301579
B1239134200511N00101695EA0146301579
B1239144200510N00101695EA0146501580
B1239154200509N00101695EA0146601581
B1239164200508N00101695EA0146701583
B1239174200508N00101694EA0146901585
B1239184200509N00101692EA0147001587
B1239194200510N00101691EA0147401589
B1239204200512N00101689EA0147801592
B1239214200513N00101687EA0147701595
B1239224200515N00101685EA0148101598
B1239234200515N00101684EA0148201599
B1239244200516N00101684EA0148101600
B1239254200517N00101684EA0148201599
B1239264200518N00101683EA0148001598
B1239274200520N00101682EA0147901596
B1239284200523N00101682EA0147701595
B1239294200527N00101681EA0147501593
B1239304200532N00101682EA0147301591
B1239314200538N00101684EA0147201590
B1239324200545N00101688EA0147401590
B1239334200551N00101693EA0147301590
B1239344200557N00101700EA0147201590
B1239354200562N00101708EA0147201589
B1239364200567N00101717EA0147201589
B1239374200574N00101728EA0147301590
B1239384200580N00101739EA0147701594
B1239394200586N00101750EA0148301600
B1239404200590N00101760EA0148801604
B1239414200593N00101770EA0149001608
B1239424200596N00101779EA0149301610
B1239434200599N00101789EA0149401611
B1239444200602N00101800EA0149301612
B1239454200602N00101810EA0149401612
B1239464200601N00101820EA0149301611
B1239474200597N00101828EA0149301610
B1239484200594N00101834EA0149401612
B1239494200591N00101840EA0149601614
B1239504200589N00101844EA0149601615
B1239514200587N00101845EA0149501614
B1239524200586N00101845EA0149601614
B1239534200586N00101843EA0149901615
B1239544200587N00101842EA0150101619
B1239554200590N00101842EA0150401622
B1239564200594N00101842EA0150501624
B1239574200598N00101842EA0150601626
B1239584200601N00101842EA0151001628
B1239594200605N00101842EA0151001629
B1240004200610N00101845EA0150901628
B1240014200617N00101850EA0150801626
B1240024200624N00101857EA0150901626
B1240034200630N00101864EA0151301629
B1240044200635N00101871EA0151201631
B1240054200638N00101879EA0151201631
B1240064200639N00101887EA0151001629
B1240074200638N00101896EA0150901628
B1240084200636N00101903EA0151001627
B1240094200634N00101908EA0151001628
B1240104200632N00101910EA0151001629
B1240114200631N00101912EA0151101630
B1240124200630N00101914EA0151201631
B1240134200630N00101917EA0151301632
B1240144200629N00101918EA0151401633
B1240154200629N00101919EA0151501633
B1240164200629N00101919EA0151601635
B1240174200629N00101919EA0151701636
B1240184200629N00101919EA0151901638
B1240194200628N00101919EA0152001640
B1240204200628N00101919EA0152101641
B1240214200629N00101919EA0152301643
B1240224200631N00101918EA0152301644
B1240234200634N00101918EA0152301643
B1240244200638N00101918EA0152101642
B1240254200642N00101919EA0152001641
B1240264200648N00101919EA0151801639
B1240274200655N00101922EA0151701638
B1240284200663N00101925EA0151901638
B1240294200670N00101931EA0151901639
B1240304200676N00101938EA0152201641
B1240314200681N00101947EA0152101641
B1240324200686N00101956EA0152201642
B1240334200690N00101966EA0152301643
B1240344200693N00101976EA0152401644
B1240354200694N00101985EA0152401644
B1240364200693N00101995EA0152401643
B1240374200692N00102002EA0152501644
B1240384200690N00102008EA0152601646
B1240394200689N00102010EA0152701647
B1240404200687N00102011EA0152801648
B1240414200686N00102012EA0153101650
B1240424200686N00102013EA0153001651
B1240434200685N00102014EA0152901650
B1240444200684N00102015EA0152701648
B1240454200683N00102014EA0152401646
B1240464200681N00102014EA0152501645
B1240474200680N00102013EA0152401645
B1240484200679N00102013EA0152401645
B1240494200678N00102012EA0152401645
B1240504200677N00102012EA0152301644
B1240514200677N00102012EA0152201643
B1240524200676N00102013EA0151901641
B1240534200674N00102013EA0151801639
B1240544200672N00102013EA0151501636
B1240554200670N00102012EA0151501635
B1240564200670N00102011EA0151401634
B1240574200669N00102010EA0151201634
B1240584200668N00102012EA0151201632
B1240594200665N00102015EA0150801629
B1241004200663N00102017EA0150501626
B1241014200659N00102019EA0150401624
B1241024200657N00102020EA0150401623
B1241034200654N00102021EA0150301623
B1241044200652N00102022EA0150201623
B1241054200651N00102024EA0150201621
B1241064200649N00102024EA0149901619
B1241074200646N00102024EA0149801617
B1241084200643N00102024EA0150001618
B1241094200640N00102024EA0149901620
B1241104200638N00102026EA0150301622
B1241114200636N00102028EA0150501625
B1241124200636N00102029EA0150601626
B1241134200635N00102030EA0150801627
B1241144200634N00102030EA0150801627
B1241154200633N00102030EA0150901628
B1241164200631N00102030EA0151001630
B1241174200630N00102030EA0151301633
B1241184200629N00102030EA0151501635
B1241194200629N00102030EA0151701637
B1241204200628N00102030EA0151601637
B1241214200626N00102031EA0151801638
B1241224200624N00102032EA0152001640
B1241234200622N00102034EA0152101642
B1241244200621N00102036EA0152301644
B1241254200619N00102038EA0152601646
B1241264200618N00102038EA0152601647
B1241274200616N00102040EA0152801648
B1241284200613N00102042EA0152901650
B1241294200610N00102045EA0153401653
B1241304200608N00102047EA0153601656
B1241314200607N00102048EA0153701658
B1241324200606N00102049EA0153801660
B1241334200604N00102050EA0154001661
B1241344200601N00102053EA0154101662
B1241354200598N00102057EA0154501665
B1241364200596N00102059EA0154601668
B1241374200595N00102061EA0154901670
B1241384200594N00102063EA0155001671
B1241394200594N00102063EA0155001672
B1241404200593N00102063EA0155201672
B1241414200594N00102061EA0155101673
B1241424200597N00102059EA0155401674
B1241434200602N00102057EA0155401675
B1241444200608N00102057EA0155401677
B1241454200615N00102058EA0155601678
B1241464200622N00102061EA0155801679
B1241474200629N00102067EA0155901680
B1241484200636N00102074EA0156001682
B1241494200642N00102084EA0156101683
B1241504200646N00102095EA0156201683
B1241514200648N00102106EA0156201684
B1241524200648N00102117EA0156301685
B1241534200647N00102126EA0156401687
B1241544200645N00102133EA0156501688
B1241554200642N00102138EA0156601689
B1241564200640N00102142EA0156601690
B1241574200638N00102145EA0156801691
B1241584200636N00102148EA0156701692
B1241594200633N00102151EA0156801692
B1242004200631N00102153EA0157001692
B1242014200628N00102154EA0156901692
B1242024200626N00102156EA0157101694
B1242034200624N00102158EA0157201695
B1242044200622N00102160EA0157201696
B1242054200621N00102163EA0157401697
B1242064200619N00102166EA0157401697
B1242074200616N00102169EA0157401697
B1242084200613N00102172EA0157701698
B1242094200609N00102175EA0157801701
B1242104200606N00102177EA0158201705
B1242114200603N00102179EA0158501709
B1242124200601N00102181EA0158901712
B1242134200599N00102183EA0159101715
B1242144200597N00102185EA0159601718
B1242154200595N00102187EA0159701721
B1242164200594N00102189EA0159801724
B1242174200593N00102192EA0160101725
B1242184200592N00102192EA0160201726
B1242194200592N00102190EA0160001725
B1242204200593N00102186EA0160001724
B1242214200598N00102183EA0160101724
B1242224200606N00102183EA0160101723
B1242234200614N00102187EA0160401726
B1242244200621N00102192EA0160601729
B1242254200627N00102197EA0160601731
B1242264200632N00102202EA0160801732
B1242274200638N00102208EA0160701732
B1242284200642N00102218EA0160701731
B1242294200644N00102230EA0160801731
B1242304200644N00102242EA0161001733
B1242314200643N00102251EA0161301737
B1242324200640N00102257EA0161601741
B1242334200638N00102262EA0161901743
B1242344200636N00102265EA0162101745
B1242354200634N00102267EA0162101746
B1242364200632N00102268EA0162301746
B1242374200630N00102267EA0162201747
B1242384200630N00102264EA0162301748
B1242394200632N00102262EA0162401749
B1242404200635N00102260EA0162401750
B1242414200639N00102259EA0162501750
B1242424200644N00102260EA0162401749
B1242434200651N00102263EA0162201748
B1242444200658N00102266EA0162401748
B1242454200664N00102272EA0162501750
B1242464200669N00102279EA0162601751
B1242474200674N00102287EA0162601752
B1242484200678N00102296EA0162801752
B1242494200681N00102306EA0162801753
B1242504200682N00102317EA0163001754
B1242514200681N00102326EA0163101755
B1242524200679N00102334EA0163201757
B1242534200677N00102341EA0163401759
B1242544200675N00102346EA0163601762
B1242554200672N00102350EA0163801763
B1242564200669N00102353EA0163801764
B1242574200666N00102356EA0163701764
B1242584200664N00102357EA0163701765
B1242594200661N00102359EA0163801765
B1243004200659N00102361EA0163701765
B1243014200658N00102362EA0163701764
B1243024200656N00102363EA0163601762
B1243034200654N00102363EA0163301760
B1243044200651N00102361EA0163201758
B1243054200648N00102360EA0163101757
B1243064200645N00102359EA0163101757
B1243074200643N00102359EA0163201758
B1243084200640N00102359EA0163201758
B1243094200637N00102360EA0163201758
B1243104200634N00102359EA0163201758
B1243114200632N00102358EA0163101757
B1243124200629N00102356EA0163101756
B1243134200626N00102354EA0162901755
B1243144200623N00102352EA0162701755
B1243154200621N00102350EA0162801754
B1243164200618N00102349EA0162601753
B1243174200615N00102347EA0162501752
B1243184200612N00102346EA0162501751
B1243194200608N00102345EA0162501751
B1243204200606N00102343EA0162601752
B1243214200604N00102342EA0162701753
B1243224200602N00102341EA0162601753
B1243234200601N00102341EA0162501752
B1243244200599N00102341EA0162501751
B1243254200597N00102340EA0162401750
B1243264200595N00102339EA0162301749
B1243274200592N00102338EA0162201748
B1243284200590N00102337EA0162201748
B1243294200587N00102337EA0162201748
B1243304200586N00102336EA0162101747
B1243314200584N00102336EA0162001746
B1243324200582N00102335EA0161801744
B1243334200579N00102334EA0161401742
B1243344200576N00102333EA0161301739
B1243354200572N00102332EA0161101738
B1243364200569N00102329EA0161301737
B1243374200566N00102327EA0160901735
B1243384200564N00102325EA0160701733
B1243394200562N00102324EA0160301730
B1243404200558N00102323EA0160101727
B1243414200555N00102322EA0159801724
B1243424200550N00102321EA0159901722
B1243434200546N00102320EA0159701721
B1243444200542N00102321EA0159601721
B1243454200538N00102323EA0159501720
B1243464200535N00102326EA0159301718
B1243474200531N00102328EA0159201716
B1243484200526N00102330EA0158801713
B1243494200521N00102332EA0158801711
B1243504200516N00102334EA0158701710
B1243514200512N00102337EA0158801711
B1243524200508N00102339EA0158801712
B1243534200505N00102342EA0158701711
B1243544200502N00102344EA0158601710
B1243554200497N00102347EA0158301707
B1243564200492N00102351EA0158001704
B1243574200486N00102354EA0157901702
B1243584200480N00102357EA0157801701
B1243594200475N00102360EA0157601700
B1244004200471N00102363EA0157601699
B1244014200466N00102367EA0157601698
B1244024200462N00102370EA0157301697
B1244034200457N00102373EA0157201695
B1244044200452N00102377EA0157001693
B1244054200447N00102382EA0156701691
B1244064200442N00102388EA0156501688
B1244074200437N00102393EA0156201684
B1244084200431N00102398EA0155501681
B1244094200425N00102402EA0155401677
B1244104200419N00102408EA0155101673
B1244114200413N00102415EA0154901671
B1244124200408N00102421EA0154801670
B1244134200403N00102426EA0154501668
B1244144200399N00102432EA0154401665
B1244154200394N00102437EA0154201662
B1244164200389N00102443EA0153701659
B1244174200383N00102449EA0153701657
B1244184200379N00102456EA0153401655
B1244194200375N00102463EA0153301654
B1244204200371N00102469EA0153301653
B1244214200366N00102475EA0153001650
B1244224200362N00102481EA0152801648
B1244234200358N00102487EA0152701646
B1244244200354N00102493EA0152501644
B1244254200349N00102499EA0152501643
B1244264200346N00102504EA0152301642
B1244274200342N00102509EA0152101641
B1244284200339N00102515EA0151701638
B1244294200335N00102521EA0151401634
B1244304200329N00102527EA0151201630
B1244314200323N00102532EA0151001627
B1244324200318N00102537EA0151001628
B1244334200314N00102542EA0151001629
B1244344200310N00102547EA0150901629
B1244354200308N00102552EA0150901628
B1244364200304N00102556EA0150701626
B1244374200300N00102561EA0150501623
B1244384200296N00102565EA0150201621
B1244394200292N00102571EA0150001619
B1244404200287N00102576EA0150001617
B1244414200283N00102581EA0149901616
B1244424200279N00102585EA0149901616
B1244434200276N00102588EA0149701614
B1244444200272N00102592EA0149401613
B1244454200269N00102596EA0149201611
B1244464200265N00102599EA0149001608
B1244474200261N00102603EA0148801606
B1244484200256N00102606EA0148701604
B1244494200252N00102609EA0148301601
B1244504200247N00102613EA0148201599
B1244514200242N00102617EA0148001597
B1244524200238N00102621EA0147901595
B1244534200233N00102625EA0147601593
B1244544200229N00102629EA0147601592
B1244554200225N00102633EA0147401591
B1244564200221N00102637EA0147401591
B1244574200217N00102642EA0147501591
B1244584200215N00102646EA0147401592
B1244594200213N00102650EA0147401591
B1245004200211N00102654EA0147101590
B1245014200208N00102657EA0147201588
B1245024200205N00102660EA0147201588
B1245034200201N00102662EA0147101588
B1245044200197N00102665EA0147301589
B1245054200194N00102669EA0147401591
B1245064200192N00102674EA0147401591
B1245074200191N00102677EA0147301591
B1245084200188N00102680EA0147101589
B1245094200185N00102683EA0146901586
B1245104200181N00102685EA0146801585
B1245114200178N00102688EA0146801585
B1245124200175N00102692EA0146801585
B1245134200172N00102696EA0146901585
B1245144200170N00102699EA0146901585
B1245154200168N00102701EA0146901586
B1245164200165N00102701EA0147201586
B1245174200162N00102701EA0147201587
B1245184200159N00102701EA0147001588
B1245194200156N00102702EA0146901587
B1245204200154N00102705EA0146801586
B1245214200151N00102707EA0146501583
B1245224200148N00102708EA0146401580
B1245234200144N00102709EA0146201579
B1245244200139N00102711EA0146301579
B1245254200135N00102714EA0146501581
B1245264200131N00102717EA0147001584
B1245274200128N00102719EA0146901586
B1245284200125N00102721EA0147001588
B1245294200121N00102723EA0147301589
B1245304200117N00102726EA0147501591
B1245314200114N00102730EA0147701593
B1245324200111N00102734EA0147701594
B1245334200110N00102740EA0147501594
B1245344200110N00102747EA0147501593
B1245354200110N00102753EA0147401592
B1245364200108N00102759EA0147501591
B1245374200105N00102762EA0147501592
B1245384200102N00102762EA0147601593
B1245394200100N00102762EA0147801594
B1245404200099N00102761EA0147901595
B1245414200097N00102759EA0147801594
B1245424200093N00102758EA0147401591
B1245434200089N00102756EA0147101590
B1245444200086N00102755EA0147101589
B1245454200085N00102752EA0146901587
B1245464200085N00102748EA0146901585
B1245474200087N00102743EA0146601583
B1245484200090N00102739EA0146601583
B1245494200094N00102737EA0146701583
B1245504200099N00102737EA0146501583
B1245514200103N00102737EA0146501581
B1245524200108N00102738EA0146301579
B1245534200115N00102740EA0146101577
B1245544200121N00102745EA0145901575
B1245554200127N00102750EA0145501572
B1245564200133N00102755EA0145501570
B1245574200138N00102761EA0145201569
B1245584200142N00102768EA0145201566
B1245594200146N00102776EA0145201565
B1246004200148N00102785EA0145101566
B1246014200148N00102794EA0145301567
B1246024200147N00102802EA0145301567
B1246034200145N00102810EA0145301568
B1246044200143N00102817EA0145501569
B1246054200140N00102824EA0145601570
B1246064200136N00102830EA0145901572
B1246074200132N00102835EA0146101574
B1246084200129N00102839EA0146201578
B1246094200127N00102842EA0146801583
B1246104200125N00102844EA0147301588
B1246114200124N00102846EA0147501591
B1246124200123N00102849EA0147701592
B1246134200122N00102851EA0147801594
B1246144200119N00102854EA0148001595
B1246154200116N00102856EA0148201597
B1246164200113N00102856EA0148401599
B1246174200111N00102854EA0148601601
B1246184200110N00102851EA0148701603
B1246194200111N00102847EA0148901605
B1246204200113N00102844EA0148701605
B1246214200117N00102842EA0148701604
B1246224200121N00102844EA0148001598
B1246234200126N00102851EA0147201590
B1246244200129N00102862EA0147301586
B1246254200131N00102874EA0147501588
B1246264200134N00102885EA0147801593
B1246274200138N00102894EA0148201596
B1246284200142N00102903EA0148701600
B1246294200145N00102912EA0149001603
B1246304200146N00102922EA0149201607
B1246314200144N00102931EA0149501610
B1246324200142N00102937EA0150001615
B1246334200139N00102941EA0150501620
B1246344200137N00102943EA0151001625
B1246354200135N00102944EA0151201629
B1246364200133N00102946EA0151701633
B1246374200131N00102948EA0152001637
B1246384200128N00102952EA0152401640
B1246394200126N00102955EA0152701644
B1246404200123N00102957EA0152801647
B1246414200121N00102957EA0153301651
B1246424200120N00102954EA0153801654
B1246434200123N00102951EA0153801656
B1246444200128N00102951EA0154301658
B1246454200134N00102952EA0154601661
B1246464200139N00102953EA0154801666
B1246474200144N00102954EA0155201669
B1246484200147N00102957EA0155201671
B1246494200151N00102962EA0155301671
B1246504200157N00102967EA0155501670
B1246514200165N00102973EA0155501673
B1246524200171N00102980EA0156001677
B1246534200174N00102989EA0156401681
B1246544200174N00102997EA0156501683
B1246554200172N00103002EA0156901686
B1246564200169N00103007EA0157401691
B1246574200168N00103010EA0157501695
B1246584200167N00103013EA0157901699
B1246594200166N00103016EA0158201701
B1247004200163N00103016EA0158401704
B1247014200161N00103016EA0158801706
B1247024200158N00103014EA0158901709
B1247034200156N00103013EA0159101711
B1247044200154N00103013EA0159001712
B1247054200152N00103012EA0158801710
B1247064200151N00103010EA0158401707
B1247074200150N00103008EA0158401705
B1247084200148N00103008EA0157901702
B1247094200145N00103010EA0157801700
B1247104200141N00103013EA0157501698
B1247114200138N00103014EA0157401696
B1247124200135N00103015EA0157001694
B1247134200131N00103017EA0156901690
B1247144200127N00103020EA0156601687
B1247154200122N00103023EA0156401685
B1247164200117N00103026EA0156201683
B1247174200113N00103030EA0155701680
B1247184200109N00103035EA0155301677
B1247194200105N00103040EA0155201674
B1247204200100N00103044EA0155001670
B1247214200095N00103046EA0154401665
B1247224200089N00103048EA0153901660
B1247234200082N00103051EA0153601656
B1247244200075N00103054EA0153501655
B1247254200068N00103058EA0153501654
B1247264200063N00103061EA0153301653
B1247274200058N00103064EA0153201652
B1247284200053N00103068EA0153001649
B1247294200048N00103072EA0152901647
B1247304200042N00103076EA0152601645
B1247314200037N00103081EA0152301643
B1247324200032N00103085EA0152101640
B1247334200026N00103089EA0151701637
B1247344200019N00103093EA0151601635
B1247354200013N00103098EA0151401633
B1247364200008N00103103EA0151301631
B1247374200002N00103108EA0151001629
B1247384159997N00103114EA0150601626
B1247394159991N00103119EA0150401623
B1247404159985N00103124EA0150201619
B1247414159979N00103129EA0149901616
B1247424159973N00103134EA0149701614
B1247434159967N00103139EA0149301611
B1247444159962N00103144EA0149001608
B1247454159956N00103149EA0148901605
B1247464159950N00103155EA0148501602
B1247474159944N00103160EA0148201599
B1247484159938N00103166EA0148101598
B1247494159933N00103171EA0147901596
B1247504159928N00103177EA0147601594
B1247514159924N00103183EA0147501591
B1247524159919N00103188EA0147301588
B1247534159913N00103194EA0146801585
B1247544159907N00103200EA0146601582
B1247554159902N00103205EA0146301579
B1247564159896N00103210EA0146201577
B1247574159890N00103215EA0146001575
B1247584159885N00103220EA0145901573
B1247594159879N00103225EA0145601571
B1248004159873N00103230EA0145501569
B1248014159868N00103235EA0145101566
B1248024159862N00103240EA0144901564
B1248034159856N00103245EA0144601561
B1248044159850N00103251EA0144401559
B1248054159844N00103256EA0144301556
B1248064159838N00103262EA0144001554
B1248074159832N00103267EA0143901552
B1248084159826N00103272EA0143701550
B1248094159821N00103277EA0143401548
B1248104159816N00103284EA0143001544
B1248114159810N00103290EA0142701541
B1248124159804N00103296EA0142301537
B1248134159797N00103302EA0142301534
B1248144159791N00103307EA0142001531
B1248154159785N00103313EA0141701530
B1248164159779N00103318EA0141601528
B1248174159773N00103324EA0141301526
B1248184159768N00103330EA0141201524
B1248194159763N00103336EA0141101522
B1248204159757N00103342EA0140701520
B1248214159752N00103347EA0140601518
B1248224159747N00103352EA0140401516
B1248234159742N00103357EA0140201514
B1248244159737N00103362EA0140001511
B1248254159732N00103367EA0139501507
B1248264159726N00103372EA0139201503
B1248274159720N00103377EA0139001500
B1248284159713N00103382EA0138701498
B1248294159708N00103386EA0138601496
B1248304159702N00103391EA0138401494
B1248314159697N00103396EA0138001491
B1248324159691N00103402EA0137801488
B1248334159684N00103407EA0137701486
B1248344159677N00103411EA0137501485
B1248354159671N00103415EA0137501484
B1248364159666N00103419EA0137301484
B1248374159661N00103424EA0137201483
B1248384159656N00103429EA0137101481
B1248394159651N00103433EA0136801478
B1248404159645N00103436EA0136701476
B1248414159640N00103440EA0136401473
B1248424159634N00103445EA0136201471
B1248434159628N00103450EA0136001469
B1248444159622N00103455EA0135901467
B1248454159617N00103459EA0135701465
B1248464159612N00103464EA0135301463
B1248474159607N00103469EA0135101460
B1248484159601N00103474EA0134801456
B1248494159596N00103480EA0134501453
B1248504159590N00103486EA0134201450
B1248514159584N00103492EA0134101448
B1248524159579N00103498EA0133701445
B1248534159574N00103504EA0133601443
B1248544159568N00103510EA0133301440
B1248554159563N00103516EA0132901437
B1248564159558N00103522EA0132701434
B1248574159552N00103528EA0132601432
B1248584159546N00103533EA0132301429
B1248594159541N00103539EA0132101427
B1249004159536N00103545EA0132001425
B1249014159530N00103552EA0131701422
B1249024159525N00103558EA0131401420
B1249034159520N00103565EA0131201417
B1249044159514N00103571EA0131101416
B1249054159509N00103577EA0131001415
B1249064159504N00103584EA0130901414
B1249074159500N00103590EA0130801413
B1249084159496N00103596EA0130701412
B1249094159491N00103601EA0130601411
B1249104159487N00103606EA0130601410
B1249114159482N00103611EA0130601410
B1249124159478N00103616EA0130401409
B1249134159475N00103622EA0130301408
B1249144159471N00103627EA0130201407
B1249154159467N00103632EA0130001405
B1249164159462N00103637EA0129901404
B1249174159458N00103642EA0129801403
B1249184159453N00103646EA0129701402
B1249194159450N00103650EA0129601401
B1249204159446N00103655EA0129501400
B1249214159442N00103660EA0129301398
B1249224159437N00103665EA0129101396
B1249234159433N00103670EA0129001394
B1249244159428N00103676EA0129001394
B1249254159424N00103681EA0128901394
B1249264159421N00103687EA0129001394
B1249274159417N00103691EA0128901393
B1249284159413N00103696EA0128801392
B1249294159409N00103700EA0128601390
B1249304159404N00103704EA0128501389
B1249314159400N00103709EA0128301387
B1249324159396N00103714EA0128201385
B1249334159391N00103720EA0127901384
B1249344159387N00103725EA0127901382
B1249354159382N00103730EA0127701382
B1249364159378N00103734EA0127701381
B1249374159374N00103738EA0127701379
B1249384159371N00103742EA0127301377
B1249394159366N00103747EA0127201375
B1249404159362N00103752EA0127001373
B1249414159358N00103756EA0126901371
B1249424159353N00103761EA0126601369
B1249434159348N00103766EA0126501368
B1249444159343N00103770EA0126301366
B1249454159338N00103775EA0126201365
B1249464159332N00103780EA0126201364
B1249474159328N00103786EA0126001364
B1249484159323N00103791EA0126101363
B1249494159319N00103796EA0125801362
B1249504159315N00103800EA0125901361
B1249514159310N00103806EA0125701359
B1249524159306N00103812EA0125601359
B1249534159302N00103817EA0125501358
B1249544159298N00103823EA0125401356
B1249554159294N00103829EA0125301354
B1249564159289N00103836EA0125201353
B1249574159285N00103844EA0125101353
B1249584159282N00103851EA0125201353
B1249594159279N00103859EA0125201353
B1250004159275N00103866EA0125201353
B1250014159272N00103872EA0125201353
B1250024159268N00103879EA0125001352
B1250034159265N00103887EA0124901350
B1250044159262N00103895EA0124701349
B1250054159258N00103902EA0124701349
B1250064159254N00103907EA0124601348
B1250074159250N00103913EA0124501347
B1250084159246N00103919EA0124601346
B1250094159243N00103926EA0124501346
B1250104159239N00103932EA0124501346
B1250114159235N00103938EA0124501346
B1250124159232N00103944EA0124501346
B1250134159228N00103950EA0124701347
B1250144159225N00103956EA0124801349
B1250154159222N00103962EA0124801350
B1250164159219N00103967EA0124801349
B1250174159217N00103971EA0124701348
B1250184159214N00103977EA0124601347
B1250194159211N00103982EA0124401345
B1250204159207N00103988EA0124301344
B1250214159204N00103994EA0124201344
B1250224159201N00103999EA0124101344
B1250234159197N00104005EA0124301343
B1250244159194N00104010EA0124201343
B1250254159191N00104016EA0124001341
B1250264159187N00104021EA0123901341
B1250274159184N00104027EA0124001340
B1250284159181N00104032EA0123901339
B1250294159178N00104038EA0123701338
B1250304159175N00104043EA0123401337
B1250314159171N00104049EA0123401335
B1250324159168N00104055EA0123101333
B1250334159164N00104062EA0123101332
B1250344159160N00104068EA0123101330
B1250354159156N00104073EA0122801329
B1250364159153N00104079EA0122701328
B1250374159149N00104085EA0122601327
B1250384159145N00104091EA0122501326
B1250394159141N00104096EA0122301324
B1250404159137N00104101EA0122201323
B1250414159132N00104107EA0122301323
B1250424159128N00104112EA0122401323
B1250434159124N00104117EA0122401324
B1250444159120N00104121EA0122601325
B1250454159117N00104124EA0122701326
B1250464159114N00104129EA0122401325
B1250474159111N00104134EA0122401323
B1250484159108N00104139EA0122301322
B1250494159104N00104143EA0122101322
B1250504159100N00104147EA0122101321
B1250514159096N00104152EA0122101321
B1250524159092N00104157EA0122001319
B1250534159088N00104162EA0121901319
B1250544159083N00104166EA0121901319
B1250554159079N00104168EA0121901319
B1250564159076N00104171EA0122001319
B1250574159072N00104174EA0121901319
B1250584159068N00104178EA0121801318
B1250594159063N00104181EA0121901318
B1251004159059N00104184EA0121801317
B1251014159054N00104186EA0121801317
B1251024159050N00104188EA0121701317
B1251034159045N00104191EA0121701316
B1251044159041N00104195EA0121601315
B1251054159037N00104198EA0121601314
B1251064159032N00104202EA0121401314
B1251074159028N00104205EA0121401314
B1251084159024N00104208EA0121301313
B1251094159020N00104212EA0121201312
B1251104159016N00104216EA0121101310
B1251114159011N00104220EA0121001309
B1251124159007N00104224EA0120901308
B1251134159002N00104227EA0120801307
B1251144158997N00104231EA0120701307
B1251154158993N00104235EA0120901308
B1251164158989N00104238EA0120901308
B1251174158985N00104241EA0120901308
B1251184158982N00104244EA0120801308
B1251194158978N00104247EA0120801307
B1251204158975N00104249EA0120801307
B1251214158971N00104252EA0120701306
B1251224158967N00104255EA0120701305
B1251234158963N00104259EA0120601304
B1251244158959N00104263EA0120401304
B1251254158955N00104268EA0120501303
B1251264158951N00104273EA0120501303
B1251274158947N00104278EA0120401303
B1251284158943N00104282EA0120401302
B1251294158939N00104285EA0120301301
B1251304158935N00104289EA0120101300
B1251314158931N00104294EA0120101299
B1251324158927N00104299EA0120101299
B1251334158923N00104304EA0120001299
B1251344158919N00104308EA0120101298
B1251354158915N00104311EA0120101298
B1251364158911N00104315EA0120001298
B1251374158908N00104319EA0120001298
B1251384158905N00104323EA0119801297
B1251394158901N00104328EA0119801296
B1251404158898N00104331EA0119701295
B1251414158894N00104334EA0119601294
B1251424158890N00104336EA0119701294
B1251434158887N00104340EA0119501294
B1251444158884N00104344EA0119501293
B1251454158881N00104348EA0119401292
B1251464158878N00104352EA0119301291
B1251474158875N00104355EA0118801289
B1251484158871N00104360EA0118901287
B1251494158867N00104364EA0118901286
B1251504158863N00104368EA0118901286
B1251514158860N00104372EA0119001287
B1251524158857N00104375EA0118901287
B1251534158855N00104379EA0118901287
B1251544158852N00104385EA0118801285
B1251554158850N00104391EA0118601283
B1251564158848N00104399EA0118401282
B1251574158846N00104407EA0118401280
B1251584158844N00104415EA0118201280
B1251594158843N00104423EA0118101279
B1252004158842N00104431EA0118201278
B1252014158841N00104440EA0118001277
B1252024158839N00104449EA0118001276
B1252034158838N00104459EA0117901275
B1252044158836N00104468EA0117901275
B1252054158834N00104476EA0117901275
B1252064158832N00104484EA0117901275
B1252074158829N00104491EA0117901275
B1252084158827N00104499EA0118001276
B1252094158826N00104506EA0117901275
B1252104158824N00104513EA0117801275
B1252114158821N00104521EA0117701274
B1252124158819N00104529EA0117701273
B1252134158817N00104536EA0117801274
B1252144158815N00104543EA0117701274
B1252154158814N00104549EA0117701274
B1252164158812N00104555EA0117601272
B1252174158810N00104561EA0117301271
B1252184158807N00104567EA0117201269
B1252194158805N00104575EA0117101267
B1252204158803N00104582EA0116901266
B1252214158800N00104589EA0116901265
B1252224158797N00104595EA0116601263
B1252234158794N00104601EA0116501262
B1252244158791N00104607EA0116301260
B1252254158789N00104615EA0116201258
B1252264158787N00104623EA0116001257
B1252274158786N00104633EA0115901256
B1252284158786N00104642EA0116001255
B1252294158786N00104650EA0115701254
B1252304158785N00104659EA0115601252
B1252314158784N00104668EA0115301250
B1252324158784N00104677EA0115401249
B1252334158784N00104687EA0115301248
B1252344158784N00104698EA0115401249
B1252354158784N00104708EA0115601251
B1252364158783N00104718EA0115801253
B1252374158783N00104726EA0115901255
B1252384158782N00104734EA0116001257
B1252394158783N00104743EA0116201258
B1252404158783N00104751EA0116501261
B1252414158783N00104758EA0116701262
B1252424158782N00104765EA0116801263
B1252434158782N00104772EA0116801264
B1252444158784N00104781EA0116701263
B1252454158788N00104791EA0116501262
B1252464158795N00104800EA0116701261
B1252474158804N00104807EA0117001264
B1252484158812N00104809EA0117201267
B1252494158819N00104810EA0117501271
B1252504158824N00104810EA0117801274
B1252514158830N00104811EA0117901275
B1252524158836N00104811EA0118001276
B1252534158841N00104809EA0118101277
B1252544158844N00104806EA0118201278
B1252554158846N00104803EA0118301280
B1252564158847N00104800EA0118401281
B1252574158846N00104800EA0118301281
B1252584158843N00104802EA0118501281
B1252594158841N00104806EA0118501282
B1253004158840N00104813EA0118601283
B1253014158840N00104822EA0118701284
B1253024158842N00104832EA0118901285
B1253034158847N00104841EA0119101287
B1253044158852N00104850EA0119301289
B1253054158858N00104857EA0119501292
B1253064158864N00104863EA0119701293
B1253074158872N00104867EA0119601293
B1253084158880N00104868EA0119701294
B1253094158887N00104868EA0120001296
B1253104158894N00104868EA0120101299
B1253114158900N00104868EA0120501302
B1253124158904N00104868EA0120301303
B1253134158908N00104868EA0120201301
B1253144158910N00104866EA0119901299
B1253154158912N00104863EA0119901296
B1253164158912N00104860EA0119701295
B1253174158911N00104858EA0119801296
B1253184158910N00104858EA0119901296
B1253194158909N00104860EA0119801296
B1253204158907N00104863EA0119601294
B1253214158904N00104866EA0119501292
B1253224158900N00104870EA0119701293
B1253234158896N00104874EA0119801295
B1253244158894N00104878EA0120201299
B1253254158893N00104881EA0120301301
B1253264158891N00104884EA0120301302
B1253274158890N00104888EA0120501302
B1253284158888N00104894EA0120401301
B1253294158889N00104902EA0120301301
B1253304158892N00104912EA0120301300
B1253314158899N00104920EA0120201299
B1253324158907N00104923EA0120201300
B1253334158915N00104922EA0120301301
B1253344158919N00104918EA0120401301
B1253354158921N00104915EA0120701303
B1253364158922N00104913EA0120701305
B1253374158923N00104911EA0120701306
B1253384158923N00104910EA0120701307
B1253394158922N00104909EA0120801306
B1253404158920N00104908EA0120801307
B1253414158918N00104908EA0120901308
B1253424158915N00104910EA0121001310
B1253434158913N00104913EA0121101311
B1253444158912N00104918EA0121301312
B1253454158911N00104924EA0121501313
B1253464158911N00104931EA0121401313
B1253474158911N00104939EA0121501314
B1253484158912N00104946EA0121701316
B1253494158915N00104954EA0121801317
B1253504158919N00104961EA0121701317
B1253514158923N00104968EA0121801317
B1253524158928N00104975EA0121901318
B1253534158935N00104981EA0121901318
B1253544158942N00104985EA0121901319
B1253554158950N00104987EA0122101320
B1253564158958N00104987EA0122001320
B1253574158965N00104986EA0122301321
B1253584158971N00104984EA0122301323
B1253594158976N00104982EA0122401324
B1254004158981N00104980EA0122701326
B1254014158985N00104978EA0122801327
B1254024158988N00104975EA0122801328
B1254034158990N00104972EA0123001329
B1254044158990N00104970EA0122801330
B1254054158990N00104968EA0122901330
B1254064158990N00104968EA0123101330
B1254074158987N00104968EA0123001330
B1254084158983N00104970EA0122901330
B1254094158980N00104973EA0123001331
B1254104158977N00104977EA0123301333
B1254114158976N00104981EA0123301334
B1254124158976N00104986EA0123401334
B1254134158976N00104993EA0123301333
B1254144158976N00105002EA0123301333
B1254154158978N00105011EA0123401333
B1254164158982N00105019EA0123401334
B1254174158988N00105026EA0123501335
B1254184158994N00105031EA0123701337
B1254194159000N00105036EA0123901338
B1254204159006N00105040EA0123901339
B1254214159013N00105045EA0124101340
B1254224159019N00105048EA0124301342
B1254234159026N00105050EA0124101342
B1254244159032N00105049EA0124101342
B1254254159036N00105046EA0124101342
B1254264159039N00105043EA0124101341
B1254274159040N00105040EA0123901341
B1254284159041N00105038EA0123901340
B1254294159043N00105035EA0124001340
B1254304159044N00105032EA0124001340
B1254314159045N00105029EA0124001341
B1254324159045N00105026EA0124101342
B1254334159045N00105024EA0124101342
B1254344159044N00105023EA0124201343
B1254354159044N00105022EA0124001342
B1254364159042N00105021EA0123901341
B1254374159040N00105022EA0124001340
B1254384159036N00105023EA0123901340
B1254394159033N00105025EA0124201341
B1254404159031N00105029EA0124001341
B1254414159028N00105034EA0123901341
B1254424159026N00105041EA0123901340
B1254434159026N00105050EA0123701339
B1254444159026N00105060EA0124001339
B1254454159027N00105069EA0123901339
B1254464159028N00105077EA0124001340
B1254474159030N00105086EA0124001340
B1254484159033N00105095EA0123901339
B1254494159037N00105103EA0123701338
B1254504159042N00105112EA0123701338
B1254514159048N00105119EA0123801338
B1254524159055N00105125EA0123901338
B1254534159061N00105130EA0123701338
B1254544159068N00105135EA0123701337
B1254554159075N00105139EA0123601337
B1254564159082N00105141EA0123501335
B1254574159090N00105141EA0123301333
B1254584159097N00105138EA0123201332
B1254594159102N00105134EA0123301332
B1255004159106N00105131EA0123201333
B1255014159110N00105129EA0123201332
B1255024159113N00105126EA0123001331
B1255034159116N00105122EA0123001329
B1255044159118N00105118EA0122701327
B1255054159119N00105114EA0122801327
B1255064159119N00105111EA0122801328
B1255074159119N00105109EA0122801328
B1255084159119N00105107EA0122601327
B1255094159117N00105106EA0122701326
B1255104159115N00105105EA0122401324
B1255114159113N00105105EA0122401323
B1255124159110N00105104EA0122401322
B1255134159108N00105105EA0122101322
B1255144159105N00105106EA0122101320
B1255154159103N00105109EA0122001318
B1255164159100N00105112EA0121701316
B1255174159096N00105115EA0121601315
B1255184159092N00105117EA0121601315
B1255194159090N00105119EA0121601315
B1255204159087N00105121EA0121501315
B1255214159084N00105124EA0121601314
B1255224159081N00105126EA0121501312
B1255234159078N00105129EA0121001309
B1255244159074N00105130EA0120901307
B1255254159072N00105132EA0120701305
B1255264159069N00105134EA0120401303
B1255274159066N00105136EA0120301301
B1255284159063N00105139EA0120001299
B1255294159060N00105142EA0119901298
B1255304159057N00105144EA0119901297
B1255314159054N00105147EA0119901297
B1255324159052N00105149EA0119801296
B1255334159049N00105152EA0119501294
B1255344159046N00105156EA0119501293
B1255354159043N00105160EA0119401291
B1255364159041N00105163EA0119201289
B1255374159038N00105167EA0119101288
B1255384159035N00105172EA0118901286
B1255394159032N00105176EA0118701284
B1255404159029N00105181EA0118501282
B1255414159025N00105187EA0118501282
B1255424159022N00105192EA0118501282
B1255434159020N00105197EA0118401282
B1255444159018N00105202EA0118501282
B1255454159016N00105206EA0118601281
B1255464159015N00105209EA0118501281
B1255474159012N00105213EA0118401280
B1255484159010N00105216EA0118501280
B1255494159007N00105219EA0118401281
B1255504159005N00105222EA0118501281
B1255514159003N00105225EA0118501282
B1255524159001N00105229EA0118501282
B1255534158999N00105232EA0118501282
B1255544158998N00105234EA0118501282
B1255554158996N00105237EA0118301281
B1255564158994N00105241EA0118301279
B1255574158992N00105245EA0118201278
B1255584158989N00105249EA0118101277
B1255594158986N00105253EA0118201278
B1256004158983N00105257EA0118201279
B1256014158981N00105261EA0118101279
B1256024158980N00105264EA0118301279
B1256034158979N00105266EA0118001278
B1256044158977N00105269EA0117901276
B1256054158975N00105272EA0117801274
B1256064158972N00105275EA0117601272
B1256074158970N00105278EA0117301271
B1256084158967N00105281EA0117401269
B1256094158964N00105285EA0117301268
B1256104158961N00105289EA0117101266
B1256114158958N00105292EA0116801265
B1256124158956N00105295EA0116701263
B1256134158954N00105298EA0116601262
B1256144158951N00105302EA0116601261
B1256154158949N00105306EA0116401260
B1256164158947N00105311EA0116401260
B1256174158945N00105315EA0116301259
B1256184158942N00105320EA0116201257
B1256194158940N00105324EA0116001255
B1256204158937N00105328EA0115801252
B1256214158934N00105333EA0115501250
B1256224158931N00105339EA0115501249
B1256234158928N00105344EA0115501248
B1256244158926N00105348EA0115301247
B1256254158923N00105351EA0115101246
B1256264158922N00105355EA0114901244
B1256274158920N00105358EA0114701241
B1256284158918N00105362EA0114301238
B1256294158915N00105366EA0114101235
B1256304158912N00105369EA0114001233
B1256314158909N00105372EA0113801232
B1256324158906N00105375EA0113601231
B1256334158904N00105378EA0113601230
B1256344158902N00105382EA0113301228
B1256354158899N00105386EA0113201225
B1256364158896N00105389EA0112801222
B1256374158892N00105393EA0112601219
B1256384158889N00105396EA0112601218
B1256394158886N00105400EA0112601218
B1256404158884N00105403EA0112501218
B1256414158883N00105406EA0112401217
B1256424158881N00105410EA0112201215
B1256434158879N00105413EA0112001213
B1256444158876N00105416EA0111901211
B1256454158874N00105420EA0111701210
B1256464158871N00105425EA0111701210
B1256474158869N00105429EA0111701209
B1256484158867N00105432EA0111401207
B1256494158865N00105435EA0111101205
B1256504158862N00105437EA0110801201
B1256514158858N00105440EA0110601197
B1256524158854N00105443EA0110301195
B1256534158849N00105447EA0110301194
B1256544158846N00105450EA0110101194
B1256554158844N00105452EA0110101194
B1256564158841N00105454EA0110101193
B1256574158839N00105457EA0109801190
B1256584158837N00105460EA0109601187
B1256594158835N00105463EA0109201184
B1257004158832N00105467EA0108701180
B1257014158829N00105472EA0108401176
B1257024158825N00105476EA0108301173
B1257034158821N00105481EA0108001171
B1257044158818N00105484EA0107901170
B1257054158815N00105488EA0107701168
B1257064158813N00105491EA0107401166
B1257074158810N00105495EA0107201162
B1257084158806N00105499EA0106901159
B1257094158802N00105502EA0106801156
B1257104158798N00105505EA0106701157
B1257114158796N00105509EA0106801157
B1257124158794N00105513EA0106701157
B1257134158792N00105516EA0106701156
B1257144158790N00105519EA0106601155
B1257154158787N00105521EA0106501152
B1257164158782N00105524EA0106501152
B1257174158779N00105526EA0106701155
B1257184158776N00105529EA0106801157
B1257194158775N00105531EA0107001159
B1257204158774N00105532EA0106901159
B1257214158773N00105534EA0106801157
B1257224158771N00105537EA0106401154
B1257234158767N00105540EA0106401152
B1257244158763N00105545EA0106501152
B1257254158760N00105548EA0106601154
B1257264158757N00105550EA0106801157
B1257274158756N00105553EA0106701157
B1257284158755N00105555EA0106601156
B1257294158753N00105558EA0106501154
B1257304158750N00105560EA0106301153
B1257314158747N00105563EA0106301152
B1257324158744N00105567EA0106401152
B1257334158742N00105570EA0106301152
B1257344158740N00105572EA0106301152
B1257354158737N00105575EA0106101150
B1257364158735N00105578EA0106001148
B1257374158732N00105581EA0105801146
B1257384158728N00105584EA0105801146
B1257394158725N00105586EA0105801146
B1257404158723N00105588EA0105901146
B1257414158721N00105589EA0105801146
B1257424158719N00105590EA0105701146
B1257434158717N00105593EA0105801145
B1257444158714N00105595EA0105701145
B1257454158711N00105598EA0105701145
B1257464158708N00105600EA0105601145
B1257474158706N00105602EA0105601144
B1257484158703N00105603EA0105501143
B1257494158700N00105605EA0105401142
B1257504158697N00105606EA0105301141
B1257514158694N00105608EA0105301141
B1257524158691N00105610EA0105201141
B1257534158688N00105612EA0105401141
B1257544158686N00105612EA0105101140
B1257554158683N00105612EA0105201139
B1257564158681N00105611EA0105201139
B1257574158679N00105610EA0105401141
B1257584158677N00105609EA0105801145
B1257594158676N00105609EA0106001148
B1258004158676N00105608EA0106201150
B1258014158675N00105607EA0106301151
B1258024158673N00105605EA0106401153
B1258034158671N00105605EA0106701154
B1258044158668N00105605EA0106901156
B1258054158665N00105606EA0107301160
B1258064158662N00105606EA0107501165
B1258074158660N00105605EA0108201170
B1258084158658N00105605EA0108701175
B1258094158657N00105603EA0109101180
B1258104158655N00105602EA0109501184
B1258114158654N00105599EA0110001188
B1258124158652N00105597EA0110101192
B1258134158651N00105596EA0110401196
B1258144158652N00105596EA0110801198
B1258154158652N00105597EA0110901199
B1258164158651N00105601EA0110801199
B1258174158650N00105606EA0110701199
B1258184158651N00105614EA0110801199
B1258194158653N00105623EA0110901200
B1258204158659N00105631EA0111001201
B1258214158666N00105636EA0111001201
B1258224158674N00105639EA0111101203
B1258234158682N00105639EA0111301204
B1258244158689N00105639EA0111301206
B1258254158695N00105638EA0111601206
B1258264158702N00105636EA0111701208
B1258274158707N00105633EA0112001211
B1258284158711N00105630EA0112201213
B1258294158714N00105627EA0112201214
B1258304158716N00105623EA0112301216
B1258314158717N00105619EA0112501218
B1258324158717N00105615EA0113001220
B1258334158717N00105611EA0113101223
B1258344158718N00105607EA0113501227
B1258354158718N00105604EA0113801230
B1258364158719N00105601EA0114001233
B1258374158718N00105598EA0114201235
B1258384158716N00105597EA0114101235
B1258394158714N00105596EA0114301236
B1258404158712N00105599EA0114501238
B1258414158711N00105603EA0114601239
B1258424158711N00105609EA0114701240
B1258434158714N00105616EA0114601240
B1258444158718N00105624EA0114501239
B1258454158724N00105630EA0114701240
B1258464158730N00105635EA0114601240
B1258474158738N00105637EA0114701239
B1258484158745N00105637EA0114501239
B1258494158752N00105635EA0114701239
B1258504158758N00105630EA0114501240
B1258514158762N00105625EA0115001243
B1258524158766N00105621EA0115301246
B1258534158769N00105618EA0115401248
B1258544158773N00105615EA0115501249
B1258554158776N00105611EA0115601249
B1258564158779N00105606EA0115701250
B1258574158782N00105600EA0115901253
B1258584158785N00105596EA0116001255
B1258594158787N00105594EA0116101256
B1259004158790N00105591EA0115901255
B1259014158791N00105587EA0115801253
B1259024158792N00105580EA0115701251
B1259034158793N00105572EA0115901252
B1259044158792N00105566EA0116301256
B1259054158791N00105560EA0116601259
B1259064158791N00105555EA0116701263
B1259074158792N00105551EA0116901265
B1259084158792N00105546EA0117101266
B1259094158791N00105542EA0117201268
B1259104158789N00105540EA0117501269
B1259114158787N00105540EA0117401271
B1259124158785N00105541EA0117801273
B1259134158785N00105542EA0118001275
B1259144158784N00105543EA0118001276
B1259154158783N00105547EA0118001275
B1259164158783N00105553EA0117901274
B1259174158785N00105560EA0117901274
B1259184158788N00105568EA0118001275
B1259194158792N00105574EA0118001275
B1259204158798N00105579EA0117901275
B1259214158805N00105583EA0118101274
B1259224158814N00105584EA0118001274
B1259234158822N00105583EA0118101275
B1259244158829N00105579EA0118301278
B1259254158834N00105576EA0118501281
B1259264158838N00105573EA0118501282
B1259274158842N00105569EA0118501282
B1259284158846N00105566EA0118501282
B1259294158849N00105561EA0118501282
B1259304158851N00105556EA0118601282
B1259314158852N00105550EA0118701283
B1259324158851N00105546EA0118701284
B1259334158851N00105543EA0118701284
B1259344158850N00105540EA0118501282
B1259354158848N00105537EA0118401280
B1259364158845N00105532EA0118201279
B1259374158841N00105530EA0118101278
B1259384158836N00105530EA0118001277
B1259394158833N00105535EA0117801275
B1259404158832N00105543EA0117801273
B1259414158832N00105550EA0117801273
B1259424158832N00105556EA0117601272
B1259434158831N00105562EA0117701272
B1259444158829N00105569EA0117601272
B1259454158828N00105576EA0117701272
B1259464158828N00105582EA0117801273
B1259474158828N00105589EA0117901274
B1259484158828N00105594EA0117901275
B1259494158827N00105598EA0117901276
B1259504158825N00105602EA0118101277
B1259514158823N00105606EA0118201277
B1259524158822N00105609EA0118301278
B1259534158820N00105613EA0118301279
B1259544158817N00105615EA0118401280
B1259554158815N00105617EA0118301280
B1259564158813N00105617EA0118301279
B1259574158811N00105618EA0118301279
B1259584158809N00105622EA0118101277
B1259594158809N00105628EA0117901275
B1300004158810N00105637EA0117901275
B1300014158814N00105646EA0118001276
B1300024158819N00105653EA0118201277
B1300034158826N00105658EA0117901277
B1300044158833N00105662EA0117801275
B1300054158841N00105664EA0117701274
B1300064158848N00105665EA0117601273
B1300074158856N00105665EA0117601273
B1300084158863N00105663EA0117501272
B1300094158868N00105658EA0117601271
B1300104158871N00105653EA0117301271
B1300114158872N00105648EA0117401271
B1300124158873N00105644EA0117701272
B1300134158873N00105641EA0117501273
B1300144158873N00105639EA0117701274
B1300154158873N00105637EA0117601273
B1300164158873N00105634EA0117501272
B1300174158872N00105631EA0117501271
B1300184158871N00105628EA0117401270
B1300194158870N00105624EA0117301269
B1300204158868N00105620EA0117201269
B1300214158866N00105617EA0117301270
B1300224158864N00105615EA0117401270
B1300234158862N00105614EA0117301270
B1300244158860N00105612EA0117401270
B1300254158857N00105610EA0117301269
B1300264158854N00105610EA0117201269
B1300274158850N00105610EA0117201268
B1300284158846N00105611EA0117101267
B1300294158843N00105613EA0117001266
B1300304158840N00105615EA0116801265
B1300314158837N00105618EA0116601263
B1300324158833N00105621EA0116601262
B1300334158829N00105624EA0116501261
B1300344158825N00105627EA0116401260
B1300354158821N00105630EA0116201258
B1300364158817N00105633EA0116001255
B1300374158812N00105638EA0115901254
B1300384158808N00105644EA0115901254
B1300394158805N00105649EA0116101255
B1300404158803N00105653EA0116201256
B1300414158801N00105656EA0116201257
B1300424158800N00105659EA0115801255
B1300434158798N00105663EA0115901253
B1300444158795N00105667EA0115601251
B1300454158791N00105671EA0115301248
B1300464158788N00105675EA0115301247
B1300474158785N00105679EA0115201246
B1300484158782N00105684EA0115001245
B1300494158780N00105690EA0115001244
B1300504158777N00105696EA0114901243
B1300514158775N00105701EA0114701242
B1300524158772N00105706EA0114701241
B1300534158769N00105711EA0114601240
B1300544158766N00105716EA0114501239
B1300554158763N00105721EA0114301238
B1300564158760N00105726EA0114401237
B1300574158758N00105732EA0114301236
B1300584158756N00105737EA0114001235
B1300594158753N00105743EA0114001233
B1301004158751N00105748EA0113901232
B1301014158749N00105753EA0113601229
B1301024158746N00105759EA0113401227
B1301034158743N00105765EA0113301226
B1301044158740N00105770EA0113101225
B1301054158738N00105776EA0113101223
B1301064158735N00105781EA0112801221
B1301074158732N00105786EA0112601219
B1301084158728N00105792EA0112401216
B1301094158724N00105798EA0112401215
B1301104158720N00105804EA0112301215
B1301114158716N00105809EA0112501217
B1301124158714N00105814EA0112601218
B1301134158711N00105818EA0112501217
B1301144158710N00105824EA0112301216
B1301154158707N00105829EA0112401215
B1301164158704N00105835EA0112101213
B1301174158700N00105841EA0112101213
B1301184158697N00105846EA0112201213
B1301194158694N00105852EA0112201214
B1301204158691N00105857EA0112201215
B1301214158689N00105861EA0112301214
B1301224158686N00105866EA0112001212
B1301234158683N00105871EA0111801210
B1301244158679N00105875EA0111801209
B1301254158675N00105880EA0111701209
B1301264158672N00105884EA0111701209
B1301274158669N00105887EA0111801209
B1301284158666N00105891EA0111601209
B1301294158662N00105894EA0111601208
B1301304158659N00105898EA0111601207
B1301314158655N00105902EA0111501206
B1301324158652N00105905EA0111501206
B1301334158649N00105908EA0111501206
B1301344158646N00105911EA0111501206
B1301354158644N00105914EA0111401205
B1301364158641N00105917EA0111301204
B1301374158638N00105921EA0111101203
B1301384158635N00105924EA0111101202
B1301394158631N00105928EA0111101201
B1301404158628N00105932EA0111001201
B1301414158624N00105936EA0111001200
B1301424158621N00105939EA0110901200
B1301434158618N00105941EA0110901199
B1301444158615N00105944EA0110801199
B1301454158612N00105947EA0110701198
B1301464158610N00105950EA0110401196
B1301474158608N00105953EA0110201193
B1301484158605N00105955EA0110101191
B1301494158602N00105958EA0109701187
B1301504158598N00105961EA0109401185
B1301514158594N00105963EA0109301183
B1301524158591N00105966EA0109001181
B1301534158587N00105969EA0109001180
B1301544158584N00105971EA0108901178
B1301554158581N00105973EA0108601176
B1301564158578N00105975EA0108401174
B1301574158575N00105978EA0108101172
B1301584158573N00105980EA0107801169
B1301594158569N00105982EA0107701165
B1302004158566N00105984EA0107301161
B1302014158561N00105986EA0106901158
B1302024158557N00105987EA0106701156
B1302034158553N00105989EA0106701155
B1302044158550N00105989EA0106501153
B1302054158547N00105989EA0106201151
B1302064158544N00105989EA0105901148
B1302074158540N00105989EA0105501145
B1302084158537N00105989EA0105301141
B1302094158532N00105989EA0105101138
B1302104158528N00105988EA0105001136
B1302114158524N00105988EA0104801135
B1302124158520N00105987EA0104701134
B1302134158517N00105987EA0104601133
B1302144158514N00105986EA0104301131
B1302154158510N00105986EA0104101129
B1302164158507N00105985EA0103901127
B1302174158503N00105985EA0103701124
B1302184158499N00105985EA0103601122
B1302194158495N00105985EA0103301121
B1302204158492N00105985EA0103201119
B1302214158488N00105984EA0103001117
B1302224158485N00105983EA0102801115
B1302234158481N00105983EA0102701113
B1302244158478N00105982EA0102401112
B1302254158474N00105983EA0102401110
B1302264158470N00105982EA0102301108
B1302274158467N00105982EA0101901106
B1302284158463N00105981EA0101701104
B1302294158460N00105980EA0101601102
B1302304158456N00105980EA0101401100
B1302314158453N00105979EA0101301098
B1302324158449N00105978EA0101201096
B1302334158445N00105977EA0100901094
B1302344158441N00105975EA0100701092
B1302354158438N00105973EA0100601092
B1302364158434N00105972EA0100601091
B1302374158431N00105971EA0100501090
B1302384158428N00105970EA0100301089
B1302394158425N00105969EA0100101088
B1302404158423N00105968EA0100301087
B1302414158420N00105967EA0100001086
B1302424158418N00105966EA0099801084
B1302434158416N00105966EA0099701082
B1302444158414N00105966EA0099301080
B1302454158411N00105965EA0099301077
B1302464158409N00105964EA0098901075
B1302474158407N00105964EA0098801072
B1302484158404N00105964EA0098601070
B1302494158401N00105964EA0098401068
B1302504158398N00105964EA0098201066
B1302514158396N00105964EA0097801063
B1302524158393N00105964EA0097501060
B1302534158390N00105965EA0097301056
B1302544158387N00105966EA0096801052
B1302554158384N00105966EA0096601049
B1302564158381N00105965EA0096301046
B1302574158377N00105963EA0096001043
B1302584158373N00105961EA0096001042
B1302594158368N00105960EA0096001042
B1303004158365N00105960EA0096001043
B1303014158362N00105959EA0096301044
B1303024158360N00105957EA0096401045
B1303034158358N00105955EA0096401046
B1303044158356N00105954EA0096301047
B1303054158354N00105953EA0096601047
B1303064158352N00105952EA0096501046
B1303074158349N00105951EA0096501047
B1303084158346N00105950EA0096601048
B1303094158344N00105949EA0096601049
B1303104158342N00105949EA0096901050
B1303114158340N00105948EA0096801049
B1303124158339N00105948EA0096701049
B1303134158338N00105947EA0096701049
B1303144158337N00105946EA0096601049
B1303154158336N00105945EA0096501048
B1303164158335N00105944EA0096401047
B1303174158333N00105943EA0096401046
B1303184158330N00105942EA0096501046
B1303194158328N00105940EA0096701048
B1303204158325N00105939EA0096701050
B1303214158324N00105939EA0096901051
B1303224158322N00105939EA0097001052
B1303234158321N00105938EA0097001052
B1303244158319N00105936EA0097001052
B1303254158317N00105934EA0097001052
B1303264158315N00105933EA0097101053
B1303274158313N00105932EA0097101054
B1303284158311N00105930EA0097401055
B1303294158309N00105928EA0097501057
B1303304158307N00105927EA0097801059
B1303314158304N00105924EA0097901063
B1303324158302N00105923EA0098401066
B1303334158300N00105923EA0098601070
B1303344158299N00105924EA0098901072
B1303354158297N00105926EA0099001074
B1303364158296N00105927EA0099101075
B1303374158295N00105925EA0099101074
B1303384158295N00105921EA0099001073
B1303394158296N00105916EA0098801072
B1303404158300N00105911EA0098801072
B1303414158305N00105908EA0098701070
B1303424158313N00105907EA0098501068
B1303434158321N00105907EA0098301066
B1303444158329N00105908EA0098301066
B1303454158336N00105910EA0098601066
B1303464158343N00105913EA0098501067
B1303474158349N00105917EA0098501068
B1303484158354N00105920EA0098601069
B1303494158360N00105923EA0098501069
B1303504158366N00105928EA0098701068
B1303514158372N00105934EA0099001070
B1303524158377N00105941EA0099201074
B1303534158381N00105947EA0099401077
B1303544158384N00105952EA0099701080
B1303554158388N00105958EA0099901082
B1303564158392N00105965EA0100101084
B1303574158394N00105972EA0100201085
B1303584158394N00105978EA0100301086
B1303594158391N00105982EA0100301086
B1304004158387N00105983EA0100601089
B1304014158384N00105983EA0100801091
B1304024158382N00105981EA0101001094
B1304034158380N00105979EA0101001095
B1304044158380N00105975EA0101001094
B1304054158381N00105970EA0100801093
B1304064158383N00105966EA0100901092
B1304074158387N00105961EA0100701091
B1304084158393N00105957EA0100601089
B1304094158399N00105954EA0100501089
B1304104158406N00105952EA0100501089
B1304114158412N00105950EA0100401088
B1304124158418N00105949EA0100301087
B1304134158426N00105947EA0100301086
B1304144158433N00105947EA0100301087
B1304154158441N00105948EA0100601090
B1304164158447N00105949EA0100901093
B1304174158454N00105950EA0101001095
B1304184158460N00105950EA0101201095
B1304194158467N00105949EA0101401097
B1304204158475N00105949EA0101601100
B1304214158482N00105949EA0101801103
B1304224158489N00105949EA0102201106
B1304234158495N00105949EA0102301109
B1304244158501N00105948EA0102501110
B1304254158508N00105947EA0102701113
B1304264158515N00105949EA0102901115
B1304274158522N00105953EA0103001116
B1304284158527N00105958EA0103001117
B1304294158531N00105965EA0102901116
B1304304158534N00105972EA0102801115
B1304314158537N00105981EA0102901114
B1304324158539N00105989EA0103101116
B1304334158540N00105996EA0103401118
B1304344158539N00106002EA0103401120
B1304354158536N00106005EA0103501121
B1304364158534N00106006EA0103701123
B1304374158532N00106004EA0103801125
B1304384158530N00106002EA0104101127
B1304394158529N00105999EA0104301129
B1304404158528N00105996EA0104601131
B1304414158528N00105992EA0104701133
B1304424158529N00105988EA0104701133
B1304434158531N00105983EA0104901134
B1304444158533N00105977EA0104901135
B1304454158537N00105972EA0105001137
B1304464158542N00105969EA0105201138
B1304474158548N00105966EA0105201139
B1304484158554N00105964EA0105401141
B1304494158562N00105963EA0105701144
B1304504158569N00105962EA0106101148
B1304514158575N00105961EA0106401151
B1304524158582N00105961EA0106501154
B1304534158588N00105962EA0106701155
B1304544158595N00105964EA0106801156
B1304554158601N00105968EA0106901157
B1304564158607N00105975EA0106901157
B1304574158612N00105982EA0106901158
B1304584158614N00105990EA0106801157
B1304594158614N00105997EA0106501155
B1305004158612N00106001EA0106301152
B1305014158608N00106002EA0106401152
B1305024158606N00106000EA0106901155
B1305034158605N00105999EA0106901159
B1305044158606N00105998EA0107301163
B1305054158607N00105997EA0107701165
B1305064158608N00105994EA0107701165
B1305074158609N00105989EA0107801167
B1305084158611N00105983EA0108301169
B1305094158616N00105978EA0108101172
B1305104158623N00105976EA0108501175
B1305114158631N00105977EA0108701177
B1305124158637N00105982EA0109201180
B1305134158642N00105988EA0109301183
B1305144158645N00105994EA0109401185
B1305154158647N00106000EA0109501186
B1305164158648N00106006EA0109501186
B1305174158647N00106011EA0109501186
B1305184158645N00106014EA0109701186
B1305194158643N00106017EA0109701188
B1305204158640N00106019EA0109901190
B1305214158639N00106020EA0110101193
B1305224158638N00106020EA0110201193
B1305234158638N00106018EA0110201192
B1305244158639N00106013EA0109901191
B1305254158640N00106009EA0110001191
B1305264158642N00106004EA0110101191
B1305274158646N00106000EA0109901190
B1305284158651N00105996EA0109701189
B1305294158657N00105992EA0109801188
B1305304158664N00105989EA0109801189
B1305314158671N00105987EA0110001190
B1305324158678N00105986EA0110201193
B1305334158684N00105985EA0110601195
B1305344158690N00105984EA0110701198
B1305354158696N00105985EA0110901200
B1305364158702N00105986EA0110901201
B1305374158708N00105990EA0110901201
B1305384158714N00105995EA0111101201
B1305394158719N00106002EA0111201203
B1305404158723N00106010EA0111501205
B1305414158724N00106017EA0111601207
B1305424158724N00106023EA0111701208
B1305434158723N00106027EA0111701209
B1305444158721N00106029EA0111801210
B1305454158718N00106028EA0112001211
B1305464158717N00106025EA0112301213
B1305474158718N00106020EA0112301215
B1305484158719N00106014EA0112501217
B1305494158723N00106009EA0112801219
B1305504158728N00106005EA0112901221
B1305514158733N00106002EA0113001222
B1305524158740N00106001EA0113001223
B1305534158747N00106003EA0113101224
B1305544158753N00106007EA0113201225
B1305554158759N00106014EA0113401225
B1305564158763N00106022EA0113401226
B1305574158765N00106030EA0113501227
B1305584158765N00106038EA0113701229
B1305594158764N00106043EA0113701230
B1306004158762N00106047EA0114001232
B1306014158760N00106049EA0114301234
B1306024158758N00106051EA0114501237
B1306034158757N00106054EA0114601239
B1306044158756N00106055EA0114601240
B1306054158755N00106055EA0114501240
B1306064158755N00106053EA0114301238
B1306074158755N00106048EA0114301236
B1306084158756N00106042EA0114101235
B1306094158759N00106037EA0114201235
B1306104158764N00106032EA0114201236
B1306114158769N00106028EA0114201236
B1306124158776N00106024EA0114501237
B1306134158781N00106022EA0114601240
B1306144158787N00106020EA0114901243
B1306154158793N00106018EA0115101245
B1306164158799N00106017EA0115301247
B1306174158805N00106015EA0115401249
B1306184158812N00106014EA0115601250
B1306194158819N00106015EA0115601250
B1306204158827N00106018EA0115701250
B1306214158835N00106024EA0115801252
B1306224158840N00106032EA0116001254
B1306234158843N00106040EA0116201256
B1306244158844N00106047EA0116101257
B1306254158844N00106054EA0116301257
B1306264158842N00106059EA0116401259
B1306274158840N00106061EA0116601261
B1306284158839N00106062EA0116801263
B1306294158838N00106061EA0116901264
B1306304158836N00106060EA0117101266
B1306314158835N00106057EA0117201267
B1306324158835N00106053EA0117401268
B1306334158836N00106048EA0117501270
B1306344158838N00106042EA0117701271
B1306354158842N00106038EA0117901274
B1306364158847N00106034EA0117901276
B1306374158851N00106031EA0118201279
B1306384158856N00106029EA0118301280
B1306394158861N00106027EA0118401280
B1306404158868N00106026EA0118401281
B1306414158874N00106027EA0118401281
B1306424158881N00106031EA0118501281
B1306434158887N00106038EA0118601282
B1306444158890N00106046EA0118801284
B1306454158893N00106053EA0118901285
B1306464158895N00106060EA0119001288
B1306474158895N00106066EA0119201289
B1306484158894N00106072EA0119301290
B1306494158892N00106075EA0119401291
B1306504158889N00106077EA0119501292
B1306514158887N00106077EA0119701294
B1306524158884N00106078EA0119901297
B1306534158882N00106078EA0120201299
B1306544158881N00106078EA0120201300
B1306554158881N00106075EA0120001299
B1306564158881N00106070EA0120101298
B1306574158882N00106064EA0120301300
B1306584158886N00106058EA0120501302
B1306594158892N00106054EA0120601304
B1307004158897N00106052EA0120801306
B1307014158903N00106052EA0120901307
B1307024158909N00106053EA0120901308
B1307034158915N00106056EA0120901307
B1307044158922N00106061EA0120801307
B1307054158927N00106067EA0121001307
B1307064158931N00106075EA0121101309
B1307074158934N00106083EA0121401311
B1307084158935N00106090EA0121401312
B1307094158935N00106096EA0121301312
B1307104158933N00106101EA0121501313
B1307114158930N00106103EA0121501313
B1307124158927N00106103EA0121601314
B1307134158925N00106100EA0121701316
B1307144158924N00106096EA0121901317
B1307154158925N00106091EA0122001318
B1307164158928N00106086EA0122001319
B1307174158931N00106081EA0122201319
B1307184158936N00106076EA0122401320
B1307194158942N00106072EA0122401322
B1307204158949N00106070EA0122601324
B1307214158956N00106069EA0122601325
B1307224158963N00106069EA0122701326
B1307234158969N00106071EA0122801326
B1307244158975N00106074EA0122701327
B1307254158981N00106080EA0122801326
B1307264158986N00106086EA0122901327
B1307274158990N00106094EA0122901328
B1307284158993N00106101EA0123001329
B1307294158994N00106109EA0123201330
B1307304158995N00106116EA0123201331
B1307314158994N00106122EA0123301332
B1307324158994N00106129EA0123401333
B1307334158992N00106134EA0123501333
B1307344158989N00106137EA0123601335
B1307354158987N00106139EA0123801336
B1307364158985N00106140EA0123801338
B1307374158984N00106140EA0124001340
B1307384158983N00106139EA0124001340
B1307394158981N00106137EA0123901340
B1307404158980N00106135EA0124001339
B1307414158977N00106132EA0123901338
B1307424158975N00106129EA0123801338
B1307434158972N00106125EA0124001340
B1307444158971N00106121EA0124301342
B1307454158970N00106117EA0124501344
B1307464158970N00106113EA0124601346
B1307474158969N00106108EA0124701346
B1307484158967N00106104EA0124601346
B1307494158965N00106100EA0124701347
B1307504158964N00106096EA0124901349
B1307514158963N00106093EA0125001350
B1307524158963N00106090EA0124901350
B1307534158962N00106087EA0124901349
B1307544158961N00106084EA0124801349
B1307554158959N00106081EA0124501347
B1307564158958N00106078EA0124501346
B1307574158956N00106075EA0124301343
B1307584158954N00106071EA0124001341
B1307594158951N00106069EA0124001340
B1308004158948N00106068EA0123701338
B1308014158944N00106069EA0123601337
B1308024158940N00106071EA0123601335
B1308034158936N00106072EA0123401333
B1308044158932N00106073EA0123201331
B1308054158927N00106073EA0123001330
B1308064158922N00106074EA0122901328
B1308074158918N00106076EA0122801327
B1308084158913N00106078EA0122901327
B1308094158909N00106079EA0122801327
B1308104158906N00106079EA0122701327
B1308114158903N00106079EA0122901328
B1308124158901N00106080EA0123001329
B1308134158899N00106081EA0123101330
B1308144158898N00106082EA0123101331
B1308154158898N00106082EA0123201331
B1308164158897N00106082EA0123101331
B1308174158896N00106081EA0123101330
B1308184158895N00106081EA0123201331
B1308194158894N00106080EA0123201332
B1308204158893N00106080EA0123201333
B1308214158893N00106081EA0123201333
B1308224158893N00106081EA0123101332
B1308234158893N00106081EA0123001330
B1308244158892N00106080EA0122901328
B1308254158890N00106080EA0122701327
B1308264158888N00106081EA0122701326
B1308274158886N00106082EA0122701326
B1308284158884N00106083EA0122601325
B1308294158883N00106084EA0122601324
B1308304158882N00106086EA0122301322
B1308314158880N00106088EA0122101320
B1308324158878N00106090EA0122101319
B1308334158877N00106091EA0122001319
B1308344158876N00106092EA0122001318
B1308354158875N00106094EA0122001318
B1308364158874N00106096EA0121901317
B1308374158873N00106098EA0121801316
B1308384158871N00106100EA0121901316
B1308394158869N00106102EA0121801316
B1308404158868N00106103EA0121701316
B1308414158866N00106105EA0121801316
B1308424158864N00106107EA0121801316
B1308434158862N00106109EA0121801316
B1308444158860N00106111EA0122001317
B1308454158857N00106112EA0122001318
B1308464158855N00106112EA0122101320
B1308474158853N00106113EA0122401322
B1308484158852N00106114EA0122501324
B1308494158851N00106115EA0122701325
B1308504158851N00106116EA0122601326
B1308514158850N00106117EA0122401325
B1308524158848N00106117EA0122601324
B1308534158845N00106116EA0122501323
B1308544158842N00106115EA0122401322
B1308554158839N00106115EA0122401322
B1308564158835N00106117EA0122501324
B1308574158832N00106120EA0122701326
B1308584158830N00106120EA0122901328
B1308594158829N00106119EA0123101330
B1309004158829N00106118EA0123301332
B1309014158828N00106118EA0123301333
B1309024158827N00106118EA0123401333
B1309034158825N00106119EA0123501334
B1309044158823N00106118EA0123701335
B1309054158821N00106117EA0123801337
B1309064158820N00106118EA0124101339
B1309074158818N00106119EA0123901339
B1309084158816N00106120EA0124101340
B1309094158813N00106121EA0124301341
B1309104158810N00106121EA0124501344
B1309114158808N00106120EA0125001347
B1309124158807N00106120EA0125101350
B1309134158806N00106120EA0125501353
B1309144158804N00106120EA0125701355
B1309154158802N00106122EA0125701357
B1309164158800N00106124EA0125901359
B1309174158798N00106127EA0125801360
B1309184158796N00106128EA0126001360
B1309194158794N00106129EA0126001361
B1309204158792N00106130EA0126101362
B1309214158791N00106129EA0126301364
B1309224158791N00106128EA0126401365
B1309234158792N00106125EA0126401364
B1309244158795N00106122EA0126301363
B1309254158799N00106119EA0126201362
B1309264158804N00106116EA0126101361
B1309274158810N00106116EA0126001361
B1309284158818N00106118EA0125801359
B1309294158825N00106122EA0125801358
B1309304158832N00106127EA0125601357
B1309314158839N00106134EA0125601356
B1309324158844N00106143EA0125501356
B1309334158848N00106153EA0125501356
B1309344158850N00106163EA0125601357
B1309354158853N00106173EA0125701358
B1309364158855N00106182EA0125901360
B1309374158856N00106190EA0126001361
B1309384158857N00106198EA0126001361
B1309394158856N00106206EA0126101361
B1309404158855N00106213EA0126101363
B1309414158855N00106220EA0126401365
B1309424158854N00106225EA0126601367
B1309434158854N00106229EA0126601369
B1309444158854N00106233EA0126701369
B1309454158853N00106236EA0126601368
B1309464158851N00106239EA0126601368
B1309474158850N00106239EA0126601367
B1309484158850N00106237EA0126501367
B1309494158852N00106234EA0126501367
B1309504158856N00106231EA0126601368
B1309514158861N00106229EA0126601368
B1309524158865N00106229EA0126601368
B1309534158870N00106229EA0126401367
B1309544158875N00106229EA0126301365
B1309554158881N00106227EA0126201364
B1309564158888N00106227EA0126201363
B1309574158895N00106230EA0126001362
B1309584158902N00106236EA0125801359
B1309594158907N00106245EA0125801358
B1310004158910N00106255EA0125501357
B1310014158910N00106264EA0125601357
B1310024158909N00106270EA0125701358
B1310034158908N00106275EA0125701359
B1310044158907N00106278EA0125701359
B1310054158905N00106282EA0125701359
B1310064158904N00106286EA0125701358
B1310074158903N00106288EA0125601358
B1310084158901N00106289EA0125501357
B1310094158899N00106290EA0125601356
B1310104158898N00106291EA0125501356
B1310114158896N00106293EA0125301354
B1310124158895N00106295EA0125201353
B1310134158893N00106297EA0125101350
B1310144158890N00106298EA0124701348
B1310154158888N00106299EA0124701347
B1310164158885N00106301EA0124801348
B1310174158884N00106304EA0124801349
B1310184158883N00106307EA0124801348
B1310194158882N00106309EA0124601347
B1310204158880N00106312EA0124401345
B1310214158878N00106314EA0124401344
B1310224158876N00106315EA0124201343
B1310234158874N00106317EA0124301343
B1310244158871N00106320EA0124301344
B1310254158870N00106322EA0124501345
B1310264158869N00106324EA0124301345
B1310274158867N00106325EA0124401344
B1310284158866N00106326EA0124301343
B1310294158863N00106326EA0124201342
B1310304158861N00106326EA0124201342
B1310314158858N00106327EA0124401344
B1310324158856N00106328EA0124501345
B1310334158854N00106330EA0124501345
B1310344158853N00106331EA0124501345
B1310354158851N00106331EA0124501345
B1310364158849N00106330EA0124501345
B1310374158846N00106330EA0124401345
B1310384158844N00106331EA0124501345
B1310394158841N00106332EA0124601345
B1310404158838N00106332EA0124601346
B1310414158836N00106332EA0124501346
B1310424158834N00106332EA0124601346
B1310434158833N00106332EA0124601346
B1310444158831N00106333EA0124501345
B1310454158829N00106335EA0124601344
B1310464158827N00106336EA0124501344
B1310474158825N00106336EA0124401343
B1310484158823N00106336EA0124401343
B1310494158821N00106335EA0124401343
B1310504158819N00106335EA0124401344
B1310514158817N00106335EA0124501345
B1310524158815N00106336EA0124501345
B1310534158812N00106336EA0124701346
B1310544158810N00106336EA0124701346
B1310554158808N00106335EA0124801347
B1310564158805N00106336EA0124901348
B1310574158803N00106336EA0124801349
B1310584158801N00106338EA0124801349
B1310594158798N00106339EA0124801349
B1311004158796N00106341EA0124801348
B1311014158793N00106342EA0124701348
B1311024158790N00106343EA0124901348
B1311034158787N00106344EA0125001348
B1311044158784N00106346EA0124901349
B1311054158781N00106348EA0124801349
B1311064158779N00106351EA0125001348
B1311074158777N00106353EA0124701347
B1311084158774N00106356EA0124601345
B1311094158770N00106360EA0124401344
B1311104158766N00106363EA0124401344
B1311114158763N00106366EA0124501345
B1311124158760N00106370EA0124501346
B1311134158758N00106373EA0124501346
B1311144158756N00106375EA0124501346
B1311154158754N00106377EA0124501345
B1311164158751N00106378EA0124401343
B1311174158748N00106379EA0124301342
B1311184158745N00106381EA0124001341
B1311194158742N00106384EA0123901339
B1311204158738N00106385EA0123901338
B1311214158735N00106387EA0123601337
B1311224158733N00106388EA0123601336
B1311234158730N00106390EA0123401333
B1311244158727N00106393EA0123101331
B1311254158723N00106395EA0122701328
B1311264158720N00106397EA0122401324
B1311274158717N00106399EA0121901321
B1311284158714N00106402EA0121601316
B1311294158709N00106405EA0121701313
B1311304158705N00106407EA0121601314
B1311314158702N00106409EA0121801316
B1311324158702N00106411EA0121901317
B1311334158702N00106414EA0121701316
B1311344158701N00106416EA0121501313
B1311354158699N00106418EA0121101309
B1311364158696N00106419EA0120701305
B1311374158692N00106419EA0120701304
B1311384158689N00106419EA0120901305
B1311394158688N00106420EA0120801306
B1311404158687N00106421EA0120801306
B1311414158686N00106422EA0120501303
B1311424158685N00106424EA0120001299
B1311434158681N00106425EA0119701295
B1311444158678N00106425EA0119701293
B1311454158674N00106426EA0119801293
B1311464158672N00106427EA0119601294
B1311474158671N00106428EA0119601294
B1311484158670N00106430EA0119401292
B1311494158669N00106431EA0119101289
B1311504158667N00106433EA0118901285
B1311514158665N00106434EA0118601282
B1311524158662N00106435EA0118401280
B1311534158660N00106436EA0118301279
B1311544158659N00106436EA0118101278
B1311554158658N00106436EA0118101277
B1311564158657N00106437EA0118001275
B1311574158656N00106437EA0117601272
B1311584158654N00106438EA0117401270
B1311594158651N00106438EA0117301268
B1312004158649N00106437EA0117201267
B1312014158647N00106437EA0117301267
B1312024158645N00106437EA0117201268
B1312034158644N00106437EA0117301268
B1312044158643N00106438EA0117401269
B1312054158642N00106438EA0117201268
B1312064158641N00106439EA0117201267
B1312074158639N00106438EA0117001265
B1312084158637N00106438EA0117001264
B1312094158635N00106439EA0116901264
B1312104158633N00106440EA0116901264
B1312114158631N00106440EA0116801264
B1312124158630N00106439EA0116801263
B1312134158628N00106438EA0116701262
B1312144158627N00106437EA0116601261
B1312154158624N00106437EA0116501260
B1312164158622N00106436EA0116501259
B1312174158620N00106435EA0116401259
B1312184158618N00106434EA0116301258
B1312194158617N00106434EA0116201257
B1312204158615N00106433EA0116201256
B1312214158613N00106433EA0116001255
B1312224158611N00106432EA0115901254
B1312234158610N00106431EA0116001254
B1312244158609N00106430EA0115801253
B1312254158608N00106429EA0115701252
B1312264158606N00106428EA0115701251
B1312274158604N00106428EA0115601251
B1312284158603N00106427EA0115701251
B1312294158601N00106426EA0115701251
B1312304158600N00106425EA0115601250
B1312314158599N00106424EA0115301248
B1312324158597N00106423EA0115101246
B1312334158595N00106422EA0115001244
B1312344158593N00106421EA0114801242
B1312354158591N00106420EA0114801241
B1312364158589N00106419EA0114601241
B1312374158587N00106417EA0114701241
B1312384158586N00106416EA0114701240
B1312394158584N00106415EA0114501238
B1312404158582N00106414EA0114301236
B1312414158579N00106412EA0114101234
B1312424158576N00106410EA0114101233
B1312434158574N00106408EA0114001233
B1312444158572N00106406EA0113801232
B1312454158569N00106405EA0113801230
B1312464158567N00106403EA0113401227
B1312474158563N00106403EA0113101224
B1312484158560N00106402EA0112801221
B1312494158556N00106401EA0112701219
B1312504158554N00106400EA0112501216
B1312514158551N00106400EA0112201214
B1312524158548N00106399EA0112001212
B1312534158544N00106399EA0111801209
B1312544158541N00106399EA0111601208
B1312554158538N00106399EA0111601208
B1312564158536N00106401EA0111601207
B1312574158534N00106403EA0111301205
B1312584158532N00106406EA0110901202
B1312594158529N00106409EA0110501198
B1313004158526N00106413EA0110501195
B1313014158522N00106417EA0110501194
B1313024158518N00106420EA0110401193
B1313034158516N00106424EA0110201194
B1313044158515N00106426EA0110101193
B1313054158514N00106429EA0109901190
B1313064158511N00106431EA0109601187
B1313074158509N00106433EA0109301183
B1313084158505N00106433EA0109101181
B1313094158503N00106433EA0108901179
B1313104158500N00106433EA0108601178
B1313114158498N00106433EA0108501176
B1313124158496N00106434EA0108501174
B1313134158494N00106435EA0108301173
B1313144158492N00106435EA0108101171
B1313154158491N00106435EA0108001170
B1313164158489N00106435EA0108001169
B1313174158487N00106435EA0108001168
B1313184158486N00106436EA0107801167
B1313194158484N00106436EA0107801167
B1313204158483N00106437EA0107801166
B1313214158483N00106437EA0107701166
B1313224158482N00106438EA0107601164
B1313234158480N00106437EA0107501163
B1313244158478N00106437EA0107401163
B1313254158477N00106435EA0107401163
B1313264158475N00106435EA0107301163
B1313274158474N00106433EA0107301162
B1313284158473N00106432EA0107201161
B1313294158472N00106430EA0107201160
B1313304158470N00106427EA0107401161
B1313314158468N00106424EA0107501162
B1313324158466N00106422EA0107701164
B1313334158465N00106420EA0107701166
B1313344158464N00106418EA0107901167
B1313354158463N00106416EA0107901168
B1313364158462N00106414EA0107901168
B1313374158459N00106412EA0107901169
B1313384158457N00106409EA0108301170
B1313394158455N00106405EA0108401172
B1313404158453N00106400EA0108501174
B1313414158452N00106396EA0108801177
B1313424158450N00106393EA0109001179
B1313434158449N00106389EA0109101181
B1313444158447N00106386EA0109501184
B1313454158447N00106383EA0109601186
B1313464158447N00106380EA0109701187
B1313474158447N00106376EA0109601187
B1313484158448N00106371EA0109501187
B1313494158450N00106366EA0109501185
B1313504158454N00106361EA0109301184
B1313514158461N00106357EA0109101182
B1313524158468N00106357EA0109101180
B1313534158475N00106358EA0108801179
B1313544158481N00106361EA0108801176
B1313554158487N00106364EA0108301173
B1313564158492N00106368EA0107901169
B1313574158498N00106374EA0107401164
B1313584158502N00106382EA0107101161
B1313594158504N00106390EA0106901157
B1314004158503N00106398EA0106501154
B1314014158501N00106404EA0106401152
B1314024158498N00106407EA0106601153
B1314034158494N00106407EA0106701155
B1314044158492N00106407EA0106801156
B1314054158490N00106407EA0106801156
B1314064158488N00106408EA0106701155
B1314074158486N00106409EA0106501153
B1314084158483N00106410EA0106401152
B1314094158479N00106411EA0106401153
B1314104158477N00106409EA0106701154
B1314114158474N00106407EA0106601155
B1314124158473N00106405EA0106601155
B1314134158472N00106403EA0106601155
B1314144158471N00106403EA0106301153
B1314154158470N00106401EA0105901149
B1314164158467N00106399EA0105801146
B1314174158464N00106396EA0105601145
B1314184158461N00106393EA0105701144
B1314194158458N00106392EA0105601144
B1314204158456N00106392EA0105601144
B1314214158453N00106391EA0105601143
B1314224158450N00106391EA0105501143
B1314234158447N00106390EA0105501142
B1314244158444N00106391EA0105501142
B1314254158441N00106392EA0105501143
B1314264158437N00106393EA0105701144
B1314274158434N00106393EA0105801145
B1314284158431N00106393EA0106001147
B1314294158429N00106393EA0106001148
B1314304158426N00106394EA0105901147
B1314314158423N00106396EA0105901146
B1314324158419N00106398EA0105701145
B1314334158415N00106401EA0105601144
B1314344158410N00106403EA0105701143
B1314354158406N00106405EA0105601143
B1314364158403N00106407EA0105501142
B1314374158399N00106410EA0105501142
B1314384158395N00106413EA0105401141
B1314394158391N00106415EA0105401139
B1314404158387N00106417EA0105101138
B1314414158384N00106419EA0105001137
B1314424158381N00106422EA0104801136
B1314434158378N00106425EA0104701133
B1314444158374N00106429EA0104401131
B1314454158371N00106432EA0104001128
B1314464158367N00106434EA0103801124
B1314474158362N00106436EA0103801123
B1314484158359N00106439EA0103601122
B1314494158355N00106442EA0103601121
B1314504158353N00106444EA0103401120
B1314514158350N00106445EA0103201118
B1314524158347N00106447EA0103001115
B1314534158343N00106448EA0102801113
B1314544158340N00106449EA0102801112
B1314554158337N00106450EA0102701112
B1314564158334N00106451EA0102601111
B1314574158332N00106453EA0102501110
B1314584158329N00106455EA0102301109
B1314594158327N00106458EA0102201106
B1315004158324N00106460EA0102101104
B1315014158321N00106462EA0101801102
B1315024158318N00106463EA0101601100
B1315034158315N00106465EA0101501099
B1315044158313N00106466EA0101501098
B1315054158311N00106469EA0101301097
B1315064158309N00106471EA0101201095
B1315074158307N00106474EA0100801092
B1315084158305N00106478EA0100501089
B1315094158302N00106481EA0100201087
B1315104158300N00106483EA0100201085
B1315114158298N00106486EA0100001083
B1315124158296N00106489EA0099901081
B1315134158294N00106492EA0099601080
B1315144158292N00106495EA0099601078
B1315154158290N00106497EA0099501076
B1315164158288N00106500EA0099301075
B1315174158287N00106503EA0099201074
B1315184158285N00106506EA0099301074
B1315194158284N00106508EA0099101073
B1315204158283N00106510EA0099001073
B1315214158282N00106512EA0098901072
B1315224158281N00106514EA0098701071
B1315234158280N00106516EA0098701069
B1315244158278N00106518EA0098401067
B1315254158275N00106519EA0098501066
B1315264158272N00106520EA0098601066
B1315274158270N00106522EA0098601066
B1315284158267N00106524EA0098801067
B1315294158266N00106525EA0098601068
B1315304158264N00106527EA0098701068
B1315314158263N00106529EA0098601068
B1315324158261N00106531EA0098501068
B1315334158259N00106534EA0098501067
B1315344158256N00106536EA0098501067
B1315354158254N00106538EA0098701068
B1315364158252N00106540EA0098801069
B1315374158250N00106542EA0098701070
B1315384158248N00106545EA0098801069
B1315394158246N00106548EA0098601069
B1315404158244N00106550EA0098601068
B1315414158242N00106553EA0098501067
B1315424158239N00106554EA0098601067
B1315434158237N00106556EA0098601067
B1315444158234N00106558EA0098601067
B1315454158231N00106559EA0098701068
B1315464158229N00106561EA0098601068
B1315474158226N00106563EA0098601068
B1315484158223N00106565EA0098601068
B1315494158221N00106567EA0098701068
B1315504158217N00106570EA0098701068
B1315514158214N00106572EA0098901069
B1315524158211N00106574EA0099101071
B1315534158208N00106576EA0099001073
B1315544158206N00106579EA0099201074
B1315554158203N00106582EA0099301075
B1315564158200N00106585EA0099601077
B1315574158198N00106587EA0099901080
B1315584158197N00106590EA0100201083
B1315594158197N00106592EA0100101085
B1316004158196N00106594EA0100301085
B1316014158194N00106595EA0100301086
B1316024158194N00106593EA0100401085
B1316034158195N00106590EA0100401086
B1316044158198N00106586EA0100401086
B1316054158204N00106583EA0100501087
B1316064158211N00106583EA0100601088
B1316074158218N00106584EA0100701089
B1316084158225N00106588EA0100701090
B1316094158232N00106593EA0100701090
B1316104158239N00106601EA0100701090
B1316114158244N00106610EA0100801090
B1316124158248N00106620EA0100901092
B1316134158251N00106629EA0101101093
B1316144158253N00106637EA0101201095
B1316154158254N00106645EA0101201095
B1316164158254N00106653EA0101301096
B1316174158252N00106659EA0101401097
B1316184158251N00106663EA0101601099
B1316194158250N00106666EA0101601101
B1316204158248N00106669EA0101801102
B1316214158246N00106671EA0101901103
B1316224158244N00106672EA0102101104
B1316234158244N00106672EA0102001105
B1316244158244N00106670EA0102101105
B1316254158247N00106667EA0102001104
B1316264158252N00106664EA0102101104
B1316274158258N00106662EA0102101105
B1316284158265N00106663EA0102101106
B1316294158272N00106666EA0102201107
B1316304158279N00106671EA0102301107
B1316314158286N00106677EA0102301107
B1316324158292N00106685EA0102401108
B1316334158298N00106694EA0102501110
B1316344158302N00106702EA0102901112
B1316354158306N00106709EA0102801114
B1316364158309N00106717EA0103001115
B1316374158312N00106726EA0102901114
B1316384158313N00106734EA0102901114
B1316394158312N00106742EA0102901114
B1316404158310N00106749EA0103001115
B1316414158309N00106755EA0103201117
B1316424158308N00106760EA0103201118
B1316434158307N00106765EA0103201118
B1316444158305N00106768EA0103301118
B1316454158303N00106769EA0103201118
B1316464158301N00106769EA0103401119
B1316474158301N00106767EA0103301119
B1316484158303N00106765EA0103401120
B1316494158306N00106763EA0103301120
B1316504158310N00106762EA0103401120
B1316514158314N00106761EA0103301119
B1316524158321N00106760EA0103201117
B1316534158329N00106761EA0103001116
B1316544158337N00106765EA0103001115
B1316554158345N00106772EA0103101116
B1316564158351N00106781EA0103101117
B1316574158354N00106790EA0103301118
B1316584158356N00106798EA0103301119
B1316594158357N00106806EA0103201119
B1317004158357N00106813EA0103301119
B1317014158355N00106819EA0103301118
B1317024158353N00106823EA0103301118
B1317034158352N00106825EA0103301118
B1317044158351N00106827EA0103301118
B1317054158351N00106828EA0103001117
B1317064158350N00106829EA0103001115
B1317074158349N00106830EA0102801114
B1317084158348N00106829EA0102701113
B1317094158348N00106827EA0102701112
B1317104158348N00106825EA0102701112
B1317114158347N00106824EA0102701112
B1317124158347N00106823EA0102801113
B1317134158347N00106823EA0102801114
B1317144158346N00106822EA0102801113
B1317154158346N00106820EA0103001114
B1317164158345N00106818EA0103001115
B1317174158343N00106816EA0103101116
B1317184158343N00106815EA0103201117
B1317194158342N00106815EA0103101118
B1317204158342N00106814EA0103101117
B1317214158342N00106813EA0103101117
B1317224158341N00106812EA0103301117
B1317234158341N00106810EA0103301117
B1317244158340N00106809EA0103301118
B1317254158339N00106807EA0103501120
B1317264158339N00106806EA0103601121
B1317274158340N00106805EA0103601121
B1317284158340N00106804EA0103401120
B1317294158340N00106803EA0103001117
B1317304158340N00106802EA0102801114
B1317314158339N00106800EA0102601112
B1317324158339N00106798EA0102501110
B1317334158339N00106796EA0102401110
B1317344158339N00106794EA0102301109
B1317354158338N00106794EA0102201109
B1317364158338N00106795EA0102301108
B1317374158338N00106795EA0102101107
B1317384158336N00106796EA0102101106
B1317394158334N00106796EA0102101106
B1317404158332N00106796EA0102401108
B1317414158331N00106796EA0102701112
B1317424158331N00106797EA0102901114
B1317434158331N00106797EA0103101116
B1317444158331N00106798EA0103101117
B1317454158330N00106799EA0103001117
B1317464158328N00106798EA0103101116
B1317474158327N00106797EA0103001117
B1317484158326N00106794EA0103401119
B1317494158327N00106791EA0103501121
B1317504158330N00106788EA0103701123
B1317514158333N00106786EA0103901125
B1317524158337N00106783EA0104101126
B1317534158342N00106780EA0104301128
B1317544158348N00106777EA0104601130
B1317554158355N00106776EA0104701133
B1317564158362N00106777EA0105001137
B1317574158368N00106777EA0105101139
B1317584158374N00106779EA0105301141
B1317594158381N00106783EA0105401141
B1318004158388N00106789EA0105301140
B1318014158394N00106798EA0105401140
B1318024158398N00106808EA0105401141
B1318034158400N00106818EA0105501142
B1318044158400N00106827EA0105701143
B1318054158399N00106836EA0105701144
B1318064158397N00106842EA0105901146
B1318074158395N00106846EA0106001148
B1318084158393N00106849EA0106001149
B1318094158392N00106850EA0106201149
B1318104158390N00106850EA0106201150
B1318114158389N00106849EA0106501152
B1318124158389N00106848EA0106701155
B1318134158388N00106847EA0106901157
B1318144158388N00106845EA0107001158
B1318154158389N00106842EA0107201159
B1318164158391N00106838EA0107101159
B1318174158396N00106835EA0107301160
B1318184158403N00106834EA0107501161
B1318194158411N00106836EA0107701163
B1318204158418N00106839EA0107701165
B1318214158425N00106843EA0107801167
B1318224158431N00106848EA0108101168
B1318234158437N00106856EA0108001168
B1318244158440N00106866EA0108101168
B1318254158441N00106875EA0108101169
B1318264158440N00106883EA0108201171
B1318274158438N00106889EA0108401172
B1318284158436N00106892EA0108601174
B1318294158434N00106894EA0109001177
B1318304158433N00106894EA0109001179
B1318314158432N00106893EA0109301182
B1318324158433N00106891EA0109501184
B1318334158435N00106888EA0109801187
B1318344158439N00106886EA0109901189
B1318354158443N00106885EA0110001190
B1318364158448N00106883EA0110101190
B1318374158454N00106882EA0110201191
B1318384158460N00106882EA0110201192
B1318394158468N00106885EA0110401193
B1318404158475N00106890EA0110601194
B1318414158481N00106896EA0110701195
B1318424158485N00106904EA0110601196
B1318434158489N00106913EA0110701197
B1318444158491N00106921EA0110901198
B1318454158492N00106929EA0110901199
B1318464158492N00106936EA0111101200
B1318474158491N00106943EA0111001201
B1318484158490N00106949EA0111201202
B1318494158488N00106953EA0111401204
B1318504158486N00106956EA0111601206
B1318514158484N00106957EA0111801208
B1318524158482N00106957EA0111801210
B1318534158482N00106956EA0112101212
B1318544158482N00106954EA0112301213
B1318554158483N00106951EA0112501215
B1318564158485N00106947EA0112801217
B1318574158488N00106944EA0113001220
B1318584158492N00106942EA0113201223
B1318594158496N00106940EA0113501225
B1319004158501N00106939EA0113501226
B1319014158507N00106937EA0113701227
B1319024158514N00106938EA0113701228
B1319034158521N00106942EA0113701228
B1319044158527N00106948EA0113801229
B1319054158533N00106956EA0113901230
B1319064158536N00106964EA0114101232
B1319074158539N00106972EA0114301234
B1319084158540N00106980EA0114301234
B1319094158539N00106988EA0114301235
B1319104158537N00106994EA0114401236
B1319114158535N00106999EA0114601238
B1319124158533N00107002EA0114601239
B1319134158530N00107003EA0114801240
B1319144158528N00107003EA0115001242
B1319154158525N00107003EA0115101243
B1319164158523N00107002EA0115301244
B1319174158521N00107000EA0115501246
B1319184158520N00106996EA0115401247
B1319194158521N00106994EA0115501247
B1319204158523N00106993EA0115301246
B1319214158525N00106992EA0115101244
B1319224158527N00106990EA0114601240
B1319234158532N00106988EA0114301235
B1319244158538N00106988EA0113701231
B1319254158546N00106992EA0113701227
B1319264158553N00107000EA0113401224
B1319274158558N00107010EA0113401224
B1319284158562N00107019EA0113401225
B1319294158566N00107027EA0113501225
B1319304158570N00107034EA0113501225
B1319314158575N00107041EA0113501226
B1319324158580N00107049EA0113601227
B1319334158585N00107057EA0113901229
B1319344158588N00107066EA0114101231
B1319354158589N00107075EA0114301232
B1319364158587N00107081EA0114101232
B1319374158583N00107083EA0114501233
B1319384158581N00107081EA0114701235
B1319394158583N00107078EA0114801237
B1319404158589N00107075EA0114601236
B1319414158597N00107075EA0114501234
B1319424158606N00107080EA0114601235
B1319434158614N00107087EA0115001239
B1319444158619N00107095EA0115401244
B1319454158622N00107102EA0115501247
B1319464158623N00107109EA0115701249
B1319474158625N00107116EA0115901250
B1319484158625N00107125EA0116001251
B1319494158624N00107131EA0116101253
B1319504158622N00107135EA0116201254
B1319514158620N00107134EA0116301254
B1319524158621N00107130EA0116301255
B1319534158625N00107126EA0116501256
B1319544158631N00107123EA0116501258
B1319554158637N00107122EA0116501258
B1319564158642N00107121EA0116601259
B1319574158649N00107120EA0116701259
B1319584158656N00107120EA0116901260
B1319594158663N00107121EA0116901262
B1320004158669N00107124EA0117101264
B1320014158675N00107127EA0117101265
B1320024158681N00107133EA0117201265
B1320034158686N00107141EA0117201266
B1320044158688N00107150EA0117401267
B1320054158688N00107158EA0117501268
B1320064158686N00107165EA0117501269
B1320074158682N00107169EA0117701270
B1320084158679N00107172EA0117801272
B1320094158676N00107175EA0118001274
B1320104158674N00107177EA0118301277
B1320114158672N00107179EA0118601279
B1320124158671N00107180EA0118501279
B1320134158669N00107181EA0118401278
B1320144158667N00107184EA0118201276
B1320154158665N00107186EA0118001274
B1320164158662N00107187EA0117701272
B1320174158660N00107187EA0117501270
B1320184158657N00107187EA0117501269
B1320194158655N00107187EA0117501269
B1320204158653N00107188EA0117301268
B1320214158651N00107189EA0117101266
B1320224158649N00107190EA0116901263
B1320234158646N00107191EA0116401260
B1320244158642N00107192EA0116301257
B1320254158639N00107194EA0116201255
B1320264158635N00107197EA0115901254
B1320274158633N00107199EA0115901253
B1320284158631N00107200EA0115701251
B1320294158629N00107202EA0115201247
B1320304158625N00107204EA0115001243
B1320314158621N00107207EA0114601239
B1320324158616N00107209EA0114501238
B1320334158612N00107210EA0114401237
B1320344158609N00107211EA0114401237
B1320354158606N00107214EA0114201236
B1320364158604N00107217EA0113901233
B1320374158600N00107220EA0113701230
B1320384158596N00107222EA0113201226
B1320394158592N00107223EA0113101222
B1320404158587N00107225EA0112801220
B1320414158582N00107226EA0112701219
B1320424158578N00107228EA0112601217
B1320434158575N00107230EA0112401216
B1320444158571N00107233EA0112301214
B1320454158567N00107236EA0112101211
B1320464158563N00107239EA0111801209
B1320474158559N00107242EA0111701208
B1320484158555N00107245EA0111601206
B1320494158551N00107249EA0111501204
B1320504158548N00107252EA0111201203
B1320514158544N00107255EA0111001201
B1320524158540N00107258EA0111001199
B1320534158536N00107261EA0110801197
B1320544158532N00107264EA0110701196
B1320554158529N00107266EA0110501195
B1320564158525N00107269EA0110501193
B1320574158521N00107271EA0110301191
B1320584158518N00107274EA0110101189
B1320594158514N00107276EA0109901187
B1321004158510N00107278EA0109801186
B1321014158507N00107280EA0109501184
B1321024158503N00107282EA0109301182
B1321034158500N00107284EA0109301181
B1321044158496N00107286EA0109201179
B1321054158493N00107289EA0108901177
B1321064158489N00107292EA0108801176
B1321074158486N00107295EA0108701175
B1321084158483N00107299EA0108701173
B1321094158479N00107303EA0108401171
B1321104158475N00107307EA0108201169
B1321114158471N00107312EA0108101167
B1321124158466N00107317EA0107901166
B1321134158463N00107321EA0107901165
B1321144158459N00107325EA0107601163
B1321154158456N00107329EA0107201160
B1321164158452N00107332EA0106901156
B1321174158448N00107337EA0106501152
B1321184158443N00107341EA0106201148
B1321194158438N00107346EA0106001145
B1321204158434N00107350EA0105801143
B1321214158430N00107354EA0105601141
B1321224158426N00107358EA0105401139
B1321234158422N00107362EA0105001136
B1321244158418N00107366EA0104801133
B1321254158413N00107369EA0104601130
B1321264158408N00107373EA0104401128
B1321274158404N00107377EA0104201127
B1321284158400N00107381EA0104101125
B1321294158397N00107385EA0103901124
B1321304158394N00107388EA0103701121
B1321314158390N00107391EA0103301119
B1321324158386N00107394EA0103201116
B1321334158382N00107398EA0103001114
B1321344158378N00107402EA0102901112
B1321354158374N00107406EA0102801112
B1321364158371N00107410EA0102801111
B1321374158368N00107413EA0102501109
B1321384158365N00107417EA0102101106
B1321394158361N00107421EA0101901102
B1321404158357N00107425EA0101701099
B1321414158352N00107429EA0101601098
B1321424158349N00107432EA0101501099
B1321434158346N00107435EA0101501098
B1321444158344N00107438EA0101401096
B1321454158341N00107441EA0100901093
B1321464158337N00107445EA0100701088
B1321474158332N00107449EA0100301086
B1321484158327N00107453EA0100401085
B1321494158324N00107457EA0100401086
B1321504158321N00107460EA0100401086
B1321514158319N00107462EA0100401086
B1321524158318N00107466EA0100201084
B1321534158316N00107469EA0100001081
B1321544158312N00107473EA0099501078
B1321554158309N00107478EA0099301075
B1321564158305N00107483EA0099401074
B1321574158301N00107487EA0099301074
B1321584158298N00107490EA0099201073
B1321594158295N00107493EA0098901071
B1322004158292N00107497EA0098701069
B1322014158289N00107503EA0098601066
B1322024158285N00107508EA0098501065
B1322034158281N00107513EA0098601065
B1322044158279N00107517EA0098601066
B1322054158277N00107520EA0098501066
B1322064158275N00107523EA0098401065
B1322074158273N00107526EA0097901062
B1322084158270N00107529EA0097801058
B1322094158267N00107532EA0097601055
B1322104158262N00107535EA0097401053
B1322114158259N00107538EA0097501053
B1322124158256N00107541EA0097401054
B1322134158255N00107543EA0097401053
B1322144158253N00107545EA0097101051
B1322154158250N00107548EA0097001048
B1322164158246N00107551EA0096501045
B1322174158242N00107555EA0096401043
B1322184158238N00107558EA0096501043
B1322194158234N00107561EA0096301043
B1322204158231N00107564EA0096301042
B1322214158228N00107567EA0096001040
B1322224158225N00107571EA0095801037
B1322234158221N00107574EA0095601035
B1322244158216N00107576EA0095501033
B1322254158212N00107578EA0095501032
B1322264158208N00107581EA0095401032
B1322274158205N00107585EA0095401032
B1322284158202N00107588EA0095401032
B1322294158199N00107592EA0095301031
B1322304158196N00107595EA0095101029
B1322314158192N00107599EA0094901027
B1322324158188N00107603EA0095001027
B1322334158185N00107607EA0095001027
B1322344158182N00107610EA0094901027
B1322354158179N00107613EA0094901026
B1322364158176N00107617EA0094701024
B1322374158173N00107620EA0094601023
B1322384158169N00107624EA0094601022
B1322394158166N00107627EA0094601022
B1322404158163N00107631EA0094501022
B1322414158160N00107635EA0094501022
B1322424158157N00107638EA0094501022
B1322434158155N00107641EA0094301021
B1322444158152N00107645EA0094101019
B1322454158149N00107648EA0094001018
B1322464158146N00107652EA0094001016
B1322474158143N00107656EA0093801016
B1322484158140N00107660EA0093901015
B1322494158138N00107664EA0093701014
B1322504158135N00107668EA0093501012
B1322514158132N00107672EA0093401011
B1322524158129N00107676EA0093401010
B1322534158127N00107681EA0093301009
B1322544158124N00107685EA0093201008
B1322554158122N00107690EA0092901007
B1322564158119N00107695EA0093001005
B1322574158116N00107699EA0092801003
B1322584158114N00107704EA0092701002
B1322594158111N00107708EA0092501001
B1323004158109N00107712EA0092401000
B1323014158106N00107716EA0092300998
B1323024158104N00107721EA0092200997
B1323034158101N00107725EA0092100996
B1323044158099N00107729EA0091900995
B1323054158096N00107733EA0091900993
B1323064158093N00107738EA0091600992
B1323074158090N00107742EA0091700991
B1323084158087N00107746EA0091600991
B1323094158085N00107751EA0091600991
B1323104158083N00107754EA0091600991
B1323114158080N00107758EA0091400989
B1323124158077N00107762EA0091200988
B1323134158074N00107766EA0091300987
B1323144158071N00107770EA0091200987
B1323154158069N00107773EA0091200986
B1323164158066N00107776EA0091100985
B1323174158064N00107779EA0090800983
B1323184158062N00107782EA0090600981
B1323194158060N00107785EA0090300978
B1323204158057N00107788EA0090000975
B1323214158054N00107791EA0089900972
B1323224158051N00107794EA0089600970
B1323234158048N00107797EA0089500969
B1323244158045N00107799EA0089400967
B1323254158043N00107802EA0089200966
B1323264158040N00107806EA0089000964
B1323274158038N00107809EA0088800962
B1323284158035N00107812EA0088700960
B1323294158032N00107814EA0088400958
B1323304158029N00107817EA0088400956
B1323314158026N00107820EA0088100954
B1323324158023N00107823EA0088000953
B1323334158020N00107826EA0087900952
B1323344158017N00107830EA0088000952
B1323354158015N00107833EA0088000953
B1323364158012N00107836EA0088000954
B1323374158011N00107840EA0087900953
B1323384158009N00107843EA0087800952
B1323394158007N00107845EA0087700950
B1323404158004N00107848EA0087600949
B1323414158002N00107850EA0087400947
B1323424157999N00107853EA0087200945
B1323434157996N00107856EA0087100944
B1323444157993N00107858EA0087100944
B1323454157991N00107861EA0087200943
B1323464157989N00107864EA0087000942
B1323474157987N00107868EA0086700940
B1323484157985N00107871EA0086500937
B1323494157982N00107875EA0086200935
B1323504157980N00107878EA0085900932
B1323514157976N00107882EA0085900929
B1323524157973N00107884EA0085600926
B1323534157969N00107887EA0085300924
B1323544157965N00107890EA0085000922
B1323554157961N00107893EA0084700919
B1323564157957N00107896EA0084700917
B1323574157952N00107898EA0084700915
B1323584157947N00107900EA0084600916
B1323594157942N00107903EA0084900917
B1324004157938N00107907EA0085100920
B1324014157934N00107912EA0085200922
B1324024157931N00107916EA0085300924
B1324034157927N00107918EA0085500926
B1324044157923N00107919EA0085700927
B1324054157920N00107921EA0085900929
B1324064157917N00107925EA0086000930
B1324074157915N00107928EA0086000931
B1324084157913N00107931EA0086100932
B1324094157911N00107931EA0086200932
B1324104157909N00107929EA0086200933
B1324114157910N00107925EA0086300934
B1324124157913N00107921EA0086300935
B1324134157916N00107918EA0086500936
B1324144157918N00107915EA0086500936
B1324154157922N00107912EA0086400936
B1324164157928N00107909EA0086300935
B1324174157936N00107908EA0086500935
B1324184157944N00107909EA0086500937
B1324194157951N00107913EA0086900940
B1324204157957N00107920EA0087100942
B1324214157962N00107927EA0087000943
B1324224157966N00107935EA0087000942
B1324234157969N00107943EA0086800942
B1324244157971N00107951EA0086900942
B1324254157973N00107960EA0087100942
B1324264157973N00107968EA0087100944
B1324274157972N00107976EA0087100945
B1324284157971N00107983EA0087300946
B1324294157969N00107990EA0087200946
B1324304157966N00107997EA0087200946
B1324314157963N00108002EA0087400947
B1324324157959N00108005EA0087500948
B1324334157956N00108006EA0087800950
B1324344157955N00108006EA0087600951
B1324354157954N00108006EA0087900953
B1324364157954N00108004EA0088000954
B1324374157955N00108002EA0088200955
B1324384157957N00107998EA0088400957
B1324394157961N00107995EA0088500959
B1324404157966N00107993EA0088700960
B1324414157971N00107992EA0088700962
B1324424157978N00107993EA0088900963
B1324434157984N00107995EA0088900963
B1324444157991N00108000EA0088900963
B1324454157997N00108006EA0088800964
B1324464158003N00108013EA0088900964
B1324474158008N00108021EA0088900964
B1324484158011N00108030EA0088800964
B1324494158012N00108039EA0088900964
B1324504158012N00108048EA0088800964
B1324514158012N00108056EA0089000965
B1324524158011N00108063EA0088900965
B1324534158009N00108068EA0088900965
B1324544158007N00108071EA0089000965
B1324554158005N00108072EA0089100966
B1324564158004N00108071EA0089100966
B1324574158004N00108070EA0089200967
B1324584158005N00108067EA0089300968
B1324594158007N00108064EA0089400969
B1325004158011N00108061EA0089600970
B1325014158016N00108058EA0089600972
B1325024158023N00108057EA0089800974
B1325034158029N00108058EA0090000975
B1325044158036N00108060EA0090000976
B1325054158043N00108062EA0089900976
B1325064158050N00108065EA0090000976
B1325074158057N00108070EA0090200977
B1325084158063N00108075EA0090400979
B1325094158069N00108082EA0090500981
B1325104158073N00108089EA0090600981
B1325114158078N00108098EA0090700982
B1325124158082N00108106EA0090500981
B1325134158086N00108115EA0090600981
B1325144158090N00108123EA0090600981
B1325154158095N00108131EA0090500981
B1325164158099N00108140EA0090700982
B1325174158103N00108150EA0090700983
B1325184158105N00108160EA0090900984
B1325194158105N00108169EA0090900984
B1325204158103N00108176EA0091100986
B1325214158102N00108181EA0091300988
B1325224158101N00108185EA0091300989
B1325234158100N00108188EA0091200989
B1325244158098N00108190EA0091100988
B1325254158097N00108189EA0091300988
B1325264158096N00108187EA0091300989
B1325274158097N00108185EA0091400991
B1325284158099N00108183EA0091500992
B1325294158102N00108181EA0091700993
B1325304158105N00108179EA0091700993
B1325314158110N00108177EA0091700994
B1325324158116N00108176EA0091700994
B1325334158123N00108177EA0091700994
B1325344158130N00108180EA0091600994
B1325354158138N00108185EA0091600993
B1325364158146N00108192EA0091900994
B1325374158154N00108199EA0092300996
B1325384158160N00108206EA0092401000
B1325394158165N00108212EA0092501003
B1325404158171N00108219EA0092901005
B1325414158176N00108225EA0093001007
B1325424158182N00108232EA0093201008
B1325434158187N00108241EA0093301010
B1325444158190N00108250EA0093201009
B1325454158190N00108260EA0093101008
B1325464158187N00108267EA0093001006
B1325474158183N00108271EA0093301008
B1325484158179N00108273EA0093801013
B1325494158178N00108273EA0094101017
B1325504158180N00108273EA0094001019
B1325514158182N00108273EA0094001020
B1325524158184N00108272EA0094201020
B1325534158187N00108269EA0094401021
B1325544158190N00108266EA0094601023
B1325554158195N00108263EA0094701025
B1325564158202N00108264EA0095001028
B1325574158210N00108268EA0095201030
B1325584158217N00108275EA0095501032
B1325594158221N00108284EA0095701034
B1326004158223N00108294EA0095801035
B1326014158222N00108303EA0095701036
B1326024158220N00108311EA0096001039
B1326034158218N00108318EA0096401042
B1326044158216N00108323EA0096701046
B1326054158216N00108327EA0096801048
B1326064158215N00108330EA0096801048
B1326074158213N00108332EA0096801048
B1326084158212N00108332EA0096701048
B1326094158211N00108331EA0096901049
B1326104158212N00108329EA0096901049
B1326114158214N00108326EA0096901050
B1326124158218N00108323EA0097001050
B1326134158225N00108322EA0097001050
B1326144158233N00108323EA0097101051
B1326154158240N00108326EA0097301052
B1326164158246N00108332EA0097401055
B1326174158252N00108338EA0097601058
B1326184158258N00108342EA0097801059
B1326194158264N00108344EA0097701059
B1326204158271N00108348EA0098001060
B1326214158277N00108354EA0097801060
B1326224158281N00108362EA0097801059
B1326234158283N00108373EA0097701058
B1326244158283N00108382EA0097601059
B1326254158282N00108390EA0097701059
B1326264158281N00108397EA0097801059
B1326274158280N00108403EA0097801059
B1326284158278N00108410EA0097801059
B1326294158275N00108416EA0097801059
B1326304158272N00108420EA0098001060
B1326314158270N00108424EA0098201062
B1326324158269N00108426EA0098201064
B1326334158268N00108428EA0098301066
B1326344158268N00108430EA0098501066
B1326354158267N00108430EA0098501067
B1326364158267N00108430EA0098701069
B1326374158268N00108429EA0098701070
B1326384158270N00108428EA0098801070
B1326394158273N00108426EA0098801071
B1326404158276N00108424EA0098801071
B1326414158281N00108421EA0098901071
B1326424158286N00108419EA0099001072
B1326434158292N00108418EA0099201073
B1326444158299N00108420EA0099201074
B1326454158306N00108424EA0099101075
B1326464158312N00108429EA0099401076
B1326474158318N00108435EA0099401077
B1326484158323N00108443EA0099601078
B1326494158328N00108452EA0099701079
B1326504158330N00108462EA0099601079
B1326514158331N00108472EA0099601079
B1326524158331N00108481EA0099701080
B1326534158329N00108489EA0099901081
B1326544158327N00108495EA0100001082
B1326554158326N00108500EA0099901083
B1326564158324N00108504EA0100101084
B1326574158322N00108508EA0100101084
B1326584158321N00108511EA0100101085
B1326594158320N00108512EA0100201085
B1327004158321N00108512EA0100201085
B1327014158322N00108511EA0100101084
B1327024158323N00108508EA0100101084
B1327034158326N00108505EA0100301085
B1327044158330N00108503EA0100401086
B1327054158334N00108501EA0100301087
B1327064158339N00108499EA0100501088
B1327074158346N00108499EA0100501088
B1327084158352N00108501EA0100601089
B1327094158359N00108504EA0100601089
B1327104158366N00108509EA0100701090
B1327114158372N00108515EA0100601089
B1327124158378N00108523EA0100601090
B1327134158382N00108533EA0100701091
B1327144158385N00108542EA0100801091
B1327154158387N00108552EA0100801092
B1327164158387N00108561EA0100801092
B1327174158387N00108570EA0100801092
B1327184158386N00108578EA0100901093
B1327194158385N00108586EA0101001094
B1327204158383N00108593EA0101101095
B1327214158382N00108600EA0101201096
B1327224158380N00108606EA0101301096
B1327234158378N00108611EA0101301097
B1327244158375N00108615EA0101401098
B1327254158373N00108618EA0101501098
B1327264158372N00108620EA0101401099
B1327274158371N00108621EA0101301098
B1327284158370N00108620EA0101401098
B1327294158370N00108618EA0101301097
B1327304158369N00108616EA0101401098
B1327314158370N00108614EA0101401098
B1327324158372N00108612EA0101401099
B1327334158375N00108610EA0101501099
B1327344158378N00108608EA0101401099
B1327354158382N00108605EA0101601100
B1327364158385N00108603EA0101701101
B1327374158388N00108602EA0101801102
B1327384158392N00108601EA0101701102
B1327394158396N00108600EA0101601101
B1327404158402N00108600EA0101601101
B1327414158409N00108601EA0101701101
B1327424158416N00108603EA0101901102
B1327434158423N00108606EA0101901104
B1327444158430N00108609EA0102101106
B1327454158436N00108614EA0102101106
B1327464158443N00108621EA0102001105
B1327474158449N00108631EA0102001104
B1327484158453N00108642EA0102001104
B1327494158454N00108654EA0102101105
B1327504158453N00108664EA0102401107
B1327514158453N00108672EA0102401109
B1327524158452N00108679EA0102501110
B1327534158452N00108686EA0102401111
B1327544158450N00108693EA0102401110
B1327554158448N00108700EA0102101108
B1327564158444N00108706EA0102301107
B1327574158440N00108712EA0102301108
B1327584158437N00108717EA0102601110
B1327594158435N00108722EA0102601111
B1328004158434N00108726EA0102401110
B1328014158432N00108730EA0102101108
B1328024158430N00108735EA0101901104
B1328034158426N00108739EA0101301100
B1328044158422N00108743EA0101401099
B1328054158418N00108747EA0101501099
B1328064158416N00108750EA0101301098
B1328074158415N00108752EA0101001096
B1328084158413N00108754EA0100701093
B1328094158411N00108756EA0100201088
B1328104158409N00108758EA0100001084
B1328114158405N00108759EA0099701081
B1328124158402N00108762EA0099601079
B1328134158399N00108764EA0099401078
B1328144158397N00108766EA0099201076
B1328154158395N00108768EA0098901074
B1328164158393N00108769EA0098701071
B1328174158390N00108771EA0098501068
B1328184158387N00108773EA0098301065
B1328194158383N00108775EA0098201063
B1328204158381N00108776EA0097901062
B1328214158379N00108777EA0097901060
B1328224158376N00108778EA0097601057
B1328234158373N00108780EA0097301054
B1328244158370N00108781EA0097001051
B1328254158366N00108783EA0096901049
B1328264158363N00108784EA0096701048
B1328274158360N00108785EA0096801047
B1328284158358N00108786EA0096601046
B1328294158356N00108788EA0096401044
B1328304158353N00108789EA0096101041
B1328314158350N00108791EA0095601037
B1328324158347N00108792EA0095601034
B1328334158344N00108794EA0095301031
B1328344158340N00108795EA0095001029
B1328354158338N00108796EA0094701026
B1328364158335N00108796EA0094501024
B1328374158333N00108797EA0094301020
B1328384158329N00108798EA0093801016
B1328394158326N00108800EA0093501012
B1328404158322N00108801EA0093201009
B1328414158318N00108802EA0093001007
B1328424158314N00108803EA0092901005
B1328434158311N00108805EA0092701004
B1328444158308N00108807EA0092601002
B1328454158306N00108809EA0092301000
B1328464158303N00108810EA0092100997
B1328474158300N00108812EA0091700994
B1328484158297N00108814EA0091500991
B1328494158294N00108816EA0091300989
B1328504158290N00108817EA0091100986
B1328514158287N00108818EA0090800984
B1328524158284N00108819EA0090400981
B1328534158281N00108820EA0090100978
B1328544158278N00108821EA0090000975
B1328554158274N00108822EA0089700971
B1328564158270N00108823EA0089400969
B1328574158267N00108823EA0089200967
B1328584158264N00108824EA0088900964
B1328594158261N00108825EA0088700961
B1329004158259N00108826EA0088400958
B1329014158255N00108827EA0088000954
B1329024158252N00108827EA0087700950
B1329034158249N00108827EA0087300947
B1329044158245N00108827EA0087200944
B1329054158242N00108828EA0086900941
B1329064158239N00108828EA0086500938
B1329074158236N00108829EA0086200935
B1329084158233N00108830EA0085800932
B1329094158230N00108830EA0085500928
B1329104158227N00108829EA0085500926
B1329114158225N00108829EA0085200923
B1329124158222N00108829EA0085000921
B1329134158220N00108830EA0084800920
B1329144158217N00108832EA0084500917
B1329154158214N00108833EA0084400915
B1329164158212N00108835EA0084300912
B1329174158209N00108836EA0083900909
B1329184158205N00108837EA0083400906
B1329194158201N00108838EA0083200903
B1329204158198N00108839EA0083100901
B1329214158194N00108840EA0082900899
B1329224158191N00108841EA0082800898
B1329234158188N00108842EA0082500895
B1329244158185N00108844EA0082200892
B1329254158181N00108845EA0081900889
B1329264158177N00108846EA0081700886
B1329274158173N00108847EA0081500883
B1329284158169N00108847EA0081400882
B1329294158166N00108847EA0081200881
B1329304158163N00108848EA0081000880
B1329314158159N00108848EA0081000879
B1329324158155N00108848EA0081200880
B1329334158151N00108849EA0081600885
B1329344158150N00108851EA0082100890
B1329354158150N00108853EA0082300893
B1329364158151N00108855EA0082400894
B1329374158151N00108856EA0082300893
B1329384158149N00108858EA0082500893
B1329394158147N00108859EA0082600895
B1329404158145N00108860EA0082900898
B1329414158144N00108859EA0083100901
B1329424158144N00108858EA0083200902
B1329434158144N00108858EA0083300903
B1329444158142N00108859EA0083500904
B1329454158140N00108861EA0083700907
B1329464158139N00108866EA0084000909
B1329474158139N00108873EA0084300912
B1329484158140N00108881EA0084500915
B1329494158143N00108889EA0084700918
B1329504158147N00108898EA0084800919
B1329514158154N00108905EA0085000920
B1329524158162N00108911EA0085100921
B1329534158171N00108914EA0085100922
B1329544158179N00108915EA0085100923
B1329554158186N00108912EA0085200923
B1329564158191N00108909EA0085300924
B1329574158195N00108905EA0085600926
B1329584158198N00108902EA0085800929
B1329594158200N00108900EA0085800931
B1330004158201N00108898EA0086000932
B1330014158202N00108896EA0086200934
B1330024158202N00108894EA0086400936
B1330034158201N00108891EA0086900938
B1330044158201N00108889EA0087000942
B1330054158201N00108889EA0087200946
B1330064158202N00108889EA0087500948
B1330074158201N00108890EA0087700950
B1330084158200N00108892EA0087800950
B1330094158199N00108896EA0087800951
B1330104158198N00108904EA0087800951
B1330114158200N00108915EA0087800951
B1330124158206N00108926EA0087800951
B1330134158214N00108934EA0088100953
B1330144158222N00108938EA0088400956
B1330154158231N00108939EA0088500959
B1330164158237N00108938EA0088900962
B1330174158243N00108936EA0089100964
B1330184158247N00108934EA0089200966
B1330194158251N00108931EA0089300968
B1330204158254N00108928EA0089500970
B1330214158255N00108926EA0089800972
B1330224158255N00108925EA0089800974
B1330234158254N00108925EA0090000975
B1330244158253N00108927EA0090000975
B1330254158251N00108931EA0090200977
B1330264158250N00108935EA0090200978
B1330274158249N00108942EA0090300978
B1330284158250N00108951EA0090300978
B1330294158252N00108961EA0090200978
B1330304158257N00108971EA0090300979
B1330314158264N00108979EA0090500980
B1330324158271N00108985EA0090500981
B1330334158279N00108989EA0090600982
B1330344158287N00108990EA0090800982
B1330354158294N00108990EA0090800983
B1330364158300N00108987EA0090800984
B1330374158304N00108984EA0091000985
B1330384158307N00108981EA0091000987
B1330394158311N00108978EA0091200989
B1330404158314N00108976EA0091500990
B1330414158317N00108975EA0091400991
B1330424158319N00108973EA0091400991
B1330434158320N00108971EA0091500992
B1330444158322N00108968EA0091600993
B1330454158322N00108966EA0091700994
B1330464158322N00108966EA0091900995
B1330474158321N00108966EA0092000997
B1330484158321N00108966EA0092300999
B1330494158321N00108965EA0092401001
B1330504158321N00108964EA0092501003
B1330514158321N00108964EA0092501003
B1330524158320N00108965EA0092501003
B1330534158317N00108966EA0092501002
B1330544158315N00108969EA0092401002
B1330554158312N00108972EA0092501002
B1330564158310N00108976EA0092501003
B1330574158310N00108981EA0092601004
B1330584158309N00108987EA0092601004
B1330594158309N00108994EA0092501003
B1331004158309N00109002EA0092701004
B1331014158309N00109011EA0092801005
B1331024158309N00109018EA0093001008
B1331034158311N00109025EA0093101009
B1331044158313N00109031EA0093001009
B1331054158318N00109039EA0092901008
B1331064158323N00109047EA0092801006
B1331074158331N00109054EA0092701006
B1331084158338N00109059EA0092801006
B1331094158346N00109063EA0092801007
B1331104158353N00109064EA0092801006
B1331114158359N00109063EA0092601005
B1331124158363N00109060EA0092701005
B1331134158366N00109056EA0092801005
B1331144158366N00109054EA0092801007
B1331154158366N00109053EA0093001009
B1331164158366N00109053EA0093301011
B1331174158366N00109053EA0093301012
B1331184158367N00109051EA0093301012
B1331194158368N00109049EA0093301012
B1331204158368N00109047EA0093401012
B1331214158368N00109044EA0093401012
B1331224158368N00109042EA0093401013
B1331234158369N00109040EA0093401012
B1331244158369N00109038EA0093201011
B1331254158369N00109035EA0093101010
B1331264158368N00109032EA0093101009
B1331274158367N00109029EA0093201010
B1331284158367N00109027EA0093301010
B1331294158368N00109025EA0093001010
B1331304158368N00109023EA0093001008
B1331314158369N00109022EA0092601005
B1331324158368N00109019EA0092401002
B1331334158367N00109017EA0092200999
B1331344158365N00109016EA0091700996
B1331354158362N00109015EA0091600993
B1331364158359N00109015EA0091400991
B1331374158356N00109015EA0091200989
B1331384158353N00109014EA0091000987
B1331394158350N00109013EA0090800985
B1331404158347N00109012EA0090600984
B1331414158345N00109013EA0090500982
B1331424158343N00109013EA0090300980
B1331434158340N00109014EA0090100978
B1331444158338N00109014EA0089800975
B1331454158335N00109014EA0089500972
B1331464158333N00109014EA0089500970
B1331474158330N00109014EA0089100967
B1331484158328N00109013EA0088700964
B1331494158326N00109012EA0088500960
B1331504158324N00109011EA0088000957
B1331514158321N00109010EA0087600953
B1331524158318N00109009EA0087400950
B1331534158315N00109008EA0087300947
B1331544158313N00109007EA0087000945
B1331554158310N00109006EA0086600941
B1331564158307N00109006EA0086100937
B1331574158303N00109005EA0086000933
B1331584158300N00109004EA0085700929
B1331594158297N00109003EA0085100926
B1332004158294N00109002EA0084900923
B1332014158291N00109002EA0084500920
B1332024158288N00109001EA0084300916
B1332034158285N00109001EA0084000913
B1332044158282N00109000EA0083600909
B1332054158279N00109000EA0083300906
B1332064158276N00108999EA0082900902
B1332074158273N00108998EA0082500898
B1332084158269N00108998EA0082300894
B1332094158265N00108997EA0081900890
B1332104158261N00108996EA0081500886
B1332114158258N00108995EA0081000882
B1332124158254N00108993EA0080600879
B1332134158251N00108992EA0080400875
B1332144158247N00108990EA0080000871
B1332154158244N00108988EA0079700868
B1332164158240N00108987EA0079500865
B1332174158237N00108985EA0079000862
B1332184158233N00108983EA0078900859
B1332194158230N00108981EA0078700857
B1332204158227N00108979EA0078500855
B1332214158225N00108978EA0078200852
B1332224158222N00108976EA0077800849
B1332234158220N00108975EA0077400846
B1332244158217N00108973EA0077300842
B1332254158214N00108972EA0076900838
B1332264158211N00108969EA0076600835
B1332274158208N00108967EA0076400832
B1332284158205N00108964EA0076000830
B1332294158203N00108962EA0075700828
B1332304158201N00108960EA0075700825
B1332314158198N00108957EA0075600823
B1332324158196N00108955EA0075300821
B1332334158194N00108953EA0075000819
B1332344158192N00108951EA0074800816
B1332354158190N00108949EA0074800814
B1332364158188N00108947EA0074300810
B1332374158185N00108945EA0073900807
B1332384158183N00108942EA0073700803
B1332394158180N00108940EA0073400801
B1332404158177N00108938EA0073300799
B1332414158175N00108936EA0073200797
B1332424158173N00108934EA0073000795
B1332434158170N00108932EA0072700793
B1332444158168N00108930EA0072400790
B1332454158166N00108928EA0072100786
B1332464158163N00108926EA0072000784
B1332474158161N00108924EA0071700781
B1332484158158N00108921EA0071400777
B1332494158155N00108918EA0071200775
B1332504158153N00108915EA0071100774
B1332514158151N00108913EA0070900772
B1332524158149N00108912EA0070700770
B1332534158147N00108910EA0070400767
B1332544158145N00108908EA0070100764
B1332554158143N00108906EA0069900761
B1332564158141N00108902EA0069700759
B1332574158139N00108899EA0069600758
B1332584158137N00108897EA0069500757
B1332594158135N00108896EA0069400755
B1333004158133N00108895EA0069100753
B1333014158131N00108893EA0069000751
B1333024158128N00108893EA0068800748
B1333034158125N00108894EA0068300744
B1333044158120N00108896EA0068000741
B1333054158116N00108900EA0067800739
B1333064158111N00108903EA0067800738
B1333074158107N00108907EA0067700738
B1333084158104N00108911EA0067700736
B1333094158101N00108916EA0067400734
B1333104158098N00108920EA0067100732
B1333114158095N00108925EA0066900729
B1333124158092N00108929EA0066600727
B1333134158089N00108934EA0066600725
B1333144158086N00108940EA0066300723
B1333154158083N00108947EA0066300723
B1333164158081N00108953EA0066300722
B1333174158079N00108957EA0066200721
B1333184158077N00108961EA0066100719
B1333194158075N00108965EA0065700716
B1333204158073N00108970EA0065400713
B1333214158070N00108975EA0065200710
B1333224158068N00108979EA0065000708
B1333234158065N00108983EA0064800707
B1333244158063N00108986EA0064700705
B1333254158062N00108989EA0064400702
B1333264158059N00108993EA0064100698
B1333274158057N00108997EA0063600695
B1333284158053N00109001EA0063600694
B1333294158051N00109004EA0063600692
B1333304158048N00109008EA0063500691
B1333314158047N00109011EA0063200689
B1333324158045N00109013EA0062800686
B1333334158043N00109017EA0062500683
B1333344158041N00109021EA0062400679
B1333354158038N00109025EA0062000676
B1333364158035N00109029EA0061900675
B1333374158033N00109032EA0061800674
B1333384158032N00109035EA0061500672
B1333394158030N00109039EA0061200669
B1333404158028N00109042EA0061100665
B1333414158025N00109046EA0060700662
B1333424158022N00109049EA0060600660
B1333434158019N00109052EA0060500659
B1333444158017N00109054EA0060200657
B1333454158015N00109058EA0060200655
B1333464158013N00109061EA0059700651
B1333474158010N00109065EA0059400648
B1333484158006N00109068EA0059200645
B1333494158003N00109071EA0059100643
B1333504158000N00109075EA0058900642
B1333514157998N00109079EA0058900641
B1333524157997N00109083EA0058600638
B1333534157994N00109086EA0058100634
B1333544157991N00109090EA0057600629
B1333554157987N00109094EA0057400627
B1333564157984N00109098EA0057400626
B1333574157981N00109101EA0057500626
B1333584157979N00109103EA0057300625
B1333594157977N00109106EA0057100623
B1334004157975N00109109EA0056700620
B1334014157972N00109112EA0056500616
B1334024157968N00109114EA0056200613
B1334034157964N00109116EA0056100612
B1334044157962N00109118EA0056000611
B1334054157959N00109121EA0055800610
B1334064157957N00109125EA0055600607
B1334074157955N00109127EA0055400603
B1334084157951N00109130EA0055000600
B1334094157948N00109133EA0054700597
B1334104157945N00109136EA0054600596
B1334114157942N00109139EA0054400594
B1334124157940N00109141EA0054300592
B1334134157938N00109143EA0053900589
B1334144157935N00109146EA0053600586
B1334154157932N00109148EA0053300583
B1334164157928N00109150EA0053200581
B1334174157925N00109152EA0053000580
B1334184157923N00109154EA0052900578
B1334194157920N00109156EA0052600576
B1334204157918N00109158EA0052300573
B1334214157915N00109160EA0051800569
B1334224157912N00109162EA0051400565
B1334234157908N00109163EA0051400562
B1334244157904N00109164EA0051300561
B1334254157901N00109166EA0051300560
B1334264157898N00109169EA0051200560
B1334274157895N00109171EA0051000557
B1334284157892N00109174EA0050700554
B1334294157887N00109176EA0050400551
B1334304157882N00109178EA0050300550
B1334314157878N00109181EA0050400550
B1334324157873N00109185EA0050500551
B1334334157870N00109189EA0050600552
B1334344157868N00109192EA0050600553
B1334354157866N00109196EA0050600553
B1334364157864N00109200EA0050300551
B1334374157862N00109204EA0050000548
B1334384157859N00109209EA0049700545
B1334394157855N00109214EA0049700543
B1334404157853N00109219EA0049600542
B1334414157850N00109223EA0049500541
B1334424157848N00109226EA0049500541
B1334434157845N00109231EA0049500541
B1334444157843N00109235EA0049600541
B1334454157841N00109238EA0049400540
B1334464157839N00109241EA0049200539
B1334474157837N00109244EA0049000537
B1334484157835N00109247EA0048800534
B1334494157833N00109251EA0048500532
B1334504157831N00109255EA0048400530
B1334514157828N00109259EA0048400528
B1334524157825N00109262EA0048100527
B1334534157823N00109264EA0048000527
B1334544157821N00109268EA0047900526
B1334554157819N00109272EA0047800525
B1334564157817N00109275EA0047500523
B1334574157813N00109277EA0047400520
B1334584157810N00109279EA0047500519
B1334594157807N00109281EA0047600520
B1335004157805N00109286EA0047500520
B1335014157804N00109293EA0047600520
B1335024157803N00109299EA0047500520
B1335034157802N00109304EA0047600520
B1335044157800N00109306EA0047300518
B1335054157798N00109305EA0047200517
B1335064157795N00109303EA0047200517
B1335074157793N00109303EA0047400518
B1335084157792N00109306EA0047400518
B1335094157790N00109309EA0047000516
B1335104157788N00109310EA0046700513
B1335114157786N00109310EA0046600510
B1335124157783N00109308EA0046400508
B1335134157781N00109307EA0046400509
B1335144157779N00109307EA0046400510
B1335154157779N00109309EA0046400510
B1335164157779N00109309EA0046100507
B1335174157778N00109308EA0046000503
B1335184157776N00109306EA0045400500
B1335194157775N00109305EA0045500499
B1335204157774N00109303EA0045200498
B1335214157772N00109302EA0045400497
B1335224157770N00109302EA0045200496
B1335234157768N00109302EA0045000494
B1335244157766N00109301EA0044800492
B1335254157764N00109301EA0044400489
B1335264157762N00109299EA0044200486
B1335274157760N00109298EA0043800483
B1335284157758N00109297EA0043700480
B1335294157756N00109296EA0043500477
B1335304157754N00109294EA0043200474
B1335314157751N00109293EA0042900472
B1335324157748N00109291EA0042800470
B1335334157745N00109288EA0042700468
B1335344157743N00109287EA0042600466
B1335354157741N00109285EA0041000465
B1335364157740N00109285EA0042400464
B1335374157740N00109285EA0042400464
B1335384157740N00109285EA0042400464
B1335394157740N00109285EA0042500464
B1335404157740N00109285EA0042500464
B1335414157740N00109285EA0042300464
B1335424157740N00109285EA0042400464
B1335434157740N00109285EA0042400464
B1335444157740N00109285EA0042400464
B1335454157740N00109285EA0042400464
B1335464157740N00109285EA0042400464
B1335474157740N00109285EA0042500464
B1335484157740N00109285EA0042500464
B1335494157740N00109285EA0042500464
B1335504157740N00109285EA0042500464
B1335514157740N00109285EA0042400464
GRFKvLYs/t68+8tVjU22DfjXiRUmzB4l2FKkaIQuzTtskhhHGsUOrCOb15JKk4EdGzC1fjJ8Q4MZ
GkvVQsZ/d+EcgAxjkp+CUdQGlSGWX3hwoxV0YSI43J4VmwWpjTrRWe2TcUciQLqVIIoAlOHTyF6R
GF5CRJ96uanF6pLlW0sVWc=
