AXSFwn
HFDTEDATE:070826
HFPLTPILOTINCHARGE:Laia Luz
HFCM2CREW2:NIL
HFGTYGLIDERTYPE:Niviuk Ikuma 3 
HFGIDGLIDERID:NIL
HFDTMGPSDATUM:WGS84
HFRFWFIRMWAREVERSION:EU_2.00V
HFRHWHARDWAREVERSION:4.5
HFFTYFRTYPE:alfapilot,Voolaris Tracker
HFGPSRECEIVER:UBLOX,M10,72,50000,GPS,GLO,GAL
HFPRSPRESSALTSENSOR:ST,LPS22HB,10000
HFALGALTGPS:GEO
HFALPALTPRESSURE:ISA
HFTZNTIMEZONE:0
B1019354202765N00044764EA0144701563
B1019364202765N00044764EA0144701563
B1019374202765N00044763EA0144801563
B1019384202766N00044763EA0144701564
B1019394202766N00044764EA0144901564
B1019404202767N00044764EA0144801564
B1019414202766N00044763EA0144801564
B1019424202766N00044764EA0144701564
B1019434202765N00044764EA0144701564
B1019444202764N00044763EA0144501564
B1019454202763N00044762EA0144601564
B1019464202761N00044762EA0144701565
B1019474202759N00044761EA0144801567
B1019484202757N00044760EA0145301569
B1019494202756N00044759EA0145301570
B1019504202755N00044757EA0145401571
B1019514202754N00044755EA0145501571
B1019524202753N00044753EA0145501571
B1019534202751N00044750EA0145201572
B1019544202749N00044748EA0145801573
B1019554202747N00044746EA0145901575
B1019564202746N00044743EA0146101578
B1019574202744N00044741EA0146501581
B1019584202743N00044740EA0146601584
B1019594202742N00044739EA0146701585
B1020004202741N00044739EA0146801586
B1020014202739N00044740EA0146901587
B1020024202737N00044738EA0147001588
B1020034202736N00044734EA0147101589
B1020044202737N00044730EA0147201591
B1020054202740N00044725EA0147301593
B1020064202742N00044720EA0147601595
B1020074202743N00044714EA0147901597
B1020084202742N00044709EA0148001598
B1020094202740N00044706EA0148001600
B1020104202737N00044705EA0148201602
B1020114202734N00044707EA0148301603
B1020124202732N00044712EA0148601605
B1020134202730N00044719EA0148801607
B1020144202729N00044726EA0149201611
B1020154202727N00044733EA0149401615
B1020164202725N00044737EA0149701618
B1020174202722N00044740EA0149701619
B1020184202718N00044741EA0150001620
B1020194202715N00044741EA0150001621
B1020204202711N00044741EA0150101623
B1020214202709N00044740EA0150201624
B1020224202706N00044739EA0150201624
B1020234202703N00044737EA0150201624
B1020244202701N00044735EA0150301625
B1020254202699N00044733EA0150401625
B1020264202697N00044731EA0150301625
B1020274202694N00044729EA0150101623
B1020284202692N00044725EA0149901621
B1020294202689N00044721EA0149901621
B1020304202687N00044716EA0150101622
B1020314202687N00044710EA0150201623
B1020324202687N00044704EA0150101624
B1020334202688N00044698EA0150301625
B1020344202690N00044692EA0150401625
B1020354202693N00044688EA0150401625
B1020364202697N00044683EA0150301624
B1020374202701N00044679EA0150201624
B1020384202706N00044675EA0150101623
B1020394202710N00044671EA0150201624
B1020404202714N00044667EA0150301625
B1020414202715N00044662EA0150301626
B1020424202714N00044657EA0150201626
B1020434202712N00044653EA0150201624
B1020444202708N00044651EA0150001622
B1020454202704N00044650EA0149801620
B1020464202701N00044651EA0149701620
B1020474202698N00044653EA0149501618
B1020484202697N00044657EA0149501617
B1020494202696N00044662EA0149101614
B1020504202693N00044666EA0149001611
B1020514202689N00044670EA0148601609
B1020524202685N00044676EA0148601608
B1020534202681N00044682EA0148801609
B1020544202679N00044689EA0149001612
B1020554202678N00044694EA0149301615
B1020564202678N00044699EA0149301616
B1020574202677N00044704EA0149301616
B1020584202677N00044709EA0149301616
B1020594202678N00044715EA0149301616
B1021004202678N00044721EA0149601617
B1021014202679N00044728EA0149701618
B1021024202679N00044734EA0149801620
B1021034202680N00044740EA0149701621
B1021044202681N00044746EA0149901621
B1021054202683N00044754EA0149801621
B1021064202685N00044761EA0150001622
B1021074202688N00044768EA0150001623
B1021084202693N00044774EA0150001623
B1021094202699N00044778EA0149801621
B1021104202706N00044779EA0149801620
B1021114202713N00044777EA0149901622
B1021124202718N00044772EA0150301624
B1021134202719N00044767EA0150301626
B1021144202717N00044763EA0150501627
B1021154202713N00044763EA0150701628
B1021164202710N00044768EA0150601629
B1021174202709N00044775EA0150701630
B1021184202711N00044783EA0150801629
B1021194202715N00044791EA0150901630
B1021204202718N00044798EA0150801631
B1021214202719N00044804EA0150801631
B1021224202717N00044810EA0150601630
B1021234202715N00044814EA0150601629
B1021244202712N00044816EA0150801630
B1021254202710N00044818EA0150801631
B1021264202709N00044819EA0150701631
B1021274202707N00044818EA0150601630
B1021284202705N00044815EA0150801630
B1021294202704N00044811EA0150901631
B1021304202702N00044806EA0151201634
B1021314202701N00044802EA0151601637
B1021324202701N00044798EA0151801640
B1021334202702N00044793EA0151701641
B1021344202703N00044788EA0151701640
B1021354202704N00044782EA0151601639
B1021364202705N00044775EA0151701640
B1021374202704N00044770EA0151901641
B1021384202704N00044766EA0152101643
B1021394202705N00044762EA0152101644
B1021404202708N00044757EA0152001643
B1021414202711N00044752EA0152001643
B1021424202715N00044746EA0152001642
B1021434202718N00044740EA0152301643
B1021444202720N00044734EA0152401646
B1021454202719N00044728EA0152601647
B1021464202716N00044724EA0152401648
B1021474202712N00044722EA0152501648
B1021484202708N00044722EA0152701649
B1021494202705N00044724EA0152801651
B1021504202703N00044727EA0152601650
B1021514202702N00044732EA0152501648
B1021524202701N00044738EA0152501647
B1021534202701N00044745EA0152501648
B1021544202701N00044751EA0152701649
B1021554202701N00044758EA0152701651
B1021564202701N00044763EA0152801652
B1021574202699N00044768EA0152901652
B1021584202697N00044772EA0152901653
B1021594202694N00044774EA0153101653
B1022004202692N00044775EA0153001654
B1022014202690N00044776EA0153001654
B1022024202689N00044776EA0152901653
B1022034202687N00044777EA0152501650
B1022044202685N00044778EA0152301648
B1022054202681N00044778EA0152501646
B1022064202676N00044780EA0152301648
B1022074202672N00044782EA0152801650
B1022084202669N00044785EA0152801652
B1022094202666N00044787EA0152901654
B1022104202664N00044789EA0153001653
B1022114202662N00044792EA0152801652
B1022124202660N00044797EA0152701650
B1022134202658N00044801EA0152301647
B1022144202656N00044808EA0152101644
B1022154202656N00044814EA0151801642
B1022164202655N00044822EA0151601640
B1022174202655N00044829EA0151301637
B1022184202655N00044837EA0151201635
B1022194202654N00044845EA0151301634
B1022204202653N00044852EA0151301635
B1022214202652N00044859EA0151301636
B1022224202651N00044866EA0151401637
B1022234202650N00044871EA0151401637
B1022244202649N00044877EA0151201636
B1022254202647N00044882EA0151101634
B1022264202646N00044888EA0150801631
B1022274202644N00044894EA0150701630
B1022284202643N00044900EA0150701630
B1022294202642N00044906EA0150701630
B1022304202641N00044912EA0150601629
B1022314202640N00044918EA0150301627
B1022324202639N00044924EA0150101624
B1022334202637N00044931EA0150101623
B1022344202635N00044938EA0150201623
B1022354202633N00044945EA0150101623
B1022364202632N00044950EA0150201624
B1022374202631N00044956EA0150201625
B1022384202629N00044962EA0150301625
B1022394202629N00044967EA0150101625
B1022404202628N00044973EA0150101624
B1022414202626N00044978EA0150101623
B1022424202624N00044985EA0150101623
B1022434202622N00044991EA0150201624
B1022444202620N00044996EA0150401626
B1022454202619N00044999EA0150401627
B1022464202616N00045001EA0150401627
B1022474202614N00045001EA0150401626
B1022484202612N00044999EA0150301626
B1022494202612N00044995EA0150401626
B1022504202612N00044990EA0150301625
B1022514202614N00044985EA0150301625
B1022524202616N00044981EA0150301626
B1022534202618N00044976EA0150301626
B1022544202619N00044971EA0150301626
B1022554202621N00044966EA0150401626
B1022564202622N00044961EA0150401626
B1022574202624N00044957EA0150301626
B1022584202625N00044952EA0150301625
B1022594202627N00044947EA0150101624
B1023004202628N00044941EA0150101623
B1023014202630N00044936EA0149901623
B1023024202631N00044930EA0150101623
B1023034202632N00044926EA0150101623
B1023044202633N00044922EA0149801621
B1023054202634N00044918EA0149501619
B1023064202634N00044913EA0149301616
B1023074202633N00044908EA0149101614
B1023084202630N00044905EA0149001612
B1023094202627N00044904EA0148801610
B1023104202623N00044907EA0148401607
B1023114202620N00044913EA0148301605
B1023124202617N00044920EA0148201604
B1023134202615N00044927EA0148201604
B1023144202614N00044933EA0148001603
B1023154202612N00044940EA0148001601
B1023164202611N00044947EA0147801600
B1023174202609N00044954EA0147701599
B1023184202607N00044961EA0147701598
B1023194202605N00044968EA0147701598
B1023204202604N00044975EA0147601597
B1023214202602N00044982EA0147401596
B1023224202600N00044988EA0147401595
B1023234202599N00044995EA0147301594
B1023244202597N00045002EA0147201594
B1023254202595N00045009EA0147401595
B1023264202593N00045015EA0147501596
B1023274202591N00045021EA0147601597
B1023284202589N00045027EA0147701597
B1023294202588N00045033EA0147301596
B1023304202586N00045038EA0147301595
B1023314202585N00045044EA0147201595
B1023324202584N00045051EA0147401595
B1023334202582N00045057EA0147401595
B1023344202580N00045063EA0147401595
B1023354202579N00045068EA0147401595
B1023364202578N00045073EA0147301594
B1023374202576N00045079EA0147201593
B1023384202574N00045085EA0147201593
B1023394202572N00045091EA0147201593
B1023404202570N00045096EA0147301594
B1023414202568N00045102EA0147301594
B1023424202567N00045107EA0147101594
B1023434202566N00045113EA0147201594
B1023444202565N00045120EA0147201593
B1023454202563N00045126EA0147101593
B1023464202561N00045133EA0147301593
B1023474202558N00045138EA0147101594
B1023484202556N00045144EA0147201593
B1023494202554N00045151EA0147201593
B1023504202552N00045157EA0147101593
B1023514202550N00045163EA0147001593
B1023524202548N00045170EA0147001592
B1023534202546N00045176EA0147101591
B1023544202543N00045183EA0147001592
B1023554202540N00045189EA0147301593
B1023564202538N00045195EA0147201593
B1023574202537N00045201EA0147101593
B1023584202535N00045208EA0147101592
B1023594202533N00045215EA0147201593
B1024004202530N00045221EA0147201593
B1024014202528N00045226EA0147301593
B1024024202527N00045232EA0147201593
B1024034202525N00045239EA0147201593
B1024044202524N00045245EA0147101592
B1024054202523N00045252EA0146901591
B1024064202521N00045259EA0146901590
B1024074202520N00045266EA0146701589
B1024084202518N00045273EA0146601587
B1024094202516N00045280EA0146401586
B1024104202514N00045287EA0146301585
B1024114202511N00045294EA0146301584
B1024124202509N00045301EA0146201583
B1024134202506N00045307EA0146201583
B1024144202504N00045313EA0146201582
B1024154202501N00045319EA0146101582
B1024164202499N00045324EA0145901580
B1024174202497N00045330EA0145701578
B1024184202494N00045337EA0145501577
B1024194202492N00045343EA0145601576
B1024204202489N00045350EA0145601576
B1024214202486N00045357EA0145701577
B1024224202483N00045363EA0145801578
B1024234202481N00045369EA0145701579
B1024244202478N00045374EA0145801579
B1024254202475N00045380EA0145801579
B1024264202473N00045387EA0145901579
B1024274202471N00045394EA0145901580
B1024284202470N00045400EA0145801580
B1024294202467N00045406EA0145701579
B1024304202464N00045411EA0145501577
B1024314202461N00045417EA0145401575
B1024324202458N00045423EA0145401574
B1024334202455N00045429EA0145301574
B1024344202452N00045435EA0145301574
B1024354202449N00045440EA0145201574
B1024364202446N00045447EA0145101572
B1024374202444N00045453EA0144901571
B1024384202441N00045460EA0144901570
B1024394202438N00045467EA0144801569
B1024404202435N00045473EA0144801569
B1024414202431N00045480EA0144801569
B1024424202428N00045486EA0144801569
B1024434202424N00045493EA0145001571
B1024444202421N00045500EA0145301572
B1024454202418N00045505EA0145101572
B1024464202415N00045511EA0145201572
B1024474202411N00045516EA0145101572
B1024484202407N00045521EA0145001572
B1024494202403N00045527EA0145101572
B1024504202399N00045532EA0145001571
B1024514202394N00045537EA0145101572
B1024524202390N00045542EA0145201572
B1024534202386N00045547EA0145201573
B1024544202383N00045551EA0145301572
B1024554202379N00045556EA0145301572
B1024564202375N00045562EA0145101571
B1024574202371N00045568EA0145101571
B1024584202367N00045574EA0144901570
B1024594202364N00045581EA0145001570
B1025004202361N00045587EA0145001570
B1025014202360N00045595EA0144901569
B1025024202359N00045604EA0144901569
B1025034202359N00045613EA0144801568
B1025044202358N00045622EA0144801568
B1025054202357N00045630EA0144801568
B1025064202357N00045638EA0144601568
B1025074202356N00045647EA0144701567
B1025084202355N00045655EA0144701567
B1025094202353N00045663EA0144701567
B1025104202351N00045671EA0144701568
B1025114202349N00045678EA0144801568
B1025124202347N00045685EA0144701568
B1025134202345N00045693EA0144801567
B1025144202343N00045701EA0144701567
B1025154202341N00045708EA0144601566
B1025164202338N00045716EA0144601565
B1025174202336N00045723EA0144501565
B1025184202333N00045730EA0144301565
B1025194202332N00045738EA0144501564
B1025204202330N00045746EA0144501563
B1025214202328N00045754EA0144401563
B1025224202326N00045761EA0144101562
B1025234202324N00045769EA0144101561
B1025244202323N00045778EA0144101560
B1025254202321N00045786EA0144001560
B1025264202319N00045793EA0144101559
B1025274202315N00045799EA0143801558
B1025284202310N00045802EA0143401555
B1025294202305N00045802EA0143301553
B1025304202301N00045799EA0143201551
B1025314202298N00045795EA0143101550
B1025324202298N00045790EA0143101549
B1025334202298N00045785EA0143001548
B1025344202300N00045780EA0142801547
B1025354202301N00045775EA0142801546
B1025364202302N00045769EA0142701545
B1025374202303N00045764EA0142801546
B1025384202304N00045760EA0142701545
B1025394202304N00045755EA0142701545
B1025404202305N00045751EA0142801545
B1025414202307N00045746EA0142501543
B1025424202308N00045742EA0142401542
B1025434202309N00045737EA0142201540
B1025444202309N00045733EA0142101538
B1025454202307N00045727EA0141901537
B1025464202304N00045722EA0142001536
B1025474202301N00045717EA0142001537
B1025484202299N00045712EA0142101538
B1025494202297N00045707EA0142201539
B1025504202295N00045703EA0142101539
B1025514202294N00045697EA0142101539
B1025524202292N00045692EA0142201539
B1025534202290N00045686EA0142101539
B1025544202289N00045681EA0142001538
B1025554202288N00045676EA0141901537
B1025564202286N00045672EA0141601535
B1025574202284N00045668EA0141201532
B1025584202281N00045663EA0141101529
B1025594202278N00045658EA0140901527
B1026004202275N00045653EA0140901526
B1026014202272N00045649EA0140701526
B1026024202269N00045645EA0140701525
B1026034202267N00045641EA0140401523
B1026044202264N00045636EA0140401522
B1026054202262N00045633EA0140301520
B1026064202259N00045629EA0140201519
B1026074202256N00045625EA0139801516
B1026084202253N00045621EA0139401512
B1026094202251N00045616EA0139301510
B1026104202249N00045611EA0139101508
B1026114202248N00045606EA0139101507
B1026124202247N00045601EA0138801505
B1026134202245N00045596EA0138701504
B1026144202242N00045590EA0138701503
B1026154202241N00045585EA0138701503
B1026164202240N00045580EA0138801503
B1026174202239N00045575EA0138701504
B1026184202239N00045571EA0138701503
B1026194202238N00045566EA0138501501
B1026204202236N00045561EA0138401500
B1026214202235N00045556EA0138401500
B1026224202233N00045551EA0138501500
B1026234202231N00045547EA0138401500
B1026244202229N00045543EA0138301499
B1026254202227N00045538EA0138401499
B1026264202226N00045533EA0138301499
B1026274202224N00045527EA0138201499
B1026284202223N00045522EA0138401500
B1026294202221N00045517EA0138501500
B1026304202219N00045513EA0138501501
B1026314202217N00045509EA0138501501
B1026324202216N00045506EA0138501500
B1026334202215N00045502EA0138301499
B1026344202214N00045496EA0138001497
B1026354202215N00045490EA0138101496
B1026364202215N00045484EA0138101497
B1026374202216N00045479EA0137901497
B1026384202217N00045475EA0138001496
B1026394202217N00045470EA0137701493
B1026404202218N00045465EA0137501491
B1026414202219N00045459EA0137401489
B1026424202220N00045453EA0137201488
B1026434202221N00045448EA0137101487
B1026444202221N00045442EA0137001485
B1026454202222N00045437EA0136701483
B1026464202222N00045432EA0136501480
B1026474202222N00045426EA0136401479
B1026484202223N00045421EA0136401478
B1026494202224N00045417EA0136201477
B1026504202225N00045413EA0136001475
B1026514202226N00045408EA0135901473
B1026524202226N00045402EA0135801472
B1026534202227N00045398EA0135601471
B1026544202228N00045394EA0135501470
B1026554202230N00045390EA0135601468
B1026564202231N00045386EA0135101466
B1026574202232N00045381EA0134801463
B1026584202233N00045376EA0134601462
B1026594202233N00045371EA0134701461
B1027004202234N00045366EA0134601460
B1027014202236N00045363EA0134601459
B1027024202237N00045359EA0134501459
B1027034202239N00045355EA0134401457
B1027044202241N00045350EA0134301456
B1027054202241N00045345EA0134301456
B1027064202241N00045341EA0134301455
B1027074202241N00045336EA0134301455
B1027084202241N00045330EA0134301455
B1027094202241N00045326EA0134301456
B1027104202241N00045321EA0134401457
B1027114202242N00045317EA0134301456
B1027124202242N00045312EA0134301456
B1027134202242N00045307EA0134301455
B1027144202242N00045302EA0134201455
B1027154202242N00045296EA0134201455
B1027164202241N00045290EA0134301455
B1027174202241N00045284EA0134301456
B1027184202240N00045279EA0134501456
B1027194202240N00045274EA0134401456
B1027204202240N00045270EA0134201455
B1027214202238N00045265EA0134001453
B1027224202237N00045259EA0133701451
B1027234202236N00045253EA0133901451
B1027244202236N00045247EA0133901451
B1027254202235N00045243EA0133801451
B1027264202234N00045238EA0133701450
B1027274202233N00045233EA0133501448
B1027284202231N00045228EA0133501447
B1027294202229N00045223EA0133401446
B1027304202227N00045219EA0133101445
B1027314202224N00045215EA0133101443
B1027324202222N00045211EA0132901441
B1027334202219N00045206EA0132801440
B1027344202217N00045201EA0132701439
B1027354202216N00045197EA0132701439
B1027364202214N00045193EA0132501437
B1027374202213N00045188EA0132301436
B1027384202211N00045183EA0132301435
B1027394202210N00045178EA0132201435
B1027404202208N00045173EA0132301435
B1027414202207N00045168EA0132201434
B1027424202206N00045164EA0132001433
B1027434202204N00045160EA0131901432
B1027444202202N00045155EA0131701430
B1027454202200N00045152EA0131701429
B1027464202197N00045148EA0131501428
B1027474202195N00045145EA0131401427
B1027484202193N00045142EA0131201425
B1027494202191N00045138EA0131101424
B1027504202189N00045135EA0131101423
B1027514202186N00045132EA0131001422
B1027524202184N00045129EA0130801421
B1027534202181N00045126EA0130801419
B1027544202177N00045124EA0130701418
B1027554202174N00045121EA0130501418
B1027564202172N00045118EA0130601417
B1027574202169N00045114EA0130501416
B1027584202166N00045112EA0130201414
B1027594202162N00045110EA0130201413
B1028004202159N00045108EA0130001412
B1028014202156N00045105EA0129901411
B1028024202152N00045102EA0129901410
B1028034202149N00045099EA0129701409
B1028044202146N00045096EA0129701407
B1028054202142N00045092EA0129401406
B1028064202139N00045088EA0129601406
B1028074202136N00045085EA0129601406
B1028084202133N00045083EA0129401405
B1028094202130N00045080EA0129201403
B1028104202126N00045077EA0129001400
B1028114202123N00045072EA0128801399
B1028124202120N00045069EA0128801398
B1028134202116N00045065EA0128801398
B1028144202113N00045063EA0128701398
B1028154202110N00045060EA0128601396
B1028164202107N00045057EA0128401395
B1028174202103N00045054EA0128301394
B1028184202099N00045051EA0128201393
B1028194202095N00045048EA0128301393
B1028204202091N00045045EA0128401393
B1028214202087N00045042EA0128501394
B1028224202084N00045039EA0128501395
B1028234202079N00045037EA0128601395
B1028244202076N00045035EA0128601395
B1028254202072N00045033EA0128501395
B1028264202068N00045031EA0128601396
B1028274202063N00045030EA0128601395
B1028284202059N00045029EA0128501395
B1028294202055N00045028EA0128401395
B1028304202052N00045026EA0128301394
B1028314202048N00045024EA0128201393
B1028324202044N00045023EA0128001392
B1028334202041N00045021EA0128101391
B1028344202037N00045020EA0128001390
B1028354202033N00045018EA0127901390
B1028364202030N00045017EA0128001389
B1028374202027N00045015EA0127901389
B1028384202023N00045014EA0127901388
B1028394202019N00045012EA0128001389
B1028404202015N00045012EA0127901389
B1028414202012N00045011EA0127901390
B1028424202008N00045012EA0127901389
B1028434202004N00045012EA0127901388
B1028444202000N00045013EA0127901388
B1028454201996N00045015EA0128001389
B1028464201992N00045018EA0128001391
B1028474201989N00045019EA0128001392
B1028484201986N00045018EA0128101391
B1028494201983N00045015EA0128001391
B1028504201982N00045010EA0128201391
B1028514201983N00045005EA0128301393
B1028524201986N00045001EA0128401394
B1028534201991N00044999EA0128201393
B1028544201997N00045000EA0128101391
B1028554202004N00045005EA0127901389
B1028564202009N00045013EA0127901389
B1028574202012N00045022EA0128001389
B1028584202011N00045031EA0127801389
B1028594202007N00045037EA0127701387
B1029004202003N00045039EA0127801388
B1029014201999N00045041EA0128001390
B1029024201996N00045043EA0128401393
B1029034201993N00045045EA0128401394
B1029044201991N00045046EA0128301394
B1029054201988N00045046EA0128101393
B1029064201985N00045044EA0128201392
B1029074201983N00045041EA0128301393
B1029084201981N00045038EA0128401394
B1029094201978N00045037EA0128401394
B1029104201975N00045036EA0128301394
B1029114201972N00045037EA0128101392
B1029124201967N00045039EA0127801390
B1029134201962N00045039EA0127901389
B1029144201957N00045040EA0128001390
B1029154201953N00045040EA0128101391
B1029164201949N00045042EA0128101393
B1029174201946N00045046EA0128001392
B1029184201945N00045053EA0127801389
B1029194201945N00045063EA0127701388
B1029204201948N00045072EA0127801388
B1029214201952N00045080EA0127801388
B1029224201958N00045084EA0127901389
B1029234201963N00045084EA0127701388
B1029244201967N00045082EA0127601387
B1029254201970N00045078EA0127601387
B1029264201972N00045074EA0127601387
B1029274201973N00045069EA0127701387
B1029284201973N00045066EA0127701387
B1029294201972N00045062EA0127601387
B1029304201970N00045059EA0127601387
B1029314201967N00045057EA0127701386
B1029324201964N00045056EA0127701386
B1029334201960N00045058EA0127601385
B1029344201956N00045061EA0127401384
B1029354201951N00045066EA0127301383
B1029364201948N00045070EA0127301383
B1029374201945N00045074EA0127301383
B1029384201942N00045078EA0127301382
B1029394201940N00045083EA0127201381
B1029404201937N00045089EA0127001380
B1029414201934N00045094EA0127101380
B1029424201930N00045098EA0127001379
B1029434201927N00045103EA0126901378
B1029444201924N00045109EA0126901378
B1029454201921N00045115EA0126701377
B1029464201918N00045121EA0126701376
B1029474201916N00045127EA0126701376
B1029484201913N00045133EA0126601375
B1029494201910N00045138EA0126401373
B1029504201907N00045144EA0126301372
B1029514201904N00045150EA0126301372
B1029524201901N00045156EA0126201371
B1029534201898N00045162EA0126201370
B1029544201896N00045168EA0126101369
B1029554201893N00045174EA0126001369
B1029564201891N00045181EA0125801368
B1029574201889N00045188EA0125801367
B1029584201887N00045195EA0125701366
B1029594201885N00045202EA0125501364
B1030004201883N00045209EA0125401363
B1030014201881N00045217EA0125301362
B1030024201880N00045224EA0125301361
B1030034201877N00045230EA0125101360
B1030044201874N00045235EA0125001358
B1030054201870N00045238EA0124701356
B1030064201865N00045238EA0124601355
B1030074201861N00045236EA0124701354
B1030084201859N00045232EA0124301352
B1030094201858N00045228EA0124201351
B1030104201858N00045224EA0124201350
B1030114201858N00045220EA0124001348
B1030124201857N00045215EA0123901347
B1030134201858N00045211EA0123801346
B1030144201859N00045205EA0123901347
B1030154201861N00045199EA0124001348
B1030164201861N00045194EA0124301350
B1030174201859N00045190EA0124301351
B1030184201855N00045190EA0124001349
B1030194201850N00045193EA0124101349
B1030204201845N00045200EA0124101349
B1030214201844N00045209EA0124201350
B1030224201846N00045218EA0124401351
B1030234201851N00045224EA0124201351
B1030244201857N00045226EA0124501351
B1030254201862N00045223EA0124701352
B1030264201865N00045219EA0124701354
B1030274201867N00045215EA0124901357
B1030284201867N00045211EA0125001358
B1030294201865N00045208EA0125101358
B1030304201862N00045207EA0124901357
B1030314201857N00045208EA0125001357
B1030324201852N00045212EA0125001356
B1030334201849N00045219EA0125101356
B1030344201848N00045227EA0124901356
B1030354201851N00045236EA0124901356
B1030364201856N00045242EA0125001356
B1030374201861N00045246EA0125001357
B1030384201866N00045246EA0125001357
B1030394201871N00045242EA0124901356
B1030404201874N00045237EA0125001356
B1030414201876N00045231EA0125201358
B1030424201877N00045225EA0125401360
B1030434201878N00045219EA0125501362
B1030444201878N00045215EA0125701363
B1030454201876N00045211EA0125801364
B1030464201873N00045208EA0125701364
B1030474201869N00045207EA0125601363
B1030484201864N00045209EA0125501362
B1030494201860N00045215EA0125501362
B1030504201859N00045222EA0125401360
B1030514201859N00045231EA0125201359
B1030524201862N00045240EA0125301358
B1030534201867N00045245EA0125201358
B1030544201873N00045246EA0125101358
B1030554201877N00045245EA0125301358
B1030564201881N00045241EA0125301359
B1030574201883N00045237EA0125501360
B1030584201883N00045233EA0125501361
B1030594201881N00045229EA0125301360
B1031004201877N00045228EA0125301359
B1031014201872N00045229EA0125201359
B1031024201867N00045232EA0125401359
B1031034201863N00045237EA0125301360
B1031044201861N00045244EA0125301359
B1031054201861N00045252EA0125101358
B1031064201863N00045260EA0124901356
B1031074201867N00045267EA0124801354
B1031084201873N00045270EA0124601353
B1031094201878N00045269EA0124301352
B1031104201882N00045264EA0124301350
B1031114201882N00045258EA0124301349
B1031124201881N00045251EA0124501350
B1031134201879N00045247EA0124601352
B1031144201878N00045244EA0124701353
B1031154201878N00045240EA0124601352
B1031164201876N00045236EA0124501351
B1031174201874N00045232EA0124401351
B1031184201873N00045228EA0124501352
B1031194201874N00045224EA0124501351
B1031204201875N00045220EA0124401351
B1031214201877N00045216EA0124501351
B1031224201877N00045212EA0124601352
B1031234201877N00045207EA0124801354
B1031244201877N00045203EA0125001355
B1031254201877N00045198EA0125201357
B1031264201875N00045194EA0125101358
B1031274201871N00045193EA0125001358
B1031284201867N00045196EA0125001357
B1031294201863N00045203EA0125101358
B1031304201860N00045210EA0125401360
B1031314201859N00045217EA0125601362
B1031324201860N00045224EA0125601362
B1031334201864N00045230EA0125301361
B1031344201870N00045235EA0125201359
B1031354201876N00045235EA0125301360
B1031364201881N00045232EA0125301360
B1031374201882N00045226EA0125301361
B1031384201881N00045221EA0125501362
B1031394201878N00045218EA0125701364
B1031404201876N00045218EA0125701365
B1031414201873N00045218EA0125601365
B1031424201868N00045219EA0125601364
B1031434201864N00045219EA0125601364
B1031444201860N00045218EA0125601365
B1031454201858N00045216EA0125701365
B1031464201858N00045212EA0125501364
B1031474201859N00045208EA0125501364
B1031484201860N00045203EA0125601364
B1031494201862N00045200EA0125701364
B1031504201863N00045196EA0125701364
B1031514201863N00045192EA0125601364
B1031524201860N00045189EA0125501362
B1031534201856N00045188EA0125501362
B1031544201851N00045190EA0125501363
B1031554201847N00045196EA0125501364
B1031564201846N00045203EA0125601364
B1031574201847N00045212EA0125501364
B1031584201850N00045220EA0125601364
B1031594201854N00045226EA0125501364
B1032004201859N00045230EA0125501363
B1032014201864N00045230EA0125501362
B1032024201869N00045228EA0125401362
B1032034201872N00045225EA0125501362
B1032044201874N00045221EA0125401362
B1032054201875N00045217EA0125301361
B1032064201874N00045212EA0125301360
B1032074201873N00045208EA0125401361
B1032084201871N00045205EA0125401362
B1032094201869N00045203EA0125401362
B1032104201865N00045203EA0125301361
B1032114201861N00045206EA0125201360
B1032124201856N00045210EA0125501361
B1032134201853N00045215EA0125501362
B1032144201851N00045221EA0125501362
B1032154201850N00045228EA0125301361
B1032164201851N00045236EA0125201359
B1032174201854N00045245EA0125201358
B1032184201858N00045252EA0125201359
B1032194201863N00045257EA0125101359
B1032204201869N00045257EA0125001357
B1032214201874N00045255EA0125001356
B1032224201877N00045250EA0125001357
B1032234201879N00045246EA0124901357
B1032244201879N00045242EA0124901357
B1032254201879N00045238EA0124801356
B1032264201878N00045233EA0124801355
B1032274201878N00045228EA0124901356
B1032284201878N00045224EA0125001357
B1032294201877N00045220EA0125201358
B1032304201877N00045217EA0125101358
B1032314201876N00045213EA0125101358
B1032324201876N00045209EA0125201358
B1032334201877N00045204EA0125201359
B1032344201877N00045200EA0125301360
B1032354201878N00045195EA0125501361
B1032364201878N00045190EA0125501362
B1032374201878N00045186EA0125501363
B1032384201876N00045184EA0125401362
B1032394201872N00045183EA0125301361
B1032404201867N00045185EA0125401361
B1032414201863N00045188EA0125501362
B1032424201860N00045193EA0125501363
B1032434201859N00045201EA0125401362
B1032444201860N00045211EA0125501362
B1032454201862N00045220EA0125501363
B1032464201866N00045227EA0125501363
B1032474201870N00045232EA0125401363
B1032484201877N00045233EA0125201361
B1032494201883N00045232EA0125301361
B1032504201889N00045229EA0125401362
B1032514201892N00045225EA0125601364
B1032524201894N00045221EA0125701365
B1032534201894N00045218EA0125701365
B1032544201892N00045214EA0125801365
B1032554201890N00045210EA0125801366
B1032564201888N00045208EA0125901366
B1032574201886N00045206EA0125701366
B1032584201882N00045205EA0125801366
B1032594201879N00045206EA0125901366
B1033004201875N00045206EA0125801367
B1033014201871N00045207EA0125901367
B1033024201867N00045208EA0125901368
B1033034201863N00045211EA0126101369
B1033044201860N00045216EA0126001369
B1033054201858N00045224EA0126001368
B1033064201859N00045233EA0125901368
B1033074201861N00045242EA0126001368
B1033084201864N00045249EA0126101369
B1033094201869N00045254EA0126001369
B1033104201875N00045255EA0126001369
B1033114201881N00045253EA0126101369
B1033124201884N00045249EA0126101369
B1033134201885N00045244EA0126301371
B1033144201885N00045240EA0126401372
B1033154201883N00045237EA0126401373
B1033164201880N00045235EA0126501373
B1033174201876N00045236EA0126301373
B1033184201872N00045241EA0126301372
B1033194201869N00045248EA0126501373
B1033204201867N00045256EA0126501374
B1033214201867N00045264EA0126601374
B1033224201870N00045271EA0126301373
B1033234201874N00045278EA0126501372
B1033244201880N00045281EA0126301372
B1033254201886N00045282EA0126501373
B1033264201891N00045281EA0126501373
B1033274201894N00045277EA0126501374
B1033284201896N00045272EA0126601375
B1033294201897N00045267EA0126901377
B1033304201897N00045263EA0127101379
B1033314201896N00045260EA0127001379
B1033324201894N00045257EA0127001379
B1033334201890N00045254EA0127001379
B1033344201886N00045253EA0127001379
B1033354201881N00045256EA0126901378
B1033364201877N00045261EA0126801377
B1033374201875N00045269EA0126901377
B1033384201875N00045278EA0126901377
B1033394201877N00045286EA0126901377
B1033404201881N00045292EA0126701376
B1033414201887N00045296EA0126801375
B1033424201893N00045297EA0126901377
B1033434201899N00045296EA0127201379
B1033444201903N00045292EA0127301381
B1033454201905N00045287EA0127301382
B1033464201904N00045282EA0127301382
B1033474201901N00045279EA0127301382
B1033484201897N00045279EA0127401382
B1033494201892N00045282EA0127301382
B1033504201889N00045288EA0127201381
B1033514201888N00045296EA0127201380
B1033524201888N00045305EA0127101380
B1033534201889N00045313EA0127101380
B1033544201892N00045321EA0127201380
B1033554201897N00045327EA0127101379
B1033564201903N00045331EA0127101380
B1033574201909N00045332EA0127301381
B1033584201914N00045329EA0127401382
B1033594201917N00045325EA0127501383
B1034004201917N00045320EA0127601384
B1034014201917N00045316EA0127701386
B1034024201916N00045312EA0128001387
B1034034201914N00045309EA0127801387
B1034044201912N00045306EA0127701386
B1034054201908N00045305EA0127601385
B1034064201904N00045306EA0127601384
B1034074201900N00045310EA0127601384
B1034084201896N00045317EA0127701385
B1034094201894N00045324EA0127801386
B1034104201893N00045332EA0127801386
B1034114201895N00045339EA0127601384
B1034124201899N00045346EA0127301382
B1034134201905N00045350EA0127201380
B1034144201911N00045349EA0127301380
B1034154201916N00045345EA0127501382
B1034164201918N00045340EA0127601383
B1034174201918N00045337EA0127701385
B1034184201918N00045334EA0127701385
B1034194201918N00045331EA0127601384
B1034204201916N00045327EA0127301382
B1034214201914N00045323EA0127201380
B1034224201911N00045319EA0127001379
B1034234201910N00045315EA0127001379
B1034244201909N00045311EA0127001378
B1034254201907N00045307EA0127001378
B1034264201906N00045304EA0126901377
B1034274201905N00045300EA0126801377
B1034284201903N00045296EA0126801377
B1034294201902N00045293EA0126901378
B1034304201900N00045291EA0126901378
B1034314201897N00045290EA0127001378
B1034324201893N00045291EA0127001378
B1034334201888N00045294EA0127101379
B1034344201884N00045300EA0127301381
B1034354201880N00045306EA0127301382
B1034364201876N00045312EA0127501384
B1034374201873N00045318EA0127601385
B1034384201870N00045323EA0127401384
B1034394201867N00045329EA0127301382
B1034404201863N00045336EA0127001379
B1034414201859N00045342EA0126901378
B1034424201856N00045349EA0126801376
B1034434201853N00045357EA0126601375
B1034444201850N00045364EA0126401373
B1034454201847N00045372EA0126201371
B1034464201844N00045380EA0126201369
B1034474201841N00045388EA0126001368
B1034484201839N00045396EA0125901367
B1034494201836N00045404EA0125701366
B1034504201833N00045411EA0125801365
B1034514201831N00045419EA0125601365
B1034524201828N00045427EA0125601365
B1034534201825N00045434EA0125601364
B1034544201823N00045442EA0125601364
B1034554201822N00045450EA0125501363
B1034564201820N00045458EA0125501363
B1034574201818N00045465EA0125501362
B1034584201816N00045472EA0125501362
B1034594201813N00045479EA0125301362
B1035004201811N00045485EA0125301361
B1035014201809N00045492EA0125101359
B1035024201806N00045499EA0124901358
B1035034201803N00045507EA0124901357
B1035044201800N00045514EA0124801356
B1035054201798N00045522EA0124801355
B1035064201795N00045530EA0124601354
B1035074201793N00045539EA0124501352
B1035084201790N00045547EA0124401352
B1035094201788N00045556EA0124501352
B1035104201787N00045564EA0124401352
B1035114201786N00045572EA0124501352
B1035124201784N00045580EA0124201351
B1035134201782N00045588EA0124201350
B1035144201780N00045596EA0124201350
B1035154201778N00045604EA0124201349
B1035164201775N00045612EA0124201349
B1035174201773N00045620EA0124201349
B1035184201770N00045627EA0124101348
B1035194201768N00045635EA0124001348
B1035204201766N00045642EA0123901347
B1035214201764N00045650EA0123801345
B1035224201761N00045659EA0123801345
B1035234201758N00045667EA0123801344
B1035244201755N00045675EA0123801344
B1035254201753N00045683EA0123701344
B1035264201751N00045691EA0123701344
B1035274201749N00045699EA0123701343
B1035284201748N00045708EA0123601343
B1035294201747N00045716EA0123601343
B1035304201746N00045725EA0123701343
B1035314201745N00045734EA0123701343
B1035324201744N00045742EA0123701344
B1035334201743N00045750EA0123801345
B1035344201742N00045758EA0123901345
B1035354201741N00045767EA0123901346
B1035364201740N00045774EA0123801345
B1035374201738N00045782EA0123601343
B1035384201736N00045791EA0123501341
B1035394201734N00045800EA0123301340
B1035404201733N00045809EA0123201339
B1035414201732N00045817EA0123001338
B1035424201732N00045826EA0122901335
B1035434201731N00045835EA0122801334
B1035444201730N00045845EA0122801333
B1035454201730N00045854EA0122601333
B1035464201731N00045863EA0122801332
B1035474201731N00045873EA0122701332
B1035484201731N00045882EA0122601332
B1035494201731N00045891EA0122701333
B1035504201730N00045900EA0122801333
B1035514201729N00045908EA0122601332
B1035524201728N00045916EA0122501331
B1035534201727N00045925EA0122301329
B1035544201727N00045934EA0122201326
B1035554201727N00045944EA0121901324
B1035564201728N00045953EA0121901323
B1035574201728N00045961EA0121801322
B1035584201729N00045969EA0121501321
B1035594201730N00045978EA0121401319
B1036004201731N00045987EA0121201317
B1036014201732N00045997EA0121101315
B1036024201733N00046007EA0121001314
B1036034201733N00046016EA0120901313
B1036044201733N00046025EA0120701312
B1036054201731N00046034EA0120501310
B1036064201729N00046041EA0120301308
B1036074201724N00046046EA0119901305
B1036084201720N00046047EA0119601301
B1036094201716N00046045EA0119401298
B1036104201714N00046042EA0119201296
B1036114201712N00046038EA0119101294
B1036124201711N00046034EA0118901292
B1036134201711N00046031EA0118601290
B1036144201710N00046027EA0118401288
B1036154201710N00046022EA0118201285
B1036164201709N00046017EA0118001284
B1036174201709N00046012EA0118001283
B1036184201709N00046007EA0118101283
B1036194201709N00046003EA0118201284
B1036204201708N00046000EA0118101284
B1036214201708N00045997EA0118001282
B1036224201707N00045994EA0117601280
B1036234201706N00045990EA0117401277
B1036244201704N00045985EA0117201274
B1036254201703N00045980EA0117001272
B1036264201701N00045976EA0116801271
B1036274201700N00045971EA0116701269
B1036284201699N00045967EA0116501268
B1036294201698N00045963EA0116501266
B1036304201698N00045958EA0116401266
B1036314201697N00045953EA0116601266
B1036324201696N00045949EA0116601267
B1036334201696N00045945EA0116701268
B1036344201695N00045941EA0116701268
B1036354201695N00045936EA0116701269
B1036364201694N00045932EA0116901270
B1036374201694N00045928EA0117201273
B1036384201695N00045925EA0117301275
B1036394201695N00045921EA0117401276
B1036404201694N00045918EA0117401276
B1036414201693N00045915EA0117301276
B1036424201693N00045911EA0117501277
B1036434201693N00045906EA0117601277
B1036444201693N00045903EA0117601278
B1036454201694N00045900EA0117801279
B1036464201694N00045898EA0117801280
B1036474201694N00045895EA0117801281
B1036484201694N00045892EA0117901281
B1036494201694N00045889EA0117901281
B1036504201695N00045886EA0118001282
B1036514201696N00045883EA0118001283
B1036524201697N00045882EA0118001283
B1036534201697N00045880EA0117701282
B1036544201697N00045877EA0117701279
B1036554201698N00045872EA0117601277
B1036564201698N00045867EA0117501278
B1036574201698N00045863EA0117701279
B1036584201698N00045860EA0117801280
B1036594201698N00045858EA0117601279
B1037004201698N00045855EA0117401277
B1037014201698N00045851EA0117101274
B1037024201699N00045846EA0117201274
B1037034201698N00045842EA0117401275
B1037044201698N00045839EA0117401277
B1037054201699N00045838EA0117601277
B1037064201700N00045835EA0117401277
B1037074201701N00045832EA0117601277
B1037084201701N00045829EA0117501277
B1037094201702N00045826EA0117601278
B1037104201702N00045822EA0117701278
B1037114201703N00045818EA0117701279
B1037124201704N00045815EA0117801280
B1037134201704N00045812EA0117801280
B1037144201705N00045808EA0117701280
B1037154201705N00045804EA0117801280
B1037164201706N00045800EA0117801280
B1037174201707N00045796EA0117901280
B1037184201707N00045791EA0117701280
B1037194201708N00045787EA0117801280
B1037204201708N00045783EA0117701279
B1037214201708N00045779EA0117801279
B1037224201708N00045775EA0117801280
B1037234201709N00045772EA0117801280
B1037244201709N00045768EA0117801280
B1037254201710N00045764EA0117801280
B1037264201711N00045761EA0117801280
B1037274201713N00045757EA0118001281
B1037284201714N00045753EA0118001282
B1037294201714N00045749EA0118101282
B1037304201714N00045745EA0118101282
B1037314201714N00045741EA0118001282
B1037324201714N00045737EA0117801281
B1037334201714N00045732EA0117701279
B1037344201714N00045726EA0117601278
B1037354201715N00045721EA0117701278
B1037364201715N00045716EA0117801279
B1037374201716N00045712EA0117801279
B1037384201716N00045708EA0117601279
B1037394201716N00045705EA0117601277
B1037404201716N00045700EA0117301275
B1037414201717N00045695EA0117401274
B1037424201717N00045690EA0117401275
B1037434201718N00045686EA0117401276
B1037444201719N00045682EA0117501276
B1037454201720N00045679EA0117401276
B1037464201721N00045674EA0117501277
B1037474201721N00045670EA0117601277
B1037484201722N00045666EA0117601278
B1037494201722N00045662EA0117501278
B1037504201723N00045658EA0117501277
B1037514201724N00045654EA0117401276
B1037524201725N00045650EA0117401276
B1037534201726N00045645EA0117501276
B1037544201727N00045641EA0117601277
B1037554201727N00045637EA0117701278
B1037564201728N00045634EA0117601278
B1037574201728N00045630EA0117601277
B1037584201729N00045626EA0117401276
B1037594201730N00045622EA0117201274
B1038004201730N00045617EA0117201274
B1038014201731N00045612EA0117301274
B1038024201731N00045608EA0117101273
B1038034201732N00045604EA0117101272
B1038044201732N00045600EA0116801270
B1038054201733N00045596EA0116601268
B1038064201733N00045591EA0116501266
B1038074201734N00045585EA0116501265
B1038084201735N00045581EA0116301264
B1038094201736N00045576EA0116201263
B1038104201736N00045571EA0116101263
B1038114201737N00045566EA0116201262
B1038124201738N00045561EA0116301264
B1038134201739N00045557EA0116501266
B1038144201740N00045553EA0116801268
B1038154201742N00045550EA0116701268
B1038164201742N00045547EA0116601268
B1038174201743N00045543EA0116501267
B1038184201743N00045538EA0116601267
B1038194201744N00045534EA0116501267
B1038204201744N00045529EA0116601267
B1038214201745N00045525EA0116501267
B1038224201746N00045521EA0116501266
B1038234201747N00045517EA0116501265
B1038244201748N00045512EA0116301264
B1038254201749N00045507EA0116201264
B1038264201750N00045503EA0116201263
B1038274201751N00045499EA0116101263
B1038284201752N00045494EA0116201263
B1038294201752N00045490EA0116201263
B1038304201752N00045485EA0116301264
B1038314201753N00045481EA0116301264
B1038324201753N00045476EA0116401265
B1038334201753N00045471EA0116501266
B1038344201754N00045467EA0116401267
B1038354201754N00045462EA0116601267
B1038364201755N00045458EA0116601267
B1038374201756N00045453EA0116501267
B1038384201757N00045449EA0116401266
B1038394201758N00045445EA0116301266
B1038404201758N00045440EA0116201264
B1038414201759N00045435EA0116101262
B1038424201760N00045430EA0116001261
B1038434201760N00045426EA0115801260
B1038444201760N00045421EA0115801259
B1038454201760N00045417EA0115601258
B1038464201761N00045413EA0115601256
B1038474201761N00045408EA0115401255
B1038484201761N00045404EA0115501255
B1038494201762N00045399EA0115501255
B1038504201762N00045394EA0115701257
B1038514201762N00045390EA0115701258
B1038524201763N00045386EA0115801259
B1038534201763N00045381EA0115801259
B1038544201764N00045376EA0116101261
B1038554201766N00045371EA0116401264
B1038564201767N00045368EA0116701267
B1038574201767N00045365EA0116801270
B1038584201766N00045362EA0117001271
B1038594201763N00045361EA0116801271
B1039004201758N00045361EA0117001272
B1039014201753N00045365EA0117101273
B1039024201749N00045372EA0117201273
B1039034201748N00045382EA0117401275
B1039044201750N00045391EA0117601277
B1039054201755N00045399EA0117701279
B1039064201760N00045403EA0117901280
B1039074201766N00045403EA0118001282
B1039084201770N00045401EA0118101283
B1039094201772N00045397EA0118201286
B1039104201773N00045394EA0118501288
B1039114201773N00045391EA0118801290
B1039124201772N00045388EA0118901291
B1039134201769N00045387EA0118801291
B1039144201764N00045389EA0118701291
B1039154201759N00045394EA0118901292
B1039164201756N00045402EA0119101293
B1039174201756N00045412EA0119301296
B1039184201759N00045421EA0119601298
B1039194201763N00045427EA0119601299
B1039204201769N00045430EA0119701300
B1039214201773N00045430EA0119801301
B1039224201776N00045426EA0119901302
B1039234201777N00045422EA0120001303
B1039244201777N00045418EA0120001305
B1039254201776N00045415EA0120101307
B1039264201774N00045412EA0120501309
B1039274201771N00045409EA0120601311
B1039284201767N00045408EA0120901313
B1039294201763N00045406EA0121301315
B1039304201759N00045405EA0121301318
B1039314201755N00045406EA0121601321
B1039324201752N00045409EA0121601321
B1039334201748N00045415EA0121401320
B1039344201745N00045424EA0121501320
B1039354201745N00045433EA0121701322
B1039364201746N00045442EA0121801324
B1039374201751N00045448EA0121901325
B1039384201756N00045453EA0122101327
B1039394201761N00045455EA0122501329
B1039404201765N00045455EA0122701332
B1039414201768N00045453EA0122601332
B1039424201770N00045449EA0122801332
B1039434201770N00045444EA0122901334
B1039444201771N00045439EA0123301338
B1039454201770N00045437EA0123401341
B1039464201768N00045435EA0123601342
B1039474201764N00045436EA0123401341
B1039484201759N00045438EA0123501341
B1039494201754N00045444EA0123701342
B1039504201752N00045453EA0123801344
B1039514201753N00045462EA0123801344
B1039524201756N00045470EA0124001344
B1039534201761N00045476EA0123901346
B1039544201766N00045479EA0124101347
B1039554201771N00045478EA0124201347
B1039564201775N00045474EA0124301350
B1039574201778N00045469EA0124801353
B1039584201779N00045465EA0124901357
B1039594201779N00045463EA0125101359
B1040004201777N00045461EA0125201359
B1040014201774N00045460EA0125001358
B1040024201769N00045461EA0125201358
B1040034201764N00045466EA0125201359
B1040044201762N00045474EA0125301360
B1040054201761N00045483EA0125401362
B1040064201760N00045492EA0125701363
B1040074201759N00045501EA0125801364
B1040084201756N00045508EA0125501363
B1040094201751N00045512EA0125601363
B1040104201746N00045513EA0125701363
B1040114201743N00045510EA0125701364
B1040124201743N00045506EA0126001365
B1040134201746N00045503EA0126101367
B1040144201751N00045503EA0126401369
B1040154201757N00045507EA0126401371
B1040164201761N00045515EA0126601373
B1040174201763N00045524EA0126801375
B1040184201762N00045533EA0126901376
B1040194201759N00045541EA0126701376
B1040204201755N00045547EA0126801376
B1040214201751N00045552EA0126801376
B1040224201747N00045555EA0126901376
B1040234201743N00045556EA0126901376
B1040244201741N00045553EA0126801376
B1040254201739N00045550EA0126901376
B1040264201738N00045546EA0127001378
B1040274201738N00045543EA0127101380
B1040284201740N00045540EA0127301380
B1040294201743N00045538EA0127301380
B1040304201747N00045536EA0127301381
B1040314201751N00045535EA0127501382
B1040324201756N00045537EA0127601384
B1040334201761N00045542EA0127701385
B1040344201765N00045550EA0127801386
B1040354201766N00045559EA0128001387
B1040364201765N00045568EA0128101388
B1040374201762N00045575EA0128101390
B1040384201757N00045579EA0128101390
B1040394201752N00045579EA0128301392
B1040404201748N00045578EA0128701395
B1040414201745N00045576EA0129101398
B1040424201743N00045574EA0129001400
B1040434201741N00045571EA0129201401
B1040444201739N00045568EA0129301402
B1040454201738N00045563EA0129601404
B1040464201737N00045559EA0130001408
B1040474201738N00045555EA0130101410
B1040484201741N00045552EA0130201412
B1040494201745N00045551EA0130301413
B1040504201750N00045551EA0130701416
B1040514201756N00045554EA0131001419
B1040524201760N00045559EA0131301422
B1040534201763N00045567EA0131501425
B1040544201766N00045576EA0131701427
B1040554201768N00045585EA0132101431
B1040564201769N00045594EA0132601435
B1040574201767N00045601EA0132701438
B1040584201765N00045607EA0132901440
B1040594201760N00045611EA0132901441
B1041004201755N00045613EA0133101442
B1041014201751N00045613EA0133201444
B1041024201746N00045612EA0133501446
B1041034201742N00045611EA0133801449
B1041044201738N00045610EA0134001451
B1041054201734N00045609EA0134001453
B1041064201731N00045606EA0134301455
B1041074201729N00045602EA0134401456
B1041084201729N00045598EA0134501457
B1041094201729N00045593EA0134701459
B1041104201730N00045588EA0134701461
B1041114201731N00045584EA0135001463
B1041124201733N00045580EA0135101465
B1041134201737N00045577EA0135301466
B1041144201741N00045576EA0135501468
B1041154201746N00045576EA0135801471
B1041164201751N00045578EA0136101474
B1041174201755N00045582EA0136201476
B1041184201759N00045588EA0136301477
B1041194201762N00045595EA0136501479
B1041204201764N00045603EA0136901482
B1041214201766N00045612EA0137001486
B1041224201766N00045620EA0137401489
B1041234201764N00045627EA0137701492
B1041244201761N00045632EA0138001495
B1041254201758N00045636EA0138301497
B1041264201753N00045637EA0138401499
B1041274201750N00045638EA0138501501
B1041284201747N00045637EA0138801503
B1041294201744N00045636EA0138801505
B1041304201742N00045634EA0139001506
B1041314201741N00045632EA0139001506
B1041324201739N00045629EA0139101506
B1041334201738N00045624EA0139201508
B1041344201739N00045619EA0139501511
B1041354201741N00045614EA0139801514
B1041364201744N00045611EA0140101516
B1041374201747N00045609EA0140001517
B1041384201751N00045609EA0140001517
B1041394201755N00045609EA0139901516
B1041404201761N00045610EA0139801515
B1041414201766N00045612EA0139701514
B1041424201771N00045617EA0139701514
B1041434201775N00045624EA0139901514
B1041444201778N00045631EA0139901514
B1041454201779N00045639EA0139801515
B1041464201780N00045647EA0139901515
B1041474201780N00045654EA0139801516
B1041484201778N00045662EA0140101516
B1041494201775N00045668EA0140101519
B1041504201771N00045675EA0140401521
B1041514201767N00045680EA0140901525
B1041524201764N00045683EA0141301529
B1041534201760N00045685EA0141601532
B1041544201757N00045687EA0141701534
B1041554201754N00045686EA0141701534
B1041564201751N00045684EA0141501534
B1041574201747N00045681EA0141601533
B1041584201744N00045677EA0141801535
B1041594201741N00045673EA0142101538
B1042004201740N00045667EA0142401541
B1042014201741N00045662EA0142701544
B1042024201744N00045659EA0142701545
B1042034201749N00045657EA0142701546
B1042044201755N00045659EA0142801546
B1042054201760N00045664EA0142801546
B1042064201763N00045672EA0142801547
B1042074201763N00045681EA0143101549
B1042084201760N00045687EA0143201550
B1042094201757N00045690EA0143201551
B1042104201753N00045691EA0143201551
B1042114201749N00045689EA0143201551
B1042124201746N00045683EA0143401553
B1042134201746N00045678EA0143801556
B1042144201749N00045673EA0143901557
B1042154201754N00045671EA0143901557
B1042164201760N00045671EA0143701556
B1042174201766N00045674EA0143901557
B1042184201770N00045679EA0144001558
B1042194201774N00045685EA0144001558
B1042204201775N00045693EA0144001559
B1042214201775N00045701EA0144301560
B1042224201774N00045707EA0144301561
B1042234201771N00045711EA0144301562
B1042244201767N00045713EA0144501563
B1042254201763N00045713EA0144701565
B1042264201761N00045710EA0144801567
B1042274201760N00045706EA0144601567
B1042284201761N00045700EA0144601566
B1042294201764N00045695EA0144701566
B1042304201769N00045693EA0144501565
B1042314201774N00045695EA0144401564
B1042324201780N00045700EA0144301562
B1042334201784N00045708EA0144501562
B1042344201786N00045715EA0144501564
B1042354201788N00045721EA0144801566
B1042364201791N00045728EA0144801567
B1042374201793N00045735EA0144601566
B1042384201796N00045743EA0144701566
B1042394201800N00045750EA0144901567
B1042404201804N00045756EA0145001569
B1042414201808N00045760EA0145001570
B1042424201811N00045765EA0145101571
B1042434201812N00045772EA0145001570
B1042444201813N00045780EA0145101570
B1042454201814N00045788EA0144901570
B1042464201814N00045797EA0145101571
B1042474201814N00045805EA0145201572
B1042484201814N00045813EA0145201572
B1042494201815N00045821EA0145201572
B1042504201816N00045830EA0145201572
B1042514201816N00045839EA0145101572
B1042524201815N00045847EA0145101572
B1042534201813N00045854EA0145101572
B1042544201809N00045860EA0145201572
B1042554201805N00045867EA0145401573
B1042564201801N00045873EA0145501575
B1042574201797N00045877EA0145701578
B1042584201793N00045881EA0145801579
B1042594201790N00045883EA0145901580
B1043004201786N00045884EA0146001581
B1043014201782N00045884EA0146001581
B1043024201778N00045882EA0146201583
B1043034201776N00045879EA0146301584
B1043044201775N00045876EA0146401584
B1043054201776N00045872EA0146401584
B1043064201778N00045869EA0146301584
B1043074201782N00045866EA0146401584
B1043084201787N00045865EA0146501585
B1043094201792N00045867EA0146401585
B1043104201797N00045872EA0146401585
B1043114201802N00045878EA0146501586
B1043124201805N00045886EA0146601586
B1043134201806N00045894EA0146501586
B1043144201806N00045902EA0146501586
B1043154201805N00045911EA0146701587
B1043164201802N00045919EA0146901589
B1043174201800N00045926EA0146901591
B1043184201797N00045932EA0147101593
B1043194201794N00045938EA0147401594
B1043204201791N00045942EA0147501595
B1043214201787N00045945EA0147401595
B1043224201784N00045948EA0147301595
B1043234201781N00045948EA0147201593
B1043244201779N00045947EA0146901591
B1043254201776N00045945EA0146801589
B1043264201774N00045942EA0146601587
B1043274201772N00045939EA0146401586
B1043284201771N00045936EA0146201584
B1043294201770N00045933EA0146201583
B1043304201770N00045930EA0146101582
B1043314201770N00045926EA0146201583
B1043324201771N00045921EA0146501584
B1043334201771N00045917EA0146701586
B1043344201772N00045913EA0146701588
B1043354201773N00045909EA0146701588
B1043364201774N00045905EA0146601587
B1043374201775N00045900EA0146601586
B1043384201778N00045895EA0146501586
B1043394201782N00045892EA0146701587
B1043404201786N00045891EA0146701587
B1043414201791N00045893EA0146601586
B1043424201796N00045897EA0146601586
B1043434201801N00045902EA0146501586
B1043444201804N00045907EA0146501586
B1043454201807N00045915EA0146501585
B1043464201807N00045923EA0146201583
B1043474201807N00045931EA0146201583
B1043484201805N00045938EA0146501584
B1043494201802N00045944EA0146401584
B1043504201800N00045949EA0146501585
B1043514201798N00045954EA0146301584
B1043524201795N00045959EA0146201582
B1043534201791N00045961EA0145801579
B1043544201786N00045963EA0145701577
B1043554201780N00045963EA0145701577
B1043564201775N00045962EA0145901578
B1043574201771N00045960EA0145901580
B1043584201768N00045960EA0146001581
B1043594201765N00045958EA0146101582
B1044004201763N00045955EA0145901580
B1044014201762N00045951EA0145801579
B1044024201760N00045946EA0145901579
B1044034201758N00045941EA0146001580
B1044044201758N00045937EA0146101581
B1044054201759N00045933EA0146101581
B1044064201762N00045929EA0146101580
B1044074201766N00045926EA0146101580
B1044084201771N00045926EA0146001580
B1044094201776N00045930EA0146101580
B1044104201779N00045936EA0145901578
B1044114201780N00045945EA0145501576
B1044124201778N00045954EA0145501575
B1044134201775N00045961EA0145501575
B1044144201770N00045965EA0145401574
B1044154201764N00045965EA0145301573
B1044164201760N00045963EA0145201572
B1044174201757N00045958EA0145201571
B1044184201755N00045953EA0145301571
B1044194201754N00045949EA0145301573
B1044204201753N00045946EA0145401573
B1044214201753N00045943EA0145301572
B1044224201754N00045939EA0145001570
B1044234201755N00045934EA0144901569
B1044244201756N00045929EA0145001568
B1044254201758N00045924EA0145001568
B1044264201760N00045921EA0144901568
B1044274201761N00045918EA0144601565
B1044284201762N00045914EA0144301562
B1044294201763N00045909EA0143901559
B1044304201763N00045903EA0144001557
B1044314201763N00045897EA0143801555
B1044324201763N00045892EA0143601554
B1044334201764N00045888EA0143401553
B1044344201765N00045883EA0143301551
B1044354201765N00045879EA0143101549
B1044364201766N00045874EA0143101547
B1044374201765N00045870EA0142801546
B1044384201765N00045867EA0142601543
B1044394201765N00045863EA0142201540
B1044404201765N00045858EA0141901537
B1044414201766N00045853EA0141801534
B1044424201766N00045847EA0141501533
B1044434201767N00045842EA0141501532
B1044444201767N00045837EA0141201531
B1044454201768N00045832EA0141201529
B1044464201769N00045827EA0140901526
B1044474201770N00045822EA0140801525
B1044484201771N00045817EA0140701524
B1044494201771N00045812EA0140601523
B1044504201772N00045808EA0140401522
B1044514201773N00045803EA0140301520
B1044524201775N00045798EA0140101518
B1044534201776N00045793EA0140101517
B1044544201778N00045789EA0140001516
B1044554201780N00045784EA0139901515
B1044564201782N00045780EA0139701513
B1044574201783N00045775EA0139501512
B1044584201785N00045771EA0139401510
B1044594201787N00045766EA0139301509
B1045004201790N00045761EA0139201508
B1045014201792N00045756EA0139101507
B1045024201794N00045751EA0139001506
B1045034201796N00045746EA0138901505
B1045044201798N00045741EA0138801504
B1045054201800N00045737EA0138701503
B1045064201802N00045732EA0138601502
B1045074201803N00045727EA0138601501
B1045084201805N00045723EA0138401500
B1045094201806N00045718EA0138401499
B1045104201807N00045713EA0138201498
B1045114201809N00045709EA0138101497
B1045124201810N00045704EA0138001495
B1045134201811N00045699EA0137801494
B1045144201813N00045694EA0137601493
B1045154201814N00045689EA0137701492
B1045164201815N00045684EA0137601491
B1045174201817N00045680EA0137601491
B1045184201818N00045675EA0137601490
B1045194201820N00045671EA0137401489
B1045204201821N00045667EA0137401488
B1045214201823N00045662EA0137101486
B1045224201825N00045658EA0137001485
B1045234201826N00045653EA0136901483
B1045244201828N00045649EA0136801482
B1045254201829N00045644EA0136401480
B1045264201830N00045639EA0136401478
B1045274201831N00045634EA0136201477
B1045284201832N00045629EA0136101475
B1045294201832N00045624EA0136001474
B1045304201833N00045619EA0135901473
B1045314201834N00045615EA0135901472
B1045324201835N00045610EA0135801471
B1045334201836N00045606EA0135801471
B1045344201837N00045601EA0135701470
B1045354201837N00045596EA0135501468
B1045364201838N00045592EA0135401467
B1045374201839N00045587EA0135401466
B1045384201840N00045582EA0135201465
B1045394201841N00045578EA0135101464
B1045404201842N00045573EA0135001463
B1045414201843N00045569EA0134901462
B1045424201844N00045565EA0134901461
B1045434201845N00045560EA0134701460
B1045444201846N00045556EA0134601458
B1045454201847N00045552EA0134501457
B1045464201849N00045547EA0134401456
B1045474201850N00045542EA0134301455
B1045484201851N00045537EA0134201454
B1045494201853N00045533EA0134201453
B1045504201854N00045528EA0134101453
B1045514201856N00045523EA0134001452
B1045524201857N00045519EA0133901451
B1045534201858N00045515EA0133701450
B1045544201859N00045511EA0133701448
B1045554201860N00045506EA0133501447
B1045564201861N00045501EA0133301446
B1045574201861N00045497EA0133301445
B1045584201863N00045492EA0133301444
B1045594201864N00045488EA0133101443
B1046004201865N00045483EA0133101442
B1046014201866N00045479EA0133001441
B1046024201866N00045474EA0132701439
B1046034201867N00045469EA0132501437
B1046044201868N00045464EA0132501436
B1046054201868N00045459EA0132401435
B1046064201869N00045453EA0132301434
B1046074201870N00045448EA0132301434
B1046084201871N00045443EA0132301434
B1046094201872N00045438EA0132201434
B1046104201872N00045434EA0132101433
B1046114201872N00045429EA0131801431
B1046124201873N00045423EA0131801429
B1046134201874N00045417EA0131801429
B1046144201875N00045412EA0131801429
B1046154201877N00045407EA0131901429
B1046164201878N00045403EA0131801429
B1046174201879N00045398EA0131701429
B1046184201880N00045393EA0131701428
B1046194201880N00045388EA0131601428
B1046204201881N00045383EA0131701427
B1046214201881N00045378EA0131501427
B1046224201881N00045374EA0131501426
B1046234201881N00045369EA0131201423
B1046244201881N00045363EA0131001422
B1046254201882N00045357EA0131101421
B1046264201882N00045352EA0131101421
B1046274201883N00045348EA0131001421
B1046284201884N00045345EA0130701419
B1046294201884N00045340EA0130401416
B1046304201884N00045334EA0130301414
B1046314201885N00045328EA0130301414
B1046324201885N00045324EA0130301415
B1046334201886N00045319EA0130401415
B1046344201887N00045315EA0130201414
B1046354201887N00045311EA0130101412
B1046364201888N00045306EA0130001411
B1046374201888N00045300EA0130001410
B1046384201888N00045296EA0129901410
B1046394201889N00045292EA0129801410
B1046404201890N00045288EA0129701408
B1046414201890N00045284EA0129401406
B1046424201891N00045279EA0129301404
B1046434201892N00045274EA0129201402
B1046444201893N00045269EA0129001400
B1046454201894N00045264EA0128801399
B1046464201896N00045259EA0128701398
B1046474201897N00045254EA0128601397
B1046484201898N00045250EA0128601396
B1046494201899N00045245EA0128501395
B1046504201899N00045240EA0128301393
B1046514201900N00045235EA0128201392
B1046524201901N00045230EA0128001390
B1046534201901N00045225EA0127901389
B1046544201902N00045220EA0127701388
B1046554201903N00045215EA0127601386
B1046564201903N00045210EA0127501384
B1046574201904N00045205EA0127401383
B1046584201905N00045199EA0127201382
B1046594201906N00045194EA0127101380
B1047004201907N00045189EA0127001379
B1047014201909N00045184EA0126901378
B1047024201910N00045179EA0126701376
B1047034201911N00045174EA0126501375
B1047044201913N00045169EA0126501374
B1047054201914N00045164EA0126401372
B1047064201916N00045158EA0126301371
B1047074201917N00045153EA0126101370
B1047084201919N00045148EA0126001369
B1047094201920N00045143EA0125801367
B1047104201921N00045139EA0125701366
B1047114201922N00045133EA0125601364
B1047124201923N00045128EA0125401362
B1047134201924N00045123EA0125301360
B1047144201926N00045117EA0125101359
B1047154201927N00045112EA0124801357
B1047164201927N00045107EA0124601355
B1047174201928N00045102EA0124501353
B1047184201929N00045095EA0124401352
B1047194201931N00045089EA0124401351
B1047204201932N00045084EA0124301351
B1047214201933N00045078EA0124001350
B1047224201935N00045074EA0124001348
B1047234201936N00045068EA0123801346
B1047244201937N00045062EA0123701344
B1047254201937N00045056EA0123301342
B1047264201938N00045050EA0123401340
B1047274201939N00045044EA0123201340
B1047284201939N00045038EA0123201339
B1047294201940N00045031EA0123201339
B1047304201942N00045025EA0123101338
B1047314201944N00045020EA0123101338
B1047324201946N00045014EA0122901337
B1047334201947N00045008EA0122901336
B1047344201949N00045002EA0122901336
B1047354201950N00044996EA0123001336
B1047364201952N00044990EA0122901336
B1047374201954N00044984EA0122901336
B1047384201955N00044979EA0122901335
B1047394201957N00044974EA0122801334
B1047404201958N00044968EA0122701333
B1047414201959N00044963EA0122801333
B1047424201961N00044957EA0122701334
B1047434201962N00044952EA0122801335
B1047444201963N00044947EA0122801335
B1047454201965N00044941EA0122901336
B1047464201966N00044935EA0123001337
B1047474201966N00044930EA0123201338
B1047484201966N00044924EA0123201338
B1047494201966N00044918EA0123401339
B1047504201966N00044912EA0123301340
B1047514201964N00044907EA0123401341
B1047524201962N00044904EA0123401341
B1047534201959N00044903EA0123501342
B1047544201955N00044905EA0123601342
B1047554201952N00044909EA0123501343
B1047564201951N00044915EA0123601343
B1047574201950N00044921EA0123701344
B1047584201949N00044928EA0123901346
B1047594201948N00044933EA0124201349
B1048004201945N00044937EA0124501351
B1048014201942N00044939EA0124501354
B1048024201938N00044938EA0124901356
B1048034201934N00044935EA0125201358
B1048044201932N00044930EA0125401360
B1048054201931N00044925EA0125501363
B1048064201929N00044921EA0125601364
B1048074201927N00044918EA0125601364
B1048084201924N00044918EA0125501362
B1048094201920N00044920EA0125001360
B1048104201916N00044925EA0125001358
B1048114201914N00044931EA0124801357
B1048124201913N00044938EA0124801355
B1048134201912N00044946EA0124801355
B1048144201912N00044953EA0124701354
B1048154201912N00044960EA0124601354
B1048164201913N00044967EA0124501353
B1048174201912N00044974EA0124401352
B1048184201912N00044982EA0124301350
B1048194201911N00044989EA0124201350
B1048204201911N00044996EA0124301350
B1048214201910N00045003EA0124001349
B1048224201909N00045010EA0124001348
B1048234201907N00045016EA0124001348
B1048244201904N00045020EA0123901347
B1048254201901N00045023EA0123701346
B1048264201897N00045023EA0123701344
B1048274201894N00045022EA0123501343
B1048284201892N00045018EA0123401343
B1048294201891N00045014EA0123401341
B1048304201892N00045010EA0123201340
B1048314201895N00045005EA0123201339
B1048324201897N00045001EA0123101337
B1048334201899N00044996EA0122901336
B1048344201901N00044991EA0123001336
B1048354201903N00044987EA0123001336
B1048364201904N00044982EA0122901336
B1048374201905N00044977EA0122801334
B1048384201907N00044972EA0122601333
B1048394201909N00044966EA0122601333
B1048404201911N00044961EA0122601333
B1048414201912N00044956EA0122601333
B1048424201914N00044952EA0122501332
B1048434201915N00044947EA0122401332
B1048444201917N00044942EA0122401331
B1048454201918N00044938EA0122301330
B1048464201919N00044933EA0122201329
B1048474201920N00044928EA0122001327
B1048484201921N00044923EA0121901325
B1048494201922N00044917EA0121601323
B1048504201923N00044911EA0121501322
B1048514201925N00044905EA0121501321
B1048524201926N00044899EA0121401321
B1048534201928N00044894EA0121501320
B1048544201929N00044889EA0121401320
B1048554201931N00044884EA0121201319
B1048564201933N00044878EA0121301318
B1048574201934N00044873EA0121301318
B1048584201936N00044868EA0121101317
B1048594201937N00044863EA0121001316
B1049004201939N00044857EA0120901315
B1049014201941N00044852EA0120801314
B1049024201943N00044847EA0120701312
B1049034201944N00044842EA0120601311
B1049044201946N00044836EA0120501310
B1049054201947N00044831EA0120301309
B1049064201949N00044826EA0120201308
B1049074201950N00044820EA0120101307
B1049084201951N00044815EA0120101306
B1049094201952N00044810EA0120001305
B1049104201953N00044805EA0119901304
B1049114201954N00044800EA0119601302
B1049124201955N00044794EA0119401301
B1049134201956N00044789EA0119401299
B1049144201957N00044783EA0119301298
B1049154201958N00044778EA0119401297
B1049164201959N00044774EA0119201297
B1049174201961N00044771EA0119101296
B1049184201962N00044768EA0118801294
B1049194201963N00044763EA0118701292
B1049204201964N00044758EA0118701291
B1049214201964N00044752EA0118501290
B1049224201965N00044747EA0118601290
B1049234201966N00044742EA0118601290
B1049244201967N00044737EA0118401289
B1049254201967N00044732EA0118401288
B1049264201965N00044727EA0118201287
B1049274201962N00044724EA0118101285
B1049284201957N00044723EA0118001284
B1049294201953N00044725EA0117901284
B1049304201949N00044729EA0118001283
B1049314201946N00044734EA0117901283
B1049324201945N00044740EA0117801282
B1049334201944N00044747EA0117701280
B1049344201943N00044754EA0117201278
B1049354201942N00044761EA0117301276
B1049364201941N00044768EA0117001274
B1049374201940N00044775EA0116701272
B1049384201938N00044783EA0116701270
B1049394201937N00044790EA0116701269
B1049404201935N00044798EA0116501268
B1049414201933N00044805EA0116501268
B1049424201931N00044812EA0116201267
B1049434201930N00044819EA0116101265
B1049444201928N00044827EA0116001264
B1049454201926N00044834EA0116001264
B1049464201924N00044840EA0115901263
B1049474201922N00044847EA0115901262
B1049484201920N00044854EA0115601260
B1049494201917N00044861EA0115601259
B1049504201913N00044868EA0115401258
B1049514201910N00044875EA0115501258
B1049524201908N00044882EA0115601258
B1049534201905N00044889EA0115601258
B1049544201903N00044896EA0115501258
B1049554201901N00044903EA0115501258
B1049564201900N00044910EA0115501258
B1049574201897N00044917EA0115401257
B1049584201895N00044924EA0115301256
B1049594201891N00044930EA0115101255
B1050004201888N00044937EA0115201256
B1050014201885N00044943EA0115201256
B1050024201883N00044950EA0115101255
B1050034201881N00044957EA0115101254
B1050044201879N00044964EA0115001253
B1050054201876N00044971EA0114901252
B1050064201873N00044977EA0114801251
B1050074201871N00044984EA0114801251
B1050084201869N00044990EA0114701251
B1050094201867N00044997EA0114601250
B1050104201865N00045004EA0114601249
B1050114201863N00045011EA0114401248
B1050124201861N00045018EA0114401247
B1050134201859N00045025EA0114301245
B1050144201857N00045032EA0114101244
B1050154201855N00045039EA0113901243
B1050164201853N00045046EA0113901241
B1050174201850N00045054EA0113801240
B1050184201847N00045061EA0113601239
B1050194201845N00045068EA0113701238
B1050204201842N00045074EA0113601238
B1050214201840N00045081EA0113401237
B1050224201838N00045088EA0113301236
B1050234201836N00045095EA0113301235
B1050244201833N00045102EA0113301234
B1050254201831N00045109EA0113201234
B1050264201828N00045116EA0113101233
B1050274201826N00045123EA0113001233
B1050284201824N00045130EA0113101232
B1050294201822N00045137EA0113001232
B1050304201820N00045145EA0113001232
B1050314201819N00045153EA0113001231
B1050324201818N00045160EA0112801231
B1050334201816N00045168EA0112701230
B1050344201814N00045176EA0112501228
B1050354201812N00045185EA0112501227
B1050364201810N00045193EA0112501226
B1050374201808N00045201EA0112501226
B1050384201806N00045209EA0112401225
B1050394201805N00045216EA0112101224
B1050404201803N00045224EA0112001222
B1050414201801N00045231EA0112001220
B1050424201800N00045238EA0111601218
B1050434201798N00045246EA0111501217
B1050444201796N00045253EA0111501217
B1050454201794N00045261EA0111701217
B1050464201792N00045268EA0111801218
B1050474201790N00045275EA0111701219
B1050484201788N00045282EA0111801219
B1050494201786N00045291EA0111701219
B1050504201785N00045300EA0111901220
B1050514201783N00045308EA0112001220
B1050524201781N00045315EA0112101221
B1050534201779N00045321EA0111901222
B1050544201775N00045325EA0111901221
B1050554201771N00045326EA0111701219
B1050564201766N00045324EA0111701217
B1050574201763N00045320EA0111701217
B1050584201762N00045314EA0111601217
B1050594201763N00045308EA0111801218
B1051004201765N00045303EA0111701218
B1051014201767N00045299EA0111801219
B1051024201768N00045294EA0111901219
B1051034201769N00045290EA0111801219
B1051044201770N00045285EA0111801218
B1051054201771N00045280EA0111901219
B1051064201772N00045275EA0112101220
B1051074201773N00045271EA0111901220
B1051084201774N00045267EA0111801219
B1051094201776N00045263EA0111701217
B1051104201778N00045259EA0111501215
B1051114201779N00045254EA0111301213
B1051124201780N00045249EA0111201212
B1051134201781N00045244EA0111101211
B1051144201782N00045240EA0111001210
B1051154201783N00045236EA0110901209
B1051164201785N00045231EA0110801207
B1051174201786N00045227EA0110701206
B1051184201787N00045222EA0110601206
B1051194201787N00045218EA0110601205
B1051204201785N00045215EA0110501204
B1051214201783N00045213EA0110301202
B1051224201778N00045214EA0110001199
B1051234201773N00045219EA0109701196
B1051244201769N00045225EA0109701196
B1051254201766N00045232EA0109701196
B1051264201765N00045239EA0109801196
B1051274201764N00045246EA0109601195
B1051284201763N00045253EA0109401193
B1051294201762N00045261EA0109101191
B1051304201760N00045270EA0109101189
B1051314201759N00045277EA0109201189
B1051324201758N00045285EA0108901188
B1051334201757N00045292EA0108701186
B1051344201756N00045300EA0108501184
B1051354201754N00045308EA0108201182
B1051364201752N00045316EA0108101181
B1051374201750N00045323EA0108101179
B1051384201748N00045331EA0107901177
B1051394201746N00045338EA0107801176
B1051404201744N00045346EA0107601175
B1051414201742N00045353EA0107501174
B1051424201740N00045361EA0107501173
B1051434201739N00045369EA0107401172
B1051444201738N00045377EA0107401171
B1051454201736N00045385EA0107201171
B1051464201735N00045392EA0107201170
B1051474201733N00045400EA0107001169
B1051484201732N00045407EA0106901168
B1051494201730N00045415EA0106901167
B1051504201728N00045422EA0106801166
B1051514201726N00045429EA0106801165
B1051524201724N00045437EA0106601164
B1051534201722N00045444EA0106601164
B1051544201720N00045451EA0106501164
B1051554201718N00045458EA0106601164
B1051564201715N00045463EA0106501163
B1051574201713N00045470EA0106401162
B1051584201710N00045477EA0106301161
B1051594201708N00045484EA0106401161
B1052004201706N00045491EA0106301161
B1052014201703N00045498EA0106401161
B1052024201701N00045505EA0106301162
B1052034201700N00045513EA0106401162
B1052044201699N00045521EA0106501163
B1052054201697N00045528EA0106701163
B1052064201694N00045533EA0106501163
B1052074201690N00045538EA0106401162
B1052084201686N00045541EA0106301162
B1052094201681N00045542EA0106301162
B1052104201678N00045540EA0106301161
B1052114201676N00045538EA0106201160
B1052124201675N00045534EA0106101158
B1052134201675N00045529EA0106001158
B1052144201675N00045523EA0106201158
B1052154201674N00045518EA0106401159
B1052164201674N00045513EA0106501160
B1052174201673N00045508EA0106501161
B1052184201673N00045503EA0106601162
B1052194201673N00045498EA0106701163
B1052204201673N00045493EA0106701163
B1052214201673N00045489EA0106701164
B1052224201671N00045485EA0106501163
B1052234201669N00045482EA0106401161
B1052244201665N00045481EA0106101158
B1052254201660N00045483EA0105701156
B1052264201656N00045488EA0105601153
B1052274201653N00045495EA0105501151
B1052284201652N00045504EA0105301149
B1052294201651N00045512EA0105301149
B1052304201651N00045521EA0105401149
B1052314201652N00045530EA0105301150
B1052324201652N00045538EA0105401149
B1052334201652N00045546EA0105401150
B1052344201650N00045554EA0105401150
B1052354201648N00045562EA0105601152
B1052364201646N00045569EA0105901154
B1052374201643N00045575EA0106001157
B1052384201641N00045581EA0106201158
B1052394201638N00045585EA0106301159
B1052404201634N00045588EA0106201159
B1052414201630N00045589EA0106201159
B1052424201627N00045588EA0106101158
B1052434201626N00045584EA0106101158
B1052444201627N00045580EA0106201158
B1052454201630N00045577EA0106401159
B1052464201634N00045575EA0106501161
B1052474201638N00045574EA0106601162
B1052484201642N00045573EA0106601162
B1052494201646N00045571EA0106701162
B1052504201650N00045568EA0106301161
B1052514201654N00045565EA0106401161
B1052524201657N00045562EA0106501161
B1052534201660N00045558EA0106701162
B1052544201663N00045555EA0106601162
B1052554201666N00045551EA0106501162
B1052564201667N00045548EA0106301160
B1052574201669N00045545EA0106101158
B1052584201670N00045541EA0105801156
B1052594201671N00045537EA0105601153
B1053004201671N00045532EA0105401151
B1053014201670N00045527EA0105301149
B1053024201669N00045522EA0105201148
B1053034201668N00045518EA0105001147
B1053044201666N00045515EA0104901145
B1053054201663N00045511EA0104801143
B1053064201659N00045509EA0104701142
B1053074201656N00045508EA0104601141
B1053084201651N00045509EA0104301139
B1053094201647N00045512EA0104201136
B1053104201642N00045518EA0103901134
B1053114201638N00045525EA0103901133
B1053124201635N00045531EA0103801133
B1053134201631N00045537EA0103801132
B1053144201628N00045543EA0103701131
B1053154201624N00045549EA0103501130
B1053164201620N00045556EA0103601130
B1053174201617N00045562EA0103501130
B1053184201614N00045570EA0103401129
B1053194201612N00045577EA0103401128
B1053204201609N00045585EA0103301128
B1053214201605N00045593EA0103401128
B1053224201602N00045601EA0103401129
B1053234201598N00045607EA0103601130
B1053244201594N00045610EA0103501130
B1053254201589N00045611EA0103201128
B1053264201585N00045608EA0103001126
B1053274201582N00045604EA0102901124
B1053284201581N00045599EA0102901123
B1053294201582N00045594EA0102901123
B1053304201583N00045592EA0102901123
B1053314201584N00045589EA0102801122
B1053324201584N00045585EA0102501120
B1053334201584N00045579EA0102301117
B1053344201584N00045574EA0102201116
B1053354201584N00045570EA0102101116
B1053364201583N00045565EA0101901114
B1053374201582N00045560EA0101701112
B1053384201581N00045554EA0101601110
B1053394201581N00045548EA0101701109
B1053404201581N00045544EA0101501109
B1053414201581N00045540EA0101301107
B1053424201581N00045535EA0101101106
B1053434201581N00045530EA0101001104
B1053444201580N00045524EA0101001104
B1053454201579N00045518EA0101201104
B1053464201579N00045513EA0101101104
B1053474201579N00045509EA0101001103
B1053484201578N00045504EA0100801102
B1053494201578N00045498EA0100501100
B1053504201578N00045493EA0100501097
B1053514201578N00045486EA0100201096
B1053524201578N00045480EA0100201095
B1053534201578N00045474EA0100101094
B1053544201577N00045469EA0100001093
B1053554201578N00045463EA0099901092
B1053564201577N00045458EA0099601090
B1053574201577N00045453EA0099401088
B1053584201576N00045447EA0099301086
B1053594201576N00045441EA0099101084
B1054004201574N00045436EA0099101084
B1054014201573N00045430EA0099101083
B1054024201571N00045425EA0098901083
B1054034201569N00045420EA0098901082
B1054044201568N00045415EA0098801081
B1054054201567N00045409EA0098801079
B1054064201565N00045403EA0098701078
B1054074201564N00045398EA0098601077
B1054084201562N00045392EA0098501076
B1054094201561N00045385EA0098401075
B1054104201560N00045378EA0098501076
B1054114201559N00045372EA0098601077
B1054124201557N00045366EA0098701079
B1054134201556N00045361EA0098801080
B1054144201555N00045357EA0098901080
B1054154201554N00045352EA0098801079
B1054164201553N00045347EA0098701079
B1054174201552N00045342EA0098701079
B1054184201551N00045337EA0098801079
B1054194201551N00045333EA0098601078
B1054204201550N00045329EA0098401077
B1054214201550N00045324EA0098101074
B1054224201549N00045319EA0097901071
B1054234201548N00045313EA0097701069
B1054244201546N00045307EA0097501067
B1054254201545N00045302EA0097301065
B1054264201543N00045297EA0097501065
B1054274201542N00045292EA0097401066
B1054284201541N00045288EA0097301065
B1054294201540N00045284EA0097201063
B1054304201540N00045279EA0097001061
B1054314201539N00045274EA0096801059
B1054324201538N00045268EA0096701057
B1054334201537N00045263EA0096701057
B1054344201535N00045258EA0096701058
B1054354201534N00045253EA0096701059
B1054364201534N00045248EA0097001060
B1054374201533N00045244EA0097101061
B1054384201534N00045239EA0097301061
B1054394201534N00045233EA0097201062
B1054404201534N00045227EA0097301064
B1054414201531N00045222EA0097501064
B1054424201527N00045219EA0097301064
B1054434201521N00045220EA0097501064
B1054444201515N00045224EA0097501066
B1054454201512N00045231EA0097701067
B1054464201512N00045240EA0097801068
B1054474201515N00045247EA0097901070
B1054484201519N00045251EA0098101072
B1054494201524N00045253EA0098301073
B1054504201528N00045251EA0098301073
B1054514201531N00045247EA0098301075
B1054524201533N00045242EA0098701077
B1054534201532N00045236EA0098601078
B1054544201529N00045233EA0098501077
B1054554201524N00045232EA0098601077
B1054564201518N00045235EA0098701077
B1054574201514N00045241EA0098701078
B1054584201513N00045249EA0098901080
B1054594201515N00045256EA0099001081
B1055004201519N00045261EA0099301083
B1055014201523N00045262EA0099401084
B1055024201526N00045261EA0099401085
B1055034201528N00045257EA0099501085
B1055044201528N00045251EA0099601087
B1055054201525N00045247EA0099801088
B1055064201521N00045246EA0099801088
B1055074201516N00045249EA0099701088
B1055084201513N00045257EA0099901089
B1055094201513N00045267EA0100001090
B1055104201516N00045274EA0100001091
B1055114201521N00045277EA0100201092
B1055124201526N00045276EA0100601095
B1055134201529N00045273EA0100601097
B1055144201531N00045269EA0100901099
B1055154201533N00045266EA0101101101
B1055164201535N00045263EA0101301103
B1055174201536N00045258EA0101401105
B1055184201536N00045253EA0101501107
B1055194201533N00045250EA0101601108
B1055204201528N00045249EA0101701109
B1055214201523N00045252EA0101801109
B1055224201520N00045260EA0101801109
B1055234201520N00045270EA0101901110
B1055244201523N00045278EA0102001112
B1055254201528N00045284EA0102201115
B1055264201533N00045286EA0102301116
B1055274201537N00045284EA0102601117
B1055284201540N00045280EA0102601119
B1055294201540N00045275EA0102801120
B1055304201536N00045271EA0102801121
B1055314201531N00045272EA0102901122
B1055324201526N00045277EA0103001123
B1055334201524N00045285EA0103001124
B1055344201526N00045294EA0103301125
B1055354201530N00045301EA0103401126
B1055364201535N00045304EA0103701129
B1055374201540N00045304EA0103701130
B1055384201543N00045301EA0103801131
B1055394201545N00045296EA0103901132
B1055404201543N00045291EA0104001133
B1055414201538N00045290EA0104101134
B1055424201533N00045293EA0104201135
B1055434201530N00045300EA0104301136
B1055444201529N00045309EA0104401137
B1055454201532N00045317EA0104501139
B1055464201536N00045323EA0104601140
B1055474201542N00045327EA0104801142
B1055484201547N00045327EA0104901143
B1055494201551N00045325EA0105001144
B1055504201554N00045321EA0105301146
B1055514201555N00045316EA0105401147
B1055524201553N00045312EA0105501149
B1055534201550N00045310EA0105501150
B1055544201545N00045311EA0105601150
B1055554201541N00045317EA0105701151
B1055564201539N00045325EA0105701151
B1055574201541N00045334EA0105901152
B1055584201545N00045341EA0106001155
B1055594201549N00045346EA0106301158
B1056004201554N00045347EA0106501160
B1056014201558N00045346EA0106601161
B1056024201561N00045342EA0106601161
B1056034201563N00045337EA0106801163
B1056044201565N00045333EA0107101166
B1056054201567N00045328EA0107401169
B1056064201569N00045324EA0107701172
B1056074201568N00045319EA0107801173
B1056084201565N00045316EA0108001175
B1056094201560N00045316EA0108201177
B1056104201555N00045320EA0108301178
B1056114201551N00045327EA0108201179
B1056124201551N00045336EA0108601181
B1056134201553N00045344EA0108701183
B1056144201558N00045350EA0108801184
B1056154201564N00045353EA0108901185
B1056164201570N00045352EA0109201188
B1056174201574N00045348EA0109601192
B1056184201575N00045343EA0109901196
B1056194201575N00045339EA0110201199
B1056204201572N00045335EA0110301200
B1056214201569N00045334EA0110501202
B1056224201565N00045335EA0110601203
B1056234201560N00045339EA0110601204
B1056244201558N00045345EA0110701204
B1056254201558N00045354EA0110701205
B1056264201561N00045361EA0110901206
B1056274201565N00045367EA0111001208
B1056284201571N00045369EA0111301210
B1056294201576N00045368EA0111501212
B1056304201580N00045364EA0111801214
B1056314201582N00045359EA0112001218
B1056324201583N00045355EA0112201221
B1056334201584N00045351EA0112401223
B1056344201584N00045347EA0112601224
B1056354201584N00045342EA0112901226
B1056364201584N00045337EA0112901228
B1056374201582N00045332EA0113101231
B1056384201579N00045330EA0113401234
B1056394201575N00045329EA0113601236
B1056404201571N00045330EA0113901238
B1056414201568N00045335EA0114001240
B1056424201567N00045343EA0114101241
B1056434201568N00045351EA0114201242
B1056444201572N00045358EA0114401243
B1056454201578N00045361EA0114401244
B1056464201584N00045362EA0114601245
B1056474201590N00045362EA0114701247
B1056484201595N00045359EA0115001249
B1056494201599N00045355EA0115101251
B1056504201602N00045350EA0115501254
B1056514201603N00045346EA0116001258
B1056524201604N00045341EA0116201261
B1056534201603N00045337EA0116401264
B1056544201602N00045334EA0116501266
B1056554201598N00045332EA0116501267
B1056564201594N00045331EA0116801268
B1056574201589N00045330EA0117001270
B1056584201585N00045332EA0117201273
B1056594201581N00045337EA0117201274
B1057004201578N00045346EA0117401275
B1057014201579N00045354EA0117601277
B1057024201583N00045361EA0117701279
B1057034201588N00045365EA0117901280
B1057044201594N00045365EA0118001282
B1057054201598N00045362EA0118201285
B1057064201600N00045357EA0118401287
B1057074201600N00045353EA0118701289
B1057084201597N00045350EA0118701290
B1057094201593N00045349EA0118901292
B1057104201588N00045352EA0119101294
B1057114201585N00045357EA0119401296
B1057124201583N00045363EA0119601299
B1057134201583N00045371EA0119601300
B1057144201586N00045379EA0119801301
B1057154201590N00045385EA0119801302
B1057164201595N00045389EA0120001303
B1057174201601N00045391EA0120101304
B1057184201606N00045389EA0120301305
B1057194201610N00045385EA0120301307
B1057204201611N00045379EA0120701309
B1057214201611N00045374EA0120901311
B1057224201608N00045371EA0121001314
B1057234201605N00045369EA0121201316
B1057244201601N00045370EA0121301317
B1057254201597N00045371EA0121401319
B1057264201593N00045375EA0121601320
B1057274201590N00045382EA0121701321
B1057284201589N00045391EA0121901322
B1057294201591N00045399EA0121901324
B1057304201595N00045405EA0122001325
B1057314201600N00045409EA0122101325
B1057324201606N00045410EA0122001325
B1057334201611N00045409EA0122201326
B1057344201615N00045405EA0122301327
B1057354201618N00045399EA0122501328
B1057364201618N00045393EA0122701331
B1057374201618N00045388EA0122901334
B1057384201615N00045385EA0123101336
B1057394201611N00045383EA0123201337
B1057404201606N00045384EA0123501340
B1057414201601N00045388EA0123801343
B1057424201597N00045394EA0124101346
B1057434201595N00045401EA0124301348
B1057444201595N00045408EA0124401351
B1057454201596N00045415EA0124501352
B1057464201599N00045422EA0124601353
B1057474201604N00045426EA0124701353
B1057484201610N00045429EA0124701353
B1057494201615N00045427EA0124801353
B1057504201620N00045424EA0124801354
B1057514201623N00045419EA0125001356
B1057524201624N00045413EA0125101358
B1057534201624N00045407EA0125501360
B1057544201622N00045402EA0125501363
B1057554201620N00045399EA0125801365
B1057564201616N00045398EA0126201368
B1057574201613N00045398EA0126201369
B1057584201609N00045401EA0126301370
B1057594201605N00045407EA0126301370
B1058004201604N00045415EA0126301371
B1058014201604N00045424EA0126501372
B1058024201607N00045431EA0126701374
B1058034201612N00045436EA0126901375
B1058044201618N00045438EA0127001377
B1058054201623N00045436EA0127101378
B1058064201627N00045432EA0127301380
B1058074201629N00045426EA0127501383
B1058084201628N00045420EA0127801386
B1058094201627N00045415EA0128201389
B1058104201625N00045413EA0128301391
B1058114201622N00045413EA0128501392
B1058124201619N00045414EA0128401392
B1058134201615N00045417EA0128401392
B1058144201611N00045422EA0128501393
B1058154201608N00045429EA0128701394
B1058164201607N00045437EA0128701396
B1058174201609N00045445EA0128801397
B1058184201613N00045451EA0129001398
B1058194201618N00045455EA0129101400
B1058204201624N00045456EA0129301401
B1058214201629N00045455EA0129401403
B1058224201633N00045451EA0129501404
B1058234201636N00045446EA0129701406
B1058244201637N00045441EA0129901408
B1058254201638N00045436EA0130201410
B1058264201636N00045433EA0130101412
B1058274201634N00045432EA0130101411
B1058284201629N00045433EA0130201411
B1058294201625N00045437EA0130301412
B1058304201622N00045443EA0130501414
B1058314201622N00045451EA0130701416
B1058324201623N00045458EA0130801417
B1058334201627N00045464EA0130701418
B1058344201632N00045469EA0131001419
B1058354201638N00045472EA0131201421
B1058364201643N00045472EA0131501423
B1058374201648N00045470EA0131401425
B1058384201652N00045465EA0131601426
B1058394201654N00045459EA0131601427
B1058404201654N00045453EA0131801429
B1058414201653N00045449EA0131701429
B1058424201650N00045446EA0131801430
B1058434201646N00045446EA0132101430
B1058444201641N00045448EA0132101431
B1058454201638N00045453EA0132201432
B1058464201636N00045460EA0132101433
B1058474201637N00045468EA0132301435
B1058484201639N00045476EA0132701437
B1058494201643N00045482EA0132901439
B1058504201648N00045485EA0132901440
B1058514201653N00045486EA0132901440
B1058524201659N00045484EA0133001441
B1058534201664N00045481EA0133301443
B1058544201667N00045476EA0133301444
B1058554201669N00045470EA0133201445
B1058564201668N00045466EA0133401445
B1058574201665N00045463EA0133401446
B1058584201661N00045463EA0133501446
B1058594201657N00045465EA0133601446
B1059004201655N00045470EA0133701448
B1059014201654N00045476EA0133801449
B1059024201655N00045484EA0133901449
B1059034201658N00045491EA0133801450
B1059044201663N00045496EA0134101452
B1059054201669N00045500EA0134501454
B1059064201674N00045501EA0134501455
B1059074201680N00045499EA0134401456
B1059084201686N00045496EA0134601456
B1059094201690N00045492EA0134701457
B1059104201692N00045487EA0134601457
B1059114201693N00045482EA0134601458
B1059124201692N00045478EA0134701458
B1059134201689N00045476EA0134601458
B1059144201686N00045477EA0134701457
B1059154201682N00045480EA0134701458
B1059164201680N00045485EA0134801459
B1059174201678N00045492EA0134801460
B1059184201679N00045499EA0134801460
B1059194201682N00045507EA0135001461
B1059204201687N00045514EA0135301464
B1059214201693N00045519EA0135501466
B1059224201699N00045521EA0135601468
B1059234201705N00045521EA0135601469
B1059244201711N00045520EA0135901471
B1059254201715N00045518EA0135901472
B1059264201719N00045515EA0135901471
B1059274201721N00045511EA0135801470
B1059284201721N00045506EA0135701469
B1059294201720N00045502EA0135801469
B1059304201718N00045500EA0135801469
B1059314201715N00045501EA0135601468
B1059324201712N00045504EA0135601467
B1059334201709N00045508EA0135501467
B1059344201706N00045512EA0135601468
B1059354201703N00045516EA0135701469
B1059364201701N00045520EA0135901470
B1059374201699N00045525EA0136001471
B1059384201698N00045530EA0135801471
B1059394201697N00045537EA0135901472
B1059404201697N00045544EA0136101472
B1059414201698N00045552EA0136201474
B1059424201700N00045558EA0136301475
B1059434201704N00045563EA0136401476
B1059444201709N00045565EA0136401476
B1059454201714N00045565EA0136401477
B1059464201719N00045563EA0136501478
B1059474201722N00045560EA0136601479
B1059484201724N00045556EA0136801480
B1059494201725N00045552EA0136801481
B1059504201724N00045548EA0136801481
B1059514201721N00045546EA0136801481
B1059524201717N00045546EA0136801482
B1059534201714N00045546EA0136901483
B1059544201712N00045549EA0137001483
B1059554201709N00045554EA0136901483
B1059564201708N00045560EA0136901483
B1059574201708N00045568EA0137001483
B1059584201709N00045575EA0137101484
B1059594201712N00045582EA0137101485
B1100004201716N00045587EA0137201485
B1100014201722N00045590EA0137201486
B1100024201728N00045590EA0137301488
B1100034201733N00045589EA0137501489
B1100044201737N00045586EA0137401489
B1100054201740N00045582EA0137701490
B1100064201741N00045577EA0137601491
B1100074201742N00045572EA0137701491
B1100084201741N00045569EA0137701490
B1100094201739N00045567EA0137701490
B1100104201736N00045565EA0137701491
B1100114201734N00045564EA0137801492
B1100124201731N00045563EA0137901493
B1100134201729N00045563EA0137901494
B1100144201727N00045562EA0137901494
B1100154201725N00045560EA0137901494
B1100164201722N00045559EA0137901494
B1100174201719N00045559EA0137801494
B1100184201715N00045559EA0137901494
B1100194201711N00045561EA0137801494
B1100204201707N00045562EA0137901494
B1100214201703N00045564EA0137901494
B1100224201700N00045565EA0137801494
B1100234201696N00045566EA0137801493
B1100244201692N00045567EA0137601492
B1100254201688N00045569EA0137501491
B1100264201684N00045571EA0137301490
B1100274201679N00045573EA0137301489
B1100284201675N00045575EA0137101488
B1100294201670N00045577EA0137101487
B1100304201666N00045579EA0136901486
B1100314201662N00045581EA0136801485
B1100324201658N00045583EA0136601483
B1100334201654N00045585EA0136501481
B1100344201649N00045587EA0136401480
B1100354201645N00045589EA0136301479
B1100364201641N00045590EA0136301479
B1100374201637N00045592EA0136101477
B1100384201632N00045594EA0136001476
B1100394201628N00045597EA0135801474
B1100404201624N00045599EA0135601473
B1100414201620N00045601EA0135601472
B1100424201616N00045603EA0135301470
B1100434201612N00045604EA0135401469
B1100444201608N00045606EA0135201468
B1100454201604N00045607EA0135201467
B1100464201600N00045609EA0135001466
B1100474201596N00045611EA0134901464
B1100484201591N00045613EA0134701463
B1100494201587N00045614EA0134601461
B1100504201582N00045614EA0134501460
B1100514201578N00045614EA0134401459
B1100524201574N00045614EA0134201458
B1100534201570N00045615EA0134101457
B1100544201566N00045617EA0134001455
B1100554201561N00045619EA0133901454
B1100564201557N00045620EA0133801453
B1100574201552N00045620EA0133601451
B1100584201548N00045621EA0133501450
B1100594201543N00045623EA0133301449
B1101004201539N00045626EA0133201448
B1101014201535N00045628EA0133101447
B1101024201530N00045630EA0133001446
B1101034201526N00045632EA0133001445
B1101044201522N00045634EA0133001444
B1101054201517N00045636EA0133001444
B1101064201513N00045637EA0132801443
B1101074201509N00045638EA0132701442
B1101084201505N00045638EA0132701441
B1101094201500N00045638EA0132601440
B1101104201496N00045639EA0132601440
B1101114201492N00045639EA0132501439
B1101124201487N00045640EA0132401439
B1101134201483N00045640EA0132401438
B1101144201479N00045641EA0132201437
B1101154201474N00045642EA0132101436
B1101164201470N00045642EA0132101435
B1101174201465N00045643EA0132101434
B1101184201461N00045643EA0131901434
B1101194201457N00045644EA0131801433
B1101204201453N00045644EA0131901432
B1101214201449N00045644EA0131701432
B1101224201445N00045644EA0131801431
B1101234201441N00045645EA0131601431
B1101244201437N00045646EA0131601430
B1101254201433N00045648EA0131501429
B1101264201429N00045649EA0131501429
B1101274201425N00045651EA0131401427
B1101284201421N00045652EA0131201426
B1101294201417N00045653EA0131001425
B1101304201412N00045654EA0130901423
B1101314201408N00045654EA0130901422
B1101324201404N00045655EA0130801422
B1101334201400N00045656EA0130701421
B1101344201396N00045657EA0130601420
B1101354201392N00045657EA0130501419
B1101364201388N00045658EA0130401417
B1101374201383N00045659EA0130301416
B1101384201379N00045660EA0130101415
B1101394201375N00045661EA0130101414
B1101404201372N00045662EA0130001413
B1101414201368N00045662EA0129901412
B1101424201364N00045662EA0129801411
B1101434201360N00045662EA0129701410
B1101444201356N00045662EA0129401408
B1101454201352N00045662EA0129401407
B1101464201349N00045662EA0129201406
B1101474201345N00045662EA0129201405
B1101484201341N00045663EA0129101403
B1101494201336N00045663EA0128901402
B1101504201332N00045663EA0128901401
B1101514201329N00045663EA0128601399
B1101524201325N00045663EA0128401398
B1101534201321N00045664EA0128301396
B1101544201316N00045663EA0128101394
B1101554201312N00045663EA0128101393
B1101564201308N00045662EA0127901392
B1101574201305N00045662EA0127701390
B1101584201301N00045662EA0127601388
B1101594201297N00045662EA0127501386
B1102004201292N00045662EA0127301385
B1102014201288N00045662EA0127201383
B1102024201284N00045663EA0127101382
B1102034201281N00045663EA0126901381
B1102044201277N00045663EA0126601379
B1102054201273N00045664EA0126501376
B1102064201269N00045665EA0126301374
B1102074201265N00045666EA0126201373
B1102084201261N00045667EA0126101372
B1102094201258N00045668EA0125901371
B1102104201254N00045669EA0125901369
B1102114201250N00045670EA0125601367
B1102124201246N00045671EA0125401365
B1102134201242N00045672EA0125301364
B1102144201238N00045672EA0125201362
B1102154201235N00045673EA0124901361
B1102164201231N00045674EA0124901359
B1102174201228N00045675EA0124701357
B1102184201224N00045676EA0124401355
B1102194201219N00045677EA0124201353
B1102204201215N00045678EA0124001351
B1102214201211N00045680EA0123901349
B1102224201207N00045681EA0123701348
B1102234201203N00045682EA0123601346
B1102244201199N00045684EA0123501344
B1102254201195N00045685EA0123201342
B1102264201191N00045687EA0122901340
B1102274201187N00045688EA0122901338
B1102284201183N00045689EA0122701336
B1102294201179N00045690EA0122401334
B1102304201175N00045692EA0122401332
B1102314201170N00045694EA0122201331
B1102324201166N00045695EA0122101330
B1102334201162N00045696EA0122101328
B1102344201158N00045697EA0121901327
B1102354201154N00045698EA0121801326
B1102364201150N00045698EA0121601324
B1102374201146N00045699EA0121401323
B1102384201142N00045700EA0121301321
B1102394201138N00045702EA0121301320
B1102404201134N00045703EA0121101319
B1102414201130N00045704EA0120901317
B1102424201126N00045705EA0120701316
B1102434201122N00045707EA0120701314
B1102444201118N00045708EA0120701313
B1102454201114N00045710EA0120401312
B1102464201110N00045712EA0120301310
B1102474201107N00045715EA0120001308
B1102484201103N00045719EA0119801306
B1102494201099N00045721EA0119801304
B1102504201095N00045724EA0119501303
B1102514201091N00045727EA0119501302
B1102524201087N00045729EA0119401300
B1102534201083N00045732EA0119001298
B1102544201079N00045734EA0118801296
B1102554201075N00045737EA0118801294
B1102564201071N00045739EA0118501293
B1102574201066N00045741EA0118401291
B1102584201062N00045744EA0118301289
B1102594201058N00045746EA0118101288
B1103004201054N00045749EA0118001286
B1103014201049N00045751EA0117901284
B1103024201045N00045753EA0117701282
B1103034201041N00045755EA0117401281
B1103044201036N00045757EA0117301279
B1103054201032N00045759EA0117101277
B1103064201027N00045761EA0117101276
B1103074201023N00045762EA0117001275
B1103084201018N00045763EA0116801273
B1103094201014N00045765EA0116601272
B1103104201010N00045766EA0116501270
B1103114201005N00045767EA0116401269
B1103124201001N00045769EA0116301267
B1103134200997N00045771EA0116201266
B1103144200992N00045772EA0116001264
B1103154200988N00045773EA0115701263
B1103164200983N00045774EA0115601262
B1103174200979N00045776EA0115601261
B1103184200975N00045777EA0115401259
B1103194200970N00045779EA0115401258
B1103204200966N00045780EA0115301257
B1103214200961N00045782EA0115301256
B1103224200957N00045783EA0115001254
B1103234200953N00045785EA0114901253
B1103244200948N00045786EA0114801252
B1103254200944N00045787EA0114601251
B1103264200939N00045788EA0114401249
B1103274200935N00045789EA0114401248
B1103284200930N00045791EA0114401247
B1103294200926N00045792EA0114301246
B1103304200921N00045793EA0114101245
B1103314200917N00045795EA0114001243
B1103324200912N00045796EA0113901242
B1103334200908N00045797EA0113801241
B1103344200903N00045798EA0113801240
B1103354200899N00045799EA0113701239
B1103364200894N00045801EA0113401238
B1103374200890N00045802EA0113501237
B1103384200885N00045804EA0113401237
B1103394200881N00045805EA0113301236
B1103404200877N00045806EA0113301235
B1103414200872N00045808EA0113101234
B1103424200868N00045809EA0113101233
B1103434200863N00045810EA0113001233
B1103444200859N00045811EA0113001232
B1103454200854N00045812EA0112901231
B1103464200850N00045812EA0112801230
B1103474200846N00045812EA0112801230
B1103484200841N00045812EA0112601229
B1103494200837N00045813EA0112601229
B1103504200832N00045814EA0112601228
B1103514200828N00045815EA0112501227
B1103524200824N00045815EA0112501226
B1103534200819N00045816EA0112501226
B1103544200815N00045817EA0112301225
B1103554200810N00045819EA0112301224
B1103564200805N00045820EA0112301224
B1103574200801N00045820EA0112201223
B1103584200797N00045821EA0112101222
B1103594200792N00045822EA0111901222
B1104004200788N00045823EA0111901221
B1104014200783N00045824EA0111901220
B1104024200778N00045825EA0111801220
B1104034200774N00045826EA0111701219
B1104044200770N00045827EA0111601218
B1104054200765N00045828EA0111601217
B1104064200761N00045829EA0111301215
B1104074200757N00045830EA0111201214
B1104084200752N00045831EA0111101212
B1104094200747N00045831EA0111001211
B1104104200743N00045832EA0110901210
B1104114200738N00045832EA0110901210
B1104124200735N00045830EA0110801210
B1104134200733N00045826EA0110801209
B1104144200733N00045822EA0110701208
B1104154200734N00045817EA0110801208
B1104164200736N00045813EA0110701208
B1104174200739N00045810EA0110801207
B1104184200742N00045808EA0110501206
B1104194200745N00045805EA0110501206
B1104204200748N00045801EA0110601205
B1104214200750N00045797EA0110501205
B1104224200753N00045795EA0110601206
B1104234200756N00045793EA0110601205
B1104244200758N00045791EA0110401204
B1104254200761N00045787EA0110201202
B1104264200763N00045783EA0110201201
B1104274200765N00045777EA0110301201
B1104284200767N00045772EA0110401203
B1104294200769N00045768EA0110501203
B1104304200772N00045764EA0110401203
B1104314200774N00045760EA0110301202
B1104324200775N00045755EA0110101201
B1104334200777N00045750EA0110201201
B1104344200779N00045745EA0110001200
B1104354200781N00045741EA0109901198
B1104364200784N00045737EA0109701196
B1104374200787N00045733EA0109401194
B1104384200789N00045728EA0109301193
B1104394200793N00045725EA0109301191
B1104404200796N00045721EA0109101191
B1104414200800N00045718EA0109101190
B1104424200803N00045715EA0108901188
B1104434200806N00045711EA0108601186
B1104444200810N00045707EA0108501184
B1104454200814N00045704EA0108401183
B1104464200819N00045701EA0108301182
B1104474200823N00045699EA0108501183
B1104484200827N00045696EA0108501183
B1104494200830N00045694EA0108501183
B1104504200834N00045691EA0108501183
B1104514200837N00045687EA0108501184
B1104524200840N00045683EA0108601184
B1104534200844N00045679EA0108701185
B1104544200847N00045677EA0108701185
B1104554200852N00045676EA0108601184
B1104564200857N00045677EA0108501183
B1104574200861N00045681EA0108501183
B1104584200865N00045686EA0108301182
B1104594200869N00045690EA0108301181
B1105004200873N00045694EA0108301181
B1105014200877N00045695EA0108201180
B1105024200880N00045695EA0108101179
B1105034200884N00045694EA0108001177
B1105044200887N00045692EA0107801176
B1105054200890N00045689EA0107701174
B1105064200893N00045686EA0107601173
B1105074200896N00045683EA0107501171
B1105084200899N00045681EA0107301170
B1105094200902N00045678EA0107301169
B1105104200906N00045675EA0107201169
B1105114200909N00045673EA0107201168
B1105124200912N00045672EA0107101167
B1105134200914N00045670EA0106801166
B1105144200917N00045667EA0106701164
B1105154200921N00045665EA0106601162
B1105164200924N00045662EA0106401161
B1105174200928N00045660EA0106401160
B1105184200932N00045658EA0106201159
B1105194200935N00045655EA0106101158
B1105204200939N00045653EA0106201157
B1105214200942N00045651EA0105901155
B1105224200945N00045648EA0105701153
B1105234200948N00045645EA0105501152
B1105244200951N00045642EA0105401151
B1105254200954N00045639EA0105301150
B1105264200957N00045636EA0105301149
B1105274200960N00045634EA0105301148
B1105284200963N00045632EA0105101146
B1105294200966N00045629EA0104801145
B1105304200969N00045626EA0104701143
B1105314200972N00045624EA0104701142
B1105324200976N00045621EA0104501140
B1105334200978N00045619EA0104301139
B1105344200981N00045617EA0104001136
B1105354200984N00045614EA0103701134
B1105364200988N00045612EA0103501131
B1105374200992N00045610EA0103301129
B1105384200996N00045608EA0103201126
B1105394200999N00045605EA0103001124
B1105404201003N00045603EA0102801122
B1105414201006N00045600EA0102401119
B1105424201010N00045598EA0102301117
B1105434201014N00045595EA0102001115
B1105444201017N00045592EA0101901113
B1105454201020N00045588EA0101801111
B1105464201022N00045584EA0101401109
B1105474201025N00045580EA0101301107
B1105484201028N00045577EA0101201105
B1105494201031N00045573EA0101001103
B1105504201033N00045569EA0100801101
B1105514201036N00045565EA0100801100
B1105524201040N00045561EA0100601100
B1105534201043N00045558EA0100601099
B1105544201045N00045555EA0100601098
B1105554201047N00045551EA0100401097
B1105564201049N00045548EA0100301095
B1105574201052N00045545EA0100001093
B1105584201056N00045542EA0099801091
B1105594201059N00045539EA0099601089
B1106004201063N00045535EA0099601088
B1106014201067N00045531EA0099501087
B1106024201070N00045527EA0099501087
B1106034201072N00045524EA0099301086
B1106044201075N00045520EA0099101084
B1106054201078N00045516EA0099101083
B1106064201081N00045512EA0098901081
B1106074201083N00045507EA0098901080
B1106084201086N00045503EA0098901080
B1106094201089N00045499EA0098701079
B1106104201092N00045494EA0098701078
B1106114201095N00045490EA0098601077
B1106124201098N00045486EA0098401076
B1106134201102N00045481EA0098401075
B1106144201105N00045477EA0098201075
B1106154201109N00045473EA0098201074
B1106164201112N00045469EA0098101072
B1106174201116N00045465EA0098001071
B1106184201119N00045461EA0097801070
B1106194201122N00045456EA0097701069
B1106204201125N00045451EA0097701068
B1106214201128N00045448EA0097701068
B1106224201131N00045445EA0097601067
B1106234201134N00045441EA0097401066
B1106244201137N00045437EA0097301064
B1106254201140N00045433EA0097101063
B1106264201143N00045428EA0097101062
B1106274201146N00045424EA0097201061
B1106284201148N00045420EA0096801060
B1106294201151N00045416EA0096901058
B1106304201154N00045412EA0096601057
B1106314201156N00045406EA0096601055
B1106324201158N00045402EA0096401055
B1106334201160N00045398EA0096501054
B1106344201162N00045394EA0096301053
B1106354201164N00045390EA0096101051
B1106364201167N00045386EA0095901049
B1106374201170N00045382EA0095801047
B1106384201173N00045378EA0095701046
B1106394201176N00045375EA0095601045
B1106404201179N00045372EA0095201043
B1106414201182N00045367EA0095001040
B1106424201184N00045363EA0094701037
B1106434201187N00045357EA0094501035
B1106444201189N00045353EA0094501034
B1106454201192N00045348EA0094201031
B1106464201194N00045344EA0093901028
B1106474201197N00045339EA0093701026
B1106484201200N00045334EA0093501024
B1106494201203N00045330EA0093501023
B1106504201206N00045327EA0093301021
B1106514201209N00045324EA0093201019
B1106524201212N00045321EA0092801016
B1106534201216N00045317EA0092501013
B1106544201219N00045314EA0092201010
B1106554201223N00045310EA0092101008
B1106564201226N00045306EA0091901006
B1106574201229N00045302EA0091801004
B1106584201231N00045297EA0091401002
B1106594201234N00045293EA0091401001
B1107004201237N00045289EA0091301000
B1107014201240N00045287EA0091200999
B1107024201244N00045284EA0091100998
B1107034201247N00045280EA0090900996
B1107044201249N00045276EA0090700994
B1107054201252N00045272EA0090700993
B1107064201255N00045268EA0090600992
B1107074201258N00045265EA0090500992
B1107084201260N00045262EA0090400990
B1107094201261N00045258EA0090100988
B1107104201263N00045253EA0089800985
B1107114201264N00045248EA0089600983
B1107124201265N00045243EA0089700982
B1107134201266N00045238EA0089500982
B1107144201267N00045234EA0089400981
B1107154201268N00045230EA0089500980
B1107164201270N00045226EA0089400980
B1107174201272N00045222EA0089400980
B1107184201275N00045219EA0089500981
B1107194201279N00045216EA0089600981
B1107204201282N00045213EA0089600982
B1107214201285N00045209EA0089700983
B1107224201288N00045206EA0089700983
B1107234201292N00045203EA0089900984
B1107244201295N00045200EA0089800984
B1107254201298N00045196EA0089800984
B1107264201301N00045193EA0089900985
B1107274201304N00045190EA0089900985
B1107284201307N00045187EA0089900985
B1107294201310N00045184EA0090000985
B1107304201313N00045180EA0089800985
B1107314201316N00045177EA0089700984
B1107324201319N00045173EA0089700983
B1107334201321N00045168EA0089600982
B1107344201324N00045165EA0089600981
B1107354201326N00045161EA0089200979
B1107364201328N00045157EA0089000977
B1107374201328N00045152EA0088700974
B1107384201328N00045147EA0088400971
B1107394201327N00045142EA0088300969
B1107404201326N00045137EA0088100967
B1107414201325N00045132EA0088000965
B1107424201324N00045127EA0087800963
B1107434201323N00045122EA0087400961
B1107444201322N00045116EA0087200959
B1107454201322N00045111EA0087200957
B1107464201321N00045105EA0087100955
B1107474201321N00045100EA0086800954
B1107484201321N00045095EA0086600952
B1107494201321N00045090EA0086500950
B1107504201320N00045084EA0086300948
B1107514201320N00045079EA0086100946
B1107524201318N00045074EA0086000944
B1107534201316N00045070EA0085700942
B1107544201314N00045066EA0085500940
B1107554201311N00045062EA0085200938
B1107564201308N00045058EA0085300937
B1107574201305N00045054EA0085100936
B1107584201303N00045050EA0085000934
B1107594201300N00045047EA0084700932
B1108004201297N00045044EA0084500929
B1108014201294N00045041EA0084300927
B1108024201291N00045037EA0084100925
B1108034201289N00045033EA0084000923
B1108044201286N00045030EA0083800922
B1108054201283N00045027EA0083700920
B1108064201281N00045024EA0083500918
B1108074201278N00045021EA0083300916
B1108084201275N00045018EA0083200914
B1108094201272N00045015EA0083100913
B1108104201268N00045012EA0082900911
B1108114201264N00045008EA0082900910
B1108124201261N00045005EA0082700909
B1108134201258N00045002EA0082600908
B1108144201255N00045000EA0082500906
B1108154201251N00044998EA0082100903
B1108164201248N00044994EA0081800900
B1108174201244N00044991EA0081600898
B1108184201241N00044987EA0081300896
B1108194201237N00044985EA0081300894
B1108204201233N00044983EA0081100893
B1108214201230N00044980EA0080900890
B1108224201227N00044977EA0080600887
B1108234201224N00044974EA0080400885
B1108244201220N00044971EA0080200883
B1108254201216N00044969EA0079900880
B1108264201213N00044966EA0079800878
B1108274201210N00044963EA0079300875
B1108284201207N00044959EA0079000871
B1108294201204N00044956EA0078700869
B1108304201200N00044953EA0078600866
B1108314201196N00044950EA0078400865
B1108324201193N00044948EA0078400863
B1108334201191N00044945EA0078000861
B1108344201187N00044944EA0077800858
B1108354201183N00044943EA0077500855
B1108364201179N00044941EA0077500853
B1108374201175N00044938EA0077400853
B1108384201171N00044934EA0077500853
B1108394201168N00044930EA0077500853
B1108404201166N00044926EA0077700854
B1108414201164N00044922EA0077700855
B1108424201163N00044919EA0077700854
B1108434201161N00044916EA0077400853
B1108444201159N00044913EA0076900850
B1108454201156N00044910EA0076600845
B1108464201153N00044905EA0076200842
B1108474201149N00044901EA0076100840
B1108484201145N00044896EA0076200839
B1108494201142N00044892EA0076000838
B1108504201139N00044888EA0075900836
B1108514201136N00044885EA0075700834
B1108524201133N00044880EA0075500832
B1108534201130N00044875EA0075100829
B1108544201128N00044869EA0075000827
B1108554201125N00044864EA0074900826
B1108564201122N00044860EA0074700824
B1108574201119N00044856EA0074600822
B1108584201115N00044853EA0074400821
B1108594201111N00044850EA0074400819
B1109004201106N00044847EA0074200818
B1109014201102N00044845EA0074100817
B1109024201098N00044843EA0074000816
B1109034201094N00044841EA0073600813
B1109044201089N00044840EA0073400810
B1109054201083N00044839EA0073200808
B1109064201078N00044838EA0073100807
B1109074201072N00044839EA0073000806
B1109084201067N00044840EA0072800804
B1109094201062N00044842EA0072700802
B1109104201057N00044845EA0072600800
B1109114201052N00044848EA0072300799
B1109124201047N00044851EA0072300798
B1109134201041N00044853EA0072200797
B1109144201036N00044856EA0072000795
B1109154201031N00044858EA0071800793
B1109164201025N00044859EA0071600791
B1109174201019N00044859EA0071600789
B1109184201013N00044858EA0071500789
B1109194201007N00044858EA0071600789
B1109204201002N00044859EA0071400789
B1109214200996N00044860EA0071300788
B1109224200990N00044861EA0071300787
B1109234200984N00044861EA0071000786
B1109244200979N00044860EA0071000784
B1109254200973N00044858EA0070800783
B1109264200968N00044856EA0070800782
B1109274200963N00044854EA0070600780
B1109284200958N00044850EA0070300778
B1109294200953N00044846EA0070200776
B1109304200948N00044841EA0070000774
B1109314200944N00044838EA0069900773
B1109324200939N00044834EA0069800771
B1109334200936N00044830EA0069500769
B1109344200933N00044826EA0069400767
B1109354200931N00044822EA0069100765
B1109364200930N00044818EA0068800763
B1109374200930N00044814EA0068700760
B1109384200930N00044810EA0068600757
B1109394200932N00044806EA0068300755
B1109404200934N00044804EA0068100754
B1109414200937N00044803EA0068400755
B1109424200938N00044803EA0068300755
B1109434200940N00044802EA0068100753
B1109444200941N00044799EA0067600749
B1109454200943N00044793EA0067600747
B1109464200945N00044787EA0067600747
B1109474200945N00044782EA0067600748
B1109484200947N00044779EA0067600746
B1109494200948N00044776EA0067200743
B1109504200951N00044773EA0066900740
B1109514200955N00044770EA0066700739
B1109524200958N00044768EA0066900739
B1109534200961N00044767EA0066800738
B1109544200963N00044765EA0066700737
B1109554200965N00044763EA0066500735
B1109564200967N00044761EA0066400733
B1109574200969N00044758EA0066200731
B1109584200971N00044756EA0066100730
B1109594200973N00044753EA0066000728
B1110004200974N00044751EA0066000728
B1110014200975N00044750EA0065900728
B1110024200975N00044749EA0066000728
B1110034200975N00044749EA0066000728
B1110044200975N00044748EA0066000728
B1110054200975N00044748EA0066000728
B1110064200975N00044747EA0066000728
B1110074200975N00044747EA0066000728
B1110084200975N00044747EA0066000728
B1110094200975N00044747EA0066000728
B1110104200975N00044747EA0066000728
B1110114200975N00044747EA0065900728
B1110124200975N00044747EA0066000728
B1110134200975N00044747EA0066000728
B1110144200975N00044747EA0066000728
B1110154200975N00044747EA0066000728
B1110164200975N00044747EA0065900728
B1110174200975N00044747EA0066000728
GkzOhrugKFWxAS2SFkTkuKaN/khoMY3qzNHa+25vqW3Dn7/sW1qsEUxkRm3eZ1FgE5qqO98txa/G
G4jwPa1PFBS1Lb4rcDPAqo2v0jao7IlbhAqBCkaI9oqn6D6EzwiwijWi+G+sG40F8TyvhHLLnq03
GZ6gOPxewSmJXfSjOiHMcs=
