AXSFwn
HFDTEDATE:070826
HFPLTPILOTINCHARGE:Pauline Crombette
HFCM2CREW2:NIL
HFGTYGLIDERTYPE:Ozone SwiftSix 
HFGIDGLIDERID:NIL
HFDTMGPSDATUM:WGS84
HFRFWFIRMWAREVERSION:EU_2.00V
HFRHWHARDWAREVERSION:4.5
HFFTYFRTYPE:alfapilot,Voolaris Tracker
HFGPSRECEIVER:UBLOX,M10,72,50000,GPS,GLO,GAL
HFPRSPRESSALTSENSOR:ST,LPS22HB,10000
HFALGALTGPS:GEO
HFALPALTPRESSURE:ISA
HFTZNTIMEZONE:0
B1015584202765N00044765EA0144901566
B1015594202765N00044765EA0144901566
B1016004202765N00044765EA0145001566
B1016014202765N00044765EA0144901566
B1016024202764N00044765EA0144701566
B1016034202764N00044765EA0144901566
B1016044202765N00044765EA0144801566
B1016054202766N00044764EA0144901566
B1016064202766N00044763EA0144801566
B1016074202766N00044762EA0144701566
B1016084202765N00044761EA0144801566
B1016094202764N00044761EA0144601565
B1016104202762N00044761EA0144501564
B1016114202760N00044762EA0144301564
B1016124202758N00044763EA0144401564
B1016134202755N00044764EA0144801564
B1016144202752N00044765EA0144601564
B1016154202750N00044766EA0144701565
B1016164202747N00044767EA0144401565
B1016174202744N00044767EA0144501564
B1016184202742N00044767EA0144501564
B1016194202739N00044767EA0144501564
B1016204202736N00044769EA0144501565
B1016214202734N00044771EA0144801566
B1016224202731N00044774EA0144701567
B1016234202729N00044778EA0144901567
B1016244202727N00044781EA0144801567
B1016254202725N00044784EA0144801567
B1016264202722N00044787EA0144801567
B1016274202719N00044791EA0144801568
B1016284202717N00044794EA0144901568
B1016294202715N00044798EA0144901568
B1016304202713N00044801EA0144801568
B1016314202710N00044805EA0144601567
B1016324202707N00044809EA0144801567
B1016334202704N00044812EA0144801568
B1016344202702N00044816EA0144901569
B1016354202700N00044819EA0144901569
B1016364202698N00044823EA0144901569
B1016374202695N00044826EA0144701567
B1016384202692N00044829EA0144701566
B1016394202688N00044832EA0144701566
B1016404202685N00044835EA0144701567
B1016414202683N00044838EA0144601567
B1016424202680N00044841EA0144701566
B1016434202677N00044844EA0144401565
B1016444202674N00044847EA0144301563
B1016454202670N00044851EA0144201562
B1016464202667N00044856EA0144101562
B1016474202664N00044861EA0144101561
B1016484202662N00044865EA0144001561
B1016494202659N00044869EA0143901559
B1016504202657N00044873EA0143501556
B1016514202653N00044877EA0143301553
B1016524202650N00044881EA0143101551
B1016534202647N00044885EA0142901549
B1016544202642N00044889EA0142701547
B1016554202637N00044891EA0142801547
B1016564202632N00044893EA0143101549
B1016574202628N00044895EA0143601553
B1016584202625N00044898EA0143701555
B1016594202623N00044899EA0143901557
B1017004202620N00044901EA0143701557
B1017014202616N00044903EA0143801557
B1017024202611N00044904EA0143901557
B1017034202606N00044904EA0144101560
B1017044202602N00044904EA0144401562
B1017054202599N00044905EA0144501563
B1017064202596N00044908EA0144401563
B1017074202593N00044913EA0144601564
B1017084202592N00044921EA0144801566
B1017094202594N00044929EA0144901567
B1017104202599N00044933EA0144801567
B1017114202605N00044933EA0144901567
B1017124202610N00044929EA0144901568
B1017134202611N00044923EA0145001569
B1017144202609N00044918EA0145001571
B1017154202606N00044916EA0145401573
B1017164202603N00044916EA0145701574
B1017174202599N00044917EA0145701575
B1017184202596N00044919EA0145801576
B1017194202593N00044924EA0145701576
B1017204202591N00044930EA0145701575
B1017214202591N00044936EA0145401573
B1017224202593N00044944EA0144901569
B1017234202597N00044950EA0144701567
B1017244202603N00044955EA0144601566
B1017254202610N00044956EA0144701566
B1017264202616N00044956EA0144701567
B1017274202620N00044953EA0144801568
B1017284202623N00044949EA0145001569
B1017294202626N00044945EA0145201571
B1017304202628N00044942EA0145401573
B1017314202630N00044938EA0145601575
B1017324202632N00044934EA0145701577
B1017334202634N00044929EA0146001579
B1017344202636N00044925EA0146201581
B1017354202638N00044921EA0146201583
B1017364202640N00044917EA0146401584
B1017374202642N00044913EA0146701586
B1017384202641N00044909EA0146701587
B1017394202638N00044906EA0146401587
B1017404202634N00044905EA0146601586
B1017414202630N00044908EA0146601587
B1017424202627N00044914EA0146601587
B1017434202627N00044921EA0146801587
B1017444202627N00044928EA0146701588
B1017454202627N00044934EA0146901588
B1017464202627N00044941EA0146901589
B1017474202627N00044948EA0147101591
B1017484202627N00044955EA0147301593
B1017494202627N00044961EA0147401594
B1017504202627N00044968EA0147201594
B1017514202626N00044974EA0147201593
B1017524202626N00044980EA0147101592
B1017534202625N00044985EA0147001590
B1017544202623N00044989EA0146701588
B1017554202620N00044990EA0146501585
B1017564202618N00044988EA0146201583
B1017574202617N00044985EA0146401582
B1017584202617N00044981EA0146201581
B1017594202619N00044977EA0146001579
B1018004202621N00044973EA0145701577
B1018014202623N00044968EA0145701576
B1018024202624N00044963EA0145601575
B1018034202626N00044959EA0145701575
B1018044202627N00044954EA0145701576
B1018054202629N00044950EA0145801576
B1018064202632N00044946EA0145701576
B1018074202635N00044943EA0145701576
B1018084202639N00044939EA0145501575
B1018094202642N00044934EA0145401574
B1018104202645N00044929EA0145301573
B1018114202648N00044924EA0145401573
B1018124202650N00044919EA0145301573
B1018134202652N00044915EA0145401573
B1018144202654N00044911EA0145501573
B1018154202656N00044907EA0145401573
B1018164202659N00044903EA0145101571
B1018174202662N00044899EA0144801569
B1018184202665N00044895EA0144601566
B1018194202667N00044890EA0144401564
B1018204202670N00044884EA0144401562
B1018214202672N00044878EA0144201562
B1018224202673N00044872EA0144201561
B1018234202675N00044866EA0144201561
B1018244202677N00044861EA0144001560
B1018254202679N00044856EA0144001559
B1018264202682N00044850EA0144001559
B1018274202684N00044845EA0143901559
B1018284202686N00044839EA0144001559
B1018294202688N00044833EA0144101559
B1018304202691N00044827EA0144001560
B1018314202693N00044822EA0144101560
B1018324202693N00044818EA0144101561
B1018334202693N00044814EA0144001561
B1018344202691N00044812EA0144201561
B1018354202688N00044812EA0144201561
B1018364202685N00044813EA0144201562
B1018374202682N00044815EA0144301563
B1018384202679N00044817EA0144601564
B1018394202677N00044821EA0144601566
B1018404202675N00044826EA0144601566
B1018414202674N00044832EA0144701566
B1018424202672N00044837EA0144501565
B1018434202670N00044842EA0144501564
B1018444202668N00044847EA0144301564
B1018454202667N00044853EA0144301563
B1018464202666N00044858EA0144301563
B1018474202664N00044864EA0144401563
B1018494202660N00044875EA0144301563
B1018504202658N00044881EA0144501564
B1018514202657N00044886EA0144301564
B1018524202656N00044891EA0144301562
B1018534202654N00044896EA0144001560
B1018544202652N00044903EA0143701558
B1018554202649N00044908EA0143901558
B1018564202646N00044913EA0143901559
B1018574202644N00044918EA0143901558
B1018584202642N00044923EA0143701557
B1018594202640N00044928EA0143701556
B1019004202637N00044934EA0143601555
B1019014202634N00044940EA0143701555
B1019034202629N00044952EA0143901558
B1019044202627N00044957EA0144001560
B1019054202626N00044963EA0144101559
B1019064202624N00044968EA0143901559
B1019074202622N00044974EA0143901558
B1019084202620N00044980EA0144001560
B1019094202618N00044986EA0144401563
B1019104202617N00044991EA0144601564
B1019114202616N00044997EA0144601565
B1019124202614N00045004EA0144801566
B1019134202612N00045010EA0144701567
B1019144202611N00045017EA0145101569
B1019154202610N00045022EA0145201570
B1019164202609N00045027EA0145301571
B1019174202607N00045033EA0145201572
B1019184202605N00045038EA0145301572
B1019194202603N00045042EA0145301573
B1019204202601N00045047EA0145501573
B1019214202599N00045050EA0145401573
B1019224202596N00045054EA0145401573
B1019234202594N00045059EA0145301572
B1019244202591N00045063EA0145301572
B1019254202589N00045068EA0145201573
B1019264202587N00045073EA0145501574
B1019274202586N00045077EA0145401574
B1019284202585N00045081EA0145301573
B1019294202583N00045085EA0145201571
B1019304202580N00045086EA0145101570
B1019314202576N00045084EA0144701568
B1019324202572N00045079EA0144801567
B1019334202570N00045074EA0145001568
B1019344202569N00045069EA0145201569
B1019354202567N00045066EA0145201570
B1019364202566N00045063EA0145201570
B1019374202564N00045060EA0145101570
B1019384202563N00045055EA0145101571
B1019394202563N00045050EA0145401572
B1019404202565N00045044EA0145401573
B1019414202569N00045039EA0145601575
B1019424202573N00045035EA0145901577
B1019434202576N00045032EA0146001578
B1019444202580N00045028EA0146001579
B1019454202584N00045024EA0146201580
B1019464202589N00045021EA0146301581
B1019474202593N00045018EA0146301582
B1019484202598N00045015EA0146201582
B1019494202603N00045011EA0146201581
B1019504202607N00045006EA0146001580
B1019514202611N00045001EA0145901579
B1019524202615N00044994EA0146101581
B1019534202618N00044987EA0146401583
B1019544202620N00044982EA0146701586
B1019554202623N00044977EA0146901588
B1019564202625N00044973EA0146801588
B1019574202628N00044968EA0146701587
B1019584202632N00044962EA0146601587
B1019594202635N00044956EA0146601587
B1020004202638N00044950EA0146901589
B1020014202641N00044945EA0147101591
B1020024202644N00044940EA0147201592
B1020034202648N00044936EA0147201593
B1020044202651N00044932EA0147201594
B1020054202654N00044927EA0147201594
B1020064202656N00044922EA0147301595
B1020074202658N00044916EA0147501595
B1020084202661N00044911EA0147401595
B1020094202664N00044905EA0147601596
B1020104202667N00044900EA0147801598
B1020114202669N00044895EA0147801599
B1020124202672N00044890EA0147901600
B1020134202675N00044885EA0147901600
B1020144202678N00044880EA0147901600
B1020154202681N00044874EA0147801600
B1020164202683N00044869EA0147901600
B1020174202685N00044863EA0147901600
B1020184202688N00044858EA0147701599
B1020194202690N00044852EA0147701599
B1020204202693N00044845EA0147701599
B1020214202696N00044839EA0148001600
B1020224202698N00044833EA0148001601
B1020234202701N00044827EA0148201602
B1020244202703N00044822EA0148101603
B1020254202705N00044816EA0148201603
B1020264202707N00044810EA0148301604
B1020274202709N00044805EA0148401605
B1020284202710N00044800EA0148401606
B1020294202712N00044795EA0148501606
B1020304202713N00044790EA0148601607
B1020314202713N00044786EA0148701609
B1020324202714N00044781EA0148901611
B1020334202715N00044778EA0149001612
B1020344202716N00044774EA0149201613
B1020354202718N00044770EA0149201615
B1020364202720N00044767EA0149401616
B1020374202723N00044764EA0149701618
B1020384202725N00044761EA0149901620
B1020394202728N00044758EA0150101622
B1020404202731N00044754EA0150101623
B1020414202734N00044751EA0150201625
B1020424202737N00044748EA0150401626
B1020434202740N00044745EA0150401627
B1020444202744N00044741EA0150501628
B1020454202746N00044738EA0150601628
B1020464202748N00044733EA0150701629
B1020474202749N00044730EA0150801630
B1020484202750N00044726EA0150901631
B1020494202751N00044722EA0150901631
B1020504202751N00044719EA0150901632
B1020514202751N00044716EA0150901632
B1020524202751N00044713EA0151101634
B1020534202750N00044711EA0151101635
B1020544202748N00044709EA0151201635
B1020554202746N00044708EA0151001634
B1020564202743N00044707EA0150901633
B1020574202740N00044708EA0150801632
B1020584202736N00044708EA0150901632
B1020594202732N00044709EA0151001633
B1021004202728N00044711EA0151301635
B1021014202724N00044713EA0151601637
B1021024202722N00044715EA0151601639
B1021034202719N00044716EA0151601640
B1021044202715N00044717EA0151701641
B1021054202712N00044719EA0152101643
B1021064202709N00044724EA0152301646
B1021074202709N00044730EA0152501649
B1021084202711N00044736EA0152601651
B1021094202715N00044742EA0152801652
B1021104202720N00044747EA0153201655
B1021114202726N00044751EA0153401657
B1021124202732N00044753EA0153601659
B1021134202737N00044753EA0153701661
B1021144202743N00044751EA0153901664
B1021154202747N00044747EA0154101666
B1021164202750N00044743EA0154401668
B1021174202751N00044739EA0154601670
B1021184202750N00044735EA0154701671
B1021194202749N00044733EA0154701672
B1021204202746N00044732EA0154801673
B1021214202743N00044731EA0155101676
B1021224202741N00044731EA0155301678
B1021234202739N00044731EA0155401680
B1021244202737N00044731EA0155401680
B1021254202735N00044734EA0155501681
B1021264202733N00044738EA0155801683
B1021274202734N00044744EA0156001685
B1021284202736N00044750EA0156201687
B1021294202741N00044756EA0156101688
B1021304202746N00044759EA0156501690
B1021314202753N00044760EA0156601691
B1021324202759N00044758EA0156501693
B1021334202764N00044754EA0156801694
B1021344202766N00044749EA0156901695
B1021354202767N00044745EA0156801696
B1021364202765N00044741EA0157001696
B1021374202763N00044739EA0157001697
B1021384202761N00044737EA0157101697
B1021394202759N00044736EA0157201698
B1021404202757N00044735EA0157101697
B1021414202754N00044734EA0157101698
B1021424202751N00044734EA0157501701
B1021434202749N00044733EA0157901704
B1021444202747N00044732EA0157901707
B1021454202746N00044731EA0158101708
B1021464202744N00044730EA0157901707
B1021474202741N00044730EA0157801707
B1021484202738N00044731EA0158001707
B1021494202736N00044734EA0158101708
B1021504202734N00044738EA0158001708
B1021514202734N00044744EA0158101708
B1021524202735N00044750EA0158201708
B1021534202738N00044756EA0158001708
B1021544202743N00044761EA0158001707
B1021554202749N00044763EA0158001706
B1021564202756N00044763EA0158001707
B1021574202762N00044760EA0158401709
B1021584202767N00044757EA0158601712
B1021594202771N00044753EA0158801714
B1022004202774N00044748EA0158801716
B1022014202776N00044743EA0158901716
B1022024202778N00044737EA0158801715
B1022034202778N00044732EA0158601714
B1022044202777N00044728EA0158501713
B1022054202776N00044724EA0158401711
B1022064202774N00044722EA0158201710
B1022074202771N00044722EA0158201708
B1022084202768N00044722EA0157901707
B1022094202765N00044723EA0157801706
B1022104202762N00044724EA0157901706
B1022114202759N00044726EA0158001706
B1022124202757N00044728EA0158001707
B1022134202755N00044732EA0158001707
B1022144202753N00044736EA0157901706
B1022154202751N00044740EA0157701705
B1022164202749N00044745EA0157801704
B1022174202746N00044749EA0157701704
B1022184202745N00044753EA0157601704
B1022194202743N00044756EA0157501702
B1022204202741N00044760EA0157401701
B1022214202738N00044764EA0157201700
B1022224202735N00044767EA0157401701
B1022234202732N00044770EA0157501702
B1022244202729N00044772EA0157501703
B1022254202727N00044775EA0157601703
B1022264202724N00044778EA0157601704
B1022274202722N00044780EA0157601704
B1022284202721N00044782EA0157601703
B1022294202720N00044784EA0157501702
B1022304202718N00044787EA0157401700
B1022314202716N00044791EA0156901698
B1022324202713N00044795EA0156801696
B1022334202710N00044799EA0156801695
B1022344202708N00044803EA0156901694
B1022354202706N00044807EA0156601693
B1022364202705N00044813EA0156401691
B1022374202704N00044819EA0156201689
B1022384202702N00044825EA0156301689
B1022394202701N00044830EA0156301689
B1022404202700N00044834EA0156201689
B1022414202699N00044839EA0156201688
B1022424202698N00044845EA0156101687
B1022434202698N00044851EA0155901686
B1022444202697N00044857EA0156001686
B1022454202695N00044861EA0155901685
B1022464202693N00044864EA0156001684
B1022474202691N00044865EA0155701682
B1022484202689N00044865EA0155601681
B1022494202687N00044864EA0155201679
B1022504202685N00044862EA0155101677
B1022514202684N00044859EA0155001675
B1022524202684N00044856EA0154801674
B1022534202683N00044853EA0154801673
B1022544202681N00044851EA0154801672
B1022554202679N00044848EA0154801673
B1022564202677N00044846EA0154801673
B1022574202675N00044844EA0154901674
B1022584202673N00044842EA0154801674
B1022594202672N00044839EA0154801673
B1023004202670N00044836EA0154801673
B1023014202667N00044834EA0154801674
B1023024202664N00044833EA0155001675
B1023034202661N00044833EA0155001675
B1023044202658N00044835EA0154801674
B1023054202655N00044840EA0154501672
B1023064202653N00044847EA0154401669
B1023074202653N00044857EA0154301668
B1023084202656N00044866EA0154201668
B1023094202660N00044872EA0154301668
B1023104202665N00044876EA0154201667
B1023114202670N00044877EA0153901665
B1023124202675N00044877EA0153801662
B1023134202680N00044876EA0153501659
B1023144202686N00044874EA0153201657
B1023154202690N00044871EA0153301656
B1023164202694N00044869EA0153301656
B1023174202697N00044866EA0153401656
B1023184202700N00044863EA0153401657
B1023194202703N00044860EA0153401657
B1023204202706N00044858EA0153401657
B1023214202710N00044855EA0153501657
B1023224202714N00044852EA0153601657
B1023234202718N00044849EA0153501658
B1023244202721N00044846EA0153701659
B1023254202723N00044842EA0153601660
B1023264202723N00044838EA0153801660
B1023274202722N00044833EA0154001662
B1023284202719N00044830EA0154101664
B1023294202717N00044828EA0154201666
B1023304202715N00044828EA0154501668
B1023314202714N00044829EA0154601668
B1023324202712N00044832EA0154401668
B1023334202708N00044835EA0154401667
B1023344202705N00044839EA0154501668
B1023354202701N00044842EA0154701670
B1023364202699N00044843EA0154801671
B1023374202697N00044843EA0154801671
B1023384202696N00044841EA0154601670
B1023394202695N00044837EA0154601670
B1023404202695N00044832EA0154801671
B1023414202697N00044827EA0154901673
B1023424202700N00044823EA0155201675
B1023434202703N00044819EA0155401677
B1023444202706N00044816EA0155401678
B1023454202709N00044812EA0155301678
B1023464202712N00044808EA0155201678
B1023474202715N00044803EA0155501679
B1023484202716N00044799EA0155601680
B1023494202715N00044795EA0155501680
B1023504202712N00044792EA0155301680
B1023514202708N00044791EA0155501680
B1023524202704N00044794EA0155801682
B1023534202702N00044799EA0155701682
B1023544202700N00044806EA0155601681
B1023554202701N00044814EA0155501680
B1023564202704N00044821EA0155401679
B1023574202709N00044827EA0155201676
B1023584202716N00044829EA0154901674
B1023594202723N00044828EA0155001675
B1024004202728N00044824EA0155301676
B1024014202731N00044821EA0155201677
B1024024202733N00044817EA0155401678
B1024034202735N00044813EA0155401678
B1024044202737N00044809EA0155401678
B1024054202739N00044805EA0155501679
B1024064202740N00044802EA0155501679
B1024074202740N00044799EA0155501679
B1024084202739N00044796EA0155501679
B1024094202738N00044793EA0155601679
B1024104202737N00044789EA0155701680
B1024114202737N00044786EA0155801682
B1024124202737N00044783EA0155801683
B1024134202735N00044781EA0155801683
B1024144202733N00044781EA0155801683
B1024154202730N00044782EA0155901684
B1024164202728N00044785EA0156101685
B1024174202726N00044789EA0156201686
B1024184202725N00044794EA0156101686
B1024194202725N00044801EA0156201686
B1024204202726N00044809EA0156101686
B1024214202731N00044816EA0156201686
B1024224202738N00044821EA0156001685
B1024234202745N00044822EA0156001685
B1024244202751N00044820EA0156101686
B1024254202755N00044816EA0156101687
B1024264202756N00044812EA0156301688
B1024274202757N00044809EA0156301689
B1024284202758N00044807EA0156501690
B1024294202758N00044805EA0156301689
B1024304202756N00044802EA0156201688
B1024314202754N00044800EA0156301688
B1024324202752N00044797EA0156401689
B1024334202750N00044795EA0156501691
B1024344202747N00044793EA0156701693
B1024354202746N00044791EA0157001695
B1024364202744N00044788EA0157301698
B1024374202743N00044785EA0157501700
B1024384202742N00044783EA0157601702
B1024394202740N00044780EA0157701704
B1024404202738N00044777EA0158001706
B1024414202737N00044773EA0158201708
B1024424202735N00044769EA0158501711
B1024434202733N00044766EA0158701713
B1024444202730N00044765EA0158601714
B1024454202727N00044766EA0158601714
B1024464202724N00044766EA0158601714
B1024474202720N00044767EA0158801715
B1024484202717N00044768EA0158901716
B1024494202716N00044771EA0158701716
B1024504202714N00044777EA0158701715
B1024514202714N00044784EA0158801715
B1024524202716N00044792EA0159101717
B1024534202720N00044799EA0159101718
B1024544202725N00044804EA0159301719
B1024554202732N00044807EA0159501721
B1024564202738N00044807EA0159701723
B1024574202742N00044806EA0159801726
B1024584202745N00044803EA0160001727
B1024594202746N00044799EA0159801726
B1025004202746N00044796EA0159601726
B1025014202746N00044793EA0159401724
B1025024202744N00044789EA0159401722
B1025034202742N00044786EA0159401722
B1025044202739N00044784EA0159301722
B1025054202736N00044783EA0159401722
B1025064202733N00044782EA0159401722
B1025074202730N00044781EA0159501722
B1025084202726N00044780EA0159401722
B1025094202722N00044781EA0159501722
B1025104202719N00044782EA0159601723
B1025114202716N00044783EA0159501723
B1025124202713N00044784EA0159601724
B1025134202710N00044785EA0159801725
B1025144202707N00044786EA0159901726
B1025154202705N00044787EA0160101728
B1025164202703N00044787EA0160001728
B1025174202700N00044788EA0160101728
B1025184202697N00044789EA0159901728
B1025194202694N00044790EA0159801727
B1025204202691N00044791EA0159801726
B1025214202688N00044792EA0159701725
B1025224202685N00044795EA0159501724
B1025234202682N00044800EA0159401722
B1025244202680N00044806EA0159201720
B1025254202677N00044812EA0159201719
B1025264202675N00044819EA0159001719
B1025274202673N00044826EA0159001718
B1025284202672N00044834EA0158901717
B1025294202673N00044842EA0159001717
B1025304202676N00044851EA0158901717
B1025314202681N00044857EA0158901717
B1025324202687N00044862EA0159001717
B1025334202693N00044865EA0159101718
B1025344202699N00044865EA0159301719
B1025354202705N00044865EA0159401721
B1025364202710N00044864EA0159501722
B1025374202714N00044862EA0159601724
B1025384202718N00044859EA0159701724
B1025394202720N00044856EA0159601724
B1025404202722N00044852EA0159601723
B1025414202722N00044848EA0159601723
B1025424202722N00044844EA0159501723
B1025434202722N00044840EA0159501723
B1025444202721N00044837EA0159701724
B1025454202719N00044836EA0159501723
B1025464202717N00044836EA0159201721
B1025474202714N00044836EA0159001719
B1025484202711N00044838EA0158601716
B1025494202707N00044840EA0158801715
B1025504202704N00044842EA0158701713
B1025514202701N00044845EA0158401712
B1025524202699N00044848EA0158201710
B1025534202696N00044852EA0158201709
B1025544202693N00044856EA0158101708
B1025554202690N00044860EA0158101708
B1025564202687N00044863EA0158301709
B1025574202685N00044866EA0158401710
B1025584202683N00044869EA0158501710
B1025594202681N00044871EA0158401711
B1026004202678N00044873EA0158401711
B1026014202675N00044875EA0158501711
B1026024202672N00044877EA0158701713
B1026034202670N00044878EA0158701714
B1026044202667N00044879EA0158801715
B1026054202665N00044880EA0158901715
B1026064202662N00044882EA0158601714
B1026074202659N00044886EA0158601713
B1026084202656N00044892EA0158601712
B1026094202655N00044900EA0158501713
B1026104202657N00044909EA0158601712
B1026114202662N00044916EA0158701713
B1026124202668N00044920EA0158701713
B1026134202674N00044921EA0158801714
B1026144202680N00044918EA0158901715
B1026154202685N00044914EA0159101717
B1026164202688N00044910EA0159301719
B1026174202691N00044906EA0159401720
B1026184202693N00044902EA0159501722
B1026194202693N00044898EA0159601723
B1026204202692N00044895EA0159601724
B1026214202690N00044893EA0159601724
B1026224202687N00044892EA0159601725
B1026234202684N00044893EA0159701725
B1026244202682N00044894EA0159501724
B1026254202680N00044897EA0159401722
B1026264202677N00044900EA0159001719
B1026274202675N00044903EA0158801716
B1026284202671N00044906EA0158601713
B1026294202668N00044911EA0158401712
B1026304202665N00044916EA0158301711
B1026314202663N00044922EA0158401711
B1026324202661N00044927EA0158301711
B1026334202659N00044932EA0158401710
B1026344202658N00044937EA0158101708
B1026354202656N00044942EA0157601705
B1026364202653N00044947EA0157201701
B1026374202650N00044950EA0157101699
B1026384202647N00044950EA0157001698
B1026394202645N00044948EA0156901696
B1026404202645N00044944EA0156801694
B1026414202646N00044940EA0156601693
B1026424202646N00044936EA0156201690
B1026434202646N00044933EA0156001688
B1026444202645N00044929EA0155701685
B1026454202644N00044925EA0155401681
B1026464202643N00044921EA0155101678
B1026474202642N00044916EA0155001676
B1026484202640N00044912EA0155101675
B1026494202640N00044907EA0155101676
B1026504202638N00044903EA0155301678
B1026514202637N00044899EA0155501680
B1026524202636N00044894EA0155601682
B1026534202636N00044889EA0156001684
B1026544202636N00044885EA0156301687
B1026554202635N00044881EA0156501690
B1026564202634N00044877EA0156701693
B1026574202634N00044874EA0157201697
B1026584202634N00044871EA0157401700
B1026594202633N00044868EA0157601702
B1027004202632N00044865EA0157701704
B1027014202629N00044863EA0157601704
B1027024202625N00044863EA0157801705
B1027034202621N00044866EA0158001706
B1027044202617N00044871EA0158201708
B1027054202615N00044878EA0158401710
B1027064202616N00044887EA0158601712
B1027074202620N00044894EA0158701715
B1027084202625N00044899EA0158901717
B1027094202631N00044900EA0159301719
B1027104202636N00044900EA0159501721
B1027114202641N00044898EA0159501723
B1027124202646N00044896EA0159701725
B1027134202650N00044892EA0159901727
B1027144202652N00044888EA0160201729
B1027154202652N00044884EA0160601732
B1027164202651N00044881EA0160601735
B1027174202649N00044879EA0160701736
B1027184202646N00044879EA0160701736
B1027194202642N00044880EA0160801736
B1027204202639N00044881EA0160701736
B1027214202635N00044884EA0160701736
B1027224202632N00044888EA0160701736
B1027234202629N00044895EA0160601735
B1027244202628N00044903EA0160701736
B1027254202628N00044913EA0161001737
B1027264202631N00044922EA0161301740
B1027274202635N00044929EA0161301742
B1027284202640N00044933EA0161401743
B1027294202645N00044934EA0161401743
B1027304202651N00044933EA0161501745
B1027314202656N00044930EA0161901747
B1027324202658N00044928EA0162101750
B1027334202660N00044925EA0162101751
B1027344202661N00044922EA0162301752
B1027354202662N00044919EA0162301753
B1027364202662N00044916EA0162401753
B1027374202661N00044914EA0162101752
B1027384202660N00044912EA0162001750
B1027394202658N00044909EA0161701748
B1027404202655N00044906EA0161701747
B1027414202652N00044905EA0161801748
B1027424202648N00044906EA0161901748
B1027434202645N00044910EA0161901749
B1027444202642N00044915EA0162001750
B1027454202640N00044922EA0162201752
B1027464202640N00044930EA0162301752
B1027474202643N00044939EA0162201752
B1027484202647N00044946EA0162301752
B1027494202653N00044952EA0162301753
B1027504202659N00044954EA0162501754
B1027514202664N00044955EA0162701756
B1027524202669N00044955EA0163001759
B1027534202673N00044956EA0163001760
B1027544202675N00044956EA0163101760
B1027554202678N00044956EA0162801758
B1027564202681N00044953EA0162501756
B1027574202683N00044948EA0162501754
B1027584202685N00044944EA0162401753
B1027594202685N00044940EA0162401753
B1028004202685N00044936EA0162401753
B1028014202686N00044933EA0162301752
B1028024202685N00044929EA0162201752
B1028034202683N00044926EA0162101750
B1028044202681N00044923EA0162101750
B1028054202679N00044921EA0162001749
B1028064202677N00044918EA0162001748
B1028074202675N00044915EA0161601747
B1028084202673N00044912EA0161401745
B1028094202669N00044909EA0161501745
B1028104202666N00044906EA0161701746
B1028114202663N00044905EA0161901748
B1028124202659N00044904EA0162101750
B1028134202656N00044903EA0162001750
B1028144202653N00044902EA0162001750
B1028154202649N00044901EA0162101750
B1028164202645N00044901EA0162101750
B1028174202640N00044902EA0162201751
B1028184202636N00044903EA0162201752
B1028194202633N00044905EA0162401753
B1028204202629N00044909EA0162601755
B1028214202626N00044912EA0162901758
B1028224202622N00044915EA0162901759
B1028234202618N00044916EA0163201761
B1028244202613N00044915EA0163501764
B1028254202610N00044914EA0163801767
B1028264202606N00044913EA0164201771
B1028274202604N00044913EA0164301774
B1028284202601N00044915EA0164401774
B1028294202598N00044921EA0164401775
B1028304202597N00044929EA0164701776
B1028314202599N00044938EA0164901777
B1028324202603N00044945EA0164901779
B1028334202609N00044949EA0165201781
B1028344202614N00044950EA0165401782
B1028354202619N00044949EA0165501784
B1028364202623N00044947EA0165701786
B1028374202626N00044944EA0165601787
B1028384202628N00044940EA0165701788
B1028394202629N00044936EA0166101790
B1028404202631N00044932EA0166401793
B1028414202633N00044928EA0166501795
B1028424202635N00044925EA0166601796
B1028434202636N00044921EA0166601797
B1028444202636N00044916EA0166501797
B1028454202635N00044911EA0166801798
B1028464202633N00044907EA0166901799
B1028474202630N00044904EA0167001800
B1028484202627N00044904EA0167001801
B1028494202623N00044907EA0167001801
B1028504202619N00044911EA0167201802
B1028514202617N00044916EA0167301803
B1028524202615N00044922EA0167401804
B1028534202615N00044929EA0167501805
B1028544202616N00044937EA0167501806
B1028554202620N00044944EA0167701807
B1028564202625N00044949EA0167801808
B1028574202632N00044951EA0167901810
B1028584202637N00044949EA0168201812
B1028594202640N00044946EA0168301815
B1029004202642N00044942EA0168501817
B1029014202643N00044939EA0168601818
B1029024202644N00044934EA0168601819
B1029034202644N00044930EA0168601819
B1029044202643N00044925EA0168701820
B1029054202640N00044923EA0168801821
B1029064202637N00044921EA0169001822
B1029074202634N00044920EA0169001823
B1029084202632N00044920EA0168901823
B1029094202628N00044920EA0168701821
B1029104202624N00044922EA0168501820
B1029114202619N00044926EA0168601820
B1029124202615N00044933EA0168801821
B1029134202613N00044939EA0169101824
B1029144202613N00044946EA0169301826
B1029154202616N00044953EA0169601829
B1029164202620N00044959EA0169901831
B1029174202625N00044962EA0170101834
B1029184202631N00044963EA0170301837
B1029194202636N00044962EA0170701840
B1029204202641N00044960EA0171101843
B1029214202644N00044957EA0171001845
B1029224202646N00044953EA0171001845
B1029234202647N00044948EA0171101845
B1029244202646N00044944EA0171101845
B1029254202646N00044940EA0171101846
B1029264202644N00044937EA0171101845
B1029274202642N00044934EA0171001844
B1029284202638N00044933EA0170701842
B1029294202634N00044933EA0170601841
B1029304202629N00044934EA0170401840
B1029314202625N00044939EA0170501839
B1029324202622N00044945EA0170201838
B1029334202621N00044953EA0170501838
B1029344202622N00044961EA0170601839
B1029354202625N00044968EA0170701840
B1029364202629N00044973EA0170701841
B1029374202633N00044977EA0170901842
B1029384202639N00044979EA0170901844
B1029394202644N00044979EA0171001844
B1029404202648N00044977EA0171101845
B1029414202651N00044974EA0171201845
B1029424202653N00044971EA0170901844
B1029434202654N00044967EA0170901843
B1029444202654N00044963EA0170701842
B1029454202654N00044959EA0170601841
B1029464202653N00044955EA0170701841
B1029474202651N00044951EA0170601840
B1029484202648N00044949EA0170501839
B1029494202644N00044948EA0170301837
B1029504202640N00044948EA0169901836
B1029514202635N00044949EA0169801833
B1029524202630N00044951EA0169601831
B1029534202625N00044954EA0169601830
B1029544202621N00044956EA0169701830
B1029554202616N00044959EA0169601829
B1029564202611N00044962EA0169401829
B1029574202607N00044967EA0169501828
B1029584202604N00044973EA0169401828
B1029594202602N00044979EA0169501828
B1030004202600N00044985EA0169401828
B1030014202600N00044992EA0169401826
B1030024202601N00044999EA0169001824
B1030034202603N00045008EA0168901823
B1030044202606N00045017EA0169001823
B1030054202609N00045025EA0168901823
B1030064202612N00045031EA0169101823
B1030074202616N00045038EA0169001823
B1030084202620N00045043EA0169001823
B1030094202625N00045049EA0169001823
B1030104202630N00045053EA0169001822
B1030114202635N00045058EA0168901821
B1030124202641N00045064EA0168901822
B1030134202647N00045068EA0169101823
B1030144202652N00045072EA0169201824
B1030154202658N00045074EA0169101824
B1030164202663N00045074EA0169101824
B1030174202667N00045073EA0169001824
B1030184202669N00045071EA0168901823
B1030194202671N00045068EA0169001823
B1030204202671N00045065EA0168701822
B1030214202671N00045062EA0168701820
B1030224202670N00045059EA0168501819
B1030234202669N00045055EA0168601818
B1030244202668N00045051EA0168501818
B1030254202666N00045049EA0168401818
B1030264202664N00045047EA0168401818
B1030274202661N00045047EA0168401817
B1030284202658N00045047EA0168301816
B1030294202655N00045047EA0168301815
B1030304202651N00045048EA0168001814
B1030314202647N00045047EA0167901812
B1030324202643N00045047EA0167901812
B1030334202640N00045047EA0167801812
B1030344202637N00045048EA0167801811
B1030354202634N00045049EA0167701809
B1030364202630N00045053EA0167401807
B1030374202627N00045059EA0167401806
B1030384202625N00045066EA0167701808
B1030394202626N00045073EA0167901810
B1030404202628N00045078EA0168001811
B1030414202632N00045083EA0167901810
B1030424202637N00045089EA0167901810
B1030434202642N00045094EA0168001813
B1030444202647N00045098EA0168301815
B1030454202653N00045099EA0168401816
B1030464202658N00045098EA0168601818
B1030474202662N00045095EA0168601818
B1030484202664N00045092EA0168401818
B1030494202664N00045088EA0168201816
B1030504202663N00045084EA0167901813
B1030514202660N00045081EA0167701811
B1030524202657N00045079EA0167701810
B1030534202653N00045078EA0167701809
B1030544202650N00045080EA0167601808
B1030554202646N00045083EA0167401806
B1030564202642N00045086EA0167101804
B1030574202638N00045090EA0167101804
B1030584202634N00045095EA0167301804
B1030594202631N00045099EA0167301805
B1031004202628N00045103EA0167601806
B1031014202626N00045107EA0167601807
B1031024202623N00045111EA0167501807
B1031034202621N00045116EA0167401806
B1031044202620N00045124EA0167301804
B1031054202619N00045132EA0166901803
B1031064202619N00045140EA0166801801
B1031074202622N00045149EA0166601798
B1031084202626N00045157EA0166201795
B1031094202631N00045163EA0166001793
B1031104202638N00045168EA0165901792
B1031114202645N00045172EA0166101792
B1031124202652N00045174EA0166001792
B1031134202658N00045176EA0166001792
B1031144202663N00045176EA0165801790
B1031154202670N00045174EA0165701789
B1031164202675N00045172EA0165901790
B1031174202680N00045170EA0165901791
B1031184202682N00045166EA0166101792
B1031194202682N00045163EA0166201793
B1031204202682N00045160EA0166201794
B1031214202682N00045157EA0166401795
B1031224202682N00045154EA0166401795
B1031234202681N00045153EA0166101793
B1031244202680N00045151EA0165701790
B1031254202677N00045150EA0165501787
B1031264202674N00045148EA0165401785
B1031274202671N00045146EA0165301784
B1031284202668N00045145EA0165501784
B1031294202666N00045144EA0165301784
B1031304202663N00045145EA0165201783
B1031314202660N00045148EA0165001780
B1031324202656N00045154EA0164801779
B1031334202653N00045162EA0164801778
B1031344202652N00045171EA0165001779
B1031354202654N00045179EA0165201780
B1031364202658N00045185EA0165001780
B1031374202662N00045190EA0165001780
B1031384202668N00045193EA0165001779
B1031394202673N00045194EA0164901779
B1031404202679N00045195EA0165001779
B1031414202685N00045196EA0164901779
B1031424202689N00045195EA0164901778
B1031434202691N00045192EA0164501776
B1031444202692N00045189EA0164401774
B1031454202692N00045185EA0164301773
B1031464202691N00045182EA0164101771
B1031474202690N00045179EA0164001770
B1031484202688N00045176EA0163801768
B1031494202687N00045173EA0163601765
B1031504202684N00045171EA0163301763
B1031514202682N00045168EA0162901760
B1031524202679N00045166EA0162801757
B1031534202676N00045164EA0162701755
B1031544202673N00045162EA0162201752
B1031554202670N00045160EA0162001750
B1031564202668N00045157EA0161701748
B1031574202667N00045155EA0161601746
B1031584202665N00045152EA0161401743
B1031594202664N00045149EA0161101741
B1032004202662N00045146EA0161001739
B1032014202660N00045142EA0161001739
B1032024202660N00045137EA0161101739
B1032034202659N00045134EA0161301741
B1032044202659N00045131EA0161401742
B1032054202658N00045129EA0161401742
B1032064202657N00045127EA0161101740
B1032074202657N00045124EA0161001739
B1032084202656N00045121EA0160801737
B1032094202655N00045118EA0160801736
B1032104202654N00045115EA0160501734
B1032114202652N00045112EA0160201730
B1032124202650N00045109EA0159701726
B1032134202648N00045104EA0159301723
B1032144202645N00045101EA0159201720
B1032154202643N00045098EA0159001719
B1032164202641N00045096EA0158901716
B1032174202639N00045094EA0158401713
B1032184202636N00045091EA0158101710
B1032194202633N00045088EA0158201710
B1032204202631N00045085EA0158401711
B1032214202629N00045083EA0158701714
B1032224202627N00045082EA0158701714
B1032234202626N00045081EA0158501714
B1032244202624N00045080EA0158401712
B1032254202622N00045077EA0158201710
B1032264202619N00045074EA0158301710
B1032274202618N00045070EA0158401711
B1032284202617N00045067EA0158701714
B1032294202616N00045065EA0158901716
B1032304202616N00045063EA0159101718
B1032314202615N00045060EA0159101719
B1032324202614N00045058EA0159401721
B1032334202613N00045055EA0159401722
B1032344202612N00045052EA0159601724
B1032354202612N00045048EA0159801725
B1032364202612N00045045EA0159901726
B1032374202611N00045041EA0160001728
B1032384202610N00045038EA0160101729
B1032394202609N00045035EA0160201730
B1032404202608N00045033EA0160201732
B1032414202606N00045031EA0160401732
B1032424202603N00045030EA0160401733
B1032434202600N00045030EA0160401733
B1032444202596N00045030EA0160701734
B1032454202592N00045031EA0160701736
B1032464202589N00045032EA0160901738
B1032474202586N00045032EA0161001739
B1032484202583N00045033EA0161101740
B1032494202579N00045035EA0161201741
B1032504202575N00045038EA0161501743
B1032514202571N00045042EA0161601745
B1032524202568N00045046EA0161701747
B1032534202566N00045052EA0161801749
B1032544202565N00045059EA0162001749
B1032554202565N00045068EA0162101751
B1032564202568N00045076EA0162301752
B1032574202572N00045083EA0162201753
B1032584202577N00045088EA0162301753
B1032594202583N00045090EA0162301752
B1033004202589N00045090EA0162201752
B1033014202594N00045089EA0162301752
B1033024202598N00045085EA0162201752
B1033034202600N00045081EA0162201752
B1033044202601N00045077EA0162201752
B1033054202600N00045074EA0162201754
B1033064202599N00045072EA0162501755
B1033074202597N00045071EA0162501756
B1033084202595N00045070EA0162801757
B1033094202592N00045070EA0162801758
B1033104202589N00045071EA0163101760
B1033114202586N00045073EA0163201761
B1033124202583N00045075EA0163301763
B1033134202579N00045076EA0163601765
B1033144202576N00045077EA0163701767
B1033154202573N00045078EA0163801769
B1033164202569N00045079EA0164001771
B1033174202565N00045082EA0164201773
B1033184202561N00045088EA0164501775
B1033194202559N00045097EA0164901778
B1033204202561N00045106EA0165001780
B1033214202565N00045112EA0165001781
B1033224202570N00045116EA0164801780
B1033234202576N00045118EA0164801780
B1033244202581N00045117EA0165001780
B1033254202585N00045114EA0165001781
B1033264202588N00045110EA0165201782
B1033274202590N00045107EA0165301785
B1033284202591N00045104EA0165701787
B1033294202591N00045101EA0165801788
B1033304202590N00045099EA0165801789
B1033314202589N00045097EA0165801790
B1033324202587N00045095EA0166001791
B1033334202584N00045094EA0166101792
B1033344202581N00045094EA0166101793
B1033354202578N00045094EA0166001793
B1033364202575N00045094EA0166101793
B1033374202571N00045095EA0166201794
B1033384202568N00045096EA0166401795
B1033394202564N00045097EA0166301796
B1033404202560N00045098EA0166501796
B1033414202556N00045100EA0166601797
B1033424202552N00045102EA0166501797
B1033434202548N00045106EA0166601798
B1033444202545N00045113EA0166501798
B1033454202544N00045121EA0166501798
B1033464202545N00045130EA0166601797
B1033474202549N00045137EA0166501797
B1033484202553N00045144EA0166601798
B1033494202559N00045148EA0166701798
B1033504202564N00045149EA0166601799
B1033514202569N00045148EA0166701799
B1033524202572N00045146EA0166701799
B1033534202575N00045142EA0166701799
B1033544202577N00045138EA0166801800
B1033554202578N00045134EA0166901800
B1033564202578N00045132EA0166901801
B1033574202578N00045130EA0166901800
B1033584202576N00045127EA0166901800
B1033594202574N00045124EA0166901800
B1034004202571N00045123EA0166901801
B1034014202569N00045123EA0167001801
B1034024202565N00045124EA0166701800
B1034034202561N00045124EA0166701800
B1034044202557N00045125EA0166901801
B1034054202553N00045127EA0167001803
B1034064202551N00045131EA0167001803
B1034074202549N00045138EA0167001802
B1034084202549N00045146EA0166901802
B1034094202551N00045154EA0166901802
B1034104202555N00045161EA0167001802
B1034114202560N00045166EA0166801801
B1034124202565N00045170EA0167001801
B1034134202571N00045171EA0167001802
B1034144202575N00045171EA0167001802
B1034154202578N00045169EA0167001801
B1034164202581N00045166EA0166801800
B1034174202584N00045163EA0166501798
B1034184202587N00045158EA0166301796
B1034194202590N00045154EA0166501797
B1034204202592N00045149EA0166601798
B1034214202594N00045145EA0166601798
B1034224202594N00045141EA0166701799
B1034234202594N00045138EA0166601798
B1034244202592N00045135EA0166501797
B1034254202590N00045132EA0166401797
B1034264202587N00045129EA0166401797
B1034274202584N00045127EA0166701798
B1034284202581N00045126EA0166701799
B1034294202577N00045125EA0166701799
B1034304202574N00045126EA0166801799
B1034314202570N00045126EA0166701800
B1034324202567N00045126EA0167001800
B1034334202564N00045128EA0166901801
B1034344202560N00045131EA0166801800
B1034354202557N00045133EA0166801800
B1034364202553N00045136EA0166901799
B1034374202550N00045139EA0166701799
B1034384202547N00045143EA0166601798
B1034394202545N00045148EA0166301795
B1034404202543N00045156EA0166001793
B1034414202542N00045165EA0166001791
B1034424202543N00045175EA0165901791
B1034434202546N00045183EA0165901791
B1034444202550N00045189EA0165901790
B1034454202556N00045193EA0165601789
B1034464202562N00045195EA0165701788
B1034474202567N00045194EA0165701788
B1034484202572N00045192EA0165801788
B1034494202575N00045190EA0165501787
B1034504202579N00045187EA0165401786
B1034514202584N00045185EA0165301785
B1034524202588N00045182EA0165101783
B1034534202592N00045179EA0165201783
B1034544202596N00045175EA0165101783
B1034554202599N00045172EA0165201783
B1034564202602N00045169EA0165401784
B1034574202604N00045165EA0165401784
B1034584202607N00045163EA0165401785
B1034594202609N00045160EA0165401785
B1035004202611N00045157EA0165201784
B1035014202612N00045153EA0165001783
B1035024202612N00045149EA0164901781
B1035034202611N00045144EA0165001781
B1035044202610N00045140EA0165001781
B1035054202610N00045136EA0165301782
B1035064202609N00045132EA0165401784
B1035074202608N00045129EA0165501785
B1035084202607N00045125EA0165601786
B1035094202606N00045122EA0165601786
B1035104202605N00045118EA0165601787
B1035114202605N00045114EA0165601787
B1035124202603N00045110EA0165401787
B1035134202602N00045106EA0165601788
B1035144202601N00045102EA0165801789
B1035154202601N00045098EA0165801790
B1035164202600N00045094EA0165901791
B1035174202599N00045090EA0166001792
B1035184202598N00045087EA0166001792
B1035194202597N00045083EA0165901792
B1035204202597N00045080EA0165901791
B1035214202596N00045077EA0165901790
B1035224202595N00045075EA0165701789
B1035234202594N00045072EA0165401786
B1035244202592N00045067EA0165201784
B1035254202590N00045062EA0165501787
B1035264202588N00045059EA0166101790
B1035274202587N00045057EA0166201793
B1035284202586N00045055EA0166101793
B1035294202584N00045053EA0166201793
B1035304202583N00045050EA0166101793
B1035314202581N00045046EA0166201793
B1035324202579N00045041EA0166501795
B1035334202577N00045037EA0166801798
B1035344202576N00045033EA0166901801
B1035354202575N00045030EA0167101804
B1035364202575N00045026EA0167201805
B1035374202574N00045022EA0167301805
B1035384202573N00045017EA0167401806
B1035394202572N00045012EA0167601808
B1035404202572N00045007EA0167601809
B1035414202572N00045002EA0167801810
B1035424202571N00044997EA0167701810
B1035434202569N00044991EA0167901811
B1035444202568N00044986EA0168001812
B1035454202566N00044982EA0168001813
B1035464202564N00044978EA0168001812
B1035474202561N00044973EA0168001812
B1035484202559N00044969EA0167901813
B1035494202556N00044964EA0168001813
B1035504202553N00044960EA0167901813
B1035514202550N00044957EA0167801811
B1035524202547N00044955EA0167601809
B1035534202543N00044952EA0167301808
B1035544202538N00044950EA0167401807
B1035554202533N00044948EA0167501808
B1035564202528N00044947EA0167501807
B1035574202524N00044947EA0167401806
B1035584202520N00044948EA0167301805
B1035594202516N00044950EA0167101803
B1036004202510N00044954EA0167001802
B1036014202506N00044961EA0167001802
B1036024202503N00044969EA0167001802
B1036034202502N00044978EA0167101802
B1036044202504N00044988EA0167101802
B1036054202508N00044995EA0167001802
B1036064202512N00045001EA0167101803
B1036074202517N00045003EA0167301805
B1036084202521N00045003EA0167301806
B1036094202524N00045001EA0167501807
B1036104202525N00044999EA0167501808
B1036114202525N00044996EA0167401808
B1036124202525N00044993EA0167201806
B1036134202523N00044990EA0167301805
B1036144202520N00044986EA0166901804
B1036154202516N00044982EA0167001803
B1036164202511N00044981EA0167001802
B1036174202506N00044982EA0167101803
B1036184202501N00044984EA0167301804
B1036194202496N00044987EA0167201805
B1036204202491N00044990EA0167301805
B1036214202486N00044993EA0167301805
B1036224202482N00044997EA0167501805
B1036234202478N00045002EA0167401805
B1036244202475N00045008EA0167301805
B1036254202470N00045014EA0167301806
B1036264202466N00045020EA0167601807
B1036274202462N00045026EA0167601809
B1036284202459N00045032EA0167701810
B1036294202455N00045039EA0167601810
B1036304202451N00045045EA0167801811
B1036314202447N00045052EA0168001812
B1036324202443N00045057EA0168001813
B1036334202440N00045064EA0167801813
B1036344202438N00045073EA0167901812
B1036354202438N00045083EA0167701811
B1036364202439N00045094EA0167801811
B1036374202443N00045102EA0167901812
B1036384202447N00045108EA0168001813
B1036394202450N00045115EA0167901813
B1036404202453N00045122EA0168001813
B1036414202457N00045130EA0167901813
B1036424202460N00045138EA0168101814
B1036434202464N00045144EA0168101814
B1036444202468N00045148EA0168001814
B1036454202472N00045150EA0168201814
B1036464202476N00045149EA0168101815
B1036474202479N00045148EA0168301816
B1036484202480N00045146EA0168401817
B1036494202481N00045144EA0168501818
B1036504202482N00045142EA0168501819
B1036514202482N00045139EA0168601819
B1036524202481N00045136EA0168601820
B1036534202480N00045134EA0168801821
B1036544202479N00045132EA0168901822
B1036554202478N00045130EA0169101823
B1036564202477N00045128EA0169001824
B1036574202475N00045127EA0169201825
B1036584202472N00045127EA0169101825
B1036594202468N00045128EA0169101825
B1037004202463N00045132EA0169001825
B1037014202458N00045138EA0169201825
B1037024202455N00045146EA0169201826
B1037034202454N00045156EA0169201826
B1037044202456N00045165EA0169101825
B1037054202458N00045173EA0169001824
B1037064202462N00045179EA0168901824
B1037074202467N00045182EA0168901823
B1037084202471N00045184EA0168801822
B1037094202476N00045183EA0168901822
B1037104202480N00045182EA0169101824
B1037114202483N00045181EA0169101825
B1037124202486N00045180EA0169101825
B1037134202489N00045178EA0169101826
B1037144202492N00045176EA0169201827
B1037154202494N00045173EA0169501829
B1037164202496N00045172EA0169501830
B1037174202497N00045169EA0169701831
B1037184202499N00045167EA0169601831
B1037194202500N00045163EA0169601831
B1037204202501N00045159EA0169801833
B1037214202501N00045156EA0170001835
B1037224202502N00045154EA0170101836
B1037234202502N00045152EA0170101836
B1037244202502N00045149EA0170101834
B1037254202502N00045146EA0169801833
B1037264202501N00045141EA0169701833
B1037274202501N00045137EA0169901834
B1037284202500N00045133EA0170101835
B1037294202498N00045130EA0170201836
B1037304202496N00045127EA0170201836
B1037314202494N00045123EA0170101836
B1037324202492N00045120EA0170301837
B1037334202491N00045118EA0170301838
B1037344202490N00045115EA0170301837
B1037354202488N00045111EA0170201837
B1037364202486N00045108EA0170101837
B1037374202483N00045105EA0170201837
B1037384202481N00045102EA0170301837
B1037394202479N00045099EA0170201837
B1037404202477N00045097EA0170201837
B1037414202475N00045094EA0170201837
B1037424202473N00045091EA0170101837
B1037434202471N00045088EA0170301837
B1037444202469N00045085EA0170401837
B1037454202467N00045083EA0170201837
B1037464202465N00045080EA0170301836
B1037474202464N00045077EA0170201836
B1037484202462N00045074EA0170101835
B1037494202460N00045071EA0169901835
B1037504202458N00045067EA0169901834
B1037514202456N00045063EA0169901833
B1037524202453N00045059EA0169801833
B1037534202451N00045055EA0169701832
B1037544202449N00045051EA0170001833
B1037554202447N00045048EA0170101835
B1037564202446N00045046EA0170201837
B1037574202444N00045044EA0170301837
B1037584202442N00045042EA0170301837
B1037594202441N00045038EA0170301837
B1038004202439N00045035EA0170301838
B1038014202436N00045033EA0170401838
B1038024202433N00045030EA0170301839
B1038034202431N00045028EA0170401839
B1038044202427N00045027EA0170401839
B1038054202424N00045026EA0170401838
B1038064202420N00045025EA0170401838
B1038074202417N00045024EA0170401838
B1038084202413N00045024EA0170301838
B1038094202410N00045025EA0170301838
B1038104202406N00045027EA0170101837
B1038114202402N00045030EA0170101836
B1038124202398N00045034EA0170201836
B1038134202394N00045038EA0170301837
B1038144202391N00045043EA0170101837
B1038154202388N00045050EA0170301837
B1038164202385N00045057EA0170301837
B1038174202383N00045066EA0170401838
B1038184202382N00045074EA0170501839
B1038194202383N00045082EA0170501839
B1038204202384N00045090EA0170401839
B1038214202387N00045098EA0170401839
B1038224202391N00045104EA0170501839
B1038234202397N00045108EA0170501839
B1038244202402N00045110EA0170401839
B1038254202406N00045111EA0170501840
B1038264202411N00045112EA0170601840
B1038274202415N00045111EA0170501840
B1038284202419N00045110EA0170701841
B1038294202422N00045107EA0170701842
B1038304202425N00045105EA0170801842
B1038314202427N00045102EA0170701843
B1038324202430N00045099EA0170901843
B1038334202431N00045095EA0170801844
B1038344202432N00045091EA0170901844
B1038354202432N00045087EA0170701844
B1038364202432N00045084EA0170601843
B1038374202432N00045080EA0170401842
B1038384202432N00045076EA0170301841
B1038394202431N00045072EA0170301840
B1038404202429N00045068EA0170201838
B1038414202428N00045064EA0170101837
B1038424202426N00045060EA0169801835
B1038434202423N00045057EA0169601833
B1038444202418N00045053EA0169501831
B1038454202414N00045051EA0169301830
B1038464202409N00045051EA0169301829
B1038474202405N00045052EA0169001827
B1038484202400N00045055EA0168701824
B1038494202395N00045060EA0168601822
B1038504202391N00045065EA0168601821
B1038514202386N00045071EA0168701822
B1038524202384N00045078EA0168801823
B1038534202382N00045084EA0168701822
B1038544202381N00045090EA0168501821
B1038554202379N00045097EA0168301818
B1038564202378N00045106EA0168001816
B1038574202378N00045115EA0168101815
B1038584202379N00045123EA0168001814
B1038594202383N00045129EA0167701813
B1039004202387N00045133EA0167601812
B1039014202392N00045135EA0167601811
B1039024202397N00045135EA0167501810
B1039034202401N00045133EA0167601811
B1039044202404N00045132EA0167701811
B1039054202407N00045130EA0167801812
B1039064202410N00045129EA0167701812
B1039074202412N00045126EA0167401810
B1039084202412N00045121EA0167101807
B1039094202412N00045116EA0167001805
B1039104202411N00045111EA0166801803
B1039114202409N00045107EA0166701801
B1039124202407N00045103EA0166401799
B1039134202405N00045099EA0166101796
B1039144202402N00045095EA0165801793
B1039154202399N00045090EA0165601791
B1039164202397N00045085EA0165501790
B1039174202394N00045081EA0165401789
B1039184202392N00045078EA0165201787
B1039194202390N00045074EA0165201786
B1039204202387N00045069EA0165101785
B1039214202385N00045065EA0165101785
B1039224202383N00045061EA0165001785
B1039234202381N00045057EA0164901784
B1039244202379N00045053EA0164901783
B1039254202377N00045050EA0164901782
B1039264202375N00045046EA0164801782
B1039274202373N00045043EA0164701781
B1039284202371N00045040EA0164601781
B1039294202368N00045036EA0164601780
B1039304202367N00045032EA0164501780
B1039314202365N00045028EA0164601781
B1039324202364N00045024EA0164601780
B1039334202362N00045021EA0164501779
B1039344202361N00045017EA0164401778
B1039354202359N00045012EA0164201777
B1039364202357N00045007EA0164301776
B1039374202355N00045003EA0164301776
B1039384202354N00044998EA0164301777
B1039394202352N00044994EA0164401776
B1039404202350N00044990EA0164301776
B1039414202349N00044986EA0164301776
B1039424202347N00044981EA0164301776
B1039434202346N00044977EA0164501777
B1039444202344N00044973EA0164401777
B1039454202343N00044970EA0164501778
B1039464202341N00044966EA0164601779
B1039474202339N00044963EA0164801780
B1039484202337N00044959EA0164801781
B1039494202336N00044956EA0164801781
B1039504202335N00044952EA0164801781
B1039514202334N00044948EA0164701781
B1039524202332N00044944EA0164801781
B1039534202331N00044940EA0164701781
B1039544202329N00044937EA0164701781
B1039554202328N00044933EA0164701780
B1039564202326N00044928EA0164401779
B1039574202325N00044923EA0164601779
B1039584202324N00044918EA0164701780
B1039594202323N00044914EA0164801781
B1040004202322N00044910EA0164801781
B1040014202320N00044906EA0164701781
B1040024202318N00044903EA0164601781
B1040034202314N00044900EA0164601780
B1040044202310N00044899EA0164401779
B1040054202304N00044900EA0164401778
B1040064202299N00044905EA0164301777
B1040074202295N00044912EA0164301777
B1040084202294N00044921EA0164501777
B1040094202295N00044929EA0164401778
B1040104202297N00044937EA0164801779
B1040114202299N00044943EA0164701779
B1040124202301N00044950EA0164601779
B1040134202303N00044958EA0164701779
B1040144202306N00044964EA0164701780
B1040154202309N00044970EA0164801780
B1040164202313N00044975EA0164701780
B1040174202318N00044977EA0164801780
B1040184202323N00044977EA0164701780
B1040194202328N00044975EA0164701780
B1040204202331N00044973EA0164701781
B1040214202333N00044969EA0164801781
B1040224202334N00044966EA0164701781
B1040234202333N00044961EA0164701780
B1040244202330N00044957EA0164701780
B1040254202326N00044956EA0164601780
B1040264202321N00044956EA0164501780
B1040274202317N00044958EA0164601779
B1040284202312N00044962EA0164501779
B1040294202309N00044968EA0164501778
B1040304202307N00044975EA0164501778
B1040314202306N00044982EA0164601779
B1040324202305N00044990EA0164801780
B1040334202304N00044996EA0164801781
B1040344202304N00045003EA0164801781
B1040354202303N00045011EA0164801781
B1040364202302N00045019EA0164801781
B1040374202302N00045026EA0164801782
B1040384202301N00045034EA0164801781
B1040394202301N00045042EA0164801781
B1040404202302N00045049EA0164801780
B1040414202305N00045057EA0164501779
B1040424202308N00045063EA0164501779
B1040434202312N00045068EA0164501778
B1040444202316N00045073EA0164501778
B1040454202321N00045076EA0164501777
B1040464202326N00045079EA0164501776
B1040474202330N00045081EA0164101775
B1040484202335N00045083EA0164101774
B1040494202341N00045084EA0164101773
B1040504202345N00045084EA0164001773
B1040514202350N00045085EA0164001773
B1040524202354N00045086EA0164001773
B1040534202359N00045086EA0163801772
B1040544202364N00045087EA0163801771
B1040554202370N00045088EA0163901772
B1040564202376N00045088EA0164101773
B1040574202381N00045087EA0164101774
B1040584202386N00045086EA0164201774
B1040594202391N00045086EA0164201775
B1041004202396N00045085EA0164301775
B1041014202401N00045084EA0164301776
B1041024202405N00045083EA0164401776
B1041034202409N00045081EA0164201776
B1041044202412N00045077EA0164301776
B1041054202414N00045072EA0164401777
B1041064202414N00045067EA0164601778
B1041074202413N00045063EA0164701779
B1041084202410N00045060EA0164801780
B1041094202407N00045058EA0164801781
B1041104202404N00045057EA0164701781
B1041114202400N00045057EA0164801780
B1041124202395N00045058EA0164801781
B1041134202391N00045059EA0164701781
B1041144202388N00045062EA0164701780
B1041154202384N00045066EA0164501779
B1041164202381N00045072EA0164301778
B1041174202378N00045079EA0164301777
B1041184202377N00045088EA0164301777
B1041194202378N00045097EA0164401777
B1041204202381N00045105EA0164701779
B1041214202383N00045112EA0164901780
B1041224202385N00045117EA0164901781
B1041234202389N00045122EA0165001782
B1041244202393N00045125EA0165001782
B1041254202398N00045127EA0165101783
B1041264202402N00045129EA0165201784
B1041274202407N00045129EA0165101784
B1041284202410N00045128EA0165001783
B1041294202414N00045125EA0164901782
B1041304202418N00045123EA0164901781
B1041314202422N00045120EA0165001781
B1041324202425N00045118EA0164901783
B1041334202429N00045116EA0165201784
B1041344202432N00045113EA0165301785
B1041354202435N00045110EA0165401786
B1041364202438N00045106EA0165601788
B1041374202441N00045103EA0165701789
B1041384202443N00045099EA0165701791
B1041394202443N00045095EA0165901792
B1041404202444N00045091EA0166001792
B1041414202444N00045086EA0166001793
B1041424202443N00045081EA0166201794
B1041434202440N00045076EA0166201795
B1041444202437N00045073EA0166301795
B1041454202433N00045071EA0166201795
B1041464202429N00045069EA0166301795
B1041474202425N00045068EA0166101795
B1041484202421N00045067EA0165901793
B1041494202415N00045068EA0165801791
B1041504202410N00045069EA0165601790
B1041514202405N00045071EA0165801790
B1041524202400N00045073EA0165701791
B1041534202395N00045075EA0165801791
B1041544202391N00045079EA0165901792
B1041554202387N00045084EA0166001792
B1041564202384N00045090EA0165901792
B1041574202381N00045095EA0165801792
B1041584202379N00045102EA0165701790
B1041594202377N00045108EA0165401789
B1042004202374N00045116EA0165401787
B1042014202371N00045123EA0165301787
B1042024202367N00045131EA0165501788
B1042034202364N00045138EA0165601789
B1042044202362N00045145EA0165601789
B1042054202359N00045151EA0165601789
B1042064202357N00045159EA0165501788
B1042074202354N00045167EA0165401787
B1042084202351N00045176EA0165401786
B1042094202348N00045186EA0165501787
B1042104202346N00045195EA0165601789
B1042114202345N00045204EA0165701789
B1042124202346N00045213EA0165601789
B1042134202348N00045222EA0165601789
B1042144202351N00045230EA0165801789
B1042154202354N00045238EA0165701790
B1042164202358N00045245EA0165701791
B1042174202361N00045252EA0165801791
B1042184202365N00045259EA0165801791
B1042194202370N00045264EA0165801791
B1042204202374N00045267EA0165701791
B1042214202379N00045269EA0165801791
B1042224202383N00045269EA0165901791
B1042234202387N00045269EA0165801791
B1042244202391N00045268EA0166001792
B1042254202395N00045266EA0166001792
B1042264202398N00045264EA0166101793
B1042274202400N00045262EA0166101793
B1042284202403N00045260EA0166201794
B1042294202405N00045257EA0166101794
B1042304202407N00045254EA0166001794
B1042314202408N00045251EA0166201794
B1042324202408N00045247EA0166201795
B1042334202408N00045244EA0166401796
B1042344202407N00045241EA0166401797
B1042354202407N00045238EA0166101796
B1042364202407N00045235EA0166001795
B1042374202405N00045231EA0166001793
B1042384202402N00045228EA0165901793
B1042394202399N00045225EA0166001793
B1042404202396N00045223EA0166001793
B1042414202393N00045221EA0165901792
B1042424202390N00045220EA0165701791
B1042434202387N00045219EA0165601789
B1042444202382N00045219EA0165501787
B1042454202378N00045218EA0165301786
B1042464202374N00045218EA0165201785
B1042474202370N00045219EA0165201784
B1042484202366N00045220EA0165301784
B1042494202361N00045220EA0165101784
B1042504202357N00045220EA0165101784
B1042514202353N00045220EA0165101783
B1042524202349N00045221EA0165001782
B1042534202344N00045224EA0164901781
B1042544202340N00045229EA0164801780
B1042554202335N00045235EA0164901781
B1042564202331N00045241EA0165101782
B1042574202328N00045246EA0165001783
B1042584202325N00045251EA0165001782
B1042594202322N00045256EA0164801781
B1043004202320N00045263EA0164701779
B1043014202317N00045271EA0164501777
B1043024202316N00045278EA0164501777
B1043034202314N00045286EA0164501777
B1043044202314N00045293EA0164401776
B1043054202313N00045301EA0164301775
B1043064202313N00045309EA0164201774
B1043074202314N00045318EA0164301774
B1043084202315N00045326EA0164101773
B1043094202317N00045333EA0164201773
B1043104202320N00045340EA0164001772
B1043114202324N00045347EA0164001772
B1043124202327N00045352EA0163901771
B1043134202331N00045358EA0163901771
B1043144202336N00045363EA0163801770
B1043154202340N00045367EA0163901770
B1043164202345N00045370EA0163901770
B1043174202349N00045373EA0163901770
B1043184202353N00045375EA0163901771
B1043194202357N00045377EA0163901770
B1043204202361N00045378EA0163701769
B1043214202365N00045378EA0163701768
B1043224202369N00045379EA0163601768
B1043234202374N00045380EA0163601767
B1043244202379N00045380EA0163601768
B1043254202383N00045380EA0163701768
B1043264202388N00045380EA0163601768
B1043274202392N00045381EA0163801768
B1043284202397N00045380EA0163601768
B1043294202401N00045378EA0163601769
B1043304202405N00045376EA0163901770
B1043314202408N00045373EA0163901772
B1043324202411N00045369EA0163901772
B1043334202412N00045366EA0163901772
B1043344202413N00045363EA0163901772
B1043354202413N00045359EA0163901771
B1043364202414N00045355EA0164001772
B1043374202416N00045353EA0163901772
B1043384202419N00045351EA0163901772
B1043394202422N00045349EA0163801771
B1043404202424N00045346EA0163701771
B1043414202425N00045343EA0163801770
B1043424202424N00045339EA0163701770
B1043434202421N00045335EA0163701770
B1043444202417N00045334EA0163701770
B1043454202411N00045335EA0163801770
B1043464202406N00045337EA0163701770
B1043474202402N00045341EA0163701769
B1043484202398N00045346EA0163601768
B1043494202395N00045352EA0163401765
B1043504202392N00045360EA0163001763
B1043514202391N00045369EA0162801761
B1043524202392N00045378EA0162701760
B1043534202395N00045386EA0162801759
B1043544202400N00045392EA0162701759
B1043554202404N00045395EA0162701758
B1043564202409N00045397EA0162701757
B1043574202414N00045398EA0162501756
B1043584202419N00045397EA0162501756
B1043594202423N00045395EA0162601757
B1044004202426N00045392EA0162601757
B1044014202429N00045390EA0162701757
B1044024202431N00045387EA0162301756
B1044034202434N00045383EA0162501755
B1044044202437N00045380EA0162401754
B1044054202440N00045377EA0162401755
B1044064202443N00045375EA0162401755
B1044074202445N00045373EA0162201754
B1044084202447N00045371EA0162001752
B1044094202450N00045367EA0161901750
B1044104202452N00045364EA0161901750
B1044114202455N00045361EA0162201751
B1044124202458N00045359EA0162301752
B1044134202460N00045357EA0162101752
B1044144202461N00045355EA0161901750
B1044154202463N00045353EA0161701748
B1044164202465N00045350EA0161701748
B1044174202468N00045347EA0161901749
B1044184202470N00045345EA0162101750
B1044194202472N00045344EA0162001750
B1044204202473N00045342EA0161901749
B1044214202474N00045339EA0161801749
B1044224202476N00045336EA0161901749
B1044234202477N00045333EA0162101750
B1044244202479N00045330EA0162301752
B1044254202481N00045328EA0162501755
B1044264202483N00045326EA0162601756
B1044274202484N00045323EA0162801757
B1044284202486N00045320EA0162901759
B1044294202488N00045317EA0163201761
B1044304202489N00045314EA0163201763
B1044314202491N00045312EA0163401765
B1044324202493N00045310EA0163301765
B1044334202494N00045308EA0163401765
B1044344202495N00045305EA0163101764
B1044354202495N00045302EA0163101762
B1044364202496N00045299EA0163001761
B1044374202496N00045295EA0162901760
B1044384202498N00045291EA0162801759
B1044394202501N00045286EA0162801759
B1044404202503N00045282EA0163101760
B1044414202504N00045277EA0163301762
B1044424202505N00045273EA0163401764
B1044434202505N00045269EA0163401764
B1044444202503N00045266EA0163301764
B1044454202500N00045263EA0163201764
B1044464202496N00045261EA0163101763
B1044474202491N00045260EA0163301764
B1044484202486N00045262EA0163301764
B1044494202482N00045266EA0163301764
B1044504202478N00045271EA0163201763
B1044514202474N00045277EA0163101762
B1044524202471N00045283EA0162901761
B1044534202467N00045289EA0162801760
B1044544202463N00045295EA0162901759
B1044554202459N00045301EA0163001760
B1044564202456N00045307EA0162901760
B1044574202453N00045313EA0163001760
B1044584202449N00045317EA0162901760
B1044594202446N00045322EA0162801760
B1045004202442N00045328EA0162801759
B1045014202439N00045334EA0162801759
B1045024202436N00045340EA0162701759
B1045034202433N00045347EA0162901760
B1045044202431N00045354EA0162901760
B1045054202430N00045362EA0162801759
B1045064202430N00045370EA0162501757
B1045074202431N00045379EA0162501756
B1045084202432N00045387EA0162301755
B1045094202434N00045394EA0162301754
B1045104202436N00045401EA0162201752
B1045114202438N00045408EA0161901751
B1045124202442N00045414EA0161901750
B1045134202446N00045419EA0161901749
B1045144202451N00045423EA0161901750
B1045154202455N00045425EA0162001750
B1045164202459N00045426EA0161901749
B1045174202464N00045427EA0161701749
B1045184202468N00045426EA0161701748
B1045194202471N00045425EA0161601747
B1045204202474N00045423EA0161401745
B1045214202476N00045420EA0161301743
B1045224202479N00045417EA0161201741
B1045234202481N00045414EA0161001740
B1045244202484N00045411EA0161101741
B1045254202486N00045408EA0161201741
B1045264202488N00045404EA0161001741
B1045274202490N00045399EA0161001741
B1045284202491N00045395EA0161201742
B1045294202490N00045392EA0161201742
B1045304202488N00045389EA0161101742
B1045314202485N00045388EA0161101741
B1045324202481N00045390EA0161001740
B1045334202478N00045395EA0161101740
B1045344202475N00045401EA0161101740
B1045354202473N00045409EA0161101740
B1045364202473N00045417EA0161101741
B1045374202472N00045424EA0161201741
B1045384202473N00045432EA0161301741
B1045394202476N00045438EA0161101740
B1045404202480N00045443EA0161001739
B1045414202486N00045446EA0160801737
B1045424202492N00045446EA0160701738
B1045434202498N00045444EA0161001739
B1045444202502N00045440EA0161201741
B1045454202505N00045437EA0161401743
B1045464202508N00045434EA0161501745
B1045474202511N00045431EA0161501745
B1045484202514N00045428EA0161401744
B1045494202516N00045424EA0161201743
B1045504202518N00045419EA0161301743
B1045514202520N00045415EA0161401743
B1045524202521N00045411EA0161301743
B1045534202523N00045407EA0161301743
B1045544202524N00045403EA0161301742
B1045554202525N00045399EA0161201742
B1045564202527N00045395EA0161301742
B1045574202528N00045391EA0161001741
B1045584202528N00045387EA0161101741
B1045594202529N00045383EA0161001740
B1046004202530N00045379EA0160801739
B1046014202531N00045375EA0160701738
B1046024202532N00045371EA0160701737
B1046034202533N00045366EA0160701738
B1046044202534N00045361EA0160801738
B1046054202535N00045357EA0160901739
B1046064202536N00045354EA0161001739
B1046074202537N00045350EA0160901739
B1046084202538N00045345EA0160801739
B1046094202539N00045341EA0161001740
B1046104202539N00045337EA0161001740
B1046114202539N00045334EA0160901740
B1046124202539N00045330EA0160701739
B1046134202539N00045326EA0160501737
B1046144202539N00045322EA0160301735
B1046154202539N00045318EA0160101732
B1046164202540N00045312EA0159801730
B1046174202540N00045306EA0159601727
B1046184202540N00045300EA0159401726
B1046194202540N00045295EA0159301725
B1046204202540N00045289EA0159301723
B1046214202540N00045284EA0159101722
B1046224202541N00045278EA0158901719
B1046234202542N00045272EA0158701717
B1046244202544N00045266EA0158501715
B1046254202545N00045260EA0158501715
B1046264202546N00045254EA0158601715
B1046274202548N00045249EA0158501715
B1046284202550N00045243EA0158501715
B1046294202551N00045238EA0158801717
B1046304202553N00045233EA0159001719
B1046314202554N00045230EA0159101720
B1046324202555N00045226EA0159101720
B1046334202556N00045222EA0158901719
B1046344202556N00045217EA0158801719
B1046354202557N00045212EA0159101720
B1046364202557N00045207EA0159201721
B1046374202558N00045203EA0159001721
B1046384202558N00045199EA0159001721
B1046394202558N00045194EA0159001720
B1046404202559N00045189EA0159201720
B1046414202559N00045184EA0159201722
B1046424202559N00045179EA0159301723
B1046434202559N00045176EA0159501725
B1046444202560N00045171EA0159701726
B1046454202560N00045167EA0159901728
B1046464202562N00045162EA0160101729
B1046474202563N00045158EA0160001731
B1046484202564N00045154EA0160301732
B1046494202566N00045150EA0160401733
B1046504202568N00045146EA0160501735
B1046514202569N00045142EA0160501736
B1046524202568N00045139EA0160601736
B1046534202566N00045136EA0160701737
B1046544202564N00045134EA0160701738
B1046554202560N00045133EA0161001739
B1046564202556N00045134EA0161001740
B1046574202553N00045136EA0161201741
B1046584202550N00045139EA0161201741
B1046594202546N00045142EA0161201741
B1047004202542N00045147EA0161001741
B1047014202539N00045152EA0161201742
B1047024202536N00045158EA0161401743
B1047034202534N00045164EA0161501744
B1047044202532N00045171EA0161401744
B1047054202531N00045177EA0161401744
B1047064202530N00045185EA0161401744
B1047074202530N00045193EA0161601744
B1047084202532N00045202EA0161401745
B1047094202535N00045210EA0161501745
B1047104202540N00045215EA0161601745
B1047114202545N00045219EA0161701746
B1047124202551N00045221EA0161601746
B1047134202556N00045221EA0161601746
B1047144202561N00045219EA0161701746
B1047154202565N00045217EA0161801747
B1047164202569N00045213EA0161901748
B1047174202571N00045210EA0162001750
B1047184202573N00045206EA0162101751
B1047194202574N00045202EA0162301752
B1047204202575N00045199EA0162301753
B1047214202574N00045196EA0162201752
B1047224202571N00045193EA0162101751
B1047234202567N00045191EA0162001751
B1047244202563N00045190EA0162101751
B1047254202558N00045190EA0162001751
B1047264202555N00045193EA0161901750
B1047274202552N00045197EA0161801748
B1047284202548N00045202EA0161601747
B1047294202545N00045206EA0161601746
B1047304202541N00045211EA0161601746
B1047314202538N00045216EA0161601745
B1047324202536N00045221EA0161501745
B1047334202534N00045226EA0161701745
B1047344202531N00045232EA0161701746
B1047354202527N00045238EA0161801747
B1047364202523N00045243EA0162101751
B1047374202520N00045248EA0162501754
B1047384202518N00045253EA0162701757
B1047394202517N00045260EA0162701757
B1047404202518N00045268EA0162501756
B1047414202521N00045276EA0162401756
B1047424202526N00045283EA0162501756
B1047434202532N00045286EA0162601756
B1047444202537N00045286EA0162501756
B1047454202541N00045282EA0162701757
B1047464202542N00045278EA0162701757
B1047474202543N00045274EA0162701758
B1047484202541N00045270EA0162901759
B1047494202539N00045267EA0163101761
B1047504202536N00045265EA0163201762
B1047514202532N00045264EA0163401764
B1047524202528N00045266EA0163601766
B1047534202524N00045271EA0163701766
B1047544202522N00045278EA0163801767
B1047554202523N00045287EA0163801768
B1047564202526N00045295EA0163801768
B1047574202531N00045301EA0163901768
B1047584202538N00045305EA0163801769
B1047594202544N00045305EA0164101771
B1048004202547N00045302EA0164301773
B1048014202549N00045298EA0164501774
B1048024202549N00045294EA0164501775
B1048034202548N00045290EA0164601777
B1048044202545N00045287EA0164601778
B1048054202542N00045287EA0164701778
B1048064202539N00045287EA0164801778
B1048074202536N00045288EA0164801778
B1048084202533N00045290EA0164801778
B1048094202529N00045292EA0164801779
B1048104202525N00045294EA0165001781
B1048114202521N00045297EA0165201783
B1048124202519N00045301EA0165201784
B1048134202517N00045308EA0164901782
B1048144202515N00045315EA0164701780
B1048154202513N00045322EA0164801779
B1048164202510N00045328EA0164601779
B1048174202507N00045333EA0164601778
B1048184202505N00045339EA0164501777
B1048194202502N00045345EA0164301776
B1048204202500N00045352EA0164401775
B1048214202497N00045357EA0164301774
B1048224202494N00045362EA0164201773
B1048234202490N00045367EA0164001773
B1048244202487N00045371EA0163901772
B1048254202483N00045375EA0163901770
B1048264202479N00045380EA0163701769
B1048274202475N00045385EA0163701769
B1048284202471N00045389EA0163901770
B1048294202468N00045393EA0163801770
B1048304202465N00045396EA0163501769
B1048314202462N00045401EA0163401766
B1048324202458N00045406EA0163201764
B1048334202453N00045412EA0163201763
B1048344202449N00045417EA0163201763
B1048354202445N00045422EA0163101762
B1048364202441N00045428EA0163001762
B1048374202438N00045433EA0163101762
B1048384202435N00045438EA0163201762
B1048394202432N00045443EA0162901760
B1048404202430N00045450EA0162401757
B1048414202427N00045457EA0162101753
B1048424202422N00045465EA0162001751
B1048434202418N00045471EA0162101751
B1048444202415N00045477EA0162101751
B1048454202413N00045484EA0162001750
B1048464202410N00045491EA0161601747
B1048474202407N00045499EA0161601745
B1048484202403N00045506EA0161401744
B1048494202399N00045513EA0161301743
B1048504202395N00045519EA0161301743
B1048514202392N00045524EA0161201742
B1048524202390N00045530EA0160801739
B1048534202387N00045536EA0160701736
B1048544202383N00045543EA0160501734
B1048554202380N00045550EA0160301732
B1048564202377N00045556EA0160301732
B1048574202373N00045562EA0160301732
B1048584202370N00045568EA0160301732
B1048594202367N00045574EA0160301730
B1049004202364N00045580EA0159901729
B1049014202361N00045587EA0159801727
B1049024202358N00045595EA0159801726
B1049034202356N00045602EA0159801726
B1049044202354N00045609EA0159801725
B1049054202351N00045615EA0159601724
B1049064202349N00045621EA0159501723
B1049074202347N00045628EA0159301720
B1049084202344N00045636EA0159201719
B1049094202342N00045643EA0159001718
B1049104202339N00045650EA0159001718
B1049114202336N00045657EA0159001717
B1049124202334N00045664EA0158901717
B1049134202332N00045671EA0158901716
B1049144202329N00045677EA0158701715
B1049154202327N00045684EA0158701714
B1049164202325N00045691EA0158401712
B1049174202322N00045698EA0158101709
B1049184202321N00045707EA0157901707
B1049194202321N00045716EA0157901706
B1049204202321N00045724EA0157901705
B1049214202321N00045732EA0157701704
B1049224202322N00045740EA0157701703
B1049234202322N00045749EA0157301701
B1049244202323N00045757EA0157201699
B1049254202325N00045766EA0157101698
B1049264202327N00045774EA0157001697
B1049274202327N00045782EA0157101698
B1049284202328N00045790EA0157101698
B1049294202327N00045797EA0156901697
B1049304202326N00045804EA0156701695
B1049314202326N00045812EA0156501692
B1049324202326N00045820EA0156401690
B1049334202326N00045828EA0156201688
B1049344202327N00045836EA0156301688
B1049354202328N00045844EA0156401689
B1049364202328N00045851EA0156601690
B1049374202329N00045858EA0156401690
B1049384202330N00045867EA0156401690
B1049394202331N00045875EA0156701691
B1049404202332N00045884EA0156901693
B1049414202332N00045891EA0157001695
B1049424202332N00045897EA0157001695
B1049434202331N00045903EA0156801694
B1049444202330N00045910EA0156601692
B1049454202329N00045919EA0156701692
B1049464202329N00045927EA0156901694
B1049474202328N00045934EA0157201697
B1049484202328N00045940EA0157201697
B1049494202327N00045945EA0156901695
B1049504202327N00045952EA0156501692
B1049514202325N00045960EA0156301689
B1049524202323N00045968EA0156301688
B1049534202321N00045974EA0156401689
B1049544202321N00045980EA0156501689
B1049554202321N00045986EA0156201688
B1049564202321N00045992EA0155901685
B1049574202319N00045999EA0155501682
B1049584202315N00046005EA0155201678
B1049594202310N00046008EA0154801674
B1050004202304N00046007EA0154601671
B1050014202299N00046003EA0154801672
B1050024202297N00046000EA0155001674
B1050034202296N00045997EA0154901674
B1050044202295N00045996EA0154801672
B1050054202294N00045993EA0154401669
B1050064202293N00045989EA0154001665
B1050074202293N00045984EA0153901663
B1050084202294N00045980EA0153901663
B1050094202295N00045976EA0154001663
B1050104202296N00045973EA0153901662
B1050114202297N00045970EA0153701660
B1050124202298N00045966EA0153401658
B1050134202299N00045961EA0153301657
B1050144202301N00045956EA0153301656
B1050154202302N00045952EA0153401656
B1050164202304N00045949EA0153201656
B1050174202306N00045946EA0153101655
B1050184202308N00045942EA0153001653
B1050194202310N00045938EA0152901652
B1050204202312N00045933EA0152801652
B1050214202314N00045930EA0152901652
B1050224202316N00045926EA0153001652
B1050234202317N00045922EA0152901652
B1050244202319N00045917EA0153001652
B1050254202320N00045913EA0153001653
B1050264202322N00045908EA0153101654
B1050274202324N00045904EA0153401656
B1050284202325N00045900EA0153601658
B1050294202326N00045897EA0153801660
B1050304202326N00045893EA0154001663
B1050314202327N00045890EA0154101664
B1050324202328N00045886EA0154101665
B1050334202328N00045883EA0154101665
B1050344202328N00045880EA0153901664
B1050354202329N00045878EA0153701662
B1050364202330N00045874EA0153601660
B1050374202333N00045871EA0153401659
B1050384202335N00045867EA0153501658
B1050394202337N00045864EA0153601659
B1050404202338N00045861EA0153501658
B1050414202340N00045858EA0153401658
B1050424202342N00045856EA0153201657
B1050434202344N00045852EA0153101655
B1050444202345N00045849EA0153001654
B1050454202347N00045845EA0153001654
B1050464202349N00045841EA0152901654
B1050474202350N00045836EA0153101654
B1050484202351N00045832EA0153001654
B1050494202352N00045828EA0153301656
B1050504202352N00045823EA0153401657
B1050514202353N00045819EA0153401658
B1050524202354N00045815EA0153501659
B1050534202356N00045811EA0153501659
B1050544202357N00045806EA0153601660
B1050554202356N00045801EA0153401659
B1050564202352N00045798EA0153501659
B1050574202348N00045799EA0153601660
B1050584202344N00045803EA0153701661
B1050594202342N00045808EA0153901663
B1051004202340N00045814EA0153901663
B1051014202339N00045819EA0153701662
B1051024202338N00045826EA0153501660
B1051034202336N00045833EA0153401659
B1051044202335N00045840EA0153401658
B1051054202333N00045847EA0153301657
B1051064202331N00045854EA0153201656
B1051074202329N00045861EA0153001655
B1051084202327N00045867EA0152801653
B1051094202325N00045874EA0152701651
B1051104202322N00045881EA0152501649
B1051114202319N00045888EA0152301647
B1051124202317N00045895EA0152301646
B1051134202315N00045901EA0152201646
B1051144202313N00045907EA0152101645
B1051154202310N00045913EA0152001643
B1051164202306N00045919EA0151801641
B1051174202302N00045925EA0151801641
B1051184202297N00045929EA0151801641
B1051194202293N00045933EA0152001642
B1051204202290N00045936EA0151801641
B1051214202286N00045938EA0151601639
B1051224202281N00045942EA0151401638
B1051234202276N00045946EA0151201637
B1051244202271N00045950EA0151101635
B1051254202266N00045953EA0151001633
B1051264202261N00045955EA0150801630
B1051274202256N00045957EA0150501628
B1051284202251N00045958EA0150201626
B1051294202246N00045958EA0150201624
B1051304202242N00045956EA0150201624
B1051314202238N00045955EA0150401624
B1051324202235N00045955EA0150201623
B1051334202231N00045954EA0150001622
B1051344202227N00045953EA0150101622
B1051354202223N00045952EA0150201623
B1051364202219N00045951EA0150401624
B1051374202216N00045951EA0150401625
B1051384202213N00045950EA0150501626
B1051394202211N00045949EA0150301625
B1051404202208N00045947EA0150401625
B1051414202205N00045944EA0150501627
B1051424202203N00045942EA0150801628
B1051434202202N00045941EA0150901629
B1051444202200N00045939EA0150801630
B1051454202199N00045937EA0150901630
B1051464202197N00045936EA0151001631
B1051474202196N00045934EA0151101632
B1051484202195N00045932EA0151101633
B1051494202194N00045930EA0151201633
B1051504202193N00045928EA0151301633
B1051514202191N00045925EA0151201634
B1051524202190N00045922EA0151201634
B1051534202189N00045920EA0151201634
B1051544202188N00045917EA0151401635
B1051554202186N00045915EA0151401635
B1051564202183N00045914EA0151301635
B1051574202178N00045915EA0151401636
B1051584202174N00045921EA0151301635
B1051594202170N00045930EA0151401635
B1052004202170N00045941EA0151301635
B1052014202174N00045950EA0151401635
B1052024202179N00045955EA0151501636
B1052034202184N00045956EA0151501637
B1052044202188N00045955EA0151601638
B1052054202190N00045953EA0151801639
B1052064202191N00045951EA0151801640
B1052074202191N00045948EA0151901641
B1052084202190N00045946EA0151901641
B1052094202188N00045944EA0151901641
B1052104202185N00045943EA0151901642
B1052114202180N00045945EA0151901642
B1052124202175N00045950EA0152001642
B1052134202172N00045957EA0152201643
B1052144202171N00045967EA0152101644
B1052154202172N00045976EA0152001643
B1052164202175N00045983EA0152001642
B1052174202180N00045988EA0151601641
B1052184202186N00045989EA0151901640
B1052194202190N00045988EA0151901641
B1052204202194N00045986EA0152101642
B1052214202196N00045984EA0152101644
B1052224202197N00045982EA0152201644
B1052234202198N00045979EA0152101644
B1052244202199N00045976EA0152101644
B1052254202198N00045973EA0152201644
B1052264202197N00045970EA0152401645
B1052274202195N00045968EA0152401646
B1052284202194N00045966EA0152501647
B1052294202194N00045965EA0152401647
B1052304202193N00045963EA0152301646
B1052314202192N00045960EA0152001644
B1052324202190N00045957EA0152101643
B1052334202189N00045954EA0152001643
B1052344202187N00045951EA0152101643
B1052354202186N00045948EA0152101643
B1052364202185N00045945EA0152101643
B1052374202184N00045942EA0152101643
B1052384202183N00045939EA0152001643
B1052394202183N00045936EA0151901642
B1052404202183N00045933EA0151801641
B1052414202183N00045929EA0151701639
B1052424202182N00045926EA0151401637
B1052434202180N00045923EA0150901633
B1052444202178N00045919EA0150401628
B1052454202176N00045914EA0150201626
B1052464202173N00045909EA0150201624
B1052474202171N00045904EA0150101623
B1052484202169N00045900EA0150001622
B1052494202166N00045897EA0149901621
B1052504202164N00045892EA0149801620
B1052514202162N00045888EA0149701619
B1052524202160N00045884EA0149501616
B1052534202157N00045880EA0149101614
B1052544202154N00045876EA0148901611
B1052554202151N00045872EA0148601609
B1052564202148N00045868EA0148501607
B1052574202145N00045864EA0148301606
B1052584202143N00045860EA0148201604
B1052594202140N00045857EA0147901601
B1053004202136N00045853EA0147801600
B1053014202133N00045849EA0147801599
B1053024202129N00045846EA0147701598
B1053034202126N00045842EA0147501597
B1053044202123N00045839EA0147401596
B1053054202120N00045836EA0147401594
B1053064202117N00045832EA0147201593
B1053074202114N00045827EA0147201592
B1053084202112N00045823EA0147101591
B1053094202109N00045819EA0147001591
B1053104202107N00045815EA0147001590
B1053114202104N00045811EA0146901589
B1053124202102N00045807EA0146701588
B1053134202098N00045804EA0146801588
B1053144202095N00045801EA0146901589
B1053154202092N00045798EA0147001589
B1053164202090N00045796EA0147101590
B1053174202087N00045793EA0147201591
B1053184202085N00045790EA0147201591
B1053194202083N00045786EA0147401593
B1053204202083N00045783EA0147401594
B1053214202083N00045779EA0147601595
B1053224202083N00045775EA0147601596
B1053234202083N00045771EA0147701597
B1053244202082N00045767EA0147801597
B1053254202082N00045763EA0147701598
B1053264202082N00045759EA0148101599
B1053274202083N00045755EA0148101601
B1053284202083N00045752EA0148201602
B1053294202083N00045749EA0148201602
B1053304202083N00045745EA0148101602
B1053314202082N00045740EA0148201602
B1053324202080N00045735EA0148301603
B1053334202076N00045734EA0148301603
B1053344202071N00045736EA0148201603
B1053354202067N00045741EA0148201603
B1053364202066N00045749EA0148201603
B1053374202066N00045757EA0148401603
B1053384202070N00045763EA0148401603
B1053394202074N00045767EA0148301603
B1053404202080N00045769EA0148601605
B1053414202084N00045767EA0148801608
B1053424202087N00045765EA0149001610
B1053434202089N00045762EA0149001610
B1053444202089N00045758EA0148901610
B1053454202088N00045754EA0148901610
B1053464202086N00045750EA0148901609
B1053474202083N00045747EA0148901609
B1053484202079N00045746EA0148901609
B1053494202074N00045746EA0148901609
B1053504202069N00045749EA0149001610
B1053514202066N00045753EA0149001611
B1053524202063N00045758EA0149101611
B1053534202062N00045764EA0149001611
B1053544202061N00045771EA0149001611
B1053554202062N00045778EA0148901610
B1053564202064N00045784EA0148901609
B1053574202068N00045790EA0148801609
B1053584202072N00045793EA0148801609
B1053594202077N00045795EA0148801609
B1054004202081N00045794EA0149101611
B1054014202084N00045792EA0149401614
B1054024202086N00045790EA0149501616
B1054034202087N00045788EA0149501616
B1054044202088N00045785EA0149401615
B1054054202088N00045782EA0149201614
B1054064202088N00045778EA0149101612
B1054074202087N00045774EA0149001611
B1054084202085N00045770EA0149001610
B1054094202083N00045766EA0148901610
B1054104202081N00045764EA0148801609
B1054114202077N00045762EA0148701608
B1054124202072N00045762EA0148501606
B1054134202067N00045764EA0148401605
B1054144202062N00045767EA0148501604
B1054154202058N00045772EA0148201603
B1054164202054N00045777EA0148101602
B1054174202051N00045784EA0148101601
B1054184202050N00045791EA0148001601
B1054194202049N00045798EA0148001600
B1054204202051N00045806EA0147801598
B1054214202054N00045813EA0147801597
B1054224202058N00045819EA0147701596
B1054234202063N00045823EA0147701597
B1054244202068N00045825EA0147801598
B1054254202072N00045825EA0148001599
B1054264202075N00045823EA0148001599
B1054274202078N00045820EA0147901598
B1054284202080N00045816EA0147901598
B1054294202080N00045811EA0147801598
B1054304202080N00045807EA0147701597
B1054314202079N00045802EA0147701597
B1054324202077N00045798EA0147701596
B1054334202074N00045795EA0147601596
B1054344202072N00045792EA0147601595
B1054354202070N00045789EA0147501595
B1054364202068N00045786EA0147501594
B1054374202066N00045782EA0147401593
B1054384202064N00045779EA0147201592
B1054394202062N00045774EA0147201591
B1054404202061N00045770EA0147201591
B1054414202060N00045765EA0147201591
B1054424202058N00045761EA0147101590
B1054434202056N00045756EA0146901589
B1054444202053N00045752EA0146901588
B1054454202050N00045748EA0146701587
B1054464202047N00045744EA0146601586
B1054474202044N00045739EA0146501584
B1054484202041N00045735EA0146301582
B1054494202038N00045731EA0146201581
B1054504202034N00045728EA0146101580
B1054514202032N00045724EA0146101580
B1054524202031N00045720EA0146101579
B1054534202030N00045717EA0146101580
B1054544202028N00045714EA0146001579
B1054554202026N00045712EA0146001580
B1054564202023N00045710EA0146201580
B1054574202019N00045709EA0146301581
B1054584202015N00045710EA0146301582
B1054594202012N00045713EA0146201581
B1055004202009N00045718EA0146001580
B1055014202009N00045725EA0145901579
B1055024202010N00045732EA0145901578
B1055034202012N00045737EA0146001578
B1055044202015N00045741EA0145801577
B1055054202019N00045744EA0145701576
B1055064202022N00045747EA0145501575
B1055074202026N00045747EA0145201573
B1055084202030N00045744EA0145001571
B1055094202032N00045738EA0145101570
B1055104202033N00045732EA0145201572
B1055114202032N00045728EA0145601574
B1055124202030N00045725EA0145801576
B1055134202027N00045725EA0145801576
B1055144202024N00045725EA0145601575
B1055154202021N00045725EA0145501574
B1055164202017N00045724EA0145301572
B1055174202014N00045724EA0145101570
B1055184202011N00045724EA0144801569
B1055194202008N00045722EA0144801566
B1055204202004N00045720EA0144401564
B1055214202000N00045718EA0144401562
B1055224201997N00045717EA0144201561
B1055234201993N00045717EA0144201560
B1055244201990N00045717EA0143801558
B1055254201986N00045717EA0143701555
B1055264201982N00045717EA0143401552
B1055274201977N00045718EA0143101549
B1055284201972N00045719EA0142801547
B1055294201967N00045719EA0142801545
B1055304201962N00045720EA0142601544
B1055314201958N00045721EA0142501542
B1055324201953N00045721EA0142401540
B1055334201948N00045722EA0142201539
B1055344201943N00045723EA0142001537
B1055354201938N00045724EA0141901536
B1055364201933N00045724EA0141801535
B1055374201929N00045724EA0141601533
B1055384201924N00045725EA0141401530
B1055394201919N00045725EA0141201529
B1055404201913N00045726EA0141101528
B1055414201909N00045727EA0141201528
B1055424201905N00045729EA0141201527
B1055434201900N00045729EA0140901526
B1055444201896N00045730EA0140901524
B1055454201891N00045730EA0140601523
B1055464201886N00045729EA0140601521
B1055474201881N00045729EA0140401520
B1055484201876N00045730EA0140401519
B1055494201871N00045730EA0140501519
B1055504201866N00045731EA0140301519
B1055514201862N00045730EA0140301519
B1055524201858N00045729EA0140201518
B1055534201854N00045727EA0140101517
B1055544201850N00045725EA0140001516
B1055554201846N00045722EA0140001515
B1055564201843N00045719EA0140001515
B1055574201840N00045715EA0139901514
B1055584201836N00045713EA0139901513
B1055594201832N00045710EA0139801513
B1056004201829N00045707EA0139701512
B1056014201825N00045704EA0139601511
B1056024201821N00045702EA0139501510
B1056034201817N00045700EA0139501510
B1056044201813N00045698EA0139501509
B1056054201809N00045696EA0139401507
B1056064201805N00045694EA0139201507
B1056074201801N00045691EA0139101506
B1056084201797N00045689EA0139101505
B1056094201792N00045689EA0139001504
B1056104201787N00045688EA0139001504
B1056114201783N00045687EA0138901504
B1056124201778N00045687EA0138801503
B1056134201773N00045687EA0138801502
B1056144201768N00045688EA0138701500
B1056154201763N00045689EA0138601500
B1056164201758N00045691EA0138501499
B1056174201753N00045694EA0138401498
B1056184201748N00045696EA0138301497
B1056194201743N00045698EA0138201496
B1056204201737N00045701EA0138301496
B1056214201732N00045703EA0138201495
B1056224201727N00045706EA0138101495
B1056234201722N00045708EA0138001494
B1056244201718N00045710EA0137901493
B1056254201713N00045711EA0137901492
B1056264201708N00045713EA0137701491
B1056274201702N00045715EA0137601489
B1056284201697N00045717EA0137401488
B1056294201692N00045719EA0137401488
B1056304201687N00045720EA0137301487
B1056314201682N00045722EA0137201486
B1056324201677N00045724EA0137001484
B1056334201672N00045726EA0136901482
B1056344201667N00045728EA0136701481
B1056354201662N00045730EA0136701480
B1056364201657N00045732EA0136701480
B1056374201653N00045734EA0136501479
B1056384201648N00045736EA0136301477
B1056394201643N00045738EA0136001475
B1056404201638N00045740EA0136001474
B1056414201633N00045742EA0136001473
B1056424201628N00045744EA0135901472
B1056434201623N00045746EA0135701471
B1056444201619N00045747EA0135701470
B1056454201614N00045749EA0135501468
B1056464201610N00045751EA0135401467
B1056474201606N00045753EA0135201465
B1056484201601N00045755EA0135101463
B1056494201597N00045758EA0134701461
B1056504201592N00045760EA0134401459
B1056514201587N00045761EA0134301456
B1056524201582N00045762EA0134201454
B1056534201577N00045762EA0134101453
B1056544201573N00045762EA0134101452
B1056554201568N00045763EA0133801451
B1056564201564N00045764EA0133801450
B1056574201560N00045766EA0133701449
B1056584201555N00045767EA0133601447
B1056594201551N00045768EA0133301445
B1057004201547N00045769EA0133201444
B1057014201542N00045771EA0133201442
B1057024201538N00045773EA0133001441
B1057034201533N00045774EA0133001440
B1057044201529N00045776EA0132801439
B1057054201524N00045777EA0132601437
B1057064201520N00045779EA0132401436
B1057074201515N00045781EA0132301434
B1057084201511N00045782EA0132201433
B1057094201506N00045783EA0132001431
B1057104201502N00045784EA0131901430
B1057114201497N00045785EA0131701428
B1057124201492N00045786EA0131701427
B1057134201488N00045787EA0131501425
B1057144201483N00045789EA0131401424
B1057154201479N00045790EA0131201422
B1057164201474N00045791EA0131001420
B1057174201470N00045792EA0130901419
B1057184201465N00045794EA0130701417
B1057194201460N00045795EA0130501415
B1057204201455N00045796EA0130401413
B1057214201450N00045798EA0130201411
B1057224201446N00045799EA0130101410
B1057234201441N00045800EA0130101409
B1057244201437N00045801EA0129901408
B1057254201432N00045802EA0129701406
B1057264201428N00045803EA0129601404
B1057274201423N00045804EA0129401403
B1057284201418N00045805EA0129301402
B1057294201414N00045807EA0129301400
B1057304201409N00045808EA0129001399
B1057314201405N00045809EA0129001398
B1057324201400N00045810EA0128801397
B1057334201396N00045811EA0128901396
B1057344201391N00045811EA0128801395
B1057354201387N00045810EA0128701395
B1057364201383N00045810EA0128601394
B1057374201379N00045810EA0128501393
B1057384201374N00045811EA0128501392
B1057394201370N00045811EA0128401391
B1057404201366N00045811EA0128301391
B1057414201362N00045812EA0128301390
B1057424201357N00045812EA0128201390
B1057434201353N00045813EA0128201389
B1057444201348N00045813EA0128101388
B1057454201344N00045814EA0127901387
B1057464201340N00045814EA0128001387
B1057474201335N00045815EA0128001387
B1057484201331N00045815EA0127901386
B1057494201326N00045816EA0127801385
B1057504201322N00045816EA0127601385
B1057514201317N00045817EA0127701384
B1057524201313N00045817EA0127601383
B1057534201309N00045818EA0127501383
B1057544201304N00045818EA0127501382
B1057554201300N00045819EA0127501381
B1057564201295N00045820EA0127301380
B1057574201291N00045821EA0127401380
B1057584201287N00045822EA0127201378
B1057594201282N00045822EA0127001377
B1058004201278N00045823EA0126901376
B1058014201273N00045824EA0126901376
B1058024201269N00045825EA0126901375
B1058034201264N00045826EA0126801374
B1058044201260N00045826EA0126601373
B1058054201255N00045827EA0126601373
B1058064201251N00045828EA0126501372
B1058074201246N00045829EA0126501371
B1058084201242N00045830EA0126301370
B1058094201238N00045830EA0126201369
B1058104201234N00045830EA0126101368
B1058114201229N00045830EA0126201367
B1058124201225N00045831EA0126101367
B1058134201221N00045831EA0126001366
B1058144201216N00045832EA0125801365
B1058154201212N00045833EA0125801363
B1058164201208N00045833EA0125701362
B1058174201203N00045834EA0125501361
B1058184201199N00045833EA0125401360
B1058194201195N00045832EA0125301359
B1058204201191N00045831EA0125201358
B1058214201187N00045831EA0125201358
B1058224201183N00045831EA0125201357
B1058234201180N00045830EA0125101356
B1058244201176N00045830EA0124801355
B1058254201172N00045828EA0124701352
B1058264201168N00045827EA0124501351
B1058274201164N00045826EA0124401349
B1058284201161N00045824EA0124201348
B1058294201157N00045823EA0124101347
B1058304201154N00045821EA0124001345
B1058314201150N00045819EA0123801342
B1058324201146N00045817EA0123401340
B1058334201142N00045816EA0123301338
B1058344201138N00045815EA0123201337
B1058354201134N00045814EA0123101336
B1058364201131N00045813EA0123101335
B1058374201128N00045812EA0122801332
B1058384201124N00045811EA0122501330
B1058394201121N00045810EA0122201327
B1058404201117N00045809EA0122101325
B1058414201114N00045807EA0121901323
B1058424201111N00045806EA0121801321
B1058434201108N00045805EA0121501319
B1058444201104N00045804EA0121201316
B1058454201101N00045803EA0121001313
B1058464201098N00045801EA0120701311
B1058474201094N00045800EA0120601308
B1058484201091N00045798EA0120201306
B1058494201088N00045796EA0120201304
B1058504201085N00045794EA0119901301
B1058514201082N00045792EA0119501299
B1058524201078N00045790EA0119401296
B1058534201075N00045789EA0119201294
B1058544201071N00045788EA0119001291
B1058554201067N00045788EA0118701288
B1058564201063N00045787EA0118501286
B1058574201059N00045786EA0118301284
B1058584201055N00045785EA0118201282
B1058594201051N00045784EA0118001280
B1059004201047N00045783EA0117801279
B1059014201043N00045782EA0117601276
B1059024201040N00045781EA0117401274
B1059034201036N00045780EA0117201271
B1059044201032N00045778EA0116801269
B1059054201029N00045777EA0116601267
B1059064201025N00045776EA0116301264
B1059074201022N00045774EA0116001260
B1059084201017N00045773EA0115701257
B1059094201013N00045772EA0115401253
B1059104201008N00045771EA0115301252
B1059114201003N00045770EA0115001250
B1059124201000N00045768EA0115001249
B1059134200996N00045767EA0114701247
B1059144200991N00045766EA0114501245
B1059154200986N00045766EA0114401243
B1059164200981N00045766EA0114301242
B1059174200977N00045766EA0114201240
B1059184200974N00045765EA0113801237
B1059194200969N00045764EA0113501234
B1059204200964N00045764EA0113301231
B1059214200959N00045764EA0113001228
B1059224200954N00045763EA0112901227
B1059234200949N00045762EA0112901226
B1059244200944N00045760EA0112901225
B1059254200940N00045760EA0112801225
B1059264200935N00045759EA0112701224
B1059274200931N00045757EA0112601223
B1059284200927N00045755EA0112401221
B1059294200923N00045752EA0112201220
B1059304200919N00045749EA0112101219
B1059314200915N00045746EA0112201219
B1059324200911N00045744EA0112301220
B1059334200908N00045742EA0112401220
B1059344200904N00045740EA0112301219
B1059354200901N00045738EA0112101217
B1059364200896N00045737EA0111801215
B1059374200892N00045735EA0111801214
B1059384200887N00045734EA0111801214
B1059394200883N00045732EA0112001216
B1059404200879N00045730EA0111901216
B1059414200876N00045728EA0111801214
B1059424200873N00045725EA0111501212
B1059434200868N00045723EA0111301211
B1059444200864N00045721EA0111301210
B1059454200859N00045718EA0111201209
B1059464200855N00045717EA0111101207
B1059474200851N00045716EA0110801205
B1059484200846N00045714EA0110601203
B1059494200842N00045711EA0110501201
B1059504200837N00045709EA0110401200
B1059514200834N00045708EA0110401200
B1059524200831N00045706EA0110301199
B1059534200827N00045705EA0110201197
B1059544200824N00045703EA0109801195
B1059554200820N00045702EA0109701193
B1059564200816N00045702EA0109601191
B1059574200811N00045702EA0109401190
B1059584200807N00045702EA0109401189
B1059594200803N00045702EA0109201187
B1100004200799N00045703EA0108801184
B1100014200794N00045705EA0108501182
B1100024200790N00045706EA0108401179
B1100034200784N00045708EA0108101177
B1100044200780N00045709EA0107901175
B1100054200775N00045710EA0107701173
B1100064200770N00045712EA0107401171
B1100074200766N00045714EA0107301169
B1100084200761N00045715EA0107101167
B1100094200756N00045716EA0107001165
B1100104200751N00045717EA0107001164
B1100114200747N00045719EA0106901163
B1100124200743N00045721EA0106601162
B1100134200739N00045724EA0106501159
B1100144200734N00045727EA0106301158
B1100154200730N00045730EA0106201156
B1100164200726N00045733EA0106201155
B1100174200722N00045737EA0106001154
B1100184200719N00045740EA0105801153
B1100194200716N00045740EA0105601150
B1100204200713N00045737EA0105101146
B1100214200712N00045731EA0104701142
B1100224200713N00045725EA0104501140
B1100234200716N00045719EA0104701140
B1100244200718N00045714EA0104701141
B1100254200721N00045711EA0104601140
B1100264200724N00045708EA0104301138
B1100274200728N00045705EA0104001134
B1100284200732N00045701EA0103601131
B1100294200737N00045697EA0103501130
B1100304200742N00045693EA0103701130
B1100314200746N00045691EA0103601130
B1100324200750N00045688EA0103401128
B1100334200755N00045686EA0103301127
B1100344200760N00045683EA0103101125
B1100354200765N00045679EA0103201124
B1100364200770N00045676EA0103201124
B1100374200774N00045674EA0103101124
B1100384200779N00045671EA0103101123
B1100394200783N00045669EA0102801122
B1100404200788N00045666EA0102701121
B1100414200793N00045663EA0102601121
B1100424200798N00045661EA0102701120
B1100434200802N00045659EA0102501120
B1100444200807N00045657EA0102401118
B1100454200811N00045655EA0102101116
B1100464200816N00045653EA0102101115
B1100474200821N00045652EA0102101113
B1100484200826N00045650EA0102001113
B1100494200831N00045647EA0101801112
B1100504200835N00045645EA0101701111
B1100514200839N00045643EA0101701110
B1100524200844N00045640EA0101601110
B1100534200848N00045637EA0101701109
B1100544200852N00045635EA0101501108
B1100554200856N00045632EA0101301107
B1100564200861N00045630EA0101101105
B1100574200865N00045627EA0101001103
B1100584200870N00045624EA0100801103
B1100594200874N00045621EA0100901102
B1101004200878N00045618EA0100701101
B1101014200882N00045615EA0100701100
B1101024200886N00045612EA0100501098
B1101034200890N00045609EA0100401096
B1101044200895N00045606EA0100201095
B1101054200899N00045604EA0100201094
B1101064200904N00045601EA0100001093
B1101074200908N00045598EA0100001092
B1101084200913N00045596EA0099801091
B1101094200917N00045593EA0099801090
B1101104200922N00045592EA0099601088
B1101114200927N00045590EA0099501087
B1101124200932N00045588EA0099301085
B1101134200937N00045585EA0099201084
B1101144200941N00045583EA0099001083
B1101154200946N00045581EA0098901081
B1101164200951N00045579EA0098801080
B1101174200956N00045577EA0098601078
B1101184200961N00045574EA0098501077
B1101194200966N00045571EA0098501076
B1101204200971N00045569EA0098501076
B1101214200976N00045567EA0098401076
B1101224200980N00045566EA0098401075
B1101234200984N00045563EA0098001074
B1101244200988N00045560EA0098001072
B1101254200992N00045557EA0098001071
B1101264200997N00045555EA0097901071
B1101274201001N00045552EA0097801071
B1101284201005N00045550EA0097701070
B1101294201008N00045547EA0097801068
B1101304201012N00045544EA0097701067
B1101314201016N00045541EA0097501066
B1101324201020N00045538EA0097301065
B1101334201023N00045536EA0097401064
B1101344201027N00045533EA0097201063
B1101354201030N00045532EA0097101062
B1101364201034N00045530EA0097001061
B1101374201038N00045528EA0096801059
B1101384201042N00045526EA0096601058
B1101394201045N00045523EA0096601056
B1101404201049N00045521EA0096501056
B1101414201053N00045519EA0096501055
B1101424201056N00045517EA0096301054
B1101434201060N00045515EA0096201052
B1101444201063N00045514EA0096001050
B1101454201067N00045512EA0095701048
B1101464201072N00045510EA0095801047
B1101474201075N00045508EA0095701046
B1101484201079N00045506EA0095601046
B1101494201082N00045504EA0095301044
B1101504201085N00045502EA0095201042
B1101514201089N00045500EA0095201040
B1101524201093N00045498EA0094901038
B1101534201096N00045496EA0094801037
B1101544201099N00045495EA0094601035
B1101554201102N00045493EA0094201032
B1101564201106N00045491EA0093701029
B1101574201110N00045489EA0093601025
B1101584201113N00045486EA0093401023
B1101594201116N00045483EA0093301021
B1102004201118N00045481EA0092901018
B1102014201120N00045478EA0092401014
B1102024201123N00045476EA0092201010
B1102034201126N00045472EA0092001007
B1102044201129N00045468EA0091901006
B1102054201131N00045465EA0091701005
B1102064201134N00045462EA0091701004
B1102074201137N00045460EA0091701003
B1102084201140N00045457EA0091501002
B1102094201143N00045454EA0091301000
B1102104201146N00045451EA0091100998
B1102114201149N00045449EA0090900996
B1102124201152N00045446EA0090700994
B1102134201155N00045443EA0090500992
B1102144201158N00045440EA0090200988
B1102154201161N00045437EA0090000986
B1102164201164N00045434EA0090000985
B1102174201166N00045430EA0090200985
B1102184201168N00045428EA0090000985
B1102194201170N00045426EA0089900983
B1102204201173N00045424EA0089500980
B1102214201176N00045421EA0089100978
B1102224201180N00045416EA0089100976
B1102234201183N00045412EA0089100976
B1102244201185N00045410EA0089200975
B1102254201187N00045408EA0088800973
B1102264201189N00045407EA0088500969
B1102274201192N00045403EA0088000966
B1102284201194N00045399EA0087800963
B1102294201196N00045394EA0087800961
B1102304201197N00045390EA0087700959
B1102314201198N00045387EA0087400957
B1102324201200N00045383EA0087000954
B1102334201202N00045379EA0086600951
B1102344201204N00045374EA0086500948
B1102354201206N00045370EA0086400947
B1102364201208N00045366EA0086300946
B1102374201210N00045362EA0086100945
B1102384201213N00045358EA0086100944
B1102394201215N00045354EA0086000943
B1102404201218N00045350EA0086000942
B1102414201220N00045346EA0085900941
B1102424201222N00045341EA0085600940
B1102434201223N00045337EA0085500938
B1102444201225N00045333EA0085100935
B1102454201228N00045329EA0084900932
B1102464201231N00045324EA0084800929
B1102474201233N00045318EA0084600928
B1102484201235N00045312EA0084800929
B1102494201238N00045307EA0085100931
B1102504201240N00045303EA0085500934
B1102514201243N00045300EA0085500937
B1102524201246N00045297EA0085800939
B1102534201249N00045294EA0085900941
B1102544201251N00045291EA0086200943
B1102554201254N00045288EA0086400945
B1102564201256N00045284EA0086500947
B1102574201260N00045282EA0086800949
B1102584201264N00045280EA0086800950
B1102594201268N00045277EA0086900951
B1103004201271N00045273EA0087100953
B1103014201273N00045267EA0087300955
B1103024201272N00045262EA0087400957
B1103034201269N00045259EA0087600959
B1103044201264N00045258EA0087800961
B1103054201260N00045260EA0088000962
B1103064201256N00045266EA0088000963
B1103074201253N00045274EA0087900963
B1103084201253N00045284EA0088100964
B1103094201254N00045293EA0088300965
B1103104201258N00045300EA0088200966
B1103114201263N00045304EA0088400967
B1103124201269N00045305EA0088800970
B1103134201275N00045303EA0089000974
B1103144201278N00045301EA0089300977
B1103154201281N00045298EA0089400979
B1103164201283N00045295EA0089700980
B1103174201285N00045291EA0089800982
B1103184201286N00045287EA0089800984
B1103194201286N00045283EA0090100986
B1103204201284N00045280EA0090400988
B1103214201280N00045280EA0090400990
B1103224201275N00045284EA0090400990
B1103234201273N00045294EA0090500990
B1103244201275N00045304EA0090700992
B1103254201279N00045311EA0090900995
B1103264201285N00045314EA0091100997
B1103274201290N00045313EA0091400999
B1103284201294N00045310EA0091601001
B1103294201296N00045306EA0091701003
B1103304201298N00045302EA0092101006
B1103314201298N00045298EA0092201008
B1103324201298N00045293EA0092501010
B1103334201296N00045290EA0092601013
B1103344201293N00045289EA0092701014
B1103354201289N00045291EA0092701014
B1103364201284N00045297EA0092401012
B1103374201281N00045306EA0092401011
B1103384201281N00045317EA0092601011
B1103394201285N00045325EA0092801013
B1103404201290N00045330EA0093001016
B1103414201295N00045329EA0093201018
B1103424201299N00045326EA0093501021
B1103434201301N00045323EA0093901024
B1103444201302N00045319EA0094101027
B1103454201301N00045316EA0094301029
B1103464201299N00045313EA0094501031
B1103474201296N00045311EA0094501032
B1103484201291N00045312EA0094501032
B1103494201286N00045315EA0094501032
B1103504201282N00045322EA0094501032
B1103514201281N00045331EA0094401030
B1103524201282N00045340EA0094201029
B1103534201286N00045348EA0093901028
B1103544201293N00045351EA0094301029
B1103554201298N00045352EA0094801033
B1103564201302N00045352EA0095001038
B1103574201305N00045352EA0095301041
B1103584201308N00045352EA0095501042
B1103594201312N00045353EA0095301042
B1104004201316N00045352EA0095701044
B1104014201320N00045351EA0095801046
B1104024201323N00045348EA0096001049
B1104034201324N00045345EA0096201050
B1104044201324N00045342EA0096301052
B1104054201323N00045339EA0096201052
B1104064201320N00045337EA0096201051
B1104074201316N00045337EA0096101050
B1104084201311N00045339EA0096101050
B1104094201307N00045345EA0096201050
B1104104201304N00045352EA0096401051
B1104114201303N00045361EA0096501053
B1104124201305N00045369EA0096601056
B1104134201309N00045374EA0097001058
B1104144201313N00045378EA0097101059
B1104154201318N00045379EA0097201061
B1104164201322N00045379EA0097501064
B1104174201326N00045377EA0097801066
B1104184201329N00045375EA0097801068
B1104194201330N00045373EA0097901069
B1104204201330N00045370EA0097701068
B1104214201329N00045367EA0097601067
B1104224201327N00045364EA0097601066
B1104234201325N00045361EA0097601066
B1104244201321N00045361EA0097401065
B1104254201316N00045362EA0097401064
B1104264201312N00045366EA0097401064
B1104274201308N00045373EA0097401064
B1104284201307N00045382EA0097401064
B1104294201307N00045390EA0097401063
B1104304201309N00045398EA0097601064
B1104314201313N00045403EA0097701067
B1104324201318N00045406EA0098001069
B1104334201322N00045407EA0098101071
B1104344201327N00045407EA0098201072
B1104354201330N00045407EA0098301073
B1104364201333N00045407EA0098301073
B1104374201336N00045406EA0098001072
B1104384201339N00045403EA0098001071
B1104394201341N00045399EA0098201072
B1104404201342N00045396EA0098201072
B1104414201343N00045393EA0098201073
B1104424201342N00045390EA0098201073
B1104434201340N00045388EA0098101072
B1104444201336N00045387EA0098001072
B1104454201332N00045387EA0098001071
B1104464201327N00045390EA0097901070
B1104474201322N00045394EA0097901070
B1104484201319N00045400EA0097901068
B1104494201316N00045407EA0097601067
B1104504201315N00045416EA0097401065
B1104514201317N00045425EA0097401065
B1104524201321N00045432EA0097501064
B1104534201324N00045437EA0097601065
B1104544201328N00045442EA0097601066
B1104554201331N00045447EA0097601066
B1104564201335N00045451EA0097601066
B1104574201339N00045454EA0097501065
B1104584201344N00045455EA0097501065
B1104594201347N00045455EA0097501065
B1105004201350N00045454EA0097601065
B1105014201352N00045453EA0097501065
B1105024201354N00045451EA0097401065
B1105034201355N00045449EA0097501064
B1105044201357N00045446EA0097501064
B1105054201358N00045443EA0097601065
B1105064201359N00045440EA0097701066
B1105074201361N00045437EA0097801068
B1105084201362N00045434EA0097901069
B1105094201365N00045431EA0097901069
B1105104201367N00045428EA0098101071
B1105114201370N00045424EA0098501073
B1105124201373N00045421EA0098601076
B1105134201375N00045419EA0098801078
B1105144201378N00045416EA0098801079
B1105154201380N00045413EA0098901080
B1105164201382N00045409EA0099001080
B1105174201383N00045405EA0099301082
B1105184201381N00045401EA0099301083
B1105194201378N00045399EA0099101082
B1105204201372N00045401EA0098901081
B1105214201367N00045407EA0098901080
B1105224201363N00045415EA0099201081
B1105234201363N00045423EA0099301083
B1105244201364N00045430EA0099201083
B1105254201368N00045436EA0099401084
B1105264201373N00045441EA0099701086
B1105274201378N00045443EA0099901089
B1105284201382N00045442EA0100101091
B1105294201384N00045439EA0100101092
B1105304201386N00045435EA0100301093
B1105314201386N00045432EA0100301094
B1105324201384N00045430EA0100201093
B1105334201381N00045428EA0099901091
B1105344201377N00045427EA0099801089
B1105354201372N00045428EA0099701087
B1105364201367N00045433EA0099501086
B1105374201363N00045440EA0099601087
B1105384201361N00045447EA0099701087
B1105394201360N00045455EA0099701087
B1105404201362N00045462EA0099601086
B1105414201366N00045469EA0099601086
B1105424201371N00045473EA0099801087
B1105434201376N00045476EA0099901089
B1105444201380N00045478EA0100101091
B1105454201384N00045478EA0100201093
B1105464201387N00045478EA0100301094
B1105474201390N00045476EA0100401095
B1105484201392N00045475EA0100301094
B1105494201393N00045473EA0100201093
B1105504201394N00045470EA0099901092
B1105514201394N00045468EA0099901090
B1105524201392N00045464EA0099601087
B1105534201389N00045461EA0099301085
B1105544201385N00045460EA0099301083
B1105554201380N00045460EA0099201083
B1105564201375N00045464EA0099101082
B1105574201371N00045470EA0098901080
B1105584201370N00045479EA0098601077
B1105594201371N00045489EA0098301075
B1106004201374N00045497EA0098401074
B1106014201379N00045501EA0098301074
B1106024201383N00045503EA0098401074
B1106034201386N00045503EA0098501075
B1106044201388N00045503EA0098401074
B1106054201390N00045503EA0098101072
B1106064201392N00045500EA0097701069
B1106074201393N00045496EA0097701068
B1106084201394N00045493EA0097601066
B1106094201394N00045489EA0097401064
B1106104201395N00045486EA0097001061
B1106114201395N00045482EA0096501058
B1106124201396N00045477EA0096301054
B1106134201397N00045472EA0096201052
B1106144201397N00045467EA0096201053
B1106154201398N00045464EA0096401053
B1106164201399N00045462EA0096201052
B1106174201400N00045459EA0096001050
B1106184201401N00045455EA0095901048
B1106194201401N00045450EA0095901048
B1106204201401N00045446EA0096101049
B1106214201402N00045442EA0096301051
B1106224201403N00045439EA0096401053
B1106234201404N00045437EA0096501054
B1106244201405N00045434EA0096501054
B1106254201406N00045430EA0096301054
B1106264201407N00045425EA0096401054
B1106274201408N00045421EA0096601055
B1106284201410N00045417EA0096601055
B1106294201411N00045414EA0096601056
B1106304201413N00045411EA0096701056
B1106314201414N00045407EA0096501055
B1106324201415N00045403EA0096601055
B1106334201415N00045399EA0096601055
B1106344201416N00045395EA0096501055
B1106354201417N00045391EA0096501055
B1106364201418N00045386EA0096601055
B1106374201418N00045382EA0096701057
B1106384201419N00045379EA0096901058
B1106394201420N00045376EA0097001059
B1106404201422N00045373EA0096901058
B1106414201424N00045370EA0096801058
B1106424201424N00045366EA0096601057
B1106434201423N00045362EA0096501056
B1106444201423N00045357EA0096401055
B1106454201423N00045352EA0096501055
B1106464201424N00045349EA0096601055
B1106474201424N00045346EA0096601055
B1106484201424N00045342EA0096401054
B1106494201424N00045338EA0096301053
B1106504201423N00045334EA0096201051
B1106514201423N00045330EA0096101050
B1106524201423N00045326EA0095901049
B1106534201424N00045323EA0095801047
B1106544201425N00045320EA0095501045
B1106554201426N00045316EA0095201042
B1106564201427N00045312EA0095101040
B1106574201428N00045308EA0094801036
B1106584201429N00045304EA0094201032
B1106594201430N00045299EA0093901029
B1107004201430N00045294EA0093601025
B1107014201430N00045289EA0093501023
B1107024201431N00045285EA0093301021
B1107034201432N00045281EA0093001019
B1107044201434N00045278EA0092901017
B1107054201435N00045274EA0092701015
B1107064201436N00045271EA0092501012
B1107074201437N00045266EA0092401010
B1107084201438N00045261EA0092301009
B1107094201439N00045256EA0092201009
B1107104201440N00045252EA0092101009
B1107114201442N00045248EA0092201009
B1107124201443N00045245EA0092101008
B1107134201445N00045242EA0091901006
B1107144201446N00045239EA0091701003
B1107154201447N00045234EA0091501001
B1107164201447N00045229EA0091200999
B1107174201448N00045224EA0091200998
B1107184201449N00045219EA0091100998
B1107194201450N00045214EA0091200997
B1107204201451N00045210EA0091200997
B1107214201452N00045206EA0091100997
B1107224201453N00045202EA0091100996
B1107234201453N00045197EA0091100996
B1107244201454N00045193EA0091000995
B1107254201456N00045188EA0090900994
B1107264201457N00045184EA0091000995
B1107274201457N00045179EA0091100995
B1107284201458N00045175EA0090900995
B1107294201459N00045171EA0091000995
B1107304201460N00045167EA0090900993
B1107314201461N00045162EA0090700992
B1107324201462N00045157EA0090700992
B1107334201464N00045153EA0090800993
B1107344201466N00045149EA0090900993
B1107354201468N00045146EA0090900993
B1107364201469N00045142EA0090800993
B1107374201471N00045138EA0090800993
B1107384201473N00045134EA0090800993
B1107394201475N00045130EA0090700993
B1107404201477N00045127EA0090600992
B1107414201479N00045124EA0090500990
B1107424201480N00045121EA0090200987
B1107434201481N00045116EA0090000985
B1107444201482N00045110EA0090100985
B1107454201482N00045104EA0090000985
B1107464201482N00045100EA0090200986
B1107474201482N00045097EA0090000985
B1107484201482N00045094EA0089600981
B1107494201481N00045088EA0089100978
B1107504201481N00045082EA0089000976
B1107514201481N00045076EA0089300977
B1107524201481N00045071EA0089400978
B1107534201481N00045067EA0089500979
B1107544201481N00045063EA0089300979
B1107554201481N00045059EA0089300977
B1107564201483N00045054EA0089000975
B1107574201486N00045049EA0089000974
B1107584201487N00045043EA0089100975
B1107594201487N00045038EA0089200976
B1108004201487N00045033EA0089400977
B1108014201487N00045029EA0089300977
B1108024201488N00045025EA0089300977
B1108034201490N00045021EA0089200977
B1108044201492N00045017EA0089300977
B1108054201493N00045014EA0089200977
B1108064201495N00045010EA0089300976
B1108074201496N00045007EA0089000975
B1108084201497N00045003EA0089000974
B1108094201499N00044999EA0088800973
B1108104201500N00044995EA0088800972
B1108114201502N00044991EA0088700972
B1108124201503N00044987EA0088700971
B1108134201503N00044983EA0088700971
B1108144201504N00044979EA0088800971
B1108154201505N00044975EA0088700971
B1108164201506N00044971EA0088500970
B1108174201508N00044966EA0088500970
B1108184201509N00044961EA0088600970
B1108194201511N00044957EA0088800972
B1108204201513N00044953EA0088900973
B1108214201515N00044950EA0088900973
B1108224201516N00044947EA0088800972
B1108234201516N00044943EA0088600970
B1108244201517N00044939EA0088400968
B1108254201518N00044934EA0088400968
B1108264201518N00044930EA0088200967
B1108274201520N00044926EA0088100966
B1108284201521N00044923EA0088100964
B1108294201522N00044919EA0087800962
B1108304201522N00044914EA0087600959
B1108314201522N00044909EA0087500958
B1108324201522N00044904EA0087400958
B1108334201522N00044900EA0087400957
B1108344201522N00044896EA0087200955
B1108354201522N00044892EA0086900953
B1108364201520N00044887EA0086700951
B1108374201516N00044884EA0086600950
B1108384201513N00044883EA0086600949
B1108394201509N00044884EA0086600949
B1108404201506N00044886EA0086600949
B1108414201503N00044889EA0086500948
B1108424201500N00044892EA0086400947
B1108434201496N00044896EA0086300946
B1108444201491N00044900EA0086600948
B1108454201487N00044904EA0086700950
B1108464201484N00044906EA0086800951
B1108474201480N00044906EA0086800951
B1108484201476N00044906EA0086500949
B1108494201473N00044904EA0086400948
B1108504201469N00044902EA0086300947
B1108514201465N00044900EA0086200945
B1108524201462N00044898EA0086100944
B1108534201457N00044896EA0085900942
B1108544201452N00044896EA0085600940
B1108554201447N00044897EA0085600938
B1108564201442N00044900EA0085500937
B1108574201439N00044904EA0085400936
B1108584201435N00044908EA0085100934
B1108594201432N00044912EA0084800932
B1109004201428N00044916EA0084600929
B1109014201425N00044919EA0084500926
B1109024201420N00044921EA0084200923
B1109034201415N00044919EA0083700919
B1109044201412N00044914EA0083300916
B1109054201411N00044907EA0083300914
B1109064201411N00044902EA0083300913
B1109074201412N00044898EA0083200912
B1109084201414N00044894EA0082900910
B1109094201415N00044890EA0082600907
B1109104201417N00044885EA0082200904
B1109114201419N00044879EA0082100902
B1109124201420N00044873EA0082100900
B1109134201420N00044868EA0081800898
B1109144201421N00044863EA0081600896
B1109154201421N00044857EA0081400894
B1109164201422N00044852EA0081200892
B1109174201423N00044846EA0081100890
B1109184201423N00044840EA0080900888
B1109194201423N00044835EA0080700886
B1109204201424N00044829EA0080600884
B1109214201425N00044822EA0080400882
B1109224201425N00044815EA0080200880
B1109234201426N00044808EA0080300881
B1109244201426N00044802EA0080500882
B1109254201427N00044796EA0080500883
B1109264201427N00044791EA0080500883
B1109274201428N00044786EA0080500883
B1109284201429N00044780EA0080600884
B1109294201431N00044775EA0080800885
B1109304201433N00044772EA0080900886
B1109314201435N00044768EA0080800886
B1109324201436N00044764EA0080600885
B1109334201436N00044759EA0080500884
B1109344201433N00044754EA0080400883
B1109354201429N00044751EA0080500883
B1109364201424N00044751EA0080500883
B1109374201421N00044754EA0080400882
B1109384201418N00044759EA0080500882
B1109394201418N00044766EA0080300882
B1109404201420N00044771EA0080400882
B1109414201423N00044776EA0080400882
B1109424201428N00044777EA0080600883
B1109434201432N00044777EA0080800885
B1109444201435N00044776EA0080700886
B1109454201438N00044774EA0080800885
B1109464201440N00044771EA0080600884
B1109474201443N00044766EA0080600883
B1109484201445N00044761EA0080500883
B1109494201445N00044755EA0080600884
B1109504201443N00044751EA0080500883
B1109514201438N00044749EA0080300882
B1109524201433N00044750EA0080400882
B1109534201429N00044753EA0080300882
B1109544201426N00044759EA0080300882
B1109554201425N00044765EA0080400882
B1109564201425N00044772EA0080400882
B1109574201426N00044778EA0080500883
B1109584201427N00044783EA0080600884
B1109594201429N00044787EA0080500883
B1110004201433N00044790EA0080400882
B1110014201437N00044792EA0080300882
B1110024201441N00044791EA0080300881
B1110034201444N00044788EA0080200880
B1110044201447N00044784EA0080100880
B1110054201448N00044779EA0080200880
B1110064201448N00044773EA0080100880
B1110074201447N00044768EA0080100880
B1110084201445N00044763EA0080200880
B1110094201443N00044759EA0080100879
B1110104201440N00044755EA0079700877
B1110114201437N00044750EA0079700875
B1110124201433N00044744EA0079600875
B1110134201429N00044738EA0080000877
B1110144201426N00044734EA0080300880
B1110154201425N00044729EA0080400882
B1110164201425N00044725EA0080400883
B1110174201426N00044720EA0080300882
B1110184201427N00044715EA0080400882
B1110194201430N00044711EA0080200882
B1110204201434N00044707EA0080300883
B1110214201436N00044702EA0080400883
B1110224201437N00044696EA0080400882
B1110234201435N00044691EA0080300882
B1110244201431N00044688EA0080200881
B1110254201426N00044689EA0080100880
B1110264201422N00044695EA0080100880
B1110274201421N00044703EA0080400882
B1110284201423N00044708EA0080500883
B1110294201426N00044711EA0080400883
B1110304201431N00044711EA0080400882
B1110314201435N00044707EA0080400882
B1110324201438N00044703EA0080500882
B1110334201439N00044698EA0080500883
B1110344201440N00044693EA0080400882
B1110354201440N00044689EA0080200880
B1110364201439N00044685EA0079800877
B1110374201437N00044679EA0079000871
B1110384201434N00044672EA0078900868
B1110394201429N00044666EA0079200869
B1110404201426N00044663EA0079400871
B1110414201424N00044660EA0079300872
B1110424201421N00044657EA0079000870
B1110434201418N00044653EA0078700868
B1110444201414N00044648EA0078800866
B1110454201409N00044644EA0078900867
B1110464201405N00044640EA0079200869
B1110474201402N00044636EA0079100870
B1110484201400N00044633EA0079000868
B1110494201398N00044628EA0078800866
B1110504201395N00044623EA0078600865
B1110514201392N00044618EA0078500863
B1110524201390N00044614EA0078400862
B1110534201388N00044608EA0078300861
B1110544201387N00044603EA0078100859
B1110554201386N00044598EA0078000857
B1110564201383N00044593EA0077600855
B1110574201379N00044588EA0077600854
B1110584201375N00044585EA0077700854
B1110594201371N00044583EA0077700855
B1111004201368N00044581EA0077700854
B1111014201365N00044579EA0077600853
B1111024201362N00044576EA0077300851
B1111034201360N00044572EA0077200850
B1111044201358N00044567EA0077300849
B1111054201357N00044563EA0077200849
B1111064201355N00044559EA0077200849
B1111074201353N00044556EA0077200848
B1111084201350N00044552EA0077100848
B1111094201348N00044549EA0077000847
B1111104201346N00044545EA0076900846
B1111114201343N00044541EA0076900846
B1111124201340N00044538EA0077000846
B1111134201336N00044537EA0077100847
B1111144201333N00044536EA0076900847
B1111154201330N00044535EA0076900846
B1111164201327N00044534EA0076900846
B1111174201324N00044532EA0076800845
B1111184201321N00044531EA0076800844
B1111194201318N00044530EA0077000845
B1111204201316N00044529EA0077000845
B1111214201314N00044527EA0076900845
B1111224201312N00044525EA0076800844
B1111234201310N00044523EA0076700843
B1111244201308N00044520EA0076700843
B1111254201306N00044518EA0076700844
B1111264201304N00044516EA0076700843
B1111274201302N00044515EA0076700843
B1111284201300N00044513EA0076700843
B1111294201297N00044512EA0076600842
B1111304201295N00044510EA0076400842
B1111314201293N00044508EA0076400841
B1111324201291N00044505EA0076400840
B1111334201289N00044503EA0076200839
B1111344201285N00044502EA0076200838
B1111354201281N00044503EA0076200837
B1111364201277N00044507EA0076000837
B1111374201274N00044513EA0076100837
B1111384201271N00044519EA0076100837
B1111394201269N00044526EA0076100837
B1111404201266N00044532EA0076100837
B1111414201264N00044538EA0076000836
B1111424201261N00044544EA0075900835
B1111434201259N00044550EA0075900835
B1111444201257N00044557EA0075900835
B1111454201256N00044563EA0075800835
B1111464201256N00044570EA0075700834
B1111474201255N00044577EA0075700833
B1111484201254N00044584EA0075500832
B1111494201251N00044590EA0075500830
B1111504201246N00044592EA0075100828
B1111514201242N00044590EA0074900825
B1111524201240N00044585EA0075000824
B1111534201241N00044581EA0075100825
B1111544201240N00044578EA0075100826
B1111554201240N00044576EA0075000825
B1111564201238N00044574EA0074700824
B1111574201237N00044570EA0074600822
B1111584201237N00044567EA0074600821
B1111594201237N00044563EA0074600821
B1112004201236N00044560EA0074500821
B1112014201234N00044559EA0074400820
B1112024201231N00044558EA0074400819
B1112034201228N00044558EA0074300819
B1112044201225N00044557EA0074200819
B1112054201223N00044556EA0074200818
B1112064201222N00044553EA0074100817
B1112074201221N00044550EA0073800815
B1112084201221N00044547EA0073700813
B1112094201220N00044544EA0073500811
B1112104201219N00044542EA0073300808
B1112114201216N00044540EA0073000805
B1112124201212N00044540EA0072600802
B1112134201208N00044543EA0072500799
B1112144201204N00044549EA0072400798
B1112154201201N00044554EA0072400798
B1112164201198N00044559EA0072400798
B1112174201195N00044563EA0072400798
B1112184201192N00044568EA0072200796
B1112194201191N00044575EA0072000794
B1112204201188N00044583EA0071700792
B1112214201185N00044589EA0071500790
B1112224201181N00044592EA0071400788
B1112234201177N00044591EA0071300786
B1112244201175N00044588EA0071300786
B1112254201172N00044587EA0071200786
B1112264201170N00044586EA0071100786
B1112274201167N00044585EA0071100785
B1112284201164N00044583EA0071200785
B1112294201163N00044580EA0071200786
B1112304201163N00044576EA0071200786
B1112314201164N00044574EA0071200787
B1112324201165N00044571EA0071200786
B1112334201165N00044567EA0071100785
B1112344201163N00044564EA0070900784
B1112354201158N00044564EA0070800782
B1112364201153N00044569EA0070900782
B1112374201149N00044575EA0070900783
B1112384201147N00044580EA0071100785
B1112394201144N00044584EA0071100784
B1112404201142N00044587EA0070900783
B1112414201139N00044591EA0070600780
B1112424201135N00044594EA0070300777
B1112434201130N00044596EA0070200775
B1112444201126N00044597EA0070000774
B1112454201122N00044599EA0070000773
B1112464201118N00044602EA0069800771
B1112474201113N00044606EA0069600769
B1112484201109N00044609EA0069500767
B1112494201104N00044610EA0069300766
B1112504201100N00044611EA0069100764
B1112514201095N00044612EA0069100763
B1112524201090N00044613EA0069000762
B1112534201086N00044615EA0068900761
B1112544201081N00044615EA0068800760
B1112554201076N00044615EA0068800760
B1112564201072N00044615EA0069000761
B1112574201069N00044616EA0069000761
B1112584201066N00044618EA0068700760
B1112594201063N00044618EA0068600758
B1113004201059N00044616EA0068400755
B1113014201056N00044614EA0068300754
B1113024201053N00044612EA0068300754
B1113034201050N00044611EA0068100753
B1113044201048N00044610EA0067900751
B1113054201046N00044607EA0067900749
B1113064201044N00044602EA0067700748
B1113074201042N00044598EA0067700748
B1113084201040N00044594EA0067600748
B1113094201039N00044591EA0067500747
B1113104201037N00044588EA0067300745
B1113114201036N00044584EA0067200743
B1113124201034N00044579EA0067100741
B1113134201033N00044575EA0067000740
B1113144201033N00044571EA0066900738
B1113154201033N00044567EA0066800737
B1113164201033N00044562EA0066600736
B1113174201033N00044559EA0066700735
B1113184201033N00044557EA0066500734
B1113194201033N00044555EA0066400733
B1113204201032N00044554EA0066500733
B1113214201032N00044553EA0066600733
B1113224201032N00044553EA0066500733
B1113234201032N00044553EA0066500733
B1113244201032N00044554EA0066500733
B1113254201031N00044554EA0066500733
B1113264201031N00044554EA0066500733
B1113274201031N00044554EA0066500733
B1113284201031N00044554EA0066500733
B1113294201031N00044554EA0066500733
B1113304201031N00044554EA0066500733
B1113314201031N00044554EA0066500733
B1113324201031N00044554EA0066600733
B1113334201031N00044554EA0066500732
B1113344201031N00044555EA0066500733
B1113354201031N00044555EA0066500732
GPSuy9Ll9oAhe1rgpQ6c2RA87IEnLfAAUADmGLzJXnkdZe0vAzBLsaCLxE75diyp47Yx+3Pu4vwH
GvYJBriY4GuD2VO9pTUorbqPpYl2UKfiW9m5TuF89abFR+YESaY+3YudPmsCgG/KBJgfMd7i5cXp
GlXRO838M6ebtOHEuy6R4o=
